
Lmod is automatically replacing "cce/18.0.1" with "amd/6.2.4".


Lmod is automatically replacing "PrgEnv-cray/8.6.0" with "PrgEnv-amd/8.6.0".


Due to MODULEPATH changes, the following have been reloaded:
  1) cray-libsci/24.11.0     2) cray-mpich/8.1.31     3) darshan-runtime/3.4.6-mpi


The following have been reloaded with a version change:
  1) amd/6.2.4 => amd/6.4.2
  2) cray-dsmml/0.3.0 => cray-dsmml/0.3.1
  3) cray-libsci/24.11.0 => cray-libsci/25.09.0
  4) cray-mpich/8.1.31 => cray-mpich/9.0.1
  5) cray-pmi/6.1.15 => cray-pmi/6.1.16
  6) craype/2.7.33 => craype/2.7.35
  7) darshan-runtime/3.4.6-mpi => darshan-runtime/3.4.7-mpi
  8) perftools-base/24.11.0 => perftools-base/25.09.0

Copper loaded: use 'launch_copper' and 'stop_copper'.
COPPER_ROOT: /sw/frontier/ums/ums046/copper
launch_copper points to: /sw/frontier/ums/ums046/copper/build/launch_copper.sh
This script should be sourced! When it is not, it prints out the resulting module set:

Currently Loaded Modules:
  1) craype-x86-trento               14) cpe/25.09
  2) craype-network-ofi              15) amd/6.4.2
  3) xpmem/2.11.3-1.3_gdbda01a1eb3d  16) cray-libsci/25.09.0
  4) Core/25.03                      17) cray-mpich/9.0.1
  5) tmux/3.4                        18) darshan-runtime/3.4.7-mpi (E4S)
  6) hsi/default                     19) rocm/6.4.2
  7) lfs-wrapper/0.0.1               20) libfabric/1.22.0
  8) DefApps                         21) craype-accel-amd-gfx90a
  9) PrgEnv-amd/8.6.0                22) miniforge3/23.11.0-0
 10) cray-dsmml/0.3.1                23) ums/default
 11) cray-pmi/6.1.16                 24) ums046/default
 12) craype/2.7.35                   25) copper/0.1
 13) perftools-base/25.09.0

  Where:
   E4S:  E4S: Extreme-scale Scientific Software Stack (E4S) https://e4s.io/index.html

 

+ '[' -z '' ']'
+ case "$-" in
+ __lmod_vx=x
+ '[' -n x ']'
+ set +x
Shell debugging temporarily silenced: export LMOD_SH_DBG_ON=1 for this output (/opt/cray/pe/lmod/lmod/init/bash)
Shell debugging restarted
+ unset __lmod_vx
+ echo 'Launching Copper Gracefully On All Nodes : Start'
Launching Copper Gracefully On All Nodes : Start
+ echo /sw/frontier/ums/ums046/copper
/sw/frontier/ums/ums046/copper
+ CUPATH=/sw/frontier/ums/ums046/copper/build/cu_fuse
+ CU_FUSE_MNT_VIEWDIR=/tmp/hagertnl/copper
+ facility_address_book=/sw/frontier/ums/ums046/copper/olcf_copper_addressbook.txt
+ log_level=6
+ log_dir=/ccs/home/hagertnl/copper-logs/4200817
+ log_type=file
+ trees=1
+ max_cacheable_byte_size=10485760
+ sleeptime=20
+ physcpubind=57-60
+ net_type=cxi://cxi1
+ getopts l:t:d:T:M:s:b:F:n: opt
+ case ${opt} in
+ sleeptime=30
+ getopts l:t:d:T:M:s:b:F:n: opt
+ case ${opt} in
+ log_dir=/lustre/orion/world-shared/stf243/hagertnl/CUG26/copper_run/osu/copper_logs/4200817
+ getopts l:t:d:T:M:s:b:F:n: opt
+ echo 'log_level                  : 6'
log_level                  : 6
+ echo 'log_type                   : file'
log_type                   : file
+ echo 'trees                      : 1'
trees                      : 1
+ echo 'max_cacheable_byte_size    : 10485760'
max_cacheable_byte_size    : 10485760
+ echo 'sleeptime                  : 30'
sleeptime                  : 30
+ echo 'CU_FUSE_MNT_VIEWDIR        : /tmp/hagertnl/copper'
CU_FUSE_MNT_VIEWDIR        : /tmp/hagertnl/copper
+ echo 'LOGDIR                     : /lustre/orion/world-shared/stf243/hagertnl/CUG26/copper_run/osu/copper_logs/4200817'
LOGDIR                     : /lustre/orion/world-shared/stf243/hagertnl/CUG26/copper_run/osu/copper_logs/4200817
+ echo 'SLURM_NODEFILE             : '
SLURM_NODEFILE             : 
+ echo 'physcpubind                : 57-60'
physcpubind                : 57-60
+ echo 'facility_address_book      : /sw/frontier/ums/ums046/copper/olcf_copper_addressbook.txt'
facility_address_book      : /sw/frontier/ums/ums046/copper/olcf_copper_addressbook.txt
+ echo 'net_type                   : cxi://cxi1'
net_type                   : cxi://cxi1
+ mkdir -p /lustre/orion/world-shared/stf243/hagertnl/CUG26/copper_run/osu/copper_logs/4200817
+ SLURM_NODEFILE=/lustre/orion/world-shared/stf243/hagertnl/CUG26/copper_run/osu/copper_logs/4200817/node_file.txt
+ scontrol show hostnames 'frontier[00080,00105,00237,00239,00366,00619,00621,00751,00889-00890,01531,01642,01780,02431-02432,02806,03258,03566,03687,03814,03941,04067,04196,04324,04478,04606,04736,04858,04986,05112,05241,05369,05494,05625,05704,05878,06003,06132,06215,06387,06515,06643,06771,06901,06990,07160,07283,07407,07482,07671,07743,07923,07998,08134,08299,08419,08505,08637,08767,08927,09067,09180,09309,09453]'
+ echo 'Ignore errors below this line related to copper fuse unmount or cleanup if any. '
Ignore errors below this line related to copper fuse unmount or cleanup if any. 
+ clush --hostfile /lustre/orion/world-shared/stf243/hagertnl/CUG26/copper_run/osu/copper_logs/4200817/node_file.txt 'fusermount3 -u /tmp/hagertnl/copper'
frontier00080: fusermount3: bad mount point /tmp/hagertnl/copper: No such file or directory
clush: frontier00080: exited with exit code 1
frontier00239: fusermount3: bad mount point /tmp/hagertnl/copper: No such file or directory
clush: frontier00239: exited with exit code 1
frontier07407: fusermount3: bad mount point /tmp/hagertnl/copper: No such file or directory
clush: frontier07407: exited with exit code 1
frontier09453: fusermount3: bad mount point /tmp/hagertnl/copper: No such file or directory
clush: frontier09453: exited with exit code 1
frontier04324: fusermount3: bad mount point /tmp/hagertnl/copper: No such file or directory
clush: frontier04324: exited with exit code 1
frontier00889: fusermount3: bad mount point /tmp/hagertnl/copper: No such file or directory
clush: frontier00889: exited with exit code 1
frontier00105: fusermount3: bad mount point /tmp/hagertnl/copper: No such file or directory
clush: frontier00105: exited with exit code 1
frontier00237: fusermount3: bad mount point /tmp/hagertnl/copper: No such file or directory
clush: frontier00237: exited with exit code 1
frontier04858: fusermount3: bad mount point /tmp/hagertnl/copper: No such file or directory
clush: frontier04858: exited with exit code 1
frontier07160: fusermount3: bad mount point /tmp/hagertnl/copper: No such file or directory
clush: frontier07160: exited with exit code 1
frontier00366: fusermount3: bad mount point /tmp/hagertnl/copper: No such file or directory
clush: frontier00366: exited with exit code 1
frontier07671: fusermount3: bad mount point /tmp/hagertnl/copper: No such file or directory
clush: frontier07671: exited with exit code 1
frontier04067: fusermount3: bad mount point /tmp/hagertnl/copper: No such file or directory
frontier00621: fusermount3: bad mount point /tmp/hagertnl/copper: No such file or directory
clush: frontier00621: exited with exit code 1
clush: frontier04067: exited with exit code 1
frontier06771: fusermount3: bad mount point /tmp/hagertnl/copper: No such file or directory
clush: frontier06771: exited with exit code 1
frontier04196: fusermount3: bad mount point /tmp/hagertnl/copper: No such file or directory
clush: frontier04196: exited with exit code 1
frontier00890: fusermount3: bad mount point /tmp/hagertnl/copper: No such file or directory
frontier07283: fusermount3: bad mount point /tmp/hagertnl/copper: No such file or directory
clush: frontier00890: exited with exit code 1
clush: frontier07283: exited with exit code 1
frontier04606: fusermount3: bad mount point /tmp/hagertnl/copper: No such file or directory
clush: frontier04606: exited with exit code 1
frontier05704: fusermount3: bad mount point /tmp/hagertnl/copper: No such file or directory
frontier00619: fusermount3: bad mount point /tmp/hagertnl/copper: No such file or directory
clush: frontier05704: exited with exit code 1
clush: frontier00619: exited with exit code 1
frontier04478: fusermount3: bad mount point /tmp/hagertnl/copper: No such file or directory
clush: frontier04478: exited with exit code 1
frontier00751: fusermount3: bad mount point /tmp/hagertnl/copper: No such file or directory
clush: frontier00751: exited with exit code 1
frontier04736: fusermount3: bad mount point /tmp/hagertnl/copper: No such file or directory
clush: frontier04736: exited with exit code 1
frontier05878: fusermount3: bad mount point /tmp/hagertnl/copper: No such file or directory
frontier08927: fusermount3: bad mount point /tmp/hagertnl/copper: No such file or directory
clush: frontier05878: exited with exit code 1
clush: frontier08927: exited with exit code 1
frontier05241: fusermount3: bad mount point /tmp/hagertnl/copper: No such file or directory
clush: frontier05241: exited with exit code 1
frontier06901: fusermount3: bad mount point /tmp/hagertnl/copper: No such file or directory
clush: frontier06901: exited with exit code 1
frontier03941: fusermount3: bad mount point /tmp/hagertnl/copper: No such file or directory
clush: frontier03941: exited with exit code 1
frontier06990: fusermount3: bad mount point /tmp/hagertnl/copper: No such file or directory
clush: frontier06990: exited with exit code 1
frontier06515: fusermount3: bad mount point /tmp/hagertnl/copper: No such file or directory
clush: frontier06515: exited with exit code 1
frontier06643: fusermount3: bad mount point /tmp/hagertnl/copper: No such file or directory
clush: frontier06643: exited with exit code 1
frontier09309: fusermount3: bad mount point /tmp/hagertnl/copper: No such file or directory
clush: frontier09309: exited with exit code 1
frontier07482: fusermount3: bad mount point /tmp/hagertnl/copper: No such file or directory
clush: frontier07482: exited with exit code 1
frontier01531: fusermount3: bad mount point /tmp/hagertnl/copper: No such file or directory
clush: frontier01531: exited with exit code 1
frontier07998: fusermount3: bad mount point /tmp/hagertnl/copper: No such file or directory
clush: frontier07998: exited with exit code 1
frontier07923: fusermount3: bad mount point /tmp/hagertnl/copper: No such file or directory
clush: frontier07923: exited with exit code 1
frontier07743: fusermount3: bad mount point /tmp/hagertnl/copper: No such file or directory
clush: frontier07743: exited with exit code 1
frontier05112: fusermount3: bad mount point /tmp/hagertnl/copper: No such file or directory
clush: frontier05112: exited with exit code 1
frontier04986: fusermount3: bad mount point /tmp/hagertnl/copper: No such file or directory
clush: frontier04986: exited with exit code 1
frontier05494: fusermount3: bad mount point /tmp/hagertnl/copper: No such file or directory
clush: frontier05494: exited with exit code 1
frontier08134: fusermount3: bad mount point /tmp/hagertnl/copper: No such file or directory
clush: frontier08134: exited with exit code 1
frontier08299: fusermount3: bad mount point /tmp/hagertnl/copper: No such file or directory
clush: frontier08299: exited with exit code 1
frontier02432: fusermount3: bad mount point /tmp/hagertnl/copper: No such file or directory
clush: frontier02432: exited with exit code 1
frontier08505: fusermount3: bad mount point /tmp/hagertnl/copper: No such file or directory
clush: frontier08505: exited with exit code 1
frontier08637: fusermount3: bad mount point /tmp/hagertnl/copper: No such file or directory
clush: frontier08637: exited with exit code 1
frontier08419: fusermount3: bad mount point /tmp/hagertnl/copper: No such file or directory
clush: frontier08419: exited with exit code 1
frontier05625: fusermount3: bad mount point /tmp/hagertnl/copper: No such file or directory
clush: frontier05625: exited with exit code 1
frontier06132: fusermount3: bad mount point /tmp/hagertnl/copper: No such file or directory
clush: frontier06132: exited with exit code 1
frontier09180: fusermount3: bad mount point /tmp/hagertnl/copper: No such file or directory
clush: frontier09180: exited with exit code 1
frontier02806: fusermount3: bad mount point /tmp/hagertnl/copper: No such file or directory
clush: frontier02806: exited with exit code 1
frontier03687: fusermount3: bad mount point /tmp/hagertnl/copper: No such file or directory
clush: frontier03687: exited with exit code 1
frontier06215: fusermount3: bad mount point /tmp/hagertnl/copper: No such file or directory
clush: frontier06215: exited with exit code 1
frontier06003: fusermount3: bad mount point /tmp/hagertnl/copper: No such file or directory
frontier06387: fusermount3: bad mount point /tmp/hagertnl/copper: No such file or directory
clush: frontier06003: exited with exit code 1
clush: frontier06387: exited with exit code 1
frontier08767: fusermount3: bad mount point /tmp/hagertnl/copper: No such file or directory
frontier01642: fusermount3: bad mount point /tmp/hagertnl/copper: No such file or directory
clush: frontier08767: exited with exit code 1
clush: frontier01642: exited with exit code 1
frontier03258: fusermount3: bad mount point /tmp/hagertnl/copper: No such file or directory
clush: frontier03258: exited with exit code 1
frontier05369: fusermount3: bad mount point /tmp/hagertnl/copper: No such file or directory
clush: frontier05369: exited with exit code 1
frontier09067: fusermount3: bad mount point /tmp/hagertnl/copper: No such file or directory
clush: frontier09067: exited with exit code 1
frontier01780: fusermount3: bad mount point /tmp/hagertnl/copper: No such file or directory
clush: frontier01780: exited with exit code 1
frontier02431: fusermount3: bad mount point /tmp/hagertnl/copper: No such file or directory
clush: frontier02431: exited with exit code 1
frontier03566: fusermount3: bad mount point /tmp/hagertnl/copper: No such file or directory
clush: frontier03566: exited with exit code 1
frontier03814: fusermount3: bad mount point /tmp/hagertnl/copper: No such file or directory
clush: frontier03814: exited with exit code 1
+ clush --hostfile /lustre/orion/world-shared/stf243/hagertnl/CUG26/copper_run/osu/copper_logs/4200817/node_file.txt 'rm -rf /tmp/hagertnl/copper'
+ clush --hostfile /lustre/orion/world-shared/stf243/hagertnl/CUG26/copper_run/osu/copper_logs/4200817/node_file.txt 'mkdir -p /tmp/hagertnl/copper'
+ echo 'Errors below this line are critical - report if any. '
Errors below this line are critical - report if any. 
+ options=' -f -tpath / -vpath /tmp/hagertnl/copper -log_level 6 -log_type file -log_output_dir /lustre/orion/world-shared/stf243/hagertnl/CUG26/copper_run/osu/copper_logs/4200817 -net_type cxi://cxi1 -trees 1 -nf /lustre/orion/world-shared/stf243/hagertnl/CUG26/copper_run/osu/copper_logs/4200817/node_file.txt -max_cacheable_byte_size 10485760  -facility_address_book /sw/frontier/ums/ums046/copper/olcf_copper_addressbook.txt -s /tmp/hagertnl/copper'
+ sleep 30s
+ srun -N 64 --ntasks-per-node=1 --cpus-per-task=2 --cpu-bind=threads --network=single_node_vni,job_vni /sw/frontier/ums/ums046/copper/build/cu_fuse -f -tpath / -vpath /tmp/hagertnl/copper -log_level 6 -log_type file -log_output_dir /lustre/orion/world-shared/stf243/hagertnl/CUG26/copper_run/osu/copper_logs/4200817 -net_type cxi://cxi1 -trees 1 -nf /lustre/orion/world-shared/stf243/hagertnl/CUG26/copper_run/osu/copper_logs/4200817/node_file.txt -max_cacheable_byte_size 10485760 -facility_address_book /sw/frontier/ums/ums046/copper/olcf_copper_addressbook.txt -s /tmp/hagertnl/copper
2026-03-12 21-00-59.435 [Debug] (cu_hello_main)  
2026-03-12 21-00-59.435 [Info] (cu_hello_main) hostname found to be: frontier00080
2026-03-12 21-00-59.436 [Debug] (process_args) -tpath was found: /
2026-03-12 21-00-59.436 [Debug] (process_args) -vpath was found: /tmp/hagertnl/copper
2026-03-12 21-00-59.436 [Debug] (process_args) -log_level was found: 6
2026-03-12 21-00-59.436 [Debug] (process_args) -log_type was found: file
2026-03-12 21-00-59.436 [Debug] (process_args) -log_output_dir was found: /lustre/orion/world-shared/stf243/hagertnl/CUG26/copper_run/osu/copper_logs/4200817
2026-03-12 21-00-59.436 [Debug] (process_args) -net_type was found: cxi://cxi1
2026-03-12 21-00-59.436 [Debug] (process_args) -trees was found: 1
2026-03-12 21-00-59.436 [Debug] (process_args) -nf was found: /lustre/orion/world-shared/stf243/hagertnl/CUG26/copper_run/osu/copper_logs/4200817/node_file.txt
2026-03-12 21-00-59.436 [Debug] (process_args) -max_cacheable_byte_size was found: 10485760
2026-03-12 21-00-59.436 [Debug] (process_args) -facility_address_book was found: /sw/frontier/ums/ums046/copper/olcf_copper_addressbook.txt
2026-03-12 21-00-59.436 [Info] (cu_hello_main) copper address located at path: /lustre/orion/world-shared/stf243/hagertnl/CUG26/copper_run/osu/copper_logs/4200817/copper_address_book.txt
2026-03-12 21-00-59.436 [Info] (cu_hello_main) facility address book filename path: /sw/frontier/ums/ums046/copper/olcf_copper_addressbook.txt
2026-03-12 21-00-59.436 [Info] (cu_hello_main) output filename path: /lustre/orion/world-shared/stf243/hagertnl/CUG26/copper_run/osu/copper_logs/4200817/frontier00080-3113799-output.log
2026-03-12 21-00-59.450 [Debug] (cu_hello_main)  
2026-03-12 21-00-59.450 [Info] (cu_hello_main) hostname found to be: frontier07482
2026-03-12 21-00-59.450 [Debug] (process_args) -tpath was found: /
2026-03-12 21-00-59.450 [Debug] (process_args) -vpath was found: /tmp/hagertnl/copper
2026-03-12 21-00-59.450 [Debug] (process_args) -log_level was found: 6
2026-03-12 21-00-59.450 [Debug] (process_args) -log_type was found: file
2026-03-12 21-00-59.450 [Debug] (process_args) -log_output_dir was found: /lustre/orion/world-shared/stf243/hagertnl/CUG26/copper_run/osu/copper_logs/4200817
2026-03-12 21-00-59.450 [Debug] (process_args) -net_type was found: cxi://cxi1
2026-03-12 21-00-59.450 [Debug] (process_args) -trees was found: 1
2026-03-12 21-00-59.451 [Debug] (process_args) -nf was found: /lustre/orion/world-shared/stf243/hagertnl/CUG26/copper_run/osu/copper_logs/4200817/node_file.txt
2026-03-12 21-00-59.451 [Debug] (process_args) -max_cacheable_byte_size was found: 10485760
2026-03-12 21-00-59.451 [Debug] (process_args) -facility_address_book was found: /sw/frontier/ums/ums046/copper/olcf_copper_addressbook.txt
2026-03-12 21-00-59.451 [Info] (cu_hello_main) copper address located at path: /lustre/orion/world-shared/stf243/hagertnl/CUG26/copper_run/osu/copper_logs/4200817/copper_address_book.txt
2026-03-12 21-00-59.451 [Info] (cu_hello_main) facility address book filename path: /sw/frontier/ums/ums046/copper/olcf_copper_addressbook.txt
2026-03-12 21-00-59.451 [Info] (cu_hello_main) output filename path: /lustre/orion/world-shared/stf243/hagertnl/CUG26/copper_run/osu/copper_logs/4200817/frontier07482-1221524-output.log
2026-03-12 21-00-59.451 [Debug] (cu_hello_main)  
2026-03-12 21-00-59.451 [Info] (cu_hello_main) hostname found to be: frontier00239
2026-03-12 21-00-59.451 [Debug] (process_args) -tpath was found: /
2026-03-12 21-00-59.451 [Debug] (process_args) -vpath was found: /tmp/hagertnl/copper
2026-03-12 21-00-59.451 [Debug] (process_args) -log_level was found: 6
2026-03-12 21-00-59.451 [Debug] (process_args) -log_type was found: file
2026-03-12 21-00-59.451 [Debug] (process_args) -log_output_dir was found: /lustre/orion/world-shared/stf243/hagertnl/CUG26/copper_run/osu/copper_logs/4200817
2026-03-12 21-00-59.451 [Debug] (process_args) -net_type was found: cxi://cxi1
2026-03-12 21-00-59.451 [Debug] (process_args) -trees was found: 1
2026-03-12 21-00-59.451 [Debug] (process_args) -nf was found: /lustre/orion/world-shared/stf243/hagertnl/CUG26/copper_run/osu/copper_logs/4200817/node_file.txt
2026-03-12 21-00-59.451 [Debug] (process_args) -max_cacheable_byte_size was found: 10485760
2026-03-12 21-00-59.451 [Debug] (process_args) -facility_address_book was found: /sw/frontier/ums/ums046/copper/olcf_copper_addressbook.txt
2026-03-12 21-00-59.451 [Info] (cu_hello_main) copper address located at path: /lustre/orion/world-shared/stf243/hagertnl/CUG26/copper_run/osu/copper_logs/4200817/copper_address_book.txt
2026-03-12 21-00-59.451 [Info] (cu_hello_main) facility address book filename path: /sw/frontier/ums/ums046/copper/olcf_copper_addressbook.txt
2026-03-12 21-00-59.451 [Info] (cu_hello_main) output filename path: /lustre/orion/world-shared/stf243/hagertnl/CUG26/copper_run/osu/copper_logs/4200817/frontier00239-1274545-output.log
2026-03-12 21-00-59.453 [Debug] (cu_hello_main)  
2026-03-12 21-00-59.453 [Info] (cu_hello_main) hostname found to be: frontier03814
2026-03-12 21-00-59.453 [Debug] (process_args) -tpath was found: /
2026-03-12 21-00-59.453 [Debug] (process_args) -vpath was found: /tmp/hagertnl/copper
2026-03-12 21-00-59.453 [Debug] (process_args) -log_level was found: 6
2026-03-12 21-00-59.453 [Debug] (process_args) -log_type was found: file
2026-03-12 21-00-59.453 [Debug] (process_args) -log_output_dir was found: /lustre/orion/world-shared/stf243/hagertnl/CUG26/copper_run/osu/copper_logs/4200817
2026-03-12 21-00-59.453 [Debug] (process_args) -net_type was found: cxi://cxi1
2026-03-12 21-00-59.453 [Debug] (process_args) -trees was found: 1
2026-03-12 21-00-59.453 [Debug] (process_args) -nf was found: /lustre/orion/world-shared/stf243/hagertnl/CUG26/copper_run/osu/copper_logs/4200817/node_file.txt
2026-03-12 21-00-59.453 [Debug] (process_args) -max_cacheable_byte_size was found: 10485760
2026-03-12 21-00-59.453 [Debug] (process_args) -facility_address_book was found: /sw/frontier/ums/ums046/copper/olcf_copper_addressbook.txt
2026-03-12 21-00-59.453 [Info] (cu_hello_main) copper address located at path: /lustre/orion/world-shared/stf243/hagertnl/CUG26/copper_run/osu/copper_logs/4200817/copper_address_book.txt
2026-03-12 21-00-59.453 [Info] (cu_hello_main) facility address book filename path: /sw/frontier/ums/ums046/copper/olcf_copper_addressbook.txt
2026-03-12 21-00-59.453 [Info] (cu_hello_main) output filename path: /lustre/orion/world-shared/stf243/hagertnl/CUG26/copper_run/osu/copper_logs/4200817/frontier03814-1418992-output.log
2026-03-12 21-00-59.454 [Debug] (cu_hello_main)  
2026-03-12 21-00-59.454 [Info] (cu_hello_main) hostname found to be: frontier07407
2026-03-12 21-00-59.454 [Debug] (process_args) -tpath was found: /
2026-03-12 21-00-59.454 [Debug] (process_args) -vpath was found: /tmp/hagertnl/copper
2026-03-12 21-00-59.454 [Debug] (process_args) -log_level was found: 6
2026-03-12 21-00-59.454 [Debug] (process_args) -log_type was found: file
2026-03-12 21-00-59.454 [Debug] (process_args) -log_output_dir was found: /lustre/orion/world-shared/stf243/hagertnl/CUG26/copper_run/osu/copper_logs/4200817
2026-03-12 21-00-59.454 [Debug] (process_args) -net_type was found: cxi://cxi1
2026-03-12 21-00-59.454 [Debug] (process_args) -trees was found: 1
2026-03-12 21-00-59.454 [Debug] (process_args) -nf was found: /lustre/orion/world-shared/stf243/hagertnl/CUG26/copper_run/osu/copper_logs/4200817/node_file.txt
2026-03-12 21-00-59.454 [Debug] (process_args) -max_cacheable_byte_size was found: 10485760
2026-03-12 21-00-59.454 [Debug] (process_args) -facility_address_book was found: /sw/frontier/ums/ums046/copper/olcf_copper_addressbook.txt
2026-03-12 21-00-59.454 [Info] (cu_hello_main) copper address located at path: /lustre/orion/world-shared/stf243/hagertnl/CUG26/copper_run/osu/copper_logs/4200817/copper_address_book.txt
2026-03-12 21-00-59.454 [Info] (cu_hello_main) facility address book filename path: /sw/frontier/ums/ums046/copper/olcf_copper_addressbook.txt
2026-03-12 21-00-59.454 [Info] (cu_hello_main) output filename path: /lustre/orion/world-shared/stf243/hagertnl/CUG26/copper_run/osu/copper_logs/4200817/frontier07407-1748043-output.log
2026-03-12 21-00-59.454 [Debug] (cu_hello_main)  
2026-03-12 21-00-59.454 [Info] (cu_hello_main) hostname found to be: frontier07283
2026-03-12 21-00-59.454 [Debug] (process_args) -tpath was found: /
2026-03-12 21-00-59.454 [Debug] (process_args) -vpath was found: /tmp/hagertnl/copper
2026-03-12 21-00-59.454 [Debug] (process_args) -log_level was found: 6
2026-03-12 21-00-59.454 [Debug] (process_args) -log_type was found: file
2026-03-12 21-00-59.454 [Debug] (process_args) -log_output_dir was found: /lustre/orion/world-shared/stf243/hagertnl/CUG26/copper_run/osu/copper_logs/4200817
2026-03-12 21-00-59.454 [Debug] (process_args) -net_type was found: cxi://cxi1
2026-03-12 21-00-59.454 [Debug] (process_args) -trees was found: 1
2026-03-12 21-00-59.454 [Debug] (process_args) -nf was found: /lustre/orion/world-shared/stf243/hagertnl/CUG26/copper_run/osu/copper_logs/4200817/node_file.txt
2026-03-12 21-00-59.454 [Debug] (process_args) -max_cacheable_byte_size was found: 10485760
2026-03-12 21-00-59.454 [Debug] (process_args) -facility_address_book was found: /sw/frontier/ums/ums046/copper/olcf_copper_addressbook.txt
2026-03-12 21-00-59.454 [Info] (cu_hello_main) copper address located at path: /lustre/orion/world-shared/stf243/hagertnl/CUG26/copper_run/osu/copper_logs/4200817/copper_address_book.txt
2026-03-12 21-00-59.454 [Info] (cu_hello_main) facility address book filename path: /sw/frontier/ums/ums046/copper/olcf_copper_addressbook.txt
2026-03-12 21-00-59.454 [Info] (cu_hello_main) output filename path: /lustre/orion/world-shared/stf243/hagertnl/CUG26/copper_run/osu/copper_logs/4200817/frontier07283-301550-output.log
2026-03-12 21-00-59.456 [Debug] (cu_hello_main)  
2026-03-12 21-00-59.456 [Info] (cu_hello_main) hostname found to be: frontier02432
2026-03-12 21-00-59.456 [Debug] (process_args) -tpath was found: /
2026-03-12 21-00-59.456 [Debug] (process_args) -vpath was found: /tmp/hagertnl/copper
2026-03-12 21-00-59.456 [Debug] (process_args) -log_level was found: 6
2026-03-12 21-00-59.456 [Debug] (process_args) -log_type was found: file
2026-03-12 21-00-59.456 [Debug] (process_args) -log_output_dir was found: /lustre/orion/world-shared/stf243/hagertnl/CUG26/copper_run/osu/copper_logs/4200817
2026-03-12 21-00-59.456 [Debug] (process_args) -net_type was found: cxi://cxi1
2026-03-12 21-00-59.456 [Debug] (process_args) -trees was found: 1
2026-03-12 21-00-59.456 [Debug] (process_args) -nf was found: /lustre/orion/world-shared/stf243/hagertnl/CUG26/copper_run/osu/copper_logs/4200817/node_file.txt
2026-03-12 21-00-59.456 [Debug] (process_args) -max_cacheable_byte_size was found: 10485760
2026-03-12 21-00-59.456 [Debug] (process_args) -facility_address_book was found: /sw/frontier/ums/ums046/copper/olcf_copper_addressbook.txt
2026-03-12 21-00-59.456 [Info] (cu_hello_main) copper address located at path: /lustre/orion/world-shared/stf243/hagertnl/CUG26/copper_run/osu/copper_logs/4200817/copper_address_book.txt
2026-03-12 21-00-59.456 [Info] (cu_hello_main) facility address book filename path: /sw/frontier/ums/ums046/copper/olcf_copper_addressbook.txt
2026-03-12 21-00-59.456 [Info] (cu_hello_main) output filename path: /lustre/orion/world-shared/stf243/hagertnl/CUG26/copper_run/osu/copper_logs/4200817/frontier02432-195028-output.log
2026-03-12 21-00-59.456 [Debug] (cu_hello_main)  
2026-03-12 21-00-59.456 [Info] (cu_hello_main) hostname found to be: frontier06771
2026-03-12 21-00-59.456 [Debug] (process_args) -tpath was found: /
2026-03-12 21-00-59.456 [Debug] (process_args) -vpath was found: /tmp/hagertnl/copper
2026-03-12 21-00-59.456 [Debug] (process_args) -log_level was found: 6
2026-03-12 21-00-59.456 [Debug] (process_args) -log_type was found: file
2026-03-12 21-00-59.456 [Debug] (process_args) -log_output_dir was found: /lustre/orion/world-shared/stf243/hagertnl/CUG26/copper_run/osu/copper_logs/4200817
2026-03-12 21-00-59.456 [Debug] (process_args) -net_type was found: cxi://cxi1
2026-03-12 21-00-59.456 [Debug] (process_args) -trees was found: 1
2026-03-12 21-00-59.456 [Debug] (process_args) -nf was found: /lustre/orion/world-shared/stf243/hagertnl/CUG26/copper_run/osu/copper_logs/4200817/node_file.txt
2026-03-12 21-00-59.456 [Debug] (process_args) -max_cacheable_byte_size was found: 10485760
2026-03-12 21-00-59.456 [Debug] (process_args) -facility_address_book was found: /sw/frontier/ums/ums046/copper/olcf_copper_addressbook.txt
2026-03-12 21-00-59.456 [Info] (cu_hello_main) copper address located at path: /lustre/orion/world-shared/stf243/hagertnl/CUG26/copper_run/osu/copper_logs/4200817/copper_address_book.txt
2026-03-12 21-00-59.456 [Info] (cu_hello_main) facility address book filename path: /sw/frontier/ums/ums046/copper/olcf_copper_addressbook.txt
2026-03-12 21-00-59.456 [Info] (cu_hello_main) output filename path: /lustre/orion/world-shared/stf243/hagertnl/CUG26/copper_run/osu/copper_logs/4200817/frontier06771-1303772-output.log
2026-03-12 21-00-59.456 [Debug] (cu_hello_main)  
2026-03-12 21-00-59.456 [Info] (cu_hello_main) hostname found to be: frontier04196
2026-03-12 21-00-59.456 [Debug] (process_args) -tpath was found: /
2026-03-12 21-00-59.456 [Debug] (process_args) -vpath was found: /tmp/hagertnl/copper
2026-03-12 21-00-59.456 [Debug] (process_args) -log_level was found: 6
2026-03-12 21-00-59.456 [Debug] (process_args) -log_type was found: file
2026-03-12 21-00-59.456 [Debug] (process_args) -log_output_dir was found: /lustre/orion/world-shared/stf243/hagertnl/CUG26/copper_run/osu/copper_logs/4200817
2026-03-12 21-00-59.456 [Debug] (process_args) -net_type was found: cxi://cxi1
2026-03-12 21-00-59.456 [Debug] (process_args) -trees was found: 1
2026-03-12 21-00-59.456 [Debug] (cu_hello_main)  
2026-03-12 21-00-59.456 [Info] (cu_hello_main) hostname found to be: frontier04858
2026-03-12 21-00-59.456 [Debug] (process_args) -tpath was found: /
2026-03-12 21-00-59.456 [Debug] (process_args) -vpath was found: /tmp/hagertnl/copper
2026-03-12 21-00-59.456 [Debug] (process_args) -log_level was found: 6
2026-03-12 21-00-59.456 [Debug] (process_args) -log_type was found: file
2026-03-12 21-00-59.456 [Debug] (process_args) -nf was found: /lustre/orion/world-shared/stf243/hagertnl/CUG26/copper_run/osu/copper_logs/4200817/node_file.txt
2026-03-12 21-00-59.456 [Debug] (process_args) -log_output_dir was found: /lustre/orion/world-shared/stf243/hagertnl/CUG26/copper_run/osu/copper_logs/4200817
2026-03-12 21-00-59.456 [Debug] (process_args) -net_type was found: cxi://cxi1
2026-03-12 21-00-59.456 [Debug] (process_args) -trees was found: 1
2026-03-12 21-00-59.456 [Debug] (process_args) -nf was found: /lustre/orion/world-shared/stf243/hagertnl/CUG26/copper_run/osu/copper_logs/4200817/node_file.txt
2026-03-12 21-00-59.456 [Debug] (process_args) -max_cacheable_byte_size was found: 10485760
2026-03-12 21-00-59.456 [Debug] (process_args) -facility_address_book was found: /sw/frontier/ums/ums046/copper/olcf_copper_addressbook.txt
2026-03-12 21-00-59.456 [Debug] (process_args) -max_cacheable_byte_size was found: 10485760
2026-03-12 21-00-59.456 [Info] (cu_hello_main) copper address located at path: /lustre/orion/world-shared/stf243/hagertnl/CUG26/copper_run/osu/copper_logs/4200817/copper_address_book.txt
2026-03-12 21-00-59.456 [Info] (cu_hello_main) facility address book filename path: /sw/frontier/ums/ums046/copper/olcf_copper_addressbook.txt
2026-03-12 21-00-59.456 [Info] (cu_hello_main) output filename path: /lustre/orion/world-shared/stf243/hagertnl/CUG26/copper_run/osu/copper_logs/4200817/frontier04858-199778-output.log
2026-03-12 21-00-59.456 [Debug] (process_args) -facility_address_book was found: /sw/frontier/ums/ums046/copper/olcf_copper_addressbook.txt
2026-03-12 21-00-59.456 [Info] (cu_hello_main) copper address located at path: /lustre/orion/world-shared/stf243/hagertnl/CUG26/copper_run/osu/copper_logs/4200817/copper_address_book.txt
2026-03-12 21-00-59.456 [Info] (cu_hello_main) facility address book filename path: /sw/frontier/ums/ums046/copper/olcf_copper_addressbook.txt
2026-03-12 21-00-59.456 [Info] (cu_hello_main) output filename path: /lustre/orion/world-shared/stf243/hagertnl/CUG26/copper_run/osu/copper_logs/4200817/frontier04196-963155-output.log
2026-03-12 21-00-59.457 [Debug] (cu_hello_main)  
2026-03-12 21-00-59.457 [Info] (cu_hello_main) hostname found to be: frontier06132
2026-03-12 21-00-59.457 [Debug] (process_args) -tpath was found: /
2026-03-12 21-00-59.457 [Debug] (process_args) -vpath was found: /tmp/hagertnl/copper
2026-03-12 21-00-59.457 [Debug] (process_args) -log_level was found: 6
2026-03-12 21-00-59.457 [Debug] (process_args) -log_type was found: file
2026-03-12 21-00-59.457 [Debug] (process_args) -log_output_dir was found: /lustre/orion/world-shared/stf243/hagertnl/CUG26/copper_run/osu/copper_logs/4200817
2026-03-12 21-00-59.457 [Debug] (process_args) -net_type was found: cxi://cxi1
2026-03-12 21-00-59.457 [Debug] (process_args) -trees was found: 1
2026-03-12 21-00-59.457 [Debug] (process_args) -nf was found: /lustre/orion/world-shared/stf243/hagertnl/CUG26/copper_run/osu/copper_logs/4200817/node_file.txt
2026-03-12 21-00-59.457 [Debug] (process_args) -max_cacheable_byte_size was found: 10485760
2026-03-12 21-00-59.457 [Debug] (process_args) -facility_address_book was found: /sw/frontier/ums/ums046/copper/olcf_copper_addressbook.txt
2026-03-12 21-00-59.457 [Info] (cu_hello_main) copper address located at path: /lustre/orion/world-shared/stf243/hagertnl/CUG26/copper_run/osu/copper_logs/4200817/copper_address_book.txt
2026-03-12 21-00-59.457 [Debug] (cu_hello_main)  
2026-03-12 21-00-59.457 [Info] (cu_hello_main) hostname found to be: frontier08767
2026-03-12 21-00-59.457 [Info] (cu_hello_main) facility address book filename path: /sw/frontier/ums/ums046/copper/olcf_copper_addressbook.txt
2026-03-12 21-00-59.457 [Debug] (process_args) -tpath was found: /
2026-03-12 21-00-59.457 [Debug] (process_args) -vpath was found: /tmp/hagertnl/copper
2026-03-12 21-00-59.457 [Debug] (process_args) -log_level was found: 6
2026-03-12 21-00-59.457 [Debug] (process_args) -log_type was found: file
2026-03-12 21-00-59.457 [Info] (cu_hello_main) output filename path: /lustre/orion/world-shared/stf243/hagertnl/CUG26/copper_run/osu/copper_logs/4200817/frontier06132-1226279-output.log
2026-03-12 21-00-59.457 [Debug] (process_args) -log_output_dir was found: /lustre/orion/world-shared/stf243/hagertnl/CUG26/copper_run/osu/copper_logs/4200817
2026-03-12 21-00-59.457 [Debug] (process_args) -net_type was found: cxi://cxi1
2026-03-12 21-00-59.457 [Debug] (process_args) -trees was found: 1
2026-03-12 21-00-59.457 [Debug] (process_args) -nf was found: /lustre/orion/world-shared/stf243/hagertnl/CUG26/copper_run/osu/copper_logs/4200817/node_file.txt
2026-03-12 21-00-59.457 [Debug] (process_args) -max_cacheable_byte_size was found: 10485760
2026-03-12 21-00-59.457 [Debug] (process_args) -facility_address_book was found: /sw/frontier/ums/ums046/copper/olcf_copper_addressbook.txt
2026-03-12 21-00-59.457 [Info] (cu_hello_main) copper address located at path: /lustre/orion/world-shared/stf243/hagertnl/CUG26/copper_run/osu/copper_logs/4200817/copper_address_book.txt
2026-03-12 21-00-59.457 [Info] (cu_hello_main) facility address book filename path: /sw/frontier/ums/ums046/copper/olcf_copper_addressbook.txt
2026-03-12 21-00-59.457 [Info] (cu_hello_main) output filename path: /lustre/orion/world-shared/stf243/hagertnl/CUG26/copper_run/osu/copper_logs/4200817/frontier08767-196537-output.log
2026-03-12 21-00-59.458 [Debug] (cu_hello_main)  
2026-03-12 21-00-59.458 [Info] (cu_hello_main) hostname found to be: frontier08419
2026-03-12 21-00-59.458 [Debug] (process_args) -tpath was found: /
2026-03-12 21-00-59.458 [Debug] (process_args) -vpath was found: /tmp/hagertnl/copper
2026-03-12 21-00-59.458 [Debug] (process_args) -log_level was found: 6
2026-03-12 21-00-59.458 [Debug] (process_args) -log_type was found: file
2026-03-12 21-00-59.458 [Debug] (process_args) -log_output_dir was found: /lustre/orion/world-shared/stf243/hagertnl/CUG26/copper_run/osu/copper_logs/4200817
2026-03-12 21-00-59.458 [Debug] (process_args) -net_type was found: cxi://cxi1
2026-03-12 21-00-59.458 [Debug] (process_args) -trees was found: 1
2026-03-12 21-00-59.458 [Debug] (process_args) -nf was found: /lustre/orion/world-shared/stf243/hagertnl/CUG26/copper_run/osu/copper_logs/4200817/node_file.txt
2026-03-12 21-00-59.458 [Debug] (process_args) -max_cacheable_byte_size was found: 10485760
2026-03-12 21-00-59.458 [Debug] (process_args) -facility_address_book was found: /sw/frontier/ums/ums046/copper/olcf_copper_addressbook.txt
2026-03-12 21-00-59.458 [Info] (cu_hello_main) copper address located at path: /lustre/orion/world-shared/stf243/hagertnl/CUG26/copper_run/osu/copper_logs/4200817/copper_address_book.txt
2026-03-12 21-00-59.458 [Info] (cu_hello_main) facility address book filename path: /sw/frontier/ums/ums046/copper/olcf_copper_addressbook.txt
2026-03-12 21-00-59.458 [Info] (cu_hello_main) output filename path: /lustre/orion/world-shared/stf243/hagertnl/CUG26/copper_run/osu/copper_logs/4200817/frontier08419-2976103-output.log
2026-03-12 21-00-59.459 [Debug] (cu_hello_main)  
2026-03-12 21-00-59.459 [Info] (cu_hello_main) hostname found to be: frontier00621
2026-03-12 21-00-59.459 [Debug] (process_args) -tpath was found: /
2026-03-12 21-00-59.459 [Debug] (process_args) -vpath was found: /tmp/hagertnl/copper
2026-03-12 21-00-59.459 [Debug] (process_args) -log_level was found: 6
2026-03-12 21-00-59.459 [Debug] (process_args) -log_type was found: file
2026-03-12 21-00-59.459 [Debug] (process_args) -log_output_dir was found: /lustre/orion/world-shared/stf243/hagertnl/CUG26/copper_run/osu/copper_logs/4200817
2026-03-12 21-00-59.459 [Debug] (process_args) -net_type was found: cxi://cxi1
2026-03-12 21-00-59.459 [Debug] (process_args) -trees was found: 1
2026-03-12 21-00-59.459 [Debug] (process_args) -nf was found: /lustre/orion/world-shared/stf243/hagertnl/CUG26/copper_run/osu/copper_logs/4200817/node_file.txt
2026-03-12 21-00-59.459 [Debug] (process_args) -max_cacheable_byte_size was found: 10485760
2026-03-12 21-00-59.459 [Debug] (process_args) -facility_address_book was found: /sw/frontier/ums/ums046/copper/olcf_copper_addressbook.txt
2026-03-12 21-00-59.459 [Info] (cu_hello_main) copper address located at path: /lustre/orion/world-shared/stf243/hagertnl/CUG26/copper_run/osu/copper_logs/4200817/copper_address_book.txt
2026-03-12 21-00-59.459 [Info] (cu_hello_main) facility address book filename path: /sw/frontier/ums/ums046/copper/olcf_copper_addressbook.txt
2026-03-12 21-00-59.459 [Info] (cu_hello_main) output filename path: /lustre/orion/world-shared/stf243/hagertnl/CUG26/copper_run/osu/copper_logs/4200817/frontier00621-195502-output.log
2026-03-12 21-00-59.459 [Debug] (cu_hello_main)  
2026-03-12 21-00-59.459 [Info] (cu_hello_main) hostname found to be: frontier05112
2026-03-12 21-00-59.459 [Debug] (process_args) -tpath was found: /
2026-03-12 21-00-59.459 [Debug] (process_args) -vpath was found: /tmp/hagertnl/copper
2026-03-12 21-00-59.459 [Debug] (process_args) -log_level was found: 6
2026-03-12 21-00-59.459 [Debug] (process_args) -log_type was found: file
2026-03-12 21-00-59.459 [Debug] (process_args) -log_output_dir was found: /lustre/orion/world-shared/stf243/hagertnl/CUG26/copper_run/osu/copper_logs/4200817
2026-03-12 21-00-59.459 [Debug] (process_args) -net_type was found: cxi://cxi1
2026-03-12 21-00-59.459 [Debug] (process_args) -trees was found: 1
2026-03-12 21-00-59.459 [Debug] (process_args) -nf was found: /lustre/orion/world-shared/stf243/hagertnl/CUG26/copper_run/osu/copper_logs/4200817/node_file.txt
2026-03-12 21-00-59.459 [Debug] (process_args) -max_cacheable_byte_size was found: 10485760
2026-03-12 21-00-59.459 [Debug] (process_args) -facility_address_book was found: /sw/frontier/ums/ums046/copper/olcf_copper_addressbook.txt
2026-03-12 21-00-59.459 [Info] (cu_hello_main) copper address located at path: /lustre/orion/world-shared/stf243/hagertnl/CUG26/copper_run/osu/copper_logs/4200817/copper_address_book.txt
2026-03-12 21-00-59.459 [Info] (cu_hello_main) facility address book filename path: /sw/frontier/ums/ums046/copper/olcf_copper_addressbook.txt
2026-03-12 21-00-59.459 [Info] (cu_hello_main) output filename path: /lustre/orion/world-shared/stf243/hagertnl/CUG26/copper_run/osu/copper_logs/4200817/frontier05112-1366364-output.log
2026-03-12 21-00-59.459 [Debug] (cu_hello_main)  
2026-03-12 21-00-59.459 [Info] (cu_hello_main) hostname found to be: frontier00237
2026-03-12 21-00-59.459 [Debug] (process_args) -tpath was found: /
2026-03-12 21-00-59.459 [Debug] (process_args) -vpath was found: /tmp/hagertnl/copper
2026-03-12 21-00-59.459 [Debug] (process_args) -log_level was found: 6
2026-03-12 21-00-59.459 [Debug] (process_args) -log_type was found: file
2026-03-12 21-00-59.459 [Debug] (process_args) -log_output_dir was found: /lustre/orion/world-shared/stf243/hagertnl/CUG26/copper_run/osu/copper_logs/4200817
2026-03-12 21-00-59.459 [Debug] (process_args) -net_type was found: cxi://cxi1
2026-03-12 21-00-59.459 [Debug] (process_args) -trees was found: 1
2026-03-12 21-00-59.459 [Debug] (process_args) -nf was found: /lustre/orion/world-shared/stf243/hagertnl/CUG26/copper_run/osu/copper_logs/4200817/node_file.txt
2026-03-12 21-00-59.459 [Debug] (process_args) -max_cacheable_byte_size was found: 10485760
2026-03-12 21-00-59.459 [Debug] (process_args) -facility_address_book was found: /sw/frontier/ums/ums046/copper/olcf_copper_addressbook.txt
2026-03-12 21-00-59.459 [Info] (cu_hello_main) copper address located at path: /lustre/orion/world-shared/stf243/hagertnl/CUG26/copper_run/osu/copper_logs/4200817/copper_address_book.txt
2026-03-12 21-00-59.459 [Info] (cu_hello_main) facility address book filename path: /sw/frontier/ums/ums046/copper/olcf_copper_addressbook.txt
2026-03-12 21-00-59.459 [Info] (cu_hello_main) output filename path: /lustre/orion/world-shared/stf243/hagertnl/CUG26/copper_run/osu/copper_logs/4200817/frontier00237-674149-output.log
2026-03-12 21-00-59.459 [Debug] (cu_hello_main)  
2026-03-12 21-00-59.459 [Info] (cu_hello_main) hostname found to be: frontier05241
2026-03-12 21-00-59.459 [Debug] (process_args) -tpath was found: /
2026-03-12 21-00-59.459 [Debug] (process_args) -vpath was found: /tmp/hagertnl/copper
2026-03-12 21-00-59.459 [Debug] (process_args) -log_level was found: 6
2026-03-12 21-00-59.459 [Debug] (process_args) -log_type was found: file
2026-03-12 21-00-59.459 [Debug] (process_args) -log_output_dir was found: /lustre/orion/world-shared/stf243/hagertnl/CUG26/copper_run/osu/copper_logs/4200817
2026-03-12 21-00-59.459 [Debug] (process_args) -net_type was found: cxi://cxi1
2026-03-12 21-00-59.459 [Debug] (process_args) -trees was found: 1
2026-03-12 21-00-59.459 [Debug] (process_args) -nf was found: /lustre/orion/world-shared/stf243/hagertnl/CUG26/copper_run/osu/copper_logs/4200817/node_file.txt
2026-03-12 21-00-59.459 [Debug] (process_args) -max_cacheable_byte_size was found: 10485760
2026-03-12 21-00-59.459 [Debug] (process_args) -facility_address_book was found: /sw/frontier/ums/ums046/copper/olcf_copper_addressbook.txt
2026-03-12 21-00-59.459 [Info] (cu_hello_main) copper address located at path: /lustre/orion/world-shared/stf243/hagertnl/CUG26/copper_run/osu/copper_logs/4200817/copper_address_book.txt
2026-03-12 21-00-59.459 [Info] (cu_hello_main) facility address book filename path: /sw/frontier/ums/ums046/copper/olcf_copper_addressbook.txt
2026-03-12 21-00-59.459 [Info] (cu_hello_main) output filename path: /lustre/orion/world-shared/stf243/hagertnl/CUG26/copper_run/osu/copper_logs/4200817/frontier05241-1139091-output.log
2026-03-12 21-00-59.459 [Debug] (cu_hello_main)  
2026-03-12 21-00-59.459 [Info] (cu_hello_main) hostname found to be: frontier06515
2026-03-12 21-00-59.459 [Debug] (process_args) -tpath was found: /
2026-03-12 21-00-59.459 [Debug] (process_args) -vpath was found: /tmp/hagertnl/copper
2026-03-12 21-00-59.459 [Debug] (cu_hello_main)  
2026-03-12 21-00-59.459 [Info] (cu_hello_main) hostname found to be: frontier08637
2026-03-12 21-00-59.459 [Debug] (cu_hello_main)  
2026-03-12 21-00-59.459 [Info] (cu_hello_main) hostname found to be: frontier08299
2026-03-12 21-00-59.459 [Debug] (process_args) -log_level was found: 6
2026-03-12 21-00-59.459 [Debug] (process_args) -log_type was found: file
2026-03-12 21-00-59.459 [Debug] (process_args) -log_output_dir was found: /lustre/orion/world-shared/stf243/hagertnl/CUG26/copper_run/osu/copper_logs/4200817
2026-03-12 21-00-59.459 [Debug] (process_args) -net_type was found: cxi://cxi1
2026-03-12 21-00-59.459 [Debug] (process_args) -trees was found: 1
2026-03-12 21-00-59.459 [Debug] (process_args) -nf was found: /lustre/orion/world-shared/stf243/hagertnl/CUG26/copper_run/osu/copper_logs/4200817/node_file.txt
2026-03-12 21-00-59.459 [Debug] (process_args) -max_cacheable_byte_size was found: 10485760
2026-03-12 21-00-59.459 [Debug] (process_args) -tpath was found: /
2026-03-12 21-00-59.459 [Debug] (process_args) -vpath was found: /tmp/hagertnl/copper
2026-03-12 21-00-59.459 [Debug] (process_args) -log_level was found: 6
2026-03-12 21-00-59.459 [Debug] (process_args) -log_type was found: file
2026-03-12 21-00-59.459 [Debug] (process_args) -log_output_dir was found: /lustre/orion/world-shared/stf243/hagertnl/CUG26/copper_run/osu/copper_logs/4200817
2026-03-12 21-00-59.459 [Debug] (process_args) -net_type was found: cxi://cxi1
2026-03-12 21-00-59.459 [Debug] (process_args) -trees was found: 1
2026-03-12 21-00-59.459 [Debug] (cu_hello_main)  
2026-03-12 21-00-59.459 [Info] (cu_hello_main) hostname found to be: frontier06387
2026-03-12 21-00-59.459 [Debug] (process_args) -tpath was found: /
2026-03-12 21-00-59.459 [Debug] (process_args) -vpath was found: /tmp/hagertnl/copper
2026-03-12 21-00-59.459 [Debug] (process_args) -tpath was found: /
2026-03-12 21-00-59.459 [Debug] (process_args) -vpath was found: /tmp/hagertnl/copper
2026-03-12 21-00-59.459 [Debug] (process_args) -facility_address_book was found: /sw/frontier/ums/ums046/copper/olcf_copper_addressbook.txt
2026-03-12 21-00-59.459 [Info] (cu_hello_main) copper address located at path: /lustre/orion/world-shared/stf243/hagertnl/CUG26/copper_run/osu/copper_logs/4200817/copper_address_book.txt
2026-03-12 21-00-59.459 [Debug] (process_args) -nf was found: /lustre/orion/world-shared/stf243/hagertnl/CUG26/copper_run/osu/copper_logs/4200817/node_file.txt
2026-03-12 21-00-59.459 [Debug] (process_args) -max_cacheable_byte_size was found: 10485760
2026-03-12 21-00-59.459 [Debug] (process_args) -facility_address_book was found: /sw/frontier/ums/ums046/copper/olcf_copper_addressbook.txt
2026-03-12 21-00-59.459 [Debug] (process_args) -log_level was found: 6
2026-03-12 21-00-59.459 [Debug] (process_args) -log_type was found: file
2026-03-12 21-00-59.459 [Debug] (process_args) -log_output_dir was found: /lustre/orion/world-shared/stf243/hagertnl/CUG26/copper_run/osu/copper_logs/4200817
2026-03-12 21-00-59.459 [Debug] (process_args) -net_type was found: cxi://cxi1
2026-03-12 21-00-59.459 [Debug] (process_args) -trees was found: 1
2026-03-12 21-00-59.459 [Debug] (process_args) -nf was found: /lustre/orion/world-shared/stf243/hagertnl/CUG26/copper_run/osu/copper_logs/4200817/node_file.txt
2026-03-12 21-00-59.459 [Debug] (process_args) -max_cacheable_byte_size was found: 10485760
2026-03-12 21-00-59.459 [Debug] (process_args) -facility_address_book was found: /sw/frontier/ums/ums046/copper/olcf_copper_addressbook.txt
2026-03-12 21-00-59.459 [Debug] (cu_hello_main)  
2026-03-12 21-00-59.460 [Info] (cu_hello_main) hostname found to be: frontier03258
2026-03-12 21-00-59.460 [Debug] (process_args) -tpath was found: /
2026-03-12 21-00-59.460 [Debug] (process_args) -vpath was found: /tmp/hagertnl/copper
2026-03-12 21-00-59.459 [Debug] (cu_hello_main)  
2026-03-12 21-00-59.459 [Info] (cu_hello_main) hostname found to be: frontier06215
2026-03-12 21-00-59.459 [Debug] (process_args) -log_level was found: 6
2026-03-12 21-00-59.459 [Debug] (process_args) -log_type was found: file
2026-03-12 21-00-59.459 [Debug] (process_args) -log_output_dir was found: /lustre/orion/world-shared/stf243/hagertnl/CUG26/copper_run/osu/copper_logs/4200817
2026-03-12 21-00-59.459 [Debug] (process_args) -net_type was found: cxi://cxi1
2026-03-12 21-00-59.459 [Info] (cu_hello_main) facility address book filename path: /sw/frontier/ums/ums046/copper/olcf_copper_addressbook.txt
2026-03-12 21-00-59.459 [Info] (cu_hello_main) copper address located at path: /lustre/orion/world-shared/stf243/hagertnl/CUG26/copper_run/osu/copper_logs/4200817/copper_address_book.txt
2026-03-12 21-00-59.459 [Info] (cu_hello_main) facility address book filename path: /sw/frontier/ums/ums046/copper/olcf_copper_addressbook.txt
2026-03-12 21-00-59.459 [Info] (cu_hello_main) copper address located at path: /lustre/orion/world-shared/stf243/hagertnl/CUG26/copper_run/osu/copper_logs/4200817/copper_address_book.txt
2026-03-12 21-00-59.459 [Info] (cu_hello_main) facility address book filename path: /sw/frontier/ums/ums046/copper/olcf_copper_addressbook.txt
2026-03-12 21-00-59.459 [Info] (cu_hello_main) output filename path: /lustre/orion/world-shared/stf243/hagertnl/CUG26/copper_run/osu/copper_logs/4200817/frontier06387-1285130-output.log
2026-03-12 21-00-59.460 [Debug] (process_args) -log_level was found: 6
2026-03-12 21-00-59.460 [Debug] (process_args) -log_type was found: file
2026-03-12 21-00-59.460 [Debug] (process_args) -log_output_dir was found: /lustre/orion/world-shared/stf243/hagertnl/CUG26/copper_run/osu/copper_logs/4200817
2026-03-12 21-00-59.460 [Debug] (process_args) -net_type was found: cxi://cxi1
2026-03-12 21-00-59.460 [Debug] (process_args) -trees was found: 1
2026-03-12 21-00-59.460 [Debug] (process_args) -nf was found: /lustre/orion/world-shared/stf243/hagertnl/CUG26/copper_run/osu/copper_logs/4200817/node_file.txt
2026-03-12 21-00-59.460 [Debug] (process_args) -max_cacheable_byte_size was found: 10485760
2026-03-12 21-00-59.460 [Debug] (process_args) -facility_address_book was found: /sw/frontier/ums/ums046/copper/olcf_copper_addressbook.txt
2026-03-12 21-00-59.459 [Debug] (process_args) -tpath was found: /
2026-03-12 21-00-59.459 [Debug] (process_args) -vpath was found: /tmp/hagertnl/copper
2026-03-12 21-00-59.459 [Debug] (process_args) -log_level was found: 6
2026-03-12 21-00-59.459 [Debug] (process_args) -log_type was found: file
2026-03-12 21-00-59.459 [Debug] (process_args) -log_output_dir was found: /lustre/orion/world-shared/stf243/hagertnl/CUG26/copper_run/osu/copper_logs/4200817
2026-03-12 21-00-59.459 [Debug] (process_args) -trees was found: 1
2026-03-12 21-00-59.459 [Debug] (process_args) -nf was found: /lustre/orion/world-shared/stf243/hagertnl/CUG26/copper_run/osu/copper_logs/4200817/node_file.txt
2026-03-12 21-00-59.459 [Info] (cu_hello_main) output filename path: /lustre/orion/world-shared/stf243/hagertnl/CUG26/copper_run/osu/copper_logs/4200817/frontier06515-901712-output.log
2026-03-12 21-00-59.459 [Info] (cu_hello_main) output filename path: /lustre/orion/world-shared/stf243/hagertnl/CUG26/copper_run/osu/copper_logs/4200817/frontier08637-389479-output.log
2026-03-12 21-00-59.460 [Info] (cu_hello_main) copper address located at path: /lustre/orion/world-shared/stf243/hagertnl/CUG26/copper_run/osu/copper_logs/4200817/copper_address_book.txt
2026-03-12 21-00-59.459 [Debug] (process_args) -net_type was found: cxi://cxi1
2026-03-12 21-00-59.459 [Debug] (process_args) -trees was found: 1
2026-03-12 21-00-59.459 [Debug] (process_args) -nf was found: /lustre/orion/world-shared/stf243/hagertnl/CUG26/copper_run/osu/copper_logs/4200817/node_file.txt
2026-03-12 21-00-59.459 [Debug] (process_args) -max_cacheable_byte_size was found: 10485760
2026-03-12 21-00-59.459 [Debug] (process_args) -facility_address_book was found: /sw/frontier/ums/ums046/copper/olcf_copper_addressbook.txt
2026-03-12 21-00-59.459 [Debug] (process_args) -max_cacheable_byte_size was found: 10485760
2026-03-12 21-00-59.459 [Debug] (cu_hello_main)  
2026-03-12 21-00-59.460 [Info] (cu_hello_main) hostname found to be: frontier09180
2026-03-12 21-00-59.460 [Debug] (process_args) -tpath was found: /
2026-03-12 21-00-59.460 [Debug] (process_args) -vpath was found: /tmp/hagertnl/copper
2026-03-12 21-00-59.460 [Debug] (cu_hello_main)  
2026-03-12 21-00-59.460 [Info] (cu_hello_main) facility address book filename path: /sw/frontier/ums/ums046/copper/olcf_copper_addressbook.txt
2026-03-12 21-00-59.460 [Info] (cu_hello_main) output filename path: /lustre/orion/world-shared/stf243/hagertnl/CUG26/copper_run/osu/copper_logs/4200817/frontier03258-467925-output.log
2026-03-12 21-00-59.460 [Info] (cu_hello_main) copper address located at path: /lustre/orion/world-shared/stf243/hagertnl/CUG26/copper_run/osu/copper_logs/4200817/copper_address_book.txt
2026-03-12 21-00-59.459 [Debug] (process_args) -facility_address_book was found: /sw/frontier/ums/ums046/copper/olcf_copper_addressbook.txt
2026-03-12 21-00-59.460 [Debug] (process_args) -log_level was found: 6
2026-03-12 21-00-59.460 [Debug] (process_args) -log_type was found: file
2026-03-12 21-00-59.460 [Debug] (process_args) -log_output_dir was found: /lustre/orion/world-shared/stf243/hagertnl/CUG26/copper_run/osu/copper_logs/4200817
2026-03-12 21-00-59.460 [Debug] (process_args) -net_type was found: cxi://cxi1
2026-03-12 21-00-59.460 [Debug] (process_args) -trees was found: 1
2026-03-12 21-00-59.460 [Debug] (process_args) -nf was found: /lustre/orion/world-shared/stf243/hagertnl/CUG26/copper_run/osu/copper_logs/4200817/node_file.txt
2026-03-12 21-00-59.460 [Info] (cu_hello_main) hostname found to be: frontier01531
2026-03-12 21-00-59.460 [Debug] (process_args) -tpath was found: /
2026-03-12 21-00-59.460 [Debug] (process_args) -vpath was found: /tmp/hagertnl/copper
2026-03-12 21-00-59.460 [Info] (cu_hello_main) facility address book filename path: /sw/frontier/ums/ums046/copper/olcf_copper_addressbook.txt
2026-03-12 21-00-59.459 [Info] (cu_hello_main) copper address located at path: /lustre/orion/world-shared/stf243/hagertnl/CUG26/copper_run/osu/copper_logs/4200817/copper_address_book.txt
2026-03-12 21-00-59.460 [Debug] (process_args) -max_cacheable_byte_size was found: 10485760
2026-03-12 21-00-59.460 [Debug] (process_args) -facility_address_book was found: /sw/frontier/ums/ums046/copper/olcf_copper_addressbook.txt
2026-03-12 21-00-59.460 [Debug] (process_args) -log_level was found: 6
2026-03-12 21-00-59.460 [Debug] (process_args) -log_type was found: file
2026-03-12 21-00-59.460 [Debug] (process_args) -log_output_dir was found: /lustre/orion/world-shared/stf243/hagertnl/CUG26/copper_run/osu/copper_logs/4200817
2026-03-12 21-00-59.460 [Info] (cu_hello_main) output filename path: /lustre/orion/world-shared/stf243/hagertnl/CUG26/copper_run/osu/copper_logs/4200817/frontier06215-427809-output.log
2026-03-12 21-00-59.459 [Info] (cu_hello_main) facility address book filename path: /sw/frontier/ums/ums046/copper/olcf_copper_addressbook.txt
2026-03-12 21-00-59.459 [Info] (cu_hello_main) output filename path: /lustre/orion/world-shared/stf243/hagertnl/CUG26/copper_run/osu/copper_logs/4200817/frontier08299-357970-output.log
2026-03-12 21-00-59.460 [Info] (cu_hello_main) copper address located at path: /lustre/orion/world-shared/stf243/hagertnl/CUG26/copper_run/osu/copper_logs/4200817/copper_address_book.txt
2026-03-12 21-00-59.460 [Info] (cu_hello_main) facility address book filename path: /sw/frontier/ums/ums046/copper/olcf_copper_addressbook.txt
2026-03-12 21-00-59.460 [Debug] (process_args) -net_type was found: cxi://cxi1
2026-03-12 21-00-59.460 [Debug] (process_args) -trees was found: 1
2026-03-12 21-00-59.460 [Info] (cu_hello_main) output filename path: /lustre/orion/world-shared/stf243/hagertnl/CUG26/copper_run/osu/copper_logs/4200817/frontier09180-1326961-output.log
2026-03-12 21-00-59.460 [Debug] (process_args) -nf was found: /lustre/orion/world-shared/stf243/hagertnl/CUG26/copper_run/osu/copper_logs/4200817/node_file.txt
2026-03-12 21-00-59.460 [Debug] (process_args) -max_cacheable_byte_size was found: 10485760
2026-03-12 21-00-59.460 [Debug] (process_args) -facility_address_book was found: /sw/frontier/ums/ums046/copper/olcf_copper_addressbook.txt
2026-03-12 21-00-59.460 [Info] (cu_hello_main) copper address located at path: /lustre/orion/world-shared/stf243/hagertnl/CUG26/copper_run/osu/copper_logs/4200817/copper_address_book.txt
2026-03-12 21-00-59.460 [Info] (cu_hello_main) facility address book filename path: /sw/frontier/ums/ums046/copper/olcf_copper_addressbook.txt
2026-03-12 21-00-59.460 [Info] (cu_hello_main) output filename path: /lustre/orion/world-shared/stf243/hagertnl/CUG26/copper_run/osu/copper_logs/4200817/frontier01531-1442783-output.log
2026-03-12 21-00-59.461 [Debug] (cu_hello_main)  
2026-03-12 21-00-59.461 [Info] (cu_hello_main) hostname found to be: frontier04478
2026-03-12 21-00-59.461 [Debug] (process_args) -tpath was found: /
2026-03-12 21-00-59.461 [Debug] (process_args) -vpath was found: /tmp/hagertnl/copper
2026-03-12 21-00-59.461 [Debug] (process_args) -log_level was found: 6
2026-03-12 21-00-59.461 [Debug] (process_args) -log_type was found: file
2026-03-12 21-00-59.461 [Debug] (process_args) -log_output_dir was found: /lustre/orion/world-shared/stf243/hagertnl/CUG26/copper_run/osu/copper_logs/4200817
2026-03-12 21-00-59.461 [Debug] (process_args) -net_type was found: cxi://cxi1
2026-03-12 21-00-59.461 [Debug] (process_args) -trees was found: 1
2026-03-12 21-00-59.461 [Debug] (process_args) -nf was found: /lustre/orion/world-shared/stf243/hagertnl/CUG26/copper_run/osu/copper_logs/4200817/node_file.txt
2026-03-12 21-00-59.461 [Debug] (process_args) -max_cacheable_byte_size was found: 10485760
2026-03-12 21-00-59.461 [Debug] (process_args) -facility_address_book was found: /sw/frontier/ums/ums046/copper/olcf_copper_addressbook.txt
2026-03-12 21-00-59.461 [Info] (cu_hello_main) copper address located at path: /lustre/orion/world-shared/stf243/hagertnl/CUG26/copper_run/osu/copper_logs/4200817/copper_address_book.txt
2026-03-12 21-00-59.461 [Info] (cu_hello_main) facility address book filename path: /sw/frontier/ums/ums046/copper/olcf_copper_addressbook.txt
2026-03-12 21-00-59.461 [Info] (cu_hello_main) output filename path: /lustre/orion/world-shared/stf243/hagertnl/CUG26/copper_run/osu/copper_logs/4200817/frontier04478-2308324-output.log
2026-03-12 21-00-59.461 [Debug] (cu_hello_main)  
2026-03-12 21-00-59.461 [Info] (cu_hello_main) hostname found to be: frontier08927
2026-03-12 21-00-59.461 [Debug] (process_args) -tpath was found: /
2026-03-12 21-00-59.461 [Debug] (process_args) -vpath was found: /tmp/hagertnl/copper
2026-03-12 21-00-59.461 [Debug] (process_args) -log_level was found: 6
2026-03-12 21-00-59.461 [Debug] (process_args) -log_type was found: file
2026-03-12 21-00-59.461 [Debug] (process_args) -log_output_dir was found: /lustre/orion/world-shared/stf243/hagertnl/CUG26/copper_run/osu/copper_logs/4200817
2026-03-12 21-00-59.461 [Debug] (process_args) -net_type was found: cxi://cxi1
2026-03-12 21-00-59.461 [Debug] (process_args) -trees was found: 1
2026-03-12 21-00-59.461 [Debug] (process_args) -nf was found: /lustre/orion/world-shared/stf243/hagertnl/CUG26/copper_run/osu/copper_logs/4200817/node_file.txt
2026-03-12 21-00-59.461 [Debug] (process_args) -max_cacheable_byte_size was found: 10485760
2026-03-12 21-00-59.461 [Debug] (process_args) -facility_address_book was found: /sw/frontier/ums/ums046/copper/olcf_copper_addressbook.txt
2026-03-12 21-00-59.461 [Info] (cu_hello_main) copper address located at path: /lustre/orion/world-shared/stf243/hagertnl/CUG26/copper_run/osu/copper_logs/4200817/copper_address_book.txt
2026-03-12 21-00-59.461 [Info] (cu_hello_main) facility address book filename path: /sw/frontier/ums/ums046/copper/olcf_copper_addressbook.txt
2026-03-12 21-00-59.461 [Info] (cu_hello_main) output filename path: /lustre/orion/world-shared/stf243/hagertnl/CUG26/copper_run/osu/copper_logs/4200817/frontier08927-299518-output.log
2026-03-12 21-00-59.462 [Debug] (cu_hello_main)  
2026-03-12 21-00-59.462 [Info] (cu_hello_main) hostname found to be: frontier09453
2026-03-12 21-00-59.462 [Debug] (process_args) -tpath was found: /
2026-03-12 21-00-59.462 [Debug] (process_args) -vpath was found: /tmp/hagertnl/copper
2026-03-12 21-00-59.462 [Debug] (process_args) -log_level was found: 6
2026-03-12 21-00-59.462 [Debug] (process_args) -log_type was found: file
2026-03-12 21-00-59.462 [Debug] (process_args) -log_output_dir was found: /lustre/orion/world-shared/stf243/hagertnl/CUG26/copper_run/osu/copper_logs/4200817
2026-03-12 21-00-59.462 [Debug] (process_args) -net_type was found: cxi://cxi1
2026-03-12 21-00-59.462 [Debug] (process_args) -trees was found: 1
2026-03-12 21-00-59.462 [Debug] (process_args) -nf was found: /lustre/orion/world-shared/stf243/hagertnl/CUG26/copper_run/osu/copper_logs/4200817/node_file.txt
2026-03-12 21-00-59.462 [Debug] (process_args) -max_cacheable_byte_size was found: 10485760
2026-03-12 21-00-59.462 [Debug] (process_args) -facility_address_book was found: /sw/frontier/ums/ums046/copper/olcf_copper_addressbook.txt
2026-03-12 21-00-59.462 [Debug] (cu_hello_main)  
2026-03-12 21-00-59.462 [Info] (cu_hello_main) hostname found to be: frontier06990
2026-03-12 21-00-59.462 [Debug] (process_args) -tpath was found: /
2026-03-12 21-00-59.462 [Debug] (cu_hello_main)  
2026-03-12 21-00-59.462 [Info] (cu_hello_main) hostname found to be: frontier01642
2026-03-12 21-00-59.462 [Info] (cu_hello_main) copper address located at path: /lustre/orion/world-shared/stf243/hagertnl/CUG26/copper_run/osu/copper_logs/4200817/copper_address_book.txt
2026-03-12 21-00-59.462 [Info] (cu_hello_main) facility address book filename path: /sw/frontier/ums/ums046/copper/olcf_copper_addressbook.txt
2026-03-12 21-00-59.462 [Info] (cu_hello_main) output filename path: /lustre/orion/world-shared/stf243/hagertnl/CUG26/copper_run/osu/copper_logs/4200817/frontier09453-202144-output.log
2026-03-12 21-00-59.462 [Debug] (process_args) -vpath was found: /tmp/hagertnl/copper
2026-03-12 21-00-59.462 [Debug] (process_args) -log_level was found: 6
2026-03-12 21-00-59.462 [Debug] (process_args) -log_type was found: file
2026-03-12 21-00-59.462 [Debug] (process_args) -log_output_dir was found: /lustre/orion/world-shared/stf243/hagertnl/CUG26/copper_run/osu/copper_logs/4200817
2026-03-12 21-00-59.462 [Debug] (process_args) -net_type was found: cxi://cxi1
2026-03-12 21-00-59.462 [Debug] (process_args) -trees was found: 1
2026-03-12 21-00-59.462 [Debug] (process_args) -tpath was found: /
2026-03-12 21-00-59.462 [Debug] (process_args) -vpath was found: /tmp/hagertnl/copper
2026-03-12 21-00-59.462 [Debug] (process_args) -log_level was found: 6
2026-03-12 21-00-59.462 [Debug] (process_args) -log_type was found: file
2026-03-12 21-00-59.462 [Debug] (process_args) -log_output_dir was found: /lustre/orion/world-shared/stf243/hagertnl/CUG26/copper_run/osu/copper_logs/4200817
2026-03-12 21-00-59.462 [Debug] (process_args) -net_type was found: cxi://cxi1
2026-03-12 21-00-59.462 [Debug] (process_args) -trees was found: 1
2026-03-12 21-00-59.462 [Debug] (process_args) -nf was found: /lustre/orion/world-shared/stf243/hagertnl/CUG26/copper_run/osu/copper_logs/4200817/node_file.txt
2026-03-12 21-00-59.462 [Debug] (process_args) -max_cacheable_byte_size was found: 10485760
2026-03-12 21-00-59.462 [Debug] (process_args) -facility_address_book was found: /sw/frontier/ums/ums046/copper/olcf_copper_addressbook.txt
2026-03-12 21-00-59.462 [Info] (cu_hello_main) copper address located at path: /lustre/orion/world-shared/stf243/hagertnl/CUG26/copper_run/osu/copper_logs/4200817/copper_address_book.txt
2026-03-12 21-00-59.462 [Info] (cu_hello_main) facility address book filename path: /sw/frontier/ums/ums046/copper/olcf_copper_addressbook.txt
2026-03-12 21-00-59.462 [Debug] (process_args) -nf was found: /lustre/orion/world-shared/stf243/hagertnl/CUG26/copper_run/osu/copper_logs/4200817/node_file.txt
2026-03-12 21-00-59.462 [Debug] (process_args) -max_cacheable_byte_size was found: 10485760
2026-03-12 21-00-59.462 [Debug] (process_args) -facility_address_book was found: /sw/frontier/ums/ums046/copper/olcf_copper_addressbook.txt
2026-03-12 21-00-59.462 [Info] (cu_hello_main) copper address located at path: /lustre/orion/world-shared/stf243/hagertnl/CUG26/copper_run/osu/copper_logs/4200817/copper_address_book.txt
2026-03-12 21-00-59.462 [Info] (cu_hello_main) output filename path: /lustre/orion/world-shared/stf243/hagertnl/CUG26/copper_run/osu/copper_logs/4200817/frontier06990-185228-output.log
2026-03-12 21-00-59.462 [Info] (cu_hello_main) facility address book filename path: /sw/frontier/ums/ums046/copper/olcf_copper_addressbook.txt
2026-03-12 21-00-59.462 [Info] (cu_hello_main) output filename path: /lustre/orion/world-shared/stf243/hagertnl/CUG26/copper_run/osu/copper_logs/4200817/frontier01642-1397367-output.log
2026-03-12 21-00-59.462 [Debug] (cu_hello_main)  
2026-03-12 21-00-59.462 [Info] (cu_hello_main) hostname found to be: frontier04606
2026-03-12 21-00-59.462 [Debug] (process_args) -tpath was found: /
2026-03-12 21-00-59.462 [Debug] (process_args) -vpath was found: /tmp/hagertnl/copper
2026-03-12 21-00-59.462 [Debug] (process_args) -log_level was found: 6
2026-03-12 21-00-59.462 [Debug] (process_args) -log_type was found: file
2026-03-12 21-00-59.462 [Debug] (process_args) -log_output_dir was found: /lustre/orion/world-shared/stf243/hagertnl/CUG26/copper_run/osu/copper_logs/4200817
2026-03-12 21-00-59.462 [Debug] (process_args) -net_type was found: cxi://cxi1
2026-03-12 21-00-59.462 [Debug] (process_args) -trees was found: 1
2026-03-12 21-00-59.462 [Debug] (process_args) -nf was found: /lustre/orion/world-shared/stf243/hagertnl/CUG26/copper_run/osu/copper_logs/4200817/node_file.txt
2026-03-12 21-00-59.462 [Debug] (process_args) -max_cacheable_byte_size was found: 10485760
2026-03-12 21-00-59.462 [Debug] (process_args) -facility_address_book was found: /sw/frontier/ums/ums046/copper/olcf_copper_addressbook.txt
2026-03-12 21-00-59.462 [Info] (cu_hello_main) copper address located at path: /lustre/orion/world-shared/stf243/hagertnl/CUG26/copper_run/osu/copper_logs/4200817/copper_address_book.txt
2026-03-12 21-00-59.462 [Info] (cu_hello_main) facility address book filename path: /sw/frontier/ums/ums046/copper/olcf_copper_addressbook.txt
2026-03-12 21-00-59.462 [Info] (cu_hello_main) output filename path: /lustre/orion/world-shared/stf243/hagertnl/CUG26/copper_run/osu/copper_logs/4200817/frontier04606-235635-output.log
2026-03-12 21-00-59.462 [Debug] (cu_hello_main)  
2026-03-12 21-00-59.462 [Info] (cu_hello_main) hostname found to be: frontier07998
2026-03-12 21-00-59.462 [Debug] (process_args) -tpath was found: /
2026-03-12 21-00-59.462 [Debug] (process_args) -vpath was found: /tmp/hagertnl/copper
2026-03-12 21-00-59.462 [Debug] (cu_hello_main)  
2026-03-12 21-00-59.462 [Info] (cu_hello_main) hostname found to be: frontier07923
2026-03-12 21-00-59.462 [Debug] (process_args) -log_level was found: 6
2026-03-12 21-00-59.462 [Debug] (process_args) -log_type was found: file
2026-03-12 21-00-59.462 [Debug] (process_args) -log_output_dir was found: /lustre/orion/world-shared/stf243/hagertnl/CUG26/copper_run/osu/copper_logs/4200817
2026-03-12 21-00-59.462 [Debug] (process_args) -net_type was found: cxi://cxi1
2026-03-12 21-00-59.462 [Debug] (process_args) -trees was found: 1
2026-03-12 21-00-59.462 [Debug] (process_args) -tpath was found: /
2026-03-12 21-00-59.462 [Debug] (process_args) -vpath was found: /tmp/hagertnl/copper
2026-03-12 21-00-59.462 [Debug] (process_args) -log_level was found: 6
2026-03-12 21-00-59.462 [Debug] (process_args) -log_type was found: file
2026-03-12 21-00-59.462 [Debug] (process_args) -log_output_dir was found: /lustre/orion/world-shared/stf243/hagertnl/CUG26/copper_run/osu/copper_logs/4200817
2026-03-12 21-00-59.462 [Debug] (process_args) -nf was found: /lustre/orion/world-shared/stf243/hagertnl/CUG26/copper_run/osu/copper_logs/4200817/node_file.txt
2026-03-12 21-00-59.462 [Debug] (process_args) -max_cacheable_byte_size was found: 10485760
2026-03-12 21-00-59.462 [Debug] (process_args) -net_type was found: cxi://cxi1
2026-03-12 21-00-59.462 [Debug] (process_args) -trees was found: 1
2026-03-12 21-00-59.462 [Debug] (process_args) -nf was found: /lustre/orion/world-shared/stf243/hagertnl/CUG26/copper_run/osu/copper_logs/4200817/node_file.txt
2026-03-12 21-00-59.462 [Debug] (process_args) -max_cacheable_byte_size was found: 10485760
2026-03-12 21-00-59.462 [Debug] (process_args) -facility_address_book was found: /sw/frontier/ums/ums046/copper/olcf_copper_addressbook.txt
2026-03-12 21-00-59.462 [Debug] (process_args) -facility_address_book was found: /sw/frontier/ums/ums046/copper/olcf_copper_addressbook.txt
2026-03-12 21-00-59.462 [Info] (cu_hello_main) copper address located at path: /lustre/orion/world-shared/stf243/hagertnl/CUG26/copper_run/osu/copper_logs/4200817/copper_address_book.txt
2026-03-12 21-00-59.462 [Info] (cu_hello_main) copper address located at path: /lustre/orion/world-shared/stf243/hagertnl/CUG26/copper_run/osu/copper_logs/4200817/copper_address_book.txt
2026-03-12 21-00-59.462 [Info] (cu_hello_main) facility address book filename path: /sw/frontier/ums/ums046/copper/olcf_copper_addressbook.txt
2026-03-12 21-00-59.462 [Info] (cu_hello_main) facility address book filename path: /sw/frontier/ums/ums046/copper/olcf_copper_addressbook.txt
2026-03-12 21-00-59.462 [Info] (cu_hello_main) output filename path: /lustre/orion/world-shared/stf243/hagertnl/CUG26/copper_run/osu/copper_logs/4200817/frontier07998-1538936-output.log
2026-03-12 21-00-59.462 [Info] (cu_hello_main) output filename path: /lustre/orion/world-shared/stf243/hagertnl/CUG26/copper_run/osu/copper_logs/4200817/frontier07923-1074914-output.log
2026-03-12 21-00-59.463 [Debug] (cu_hello_main)  
2026-03-12 21-00-59.463 [Info] (cu_hello_main) hostname found to be: frontier04067
2026-03-12 21-00-59.463 [Debug] (process_args) -tpath was found: /
2026-03-12 21-00-59.463 [Debug] (process_args) -vpath was found: /tmp/hagertnl/copper
2026-03-12 21-00-59.463 [Debug] (process_args) -log_level was found: 6
2026-03-12 21-00-59.463 [Debug] (process_args) -log_type was found: file
2026-03-12 21-00-59.463 [Debug] (process_args) -log_output_dir was found: /lustre/orion/world-shared/stf243/hagertnl/CUG26/copper_run/osu/copper_logs/4200817
2026-03-12 21-00-59.463 [Debug] (process_args) -net_type was found: cxi://cxi1
2026-03-12 21-00-59.463 [Debug] (process_args) -trees was found: 1
2026-03-12 21-00-59.463 [Debug] (process_args) -nf was found: /lustre/orion/world-shared/stf243/hagertnl/CUG26/copper_run/osu/copper_logs/4200817/node_file.txt
2026-03-12 21-00-59.463 [Debug] (process_args) -max_cacheable_byte_size was found: 10485760
2026-03-12 21-00-59.463 [Debug] (process_args) -facility_address_book was found: /sw/frontier/ums/ums046/copper/olcf_copper_addressbook.txt
2026-03-12 21-00-59.463 [Info] (cu_hello_main) copper address located at path: /lustre/orion/world-shared/stf243/hagertnl/CUG26/copper_run/osu/copper_logs/4200817/copper_address_book.txt
2026-03-12 21-00-59.463 [Info] (cu_hello_main) facility address book filename path: /sw/frontier/ums/ums046/copper/olcf_copper_addressbook.txt
2026-03-12 21-00-59.463 [Info] (cu_hello_main) output filename path: /lustre/orion/world-shared/stf243/hagertnl/CUG26/copper_run/osu/copper_logs/4200817/frontier04067-1925162-output.log
2026-03-12 21-00-59.463 [Debug] (cu_hello_main)  
2026-03-12 21-00-59.463 [Info] (cu_hello_main) hostname found to be: frontier03687
2026-03-12 21-00-59.463 [Debug] (process_args) -tpath was found: /
2026-03-12 21-00-59.463 [Debug] (process_args) -vpath was found: /tmp/hagertnl/copper
2026-03-12 21-00-59.463 [Debug] (process_args) -log_level was found: 6
2026-03-12 21-00-59.463 [Debug] (process_args) -log_type was found: file
2026-03-12 21-00-59.463 [Debug] (process_args) -log_output_dir was found: /lustre/orion/world-shared/stf243/hagertnl/CUG26/copper_run/osu/copper_logs/4200817
2026-03-12 21-00-59.463 [Debug] (process_args) -net_type was found: cxi://cxi1
2026-03-12 21-00-59.463 [Debug] (process_args) -trees was found: 1
2026-03-12 21-00-59.463 [Debug] (process_args) -nf was found: /lustre/orion/world-shared/stf243/hagertnl/CUG26/copper_run/osu/copper_logs/4200817/node_file.txt
2026-03-12 21-00-59.463 [Debug] (process_args) -max_cacheable_byte_size was found: 10485760
2026-03-12 21-00-59.463 [Debug] (process_args) -facility_address_book was found: /sw/frontier/ums/ums046/copper/olcf_copper_addressbook.txt
2026-03-12 21-00-59.463 [Debug] (cu_hello_main)  
2026-03-12 21-00-59.463 [Info] (cu_hello_main) hostname found to be: frontier06643
2026-03-12 21-00-59.463 [Info] (cu_hello_main) copper address located at path: /lustre/orion/world-shared/stf243/hagertnl/CUG26/copper_run/osu/copper_logs/4200817/copper_address_book.txt
2026-03-12 21-00-59.463 [Debug] (process_args) -tpath was found: /
2026-03-12 21-00-59.463 [Debug] (process_args) -vpath was found: /tmp/hagertnl/copper
2026-03-12 21-00-59.463 [Debug] (process_args) -log_level was found: 6
2026-03-12 21-00-59.463 [Debug] (process_args) -log_type was found: file
2026-03-12 21-00-59.463 [Debug] (process_args) -log_output_dir was found: /lustre/orion/world-shared/stf243/hagertnl/CUG26/copper_run/osu/copper_logs/4200817
2026-03-12 21-00-59.463 [Debug] (process_args) -net_type was found: cxi://cxi1
2026-03-12 21-00-59.463 [Debug] (process_args) -trees was found: 1
2026-03-12 21-00-59.463 [Info] (cu_hello_main) facility address book filename path: /sw/frontier/ums/ums046/copper/olcf_copper_addressbook.txt
2026-03-12 21-00-59.463 [Debug] (process_args) -nf was found: /lustre/orion/world-shared/stf243/hagertnl/CUG26/copper_run/osu/copper_logs/4200817/node_file.txt
2026-03-12 21-00-59.463 [Debug] (process_args) -max_cacheable_byte_size was found: 10485760
2026-03-12 21-00-59.463 [Debug] (process_args) -facility_address_book was found: /sw/frontier/ums/ums046/copper/olcf_copper_addressbook.txt
2026-03-12 21-00-59.463 [Info] (cu_hello_main) output filename path: /lustre/orion/world-shared/stf243/hagertnl/CUG26/copper_run/osu/copper_logs/4200817/frontier03687-1201322-output.log
2026-03-12 21-00-59.463 [Info] (cu_hello_main) copper address located at path: /lustre/orion/world-shared/stf243/hagertnl/CUG26/copper_run/osu/copper_logs/4200817/copper_address_book.txt
2026-03-12 21-00-59.463 [Info] (cu_hello_main) facility address book filename path: /sw/frontier/ums/ums046/copper/olcf_copper_addressbook.txt
2026-03-12 21-00-59.463 [Info] (cu_hello_main) output filename path: /lustre/orion/world-shared/stf243/hagertnl/CUG26/copper_run/osu/copper_logs/4200817/frontier06643-1215756-output.log
2026-03-12 21-00-59.464 [Debug] (cu_hello_main)  
2026-03-12 21-00-59.464 [Info] (cu_hello_main) hostname found to be: frontier05369
2026-03-12 21-00-59.464 [Debug] (process_args) -tpath was found: /
2026-03-12 21-00-59.464 [Debug] (process_args) -vpath was found: /tmp/hagertnl/copper
2026-03-12 21-00-59.464 [Debug] (process_args) -log_level was found: 6
2026-03-12 21-00-59.464 [Debug] (process_args) -log_type was found: file
2026-03-12 21-00-59.464 [Debug] (process_args) -log_output_dir was found: /lustre/orion/world-shared/stf243/hagertnl/CUG26/copper_run/osu/copper_logs/4200817
2026-03-12 21-00-59.464 [Debug] (process_args) -net_type was found: cxi://cxi1
2026-03-12 21-00-59.464 [Debug] (process_args) -trees was found: 1
2026-03-12 21-00-59.464 [Debug] (process_args) -nf was found: /lustre/orion/world-shared/stf243/hagertnl/CUG26/copper_run/osu/copper_logs/4200817/node_file.txt
2026-03-12 21-00-59.464 [Debug] (process_args) -max_cacheable_byte_size was found: 10485760
2026-03-12 21-00-59.464 [Debug] (process_args) -facility_address_book was found: /sw/frontier/ums/ums046/copper/olcf_copper_addressbook.txt
2026-03-12 21-00-59.464 [Info] (cu_hello_main) copper address located at path: /lustre/orion/world-shared/stf243/hagertnl/CUG26/copper_run/osu/copper_logs/4200817/copper_address_book.txt
2026-03-12 21-00-59.464 [Info] (cu_hello_main) facility address book filename path: /sw/frontier/ums/ums046/copper/olcf_copper_addressbook.txt
2026-03-12 21-00-59.464 [Debug] (cu_hello_main)  
2026-03-12 21-00-59.464 [Info] (cu_hello_main) hostname found to be: frontier01780
2026-03-12 21-00-59.464 [Debug] (process_args) -tpath was found: /
2026-03-12 21-00-59.464 [Info] (cu_hello_main) output filename path: /lustre/orion/world-shared/stf243/hagertnl/CUG26/copper_run/osu/copper_logs/4200817/frontier05369-1633630-output.log
2026-03-12 21-00-59.464 [Debug] (process_args) -vpath was found: /tmp/hagertnl/copper
2026-03-12 21-00-59.464 [Debug] (process_args) -log_level was found: 6
2026-03-12 21-00-59.464 [Debug] (process_args) -log_type was found: file
2026-03-12 21-00-59.464 [Debug] (process_args) -log_output_dir was found: /lustre/orion/world-shared/stf243/hagertnl/CUG26/copper_run/osu/copper_logs/4200817
2026-03-12 21-00-59.464 [Debug] (process_args) -net_type was found: cxi://cxi1
2026-03-12 21-00-59.464 [Debug] (process_args) -trees was found: 1
2026-03-12 21-00-59.464 [Debug] (process_args) -nf was found: /lustre/orion/world-shared/stf243/hagertnl/CUG26/copper_run/osu/copper_logs/4200817/node_file.txt
2026-03-12 21-00-59.464 [Debug] (process_args) -max_cacheable_byte_size was found: 10485760
2026-03-12 21-00-59.464 [Debug] (process_args) -facility_address_book was found: /sw/frontier/ums/ums046/copper/olcf_copper_addressbook.txt
2026-03-12 21-00-59.464 [Info] (cu_hello_main) copper address located at path: /lustre/orion/world-shared/stf243/hagertnl/CUG26/copper_run/osu/copper_logs/4200817/copper_address_book.txt
2026-03-12 21-00-59.464 [Info] (cu_hello_main) facility address book filename path: /sw/frontier/ums/ums046/copper/olcf_copper_addressbook.txt
2026-03-12 21-00-59.464 [Info] (cu_hello_main) output filename path: /lustre/orion/world-shared/stf243/hagertnl/CUG26/copper_run/osu/copper_logs/4200817/frontier01780-1476822-output.log
2026-03-12 21-00-59.465 [Debug] (cu_hello_main)  
2026-03-12 21-00-59.465 [Info] (cu_hello_main) hostname found to be: frontier00890
2026-03-12 21-00-59.465 [Debug] (process_args) -tpath was found: /
2026-03-12 21-00-59.465 [Debug] (process_args) -vpath was found: /tmp/hagertnl/copper
2026-03-12 21-00-59.465 [Debug] (process_args) -log_level was found: 6
2026-03-12 21-00-59.465 [Debug] (process_args) -log_type was found: file
2026-03-12 21-00-59.465 [Debug] (process_args) -log_output_dir was found: /lustre/orion/world-shared/stf243/hagertnl/CUG26/copper_run/osu/copper_logs/4200817
2026-03-12 21-00-59.465 [Debug] (process_args) -net_type was found: cxi://cxi1
2026-03-12 21-00-59.465 [Debug] (process_args) -trees was found: 1
2026-03-12 21-00-59.465 [Debug] (process_args) -nf was found: /lustre/orion/world-shared/stf243/hagertnl/CUG26/copper_run/osu/copper_logs/4200817/node_file.txt
2026-03-12 21-00-59.465 [Debug] (process_args) -max_cacheable_byte_size was found: 10485760
2026-03-12 21-00-59.465 [Debug] (process_args) -facility_address_book was found: /sw/frontier/ums/ums046/copper/olcf_copper_addressbook.txt
2026-03-12 21-00-59.465 [Info] (cu_hello_main) copper address located at path: /lustre/orion/world-shared/stf243/hagertnl/CUG26/copper_run/osu/copper_logs/4200817/copper_address_book.txt
2026-03-12 21-00-59.465 [Info] (cu_hello_main) facility address book filename path: /sw/frontier/ums/ums046/copper/olcf_copper_addressbook.txt
2026-03-12 21-00-59.465 [Debug] (cu_hello_main)  
2026-03-12 21-00-59.465 [Info] (cu_hello_main) hostname found to be: frontier00105
2026-03-12 21-00-59.465 [Info] (cu_hello_main) output filename path: /lustre/orion/world-shared/stf243/hagertnl/CUG26/copper_run/osu/copper_logs/4200817/frontier00890-319408-output.log
2026-03-12 21-00-59.465 [Debug] (process_args) -tpath was found: /
2026-03-12 21-00-59.465 [Debug] (process_args) -vpath was found: /tmp/hagertnl/copper
2026-03-12 21-00-59.465 [Debug] (process_args) -log_level was found: 6
2026-03-12 21-00-59.465 [Debug] (process_args) -log_type was found: file
2026-03-12 21-00-59.465 [Debug] (process_args) -log_output_dir was found: /lustre/orion/world-shared/stf243/hagertnl/CUG26/copper_run/osu/copper_logs/4200817
2026-03-12 21-00-59.465 [Debug] (process_args) -net_type was found: cxi://cxi1
2026-03-12 21-00-59.465 [Debug] (process_args) -trees was found: 1
2026-03-12 21-00-59.465 [Debug] (process_args) -nf was found: /lustre/orion/world-shared/stf243/hagertnl/CUG26/copper_run/osu/copper_logs/4200817/node_file.txt
2026-03-12 21-00-59.465 [Debug] (process_args) -max_cacheable_byte_size was found: 10485760
2026-03-12 21-00-59.465 [Debug] (process_args) -facility_address_book was found: /sw/frontier/ums/ums046/copper/olcf_copper_addressbook.txt
2026-03-12 21-00-59.465 [Info] (cu_hello_main) copper address located at path: /lustre/orion/world-shared/stf243/hagertnl/CUG26/copper_run/osu/copper_logs/4200817/copper_address_book.txt
2026-03-12 21-00-59.465 [Info] (cu_hello_main) facility address book filename path: /sw/frontier/ums/ums046/copper/olcf_copper_addressbook.txt
2026-03-12 21-00-59.465 [Info] (cu_hello_main) output filename path: /lustre/orion/world-shared/stf243/hagertnl/CUG26/copper_run/osu/copper_logs/4200817/frontier00105-2302562-output.log
2026-03-12 21-00-59.465 [Debug] (cu_hello_main)  
2026-03-12 21-00-59.465 [Info] (cu_hello_main) hostname found to be: frontier08134
2026-03-12 21-00-59.465 [Debug] (process_args) -tpath was found: /
2026-03-12 21-00-59.465 [Debug] (process_args) -vpath was found: /tmp/hagertnl/copper
2026-03-12 21-00-59.465 [Debug] (process_args) -log_level was found: 6
2026-03-12 21-00-59.465 [Debug] (process_args) -log_type was found: file
2026-03-12 21-00-59.465 [Debug] (process_args) -log_output_dir was found: /lustre/orion/world-shared/stf243/hagertnl/CUG26/copper_run/osu/copper_logs/4200817
2026-03-12 21-00-59.465 [Debug] (process_args) -net_type was found: cxi://cxi1
2026-03-12 21-00-59.465 [Debug] (process_args) -trees was found: 1
2026-03-12 21-00-59.465 [Debug] (cu_hello_main)  
2026-03-12 21-00-59.465 [Info] (cu_hello_main) hostname found to be: frontier06901
2026-03-12 21-00-59.466 [Debug] (process_args) -tpath was found: /
2026-03-12 21-00-59.466 [Debug] (process_args) -vpath was found: /tmp/hagertnl/copper
2026-03-12 21-00-59.466 [Debug] (process_args) -log_level was found: 6
2026-03-12 21-00-59.466 [Debug] (process_args) -log_type was found: file
2026-03-12 21-00-59.465 [Debug] (process_args) -nf was found: /lustre/orion/world-shared/stf243/hagertnl/CUG26/copper_run/osu/copper_logs/4200817/node_file.txt
2026-03-12 21-00-59.465 [Debug] (process_args) -max_cacheable_byte_size was found: 10485760
2026-03-12 21-00-59.465 [Debug] (process_args) -facility_address_book was found: /sw/frontier/ums/ums046/copper/olcf_copper_addressbook.txt
2026-03-12 21-00-59.465 [Info] (cu_hello_main) copper address located at path: /lustre/orion/world-shared/stf243/hagertnl/CUG26/copper_run/osu/copper_logs/4200817/copper_address_book.txt
2026-03-12 21-00-59.466 [Debug] (process_args) -log_output_dir was found: /lustre/orion/world-shared/stf243/hagertnl/CUG26/copper_run/osu/copper_logs/4200817
2026-03-12 21-00-59.466 [Debug] (process_args) -net_type was found: cxi://cxi1
2026-03-12 21-00-59.466 [Debug] (process_args) -trees was found: 1
2026-03-12 21-00-59.466 [Debug] (process_args) -nf was found: /lustre/orion/world-shared/stf243/hagertnl/CUG26/copper_run/osu/copper_logs/4200817/node_file.txt
2026-03-12 21-00-59.466 [Debug] (process_args) -max_cacheable_byte_size was found: 10485760
2026-03-12 21-00-59.466 [Debug] (process_args) -facility_address_book was found: /sw/frontier/ums/ums046/copper/olcf_copper_addressbook.txt
2026-03-12 21-00-59.465 [Info] (cu_hello_main) facility address book filename path: /sw/frontier/ums/ums046/copper/olcf_copper_addressbook.txt
2026-03-12 21-00-59.466 [Info] (cu_hello_main) copper address located at path: /lustre/orion/world-shared/stf243/hagertnl/CUG26/copper_run/osu/copper_logs/4200817/copper_address_book.txt
2026-03-12 21-00-59.466 [Info] (cu_hello_main) facility address book filename path: /sw/frontier/ums/ums046/copper/olcf_copper_addressbook.txt
2026-03-12 21-00-59.466 [Info] (cu_hello_main) output filename path: /lustre/orion/world-shared/stf243/hagertnl/CUG26/copper_run/osu/copper_logs/4200817/frontier06901-1630972-output.log
2026-03-12 21-00-59.465 [Debug] (cu_hello_main)  
2026-03-12 21-00-59.466 [Info] (cu_hello_main) hostname found to be: frontier07671
2026-03-12 21-00-59.466 [Debug] (process_args) -tpath was found: /
2026-03-12 21-00-59.465 [Info] (cu_hello_main) output filename path: /lustre/orion/world-shared/stf243/hagertnl/CUG26/copper_run/osu/copper_logs/4200817/frontier08134-253383-output.log
2026-03-12 21-00-59.466 [Debug] (process_args) -vpath was found: /tmp/hagertnl/copper
2026-03-12 21-00-59.466 [Debug] (process_args) -log_level was found: 6
2026-03-12 21-00-59.466 [Debug] (process_args) -log_type was found: file
2026-03-12 21-00-59.466 [Debug] (process_args) -log_output_dir was found: /lustre/orion/world-shared/stf243/hagertnl/CUG26/copper_run/osu/copper_logs/4200817
2026-03-12 21-00-59.466 [Debug] (process_args) -net_type was found: cxi://cxi1
2026-03-12 21-00-59.466 [Debug] (process_args) -trees was found: 1
2026-03-12 21-00-59.466 [Debug] (process_args) -nf was found: /lustre/orion/world-shared/stf243/hagertnl/CUG26/copper_run/osu/copper_logs/4200817/node_file.txt
2026-03-12 21-00-59.466 [Debug] (process_args) -max_cacheable_byte_size was found: 10485760
2026-03-12 21-00-59.466 [Debug] (process_args) -facility_address_book was found: /sw/frontier/ums/ums046/copper/olcf_copper_addressbook.txt
2026-03-12 21-00-59.466 [Info] (cu_hello_main) copper address located at path: /lustre/orion/world-shared/stf243/hagertnl/CUG26/copper_run/osu/copper_logs/4200817/copper_address_book.txt
2026-03-12 21-00-59.466 [Info] (cu_hello_main) facility address book filename path: /sw/frontier/ums/ums046/copper/olcf_copper_addressbook.txt
2026-03-12 21-00-59.466 [Info] (cu_hello_main) output filename path: /lustre/orion/world-shared/stf243/hagertnl/CUG26/copper_run/osu/copper_logs/4200817/frontier07671-246541-output.log
2026-03-12 21-00-59.466 [Debug] (cu_hello_main)  
2026-03-12 21-00-59.466 [Info] (cu_hello_main) hostname found to be: frontier05704
2026-03-12 21-00-59.466 [Debug] (process_args) -tpath was found: /
2026-03-12 21-00-59.466 [Debug] (process_args) -vpath was found: /tmp/hagertnl/copper
2026-03-12 21-00-59.466 [Debug] (process_args) -log_level was found: 6
2026-03-12 21-00-59.466 [Debug] (process_args) -log_type was found: file
2026-03-12 21-00-59.466 [Debug] (process_args) -log_output_dir was found: /lustre/orion/world-shared/stf243/hagertnl/CUG26/copper_run/osu/copper_logs/4200817
2026-03-12 21-00-59.466 [Debug] (process_args) -net_type was found: cxi://cxi1
2026-03-12 21-00-59.466 [Debug] (process_args) -trees was found: 1
2026-03-12 21-00-59.466 [Debug] (process_args) -nf was found: /lustre/orion/world-shared/stf243/hagertnl/CUG26/copper_run/osu/copper_logs/4200817/node_file.txt
2026-03-12 21-00-59.466 [Debug] (process_args) -max_cacheable_byte_size was found: 10485760
2026-03-12 21-00-59.466 [Debug] (process_args) -facility_address_book was found: /sw/frontier/ums/ums046/copper/olcf_copper_addressbook.txt
2026-03-12 21-00-59.466 [Info] (cu_hello_main) copper address located at path: /lustre/orion/world-shared/stf243/hagertnl/CUG26/copper_run/osu/copper_logs/4200817/copper_address_book.txt
2026-03-12 21-00-59.466 [Info] (cu_hello_main) facility address book filename path: /sw/frontier/ums/ums046/copper/olcf_copper_addressbook.txt
2026-03-12 21-00-59.466 [Info] (cu_hello_main) output filename path: /lustre/orion/world-shared/stf243/hagertnl/CUG26/copper_run/osu/copper_logs/4200817/frontier05704-670066-output.log
2026-03-12 21-00-59.466 [Debug] (cu_hello_main)  
2026-03-12 21-00-59.466 [Info] (cu_hello_main) hostname found to be: frontier00366
2026-03-12 21-00-59.466 [Debug] (process_args) -tpath was found: /
2026-03-12 21-00-59.466 [Debug] (process_args) -vpath was found: /tmp/hagertnl/copper
2026-03-12 21-00-59.466 [Debug] (process_args) -log_level was found: 6
2026-03-12 21-00-59.466 [Debug] (process_args) -log_type was found: file
2026-03-12 21-00-59.466 [Debug] (process_args) -log_output_dir was found: /lustre/orion/world-shared/stf243/hagertnl/CUG26/copper_run/osu/copper_logs/4200817
2026-03-12 21-00-59.466 [Debug] (process_args) -net_type was found: cxi://cxi1
2026-03-12 21-00-59.466 [Debug] (process_args) -trees was found: 1
2026-03-12 21-00-59.466 [Debug] (cu_hello_main)  
2026-03-12 21-00-59.466 [Info] (cu_hello_main) hostname found to be: frontier04736
2026-03-12 21-00-59.466 [Debug] (process_args) -tpath was found: /
2026-03-12 21-00-59.466 [Debug] (process_args) -vpath was found: /tmp/hagertnl/copper
2026-03-12 21-00-59.466 [Debug] (process_args) -log_level was found: 6
2026-03-12 21-00-59.466 [Debug] (process_args) -nf was found: /lustre/orion/world-shared/stf243/hagertnl/CUG26/copper_run/osu/copper_logs/4200817/node_file.txt
2026-03-12 21-00-59.466 [Debug] (process_args) -log_type was found: file
2026-03-12 21-00-59.466 [Debug] (process_args) -log_output_dir was found: /lustre/orion/world-shared/stf243/hagertnl/CUG26/copper_run/osu/copper_logs/4200817
2026-03-12 21-00-59.466 [Debug] (process_args) -net_type was found: cxi://cxi1
2026-03-12 21-00-59.466 [Debug] (process_args) -trees was found: 1
2026-03-12 21-00-59.466 [Debug] (process_args) -nf was found: /lustre/orion/world-shared/stf243/hagertnl/CUG26/copper_run/osu/copper_logs/4200817/node_file.txt
2026-03-12 21-00-59.466 [Debug] (process_args) -max_cacheable_byte_size was found: 10485760
2026-03-12 21-00-59.466 [Debug] (process_args) -facility_address_book was found: /sw/frontier/ums/ums046/copper/olcf_copper_addressbook.txt
2026-03-12 21-00-59.466 [Debug] (process_args) -max_cacheable_byte_size was found: 10485760
2026-03-12 21-00-59.466 [Info] (cu_hello_main) copper address located at path: /lustre/orion/world-shared/stf243/hagertnl/CUG26/copper_run/osu/copper_logs/4200817/copper_address_book.txt
2026-03-12 21-00-59.466 [Info] (cu_hello_main) facility address book filename path: /sw/frontier/ums/ums046/copper/olcf_copper_addressbook.txt
2026-03-12 21-00-59.466 [Info] (cu_hello_main) output filename path: /lustre/orion/world-shared/stf243/hagertnl/CUG26/copper_run/osu/copper_logs/4200817/frontier04736-228969-output.log
2026-03-12 21-00-59.466 [Debug] (process_args) -facility_address_book was found: /sw/frontier/ums/ums046/copper/olcf_copper_addressbook.txt
2026-03-12 21-00-59.466 [Debug] (cu_hello_main)  
2026-03-12 21-00-59.466 [Info] (cu_hello_main) hostname found to be: frontier09309
2026-03-12 21-00-59.466 [Debug] (process_args) -tpath was found: /
2026-03-12 21-00-59.466 [Debug] (process_args) -vpath was found: /tmp/hagertnl/copper
2026-03-12 21-00-59.466 [Debug] (cu_hello_main)  
2026-03-12 21-00-59.466 [Info] (cu_hello_main) hostname found to be: frontier06003
2026-03-12 21-00-59.466 [Debug] (process_args) -tpath was found: /
2026-03-12 21-00-59.466 [Debug] (process_args) -vpath was found: /tmp/hagertnl/copper
2026-03-12 21-00-59.466 [Info] (cu_hello_main) copper address located at path: /lustre/orion/world-shared/stf243/hagertnl/CUG26/copper_run/osu/copper_logs/4200817/copper_address_book.txt
2026-03-12 21-00-59.466 [Debug] (process_args) -log_level was found: 6
2026-03-12 21-00-59.466 [Debug] (process_args) -log_type was found: file
2026-03-12 21-00-59.466 [Debug] (process_args) -log_output_dir was found: /lustre/orion/world-shared/stf243/hagertnl/CUG26/copper_run/osu/copper_logs/4200817
2026-03-12 21-00-59.466 [Debug] (process_args) -net_type was found: cxi://cxi1
2026-03-12 21-00-59.466 [Debug] (process_args) -trees was found: 1
2026-03-12 21-00-59.466 [Debug] (process_args) -nf was found: /lustre/orion/world-shared/stf243/hagertnl/CUG26/copper_run/osu/copper_logs/4200817/node_file.txt
2026-03-12 21-00-59.466 [Debug] (process_args) -max_cacheable_byte_size was found: 10485760
2026-03-12 21-00-59.466 [Debug] (process_args) -facility_address_book was found: /sw/frontier/ums/ums046/copper/olcf_copper_addressbook.txt
2026-03-12 21-00-59.466 [Debug] (process_args) -log_level was found: 6
2026-03-12 21-00-59.466 [Debug] (process_args) -log_type was found: file
2026-03-12 21-00-59.466 [Debug] (process_args) -log_output_dir was found: /lustre/orion/world-shared/stf243/hagertnl/CUG26/copper_run/osu/copper_logs/4200817
2026-03-12 21-00-59.466 [Debug] (process_args) -net_type was found: cxi://cxi1
2026-03-12 21-00-59.466 [Debug] (process_args) -trees was found: 1
2026-03-12 21-00-59.466 [Debug] (process_args) -nf was found: /lustre/orion/world-shared/stf243/hagertnl/CUG26/copper_run/osu/copper_logs/4200817/node_file.txt
2026-03-12 21-00-59.466 [Info] (cu_hello_main) facility address book filename path: /sw/frontier/ums/ums046/copper/olcf_copper_addressbook.txt
2026-03-12 21-00-59.466 [Info] (cu_hello_main) copper address located at path: /lustre/orion/world-shared/stf243/hagertnl/CUG26/copper_run/osu/copper_logs/4200817/copper_address_book.txt
2026-03-12 21-00-59.466 [Info] (cu_hello_main) facility address book filename path: /sw/frontier/ums/ums046/copper/olcf_copper_addressbook.txt
2026-03-12 21-00-59.466 [Info] (cu_hello_main) output filename path: /lustre/orion/world-shared/stf243/hagertnl/CUG26/copper_run/osu/copper_logs/4200817/frontier09309-1589357-output.log
2026-03-12 21-00-59.466 [Debug] (process_args) -max_cacheable_byte_size was found: 10485760
2026-03-12 21-00-59.466 [Debug] (process_args) -facility_address_book was found: /sw/frontier/ums/ums046/copper/olcf_copper_addressbook.txt
2026-03-12 21-00-59.466 [Info] (cu_hello_main) copper address located at path: /lustre/orion/world-shared/stf243/hagertnl/CUG26/copper_run/osu/copper_logs/4200817/copper_address_book.txt
2026-03-12 21-00-59.466 [Info] (cu_hello_main) facility address book filename path: /sw/frontier/ums/ums046/copper/olcf_copper_addressbook.txt
2026-03-12 21-00-59.466 [Info] (cu_hello_main) output filename path: /lustre/orion/world-shared/stf243/hagertnl/CUG26/copper_run/osu/copper_logs/4200817/frontier00366-1217769-output.log
2026-03-12 21-00-59.466 [Info] (cu_hello_main) output filename path: /lustre/orion/world-shared/stf243/hagertnl/CUG26/copper_run/osu/copper_logs/4200817/frontier06003-1271157-output.log
2026-03-12 21-00-59.467 [Debug] (cu_hello_main)  
2026-03-12 21-00-59.467 [Info] (cu_hello_main) hostname found to be: frontier03941
2026-03-12 21-00-59.467 [Debug] (process_args) -tpath was found: /
2026-03-12 21-00-59.467 [Debug] (process_args) -vpath was found: /tmp/hagertnl/copper
2026-03-12 21-00-59.467 [Debug] (process_args) -log_level was found: 6
2026-03-12 21-00-59.467 [Debug] (process_args) -log_type was found: file
2026-03-12 21-00-59.467 [Debug] (process_args) -log_output_dir was found: /lustre/orion/world-shared/stf243/hagertnl/CUG26/copper_run/osu/copper_logs/4200817
2026-03-12 21-00-59.467 [Debug] (process_args) -net_type was found: cxi://cxi1
2026-03-12 21-00-59.467 [Debug] (process_args) -trees was found: 1
2026-03-12 21-00-59.467 [Debug] (process_args) -nf was found: /lustre/orion/world-shared/stf243/hagertnl/CUG26/copper_run/osu/copper_logs/4200817/node_file.txt
2026-03-12 21-00-59.467 [Debug] (process_args) -max_cacheable_byte_size was found: 10485760
2026-03-12 21-00-59.467 [Debug] (process_args) -facility_address_book was found: /sw/frontier/ums/ums046/copper/olcf_copper_addressbook.txt
2026-03-12 21-00-59.467 [Info] (cu_hello_main) copper address located at path: /lustre/orion/world-shared/stf243/hagertnl/CUG26/copper_run/osu/copper_logs/4200817/copper_address_book.txt
2026-03-12 21-00-59.467 [Info] (cu_hello_main) facility address book filename path: /sw/frontier/ums/ums046/copper/olcf_copper_addressbook.txt
2026-03-12 21-00-59.467 [Info] (cu_hello_main) output filename path: /lustre/orion/world-shared/stf243/hagertnl/CUG26/copper_run/osu/copper_logs/4200817/frontier03941-1776265-output.log
2026-03-12 21-00-59.468 [Debug] (cu_hello_main)  
2026-03-12 21-00-59.468 [Info] (cu_hello_main) hostname found to be: frontier00751
2026-03-12 21-00-59.468 [Debug] (cu_hello_main)  
2026-03-12 21-00-59.468 [Info] (cu_hello_main) hostname found to be: frontier08505
2026-03-12 21-00-59.468 [Debug] (process_args) -tpath was found: /
2026-03-12 21-00-59.468 [Debug] (process_args) -vpath was found: /tmp/hagertnl/copper
2026-03-12 21-00-59.467 [Debug] (cu_hello_main)  
2026-03-12 21-00-59.468 [Info] (cu_hello_main) hostname found to be: frontier00619
2026-03-12 21-00-59.468 [Debug] (process_args) -tpath was found: /
2026-03-12 21-00-59.468 [Debug] (process_args) -vpath was found: /tmp/hagertnl/copper
2026-03-12 21-00-59.468 [Debug] (process_args) -log_level was found: 6
2026-03-12 21-00-59.468 [Debug] (process_args) -log_type was found: file
2026-03-12 21-00-59.468 [Debug] (process_args) -tpath was found: /
2026-03-12 21-00-59.468 [Debug] (process_args) -vpath was found: /tmp/hagertnl/copper
2026-03-12 21-00-59.468 [Debug] (process_args) -log_level was found: 6
2026-03-12 21-00-59.468 [Debug] (process_args) -log_type was found: file
2026-03-12 21-00-59.468 [Debug] (process_args) -log_output_dir was found: /lustre/orion/world-shared/stf243/hagertnl/CUG26/copper_run/osu/copper_logs/4200817
2026-03-12 21-00-59.468 [Debug] (process_args) -net_type was found: cxi://cxi1
2026-03-12 21-00-59.468 [Debug] (process_args) -log_level was found: 6
2026-03-12 21-00-59.468 [Debug] (process_args) -log_type was found: file
2026-03-12 21-00-59.468 [Debug] (process_args) -log_output_dir was found: /lustre/orion/world-shared/stf243/hagertnl/CUG26/copper_run/osu/copper_logs/4200817
2026-03-12 21-00-59.468 [Debug] (process_args) -net_type was found: cxi://cxi1
2026-03-12 21-00-59.468 [Debug] (process_args) -trees was found: 1
2026-03-12 21-00-59.468 [Debug] (process_args) -log_output_dir was found: /lustre/orion/world-shared/stf243/hagertnl/CUG26/copper_run/osu/copper_logs/4200817
2026-03-12 21-00-59.468 [Debug] (process_args) -net_type was found: cxi://cxi1
2026-03-12 21-00-59.468 [Debug] (process_args) -trees was found: 1
2026-03-12 21-00-59.468 [Debug] (process_args) -nf was found: /lustre/orion/world-shared/stf243/hagertnl/CUG26/copper_run/osu/copper_logs/4200817/node_file.txt
2026-03-12 21-00-59.468 [Debug] (process_args) -max_cacheable_byte_size was found: 10485760
2026-03-12 21-00-59.468 [Debug] (process_args) -facility_address_book was found: /sw/frontier/ums/ums046/copper/olcf_copper_addressbook.txt
2026-03-12 21-00-59.468 [Debug] (process_args) -trees was found: 1
2026-03-12 21-00-59.468 [Debug] (process_args) -nf was found: /lustre/orion/world-shared/stf243/hagertnl/CUG26/copper_run/osu/copper_logs/4200817/node_file.txt
2026-03-12 21-00-59.468 [Debug] (process_args) -max_cacheable_byte_size was found: 10485760
2026-03-12 21-00-59.468 [Debug] (process_args) -facility_address_book was found: /sw/frontier/ums/ums046/copper/olcf_copper_addressbook.txt
2026-03-12 21-00-59.468 [Debug] (process_args) -nf was found: /lustre/orion/world-shared/stf243/hagertnl/CUG26/copper_run/osu/copper_logs/4200817/node_file.txt
2026-03-12 21-00-59.468 [Debug] (process_args) -max_cacheable_byte_size was found: 10485760
2026-03-12 21-00-59.468 [Info] (cu_hello_main) copper address located at path: /lustre/orion/world-shared/stf243/hagertnl/CUG26/copper_run/osu/copper_logs/4200817/copper_address_book.txt
2026-03-12 21-00-59.468 [Info] (cu_hello_main) facility address book filename path: /sw/frontier/ums/ums046/copper/olcf_copper_addressbook.txt
2026-03-12 21-00-59.468 [Info] (cu_hello_main) output filename path: /lustre/orion/world-shared/stf243/hagertnl/CUG26/copper_run/osu/copper_logs/4200817/frontier00619-1642531-output.log
2026-03-12 21-00-59.468 [Info] (cu_hello_main) copper address located at path: /lustre/orion/world-shared/stf243/hagertnl/CUG26/copper_run/osu/copper_logs/4200817/copper_address_book.txt
2026-03-12 21-00-59.468 [Debug] (process_args) -facility_address_book was found: /sw/frontier/ums/ums046/copper/olcf_copper_addressbook.txt
2026-03-12 21-00-59.468 [Info] (cu_hello_main) facility address book filename path: /sw/frontier/ums/ums046/copper/olcf_copper_addressbook.txt
2026-03-12 21-00-59.468 [Info] (cu_hello_main) copper address located at path: /lustre/orion/world-shared/stf243/hagertnl/CUG26/copper_run/osu/copper_logs/4200817/copper_address_book.txt
2026-03-12 21-00-59.468 [Debug] (cu_hello_main)  
2026-03-12 21-00-59.468 [Info] (cu_hello_main) hostname found to be: frontier02806
2026-03-12 21-00-59.468 [Debug] (process_args) -tpath was found: /
2026-03-12 21-00-59.468 [Debug] (process_args) -vpath was found: /tmp/hagertnl/copper
2026-03-12 21-00-59.468 [Debug] (process_args) -log_level was found: 6
2026-03-12 21-00-59.468 [Info] (cu_hello_main) output filename path: /lustre/orion/world-shared/stf243/hagertnl/CUG26/copper_run/osu/copper_logs/4200817/frontier08505-2935715-output.log
2026-03-12 21-00-59.468 [Info] (cu_hello_main) facility address book filename path: /sw/frontier/ums/ums046/copper/olcf_copper_addressbook.txt
2026-03-12 21-00-59.468 [Debug] (process_args) -log_type was found: file
2026-03-12 21-00-59.468 [Debug] (process_args) -log_output_dir was found: /lustre/orion/world-shared/stf243/hagertnl/CUG26/copper_run/osu/copper_logs/4200817
2026-03-12 21-00-59.468 [Debug] (process_args) -net_type was found: cxi://cxi1
2026-03-12 21-00-59.468 [Debug] (process_args) -trees was found: 1
2026-03-12 21-00-59.468 [Debug] (process_args) -nf was found: /lustre/orion/world-shared/stf243/hagertnl/CUG26/copper_run/osu/copper_logs/4200817/node_file.txt
2026-03-12 21-00-59.468 [Debug] (process_args) -max_cacheable_byte_size was found: 10485760
2026-03-12 21-00-59.468 [Debug] (process_args) -facility_address_book was found: /sw/frontier/ums/ums046/copper/olcf_copper_addressbook.txt
2026-03-12 21-00-59.468 [Info] (cu_hello_main) output filename path: /lustre/orion/world-shared/stf243/hagertnl/CUG26/copper_run/osu/copper_logs/4200817/frontier00751-1027722-output.log
2026-03-12 21-00-59.468 [Info] (cu_hello_main) copper address located at path: /lustre/orion/world-shared/stf243/hagertnl/CUG26/copper_run/osu/copper_logs/4200817/copper_address_book.txt
2026-03-12 21-00-59.468 [Info] (cu_hello_main) facility address book filename path: /sw/frontier/ums/ums046/copper/olcf_copper_addressbook.txt
2026-03-12 21-00-59.468 [Info] (cu_hello_main) output filename path: /lustre/orion/world-shared/stf243/hagertnl/CUG26/copper_run/osu/copper_logs/4200817/frontier02806-1305986-output.log
2026-03-12 21-00-59.469 [Debug] (cu_hello_main)  
2026-03-12 21-00-59.469 [Info] (cu_hello_main) hostname found to be: frontier04986
2026-03-12 21-00-59.469 [Debug] (process_args) -tpath was found: /
2026-03-12 21-00-59.469 [Debug] (process_args) -vpath was found: /tmp/hagertnl/copper
2026-03-12 21-00-59.469 [Debug] (process_args) -log_level was found: 6
2026-03-12 21-00-59.469 [Debug] (process_args) -log_type was found: file
2026-03-12 21-00-59.469 [Debug] (process_args) -log_output_dir was found: /lustre/orion/world-shared/stf243/hagertnl/CUG26/copper_run/osu/copper_logs/4200817
2026-03-12 21-00-59.469 [Debug] (process_args) -net_type was found: cxi://cxi1
2026-03-12 21-00-59.469 [Debug] (process_args) -trees was found: 1
2026-03-12 21-00-59.469 [Debug] (process_args) -nf was found: /lustre/orion/world-shared/stf243/hagertnl/CUG26/copper_run/osu/copper_logs/4200817/node_file.txt
2026-03-12 21-00-59.469 [Debug] (process_args) -max_cacheable_byte_size was found: 10485760
2026-03-12 21-00-59.469 [Debug] (process_args) -facility_address_book was found: /sw/frontier/ums/ums046/copper/olcf_copper_addressbook.txt
2026-03-12 21-00-59.469 [Info] (cu_hello_main) copper address located at path: /lustre/orion/world-shared/stf243/hagertnl/CUG26/copper_run/osu/copper_logs/4200817/copper_address_book.txt
2026-03-12 21-00-59.469 [Info] (cu_hello_main) facility address book filename path: /sw/frontier/ums/ums046/copper/olcf_copper_addressbook.txt
2026-03-12 21-00-59.469 [Info] (cu_hello_main) output filename path: /lustre/orion/world-shared/stf243/hagertnl/CUG26/copper_run/osu/copper_logs/4200817/frontier04986-198692-output.log
2026-03-12 21-00-59.470 [Debug] (cu_hello_main)  
2026-03-12 21-00-59.470 [Info] (cu_hello_main) hostname found to be: frontier04324
2026-03-12 21-00-59.470 [Debug] (process_args) -tpath was found: /
2026-03-12 21-00-59.470 [Debug] (process_args) -vpath was found: /tmp/hagertnl/copper
2026-03-12 21-00-59.470 [Debug] (process_args) -log_level was found: 6
2026-03-12 21-00-59.470 [Debug] (process_args) -log_type was found: file
2026-03-12 21-00-59.470 [Debug] (process_args) -log_output_dir was found: /lustre/orion/world-shared/stf243/hagertnl/CUG26/copper_run/osu/copper_logs/4200817
2026-03-12 21-00-59.470 [Debug] (process_args) -net_type was found: cxi://cxi1
2026-03-12 21-00-59.470 [Debug] (process_args) -trees was found: 1
2026-03-12 21-00-59.470 [Debug] (process_args) -nf was found: /lustre/orion/world-shared/stf243/hagertnl/CUG26/copper_run/osu/copper_logs/4200817/node_file.txt
2026-03-12 21-00-59.470 [Debug] (process_args) -max_cacheable_byte_size was found: 10485760
2026-03-12 21-00-59.470 [Debug] (process_args) -facility_address_book was found: /sw/frontier/ums/ums046/copper/olcf_copper_addressbook.txt
2026-03-12 21-00-59.470 [Info] (cu_hello_main) copper address located at path: /lustre/orion/world-shared/stf243/hagertnl/CUG26/copper_run/osu/copper_logs/4200817/copper_address_book.txt
2026-03-12 21-00-59.470 [Info] (cu_hello_main) facility address book filename path: /sw/frontier/ums/ums046/copper/olcf_copper_addressbook.txt
2026-03-12 21-00-59.470 [Info] (cu_hello_main) output filename path: /lustre/orion/world-shared/stf243/hagertnl/CUG26/copper_run/osu/copper_logs/4200817/frontier04324-1221991-output.log
2026-03-12 21-00-59.470 [Debug] (cu_hello_main)  
2026-03-12 21-00-59.470 [Info] (cu_hello_main) hostname found to be: frontier05494
2026-03-12 21-00-59.470 [Debug] (process_args) -tpath was found: /
2026-03-12 21-00-59.470 [Debug] (process_args) -vpath was found: /tmp/hagertnl/copper
2026-03-12 21-00-59.470 [Debug] (process_args) -log_level was found: 6
2026-03-12 21-00-59.470 [Debug] (process_args) -log_type was found: file
2026-03-12 21-00-59.470 [Debug] (process_args) -log_output_dir was found: /lustre/orion/world-shared/stf243/hagertnl/CUG26/copper_run/osu/copper_logs/4200817
2026-03-12 21-00-59.470 [Debug] (process_args) -net_type was found: cxi://cxi1
2026-03-12 21-00-59.470 [Debug] (process_args) -trees was found: 1
2026-03-12 21-00-59.470 [Debug] (process_args) -nf was found: /lustre/orion/world-shared/stf243/hagertnl/CUG26/copper_run/osu/copper_logs/4200817/node_file.txt
2026-03-12 21-00-59.470 [Debug] (process_args) -max_cacheable_byte_size was found: 10485760
2026-03-12 21-00-59.470 [Debug] (process_args) -facility_address_book was found: /sw/frontier/ums/ums046/copper/olcf_copper_addressbook.txt
2026-03-12 21-00-59.470 [Info] (cu_hello_main) copper address located at path: /lustre/orion/world-shared/stf243/hagertnl/CUG26/copper_run/osu/copper_logs/4200817/copper_address_book.txt
2026-03-12 21-00-59.470 [Info] (cu_hello_main) facility address book filename path: /sw/frontier/ums/ums046/copper/olcf_copper_addressbook.txt
2026-03-12 21-00-59.470 [Info] (cu_hello_main) output filename path: /lustre/orion/world-shared/stf243/hagertnl/CUG26/copper_run/osu/copper_logs/4200817/frontier05494-267982-output.log
2026-03-12 21-00-59.475 [Debug] (cu_hello_main)  
2026-03-12 21-00-59.475 [Info] (cu_hello_main) hostname found to be: frontier07743
2026-03-12 21-00-59.475 [Debug] (process_args) -tpath was found: /
2026-03-12 21-00-59.475 [Debug] (process_args) -vpath was found: /tmp/hagertnl/copper
2026-03-12 21-00-59.475 [Debug] (process_args) -log_level was found: 6
2026-03-12 21-00-59.475 [Debug] (process_args) -log_type was found: file
2026-03-12 21-00-59.475 [Debug] (process_args) -log_output_dir was found: /lustre/orion/world-shared/stf243/hagertnl/CUG26/copper_run/osu/copper_logs/4200817
2026-03-12 21-00-59.475 [Debug] (process_args) -net_type was found: cxi://cxi1
2026-03-12 21-00-59.475 [Debug] (process_args) -trees was found: 1
2026-03-12 21-00-59.475 [Debug] (cu_hello_main)  
2026-03-12 21-00-59.475 [Info] (cu_hello_main) hostname found to be: frontier02431
2026-03-12 21-00-59.475 [Debug] (process_args) -nf was found: /lustre/orion/world-shared/stf243/hagertnl/CUG26/copper_run/osu/copper_logs/4200817/node_file.txt
2026-03-12 21-00-59.475 [Debug] (process_args) -max_cacheable_byte_size was found: 10485760
2026-03-12 21-00-59.475 [Debug] (process_args) -facility_address_book was found: /sw/frontier/ums/ums046/copper/olcf_copper_addressbook.txt
2026-03-12 21-00-59.475 [Debug] (process_args) -tpath was found: /
2026-03-12 21-00-59.475 [Debug] (process_args) -vpath was found: /tmp/hagertnl/copper
2026-03-12 21-00-59.475 [Debug] (process_args) -log_level was found: 6
2026-03-12 21-00-59.475 [Debug] (process_args) -log_type was found: file
2026-03-12 21-00-59.475 [Debug] (process_args) -log_output_dir was found: /lustre/orion/world-shared/stf243/hagertnl/CUG26/copper_run/osu/copper_logs/4200817
2026-03-12 21-00-59.475 [Debug] (process_args) -net_type was found: cxi://cxi1
2026-03-12 21-00-59.475 [Info] (cu_hello_main) copper address located at path: /lustre/orion/world-shared/stf243/hagertnl/CUG26/copper_run/osu/copper_logs/4200817/copper_address_book.txt
2026-03-12 21-00-59.475 [Debug] (process_args) -trees was found: 1
2026-03-12 21-00-59.475 [Debug] (process_args) -nf was found: /lustre/orion/world-shared/stf243/hagertnl/CUG26/copper_run/osu/copper_logs/4200817/node_file.txt
2026-03-12 21-00-59.475 [Debug] (process_args) -max_cacheable_byte_size was found: 10485760
2026-03-12 21-00-59.475 [Debug] (process_args) -facility_address_book was found: /sw/frontier/ums/ums046/copper/olcf_copper_addressbook.txt
2026-03-12 21-00-59.475 [Info] (cu_hello_main) copper address located at path: /lustre/orion/world-shared/stf243/hagertnl/CUG26/copper_run/osu/copper_logs/4200817/copper_address_book.txt
2026-03-12 21-00-59.475 [Info] (cu_hello_main) facility address book filename path: /sw/frontier/ums/ums046/copper/olcf_copper_addressbook.txt
2026-03-12 21-00-59.475 [Info] (cu_hello_main) facility address book filename path: /sw/frontier/ums/ums046/copper/olcf_copper_addressbook.txt
2026-03-12 21-00-59.475 [Info] (cu_hello_main) output filename path: /lustre/orion/world-shared/stf243/hagertnl/CUG26/copper_run/osu/copper_logs/4200817/frontier07743-954361-output.log
2026-03-12 21-00-59.475 [Info] (cu_hello_main) output filename path: /lustre/orion/world-shared/stf243/hagertnl/CUG26/copper_run/osu/copper_logs/4200817/frontier02431-199009-output.log
2026-03-12 21-00-59.476 [Debug] (cu_hello_main)  
2026-03-12 21-00-59.476 [Info] (cu_hello_main) hostname found to be: frontier03566
2026-03-12 21-00-59.476 [Debug] (process_args) -tpath was found: /
2026-03-12 21-00-59.476 [Debug] (process_args) -vpath was found: /tmp/hagertnl/copper
2026-03-12 21-00-59.476 [Debug] (process_args) -log_level was found: 6
2026-03-12 21-00-59.476 [Debug] (process_args) -log_type was found: file
2026-03-12 21-00-59.476 [Debug] (process_args) -log_output_dir was found: /lustre/orion/world-shared/stf243/hagertnl/CUG26/copper_run/osu/copper_logs/4200817
2026-03-12 21-00-59.476 [Debug] (process_args) -net_type was found: cxi://cxi1
2026-03-12 21-00-59.476 [Debug] (process_args) -trees was found: 1
2026-03-12 21-00-59.476 [Debug] (process_args) -nf was found: /lustre/orion/world-shared/stf243/hagertnl/CUG26/copper_run/osu/copper_logs/4200817/node_file.txt
2026-03-12 21-00-59.476 [Debug] (process_args) -max_cacheable_byte_size was found: 10485760
2026-03-12 21-00-59.476 [Debug] (process_args) -facility_address_book was found: /sw/frontier/ums/ums046/copper/olcf_copper_addressbook.txt
2026-03-12 21-00-59.476 [Info] (cu_hello_main) copper address located at path: /lustre/orion/world-shared/stf243/hagertnl/CUG26/copper_run/osu/copper_logs/4200817/copper_address_book.txt
2026-03-12 21-00-59.476 [Info] (cu_hello_main) facility address book filename path: /sw/frontier/ums/ums046/copper/olcf_copper_addressbook.txt
2026-03-12 21-00-59.476 [Info] (cu_hello_main) output filename path: /lustre/orion/world-shared/stf243/hagertnl/CUG26/copper_run/osu/copper_logs/4200817/frontier03566-1942277-output.log
2026-03-12 21-00-59.480 [Debug] (cu_hello_main)  
2026-03-12 21-00-59.480 [Info] (cu_hello_main) hostname found to be: frontier07160
2026-03-12 21-00-59.480 [Debug] (process_args) -tpath was found: /
2026-03-12 21-00-59.480 [Debug] (process_args) -vpath was found: /tmp/hagertnl/copper
2026-03-12 21-00-59.480 [Debug] (process_args) -log_level was found: 6
2026-03-12 21-00-59.480 [Debug] (process_args) -log_type was found: file
2026-03-12 21-00-59.480 [Debug] (process_args) -log_output_dir was found: /lustre/orion/world-shared/stf243/hagertnl/CUG26/copper_run/osu/copper_logs/4200817
2026-03-12 21-00-59.480 [Debug] (process_args) -net_type was found: cxi://cxi1
2026-03-12 21-00-59.480 [Debug] (process_args) -trees was found: 1
2026-03-12 21-00-59.480 [Debug] (process_args) -nf was found: /lustre/orion/world-shared/stf243/hagertnl/CUG26/copper_run/osu/copper_logs/4200817/node_file.txt
2026-03-12 21-00-59.480 [Debug] (process_args) -max_cacheable_byte_size was found: 10485760
2026-03-12 21-00-59.480 [Debug] (process_args) -facility_address_book was found: /sw/frontier/ums/ums046/copper/olcf_copper_addressbook.txt
2026-03-12 21-00-59.480 [Info] (cu_hello_main) copper address located at path: /lustre/orion/world-shared/stf243/hagertnl/CUG26/copper_run/osu/copper_logs/4200817/copper_address_book.txt
2026-03-12 21-00-59.480 [Info] (cu_hello_main) facility address book filename path: /sw/frontier/ums/ums046/copper/olcf_copper_addressbook.txt
2026-03-12 21-00-59.480 [Info] (cu_hello_main) output filename path: /lustre/orion/world-shared/stf243/hagertnl/CUG26/copper_run/osu/copper_logs/4200817/frontier07160-223668-output.log
2026-03-12 21-00-59.480 [Debug] (cu_hello_main)  
2026-03-12 21-00-59.480 [Info] (cu_hello_main) hostname found to be: frontier00889
2026-03-12 21-00-59.480 [Debug] (process_args) -tpath was found: /
2026-03-12 21-00-59.480 [Debug] (process_args) -vpath was found: /tmp/hagertnl/copper
2026-03-12 21-00-59.480 [Debug] (process_args) -log_level was found: 6
2026-03-12 21-00-59.480 [Debug] (process_args) -log_type was found: file
2026-03-12 21-00-59.480 [Debug] (process_args) -log_output_dir was found: /lustre/orion/world-shared/stf243/hagertnl/CUG26/copper_run/osu/copper_logs/4200817
2026-03-12 21-00-59.480 [Debug] (process_args) -net_type was found: cxi://cxi1
2026-03-12 21-00-59.480 [Debug] (process_args) -trees was found: 1
2026-03-12 21-00-59.480 [Debug] (process_args) -nf was found: /lustre/orion/world-shared/stf243/hagertnl/CUG26/copper_run/osu/copper_logs/4200817/node_file.txt
2026-03-12 21-00-59.480 [Debug] (process_args) -max_cacheable_byte_size was found: 10485760
2026-03-12 21-00-59.480 [Debug] (process_args) -facility_address_book was found: /sw/frontier/ums/ums046/copper/olcf_copper_addressbook.txt
2026-03-12 21-00-59.480 [Info] (cu_hello_main) copper address located at path: /lustre/orion/world-shared/stf243/hagertnl/CUG26/copper_run/osu/copper_logs/4200817/copper_address_book.txt
2026-03-12 21-00-59.480 [Info] (cu_hello_main) facility address book filename path: /sw/frontier/ums/ums046/copper/olcf_copper_addressbook.txt
2026-03-12 21-00-59.480 [Info] (cu_hello_main) output filename path: /lustre/orion/world-shared/stf243/hagertnl/CUG26/copper_run/osu/copper_logs/4200817/frontier00889-765572-output.log
2026-03-12 21-00-59.482 [Debug] (cu_hello_main)  
2026-03-12 21-00-59.482 [Info] (cu_hello_main) hostname found to be: frontier05878
2026-03-12 21-00-59.482 [Debug] (process_args) -tpath was found: /
2026-03-12 21-00-59.482 [Debug] (process_args) -vpath was found: /tmp/hagertnl/copper
2026-03-12 21-00-59.482 [Debug] (process_args) -log_level was found: 6
2026-03-12 21-00-59.482 [Debug] (process_args) -log_type was found: file
2026-03-12 21-00-59.482 [Debug] (process_args) -log_output_dir was found: /lustre/orion/world-shared/stf243/hagertnl/CUG26/copper_run/osu/copper_logs/4200817
2026-03-12 21-00-59.482 [Debug] (process_args) -net_type was found: cxi://cxi1
2026-03-12 21-00-59.482 [Debug] (process_args) -trees was found: 1
2026-03-12 21-00-59.482 [Debug] (process_args) -nf was found: /lustre/orion/world-shared/stf243/hagertnl/CUG26/copper_run/osu/copper_logs/4200817/node_file.txt
2026-03-12 21-00-59.482 [Debug] (process_args) -max_cacheable_byte_size was found: 10485760
2026-03-12 21-00-59.482 [Debug] (process_args) -facility_address_book was found: /sw/frontier/ums/ums046/copper/olcf_copper_addressbook.txt
2026-03-12 21-00-59.482 [Info] (cu_hello_main) copper address located at path: /lustre/orion/world-shared/stf243/hagertnl/CUG26/copper_run/osu/copper_logs/4200817/copper_address_book.txt
2026-03-12 21-00-59.482 [Info] (cu_hello_main) facility address book filename path: /sw/frontier/ums/ums046/copper/olcf_copper_addressbook.txt
2026-03-12 21-00-59.482 [Info] (cu_hello_main) output filename path: /lustre/orion/world-shared/stf243/hagertnl/CUG26/copper_run/osu/copper_logs/4200817/frontier05878-1758604-output.log
2026-03-12 21-00-59.653 [Debug] (cu_hello_main)  
2026-03-12 21-00-59.653 [Info] (cu_hello_main) hostname found to be: frontier05625
2026-03-12 21-00-59.653 [Debug] (process_args) -tpath was found: /
2026-03-12 21-00-59.653 [Debug] (process_args) -vpath was found: /tmp/hagertnl/copper
2026-03-12 21-00-59.653 [Debug] (process_args) -log_level was found: 6
2026-03-12 21-00-59.653 [Debug] (process_args) -log_type was found: file
2026-03-12 21-00-59.653 [Debug] (process_args) -log_output_dir was found: /lustre/orion/world-shared/stf243/hagertnl/CUG26/copper_run/osu/copper_logs/4200817
2026-03-12 21-00-59.653 [Debug] (process_args) -net_type was found: cxi://cxi1
2026-03-12 21-00-59.653 [Debug] (process_args) -trees was found: 1
2026-03-12 21-00-59.653 [Debug] (process_args) -nf was found: /lustre/orion/world-shared/stf243/hagertnl/CUG26/copper_run/osu/copper_logs/4200817/node_file.txt
2026-03-12 21-00-59.653 [Debug] (process_args) -max_cacheable_byte_size was found: 10485760
2026-03-12 21-00-59.653 [Debug] (process_args) -facility_address_book was found: /sw/frontier/ums/ums046/copper/olcf_copper_addressbook.txt
2026-03-12 21-00-59.653 [Info] (cu_hello_main) copper address located at path: /lustre/orion/world-shared/stf243/hagertnl/CUG26/copper_run/osu/copper_logs/4200817/copper_address_book.txt
2026-03-12 21-00-59.653 [Info] (cu_hello_main) facility address book filename path: /sw/frontier/ums/ums046/copper/olcf_copper_addressbook.txt
2026-03-12 21-00-59.653 [Info] (cu_hello_main) output filename path: /lustre/orion/world-shared/stf243/hagertnl/CUG26/copper_run/osu/copper_logs/4200817/frontier05625-1285497-output.log
2026-03-12 21-00-59.683 [Debug] (cu_hello_main)  
2026-03-12 21-00-59.683 [Info] (cu_hello_main) hostname found to be: frontier09067
2026-03-12 21-00-59.683 [Debug] (process_args) -tpath was found: /
2026-03-12 21-00-59.683 [Debug] (process_args) -vpath was found: /tmp/hagertnl/copper
2026-03-12 21-00-59.683 [Debug] (process_args) -log_level was found: 6
2026-03-12 21-00-59.683 [Debug] (process_args) -log_type was found: file
2026-03-12 21-00-59.683 [Debug] (process_args) -log_output_dir was found: /lustre/orion/world-shared/stf243/hagertnl/CUG26/copper_run/osu/copper_logs/4200817
2026-03-12 21-00-59.683 [Debug] (process_args) -net_type was found: cxi://cxi1
2026-03-12 21-00-59.683 [Debug] (process_args) -trees was found: 1
2026-03-12 21-00-59.683 [Debug] (process_args) -nf was found: /lustre/orion/world-shared/stf243/hagertnl/CUG26/copper_run/osu/copper_logs/4200817/node_file.txt
2026-03-12 21-00-59.683 [Debug] (process_args) -max_cacheable_byte_size was found: 10485760
2026-03-12 21-00-59.683 [Debug] (process_args) -facility_address_book was found: /sw/frontier/ums/ums046/copper/olcf_copper_addressbook.txt
2026-03-12 21-00-59.683 [Info] (cu_hello_main) copper address located at path: /lustre/orion/world-shared/stf243/hagertnl/CUG26/copper_run/osu/copper_logs/4200817/copper_address_book.txt
2026-03-12 21-00-59.683 [Info] (cu_hello_main) facility address book filename path: /sw/frontier/ums/ums046/copper/olcf_copper_addressbook.txt
2026-03-12 21-00-59.683 [Info] (cu_hello_main) output filename path: /lustre/orion/world-shared/stf243/hagertnl/CUG26/copper_run/osu/copper_logs/4200817/frontier09067-1445545-output.log
+ echo 'Launching Copper Gracefully On All Nodes : End'
Launching Copper Gracefully On All Nodes : End
+ ldd /tmp/hagertnl/copper/lustre/orion/stf243/world-shared/hagertnl/CUG26/benchmark_builds/osu/install-osu-7.5.1/libexec/osu-micro-benchmarks/mpi/startup/osu_init
	linux-vdso.so.1 (0x00007fffed9ce000)
	libamdhip64.so.6 => /opt/rocm-6.4.2/lib/libamdhip64.so.6 (0x00007fffec1ed000)
	libm.so.6 => /lib64/libm.so.6 (0x00007fffec0ed000)
	libdarshan.so.0 => /sw/frontier/spack-envs/cpe25.09-cpu/opt/llvm-amdgpu-6.4.2/darshan-runtime-3.4.7-tvdocpzv3jfj4y6ki5jvmmkics323gon/lib/libdarshan.so.0 (0x00007fffec09e000)
	libz.so.1 => /usr/lib64/libz.so.1 (0x00007fffec085000)
	libmpi_amd.so.12 => /opt/cray/pe/mpich/9.0.1/ofi/amd/6.0/lib/libmpi_amd.so.12 (0x00007fffeaf35000)
	libmpi_gtl_hsa.so.0 => /opt/cray/pe/mpich/9.0.1/ofi/amd/6.0/lib/libmpi_gtl_hsa.so.0 (0x00007fffeae8a000)
	libxpmem.so.0 => /usr/lib64/libxpmem.so.0 (0x00007fffeae87000)
	libstdc++.so.6 => /usr/lib64/libstdc++.so.6 (0x00007fffeac31000)
	libgcc_s.so.1 => /lib64/libgcc_s.so.1 (0x00007fffeac04000)
	libc.so.6 => /lib64/libc.so.6 (0x00007fffea9ef000)
	librocprofiler-register.so.0 => /opt/rocm-6.4.2/lib/librocprofiler-register.so.0 (0x00007fffea96e000)
	libamd_comgr.so.3 => /opt/rocm-6.4.2/lib/libamd_comgr.so.3 (0x00007fffe11c1000)
	libhsa-runtime64.so.1 => /opt/rocm-6.4.2/lib/libhsa-runtime64.so.1 (0x00007fffe0e77000)
	libnuma.so.1 => /usr/lib64/libnuma.so.1 (0x00007fffe0c00000)
	/lib64/ld-linux-x86-64.so.2 (0x00007fffed9d0000)
	libfabric.so.1 => /opt/cray/libfabric/1.22.0/lib64/libfabric.so.1 (0x00007fffe0ac9000)
	libatomic.so.1 => /usr/lib64/libatomic.so.1 (0x00007fffe0e6b000)
	libpmi.so.0 => /opt/cray/pe/pmi/6.1.16/lib/libpmi.so.0 (0x00007fffe0e47000)
	libpmi2.so.0 => /opt/cray/pe/pmi/6.1.16/lib/libpmi2.so.0 (0x00007fffe0e23000)
	libzstd.so.1 => /usr/lib64/libzstd.so.1 (0x00007fffe0a0a000)
	libelf.so.1 => /usr/lib64/libelf.so.1 (0x00007fffe0600000)
	libdrm.so.2 => /opt/amdgpu/lib64/libdrm.so.2 (0x00007fffe09f3000)
	libdrm_amdgpu.so.1 => /opt/amdgpu/lib64/libdrm_amdgpu.so.1 (0x00007fffe0e13000)
	libcxi.so.1 => /usr/lib64/libcxi.so.1 (0x00007fffe09d2000)
	libpthread.so.0 => /lib64/libpthread.so.0 (0x00007fffe0e0e000)
	libpals.so.0 => /opt/cray/pals/1.6/lib/libpals.so.0 (0x00007fffe09ca000)
	libnl-3.so.200 => /usr/lib64/libnl-3.so.200 (0x00007fffe09a7000)
++ seq 1 5
+ for i in $(seq 1 5)
+ /usr/bin/time srun -N 64 -n 512 -c 2 --ntasks-per-node=8 --gpus-per-node=8 --gpu-bind=closest --network=single_node_vni,job_vni /tmp/hagertnl/copper/lustre/orion/stf243/world-shared/hagertnl/CUG26/benchmark_builds/osu/install-osu-7.5.1/libexec/osu-micro-benchmarks/mpi/startup/osu_init
# OSU MPI Init Test v7.5
nprocs: 512, min: 681 ms, max: 987 ms, avg: 885 ms
0.01user 0.04system 0:03.36elapsed 1%CPU (0avgtext+0avgdata 18432maxresident)k
38inputs+0outputs (0major+3967minor)pagefaults 0swaps
+ sleep 10
+ for i in $(seq 1 5)
+ /usr/bin/time srun -N 64 -n 512 -c 2 --ntasks-per-node=8 --gpus-per-node=8 --gpu-bind=closest --network=single_node_vni,job_vni /tmp/hagertnl/copper/lustre/orion/stf243/world-shared/hagertnl/CUG26/benchmark_builds/osu/install-osu-7.5.1/libexec/osu-micro-benchmarks/mpi/startup/osu_init
# OSU MPI Init Test v7.5
nprocs: 512, min: 747 ms, max: 795 ms, avg: 773 ms
0.01user 0.05system 0:01.96elapsed 3%CPU (0avgtext+0avgdata 18432maxresident)k
38inputs+0outputs (0major+3966minor)pagefaults 0swaps
+ sleep 10
+ for i in $(seq 1 5)
+ /usr/bin/time srun -N 64 -n 512 -c 2 --ntasks-per-node=8 --gpus-per-node=8 --gpu-bind=closest --network=single_node_vni,job_vni /tmp/hagertnl/copper/lustre/orion/stf243/world-shared/hagertnl/CUG26/benchmark_builds/osu/install-osu-7.5.1/libexec/osu-micro-benchmarks/mpi/startup/osu_init
# OSU MPI Init Test v7.5
nprocs: 512, min: 647 ms, max: 792 ms, avg: 767 ms
0.01user 0.05system 0:01.32elapsed 4%CPU (0avgtext+0avgdata 18432maxresident)k
0inputs+0outputs (0major+3967minor)pagefaults 0swaps
+ sleep 10
+ for i in $(seq 1 5)
+ /usr/bin/time srun -N 64 -n 512 -c 2 --ntasks-per-node=8 --gpus-per-node=8 --gpu-bind=closest --network=single_node_vni,job_vni /tmp/hagertnl/copper/lustre/orion/stf243/world-shared/hagertnl/CUG26/benchmark_builds/osu/install-osu-7.5.1/libexec/osu-micro-benchmarks/mpi/startup/osu_init
# OSU MPI Init Test v7.5
nprocs: 512, min: 749 ms, max: 785 ms, avg: 768 ms
0.01user 0.04system 0:01.20elapsed 5%CPU (0avgtext+0avgdata 17408maxresident)k
0inputs+0outputs (0major+3966minor)pagefaults 0swaps
+ sleep 10
+ for i in $(seq 1 5)
+ /usr/bin/time srun -N 64 -n 512 -c 2 --ntasks-per-node=8 --gpus-per-node=8 --gpu-bind=closest --network=single_node_vni,job_vni /tmp/hagertnl/copper/lustre/orion/stf243/world-shared/hagertnl/CUG26/benchmark_builds/osu/install-osu-7.5.1/libexec/osu-micro-benchmarks/mpi/startup/osu_init
# OSU MPI Init Test v7.5
nprocs: 512, min: 748 ms, max: 788 ms, avg: 770 ms
0.01user 0.05system 0:01.12elapsed 5%CPU (0avgtext+0avgdata 18432maxresident)k
0inputs+0outputs (0major+3967minor)pagefaults 0swaps
+ sleep 10
+ set +x
+ '[' -z '' ']'
+ case "$-" in
+ __lmod_vx=x
+ '[' -n x ']'
+ set +x
Shell debugging temporarily silenced: export LMOD_SH_DBG_ON=1 for this output (/opt/cray/pe/lmod/lmod/init/bash)
Shell debugging restarted
+ unset __lmod_vx
+ log_dir=/ccs/home/hagertnl/copper-logs/4200817
+ getopts d: opt
+ case ${opt} in
+ log_dir=/lustre/orion/world-shared/stf243/hagertnl/CUG26/copper_run/osu/copper_logs/4200817
+ getopts d: opt
+ SLURM_NODEFILE=/lustre/orion/world-shared/stf243/hagertnl/CUG26/copper_run/osu/copper_logs/4200817/node_file.txt
+ echo 'Stopping Copper Gracefully On All Nodes : Start'
Stopping Copper Gracefully On All Nodes : Start
+ CU_FUSE_MNT_VIEWDIR=/tmp/hagertnl/copper
+ clush --hostfile /lustre/orion/world-shared/stf243/hagertnl/CUG26/copper_run/osu/copper_logs/4200817/node_file.txt 'pkill -9 cu_fuse'
srun: error: frontier04606: task 25: Killed
srun: Terminating StepId=4200817.0
+ clush --hostfile /lustre/orion/world-shared/stf243/hagertnl/CUG26/copper_run/osu/copper_logs/4200817/node_file.txt 'fusermount3 -u /tmp/hagertnl/copper'
srun: error: frontier07743: task 50: Killed
srun: error: frontier00751: task 7: Killed
srun: error: frontier07482: task 48: Killed
srun: error: frontier07407: task 47: Killed
srun: error: frontier03258: task 16: Killed
srun: error: frontier00619: task 5: Killed
srun: error: frontier00889: task 8: Killed
srun: error: frontier08419: task 55: Killed
srun: error: frontier07283: task 46: Killed
srun: error: frontier07923: task 51: Killed
srun: error: frontier04736: task 26: Killed
srun: error: frontier05369: task 31: Killed
srun: error: frontier01531: task 10: Killed
srun: error: frontier07160: task 45: Killed
srun: error: frontier00621: task 6: Killed
srun: error: frontier08134: task 53: Killed
srun: error: frontier03687: task 18: Killed
srun: error: frontier05112: task 29: Killed
srun: error: frontier04196: task 22: Killed
srun: error: frontier09453: task 63: Killed
srun: error: frontier08505: task 56: Killed
srun: error: frontier09180: task 61: Killed
srun: error: frontier05241: task 30: Killed
srun: error: frontier08637: task 57: Killed
srun: error: frontier01780: task 12: Killed
srun: error: frontier06387: task 39: Killed
srun: error: frontier08767: task 58: Killed
srun: error: frontier03814: task 19: Killed
srun: error: frontier03941: task 20: Killed
srun: error: frontier03566: task 17: Killed
srun: error: frontier04986: task 28: Killed
srun: error: frontier00239: task 3: Killed
srun: error: frontier06515: task 40: Killed
srun: error: frontier06643: task 41: Killed
srun: error: frontier05704: task 34: Killed
srun: error: frontier05625: task 33: Killed
srun: error: frontier02432: task 14: Killed
srun: error: frontier06132: task 37: Killed
srun: error: frontier05494: task 32: Killed
srun: error: frontier07671: task 49: Killed
srun: error: frontier09309: task 62: Killed
srun: error: frontier02806: task 15: Killed
srun: error: frontier07998: task 52: Killed
srun: error: frontier04324: task 23: Killed
srun: error: frontier04478: task 24: Killed
srun: error: frontier08927: task 59: Killed
srun: error: frontier06771: task 42: Killed
srun: error: frontier04067: task 21: Killed
srun: error: frontier06003: task 36: Killed
srun: error: frontier00105: task 1: Killed
srun: error: frontier08299: task 54: Killed
srun: error: frontier05878: task 35: Killed
srun: error: frontier09067: task 60: Killed
srun: error: frontier01642: task 11: Killed
srun: error: frontier00237: task 2: Killed
srun: error: frontier04858: task 27: Killed
srun: error: frontier06215: task 38: Killed
srun: error: frontier00890: task 9: Killed
srun: error: frontier00366: task 4: Killed
srun: error: frontier06901: task 43: Killed
srun: error: frontier06990: task 44: Killed
srun: error: frontier02431: task 13: Killed
srun: error: frontier00080: task 0: Killed
srun: Force Terminated StepId=4200817.0
+ clush --hostfile /lustre/orion/world-shared/stf243/hagertnl/CUG26/copper_run/osu/copper_logs/4200817/node_file.txt 'rm -rf /tmp/hagertnl/copper'
+ echo 'Stopping Copper Gracefully On All Nodes : End'
Stopping Copper Gracefully On All Nodes : End
