+ '[' -z '' ']'
+ case "$-" in
+ __lmod_vx=x
+ '[' -n x ']'
+ set +x
Shell debugging temporarily silenced: export LMOD_SH_DBG_ON=1 for this output (/opt/cray/pe/lmod/lmod/init/bash)
Shell debugging restarted
+ unset __lmod_vx
+ cd /lustre/orion/stf243/world-shared/wcastil/Experiments/CUG26/copper_run/pynamic/M_524_MB
+ module load ums ums046 copper
+ '[' -z '' ']'
+ case "$-" in
+ __lmod_sh_dbg=x
+ '[' -n x ']'
+ set +x
Shell debugging temporarily silenced: export LMOD_SH_DBG_ON=1 for Lmod's output
Copper loaded: use 'launch_copper_frontier' and 'stop_copper_frontier'.
COPPER_ROOT: /sw/frontier/ums/ums046/copper
launch_copper_frontier points to:
/sw/frontier/ums/ums046/copper/build/launch_copper_frontier.sh 
Shell debugging restarted
+ unset __lmod_sh_dbg
+ return 0
+ module list
+ '[' -z '' ']'
+ case "$-" in
+ __lmod_sh_dbg=x
+ '[' -n x ']'
+ set +x
Shell debugging temporarily silenced: export LMOD_SH_DBG_ON=1 for Lmod's output

Currently Loaded Modules:
  1) craype-x86-trento               12) PrgEnv-cray/8.6.0
  2) libfabric/1.22.0                13) Core/25.03
  3) craype-network-ofi              14) tmux/3.4
  4) perftools-base/24.11.0          15) darshan-runtime/3.4.6-mpi (E4S)
  5) xpmem/2.11.3-1.3_gdbda01a1eb3d  16) hsi/default
  6) cray-pmi/6.1.15                 17) lfs-wrapper/0.0.1
  7) cce/18.0.1                      18) DefApps
  8) craype/2.7.33                   19) ums/default
  9) cray-dsmml/0.3.0                20) ums046/default
 10) cray-mpich/8.1.31               21) copper/0.1
 11) cray-libsci/24.11.0

  Where:
   E4S:  E4S: Extreme-scale Scientific Software Stack (E4S) https://e4s.io/index.html

 

Shell debugging restarted
+ unset __lmod_sh_dbg
+ return 0
+ echo 4352263
4352263
+ echo 1024
1024
+ echo copper_spindle
copper_spindle
+ echo 'frontier[00002-00004,00048-00049,00051,00077-00082,00099-00101,00131,00133,00141-00142,00153-00154,00180-00185,00193-00195,00258-00259,00261,00277-00278,00305-00310,00326,00328-00329,00374,00385-00387,00389,00391,00406-00407,00433-00436,00438,00451-00452,00454,00487,00513-00515,00520,00533,00557-00562,00570-00571,00575-00576,00622,00641-00642,00652,00659,00686-00691,00701,00704,00706-00707,00758-00759,00769-00770,00786-00787,00810-00816,00833-00834,00836-00837,00876,00897-00898,00914-00915,00934,00939-00943,00947,00960-00963,01001,01026,01032,01046,01048,01084,01086-01087,01090,01097-01098,01107-01111,01135,01181,01183,01215-01216,01219,01221-01222,01224,01229-01234,01240,01272,01306,01309,01338-01341,01348-01356,01393,01430-01431,01459-01462,01471-01479,01506,01561-01562,01585-01586,01588,01601-01609,01623,01628,01690-01691,01715-01716,01720,01728-01735,01739,01755,01760,01816,01819,01842,01844,01854-01857,01859-01860,01862,01878-01880,01885,01946-01947,01970,01972,01983-01985,01988-01989,01991-01993,01996,02009,02017,02081,02083-02084,02088,02102-02105,02109,02111-02116,02119,02211,02214,02217,02231-02242,02244,02332,02335,02337,02340,02364-02366,02369-02371,02374-02378,02382,02462-02463,02466,02494-02497,02500-02501,02503-02506,02510,02560,02589-02590,02593,02616-02622,02631,02675-02676,02710,02712,02715-02716,02740-02742,02759,02801,02803,02810,02838,02841,02843-02844,02868-02870,02872,02891,02931,02938,02963,02965-02967,02994-02997,03018,03059,03066,03091,03099,03101,03127,03131-03134,03153,03189,03196,03223-03224,03249,03251-03252,03257-03259,03279,03319,03326,03350-03351,03377,03379,03383-03387,03411,03445,03452,03479-03480,03505,03510-03511,03513-03514,03539,03571,03578-03579,03582,03595,03597,03634,03640-03642,03665,03699,03706-03707,03709-03710,03712,03733-03734,03765,03770,03772-03773,03798,03827,03834-03838,03861-03862,03889,03898-03900,03921,03955,03962-03964,03966-03967,03979-03980,04001,04013,04015,04020-04022,04026,04051,04084,04091,04095,04097,04099,04114,04120,04133-04134,04138-04139,04143,04151,04160,04183,04220,04228,04230,04239-04240,04259,04270-04271,04273,04277,04286,04312,04340,04351,04356,04358,04369,04372,04392-04394,04399,04413,04449,04468,04473,04479,04487,04489-04491,04530,04533,04567,04595,04598,04603,04606-04608,04616-04618,04621,04660,04663,04709,04713,04724-04725,04728,04730-04731,04739,04750,04753-04754,04801-04802,04834,04851,04857,04860-04862,04879-04880,04882-04883,04936,04938,04969,04977-04978,04980-04982,05006-05007,05009,05011,05066,05068,05105,05107-05111,05133-05135,05137,05193-05194,05226-05229,05232,05237,05258,05260-05261,05263,05317,05321,05355,05358-05361,05389-05391,05393,05448-05451,05477,05480-05481,05515-05517,05519,05572,05577-05580,05600-05601,05617-05618,05657,05662-05664,05703-05705,05710-05711,05721,05724,05746-05747,05771,05776-05777,05826-05829,05834-05836,05860,05873-05874,05891,05923-05924,05942-05943,05958-05960,05963-05964,05986,05988,06005,06037-06038,06041,06069,06083-06085,06089-06090,06094,06167,06170,06176,06197,06212-06216,06220,06293,06308,06311,06338,06341-06343,06345-06347,06416,06419,06465-06468,06472,06474-06475,06494-06495,06512-06513,06520-06521,06560,06566-06567,06595-06601,06649,06674,06680,06692,06720,06722-06727,06812,06818,06846,06848-06850,06852-06853,06855-06856,06873-06877,06905,06946,06955,06966-06967,06971-06972,06976-06978,07075,07079,07097-07098,07102-07105,07107,07163,07202,07207,07223-07224,07227-07231,07292,07324,07336,07347,07349-07350,07356-07359,07382,07422,07425,07430,07449-07456,07482-07484,07521-07522,07548,07553-07554,07561,07578-07584,07604,07611-07614,07653,07681,07695,07709-07715,07776-07778,07781,07785,07801,07809,07822,07824,07839-07845,07858,07909-07911,07919,07921,07937,07949,07966-07972,07985,07988,08035-08036,08045,08047,08049,08065,08077,08094-08100,08164-08165,08167,08170-08171,08175,08177,08193-08194,08207,08226-08231,08233,08297-08298,08300,08304,08308,08321,08342,08355-08356,08358-08362,08372,08377,08425-08426,08429-08430,08461,08478-08482,08484-08486,08497,08502,08551-08553,08559,08577,08592,08611-08617,08619,08632,08682-08683,08690,08692,08738-08745,08760,08765,08770,08810,08821-08822,08824,08833-08834,08865-08871,08884,08886,08938-08939,08943,08948,08961-08962,08976,08995-09001,09023,09065-09066,09075-09076,09089,09110,09148-09150,09159-09162,09172-09175,09178-09179,09217,09221,09252,09258-09259,09262-09265,09270-09272,09274-09276,09346,09358,09384-09385,09388,09390-09393,09403,09405-09406,09415-09416,09431,10114,10129,10153,10155,10158,10160-10162,10172-10175]'
frontier[00002-00004,00048-00049,00051,00077-00082,00099-00101,00131,00133,00141-00142,00153-00154,00180-00185,00193-00195,00258-00259,00261,00277-00278,00305-00310,00326,00328-00329,00374,00385-00387,00389,00391,00406-00407,00433-00436,00438,00451-00452,00454,00487,00513-00515,00520,00533,00557-00562,00570-00571,00575-00576,00622,00641-00642,00652,00659,00686-00691,00701,00704,00706-00707,00758-00759,00769-00770,00786-00787,00810-00816,00833-00834,00836-00837,00876,00897-00898,00914-00915,00934,00939-00943,00947,00960-00963,01001,01026,01032,01046,01048,01084,01086-01087,01090,01097-01098,01107-01111,01135,01181,01183,01215-01216,01219,01221-01222,01224,01229-01234,01240,01272,01306,01309,01338-01341,01348-01356,01393,01430-01431,01459-01462,01471-01479,01506,01561-01562,01585-01586,01588,01601-01609,01623,01628,01690-01691,01715-01716,01720,01728-01735,01739,01755,01760,01816,01819,01842,01844,01854-01857,01859-01860,01862,01878-01880,01885,01946-01947,01970,01972,01983-01985,01988-01989,01991-01993,01996,02009,02017,02081,02083-02084,02088,02102-02105,02109,02111-02116,02119,02211,02214,02217,02231-02242,02244,02332,02335,02337,02340,02364-02366,02369-02371,02374-02378,02382,02462-02463,02466,02494-02497,02500-02501,02503-02506,02510,02560,02589-02590,02593,02616-02622,02631,02675-02676,02710,02712,02715-02716,02740-02742,02759,02801,02803,02810,02838,02841,02843-02844,02868-02870,02872,02891,02931,02938,02963,02965-02967,02994-02997,03018,03059,03066,03091,03099,03101,03127,03131-03134,03153,03189,03196,03223-03224,03249,03251-03252,03257-03259,03279,03319,03326,03350-03351,03377,03379,03383-03387,03411,03445,03452,03479-03480,03505,03510-03511,03513-03514,03539,03571,03578-03579,03582,03595,03597,03634,03640-03642,03665,03699,03706-03707,03709-03710,03712,03733-03734,03765,03770,03772-03773,03798,03827,03834-03838,03861-03862,03889,03898-03900,03921,03955,03962-03964,03966-03967,03979-03980,04001,04013,04015,04020-04022,04026,04051,04084,04091,04095,04097,04099,04114,04120,04133-04134,04138-04139,04143,04151,04160,04183,04220,04228,04230,04239-04240,04259,04270-04271,04273,04277,04286,04312,04340,04351,04356,04358,04369,04372,04392-04394,04399,04413,04449,04468,04473,04479,04487,04489-04491,04530,04533,04567,04595,04598,04603,04606-04608,04616-04618,04621,04660,04663,04709,04713,04724-04725,04728,04730-04731,04739,04750,04753-04754,04801-04802,04834,04851,04857,04860-04862,04879-04880,04882-04883,04936,04938,04969,04977-04978,04980-04982,05006-05007,05009,05011,05066,05068,05105,05107-05111,05133-05135,05137,05193-05194,05226-05229,05232,05237,05258,05260-05261,05263,05317,05321,05355,05358-05361,05389-05391,05393,05448-05451,05477,05480-05481,05515-05517,05519,05572,05577-05580,05600-05601,05617-05618,05657,05662-05664,05703-05705,05710-05711,05721,05724,05746-05747,05771,05776-05777,05826-05829,05834-05836,05860,05873-05874,05891,05923-05924,05942-05943,05958-05960,05963-05964,05986,05988,06005,06037-06038,06041,06069,06083-06085,06089-06090,06094,06167,06170,06176,06197,06212-06216,06220,06293,06308,06311,06338,06341-06343,06345-06347,06416,06419,06465-06468,06472,06474-06475,06494-06495,06512-06513,06520-06521,06560,06566-06567,06595-06601,06649,06674,06680,06692,06720,06722-06727,06812,06818,06846,06848-06850,06852-06853,06855-06856,06873-06877,06905,06946,06955,06966-06967,06971-06972,06976-06978,07075,07079,07097-07098,07102-07105,07107,07163,07202,07207,07223-07224,07227-07231,07292,07324,07336,07347,07349-07350,07356-07359,07382,07422,07425,07430,07449-07456,07482-07484,07521-07522,07548,07553-07554,07561,07578-07584,07604,07611-07614,07653,07681,07695,07709-07715,07776-07778,07781,07785,07801,07809,07822,07824,07839-07845,07858,07909-07911,07919,07921,07937,07949,07966-07972,07985,07988,08035-08036,08045,08047,08049,08065,08077,08094-08100,08164-08165,08167,08170-08171,08175,08177,08193-08194,08207,08226-08231,08233,08297-08298,08300,08304,08308,08321,08342,08355-08356,08358-08362,08372,08377,08425-08426,08429-08430,08461,08478-08482,08484-08486,08497,08502,08551-08553,08559,08577,08592,08611-08617,08619,08632,08682-08683,08690,08692,08738-08745,08760,08765,08770,08810,08821-08822,08824,08833-08834,08865-08871,08884,08886,08938-08939,08943,08948,08961-08962,08976,08995-09001,09023,09065-09066,09075-09076,09089,09110,09148-09150,09159-09162,09172-09175,09178-09179,09217,09221,09252,09258-09259,09262-09265,09270-09272,09274-09276,09346,09358,09384-09385,09388,09390-09393,09403,09405-09406,09415-09416,09431,10114,10129,10153,10155,10158,10160-10162,10172-10175]
+ LOGDIR=/lustre/orion/stf243/world-shared/wcastil/Experiments/CUG26/copper_run/logs
+ cd /lustre/orion/stf243/world-shared/wcastil/Experiments/CUG26/copper_run/logs
+ PACKAGE_ENV_LOCATION=/lustre/orion/stf243/world-shared/hagertnl/CUG26/benchmark_builds
+ source /lustre/orion/stf243/world-shared/hagertnl/CUG26/benchmark_builds/common_modules.sh
++ module load PrgEnv-amd
++ '[' -z '' ']'
++ case "$-" in
++ __lmod_sh_dbg=x
++ '[' -n x ']'
++ set +x
Shell debugging temporarily silenced: export LMOD_SH_DBG_ON=1 for Lmod's output

Lmod is automatically replacing "cce/18.0.1" with "amd/6.2.4".


Lmod is automatically replacing "PrgEnv-cray/8.6.0" with "PrgEnv-amd/8.6.0".


Due to MODULEPATH changes, the following have been reloaded:
  1) cray-libsci/24.11.0     2) cray-mpich/8.1.31     3) darshan-runtime/3.4.6-mpi

Shell debugging restarted
++ unset __lmod_sh_dbg
++ return 0
++ module load cpe/25.09
++ '[' -z '' ']'
++ case "$-" in
++ __lmod_sh_dbg=x
++ '[' -n x ']'
++ set +x
Shell debugging temporarily silenced: export LMOD_SH_DBG_ON=1 for Lmod's output

The following have been reloaded with a version change:
  1) amd/6.2.4 => amd/6.4.2
  2) cray-dsmml/0.3.0 => cray-dsmml/0.3.1
  3) cray-libsci/24.11.0 => cray-libsci/25.09.0
  4) cray-mpich/8.1.31 => cray-mpich/9.0.1
  5) cray-pmi/6.1.15 => cray-pmi/6.1.16
  6) craype/2.7.33 => craype/2.7.35
  7) darshan-runtime/3.4.6-mpi => darshan-runtime/3.4.7-mpi
  8) perftools-base/24.11.0 => perftools-base/25.09.0

Shell debugging restarted
++ unset __lmod_sh_dbg
++ return 0
++ module load amd/6.4.2
++ '[' -z '' ']'
++ case "$-" in
++ __lmod_sh_dbg=x
++ '[' -n x ']'
++ set +x
Shell debugging temporarily silenced: export LMOD_SH_DBG_ON=1 for Lmod's output
Shell debugging restarted
++ unset __lmod_sh_dbg
++ return 0
++ module load rocm/6.4.2
++ '[' -z '' ']'
++ case "$-" in
++ __lmod_sh_dbg=x
++ '[' -n x ']'
++ set +x
Shell debugging temporarily silenced: export LMOD_SH_DBG_ON=1 for Lmod's output
Shell debugging restarted
++ unset __lmod_sh_dbg
++ return 0
++ module load libfabric/1.22.0
++ '[' -z '' ']'
++ case "$-" in
++ __lmod_sh_dbg=x
++ '[' -n x ']'
++ set +x
Shell debugging temporarily silenced: export LMOD_SH_DBG_ON=1 for Lmod's output
Shell debugging restarted
++ unset __lmod_sh_dbg
++ return 0
++ module load craype-accel-amd-gfx90a
++ '[' -z '' ']'
++ case "$-" in
++ __lmod_sh_dbg=x
++ '[' -n x ']'
++ set +x
Shell debugging temporarily silenced: export LMOD_SH_DBG_ON=1 for Lmod's output
Shell debugging restarted
++ unset __lmod_sh_dbg
++ return 0
++ module load miniforge3/23.11.0-0
++ '[' -z '' ']'
++ case "$-" in
++ __lmod_sh_dbg=x
++ '[' -n x ']'
++ set +x
Shell debugging temporarily silenced: export LMOD_SH_DBG_ON=1 for Lmod's output
Shell debugging restarted
++ unset __lmod_sh_dbg
++ return 0
++ export LD_LIBRARY_PATH=/opt/cray/pe/mpich/9.0.1/ofi/amd/6.0/lib:/opt/cray/pe/mpich/9.0.1/gtl/lib:/opt/cray/pe/libsci/25.09.0/AMD/6.0/x86_64/lib:/opt/cray/pe/perftools/25.09.0/lib64:/opt/cray/pe/pmi/6.1.16/lib:/opt/cray/pe/dsmml/0.3.1/dsmml/lib:/opt/cray/libfabric/1.22.0/lib64:/opt/rocm-6.4.2/lib/roctracer:/opt/rocm-6.4.2/lib/rocprofiler:/opt/rocm-6.4.2/lib:/sw/frontier/spack-envs/cpe25.09-cpu/opt/llvm-amdgpu-6.4.2/darshan-runtime-3.4.7-tvdocpzv3jfj4y6ki5jvmmkics323gon/lib:/opt/rocm-6.4.2/llvm/lib:/opt/cray/pe/papi/7.2.0.2/lib64
++ LD_LIBRARY_PATH=/opt/cray/pe/mpich/9.0.1/ofi/amd/6.0/lib:/opt/cray/pe/mpich/9.0.1/gtl/lib:/opt/cray/pe/libsci/25.09.0/AMD/6.0/x86_64/lib:/opt/cray/pe/perftools/25.09.0/lib64:/opt/cray/pe/pmi/6.1.16/lib:/opt/cray/pe/dsmml/0.3.1/dsmml/lib:/opt/cray/libfabric/1.22.0/lib64:/opt/rocm-6.4.2/lib/roctracer:/opt/rocm-6.4.2/lib/rocprofiler:/opt/rocm-6.4.2/lib:/sw/frontier/spack-envs/cpe25.09-cpu/opt/llvm-amdgpu-6.4.2/darshan-runtime-3.4.7-tvdocpzv3jfj4y6ki5jvmmkics323gon/lib:/opt/rocm-6.4.2/llvm/lib:/opt/cray/pe/papi/7.2.0.2/lib64
++ [[ /var/spool/slurmd/job4352263/slurm_script == \/\l\u\s\t\r\e\/\o\r\i\o\n\/\s\t\f\2\4\3\/\w\o\r\l\d\-\s\h\a\r\e\d\/\h\a\g\e\r\t\n\l\/\C\U\G\2\6\/\b\e\n\c\h\m\a\r\k\_\b\u\i\l\d\s\/\c\o\m\m\o\n\_\m\o\d\u\l\e\s\.\s\h ]]
+ COPPER_MOUNT_PATH=/mnt/bb/wcastil/copper_mount
+ /lustre/orion/stf243/world-shared/wcastil/Experiments/CUG26/copper_run/launch_copper_frontier.sh -d /lustre/orion/stf243/world-shared/wcastil/Experiments/CUG26/copper_run/logs -v /mnt/bb/wcastil/copper_mount -M 524288000
+ '[' -z '' ']'
+ case "$-" in
+ __lmod_vx=x
+ '[' -n x ']'
+ set +x
Shell debugging temporarily silenced: export LMOD_SH_DBG_ON=1 for this output (/opt/cray/pe/lmod/lmod/init/bash)
Shell debugging restarted
+ unset __lmod_vx
+ echo 'Launching Copper Gracefully On All Nodes : Start'
Launching Copper Gracefully On All Nodes : Start
+ echo /sw/frontier/ums/ums046/copper
/sw/frontier/ums/ums046/copper
+ CUPATH=/sw/frontier/ums/ums046/copper/build/cu_fuse
+ DISCOVERY_HELPER=/sw/frontier/ums/ums046/copper/build/list_cxi_hsn_thallium
+ CU_FUSE_MNT_VIEWDIR=/tmp/wcastil/copper
+ facility_address_book=/sw/frontier/ums/ums046/copper/build/olcf_frontier_copper_addressbook.txt
+ address_book_source=facility
+ log_level=0
+ log_dir=/ccs/home/wcastil/copper-logs
+ log_type=file
+ trees=1
+ max_cacheable_byte_size=10485760
+ md_enoent_ttl_ms=2000
+ profile_metrics=0
+ profile_top_n=0
+ profile_paths_full=0
+ profile_snapshot_interval_s=0
+ sleeptime=10
+ physcpubind=1,2
+ net_type=cxi://cxi1
+ getopts l:t:d:T:M:E:PN:AI:s:b:F:a:n:v: opt
+ case ${opt} in
+ log_dir=/lustre/orion/stf243/world-shared/wcastil/Experiments/CUG26/copper_run/logs
+ getopts l:t:d:T:M:E:PN:AI:s:b:F:a:n:v: opt
+ case ${opt} in
+ CU_FUSE_MNT_VIEWDIR=/mnt/bb/wcastil/copper_mount
+ getopts l:t:d:T:M:E:PN:AI:s:b:F:a:n:v: opt
+ case ${opt} in
+ max_cacheable_byte_size=524288000
+ getopts l:t:d:T:M:E:PN:AI:s:b:F:a:n:v: opt
+ log_dir=/lustre/orion/stf243/world-shared/wcastil/Experiments/CUG26/copper_run/logs/4352263
+ logs_dir=/lustre/orion/stf243/world-shared/wcastil/Experiments/CUG26/copper_run/logs/4352263/logs
+ tables_dir=/lustre/orion/stf243/world-shared/wcastil/Experiments/CUG26/copper_run/logs/4352263/tables
+ profiling_dir=/lustre/orion/stf243/world-shared/wcastil/Experiments/CUG26/copper_run/logs/4352263/profiling
+ profiling_final_dir=/lustre/orion/stf243/world-shared/wcastil/Experiments/CUG26/copper_run/logs/4352263/profiling/final
+ profiling_cluster_dir=/lustre/orion/stf243/world-shared/wcastil/Experiments/CUG26/copper_run/logs/4352263/profiling/cluster
+ node_file_copy=/lustre/orion/stf243/world-shared/wcastil/Experiments/CUG26/copper_run/logs/4352263/logs/node_file.txt
+ prepared_address_book=/lustre/orion/stf243/world-shared/wcastil/Experiments/CUG26/copper_run/logs/4352263/logs/copper_address_book.txt
+ prepared_address_book_full_output=/lustre/orion/stf243/world-shared/wcastil/Experiments/CUG26/copper_run/logs/4352263/logs/copper_address_book_full_output.txt
+ prepare_address_book_awk=/lustre/orion/stf243/world-shared/wcastil/Experiments/CUG26/copper_run/logs/4352263/logs/prepare_address_book.awk
+ select_discovered_address_book_awk=/lustre/orion/stf243/world-shared/wcastil/Experiments/CUG26/copper_run/logs/4352263/logs/select_discovered_address_book.awk
+ echo 'log_level                  : 0'
log_level                  : 0
+ echo 'log_type                   : file'
log_type                   : file
+ echo 'trees                      : 1'
trees                      : 1
+ echo 'max_cacheable_byte_size    : 524288000'
max_cacheable_byte_size    : 524288000
+ echo 'md_enoent_ttl_ms           : 2000'
md_enoent_ttl_ms           : 2000
+ echo 'profile_metrics            : 0'
profile_metrics            : 0
+ echo 'profile_top_n              : 0'
profile_top_n              : 0
+ echo 'profile_paths_full         : 0'
profile_paths_full         : 0
+ echo 'profile_snapshot_interval_s: 0'
profile_snapshot_interval_s: 0
+ echo 'sleeptime                  : 10'
sleeptime                  : 10
+ echo 'CU_FUSE_MNT_VIEWDIR        : /mnt/bb/wcastil/copper_mount'
CU_FUSE_MNT_VIEWDIR        : /mnt/bb/wcastil/copper_mount
+ echo 'LOGDIR                     : /lustre/orion/stf243/world-shared/wcastil/Experiments/CUG26/copper_run/logs/4352263'
LOGDIR                     : /lustre/orion/stf243/world-shared/wcastil/Experiments/CUG26/copper_run/logs/4352263
+ echo 'logs_dir                   : /lustre/orion/stf243/world-shared/wcastil/Experiments/CUG26/copper_run/logs/4352263/logs'
logs_dir                   : /lustre/orion/stf243/world-shared/wcastil/Experiments/CUG26/copper_run/logs/4352263/logs
+ echo 'tables_dir                 : /lustre/orion/stf243/world-shared/wcastil/Experiments/CUG26/copper_run/logs/4352263/tables'
tables_dir                 : /lustre/orion/stf243/world-shared/wcastil/Experiments/CUG26/copper_run/logs/4352263/tables
+ echo 'profiling_final_dir        : /lustre/orion/stf243/world-shared/wcastil/Experiments/CUG26/copper_run/logs/4352263/profiling/final'
profiling_final_dir        : /lustre/orion/stf243/world-shared/wcastil/Experiments/CUG26/copper_run/logs/4352263/profiling/final
+ echo 'profiling_cluster_dir      : /lustre/orion/stf243/world-shared/wcastil/Experiments/CUG26/copper_run/logs/4352263/profiling/cluster'
profiling_cluster_dir      : /lustre/orion/stf243/world-shared/wcastil/Experiments/CUG26/copper_run/logs/4352263/profiling/cluster
+ echo 'SLURM_NODEFILE             : '
SLURM_NODEFILE             : 
+ echo 'physcpubind                : 1,2'
physcpubind                : 1,2
+ echo 'facility_address_book      : /sw/frontier/ums/ums046/copper/build/olcf_frontier_copper_addressbook.txt'
facility_address_book      : /sw/frontier/ums/ums046/copper/build/olcf_frontier_copper_addressbook.txt
+ echo 'address_book_source        : facility'
address_book_source        : facility
+ echo 'prepared_address_book      : /lustre/orion/stf243/world-shared/wcastil/Experiments/CUG26/copper_run/logs/4352263/logs/copper_address_book.txt'
prepared_address_book      : /lustre/orion/stf243/world-shared/wcastil/Experiments/CUG26/copper_run/logs/4352263/logs/copper_address_book.txt
+ echo 'prepared_address_book_full : /lustre/orion/stf243/world-shared/wcastil/Experiments/CUG26/copper_run/logs/4352263/logs/copper_address_book_full_output.txt'
prepared_address_book_full : /lustre/orion/stf243/world-shared/wcastil/Experiments/CUG26/copper_run/logs/4352263/logs/copper_address_book_full_output.txt
+ echo 'discovery_helper           : /sw/frontier/ums/ums046/copper/build/list_cxi_hsn_thallium'
discovery_helper           : /sw/frontier/ums/ums046/copper/build/list_cxi_hsn_thallium
+ echo 'net_type                   : cxi://cxi1'
net_type                   : cxi://cxi1
+ mkdir -p /lustre/orion/stf243/world-shared/wcastil/Experiments/CUG26/copper_run/logs/4352263/logs /lustre/orion/stf243/world-shared/wcastil/Experiments/CUG26/copper_run/logs/4352263/tables/final /lustre/orion/stf243/world-shared/wcastil/Experiments/CUG26/copper_run/logs/4352263/profiling/final /lustre/orion/stf243/world-shared/wcastil/Experiments/CUG26/copper_run/logs/4352263/profiling/cluster
+ scontrol show hostnames 'frontier[00002-00004,00048-00049,00051,00077-00082,00099-00101,00131,00133,00141-00142,00153-00154,00180-00185,00193-00195,00258-00259,00261,00277-00278,00305-00310,00326,00328-00329,00374,00385-00387,00389,00391,00406-00407,00433-00436,00438,00451-00452,00454,00487,00513-00515,00520,00533,00557-00562,00570-00571,00575-00576,00622,00641-00642,00652,00659,00686-00691,00701,00704,00706-00707,00758-00759,00769-00770,00786-00787,00810-00816,00833-00834,00836-00837,00876,00897-00898,00914-00915,00934,00939-00943,00947,00960-00963,01001,01026,01032,01046,01048,01084,01086-01087,01090,01097-01098,01107-01111,01135,01181,01183,01215-01216,01219,01221-01222,01224,01229-01234,01240,01272,01306,01309,01338-01341,01348-01356,01393,01430-01431,01459-01462,01471-01479,01506,01561-01562,01585-01586,01588,01601-01609,01623,01628,01690-01691,01715-01716,01720,01728-01735,01739,01755,01760,01816,01819,01842,01844,01854-01857,01859-01860,01862,01878-01880,01885,01946-01947,01970,01972,01983-01985,01988-01989,01991-01993,01996,02009,02017,02081,02083-02084,02088,02102-02105,02109,02111-02116,02119,02211,02214,02217,02231-02242,02244,02332,02335,02337,02340,02364-02366,02369-02371,02374-02378,02382,02462-02463,02466,02494-02497,02500-02501,02503-02506,02510,02560,02589-02590,02593,02616-02622,02631,02675-02676,02710,02712,02715-02716,02740-02742,02759,02801,02803,02810,02838,02841,02843-02844,02868-02870,02872,02891,02931,02938,02963,02965-02967,02994-02997,03018,03059,03066,03091,03099,03101,03127,03131-03134,03153,03189,03196,03223-03224,03249,03251-03252,03257-03259,03279,03319,03326,03350-03351,03377,03379,03383-03387,03411,03445,03452,03479-03480,03505,03510-03511,03513-03514,03539,03571,03578-03579,03582,03595,03597,03634,03640-03642,03665,03699,03706-03707,03709-03710,03712,03733-03734,03765,03770,03772-03773,03798,03827,03834-03838,03861-03862,03889,03898-03900,03921,03955,03962-03964,03966-03967,03979-03980,04001,04013,04015,04020-04022,04026,04051,04084,04091,04095,04097,04099,04114,04120,04133-04134,04138-04139,04143,04151,04160,04183,04220,04228,04230,04239-04240,04259,04270-04271,04273,04277,04286,04312,04340,04351,04356,04358,04369,04372,04392-04394,04399,04413,04449,04468,04473,04479,04487,04489-04491,04530,04533,04567,04595,04598,04603,04606-04608,04616-04618,04621,04660,04663,04709,04713,04724-04725,04728,04730-04731,04739,04750,04753-04754,04801-04802,04834,04851,04857,04860-04862,04879-04880,04882-04883,04936,04938,04969,04977-04978,04980-04982,05006-05007,05009,05011,05066,05068,05105,05107-05111,05133-05135,05137,05193-05194,05226-05229,05232,05237,05258,05260-05261,05263,05317,05321,05355,05358-05361,05389-05391,05393,05448-05451,05477,05480-05481,05515-05517,05519,05572,05577-05580,05600-05601,05617-05618,05657,05662-05664,05703-05705,05710-05711,05721,05724,05746-05747,05771,05776-05777,05826-05829,05834-05836,05860,05873-05874,05891,05923-05924,05942-05943,05958-05960,05963-05964,05986,05988,06005,06037-06038,06041,06069,06083-06085,06089-06090,06094,06167,06170,06176,06197,06212-06216,06220,06293,06308,06311,06338,06341-06343,06345-06347,06416,06419,06465-06468,06472,06474-06475,06494-06495,06512-06513,06520-06521,06560,06566-06567,06595-06601,06649,06674,06680,06692,06720,06722-06727,06812,06818,06846,06848-06850,06852-06853,06855-06856,06873-06877,06905,06946,06955,06966-06967,06971-06972,06976-06978,07075,07079,07097-07098,07102-07105,07107,07163,07202,07207,07223-07224,07227-07231,07292,07324,07336,07347,07349-07350,07356-07359,07382,07422,07425,07430,07449-07456,07482-07484,07521-07522,07548,07553-07554,07561,07578-07584,07604,07611-07614,07653,07681,07695,07709-07715,07776-07778,07781,07785,07801,07809,07822,07824,07839-07845,07858,07909-07911,07919,07921,07937,07949,07966-07972,07985,07988,08035-08036,08045,08047,08049,08065,08077,08094-08100,08164-08165,08167,08170-08171,08175,08177,08193-08194,08207,08226-08231,08233,08297-08298,08300,08304,08308,08321,08342,08355-08356,08358-08362,08372,08377,08425-08426,08429-08430,08461,08478-08482,08484-08486,08497,08502,08551-08553,08559,08577,08592,08611-08617,08619,08632,08682-08683,08690,08692,08738-08745,08760,08765,08770,08810,08821-08822,08824,08833-08834,08865-08871,08884,08886,08938-08939,08943,08948,08961-08962,08976,08995-09001,09023,09065-09066,09075-09076,09089,09110,09148-09150,09159-09162,09172-09175,09178-09179,09217,09221,09252,09258-09259,09262-09265,09270-09272,09274-09276,09346,09358,09384-09385,09388,09390-09393,09403,09405-09406,09415-09416,09431,10114,10129,10153,10155,10158,10160-10162,10172-10175]'
+ clush --hostfile /lustre/orion/stf243/world-shared/wcastil/Experiments/CUG26/copper_run/logs/4352263/logs/node_file.txt 'fusermount3 -u /mnt/bb/wcastil/copper_mount'
+ clush --hostfile /lustre/orion/stf243/world-shared/wcastil/Experiments/CUG26/copper_run/logs/4352263/logs/node_file.txt 'rm -rf /mnt/bb/wcastil/copper_mount'
+ clush --hostfile /lustre/orion/stf243/world-shared/wcastil/Experiments/CUG26/copper_run/logs/4352263/logs/node_file.txt 'mkdir -p /mnt/bb/wcastil/copper_mount'
+ rm -f /lustre/orion/stf243/world-shared/wcastil/Experiments/CUG26/copper_run/logs/4352263/logs/copper_address_book.txt /lustre/orion/stf243/world-shared/wcastil/Experiments/CUG26/copper_run/logs/4352263/logs/copper_address_book_full_output.txt /lustre/orion/stf243/world-shared/wcastil/Experiments/CUG26/copper_run/logs/4352263/logs/prepare_address_book.awk /lustre/orion/stf243/world-shared/wcastil/Experiments/CUG26/copper_run/logs/4352263/logs/select_discovered_address_book.awk
+ echo 'Preparing job-local address book once before full cu_fuse launch'
Preparing job-local address book once before full cu_fuse launch
++ date +%s
+ prepare_address_book_start_epoch=1775705869
+ prepare_address_book_rc=0
+ case "${address_book_source}" in
+ prepare_address_book_from_facility
+ cp /sw/frontier/ums/ums046/copper/build/olcf_frontier_copper_addressbook.txt /lustre/orion/stf243/world-shared/wcastil/Experiments/CUG26/copper_run/logs/4352263/logs/copper_address_book_full_output.txt
+ cat
+ srun --overlap -N 1 -n 1 --ntasks-per-node=1 env NODEFILE_PATH=/lustre/orion/stf243/world-shared/wcastil/Experiments/CUG26/copper_run/logs/4352263/logs/node_file.txt FACILITY_BOOK=/sw/frontier/ums/ums046/copper/build/olcf_frontier_copper_addressbook.txt OUTPUT_PATH=/lustre/orion/stf243/world-shared/wcastil/Experiments/CUG26/copper_run/logs/4352263/logs/copper_address_book.txt AWK_SCRIPT=/lustre/orion/stf243/world-shared/wcastil/Experiments/CUG26/copper_run/logs/4352263/logs/prepare_address_book.awk bash -lc 'awk -f "$AWK_SCRIPT" "$NODEFILE_PATH" "$FACILITY_BOOK" > "$OUTPUT_PATH"'
Deactivating conda environments
++ date +%s
+ prepare_address_book_end_epoch=1775705870
+ echo 'prepared address book generation took 1 s'
prepared address book generation took 1 s
+ '[' 0 -ne 0 ']'
+ '[' '!' -s /lustre/orion/stf243/world-shared/wcastil/Experiments/CUG26/copper_run/logs/4352263/logs/copper_address_book.txt ']'
+ profile_options=
+ '[' 0 -eq 1 ']'
+ '[' 0 -gt 0 ']'
+ '[' 0 -eq 1 ']'
+ '[' 0 -gt 0 ']'
+ options=' -f -tpath / -vpath /mnt/bb/wcastil/copper_mount -log_level 0 -log_type file -log_output_dir /lustre/orion/stf243/world-shared/wcastil/Experiments/CUG26/copper_run/logs/4352263 -net_type cxi://cxi1 -trees 1 -nf /lustre/orion/stf243/world-shared/wcastil/Experiments/CUG26/copper_run/logs/4352263/logs/node_file.txt -max_cacheable_byte_size 524288000 -md_enoent_ttl_ms 2000 -facility_address_book /lustre/orion/stf243/world-shared/wcastil/Experiments/CUG26/copper_run/logs/4352263/logs/copper_address_book.txt -prefiltered_address_book 1 -s /mnt/bb/wcastil/copper_mount'
+ echo 'sleeping for 10 s'
sleeping for 10 s
+ sleep 10s
+ srun --overlap -N 1024 --ntasks-per-node=1 --cpus-per-task=2 bash -c '
    echo "host=$(hostname)"
    echo "allowed=$(grep Cpus_allowed_list /proc/self/status | awk "{print \$2}")"
    echo "current_cpu=$(ps -o psr= -p $$)"
    exec /sw/frontier/ums/ums046/copper/build/cu_fuse  -f -tpath / -vpath /mnt/bb/wcastil/copper_mount -log_level 0 -log_type file -log_output_dir /lustre/orion/stf243/world-shared/wcastil/Experiments/CUG26/copper_run/logs/4352263 -net_type cxi://cxi1 -trees 1 -nf /lustre/orion/stf243/world-shared/wcastil/Experiments/CUG26/copper_run/logs/4352263/logs/node_file.txt -max_cacheable_byte_size 524288000 -md_enoent_ttl_ms 2000 -facility_address_book /lustre/orion/stf243/world-shared/wcastil/Experiments/CUG26/copper_run/logs/4352263/logs/copper_address_book.txt -prefiltered_address_book 1 -s /mnt/bb/wcastil/copper_mount
    '\''
  '
host=frontier02500
host=frontier04595
host=frontier09263
host=frontier03712
host=frontier09149
host=frontier10153
host=frontier03967
host=frontier04860
host=frontier02510
host=frontier01309
host=frontier06512
host=frontier06293
host=frontier05355
host=frontier00391
host=frontier02374
host=frontier10162
host=frontier05111
host=frontier06977
host=frontier01478
host=frontier05135
host=frontier01215
host=frontier00082
host=frontier06343
host=frontier00813
host=frontier06345
host=frontier05393
host=frontier01353
host=frontier09392
host=frontier04489
host=frontier04978
host=frontier03642
host=frontier04271
host=frontier04730
host=frontier02240
host=frontier01733
host=frontier05477
host=frontier01601
host=frontier05710
host=frontier00328
allowed=1-2
allowed=1-2
allowed=1-2
host=frontier04340
host=frontier03479
host=frontier01086
host=frontier06720
host=frontier07809
host=frontier06213
host=frontier06905
allowed=1-2
host=frontier05011
host=frontier01988
host=frontier02504
host=frontier02740
host=frontier04607
allowed=1-2
allowed=1-2
host=frontier00004
host=frontier06723
host=frontier01462
host=frontier00386
host=frontier00915
host=frontier01098
host=frontier01306
host=frontier03765
host=frontier04372
host=frontier02506
host=frontier03258
host=frontier06725
allowed=1-2
allowed=1-2
allowed=1-2
host=frontier05776
allowed=1-2
host=frontier10158
allowed=1-2
host=frontier04616
host=frontier04143
allowed=1-2
host=frontier05578
host=frontier00769
allowed=1-2
host=frontier08035
host=frontier04151
allowed=1-2
host=frontier08948
host=frontier03018
host=frontier02589
host=frontier06308
host=frontier05579
host=frontier01996
host=frontier08207
host=frontier03319
host=frontier01339
allowed=1-2
host=frontier00407
allowed=1-2
host=frontier04183
host=frontier06560
allowed=1-2
host=frontier07483
host=frontier00943
host=frontier08976
host=frontier02233
host=frontier00433
allowed=1-2
host=frontier04013
host=frontier00947
host=frontier01715
host=frontier05829
host=frontier01348
host=frontier10173
host=frontier01859
host=frontier02377
allowed=1-2
host=frontier00261
host=frontier05134
host=frontier06848
host=frontier04709
host=frontier08614
host=frontier04883
host=frontier05834
host=frontier01183
host=frontier07349
allowed=1-2
allowed=1-2
allowed=1-2
host=frontier07522
allowed=1-2
host=frontier01862
host=frontier04936
host=frontier02868
allowed=1-2
host=frontier07712
host=frontier03634
allowed=1-2
host=frontier03837
host=frontier09390
host=frontier05860
allowed=1-2
host=frontier00451
host=frontier01561
host=frontier01562
allowed=1-2
allowed=1-2
host=frontier04270
allowed=1-2
host=frontier06599
host=frontier01026
allowed=1-2
allowed=1-2
allowed=1-2
host=frontier06855
allowed=1-2
host=frontier07358
allowed=1-2
host=frontier03862
host=frontier08865
host=frontier05703
host=frontier08300
host=frontier05891
host=frontier01586
host=frontier09065
allowed=1-2
host=frontier06601
host=frontier07382
host=frontier01947
host=frontier07579
host=frontier01588
allowed=1-2
host=frontier02244
host=frontier08100
host=frontier06649
allowed=1-2
host=frontier03706
host=frontier04097
host=frontier00153
host=frontier02332
allowed=1-2
host=frontier01972
host=frontier03707
host=frontier06674
allowed=1-2
host=frontier05007
host=frontier00876
host=frontier00691
host=frontier04351
host=frontier03710
host=frontier08167
host=frontier00897
host=frontier06474
host=frontier02716
host=frontier00003
host=frontier00385
host=frontier04134
host=frontier01272
host=frontier06494
host=frontier09150
host=frontier00758
host=frontier01108
host=frontier04392
host=frontier02801
host=frontier09160
host=frontier06513
host=frontier10160
host=frontier01110
host=frontier03980
host=frontier09276
host=frontier04618
host=frontier01111
host=frontier06812
host=frontier05827
host=frontier01475
host=frontier01690
host=frontier03066
host=frontier02375
host=frontier01691
host=frontier01477
host=frontier03834
host=frontier01716
host=frontier06342
host=frontier00811
host=frontier04468
host=frontier03101
host=frontier00435
host=frontier05618
host=frontier02084
host=frontier08615
host=frontier09178
host=frontier00099
host=frontier06596
host=frontier09179
host=frontier02462
host=frontier01001
host=frontier07554
host=frontier04977
host=frontier05874
host=frontier08632
host=frontier09403
host=frontier00133
host=frontier09252
host=frontier04980
host=frontier07937
host=frontier00687
host=frontier00487
host=frontier02631
host=frontier05451
host=frontier02931
host=frontier04982
host=frontier09259
host=frontier05924
host=frontier07966
host=frontier02676
host=frontier00514
host=frontier00690
host=frontier08869
host=frontier00154
host=frontier02114
host=frontier07583
current_cpu=  1
current_cpu=  2
host=frontier06876
current_cpu=  2
host=frontier02712
host=frontier02113
allowed=1-2
allowed=1-2
host=frontier01739
allowed=1-2
host=frontier07582
host=frontier00520
host=frontier02335
host=frontier09416
allowed=1-2
allowed=1-2
host=frontier02115
allowed=1-2
host=frontier05516
allowed=1-2
host=frontier00557
host=frontier02967
host=frontier00374
host=frontier01460
current_cpu=  2
allowed=1-2
host=frontier08171
allowed=1-2
allowed=1-2
host=frontier05517
host=frontier02116
allowed=1-2
host=frontier01816
allowed=1-2
current_cpu=  2
host=frontier05747
current_cpu=  1
host=frontier02505
allowed=1-2
host=frontier05963
allowed=1-2
allowed=1-2
allowed=1-2
host=frontier07972
allowed=1-2
allowed=1-2
allowed=1-2
allowed=1-2
host=frontier02742
host=frontier07612
host=frontier05964
host=frontier06724
allowed=1-2
host=frontier03966
allowed=1-2
allowed=1-2
allowed=1-2
current_cpu=  1
host=frontier06967
current_cpu=  2
current_cpu=  2
allowed=1-2
current_cpu=  1
host=frontier07988
allowed=1-2
current_cpu=  2
allowed=1-2
host=frontier00939
allowed=1-2
host=frontier04861
host=frontier03772
current_cpu=  2
allowed=1-2
host=frontier04393
allowed=1-2
current_cpu=  2
host=frontier02370
allowed=1-2
allowed=1-2
current_cpu=  1
allowed=1-2
allowed=1-2
allowed=1-2
allowed=1-2
allowed=1-2
host=frontier06520
allowed=1-2
allowed=1-2
host=frontier04394
allowed=1-2
host=frontier02231
host=frontier08036
allowed=1-2
host=frontier07292
host=frontier02810
current_cpu=  2
allowed=1-2
host=frontier06521
current_cpu=  1
allowed=1-2
host=frontier01856
host=frontier03798
host=frontier09358
allowed=1-2
current_cpu=  2
allowed=1-2
allowed=1-2
allowed=1-2
allowed=1-2
allowed=1-2
host=frontier04660
current_cpu=  1
allowed=1-2
host=frontier03579
allowed=1-2
allowed=1-2
host=frontier02081
host=frontier03582
host=frontier04449
host=frontier08613
allowed=1-2
allowed=1-2
host=frontier07709
allowed=1-2
allowed=1-2
allowed=1-2
host=frontier09385
current_cpu=  2
host=frontier10174
allowed=1-2
allowed=1-2
allowed=1-2
allowed=1-2
host=frontier08229
host=frontier08065
allowed=1-2
allowed=1-2
host=frontier02083
allowed=1-2
allowed=1-2
allowed=1-2
current_cpu=  1
current_cpu=  1
current_cpu=  2
host=frontier01720
allowed=1-2
current_cpu=  1
host=frontier02236
host=frontier04239
allowed=1-2
allowed=1-2
host=frontier00962
allowed=1-2
host=frontier06850
host=frontier08824
current_cpu=  1
allowed=1-2
allowed=1-2
current_cpu=  2
allowed=1-2
allowed=1-2
host=frontier08617
allowed=1-2
host=frontier04026
host=frontier03640
host=frontier02869
current_cpu=  2
allowed=1-2
host=frontier05662
allowed=1-2
host=frontier05663
allowed=1-2
host=frontier06089
current_cpu=  1
host=frontier00306
current_cpu=  2
allowed=1-2
host=frontier05873
current_cpu=  2
host=frontier03861
host=frontier09000
host=frontier01880
allowed=1-2
allowed=1-2
current_cpu=  2
current_cpu=  1
current_cpu=  1
allowed=1-2
host=frontier08298
current_cpu=  1
allowed=1-2
current_cpu=  1
allowed=1-2
allowed=1-2
allowed=1-2
host=frontier07359
host=frontier01032
host=frontier08682
host=frontier07578
allowed=1-2
host=frontier03665
host=frontier02891
host=frontier04273
host=frontier08481
allowed=1-2
allowed=1-2
allowed=1-2
host=frontier08683
current_cpu=  1
allowed=1-2
allowed=1-2
allowed=1-2
allowed=1-2
host=frontier04530
host=frontier08482
allowed=1-2
host=frontier05705
current_cpu=  1
allowed=1-2
host=frontier00689
allowed=1-2
allowed=1-2
current_cpu=  1
host=frontier03445
allowed=1-2
allowed=1-2
host=frontier03899
allowed=1-2
allowed=1-2
host=frontier04567
host=frontier03452
current_cpu=  2
allowed=1-2
allowed=1-2
host=frontier03223
allowed=1-2
host=frontier02497
current_cpu=  2
allowed=1-2
allowed=1-2
host=frontier07430
host=frontier04754
host=frontier06468
allowed=1-2
host=frontier01604
allowed=1-2
host=frontier06692
host=frontier03480
host=frontier07801
allowed=1-2
host=frontier02337
allowed=1-2
allowed=1-2
host=frontier04801
allowed=1-2
host=frontier02503
host=frontier03505
host=frontier05724
allowed=1-2
host=frontier08884
host=frontier01090
allowed=1-2
host=frontier03963
allowed=1-2
host=frontier09148
allowed=1-2
host=frontier05261
allowed=1-2
host=frontier02741
host=frontier05068
allowed=1-2
host=frontier00559
host=frontier04138
host=frontier10155
allowed=1-2
allowed=1-2
host=frontier01107
host=frontier06966
host=frontier05317
host=frontier08193
allowed=1-2
host=frontier09159
host=frontier03770
allowed=1-2
host=frontier00759
host=frontier05577
host=frontier01992
allowed=1-2
allowed=1-2
host=frontier07230
allowed=1-2
host=frontier08745
allowed=1-2
host=frontier03979
host=frontier03279
allowed=1-2
host=frontier00570
allowed=1-2
host=frontier00941
host=frontier08372
host=frontier06972
allowed=1-2
allowed=1-2
allowed=1-2
allowed=1-2
host=frontier04399
allowed=1-2
allowed=1-2
allowed=1-2
host=frontier07843
host=frontier02590
host=frontier03578
host=frontier08962
allowed=1-2
allowed=1-2
allowed=1-2
host=frontier02017
host=frontier08047
host=frontier08227
host=frontier01135
host=frontier04880
host=frontier05360
host=frontier05601
allowed=1-2
allowed=1-2
host=frontier02376
host=frontier09384
allowed=1-2
allowed=1-2
allowed=1-2
allowed=1-2
host=frontier05617
allowed=1-2
host=frontier08996
host=frontier03595
host=frontier01349
host=frontier04020
allowed=1-2
allowed=1-2
allowed=1-2
host=frontier10175
host=frontier00277
host=frontier03379
allowed=1-2
allowed=1-2
host=frontier02619
host=frontier02237
host=frontier02088
allowed=1-2
host=frontier08461
allowed=1-2
host=frontier01728
host=frontier04479
allowed=1-2
host=frontier08833
host=frontier01879
host=frontier08999
host=frontier06085
allowed=1-2
host=frontier04725
host=frontier00963
host=frontier06852
allowed=1-2
host=frontier05194
allowed=1-2
host=frontier02239
allowed=1-2
host=frontier03386
allowed=1-2
host=frontier00816
allowed=1-2
host=frontier09393
host=frontier05449
allowed=1-2
allowed=1-2
host=frontier03889
allowed=1-2
allowed=1-2
host=frontier01355
host=frontier03387
allowed=1-2
allowed=1-2
host=frontier00308
host=frontier07104
allowed=1-2
allowed=1-2
host=frontier08098
allowed=1-2
allowed=1-2
host=frontier04277
host=frontier03699
host=frontier02675
host=frontier08867
host=frontier00309
host=frontier04095
host=frontier05704
host=frontier05923
allowed=1-2
host=frontier04286
allowed=1-2
allowed=1-2
allowed=1-2
host=frontier01048
host=frontier06874
allowed=1-2
allowed=1-2
host=frontier01602
allowed=1-2
host=frontier04312
host=frontier06176
allowed=1-2
host=frontier05232
host=frontier05481
host=frontier08738
allowed=1-2
host=frontier05711
host=frontier06680
allowed=1-2
allowed=1-2
host=frontier05958
host=frontier08871
host=frontier09431
host=frontier01605
host=frontier04603
host=frontier04356
host=frontier07584
host=frontier03252
host=frontier01240
host=frontier02364
host=frontier08358
host=frontier06214
host=frontier00914
host=frontier01097
host=frontier02119
host=frontier05519
host=frontier06955
host=frontier00560
host=frontier00387
host=frontier07840
host=frontier02214
host=frontier06220
host=frontier03514
host=frontier02759
host=frontier00193
host=frontier00562
host=frontier05108
host=frontier02560
host=frontier01623
host=frontier03539
host=frontier06727
host=frontier00770
host=frontier02803
host=frontier05826
host=frontier03059
host=frontier03773
host=frontier07681
host=frontier00078
host=frontier08611
host=frontier03326
host=frontier04413
host=frontier10172
host=frontier06038
host=frontier08425
host=frontier01341
host=frontier07844
host=frontier07484
host=frontier05133
host=frontier09173
host=frontier03377
host=frontier00960
host=frontier00081
host=frontier06069
host=frontier04021
host=frontier00641
host=frontier06083
host=frontier03597
host=frontier09388
host=frontier06595
host=frontier02378
host=frontier05835
host=frontier02382
host=frontier05657
host=frontier05137
host=frontier06084
host=frontier01216
host=frontier06346
host=frontier01729
host=frontier04969
host=frontier03384
host=frontier07357
host=frontier02621
host=frontier01730
host=frontier00452
host=frontier09217
host=frontier01222
host=frontier02104
host=frontier00454
host=frontier03134
host=frontier02872
host=frontier07561
host=frontier01224
host=frontier05227
host=frontier01946
host=frontier01732
host=frontier04731
host=frontier09023
host=frontier00513
host=frontier03411
host=frontier02495
host=frontier02242
host=frontier01356
host=frontier06873
host=frontier05229
host=frontier02496
host=frontier00310
host=frontier04750
host=frontier06875
host=frontier00326
host=frontier04753
host=frontier02710
host=frontier04114
host=frontier04598
host=frontier03955
host=frontier01087
allowed=1-2
allowed=1-2
allowed=1-2
current_cpu=  1
current_cpu=  2
allowed=1-2
current_cpu=  1
allowed=1-2
allowed=1-2
allowed=1-2
allowed=1-2
host=frontier08870
current_cpu=  1
host=frontier03962
current_cpu=  1
allowed=1-2
current_cpu=  2
allowed=1-2
current_cpu=  1
allowed=1-2
allowed=1-2
allowed=1-2
host=frontier01234
host=frontier10114
allowed=1-2
current_cpu=  2
allowed=1-2
host=frontier08886
current_cpu=  1
current_cpu=  2
host=frontier04606
allowed=1-2
host=frontier07822
host=frontier07971
allowed=1-2
current_cpu=  1
host=frontier05746
host=frontier05960
host=frontier04358
allowed=1-2
host=frontier07224
current_cpu=  2
host=frontier08742
allowed=1-2
allowed=1-2
current_cpu=  1
allowed=1-2
current_cpu=  2
current_cpu=  2
current_cpu=  2
allowed=1-2
current_cpu=  1
host=frontier04851
current_cpu=  2
host=frontier05572
host=frontier02366
current_cpu=  2
current_cpu=  2
allowed=1-2
allowed=1-2
host=frontier01842
allowed=1-2
allowed=1-2
host=frontier02996
current_cpu=  1
allowed=1-2
current_cpu=  2
host=frontier07228
current_cpu=  1
current_cpu=  2
host=frontier05107
allowed=1-2
current_cpu=  1
allowed=1-2
host=frontier00049
current_cpu=  1
current_cpu=  1
allowed=1-2
current_cpu=  2
allowed=1-2
allowed=1-2
current_cpu=  1
allowed=1-2
current_cpu=  1
host=frontier01854
allowed=1-2
current_cpu=  2
current_cpu=  1
current_cpu=  1
host=frontier00051
current_cpu=  2
host=frontier10161
current_cpu=  2
current_cpu=  1
current_cpu=  1
allowed=1-2
current_cpu=  1
current_cpu=  2
allowed=1-2
current_cpu=  1
allowed=1-2
host=frontier07456
host=frontier08592
host=frontier06005
allowed=1-2
current_cpu=  2
allowed=1-2
host=frontier00195
allowed=1-2
host=frontier04621
current_cpu=  1
allowed=1-2
host=frontier07482
host=frontier09346
current_cpu=  2
allowed=1-2
allowed=1-2
host=frontier06311
host=frontier02009
allowed=1-2
host=frontier01857
host=frontier07324
current_cpu=  2
current_cpu=  2
current_cpu=  1
current_cpu=  1
current_cpu=  1
current_cpu=  2
allowed=1-2
host=frontier02838
current_cpu=  2
allowed=1-2
host=frontier07336
current_cpu=  1
current_cpu=  2
allowed=1-2
host=frontier05361
allowed=1-2
allowed=1-2
allowed=1-2
current_cpu=  2
current_cpu=  2
allowed=1-2
host=frontier08810
host=frontier00080
current_cpu=  1
current_cpu=  1
current_cpu=  1
allowed=1-2
allowed=1-2
current_cpu=  1
current_cpu=  1
current_cpu=  1
current_cpu=  2
allowed=1-2
allowed=1-2
current_cpu=  1
current_cpu=  2
allowed=1-2
current_cpu=  1
current_cpu=  1
current_cpu=  2
host=frontier07079
host=frontier08822
allowed=1-2
current_cpu=  1
host=frontier08997
host=frontier08230
allowed=1-2
allowed=1-2
current_cpu=  1
current_cpu=  2
host=frontier01351
allowed=1-2
current_cpu=  1
allowed=1-2
host=frontier07548
allowed=1-2
host=frontier01878
host=frontier08094
current_cpu=  2
current_cpu=  1
current_cpu=  2
host=frontier08231
current_cpu=  1
host=frontier05193
allowed=1-2
current_cpu=  1
host=frontier07098
allowed=1-2
allowed=1-2
host=frontier02620
allowed=1-2
host=frontier00652
current_cpu=  1
allowed=1-2
host=frontier07356
current_cpu=  2
host=frontier08095
allowed=1-2
current_cpu=  2
allowed=1-2
host=frontier02870
host=frontier08479
allowed=1-2
current_cpu=  1
allowed=1-2
allowed=1-2
allowed=1-2
allowed=1-2
host=frontier06853
host=frontier05226
current_cpu=  1
current_cpu=  1
current_cpu=  2
allowed=1-2
host=frontier06090
current_cpu=  2
current_cpu=  1
current_cpu=  1
host=frontier02622
current_cpu=  2
allowed=1-2
allowed=1-2
allowed=1-2
host=frontier03153
allowed=1-2
host=frontier00833
current_cpu=  1
allowed=1-2
allowed=1-2
allowed=1-2
allowed=1-2
current_cpu=  1
current_cpu=  1
host=frontier06600
current_cpu=  1
allowed=1-2
current_cpu=  2
host=frontier07949
current_cpu=  1
current_cpu=  2
host=frontier01046
current_cpu=  2
allowed=1-2
host=frontier03189
allowed=1-2
current_cpu=  1
host=frontier09405
host=frontier01229
allowed=1-2
current_cpu=  2
allowed=1-2
host=frontier07107
current_cpu=  1
host=frontier09406
current_cpu=  2
host=frontier08308
allowed=1-2
host=frontier04533
current_cpu=  1
current_cpu=  2
allowed=1-2
current_cpu=  1
host=frontier07967
current_cpu=  2
allowed=1-2
allowed=1-2
host=frontier00837
host=frontier09262
current_cpu=  1
host=frontier07163
current_cpu=  1
allowed=1-2
host=frontier01430
current_cpu=  1
allowed=1-2
host=frontier07968
current_cpu=  2
current_cpu=  2
host=frontier03709
host=frontier09076
host=frontier03921
allowed=1-2
allowed=1-2
host=frontier01603
host=frontier07202
host=frontier01232
host=frontier05943
allowed=1-2
current_cpu=  2
allowed=1-2
current_cpu=  2
allowed=1-2
allowed=1-2
host=frontier00701
allowed=1-2
current_cpu=  2
host=frontier09089
host=frontier05515
allowed=1-2
host=frontier01459
current_cpu=  2
current_cpu=  1
allowed=1-2
host=frontier01755
host=frontier08356
current_cpu=  2
allowed=1-2
allowed=1-2
host=frontier03251
allowed=1-2
current_cpu=  1
host=frontier08170
host=frontier09110
host=frontier04802
allowed=1-2
host=frontier05959
host=frontier07970
host=frontier01985
allowed=1-2
current_cpu=  2
allowed=1-2
current_cpu=  1
allowed=1-2
host=frontier06722
host=frontier09270
host=frontier03510
current_cpu=  2
host=frontier06946
host=frontier03733
allowed=1-2
host=frontier05066
host=frontier01461
host=frontier01606
current_cpu=  2
host=frontier08175
host=frontier09271
host=frontier08938
allowed=1-2
allowed=1-2
current_cpu=  1
host=frontier03964
allowed=1-2
host=frontier00707
host=frontier03734
allowed=1-2
host=frontier04369
host=frontier07611
allowed=1-2
host=frontier05105
current_cpu=  1
host=frontier08743
current_cpu=  2
allowed=1-2
host=frontier07839
host=frontier08177
host=frontier08939
host=frontier00048
allowed=1-2
allowed=1-2
host=frontier09272
host=frontier06216
allowed=1-2
current_cpu=  1
allowed=1-2
host=frontier09274
allowed=1-2
host=frontier07613
current_cpu=  1
host=frontier08943
allowed=1-2
allowed=1-2
host=frontier08559
allowed=1-2
host=frontier02997
current_cpu=  1
current_cpu=  1
host=frontier08577
host=frontier07614
allowed=1-2
host=frontier06971
host=frontier00940
current_cpu=  1
allowed=1-2
current_cpu=  2
allowed=1-2
host=frontier01109
host=frontier06726
host=frontier08362
allowed=1-2
current_cpu=  1
host=frontier07231
host=frontier04862
allowed=1-2
current_cpu=  1
allowed=1-2
host=frontier00194
allowed=1-2
allowed=1-2
current_cpu=  1
host=frontier07842
host=frontier00406
current_cpu=  2
host=frontier05358
host=frontier01628
current_cpu=  1
current_cpu=  1
allowed=1-2
current_cpu=  2
current_cpu=  1
current_cpu=  1
host=frontier09162
allowed=1-2
host=frontier08765
host=frontier00571
allowed=1-2
allowed=1-2
allowed=1-2
current_cpu=  2
host=frontier02232
host=frontier06818
current_cpu=  1
host=frontier00575
current_cpu=  1
allowed=1-2
allowed=1-2
host=frontier00787
host=frontier03827
allowed=1-2
allowed=1-2
allowed=1-2
host=frontier08612
allowed=1-2
host=frontier07845
host=frontier04663
allowed=1-2
host=frontier08228
host=frontier08049
host=frontier08426
host=frontier03351
current_cpu=  1
current_cpu=  2
host=frontier00434
host=frontier06846
allowed=1-2
allowed=1-2
host=frontier01181
host=frontier06341
current_cpu=  1
current_cpu=  1
current_cpu=  2
current_cpu=  2
host=frontier06567
allowed=1-2
current_cpu=  1
allowed=1-2
allowed=1-2
host=frontier02235
host=frontier07710
allowed=1-2
host=frontier02843
allowed=1-2
current_cpu=  2
host=frontier02844
host=frontier08430
host=frontier00812
host=frontier09175
current_cpu=  2
host=frontier05390
current_cpu=  1
allowed=1-2
allowed=1-2
host=frontier07711
allowed=1-2
current_cpu=  1
host=frontier08077
host=frontier07909
host=frontier00436
current_cpu=  1
host=frontier03383
allowed=1-2
allowed=1-2
host=frontier07350
allowed=1-2
current_cpu=  2
host=frontier00642
allowed=1-2
host=frontier04724
current_cpu=  2
allowed=1-2
host=frontier07910
allowed=1-2
current_cpu=  1
allowed=1-2
allowed=1-2
host=frontier03838
allowed=1-2
allowed=1-2
current_cpu=  1
allowed=1-2
allowed=1-2
allowed=1-2
host=frontier01352
host=frontier00305
host=frontier08233
host=frontier00100
host=frontier04487
host=frontier01221
host=frontier08834
host=frontier00815
host=frontier00659
host=frontier08096
host=frontier06598
current_cpu=  2
allowed=1-2
current_cpu=  2
host=frontier07919
allowed=1-2
host=frontier02463
host=frontier03385
current_cpu=  2
host=frontier01731
allowed=1-2
host=frontier08097
current_cpu=  1
host=frontier07715
host=frontier09001
allowed=1-2
current_cpu=  2
allowed=1-2
host=frontier07103
allowed=1-2
host=frontier01354
host=frontier02466
host=frontier04084
host=frontier05664
current_cpu=  2
host=frontier06856
current_cpu=  1
allowed=1-2
current_cpu=  1
current_cpu=  2
allowed=1-2
allowed=1-2
current_cpu=  1
current_cpu=  1
allowed=1-2
allowed=1-2
current_cpu=  2
current_cpu=  2
allowed=1-2
current_cpu=  2
current_cpu=  2
allowed=1-2
host=frontier00834
host=frontier08304
allowed=1-2
allowed=1-2
allowed=1-2
host=frontier06167
allowed=1-2
allowed=1-2
allowed=1-2
allowed=1-2
host=frontier07777
host=frontier02109
current_cpu=  1
allowed=1-2
current_cpu=  2
current_cpu=  1
host=frontier08484
current_cpu=  1
allowed=1-2
host=frontier08868
allowed=1-2
host=frontier01230
host=frontier07580
current_cpu=  2
current_cpu=  1
host=frontier08690
host=frontier00142
allowed=1-2
host=frontier01735
current_cpu=  2
allowed=1-2
host=frontier08321
host=frontier08164
host=frontier05006
allowed=1-2
host=frontier07781
host=frontier08485
host=frontier04099
current_cpu=  2
host=frontier02112
allowed=1-2
allowed=1-2
host=frontier07785
host=frontier01983
host=frontier08165
host=frontier06197
allowed=1-2
current_cpu=  1
host=frontier02965
host=frontier08342
allowed=1-2
allowed=1-2
host=frontier08486
host=frontier03224
host=frontier05237
current_cpu=  1
host=frontier09264
host=frontier00329
current_cpu=  1
host=frontier01984
allowed=1-2
host=frontier06212
host=frontier08497
allowed=1-2
allowed=1-2
host=frontier07207
host=frontier04120
host=frontier07449
host=frontier02501
host=frontier01233
host=frontier00181
allowed=1-2
host=frontier01760
allowed=1-2
allowed=1-2
host=frontier07223
host=frontier08740
host=frontier00898
host=frontier08502
host=frontier00704
host=frontier04133
allowed=1-2
host=frontier07450
host=frontier09265
host=frontier02340
host=frontier10129
host=frontier08741
allowed=1-2
host=frontier07604
allowed=1-2
host=frontier00558
allowed=1-2
host=frontier07451
allowed=1-2
host=frontier02994
allowed=1-2
allowed=1-2
allowed=1-2
host=frontier04834
host=frontier01819
host=frontier00183
allowed=1-2
host=frontier01989
host=frontier08359
host=frontier03257
host=frontier01607
allowed=1-2
host=frontier07452
allowed=1-2
host=frontier06215
host=frontier07227
host=frontier08552
allowed=1-2
host=frontier00934
host=frontier00184
host=frontier04608
host=frontier02211
allowed=1-2
host=frontier08360
host=frontier08553
host=frontier01991
host=frontier07985
host=frontier05771
host=frontier04857
host=frontier03513
host=frontier07453
host=frontier00389
host=frontier07229
allowed=1-2
host=frontier05986
allowed=1-2
host=frontier03259
host=frontier05321
allowed=1-2
host=frontier08744
host=frontier01609
allowed=1-2
host=frontier00185
allowed=1-2
host=frontier01844
host=frontier00561
host=frontier05777
host=frontier07841
allowed=1-2
host=frontier01338
host=frontier01473
allowed=1-2
allowed=1-2
host=frontier09275
host=frontier07455
host=frontier04617
allowed=1-2
allowed=1-2
host=frontier02217
allowed=1-2
host=frontier02371
allowed=1-2
allowed=1-2
allowed=1-2
allowed=1-2
allowed=1-2
host=frontier09161
host=frontier08961
host=frontier08760
host=frontier03571
allowed=1-2
host=frontier07653
host=frontier01855
host=frontier05109
host=frontier00077
host=frontier06037
allowed=1-2
host=frontier00942
allowed=1-2
host=frontier08226
host=frontier08377
host=frontier08045
allowed=1-2
host=frontier00786
host=frontier04879
host=frontier05580
allowed=1-2
host=frontier04001
host=frontier05110
allowed=1-2
allowed=1-2
host=frontier05828
allowed=1-2
host=frontier03091
allowed=1-2
host=frontier06338
host=frontier02593
host=frontier00258
host=frontier08770
host=frontier07695
allowed=1-2
host=frontier00079
host=frontier03350
allowed=1-2
host=frontier02841
host=frontier06041
allowed=1-2
host=frontier04015
host=frontier00810
host=frontier04228
host=frontier04882
host=frontier06978
host=frontier00259
host=frontier03099
host=frontier00576
allowed=1-2
host=frontier08995
allowed=1-2
allowed=1-2
host=frontier07075
allowed=1-2
allowed=1-2
host=frontier08429
host=frontier05389
allowed=1-2
host=frontier07858
host=frontier09174
host=frontier01860
host=frontier02617
host=frontier03835
host=frontier07521
host=frontier04230
allowed=1-2
host=frontier00961
allowed=1-2
allowed=1-2
allowed=1-2
host=frontier06849
host=frontier04473
allowed=1-2
allowed=1-2
allowed=1-2
allowed=1-2
host=frontier01479
host=frontier03836
host=frontier01350
host=frontier00278
host=frontier01506
host=frontier08616
host=frontier05391
host=frontier04022
host=frontier04938
host=frontier03131
allowed=1-2
allowed=1-2
host=frontier00438
allowed=1-2
host=frontier07097
allowed=1-2
allowed=1-2
host=frontier04240
host=frontier07911
host=frontier01219
allowed=1-2
host=frontier03132
host=frontier07553
allowed=1-2
allowed=1-2
host=frontier02102
host=frontier02238
host=frontier08478
host=frontier00814
host=frontier07713
allowed=1-2
host=frontier09391
allowed=1-2
host=frontier08297
allowed=1-2
allowed=1-2
host=frontier03133
host=frontier03641
host=frontier02103
host=frontier06347
allowed=1-2
host=frontier04728
host=frontier05448
host=frontier07102
host=frontier07714
host=frontier04051
allowed=1-2
allowed=1-2
host=frontier08480
allowed=1-2
host=frontier00686
host=frontier00131
allowed=1-2
allowed=1-2
allowed=1-2
host=frontier01585
host=frontier01885
host=frontier09221
allowed=1-2
host=frontier00307
host=frontier07921
host=frontier06416
allowed=1-2
allowed=1-2
host=frontier04491
host=frontier02494
allowed=1-2
host=frontier07776
host=frontier06094
allowed=1-2
host=frontier06419
host=frontier02105
host=frontier04091
allowed=1-2
host=frontier02241
host=frontier08866
allowed=1-2
allowed=1-2
host=frontier08099
host=frontier06465
allowed=1-2
host=frontier04981
allowed=1-2
allowed=1-2
host=frontier00141
host=frontier09258
host=frontier03898
allowed=1-2
host=frontier04739
allowed=1-2
host=frontier00688
host=frontier07778
allowed=1-2
allowed=1-2
host=frontier01393
allowed=1-2
host=frontier02111
host=frontier00836
host=frontier07422
host=frontier01970
host=frontier06466
host=frontier02938
host=frontier06170
allowed=1-2
host=frontier09066
host=frontier01231
allowed=1-2
host=frontier00515
host=frontier05942
host=frontier02963
host=frontier01084
host=frontier09075
allowed=1-2
host=frontier08692
allowed=1-2
host=frontier09415
allowed=1-2
host=frontier07425
host=frontier03900
host=frontier06467
allowed=1-2
host=frontier05258
host=frontier07969
host=frontier05009
host=frontier05721
host=frontier02966
allowed=1-2
host=frontier08739
allowed=1-2
host=frontier02715
host=frontier00533
host=frontier08355
host=frontier06472
host=frontier03249
allowed=1-2
host=frontier05260
host=frontier00002
host=frontier00706
host=frontier00182
host=frontier05263
host=frontier03511
host=frontier04139
host=frontier05988
host=frontier01993
host=frontier04160
host=frontier01474
host=frontier06976
host=frontier01340
host=frontier04220
host=frontier05600
host=frontier02616
host=frontier06566
host=frontier07347
host=frontier00622
host=frontier02618
host=frontier03127
host=frontier05836
host=frontier04259
host=frontier00101
host=frontier04490
host=frontier05450
host=frontier05228
host=frontier07581
host=frontier00180
current_cpu=  2
current_cpu=  1
current_cpu=  1
current_cpu=  2
current_cpu=  1
current_cpu=  2
current_cpu=  1
current_cpu=  2
allowed=1-2
allowed=1-2
current_cpu=  2
current_cpu=  1
current_cpu=  2
current_cpu=  2
current_cpu=  1
allowed=1-2
allowed=1-2
current_cpu=  2
current_cpu=  1
allowed=1-2
allowed=1-2
current_cpu=  1
allowed=1-2
allowed=1-2
current_cpu=  1
allowed=1-2
allowed=1-2
allowed=1-2
current_cpu=  1
allowed=1-2
current_cpu=  2
current_cpu=  1
current_cpu=  2
current_cpu=  1
allowed=1-2
allowed=1-2
allowed=1-2
current_cpu=  2
current_cpu=  1
allowed=1-2
current_cpu=  2
current_cpu=  1
current_cpu=  2
allowed=1-2
allowed=1-2
current_cpu=  2
current_cpu=  2
allowed=1-2
current_cpu=  2
current_cpu=  1
current_cpu=  2
current_cpu=  2
allowed=1-2
current_cpu=  2
allowed=1-2
allowed=1-2
current_cpu=  1
current_cpu=  1
current_cpu=  1
allowed=1-2
allowed=1-2
allowed=1-2
current_cpu=  1
current_cpu=  2
allowed=1-2
current_cpu=  1
allowed=1-2
current_cpu=  2
allowed=1-2
allowed=1-2
current_cpu=  1
allowed=1-2
allowed=1-2
current_cpu=  2
allowed=1-2
allowed=1-2
current_cpu=  1
allowed=1-2
current_cpu=  2
current_cpu=  2
allowed=1-2
current_cpu=  1
current_cpu=  1
current_cpu=  2
current_cpu=  1
allowed=1-2
allowed=1-2
current_cpu=  1
current_cpu=  1
current_cpu=  2
current_cpu=  2
current_cpu=  2
allowed=1-2
allowed=1-2
current_cpu=  1
allowed=1-2
allowed=1-2
current_cpu=  2
current_cpu=  1
allowed=1-2
current_cpu=  2
current_cpu=  1
allowed=1-2
current_cpu=  1
allowed=1-2
allowed=1-2
allowed=1-2
allowed=1-2
current_cpu=  2
allowed=1-2
current_cpu=  2
current_cpu=  2
allowed=1-2
current_cpu=  2
allowed=1-2
current_cpu=  2
allowed=1-2
allowed=1-2
current_cpu=  2
current_cpu=  2
allowed=1-2
allowed=1-2
current_cpu=  1
current_cpu=  2
current_cpu=  2
current_cpu=  1
current_cpu=  1
allowed=1-2
allowed=1-2
current_cpu=  1
allowed=1-2
allowed=1-2
current_cpu=  1
current_cpu=  1
current_cpu=  2
allowed=1-2
current_cpu=  2
allowed=1-2
current_cpu=  2
current_cpu=  2
current_cpu=  2
current_cpu=  1
allowed=1-2
current_cpu=  1
allowed=1-2
allowed=1-2
current_cpu=  2
allowed=1-2
current_cpu=  2
allowed=1-2
allowed=1-2
current_cpu=  2
current_cpu=  1
allowed=1-2
allowed=1-2
allowed=1-2
current_cpu=  2
allowed=1-2
current_cpu=  2
allowed=1-2
current_cpu=  2
current_cpu=  2
allowed=1-2
allowed=1-2
allowed=1-2
current_cpu=  1
allowed=1-2
current_cpu=  1
allowed=1-2
allowed=1-2
allowed=1-2
current_cpu=  2
current_cpu=  2
allowed=1-2
allowed=1-2
allowed=1-2
allowed=1-2
current_cpu=  1
current_cpu=  1
current_cpu=  2
current_cpu=  1
allowed=1-2
current_cpu=  1
allowed=1-2
current_cpu=  2
allowed=1-2
current_cpu=  2
allowed=1-2
allowed=1-2
current_cpu=  1
current_cpu=  2
allowed=1-2
current_cpu=  2
allowed=1-2
current_cpu=  2
allowed=1-2
allowed=1-2
allowed=1-2
current_cpu=  1
current_cpu=  2
current_cpu=  1
allowed=1-2
allowed=1-2
allowed=1-2
allowed=1-2
current_cpu=  1
allowed=1-2
allowed=1-2
allowed=1-2
allowed=1-2
allowed=1-2
allowed=1-2
current_cpu=  2
current_cpu=  1
allowed=1-2
current_cpu=  2
allowed=1-2
allowed=1-2
current_cpu=  2
allowed=1-2
allowed=1-2
current_cpu=  2
allowed=1-2
allowed=1-2
current_cpu=  2
allowed=1-2
allowed=1-2
allowed=1-2
allowed=1-2
current_cpu=  1
current_cpu=  1
allowed=1-2
allowed=1-2
current_cpu=  2
current_cpu=  1
allowed=1-2
current_cpu=  2
allowed=1-2
current_cpu=  1
current_cpu=  1
host=frontier08361
allowed=1-2
current_cpu=  1
allowed=1-2
allowed=1-2
allowed=1-2
current_cpu=  1
allowed=1-2
allowed=1-2
current_cpu=  1
current_cpu=  1
allowed=1-2
allowed=1-2
allowed=1-2
current_cpu=  1
allowed=1-2
current_cpu=  2
current_cpu=  1
allowed=1-2
current_cpu=  2
current_cpu=  2
allowed=1-2
allowed=1-2
allowed=1-2
current_cpu=  1
allowed=1-2
current_cpu=  1
allowed=1-2
current_cpu=  2
current_cpu=  2
current_cpu=  2
allowed=1-2
allowed=1-2
allowed=1-2
current_cpu=  1
current_cpu=  2
allowed=1-2
allowed=1-2
current_cpu=  1
current_cpu=  2
host=frontier01476
current_cpu=  1
allowed=1-2
current_cpu=  2
allowed=1-2
allowed=1-2
current_cpu=  1
allowed=1-2
allowed=1-2
allowed=1-2
allowed=1-2
allowed=1-2
allowed=1-2
current_cpu=  2
current_cpu=  1
allowed=1-2
allowed=1-2
allowed=1-2
current_cpu=  2
current_cpu=  2
current_cpu=  2
allowed=1-2
allowed=1-2
current_cpu=  1
allowed=1-2
current_cpu=  1
allowed=1-2
allowed=1-2
allowed=1-2
allowed=1-2
current_cpu=  2
current_cpu=  2
current_cpu=  2
current_cpu=  2
current_cpu=  1
current_cpu=  1
current_cpu=  1
current_cpu=  2
current_cpu=  1
current_cpu=  1
current_cpu=  2
current_cpu=  2
current_cpu=  2
current_cpu=  2
current_cpu=  1
current_cpu=  2
current_cpu=  2
current_cpu=  1
current_cpu=  1
current_cpu=  1
current_cpu=  1
current_cpu=  1
current_cpu=  1
current_cpu=  2
current_cpu=  1
current_cpu=  1
current_cpu=  1
current_cpu=  1
current_cpu=  1
current_cpu=  1
allowed=1-2
current_cpu=  2
current_cpu=  2
current_cpu=  1
current_cpu=  1
current_cpu=  2
current_cpu=  2
current_cpu=  1
current_cpu=  1
current_cpu=  2
current_cpu=  2
current_cpu=  1
current_cpu=  1
current_cpu=  1
current_cpu=  2
current_cpu=  2
current_cpu=  1
current_cpu=  2
current_cpu=  1
current_cpu=  2
current_cpu=  1
current_cpu=  2
current_cpu=  2
current_cpu=  2
current_cpu=  2
current_cpu=  1
current_cpu=  1
current_cpu=  2
current_cpu=  1
current_cpu=  1
current_cpu=  1
current_cpu=  1
current_cpu=  2
current_cpu=  1
current_cpu=  2
current_cpu=  1
current_cpu=  1
current_cpu=  2
current_cpu=  1
current_cpu=  1
current_cpu=  2
current_cpu=  1
current_cpu=  2
host=frontier02995
current_cpu=  1
current_cpu=  1
current_cpu=  2
current_cpu=  2
current_cpu=  1
current_cpu=  1
allowed=1-2
current_cpu=  2
current_cpu=  2
current_cpu=  2
allowed=1-2
current_cpu=  1
current_cpu=  1
current_cpu=  1
current_cpu=  1
current_cpu=  2
current_cpu=  1
allowed=1-2
current_cpu=  1
current_cpu=  1
current_cpu=  1
current_cpu=  1
current_cpu=  2
current_cpu=  2
allowed=1-2
allowed=1-2
current_cpu=  1
current_cpu=  1
current_cpu=  1
current_cpu=  1
current_cpu=  2
current_cpu=  1
current_cpu=  1
current_cpu=  1
current_cpu=  2
host=frontier09172
current_cpu=  1
current_cpu=  2
current_cpu=  1
current_cpu=  2
allowed=1-2
current_cpu=  1
current_cpu=  1
current_cpu=  2
current_cpu=  2
current_cpu=  1
current_cpu=  1
current_cpu=  1
current_cpu=  2
current_cpu=  2
current_cpu=  1
allowed=1-2
current_cpu=  2
allowed=1-2
current_cpu=  2
current_cpu=  2
allowed=1-2
allowed=1-2
current_cpu=  2
allowed=1-2
allowed=1-2
host=frontier08998
current_cpu=  2
allowed=1-2
current_cpu=  1
current_cpu=  1
current_cpu=  1
current_cpu=  1
current_cpu=  1
allowed=1-2
current_cpu=  1
current_cpu=  2
current_cpu=  1
allowed=1-2
current_cpu=  1
host=frontier06495
current_cpu=  2
current_cpu=  1
allowed=1-2
current_cpu=  2
allowed=1-2
allowed=1-2
current_cpu=  1
current_cpu=  2
current_cpu=  1
current_cpu=  1
current_cpu=  2
allowed=1-2
current_cpu=  1
current_cpu=  2
current_cpu=  2
current_cpu=  1
current_cpu=  2
current_cpu=  2
current_cpu=  1
current_cpu=  1
allowed=1-2
allowed=1-2
current_cpu=  2
current_cpu=  2
current_cpu=  1
current_cpu=  1
allowed=1-2
allowed=1-2
current_cpu=  1
current_cpu=  1
allowed=1-2
allowed=1-2
current_cpu=  2
current_cpu=  2
allowed=1-2
allowed=1-2
current_cpu=  1
allowed=1-2
current_cpu=  2
current_cpu=  2
current_cpu=  2
current_cpu=  2
current_cpu=  1
allowed=1-2
current_cpu=  1
allowed=1-2
current_cpu=  1
allowed=1-2
current_cpu=  2
current_cpu=  1
allowed=1-2
allowed=1-2
current_cpu=  1
current_cpu=  1
current_cpu=  2
current_cpu=  2
allowed=1-2
current_cpu=  1
current_cpu=  1
allowed=1-2
current_cpu=  1
allowed=1-2
current_cpu=  2
allowed=1-2
current_cpu=  2
current_cpu=  2
current_cpu=  1
current_cpu=  1
current_cpu=  1
current_cpu=  1
allowed=1-2
current_cpu=  2
current_cpu=  1
allowed=1-2
allowed=1-2
allowed=1-2
current_cpu=  2
current_cpu=  2
current_cpu=  2
allowed=1-2
current_cpu=  2
allowed=1-2
current_cpu=  1
current_cpu=  1
current_cpu=  1
current_cpu=  2
current_cpu=  1
current_cpu=  2
current_cpu=  1
current_cpu=  2
current_cpu=  1
current_cpu=  1
current_cpu=  2
allowed=1-2
current_cpu=  2
allowed=1-2
current_cpu=  2
current_cpu=  2
current_cpu=  1
current_cpu=  2
current_cpu=  2
allowed=1-2
current_cpu=  1
current_cpu=  1
current_cpu=  1
current_cpu=  1
current_cpu=  2
allowed=1-2
current_cpu=  2
allowed=1-2
current_cpu=  1
current_cpu=  2
current_cpu=  1
current_cpu=  2
allowed=1-2
current_cpu=  1
current_cpu=  1
allowed=1-2
current_cpu=  2
current_cpu=  1
current_cpu=  2
allowed=1-2
current_cpu=  2
allowed=1-2
current_cpu=  1
current_cpu=  1
allowed=1-2
allowed=1-2
current_cpu=  1
current_cpu=  2
current_cpu=  2
allowed=1-2
current_cpu=  2
current_cpu=  2
allowed=1-2
allowed=1-2
current_cpu=  2
current_cpu=  2
allowed=1-2
current_cpu=  1
current_cpu=  1
host=frontier02369
allowed=1-2
current_cpu=  1
allowed=1-2
allowed=1-2
current_cpu=  2
current_cpu=  2
allowed=1-2
allowed=1-2
current_cpu=  1
current_cpu=  1
host=frontier05480
current_cpu=  2
current_cpu=  1
allowed=1-2
current_cpu=  2
current_cpu=  1
allowed=1-2
allowed=1-2
current_cpu=  2
current_cpu=  1
allowed=1-2
current_cpu=  2
allowed=1-2
allowed=1-2
current_cpu=  2
current_cpu=  2
current_cpu=  1
current_cpu=  1
host=frontier01431
allowed=1-2
current_cpu=  1
allowed=1-2
current_cpu=  2
allowed=1-2
allowed=1-2
allowed=1-2
current_cpu=  1
current_cpu=  2
current_cpu=  2
allowed=1-2
current_cpu=  2
allowed=1-2
current_cpu=  2
current_cpu=  1
current_cpu=  1
allowed=1-2
current_cpu=  1
current_cpu=  2
current_cpu=  2
allowed=1-2
current_cpu=  1
allowed=1-2
current_cpu=  2
allowed=1-2
current_cpu=  1
allowed=1-2
current_cpu=  2
allowed=1-2
current_cpu=  1
allowed=1-2
current_cpu=  2
current_cpu=  2
allowed=1-2
allowed=1-2
current_cpu=  2
current_cpu=  1
allowed=1-2
allowed=1-2
allowed=1-2
current_cpu=  1
current_cpu=  1
allowed=1-2
current_cpu=  2
current_cpu=  1
current_cpu=  1
allowed=1-2
allowed=1-2
current_cpu=  2
allowed=1-2
allowed=1-2
current_cpu=  1
allowed=1-2
allowed=1-2
current_cpu=  1
current_cpu=  1
allowed=1-2
current_cpu=  2
allowed=1-2
current_cpu=  1
allowed=1-2
current_cpu=  1
allowed=1-2
current_cpu=  2
allowed=1-2
current_cpu=  2
allowed=1-2
current_cpu=  2
allowed=1-2
current_cpu=  2
allowed=1-2
current_cpu=  2
current_cpu=  1
current_cpu=  1
allowed=1-2
current_cpu=  2
host=frontier08551
allowed=1-2
current_cpu=  1
current_cpu=  1
current_cpu=  1
allowed=1-2
allowed=1-2
current_cpu=  2
current_cpu=  1
allowed=1-2
current_cpu=  1
allowed=1-2
current_cpu=  1
allowed=1-2
host=frontier02365
allowed=1-2
allowed=1-2
current_cpu=  2
current_cpu=  1
allowed=1-2
allowed=1-2
current_cpu=  2
current_cpu=  2
allowed=1-2
current_cpu=  2
current_cpu=  1
host=frontier07824
allowed=1-2
current_cpu=  2
current_cpu=  1
allowed=1-2
allowed=1-2
current_cpu=  2
allowed=1-2
allowed=1-2
current_cpu=  2
current_cpu=  2
current_cpu=  2
allowed=1-2
current_cpu=  2
allowed=1-2
current_cpu=  1
allowed=1-2
allowed=1-2
current_cpu=  2
current_cpu=  2
allowed=1-2
allowed=1-2
allowed=1-2
current_cpu=  1
current_cpu=  2
allowed=1-2
allowed=1-2
current_cpu=  1
current_cpu=  1
allowed=1-2
allowed=1-2
current_cpu=  1
allowed=1-2
current_cpu=  2
current_cpu=  1
current_cpu=  2
allowed=1-2
current_cpu=  1
allowed=1-2
current_cpu=  1
allowed=1-2
current_cpu=  1
current_cpu=  2
allowed=1-2
current_cpu=  1
current_cpu=  2
allowed=1-2
current_cpu=  2
allowed=1-2
current_cpu=  2
current_cpu=  2
current_cpu=  2
allowed=1-2
current_cpu=  1
allowed=1-2
current_cpu=  1
current_cpu=  2
current_cpu=  1
allowed=1-2
current_cpu=  2
current_cpu=  1
allowed=1-2
allowed=1-2
current_cpu=  1
current_cpu=  2
current_cpu=  2
allowed=1-2
current_cpu=  2
allowed=1-2
current_cpu=  2
current_cpu=  1
allowed=1-2
allowed=1-2
current_cpu=  1
current_cpu=  1
current_cpu=  1
current_cpu=  2
current_cpu=  2
current_cpu=  1
allowed=1-2
allowed=1-2
current_cpu=  1
current_cpu=  1
allowed=1-2
current_cpu=  2
current_cpu=  2
current_cpu=  1
host=frontier08194
allowed=1-2
allowed=1-2
current_cpu=  1
current_cpu=  2
allowed=1-2
current_cpu=  1
current_cpu=  1
current_cpu=  1
current_cpu=  1
allowed=1-2
current_cpu=  1
current_cpu=  1
current_cpu=  2
allowed=1-2
allowed=1-2
current_cpu=  2
current_cpu=  2
allowed=1-2
allowed=1-2
current_cpu=  2
current_cpu=  1
current_cpu=  2
allowed=1-2
allowed=1-2
current_cpu=  1
allowed=1-2
allowed=1-2
current_cpu=  2
current_cpu=  1
allowed=1-2
allowed=1-2
current_cpu=  1
current_cpu=  1
current_cpu=  1
current_cpu=  1
current_cpu=  2
allowed=1-2
current_cpu=  2
current_cpu=  1
current_cpu=  2
allowed=1-2
current_cpu=  1
allowed=1-2
current_cpu=  1
allowed=1-2
current_cpu=  1
current_cpu=  1
allowed=1-2
allowed=1-2
current_cpu=  1
current_cpu=  2
allowed=1-2
current_cpu=  1
current_cpu=  2
allowed=1-2
current_cpu=  1
allowed=1-2
current_cpu=  2
host=frontier05359
current_cpu=  2
allowed=1-2
current_cpu=  2
current_cpu=  1
allowed=1-2
current_cpu=  2
current_cpu=  2
current_cpu=  1
allowed=1-2
current_cpu=  2
current_cpu=  1
allowed=1-2
current_cpu=  2
allowed=1-2
current_cpu=  2
current_cpu=  2
allowed=1-2
allowed=1-2
current_cpu=  1
current_cpu=  2
allowed=1-2
current_cpu=  2
current_cpu=  1
allowed=1-2
current_cpu=  1
allowed=1-2
current_cpu=  2
current_cpu=  1
current_cpu=  1
allowed=1-2
current_cpu=  2
allowed=1-2
current_cpu=  2
host=frontier02234
allowed=1-2
current_cpu=  2
allowed=1-2
allowed=1-2
current_cpu=  2
current_cpu=  2
host=frontier08619
allowed=1-2
current_cpu=  1
current_cpu=  2
allowed=1-2
allowed=1-2
current_cpu=  2
current_cpu=  1
allowed=1-2
allowed=1-2
current_cpu=  2
current_cpu=  2
allowed=1-2
current_cpu=  2
allowed=1-2
current_cpu=  1
current_cpu=  1
current_cpu=  1
current_cpu=  1
allowed=1-2
current_cpu=  2
current_cpu=  2
current_cpu=  1
current_cpu=  1
host=frontier08821
allowed=1-2
allowed=1-2
current_cpu=  2
allowed=1-2
current_cpu=  2
current_cpu=  2
allowed=1-2
current_cpu=  2
allowed=1-2
current_cpu=  2
allowed=1-2
current_cpu=  2
allowed=1-2
current_cpu=  1
allowed=1-2
current_cpu=  1
allowed=1-2
current_cpu=  2
current_cpu=  1
allowed=1-2
current_cpu=  1
allowed=1-2
current_cpu=  2
current_cpu=  1
current_cpu=  1
host=frontier06475
current_cpu=  2
allowed=1-2
allowed=1-2
allowed=1-2
current_cpu=  2
current_cpu=  2
current_cpu=  2
host=frontier01608
current_cpu=  2
current_cpu=  2
current_cpu=  1
host=frontier04713
allowed=1-2
current_cpu=  1
allowed=1-2
current_cpu=  1
allowed=1-2
allowed=1-2
allowed=1-2
current_cpu=  2
current_cpu=  2
current_cpu=  1
allowed=1-2
current_cpu=  2
allowed=1-2
current_cpu=  2
allowed=1-2
current_cpu=  2
allowed=1-2
current_cpu=  1
current_cpu=  2
allowed=1-2
current_cpu=  1
current_cpu=  1
current_cpu=  1
allowed=1-2
current_cpu=  2
current_cpu=  2
allowed=1-2
current_cpu=  2
current_cpu=  1
current_cpu=  2
current_cpu=  2
current_cpu=  1
allowed=1-2
current_cpu=  2
allowed=1-2
current_cpu=  1
host=frontier06597
allowed=1-2
allowed=1-2
current_cpu=  2
current_cpu=  2
allowed=1-2
allowed=1-2
current_cpu=  1
current_cpu=  2
current_cpu=  2
current_cpu=  1
current_cpu=  1
allowed=1-2
current_cpu=  1
allowed=1-2
current_cpu=  1
allowed=1-2
current_cpu=  1
allowed=1-2
current_cpu=  2
allowed=1-2
current_cpu=  1
current_cpu=  1
allowed=1-2
current_cpu=  1
current_cpu=  1
allowed=1-2
current_cpu=  1
current_cpu=  2
current_cpu=  1
allowed=1-2
current_cpu=  1
allowed=1-2
current_cpu=  2
allowed=1-2
current_cpu=  2
allowed=1-2
current_cpu=  2
current_cpu=  2
current_cpu=  1
allowed=1-2
current_cpu=  2
allowed=1-2
current_cpu=  2
allowed=1-2
current_cpu=  2
allowed=1-2
current_cpu=  2
allowed=1-2
current_cpu=  1
current_cpu=  2
current_cpu=  2
current_cpu=  1
allowed=1-2
current_cpu=  1
current_cpu=  2
allowed=1-2
current_cpu=  1
allowed=1-2
current_cpu=  2
current_cpu=  2
current_cpu=  1
current_cpu=  1
current_cpu=  1
allowed=1-2
current_cpu=  1
allowed=1-2
allowed=1-2
current_cpu=  2
current_cpu=  1
allowed=1-2
current_cpu=  1
allowed=1-2
current_cpu=  2
current_cpu=  2
allowed=1-2
current_cpu=  2
current_cpu=  1
current_cpu=  1
current_cpu=  1
allowed=1-2
current_cpu=  1
allowed=1-2
current_cpu=  1
current_cpu=  1
allowed=1-2
allowed=1-2
current_cpu=  1
current_cpu=  1
current_cpu=  2
current_cpu=  2
allowed=1-2
allowed=1-2
allowed=1-2
current_cpu=  1
current_cpu=  2
allowed=1-2
current_cpu=  1
current_cpu=  2
allowed=1-2
allowed=1-2
current_cpu=  2
current_cpu=  1
current_cpu=  1
current_cpu=  1
allowed=1-2
allowed=1-2
current_cpu=  2
current_cpu=  2
current_cpu=  2
allowed=1-2
current_cpu=  1
current_cpu=  1
current_cpu=  1
host=frontier07105
current_cpu=  2
allowed=1-2
current_cpu=  1
allowed=1-2
current_cpu=  2
allowed=1-2
current_cpu=  2
allowed=1-2
current_cpu=  1
current_cpu=  1
allowed=1-2
current_cpu=  2
current_cpu=  1
allowed=1-2
current_cpu=  2
allowed=1-2
current_cpu=  1
current_cpu=  2
current_cpu=  2
current_cpu=  2
current_cpu=  1
allowed=1-2
current_cpu=  1
current_cpu=  2
allowed=1-2
allowed=1-2
current_cpu=  1
current_cpu=  1
allowed=1-2
allowed=1-2
current_cpu=  1
current_cpu=  2
allowed=1-2
host=frontier01734
current_cpu=  1
allowed=1-2
allowed=1-2
allowed=1-2
current_cpu=  2
current_cpu=  1
current_cpu=  1
current_cpu=  1
allowed=1-2
allowed=1-2
current_cpu=  1
current_cpu=  1
current_cpu=  2
allowed=1-2
current_cpu=  1
allowed=1-2
current_cpu=  1
current_cpu=  2
allowed=1-2
allowed=1-2
current_cpu=  1
current_cpu=  1
allowed=1-2
current_cpu=  1
current_cpu=  1
allowed=1-2
current_cpu=  1
current_cpu=  2
allowed=1-2
current_cpu=  2
current_cpu=  2
allowed=1-2
current_cpu=  2
current_cpu=  1
allowed=1-2
allowed=1-2
current_cpu=  2
current_cpu=  2
current_cpu=  2
current_cpu=  2
allowed=1-2
allowed=1-2
current_cpu=  2
current_cpu=  2
allowed=1-2
allowed=1-2
current_cpu=  2
current_cpu=  1
allowed=1-2
host=frontier06877
current_cpu=  1
allowed=1-2
current_cpu=  2
allowed=1-2
current_cpu=  2
current_cpu=  2
allowed=1-2
allowed=1-2
current_cpu=  2
current_cpu=  2
current_cpu=  1
current_cpu=  2
allowed=1-2
allowed=1-2
current_cpu=  2
current_cpu=  2
allowed=1-2
current_cpu=  2
current_cpu=  1
allowed=1-2
current_cpu=  1
allowed=1-2
current_cpu=  2
current_cpu=  1
allowed=1-2
allowed=1-2
current_cpu=  1
current_cpu=  2
allowed=1-2
allowed=1-2
current_cpu=  2
current_cpu=  2
allowed=1-2
host=frontier01471
current_cpu=  2
allowed=1-2
current_cpu=  1
host=frontier01472
allowed=1-2
host=frontier07454
allowed=1-2
allowed=1-2
current_cpu=  1
current_cpu=  2
current_cpu=  2
allowed=1-2
current_cpu=  2
current_cpu=  2
allowed=1-2
allowed=1-2
current_cpu=  2
current_cpu=  1
allowed=1-2
allowed=1-2
current_cpu=  2
current_cpu=  1
current_cpu=  2
allowed=1-2
current_cpu=  1
allowed=1-2
current_cpu=  2
allowed=1-2
current_cpu=  1
current_cpu=  2
allowed=1-2
allowed=1-2
current_cpu=  1
current_cpu=  2
allowed=1-2
allowed=1-2
current_cpu=  1
current_cpu=  1
allowed=1-2
allowed=1-2
current_cpu=  2
current_cpu=  2
allowed=1-2
allowed=1-2
current_cpu=  2
current_cpu=  2
allowed=1-2
allowed=1-2
current_cpu=  1
current_cpu=  2
allowed=1-2
host=frontier03196
current_cpu=  2
allowed=1-2
current_cpu=  2
allowed=1-2
current_cpu=  1
allowed=1-2
current_cpu=  2
current_cpu=  1
current_cpu=  2
current_cpu=  2
allowed=1-2
current_cpu=  2
current_cpu=  2
current_cpu=  2
allowed=1-2
allowed=1-2
current_cpu=  2
current_cpu=  2
current_cpu=  1
current_cpu=  2
current_cpu=  2
current_cpu=  2
current_cpu=  1
current_cpu=  2
current_cpu=  2
current_cpu=  1
current_cpu=  2
current_cpu=  2
+ echo 'Launching Copper Gracefully On All Nodes : End'
Launching Copper Gracefully On All Nodes : End
+ conda activate /mnt/bb/wcastil/copper_mount/lustre/orion/stf243/world-shared/hagertnl/CUG26/benchmark_builds/python-mpi4py/conda_env
+ local cmd=activate
+ case "$cmd" in
+ __conda_activate activate /mnt/bb/wcastil/copper_mount/lustre/orion/stf243/world-shared/hagertnl/CUG26/benchmark_builds/python-mpi4py/conda_env
+ '[' -n '' ']'
+ local ask_conda
++ PS1='(base) '
++ __conda_exe shell.posix activate /mnt/bb/wcastil/copper_mount/lustre/orion/stf243/world-shared/hagertnl/CUG26/benchmark_builds/python-mpi4py/conda_env
++ /autofs/nccs-svm1_sw/frontier/miniforge3/23.11.0-0/bin/conda shell.posix activate /mnt/bb/wcastil/copper_mount/lustre/orion/stf243/world-shared/hagertnl/CUG26/benchmark_builds/python-mpi4py/conda_env
+ ask_conda='. "/autofs/nccs-svm1_sw/frontier/miniforge3/23.11.0-0/etc/conda/deactivate.d/libxml2_deactivate.sh"
. "/autofs/nccs-svm1_sw/frontier/miniforge3/23.11.0-0/etc/conda/deactivate.d/libglib_deactivate.sh"
PS1='\''(/mnt/bb/wcastil/copper_mount/lustre/orion/stf243/world-shared/hagertnl/CUG26/benchmark_builds/python-mpi4py/conda_env) '\''
export PATH='\''/mnt/bb/wcastil/copper_mount/lustre/orion/stf243/world-shared/hagertnl/CUG26/benchmark_builds/python-mpi4py/conda_env/bin:/autofs/nccs-svm1_sw/frontier/miniforge3/23.11.0-0/condabin:/sw/frontier/lfs-wrapper/0.0.1/bin/lfs:/sw/frontier/miniforge3/23.11.0-0/bin:/opt/cray/libfabric/1.22.0/bin:/opt/rocm-6.4.2/bin:/sw/frontier/spack-envs/cpe25.09-cpu/opt/llvm-amdgpu-6.4.2/darshan-runtime-3.4.7-tvdocpzv3jfj4y6ki5jvmmkics323gon/bin:/opt/cray/pe/mpich/9.0.1/ofi/amd/6.0/bin:/opt/cray/pe/mpich/9.0.1/bin:/opt/cray/pe/perftools/25.09.0/bin:/opt/cray/pe/papi/7.2.0.2/bin:/opt/cray/pe/craype/2.7.35/bin:/sw/frontier/ums/ums046/copper/build:/sw/sources/hpss/bin:/sw/frontier/spack-envs/core-25.03/opt/gcc-13.2/tmux-3.4-fcqqko3j4ga67yuc7zxaqcwsix5hns2v/bin:/opt/clmgr/sbin:/opt/clmgr/bin:/opt/sgi/sbin:/opt/sgi/bin:/sw/frontier/bin:/ccs/home/wcastil/.local/bin:/usr/local/bin:/usr/bin:/bin:/opt/bin:/opt/c3/bin:/usr/lib/mit/bin:/opt/puppetlabs/bin:/opt/cray/pe/bin'\''
export CONDA_PREFIX='\''/mnt/bb/wcastil/copper_mount/lustre/orion/stf243/world-shared/hagertnl/CUG26/benchmark_builds/python-mpi4py/conda_env'\''
export CONDA_SHLVL='\''2'\''
export CONDA_DEFAULT_ENV='\''/mnt/bb/wcastil/copper_mount/lustre/orion/stf243/world-shared/hagertnl/CUG26/benchmark_builds/python-mpi4py/conda_env'\''
export CONDA_PROMPT_MODIFIER='\''(/mnt/bb/wcastil/copper_mount/lustre/orion/stf243/world-shared/hagertnl/CUG26/benchmark_builds/python-mpi4py/conda_env) '\''
export CONDA_PREFIX_1='\''/autofs/nccs-svm1_sw/frontier/miniforge3/23.11.0-0'\''
export CONDA_EXE='\''/autofs/nccs-svm1_sw/frontier/miniforge3/23.11.0-0/bin/conda'\''
export _CE_M='\'''\''
export _CE_CONDA='\'''\''
export CONDA_PYTHON_EXE='\''/autofs/nccs-svm1_sw/frontier/miniforge3/23.11.0-0/bin/python'\'''
+ eval '. "/autofs/nccs-svm1_sw/frontier/miniforge3/23.11.0-0/etc/conda/deactivate.d/libxml2_deactivate.sh"
. "/autofs/nccs-svm1_sw/frontier/miniforge3/23.11.0-0/etc/conda/deactivate.d/libglib_deactivate.sh"
PS1='\''(/mnt/bb/wcastil/copper_mount/lustre/orion/stf243/world-shared/hagertnl/CUG26/benchmark_builds/python-mpi4py/conda_env) '\''
export PATH='\''/mnt/bb/wcastil/copper_mount/lustre/orion/stf243/world-shared/hagertnl/CUG26/benchmark_builds/python-mpi4py/conda_env/bin:/autofs/nccs-svm1_sw/frontier/miniforge3/23.11.0-0/condabin:/sw/frontier/lfs-wrapper/0.0.1/bin/lfs:/sw/frontier/miniforge3/23.11.0-0/bin:/opt/cray/libfabric/1.22.0/bin:/opt/rocm-6.4.2/bin:/sw/frontier/spack-envs/cpe25.09-cpu/opt/llvm-amdgpu-6.4.2/darshan-runtime-3.4.7-tvdocpzv3jfj4y6ki5jvmmkics323gon/bin:/opt/cray/pe/mpich/9.0.1/ofi/amd/6.0/bin:/opt/cray/pe/mpich/9.0.1/bin:/opt/cray/pe/perftools/25.09.0/bin:/opt/cray/pe/papi/7.2.0.2/bin:/opt/cray/pe/craype/2.7.35/bin:/sw/frontier/ums/ums046/copper/build:/sw/sources/hpss/bin:/sw/frontier/spack-envs/core-25.03/opt/gcc-13.2/tmux-3.4-fcqqko3j4ga67yuc7zxaqcwsix5hns2v/bin:/opt/clmgr/sbin:/opt/clmgr/bin:/opt/sgi/sbin:/opt/sgi/bin:/sw/frontier/bin:/ccs/home/wcastil/.local/bin:/usr/local/bin:/usr/bin:/bin:/opt/bin:/opt/c3/bin:/usr/lib/mit/bin:/opt/puppetlabs/bin:/opt/cray/pe/bin'\''
export CONDA_PREFIX='\''/mnt/bb/wcastil/copper_mount/lustre/orion/stf243/world-shared/hagertnl/CUG26/benchmark_builds/python-mpi4py/conda_env'\''
export CONDA_SHLVL='\''2'\''
export CONDA_DEFAULT_ENV='\''/mnt/bb/wcastil/copper_mount/lustre/orion/stf243/world-shared/hagertnl/CUG26/benchmark_builds/python-mpi4py/conda_env'\''
export CONDA_PROMPT_MODIFIER='\''(/mnt/bb/wcastil/copper_mount/lustre/orion/stf243/world-shared/hagertnl/CUG26/benchmark_builds/python-mpi4py/conda_env) '\''
export CONDA_PREFIX_1='\''/autofs/nccs-svm1_sw/frontier/miniforge3/23.11.0-0'\''
export CONDA_EXE='\''/autofs/nccs-svm1_sw/frontier/miniforge3/23.11.0-0/bin/conda'\''
export _CE_M='\'''\''
export _CE_CONDA='\'''\''
export CONDA_PYTHON_EXE='\''/autofs/nccs-svm1_sw/frontier/miniforge3/23.11.0-0/bin/python'\'''
++ . /autofs/nccs-svm1_sw/frontier/miniforge3/23.11.0-0/etc/conda/deactivate.d/libxml2_deactivate.sh
+++ test -n ''
+++ unset XML_CATALOG_FILES
+++ unset xml_catalog_files_libxml2
++ . /autofs/nccs-svm1_sw/frontier/miniforge3/23.11.0-0/etc/conda/deactivate.d/libglib_deactivate.sh
+++ export GSETTINGS_SCHEMA_DIR=
+++ GSETTINGS_SCHEMA_DIR=
+++ unset GSETTINGS_SCHEMA_DIR_CONDA_BACKUP
+++ '[' -z ']'
+++ unset GSETTINGS_SCHEMA_DIR
++ PS1='(/mnt/bb/wcastil/copper_mount/lustre/orion/stf243/world-shared/hagertnl/CUG26/benchmark_builds/python-mpi4py/conda_env) '
++ export PATH=/mnt/bb/wcastil/copper_mount/lustre/orion/stf243/world-shared/hagertnl/CUG26/benchmark_builds/python-mpi4py/conda_env/bin:/autofs/nccs-svm1_sw/frontier/miniforge3/23.11.0-0/condabin:/sw/frontier/lfs-wrapper/0.0.1/bin/lfs:/sw/frontier/miniforge3/23.11.0-0/bin:/opt/cray/libfabric/1.22.0/bin:/opt/rocm-6.4.2/bin:/sw/frontier/spack-envs/cpe25.09-cpu/opt/llvm-amdgpu-6.4.2/darshan-runtime-3.4.7-tvdocpzv3jfj4y6ki5jvmmkics323gon/bin:/opt/cray/pe/mpich/9.0.1/ofi/amd/6.0/bin:/opt/cray/pe/mpich/9.0.1/bin:/opt/cray/pe/perftools/25.09.0/bin:/opt/cray/pe/papi/7.2.0.2/bin:/opt/cray/pe/craype/2.7.35/bin:/sw/frontier/ums/ums046/copper/build:/sw/sources/hpss/bin:/sw/frontier/spack-envs/core-25.03/opt/gcc-13.2/tmux-3.4-fcqqko3j4ga67yuc7zxaqcwsix5hns2v/bin:/opt/clmgr/sbin:/opt/clmgr/bin:/opt/sgi/sbin:/opt/sgi/bin:/sw/frontier/bin:/ccs/home/wcastil/.local/bin:/usr/local/bin:/usr/bin:/bin:/opt/bin:/opt/c3/bin:/usr/lib/mit/bin:/opt/puppetlabs/bin:/opt/cray/pe/bin
++ PATH=/mnt/bb/wcastil/copper_mount/lustre/orion/stf243/world-shared/hagertnl/CUG26/benchmark_builds/python-mpi4py/conda_env/bin:/autofs/nccs-svm1_sw/frontier/miniforge3/23.11.0-0/condabin:/sw/frontier/lfs-wrapper/0.0.1/bin/lfs:/sw/frontier/miniforge3/23.11.0-0/bin:/opt/cray/libfabric/1.22.0/bin:/opt/rocm-6.4.2/bin:/sw/frontier/spack-envs/cpe25.09-cpu/opt/llvm-amdgpu-6.4.2/darshan-runtime-3.4.7-tvdocpzv3jfj4y6ki5jvmmkics323gon/bin:/opt/cray/pe/mpich/9.0.1/ofi/amd/6.0/bin:/opt/cray/pe/mpich/9.0.1/bin:/opt/cray/pe/perftools/25.09.0/bin:/opt/cray/pe/papi/7.2.0.2/bin:/opt/cray/pe/craype/2.7.35/bin:/sw/frontier/ums/ums046/copper/build:/sw/sources/hpss/bin:/sw/frontier/spack-envs/core-25.03/opt/gcc-13.2/tmux-3.4-fcqqko3j4ga67yuc7zxaqcwsix5hns2v/bin:/opt/clmgr/sbin:/opt/clmgr/bin:/opt/sgi/sbin:/opt/sgi/bin:/sw/frontier/bin:/ccs/home/wcastil/.local/bin:/usr/local/bin:/usr/bin:/bin:/opt/bin:/opt/c3/bin:/usr/lib/mit/bin:/opt/puppetlabs/bin:/opt/cray/pe/bin
++ export CONDA_PREFIX=/mnt/bb/wcastil/copper_mount/lustre/orion/stf243/world-shared/hagertnl/CUG26/benchmark_builds/python-mpi4py/conda_env
++ CONDA_PREFIX=/mnt/bb/wcastil/copper_mount/lustre/orion/stf243/world-shared/hagertnl/CUG26/benchmark_builds/python-mpi4py/conda_env
++ export CONDA_SHLVL=2
++ CONDA_SHLVL=2
++ export CONDA_DEFAULT_ENV=/mnt/bb/wcastil/copper_mount/lustre/orion/stf243/world-shared/hagertnl/CUG26/benchmark_builds/python-mpi4py/conda_env
++ CONDA_DEFAULT_ENV=/mnt/bb/wcastil/copper_mount/lustre/orion/stf243/world-shared/hagertnl/CUG26/benchmark_builds/python-mpi4py/conda_env
++ export 'CONDA_PROMPT_MODIFIER=(/mnt/bb/wcastil/copper_mount/lustre/orion/stf243/world-shared/hagertnl/CUG26/benchmark_builds/python-mpi4py/conda_env) '
++ CONDA_PROMPT_MODIFIER='(/mnt/bb/wcastil/copper_mount/lustre/orion/stf243/world-shared/hagertnl/CUG26/benchmark_builds/python-mpi4py/conda_env) '
++ export CONDA_PREFIX_1=/autofs/nccs-svm1_sw/frontier/miniforge3/23.11.0-0
++ CONDA_PREFIX_1=/autofs/nccs-svm1_sw/frontier/miniforge3/23.11.0-0
++ export CONDA_EXE=/autofs/nccs-svm1_sw/frontier/miniforge3/23.11.0-0/bin/conda
++ CONDA_EXE=/autofs/nccs-svm1_sw/frontier/miniforge3/23.11.0-0/bin/conda
++ export _CE_M=
++ _CE_M=
++ export _CE_CONDA=
++ _CE_CONDA=
++ export CONDA_PYTHON_EXE=/autofs/nccs-svm1_sw/frontier/miniforge3/23.11.0-0/bin/python
++ CONDA_PYTHON_EXE=/autofs/nccs-svm1_sw/frontier/miniforge3/23.11.0-0/bin/python
+ __conda_hashr
+ '[' -n '' ']'
+ '[' -n '' ']'
+ hash -r
+ exe=/mnt/bb/wcastil/copper_mount/lustre/orion/stf243/world-shared/hagertnl/CUG26/benchmark_builds/pynamic/pynamic-pyMPI-2.6a1_util_495_280/
+ export LD_LIBRARY_PATH=/mnt/bb/wcastil/copper_mount/lustre/orion/stf243/world-shared/hagertnl/CUG26/benchmark_builds/pynamic/pynamic-pyMPI-2.6a1_util_495_280/:/opt/cray/pe/mpich/9.0.1/ofi/amd/6.0/lib:/opt/cray/pe/mpich/9.0.1/gtl/lib:/opt/cray/pe/libsci/25.09.0/AMD/6.0/x86_64/lib:/opt/cray/pe/perftools/25.09.0/lib64:/opt/cray/pe/pmi/6.1.16/lib:/opt/cray/pe/dsmml/0.3.1/dsmml/lib:/opt/cray/libfabric/1.22.0/lib64:/opt/rocm-6.4.2/lib/roctracer:/opt/rocm-6.4.2/lib/rocprofiler:/opt/rocm-6.4.2/lib:/sw/frontier/spack-envs/cpe25.09-cpu/opt/llvm-amdgpu-6.4.2/darshan-runtime-3.4.7-tvdocpzv3jfj4y6ki5jvmmkics323gon/lib:/opt/rocm-6.4.2/llvm/lib:/opt/cray/pe/papi/7.2.0.2/lib64
+ LD_LIBRARY_PATH=/mnt/bb/wcastil/copper_mount/lustre/orion/stf243/world-shared/hagertnl/CUG26/benchmark_builds/pynamic/pynamic-pyMPI-2.6a1_util_495_280/:/opt/cray/pe/mpich/9.0.1/ofi/amd/6.0/lib:/opt/cray/pe/mpich/9.0.1/gtl/lib:/opt/cray/pe/libsci/25.09.0/AMD/6.0/x86_64/lib:/opt/cray/pe/perftools/25.09.0/lib64:/opt/cray/pe/pmi/6.1.16/lib:/opt/cray/pe/dsmml/0.3.1/dsmml/lib:/opt/cray/libfabric/1.22.0/lib64:/opt/rocm-6.4.2/lib/roctracer:/opt/rocm-6.4.2/lib/rocprofiler:/opt/rocm-6.4.2/lib:/sw/frontier/spack-envs/cpe25.09-cpu/opt/llvm-amdgpu-6.4.2/darshan-runtime-3.4.7-tvdocpzv3jfj4y6ki5jvmmkics323gon/lib:/opt/rocm-6.4.2/llvm/lib:/opt/cray/pe/papi/7.2.0.2/lib64
+ export LD_LIBRARY_PATH=/mnt/bb/wcastil/copper_mount/lustre/orion/stf243/world-shared/hagertnl/CUG26/benchmark_builds/python-mpi4py/conda_env/lib:/mnt/bb/wcastil/copper_mount/lustre/orion/stf243/world-shared/hagertnl/CUG26/benchmark_builds/pynamic/pynamic-pyMPI-2.6a1_util_495_280/:/opt/cray/pe/mpich/9.0.1/ofi/amd/6.0/lib:/opt/cray/pe/mpich/9.0.1/gtl/lib:/opt/cray/pe/libsci/25.09.0/AMD/6.0/x86_64/lib:/opt/cray/pe/perftools/25.09.0/lib64:/opt/cray/pe/pmi/6.1.16/lib:/opt/cray/pe/dsmml/0.3.1/dsmml/lib:/opt/cray/libfabric/1.22.0/lib64:/opt/rocm-6.4.2/lib/roctracer:/opt/rocm-6.4.2/lib/rocprofiler:/opt/rocm-6.4.2/lib:/sw/frontier/spack-envs/cpe25.09-cpu/opt/llvm-amdgpu-6.4.2/darshan-runtime-3.4.7-tvdocpzv3jfj4y6ki5jvmmkics323gon/lib:/opt/rocm-6.4.2/llvm/lib:/opt/cray/pe/papi/7.2.0.2/lib64
+ LD_LIBRARY_PATH=/mnt/bb/wcastil/copper_mount/lustre/orion/stf243/world-shared/hagertnl/CUG26/benchmark_builds/python-mpi4py/conda_env/lib:/mnt/bb/wcastil/copper_mount/lustre/orion/stf243/world-shared/hagertnl/CUG26/benchmark_builds/pynamic/pynamic-pyMPI-2.6a1_util_495_280/:/opt/cray/pe/mpich/9.0.1/ofi/amd/6.0/lib:/opt/cray/pe/mpich/9.0.1/gtl/lib:/opt/cray/pe/libsci/25.09.0/AMD/6.0/x86_64/lib:/opt/cray/pe/perftools/25.09.0/lib64:/opt/cray/pe/pmi/6.1.16/lib:/opt/cray/pe/dsmml/0.3.1/dsmml/lib:/opt/cray/libfabric/1.22.0/lib64:/opt/rocm-6.4.2/lib/roctracer:/opt/rocm-6.4.2/lib/rocprofiler:/opt/rocm-6.4.2/lib:/sw/frontier/spack-envs/cpe25.09-cpu/opt/llvm-amdgpu-6.4.2/darshan-runtime-3.4.7-tvdocpzv3jfj4y6ki5jvmmkics323gon/lib:/opt/rocm-6.4.2/llvm/lib:/opt/cray/pe/papi/7.2.0.2/lib64
+ srun --overlap -N 1024 -n 8192 --ntasks-per-node=8 -c 5 /mnt/bb/wcastil/copper_mount/lustre/orion/stf243/world-shared/hagertnl/CUG26/benchmark_builds/pynamic/pynamic-pyMPI-2.6a1_util_495_280//pynamic-bigexe-mpi4py pynamic_driver_mpi4py.py
+ grep -v 'rank -'
Pynamic: Version 1.3.3
Pynamic: run on 04/08/26 23:38:47 with 8192 MPI tasks

Pynamic: driver beginning... now importing modules
Pynamic: driver finished importing all modules..
Pynamic: module import time = 17.41692018508911 secs
Pynamic: module test passed!

+ sleep 2s
+ srun --overlap -N 1024 -n 8192 --ntasks-per-node=8 -c 5 /mnt/bb/wcastil/copper_mount/lustre/orion/stf243/world-shared/hagertnl/CUG26/benchmark_builds/pynamic/pynamic-pyMPI-2.6a1_util_495_280//pynamic-bigexe-mpi4py pynamic_driver_mpi4py.py
+ grep -v 'rank -'
Pynamic: Version 1.3.3
Pynamic: run on 04/08/26 23:39:27 with 8192 MPI tasks

Pynamic: driver beginning... now importing modules
Pynamic: driver finished importing all modules..
Pynamic: module import time = 4.886571168899536 secs
Pynamic: module test passed!

+ sleep 2s
+ srun --overlap -N 1024 -n 8192 --ntasks-per-node=8 -c 5 /mnt/bb/wcastil/copper_mount/lustre/orion/stf243/world-shared/hagertnl/CUG26/benchmark_builds/pynamic/pynamic-pyMPI-2.6a1_util_495_280//pynamic-bigexe-mpi4py pynamic_driver_mpi4py.py
+ grep -v 'rank -'
Pynamic: Version 1.3.3
Pynamic: run on 04/08/26 23:39:52 with 8192 MPI tasks

Pynamic: driver beginning... now importing modules
Pynamic: driver finished importing all modules..
Pynamic: module import time = 10.776965141296387 secs
Pynamic: module test passed!

+ sleep 2s
+ srun --overlap -N 1024 -n 8192 --ntasks-per-node=8 -c 5 /mnt/bb/wcastil/copper_mount/lustre/orion/stf243/world-shared/hagertnl/CUG26/benchmark_builds/pynamic/pynamic-pyMPI-2.6a1_util_495_280//pynamic-bigexe-mpi4py pynamic_driver_mpi4py.py
+ grep -v 'rank -'
Pynamic: Version 1.3.3
Pynamic: run on 04/08/26 23:40:46 with 8192 MPI tasks

Pynamic: driver beginning... now importing modules
Pynamic: driver finished importing all modules..
Pynamic: module import time = 36.53846883773804 secs
Pynamic: module test passed!

+ sleep 2s
+ srun --overlap -N 1024 -n 8192 --ntasks-per-node=8 -c 5 /mnt/bb/wcastil/copper_mount/lustre/orion/stf243/world-shared/hagertnl/CUG26/benchmark_builds/pynamic/pynamic-pyMPI-2.6a1_util_495_280//pynamic-bigexe-mpi4py pynamic_driver_mpi4py.py
+ grep -v 'rank -'
Pynamic: Version 1.3.3
Pynamic: run on 04/08/26 23:42:08 with 8192 MPI tasks

Pynamic: driver beginning... now importing modules
Pynamic: driver finished importing all modules..
Pynamic: module import time = 90.07835006713867 secs
Pynamic: module test passed!

+ sleep 2s
+ conda deactivate
+ local cmd=deactivate
+ case "$cmd" in
+ __conda_activate deactivate
+ '[' -n '' ']'
+ local ask_conda
++ PS1='(/mnt/bb/wcastil/copper_mount/lustre/orion/stf243/world-shared/hagertnl/CUG26/benchmark_builds/python-mpi4py/conda_env) '
++ __conda_exe shell.posix deactivate
++ /autofs/nccs-svm1_sw/frontier/miniforge3/23.11.0-0/bin/conda shell.posix deactivate
+ ask_conda='export PATH='\''/autofs/nccs-svm1_sw/frontier/miniforge3/23.11.0-0/bin:/autofs/nccs-svm1_sw/frontier/miniforge3/23.11.0-0/condabin:/sw/frontier/lfs-wrapper/0.0.1/bin/lfs:/sw/frontier/miniforge3/23.11.0-0/bin:/opt/cray/libfabric/1.22.0/bin:/opt/rocm-6.4.2/bin:/sw/frontier/spack-envs/cpe25.09-cpu/opt/llvm-amdgpu-6.4.2/darshan-runtime-3.4.7-tvdocpzv3jfj4y6ki5jvmmkics323gon/bin:/opt/cray/pe/mpich/9.0.1/ofi/amd/6.0/bin:/opt/cray/pe/mpich/9.0.1/bin:/opt/cray/pe/perftools/25.09.0/bin:/opt/cray/pe/papi/7.2.0.2/bin:/opt/cray/pe/craype/2.7.35/bin:/sw/frontier/ums/ums046/copper/build:/sw/sources/hpss/bin:/sw/frontier/spack-envs/core-25.03/opt/gcc-13.2/tmux-3.4-fcqqko3j4ga67yuc7zxaqcwsix5hns2v/bin:/opt/clmgr/sbin:/opt/clmgr/bin:/opt/sgi/sbin:/opt/sgi/bin:/sw/frontier/bin:/ccs/home/wcastil/.local/bin:/usr/local/bin:/usr/bin:/bin:/opt/bin:/opt/c3/bin:/usr/lib/mit/bin:/opt/puppetlabs/bin:/opt/cray/pe/bin'\''
unset CONDA_PREFIX_1
PS1='\''(base) '\''
export CONDA_PREFIX='\''/autofs/nccs-svm1_sw/frontier/miniforge3/23.11.0-0'\''
export CONDA_SHLVL='\''1'\''
export CONDA_DEFAULT_ENV='\''base'\''
export CONDA_PROMPT_MODIFIER='\''(base) '\''
export CONDA_EXE='\''/autofs/nccs-svm1_sw/frontier/miniforge3/23.11.0-0/bin/conda'\''
export _CE_M='\'''\''
export _CE_CONDA='\'''\''
export CONDA_PYTHON_EXE='\''/autofs/nccs-svm1_sw/frontier/miniforge3/23.11.0-0/bin/python'\''
. "/autofs/nccs-svm1_sw/frontier/miniforge3/23.11.0-0/etc/conda/activate.d/libglib_activate.sh"
. "/autofs/nccs-svm1_sw/frontier/miniforge3/23.11.0-0/etc/conda/activate.d/libxml2_activate.sh"'
+ eval 'export PATH='\''/autofs/nccs-svm1_sw/frontier/miniforge3/23.11.0-0/bin:/autofs/nccs-svm1_sw/frontier/miniforge3/23.11.0-0/condabin:/sw/frontier/lfs-wrapper/0.0.1/bin/lfs:/sw/frontier/miniforge3/23.11.0-0/bin:/opt/cray/libfabric/1.22.0/bin:/opt/rocm-6.4.2/bin:/sw/frontier/spack-envs/cpe25.09-cpu/opt/llvm-amdgpu-6.4.2/darshan-runtime-3.4.7-tvdocpzv3jfj4y6ki5jvmmkics323gon/bin:/opt/cray/pe/mpich/9.0.1/ofi/amd/6.0/bin:/opt/cray/pe/mpich/9.0.1/bin:/opt/cray/pe/perftools/25.09.0/bin:/opt/cray/pe/papi/7.2.0.2/bin:/opt/cray/pe/craype/2.7.35/bin:/sw/frontier/ums/ums046/copper/build:/sw/sources/hpss/bin:/sw/frontier/spack-envs/core-25.03/opt/gcc-13.2/tmux-3.4-fcqqko3j4ga67yuc7zxaqcwsix5hns2v/bin:/opt/clmgr/sbin:/opt/clmgr/bin:/opt/sgi/sbin:/opt/sgi/bin:/sw/frontier/bin:/ccs/home/wcastil/.local/bin:/usr/local/bin:/usr/bin:/bin:/opt/bin:/opt/c3/bin:/usr/lib/mit/bin:/opt/puppetlabs/bin:/opt/cray/pe/bin'\''
unset CONDA_PREFIX_1
PS1='\''(base) '\''
export CONDA_PREFIX='\''/autofs/nccs-svm1_sw/frontier/miniforge3/23.11.0-0'\''
export CONDA_SHLVL='\''1'\''
export CONDA_DEFAULT_ENV='\''base'\''
export CONDA_PROMPT_MODIFIER='\''(base) '\''
export CONDA_EXE='\''/autofs/nccs-svm1_sw/frontier/miniforge3/23.11.0-0/bin/conda'\''
export _CE_M='\'''\''
export _CE_CONDA='\'''\''
export CONDA_PYTHON_EXE='\''/autofs/nccs-svm1_sw/frontier/miniforge3/23.11.0-0/bin/python'\''
. "/autofs/nccs-svm1_sw/frontier/miniforge3/23.11.0-0/etc/conda/activate.d/libglib_activate.sh"
. "/autofs/nccs-svm1_sw/frontier/miniforge3/23.11.0-0/etc/conda/activate.d/libxml2_activate.sh"'
++ export PATH=/autofs/nccs-svm1_sw/frontier/miniforge3/23.11.0-0/bin:/autofs/nccs-svm1_sw/frontier/miniforge3/23.11.0-0/condabin:/sw/frontier/lfs-wrapper/0.0.1/bin/lfs:/sw/frontier/miniforge3/23.11.0-0/bin:/opt/cray/libfabric/1.22.0/bin:/opt/rocm-6.4.2/bin:/sw/frontier/spack-envs/cpe25.09-cpu/opt/llvm-amdgpu-6.4.2/darshan-runtime-3.4.7-tvdocpzv3jfj4y6ki5jvmmkics323gon/bin:/opt/cray/pe/mpich/9.0.1/ofi/amd/6.0/bin:/opt/cray/pe/mpich/9.0.1/bin:/opt/cray/pe/perftools/25.09.0/bin:/opt/cray/pe/papi/7.2.0.2/bin:/opt/cray/pe/craype/2.7.35/bin:/sw/frontier/ums/ums046/copper/build:/sw/sources/hpss/bin:/sw/frontier/spack-envs/core-25.03/opt/gcc-13.2/tmux-3.4-fcqqko3j4ga67yuc7zxaqcwsix5hns2v/bin:/opt/clmgr/sbin:/opt/clmgr/bin:/opt/sgi/sbin:/opt/sgi/bin:/sw/frontier/bin:/ccs/home/wcastil/.local/bin:/usr/local/bin:/usr/bin:/bin:/opt/bin:/opt/c3/bin:/usr/lib/mit/bin:/opt/puppetlabs/bin:/opt/cray/pe/bin
++ PATH=/autofs/nccs-svm1_sw/frontier/miniforge3/23.11.0-0/bin:/autofs/nccs-svm1_sw/frontier/miniforge3/23.11.0-0/condabin:/sw/frontier/lfs-wrapper/0.0.1/bin/lfs:/sw/frontier/miniforge3/23.11.0-0/bin:/opt/cray/libfabric/1.22.0/bin:/opt/rocm-6.4.2/bin:/sw/frontier/spack-envs/cpe25.09-cpu/opt/llvm-amdgpu-6.4.2/darshan-runtime-3.4.7-tvdocpzv3jfj4y6ki5jvmmkics323gon/bin:/opt/cray/pe/mpich/9.0.1/ofi/amd/6.0/bin:/opt/cray/pe/mpich/9.0.1/bin:/opt/cray/pe/perftools/25.09.0/bin:/opt/cray/pe/papi/7.2.0.2/bin:/opt/cray/pe/craype/2.7.35/bin:/sw/frontier/ums/ums046/copper/build:/sw/sources/hpss/bin:/sw/frontier/spack-envs/core-25.03/opt/gcc-13.2/tmux-3.4-fcqqko3j4ga67yuc7zxaqcwsix5hns2v/bin:/opt/clmgr/sbin:/opt/clmgr/bin:/opt/sgi/sbin:/opt/sgi/bin:/sw/frontier/bin:/ccs/home/wcastil/.local/bin:/usr/local/bin:/usr/bin:/bin:/opt/bin:/opt/c3/bin:/usr/lib/mit/bin:/opt/puppetlabs/bin:/opt/cray/pe/bin
++ unset CONDA_PREFIX_1
++ PS1='(base) '
++ export CONDA_PREFIX=/autofs/nccs-svm1_sw/frontier/miniforge3/23.11.0-0
++ CONDA_PREFIX=/autofs/nccs-svm1_sw/frontier/miniforge3/23.11.0-0
++ export CONDA_SHLVL=1
++ CONDA_SHLVL=1
++ export CONDA_DEFAULT_ENV=base
++ CONDA_DEFAULT_ENV=base
++ export 'CONDA_PROMPT_MODIFIER=(base) '
++ CONDA_PROMPT_MODIFIER='(base) '
++ export CONDA_EXE=/autofs/nccs-svm1_sw/frontier/miniforge3/23.11.0-0/bin/conda
++ CONDA_EXE=/autofs/nccs-svm1_sw/frontier/miniforge3/23.11.0-0/bin/conda
++ export _CE_M=
++ _CE_M=
++ export _CE_CONDA=
++ _CE_CONDA=
++ export CONDA_PYTHON_EXE=/autofs/nccs-svm1_sw/frontier/miniforge3/23.11.0-0/bin/python
++ CONDA_PYTHON_EXE=/autofs/nccs-svm1_sw/frontier/miniforge3/23.11.0-0/bin/python
++ . /autofs/nccs-svm1_sw/frontier/miniforge3/23.11.0-0/etc/conda/activate.d/libglib_activate.sh
+++ export GSETTINGS_SCHEMA_DIR_CONDA_BACKUP=
+++ GSETTINGS_SCHEMA_DIR_CONDA_BACKUP=
+++ export GSETTINGS_SCHEMA_DIR=/autofs/nccs-svm1_sw/frontier/miniforge3/23.11.0-0/share/glib-2.0/schemas
+++ GSETTINGS_SCHEMA_DIR=/autofs/nccs-svm1_sw/frontier/miniforge3/23.11.0-0/share/glib-2.0/schemas
++ . /autofs/nccs-svm1_sw/frontier/miniforge3/23.11.0-0/etc/conda/activate.d/libxml2_activate.sh
+++ test -n ''
+++ xml_catalog_files_libxml2=
+++ XML_CATALOG_FILES=
+++ conda_catalog_files=
+++ ifs_libxml2=' 	
'
+++ IFS=' '
+++ rem=/autofs/nccs-svm1_sw/frontier/miniforge3/23.11.0-0
+++ for pre in ${rem}
+++ test '' = /autofs/nccs-svm1_sw/frontier/miniforge3/23.11.0-0
+++ conda_catalog_files=/autofs/nccs-svm1_sw/frontier/miniforge3/23.11.0-0
+++ rem=
+++ IFS=' 	
'
+++ conda_catalog_files='file:///autofs/nccs-svm1_sw/frontier/miniforge3/23.11.0-0/etc/xml/catalog file:///etc/xml/catalog'
+++ export 'XML_CATALOG_FILES=file:///autofs/nccs-svm1_sw/frontier/miniforge3/23.11.0-0/etc/xml/catalog file:///etc/xml/catalog'
+++ XML_CATALOG_FILES='file:///autofs/nccs-svm1_sw/frontier/miniforge3/23.11.0-0/etc/xml/catalog file:///etc/xml/catalog'
+++ unset conda_catalog_files ifs_libxml2 rem
+ __conda_hashr
+ '[' -n '' ']'
+ '[' -n '' ']'
+ hash -r
+ stop_copper.sh -d /lustre/orion/stf243/world-shared/wcastil/Experiments/CUG26/copper_run/logs -v /mnt/bb/wcastil/copper_mount
/var/spool/slurmd/job4352263/slurm_script: line 46: stop_copper.sh: command not found
