+ '[' -z '' ']'
+ case "$-" in
+ __lmod_vx=x
+ '[' -n x ']'
+ set +x
Shell debugging temporarily silenced: export LMOD_SH_DBG_ON=1 for this output (/opt/cray/pe/lmod/lmod/init/bash)
Shell debugging restarted
+ unset __lmod_vx
+ cd /lustre/orion/stf243/world-shared/wcastil/Experiments/CUG26/copper_run/pynamic/M_524_MB
+ module load ums ums046 copper
+ '[' -z '' ']'
+ case "$-" in
+ __lmod_sh_dbg=x
+ '[' -n x ']'
+ set +x
Shell debugging temporarily silenced: export LMOD_SH_DBG_ON=1 for Lmod's output
Copper loaded: use 'launch_copper_frontier' and 'stop_copper_frontier'.
COPPER_ROOT: /sw/frontier/ums/ums046/copper
launch_copper_frontier points to:
/sw/frontier/ums/ums046/copper/build/launch_copper_frontier.sh 
Shell debugging restarted
+ unset __lmod_sh_dbg
+ return 0
+ module list
+ '[' -z '' ']'
+ case "$-" in
+ __lmod_sh_dbg=x
+ '[' -n x ']'
+ set +x
Shell debugging temporarily silenced: export LMOD_SH_DBG_ON=1 for Lmod's output

Currently Loaded Modules:
  1) craype-x86-trento               12) PrgEnv-cray/8.6.0
  2) libfabric/1.22.0                13) Core/25.03
  3) craype-network-ofi              14) tmux/3.4
  4) perftools-base/24.11.0          15) darshan-runtime/3.4.6-mpi (E4S)
  5) xpmem/2.11.3-1.3_gdbda01a1eb3d  16) hsi/default
  6) cray-pmi/6.1.15                 17) lfs-wrapper/0.0.1
  7) cce/18.0.1                      18) DefApps
  8) craype/2.7.33                   19) ums/default
  9) cray-dsmml/0.3.0                20) ums046/default
 10) cray-mpich/8.1.31               21) copper/0.1
 11) cray-libsci/24.11.0

  Where:
   E4S:  E4S: Extreme-scale Scientific Software Stack (E4S) https://e4s.io/index.html

 

Shell debugging restarted
+ unset __lmod_sh_dbg
+ return 0
+ echo 4352264
4352264
+ echo 2048
2048
+ echo copper_spindle
copper_spindle
+ echo 'frontier[00002-00007,00009,00011-00014,00016-00032,00129-00155,00186,00257-00267,00269-00284,00310,00385-00395,00397-00412,00443,00513,00515-00540,00574,00641-00667,00697,00769-00795,00834,00897-00924,01025-01051,01080,01153-01179,01211,01281-01307,01337,01409-01435,01468,01537-01563,01599,01665-01691,01722,01793-01819,01847,01921-01947,01976,02049-02075,02105,02177-02203,02231,02305-02331,02361,02433-02459,02495,02561-02587,02624,02689-02715,02743,02817-02843,02871,02945-02971,03073-03092,03095-03101,03201-03212,03215-03229,03329-03355,03457-03483,03585-03611,03713-03739,03841-03867,03969-03995,04097-04123,04225-04251,04353-04379,04481-04507,04609-04635,04737-04763,04865,04867-04892,04995-04999,05001-05002,05005,05008-05026,05121-05125,05127-05131,05134-05139,05142-05146,05148-05153,05249-05257,05259-05276,05377,05379-05383,05385-05392,05394-05404,05407-05408,05505-05509,05511-05517,05520-05524,05526-05535,05634-05643,05645-05656,05659-05663,05761-05770,05772-05776,05778-05782,05784-05790,05889-05895,05897-05908,05911-05918,06017-06021,06023-06026,06028-06034,06036-06042,06044-06047,06145-06147,06149-06172,06273,06275-06294,06296-06301,06401-06420,06422-06427,06463,06529-06546,06548-06555,06584,06657-06674,06676-06684,06785-06811,06913-06924,06926-06930,06933-06941,06972,07041-07043,07045-07047,07049-07050,07052-07069,07101,07169-07176,07178-07195,07232,07297-07302,07304-07323,07381,07425-07449,07451,07509,07553-07554,07556-07575,07577-07580,07618,07682-07707,07765,07809-07827,07829-07835,07895,07937-07953,07955-07963,08020,08065-08079,08081-08091,08118,08193-08210,08213-08220,08251,08321-08322,08326,08328,08330,08332,08334,08336-08355,08449-08474,08500,08577-08602,08626,08705-08709,08711-08719,08721-08730,08732-08734,08833-08835,08837-08856,08858-08860,08890,08961-08986,09013,09089-09114,09131,09217-09242,09269,09345-09370,09402,10114-10137,10139-10140,10172]'
frontier[00002-00007,00009,00011-00014,00016-00032,00129-00155,00186,00257-00267,00269-00284,00310,00385-00395,00397-00412,00443,00513,00515-00540,00574,00641-00667,00697,00769-00795,00834,00897-00924,01025-01051,01080,01153-01179,01211,01281-01307,01337,01409-01435,01468,01537-01563,01599,01665-01691,01722,01793-01819,01847,01921-01947,01976,02049-02075,02105,02177-02203,02231,02305-02331,02361,02433-02459,02495,02561-02587,02624,02689-02715,02743,02817-02843,02871,02945-02971,03073-03092,03095-03101,03201-03212,03215-03229,03329-03355,03457-03483,03585-03611,03713-03739,03841-03867,03969-03995,04097-04123,04225-04251,04353-04379,04481-04507,04609-04635,04737-04763,04865,04867-04892,04995-04999,05001-05002,05005,05008-05026,05121-05125,05127-05131,05134-05139,05142-05146,05148-05153,05249-05257,05259-05276,05377,05379-05383,05385-05392,05394-05404,05407-05408,05505-05509,05511-05517,05520-05524,05526-05535,05634-05643,05645-05656,05659-05663,05761-05770,05772-05776,05778-05782,05784-05790,05889-05895,05897-05908,05911-05918,06017-06021,06023-06026,06028-06034,06036-06042,06044-06047,06145-06147,06149-06172,06273,06275-06294,06296-06301,06401-06420,06422-06427,06463,06529-06546,06548-06555,06584,06657-06674,06676-06684,06785-06811,06913-06924,06926-06930,06933-06941,06972,07041-07043,07045-07047,07049-07050,07052-07069,07101,07169-07176,07178-07195,07232,07297-07302,07304-07323,07381,07425-07449,07451,07509,07553-07554,07556-07575,07577-07580,07618,07682-07707,07765,07809-07827,07829-07835,07895,07937-07953,07955-07963,08020,08065-08079,08081-08091,08118,08193-08210,08213-08220,08251,08321-08322,08326,08328,08330,08332,08334,08336-08355,08449-08474,08500,08577-08602,08626,08705-08709,08711-08719,08721-08730,08732-08734,08833-08835,08837-08856,08858-08860,08890,08961-08986,09013,09089-09114,09131,09217-09242,09269,09345-09370,09402,10114-10137,10139-10140,10172]
+ LOGDIR=/lustre/orion/stf243/world-shared/wcastil/Experiments/CUG26/copper_run/logs
+ cd /lustre/orion/stf243/world-shared/wcastil/Experiments/CUG26/copper_run/logs
+ PACKAGE_ENV_LOCATION=/lustre/orion/stf243/world-shared/hagertnl/CUG26/benchmark_builds
+ source /lustre/orion/stf243/world-shared/hagertnl/CUG26/benchmark_builds/common_modules.sh
++ module load PrgEnv-amd
++ '[' -z '' ']'
++ case "$-" in
++ __lmod_sh_dbg=x
++ '[' -n x ']'
++ set +x
Shell debugging temporarily silenced: export LMOD_SH_DBG_ON=1 for Lmod's output

Lmod is automatically replacing "cce/18.0.1" with "amd/6.2.4".


Lmod is automatically replacing "PrgEnv-cray/8.6.0" with "PrgEnv-amd/8.6.0".


Due to MODULEPATH changes, the following have been reloaded:
  1) cray-libsci/24.11.0     2) cray-mpich/8.1.31     3) darshan-runtime/3.4.6-mpi

Shell debugging restarted
++ unset __lmod_sh_dbg
++ return 0
++ module load cpe/25.09
++ '[' -z '' ']'
++ case "$-" in
++ __lmod_sh_dbg=x
++ '[' -n x ']'
++ set +x
Shell debugging temporarily silenced: export LMOD_SH_DBG_ON=1 for Lmod's output

The following have been reloaded with a version change:
  1) amd/6.2.4 => amd/6.4.2
  2) cray-dsmml/0.3.0 => cray-dsmml/0.3.1
  3) cray-libsci/24.11.0 => cray-libsci/25.09.0
  4) cray-mpich/8.1.31 => cray-mpich/9.0.1
  5) cray-pmi/6.1.15 => cray-pmi/6.1.16
  6) craype/2.7.33 => craype/2.7.35
  7) darshan-runtime/3.4.6-mpi => darshan-runtime/3.4.7-mpi
  8) perftools-base/24.11.0 => perftools-base/25.09.0

Shell debugging restarted
++ unset __lmod_sh_dbg
++ return 0
++ module load amd/6.4.2
++ '[' -z '' ']'
++ case "$-" in
++ __lmod_sh_dbg=x
++ '[' -n x ']'
++ set +x
Shell debugging temporarily silenced: export LMOD_SH_DBG_ON=1 for Lmod's output
Shell debugging restarted
++ unset __lmod_sh_dbg
++ return 0
++ module load rocm/6.4.2
++ '[' -z '' ']'
++ case "$-" in
++ __lmod_sh_dbg=x
++ '[' -n x ']'
++ set +x
Shell debugging temporarily silenced: export LMOD_SH_DBG_ON=1 for Lmod's output
Shell debugging restarted
++ unset __lmod_sh_dbg
++ return 0
++ module load libfabric/1.22.0
++ '[' -z '' ']'
++ case "$-" in
++ __lmod_sh_dbg=x
++ '[' -n x ']'
++ set +x
Shell debugging temporarily silenced: export LMOD_SH_DBG_ON=1 for Lmod's output
Shell debugging restarted
++ unset __lmod_sh_dbg
++ return 0
++ module load craype-accel-amd-gfx90a
++ '[' -z '' ']'
++ case "$-" in
++ __lmod_sh_dbg=x
++ '[' -n x ']'
++ set +x
Shell debugging temporarily silenced: export LMOD_SH_DBG_ON=1 for Lmod's output
Shell debugging restarted
++ unset __lmod_sh_dbg
++ return 0
++ module load miniforge3/23.11.0-0
++ '[' -z '' ']'
++ case "$-" in
++ __lmod_sh_dbg=x
++ '[' -n x ']'
++ set +x
Shell debugging temporarily silenced: export LMOD_SH_DBG_ON=1 for Lmod's output
Shell debugging restarted
++ unset __lmod_sh_dbg
++ return 0
++ export LD_LIBRARY_PATH=/opt/cray/pe/mpich/9.0.1/ofi/amd/6.0/lib:/opt/cray/pe/mpich/9.0.1/gtl/lib:/opt/cray/pe/libsci/25.09.0/AMD/6.0/x86_64/lib:/opt/cray/pe/perftools/25.09.0/lib64:/opt/cray/pe/pmi/6.1.16/lib:/opt/cray/pe/dsmml/0.3.1/dsmml/lib:/opt/cray/libfabric/1.22.0/lib64:/opt/rocm-6.4.2/lib/roctracer:/opt/rocm-6.4.2/lib/rocprofiler:/opt/rocm-6.4.2/lib:/sw/frontier/spack-envs/cpe25.09-cpu/opt/llvm-amdgpu-6.4.2/darshan-runtime-3.4.7-tvdocpzv3jfj4y6ki5jvmmkics323gon/lib:/opt/rocm-6.4.2/llvm/lib:/opt/cray/pe/papi/7.2.0.2/lib64
++ LD_LIBRARY_PATH=/opt/cray/pe/mpich/9.0.1/ofi/amd/6.0/lib:/opt/cray/pe/mpich/9.0.1/gtl/lib:/opt/cray/pe/libsci/25.09.0/AMD/6.0/x86_64/lib:/opt/cray/pe/perftools/25.09.0/lib64:/opt/cray/pe/pmi/6.1.16/lib:/opt/cray/pe/dsmml/0.3.1/dsmml/lib:/opt/cray/libfabric/1.22.0/lib64:/opt/rocm-6.4.2/lib/roctracer:/opt/rocm-6.4.2/lib/rocprofiler:/opt/rocm-6.4.2/lib:/sw/frontier/spack-envs/cpe25.09-cpu/opt/llvm-amdgpu-6.4.2/darshan-runtime-3.4.7-tvdocpzv3jfj4y6ki5jvmmkics323gon/lib:/opt/rocm-6.4.2/llvm/lib:/opt/cray/pe/papi/7.2.0.2/lib64
++ [[ /var/spool/slurmd/job4352264/slurm_script == \/\l\u\s\t\r\e\/\o\r\i\o\n\/\s\t\f\2\4\3\/\w\o\r\l\d\-\s\h\a\r\e\d\/\h\a\g\e\r\t\n\l\/\C\U\G\2\6\/\b\e\n\c\h\m\a\r\k\_\b\u\i\l\d\s\/\c\o\m\m\o\n\_\m\o\d\u\l\e\s\.\s\h ]]
+ COPPER_MOUNT_PATH=/mnt/bb/wcastil/copper_mount
+ /lustre/orion/stf243/world-shared/wcastil/Experiments/CUG26/copper_run/launch_copper_frontier.sh -d /lustre/orion/stf243/world-shared/wcastil/Experiments/CUG26/copper_run/logs -v /mnt/bb/wcastil/copper_mount -M 524288000
+ '[' -z '' ']'
+ case "$-" in
+ __lmod_vx=x
+ '[' -n x ']'
+ set +x
Shell debugging temporarily silenced: export LMOD_SH_DBG_ON=1 for this output (/opt/cray/pe/lmod/lmod/init/bash)
Shell debugging restarted
+ unset __lmod_vx
+ echo 'Launching Copper Gracefully On All Nodes : Start'
Launching Copper Gracefully On All Nodes : Start
+ echo /sw/frontier/ums/ums046/copper
/sw/frontier/ums/ums046/copper
+ CUPATH=/sw/frontier/ums/ums046/copper/build/cu_fuse
+ DISCOVERY_HELPER=/sw/frontier/ums/ums046/copper/build/list_cxi_hsn_thallium
+ CU_FUSE_MNT_VIEWDIR=/tmp/wcastil/copper
+ facility_address_book=/sw/frontier/ums/ums046/copper/build/olcf_frontier_copper_addressbook.txt
+ address_book_source=facility
+ log_level=0
+ log_dir=/ccs/home/wcastil/copper-logs
+ log_type=file
+ trees=1
+ max_cacheable_byte_size=10485760
+ md_enoent_ttl_ms=2000
+ profile_metrics=0
+ profile_top_n=0
+ profile_paths_full=0
+ profile_snapshot_interval_s=0
+ sleeptime=10
+ physcpubind=1,2
+ net_type=cxi://cxi1
+ getopts l:t:d:T:M:E:PN:AI:s:b:F:a:n:v: opt
+ case ${opt} in
+ log_dir=/lustre/orion/stf243/world-shared/wcastil/Experiments/CUG26/copper_run/logs
+ getopts l:t:d:T:M:E:PN:AI:s:b:F:a:n:v: opt
+ case ${opt} in
+ CU_FUSE_MNT_VIEWDIR=/mnt/bb/wcastil/copper_mount
+ getopts l:t:d:T:M:E:PN:AI:s:b:F:a:n:v: opt
+ case ${opt} in
+ max_cacheable_byte_size=524288000
+ getopts l:t:d:T:M:E:PN:AI:s:b:F:a:n:v: opt
+ log_dir=/lustre/orion/stf243/world-shared/wcastil/Experiments/CUG26/copper_run/logs/4352264
+ logs_dir=/lustre/orion/stf243/world-shared/wcastil/Experiments/CUG26/copper_run/logs/4352264/logs
+ tables_dir=/lustre/orion/stf243/world-shared/wcastil/Experiments/CUG26/copper_run/logs/4352264/tables
+ profiling_dir=/lustre/orion/stf243/world-shared/wcastil/Experiments/CUG26/copper_run/logs/4352264/profiling
+ profiling_final_dir=/lustre/orion/stf243/world-shared/wcastil/Experiments/CUG26/copper_run/logs/4352264/profiling/final
+ profiling_cluster_dir=/lustre/orion/stf243/world-shared/wcastil/Experiments/CUG26/copper_run/logs/4352264/profiling/cluster
+ node_file_copy=/lustre/orion/stf243/world-shared/wcastil/Experiments/CUG26/copper_run/logs/4352264/logs/node_file.txt
+ prepared_address_book=/lustre/orion/stf243/world-shared/wcastil/Experiments/CUG26/copper_run/logs/4352264/logs/copper_address_book.txt
+ prepared_address_book_full_output=/lustre/orion/stf243/world-shared/wcastil/Experiments/CUG26/copper_run/logs/4352264/logs/copper_address_book_full_output.txt
+ prepare_address_book_awk=/lustre/orion/stf243/world-shared/wcastil/Experiments/CUG26/copper_run/logs/4352264/logs/prepare_address_book.awk
+ select_discovered_address_book_awk=/lustre/orion/stf243/world-shared/wcastil/Experiments/CUG26/copper_run/logs/4352264/logs/select_discovered_address_book.awk
+ echo 'log_level                  : 0'
log_level                  : 0
+ echo 'log_type                   : file'
log_type                   : file
+ echo 'trees                      : 1'
trees                      : 1
+ echo 'max_cacheable_byte_size    : 524288000'
max_cacheable_byte_size    : 524288000
+ echo 'md_enoent_ttl_ms           : 2000'
md_enoent_ttl_ms           : 2000
+ echo 'profile_metrics            : 0'
profile_metrics            : 0
+ echo 'profile_top_n              : 0'
profile_top_n              : 0
+ echo 'profile_paths_full         : 0'
profile_paths_full         : 0
+ echo 'profile_snapshot_interval_s: 0'
profile_snapshot_interval_s: 0
+ echo 'sleeptime                  : 10'
sleeptime                  : 10
+ echo 'CU_FUSE_MNT_VIEWDIR        : /mnt/bb/wcastil/copper_mount'
CU_FUSE_MNT_VIEWDIR        : /mnt/bb/wcastil/copper_mount
+ echo 'LOGDIR                     : /lustre/orion/stf243/world-shared/wcastil/Experiments/CUG26/copper_run/logs/4352264'
LOGDIR                     : /lustre/orion/stf243/world-shared/wcastil/Experiments/CUG26/copper_run/logs/4352264
+ echo 'logs_dir                   : /lustre/orion/stf243/world-shared/wcastil/Experiments/CUG26/copper_run/logs/4352264/logs'
logs_dir                   : /lustre/orion/stf243/world-shared/wcastil/Experiments/CUG26/copper_run/logs/4352264/logs
+ echo 'tables_dir                 : /lustre/orion/stf243/world-shared/wcastil/Experiments/CUG26/copper_run/logs/4352264/tables'
tables_dir                 : /lustre/orion/stf243/world-shared/wcastil/Experiments/CUG26/copper_run/logs/4352264/tables
+ echo 'profiling_final_dir        : /lustre/orion/stf243/world-shared/wcastil/Experiments/CUG26/copper_run/logs/4352264/profiling/final'
profiling_final_dir        : /lustre/orion/stf243/world-shared/wcastil/Experiments/CUG26/copper_run/logs/4352264/profiling/final
+ echo 'profiling_cluster_dir      : /lustre/orion/stf243/world-shared/wcastil/Experiments/CUG26/copper_run/logs/4352264/profiling/cluster'
profiling_cluster_dir      : /lustre/orion/stf243/world-shared/wcastil/Experiments/CUG26/copper_run/logs/4352264/profiling/cluster
+ echo 'SLURM_NODEFILE             : '
SLURM_NODEFILE             : 
+ echo 'physcpubind                : 1,2'
physcpubind                : 1,2
+ echo 'facility_address_book      : /sw/frontier/ums/ums046/copper/build/olcf_frontier_copper_addressbook.txt'
facility_address_book      : /sw/frontier/ums/ums046/copper/build/olcf_frontier_copper_addressbook.txt
+ echo 'address_book_source        : facility'
address_book_source        : facility
+ echo 'prepared_address_book      : /lustre/orion/stf243/world-shared/wcastil/Experiments/CUG26/copper_run/logs/4352264/logs/copper_address_book.txt'
prepared_address_book      : /lustre/orion/stf243/world-shared/wcastil/Experiments/CUG26/copper_run/logs/4352264/logs/copper_address_book.txt
+ echo 'prepared_address_book_full : /lustre/orion/stf243/world-shared/wcastil/Experiments/CUG26/copper_run/logs/4352264/logs/copper_address_book_full_output.txt'
prepared_address_book_full : /lustre/orion/stf243/world-shared/wcastil/Experiments/CUG26/copper_run/logs/4352264/logs/copper_address_book_full_output.txt
+ echo 'discovery_helper           : /sw/frontier/ums/ums046/copper/build/list_cxi_hsn_thallium'
discovery_helper           : /sw/frontier/ums/ums046/copper/build/list_cxi_hsn_thallium
+ echo 'net_type                   : cxi://cxi1'
net_type                   : cxi://cxi1
+ mkdir -p /lustre/orion/stf243/world-shared/wcastil/Experiments/CUG26/copper_run/logs/4352264/logs /lustre/orion/stf243/world-shared/wcastil/Experiments/CUG26/copper_run/logs/4352264/tables/final /lustre/orion/stf243/world-shared/wcastil/Experiments/CUG26/copper_run/logs/4352264/profiling/final /lustre/orion/stf243/world-shared/wcastil/Experiments/CUG26/copper_run/logs/4352264/profiling/cluster
+ scontrol show hostnames 'frontier[00002-00007,00009,00011-00014,00016-00032,00129-00155,00186,00257-00267,00269-00284,00310,00385-00395,00397-00412,00443,00513,00515-00540,00574,00641-00667,00697,00769-00795,00834,00897-00924,01025-01051,01080,01153-01179,01211,01281-01307,01337,01409-01435,01468,01537-01563,01599,01665-01691,01722,01793-01819,01847,01921-01947,01976,02049-02075,02105,02177-02203,02231,02305-02331,02361,02433-02459,02495,02561-02587,02624,02689-02715,02743,02817-02843,02871,02945-02971,03073-03092,03095-03101,03201-03212,03215-03229,03329-03355,03457-03483,03585-03611,03713-03739,03841-03867,03969-03995,04097-04123,04225-04251,04353-04379,04481-04507,04609-04635,04737-04763,04865,04867-04892,04995-04999,05001-05002,05005,05008-05026,05121-05125,05127-05131,05134-05139,05142-05146,05148-05153,05249-05257,05259-05276,05377,05379-05383,05385-05392,05394-05404,05407-05408,05505-05509,05511-05517,05520-05524,05526-05535,05634-05643,05645-05656,05659-05663,05761-05770,05772-05776,05778-05782,05784-05790,05889-05895,05897-05908,05911-05918,06017-06021,06023-06026,06028-06034,06036-06042,06044-06047,06145-06147,06149-06172,06273,06275-06294,06296-06301,06401-06420,06422-06427,06463,06529-06546,06548-06555,06584,06657-06674,06676-06684,06785-06811,06913-06924,06926-06930,06933-06941,06972,07041-07043,07045-07047,07049-07050,07052-07069,07101,07169-07176,07178-07195,07232,07297-07302,07304-07323,07381,07425-07449,07451,07509,07553-07554,07556-07575,07577-07580,07618,07682-07707,07765,07809-07827,07829-07835,07895,07937-07953,07955-07963,08020,08065-08079,08081-08091,08118,08193-08210,08213-08220,08251,08321-08322,08326,08328,08330,08332,08334,08336-08355,08449-08474,08500,08577-08602,08626,08705-08709,08711-08719,08721-08730,08732-08734,08833-08835,08837-08856,08858-08860,08890,08961-08986,09013,09089-09114,09131,09217-09242,09269,09345-09370,09402,10114-10137,10139-10140,10172]'
+ clush --hostfile /lustre/orion/stf243/world-shared/wcastil/Experiments/CUG26/copper_run/logs/4352264/logs/node_file.txt 'fusermount3 -u /mnt/bb/wcastil/copper_mount'
+ clush --hostfile /lustre/orion/stf243/world-shared/wcastil/Experiments/CUG26/copper_run/logs/4352264/logs/node_file.txt 'rm -rf /mnt/bb/wcastil/copper_mount'
+ clush --hostfile /lustre/orion/stf243/world-shared/wcastil/Experiments/CUG26/copper_run/logs/4352264/logs/node_file.txt 'mkdir -p /mnt/bb/wcastil/copper_mount'
+ rm -f /lustre/orion/stf243/world-shared/wcastil/Experiments/CUG26/copper_run/logs/4352264/logs/copper_address_book.txt /lustre/orion/stf243/world-shared/wcastil/Experiments/CUG26/copper_run/logs/4352264/logs/copper_address_book_full_output.txt /lustre/orion/stf243/world-shared/wcastil/Experiments/CUG26/copper_run/logs/4352264/logs/prepare_address_book.awk /lustre/orion/stf243/world-shared/wcastil/Experiments/CUG26/copper_run/logs/4352264/logs/select_discovered_address_book.awk
+ echo 'Preparing job-local address book once before full cu_fuse launch'
Preparing job-local address book once before full cu_fuse launch
++ date +%s
+ prepare_address_book_start_epoch=1775680553
+ prepare_address_book_rc=0
+ case "${address_book_source}" in
+ prepare_address_book_from_facility
+ cp /sw/frontier/ums/ums046/copper/build/olcf_frontier_copper_addressbook.txt /lustre/orion/stf243/world-shared/wcastil/Experiments/CUG26/copper_run/logs/4352264/logs/copper_address_book_full_output.txt
+ cat
+ srun --overlap -N 1 -n 1 --ntasks-per-node=1 env NODEFILE_PATH=/lustre/orion/stf243/world-shared/wcastil/Experiments/CUG26/copper_run/logs/4352264/logs/node_file.txt FACILITY_BOOK=/sw/frontier/ums/ums046/copper/build/olcf_frontier_copper_addressbook.txt OUTPUT_PATH=/lustre/orion/stf243/world-shared/wcastil/Experiments/CUG26/copper_run/logs/4352264/logs/copper_address_book.txt AWK_SCRIPT=/lustre/orion/stf243/world-shared/wcastil/Experiments/CUG26/copper_run/logs/4352264/logs/prepare_address_book.awk bash -lc 'awk -f "$AWK_SCRIPT" "$NODEFILE_PATH" "$FACILITY_BOOK" > "$OUTPUT_PATH"'
Deactivating conda environments
++ date +%s
+ prepare_address_book_end_epoch=1775680555
+ echo 'prepared address book generation took 2 s'
prepared address book generation took 2 s
+ '[' 0 -ne 0 ']'
+ '[' '!' -s /lustre/orion/stf243/world-shared/wcastil/Experiments/CUG26/copper_run/logs/4352264/logs/copper_address_book.txt ']'
+ profile_options=
+ '[' 0 -eq 1 ']'
+ '[' 0 -gt 0 ']'
+ '[' 0 -eq 1 ']'
+ '[' 0 -gt 0 ']'
+ options=' -f -tpath / -vpath /mnt/bb/wcastil/copper_mount -log_level 0 -log_type file -log_output_dir /lustre/orion/stf243/world-shared/wcastil/Experiments/CUG26/copper_run/logs/4352264 -net_type cxi://cxi1 -trees 1 -nf /lustre/orion/stf243/world-shared/wcastil/Experiments/CUG26/copper_run/logs/4352264/logs/node_file.txt -max_cacheable_byte_size 524288000 -md_enoent_ttl_ms 2000 -facility_address_book /lustre/orion/stf243/world-shared/wcastil/Experiments/CUG26/copper_run/logs/4352264/logs/copper_address_book.txt -prefiltered_address_book 1 -s /mnt/bb/wcastil/copper_mount'
+ echo 'sleeping for 10 s'
sleeping for 10 s
+ sleep 10s
+ srun --overlap -N 2048 --ntasks-per-node=1 --cpus-per-task=2 bash -c '
    echo "host=$(hostname)"
    echo "allowed=$(grep Cpus_allowed_list /proc/self/status | awk "{print \$2}")"
    echo "current_cpu=$(ps -o psr= -p $$)"
    exec /sw/frontier/ums/ums046/copper/build/cu_fuse  -f -tpath / -vpath /mnt/bb/wcastil/copper_mount -log_level 0 -log_type file -log_output_dir /lustre/orion/stf243/world-shared/wcastil/Experiments/CUG26/copper_run/logs/4352264 -net_type cxi://cxi1 -trees 1 -nf /lustre/orion/stf243/world-shared/wcastil/Experiments/CUG26/copper_run/logs/4352264/logs/node_file.txt -max_cacheable_byte_size 524288000 -md_enoent_ttl_ms 2000 -facility_address_book /lustre/orion/stf243/world-shared/wcastil/Experiments/CUG26/copper_run/logs/4352264/logs/copper_address_book.txt -prefiltered_address_book 1 -s /mnt/bb/wcastil/copper_mount
    '\''
  '
host=frontier01793
host=frontier01936
host=frontier05534
host=frontier00149
host=frontier08210
host=frontier03974
host=frontier04363
host=frontier09228
host=frontier01931
host=frontier04358
host=frontier06940
host=frontier01302
host=frontier05383
host=frontier07573
host=frontier06405
host=frontier02562
host=frontier01933
host=frontier01690
host=frontier07430
host=frontier00147
host=frontier07186
host=frontier01162
host=frontier01306
host=frontier01549
host=frontier03973
host=frontier04117
host=frontier06409
host=frontier00536
host=frontier03730
host=frontier06021
host=frontier00150
host=frontier07189
host=frontier03731
host=frontier04365
host=frontier05635
host=frontier07191
host=frontier07824
host=frontier00781
host=frontier05391
host=frontier00397
host=frontier03978
host=frontier01797
host=frontier01168
host=frontier04122
host=frontier06658
host=frontier00014
host=frontier05637
host=frontier05394
host=frontier01798
host=frontier00016
host=frontier04369
host=frontier06028
host=frontier02185
host=frontier08851
host=frontier01027
host=frontier09095
host=frontier03346
host=frontier00642
host=frontier01028
host=frontier00400
host=frontier07195
host=frontier01172
host=frontier01558
host=frontier00786
host=frontier07054
host=frontier10127
host=frontier02959
host=frontier06662
host=frontier05397
host=frontier05640
host=frontier07831
host=frontier07441
host=frontier03594
host=frontier07297
host=frontier06418
host=frontier06663
host=frontier08251
host=frontier02817
host=frontier05014
host=frontier06808
host=frontier01031
host=frontier01417
host=frontier04229
host=frontier02575
host=frontier00789
host=frontier06033
host=frontier02819
host=frontier02962
host=frontier03207
host=frontier06420
host=frontier01175
host=frontier01562
host=frontier06422
host=frontier00405
host=frontier02963
host=frontier00261
host=frontier05017
host=frontier01563
host=frontier03353
host=frontier03209
host=frontier02964
host=frontier06423
host=frontier02965
host=frontier07302
host=frontier07446
host=frontier02579
host=frontier04233
host=frontier08469
host=frontier08716
host=frontier08332
host=frontier05891
host=frontier04378
host=frontier07693
host=frontier02581
host=frontier07938
host=frontier05020
host=frontier04235
host=frontier04379
host=frontier00795
host=frontier01667
host=frontier07063
host=frontier02582
host=frontier04626
host=frontier08085
host=frontier06284
host=frontier04482
host=frontier03603
host=frontier09352
host=frontier01426
host=frontier07509
host=frontier07697
host=frontier00029
host=frontier02970
host=frontier07941
host=frontier05024
host=frontier00270
host=frontier08722
host=frontier03850
host=frontier01041
host=frontier00656
host=frontier02443
host=frontier05898
host=frontier03995
host=frontier04485
host=frontier02057
host=frontier07699
host=frontier01814
host=frontier06288
host=frontier03852
host=frontier05899
host=frontier02058
host=frontier08089
host=frontier05655
host=frontier01044
host=frontier07069
host=frontier02059
host=frontier04098
host=frontier05511
host=frontier06533
host=frontier09358
host=frontier04632
host=frontier01288
host=frontier00660
host=frontier04244
host=frontier01046
host=frontier01818
host=frontier00131
host=frontier02305
host=frontier07315
host=frontier05661
host=frontier07170
host=frontier01048
host=frontier05515
host=frontier09217
host=frontier00662
host=frontier03468
host=frontier00134
host=frontier02693
host=frontier03226
host=frontier01049
host=frontier03469
host=frontier08730
host=frontier04882
host=frontier04737
host=frontier06294
host=frontier07563
host=frontier06296
host=frontier01922
host=frontier00280
host=frontier04740
host=frontier08350
host=frontier06933
host=frontier02067
host=frontier05908
host=frontier03473
host=frontier01925
host=frontier06299
host=frontier00282
host=frontier01682
host=frontier02841
host=frontier01683
host=frontier01926
host=frontier06301
host=frontier01155
host=frontier01927
host=frontier06789
host=frontier06156
host=frontier08979
host=frontier00284
host=frontier02456
host=frontier04109
host=frontier02313
host=frontier06790
host=frontier06401
host=frontier05526
host=frontier02314
host=frontier06402
host=frontier04356
host=frontier04500
host=frontier00529
host=frontier09402
host=frontier01930
host=frontier08982
allowed=1-2
allowed=1-2
allowed=1-2
host=frontier07043
allowed=1-2
allowed=1-2
allowed=1-2
allowed=1-2
host=frontier04507
allowed=1-2
host=frontier00144
host=frontier03479
allowed=1-2
allowed=1-2
allowed=1-2
allowed=1-2
allowed=1-2
allowed=1-2
allowed=1-2
allowed=1-2
allowed=1-2
allowed=1-2
allowed=1-2
allowed=1-2
allowed=1-2
host=frontier01691
allowed=1-2
host=frontier02178
allowed=1-2
allowed=1-2
allowed=1-2
host=frontier06553
allowed=1-2
host=frontier08065
host=frontier10119
allowed=1-2
host=frontier06554
allowed=1-2
host=frontier00392
host=frontier02179
allowed=1-2
host=frontier02952
allowed=1-2
allowed=1-2
host=frontier01794
allowed=1-2
allowed=1-2
allowed=1-2
host=frontier09091
host=frontier00012
allowed=1-2
allowed=1-2
allowed=1-2
allowed=1-2
allowed=1-2
allowed=1-2
allowed=1-2
allowed=1-2
host=frontier00013
host=frontier04367
allowed=1-2
allowed=1-2
host=frontier01554
allowed=1-2
allowed=1-2
allowed=1-2
allowed=1-2
allowed=1-2
host=frontier06170
allowed=1-2
allowed=1-2
allowed=1-2
allowed=1-2
allowed=1-2
allowed=1-2
allowed=1-2
allowed=1-2
allowed=1-2
allowed=1-2
allowed=1-2
host=frontier06416
allowed=1-2
host=frontier04759
allowed=1-2
allowed=1-2
allowed=1-2
allowed=1-2
allowed=1-2
allowed=1-2
allowed=1-2
allowed=1-2
host=frontier05012
allowed=1-2
allowed=1-2
allowed=1-2
allowed=1-2
allowed=1-2
allowed=1-2
host=frontier08854
allowed=1-2
allowed=1-2
allowed=1-2
host=frontier10128
host=frontier06276
allowed=1-2
host=frontier07688
allowed=1-2
allowed=1-2
allowed=1-2
allowed=1-2
allowed=1-2
allowed=1-2
allowed=1-2
allowed=1-2
allowed=1-2
allowed=1-2
allowed=1-2
host=frontier01561
allowed=1-2
allowed=1-2
allowed=1-2
host=frontier03597
allowed=1-2
host=frontier06034
allowed=1-2
allowed=1-2
host=frontier06278
host=frontier08326
host=frontier01805
host=frontier05401
allowed=1-2
allowed=1-2
allowed=1-2
allowed=1-2
allowed=1-2
host=frontier08859
allowed=1-2
allowed=1-2
allowed=1-2
allowed=1-2
allowed=1-2
allowed=1-2
allowed=1-2
host=frontier05890
allowed=1-2
allowed=1-2
allowed=1-2
allowed=1-2
allowed=1-2
host=frontier08082
allowed=1-2
allowed=1-2
allowed=1-2
allowed=1-2
allowed=1-2
host=frontier09105
host=frontier05649
host=frontier09106
allowed=1-2
allowed=1-2
allowed=1-2
allowed=1-2
allowed=1-2
allowed=1-2
allowed=1-2
allowed=1-2
allowed=1-2
allowed=1-2
host=frontier06918
allowed=1-2
allowed=1-2
host=frontier01040
allowed=1-2
allowed=1-2
host=frontier00654
allowed=1-2
allowed=1-2
allowed=1-2
allowed=1-2
allowed=1-2
allowed=1-2
allowed=1-2
host=frontier00030
host=frontier09109
host=frontier05507
allowed=1-2
allowed=1-2
allowed=1-2
allowed=1-2
allowed=1-2
allowed=1-2
allowed=1-2
allowed=1-2
allowed=1-2
allowed=1-2
allowed=1-2
allowed=1-2
allowed=1-2
host=frontier01672
host=frontier06677
host=frontier09111
allowed=1-2
host=frontier06532
allowed=1-2
allowed=1-2
host=frontier06289
host=frontier03464
allowed=1-2
allowed=1-2
allowed=1-2
allowed=1-2
allowed=1-2
allowed=1-2
host=frontier02689
allowed=1-2
host=frontier02832
allowed=1-2
host=frontier09359
allowed=1-2
allowed=1-2
allowed=1-2
allowed=1-2
host=frontier03078
allowed=1-2
allowed=1-2
allowed=1-2
host=frontier05269
allowed=1-2
allowed=1-2
allowed=1-2
allowed=1-2
host=frontier02063
allowed=1-2
host=frontier00133
allowed=1-2
allowed=1-2
allowed=1-2
allowed=1-2
allowed=1-2
allowed=1-2
allowed=1-2
allowed=1-2
allowed=1-2
allowed=1-2
host=frontier07172
allowed=1-2
allowed=1-2
host=frontier03081
host=frontier09363
allowed=1-2
host=frontier04494
allowed=1-2
host=frontier03716
host=frontier04249
allowed=1-2
allowed=1-2
allowed=1-2
allowed=1-2
host=frontier06541
allowed=1-2
host=frontier01681
host=frontier06298
allowed=1-2
allowed=1-2
allowed=1-2
allowed=1-2
allowed=1-2
allowed=1-2
allowed=1-2
allowed=1-2
host=frontier01297
host=frontier00283
host=frontier06155
host=frontier04742
allowed=1-2
allowed=1-2
allowed=1-2
allowed=1-2
allowed=1-2
allowed=1-2
allowed=1-2
allowed=1-2
allowed=1-2
allowed=1-2
allowed=1-2
allowed=1-2
allowed=1-2
allowed=1-2
allowed=1-2
allowed=1-2
host=frontier04111
host=frontier04890
allowed=1-2
host=frontier00142
allowed=1-2
host=frontier09370
host=frontier06159
host=frontier05916
allowed=1-2
allowed=1-2
allowed=1-2
host=frontier04502
host=frontier05529
host=frontier00002
host=frontier07961
host=frontier04113
host=frontier00531
host=frontier06019
host=frontier10118
host=frontier00537
host=frontier03975
host=frontier01337
host=frontier05148
host=frontier00538
host=frontier02181
host=frontier07434
host=frontier02568
host=frontier06657
host=frontier01411
host=frontier04613
host=frontier08705
host=frontier01026
host=frontier06026
host=frontier04225
host=frontier07684
host=frontier06804
host=frontier02186
host=frontier07053
host=frontier04371
host=frontier01801
host=frontier01944
host=frontier05251
host=frontier07055
host=frontier05252
host=frontier06419
host=frontier02189
host=frontier03984
host=frontier03351
host=frontier05402
host=frontier00648
host=frontier02193
host=frontier00407
host=frontier03989
host=frontier06914
host=frontier02823
host=frontier01036
host=frontier06915
host=frontier04871
host=frontier06283
host=frontier06041
host=frontier00028
host=frontier04237
host=frontier05505
host=frontier06463
host=frontier02969
host=frontier04483
host=frontier01283
host=frontier05506
host=frontier07065
host=frontier05263
host=frontier08500
host=frontier01285
host=frontier08967
host=frontier02201
host=frontier03075
host=frontier06922
host=frontier04243
host=frontier00517
host=frontier03854
host=frontier04489
host=frontier04100
host=frontier06681
host=frontier08729
host=frontier00905
host=frontier08347
host=frontier06538
host=frontier09218
host=frontier00906
host=frontier01050
host=frontier08585
host=frontier03470
host=frontier09220
host=frontier05907
host=frontier01923
host=frontier03083
host=frontier00524
host=frontier08587
host=frontier03472
host=frontier08351
host=frontier05523
host=frontier03863
host=frontier06543
host=frontier04743
host=frontier04354
host=frontier03086
host=frontier04889
host=frontier02457
host=frontier03865
host=frontier09369
host=frontier09226
host=frontier05527
host=frontier09227
host=frontier00530
host=frontier01544
host=frontier05138
host=frontier00772
current_cpu=  1
host=frontier08455
current_cpu=  1
current_cpu=  1
allowed=1-2
current_cpu=  1
current_cpu=  1
current_cpu=  1
current_cpu=  1
allowed=1-2
current_cpu=  2
host=frontier08450
allowed=1-2
allowed=1-2
current_cpu=  1
current_cpu=  1
current_cpu=  1
current_cpu=  1
current_cpu=  2
host=frontier06941
current_cpu=  1
host=frontier01303
host=frontier08451
current_cpu=  1
current_cpu=  1
current_cpu=  1
current_cpu=  1
host=frontier03337
current_cpu=  1
current_cpu=  1
current_cpu=  2
host=frontier05532
allowed=1-2
current_cpu=  1
host=frontier07820
allowed=1-2
current_cpu=  1
current_cpu=  1
current_cpu=  1
allowed=1-2
current_cpu=  1
host=frontier09232
allowed=1-2
host=frontier03097
allowed=1-2
host=frontier05388
current_cpu=  1
allowed=1-2
current_cpu=  1
allowed=1-2
allowed=1-2
current_cpu=  1
allowed=1-2
current_cpu=  1
current_cpu=  1
allowed=1-2
host=frontier00779
current_cpu=  1
host=frontier02709
current_cpu=  1
current_cpu=  1
host=frontier04610
allowed=1-2
host=frontier09235
allowed=1-2
current_cpu=  1
host=frontier01410
current_cpu=  1
current_cpu=  1
current_cpu=  2
current_cpu=  1
current_cpu=  1
current_cpu=  1
current_cpu=  1
allowed=1-2
host=frontier07436
allowed=1-2
current_cpu=  1
current_cpu=  2
allowed=1-2
current_cpu=  1
host=frontier00153
current_cpu=  1
host=frontier00574
current_cpu=  1
host=frontier05152
current_cpu=  1
host=frontier07683
current_cpu=  1
host=frontier00398
allowed=1-2
current_cpu=  1
host=frontier04614
current_cpu=  1
current_cpu=  1
current_cpu=  1
host=frontier01170
current_cpu=  1
current_cpu=  1
current_cpu=  1
host=frontier07827
current_cpu=  1
current_cpu=  1
current_cpu=  1
current_cpu=  1
allowed=1-2
host=frontier02572
current_cpu=  1
host=frontier01557
allowed=1-2
current_cpu=  1
current_cpu=  1
host=frontier07440
current_cpu=  1
current_cpu=  1
current_cpu=  1
current_cpu=  1
current_cpu=  1
current_cpu=  1
allowed=1-2
host=frontier04760
current_cpu=  1
current_cpu=  1
current_cpu=  1
current_cpu=  1
host=frontier02331
current_cpu=  1
current_cpu=  1
allowed=1-2
current_cpu=  1
current_cpu=  1
current_cpu=  1
allowed=1-2
allowed=1-2
current_cpu=  1
allowed=1-2
current_cpu=  1
current_cpu=  1
current_cpu=  1
current_cpu=  1
current_cpu=  1
host=frontier08855
current_cpu=  1
current_cpu=  1
current_cpu=  1
current_cpu=  1
current_cpu=  1
current_cpu=  1
allowed=1-2
host=frontier00260
host=frontier01418
current_cpu=  1
host=frontier09345
current_cpu=  1
current_cpu=  1
allowed=1-2
current_cpu=  1
allowed=1-2
current_cpu=  1
current_cpu=  1
allowed=1-2
allowed=1-2
allowed=1-2
allowed=1-2
current_cpu=  1
current_cpu=  1
current_cpu=  1
current_cpu=  1
current_cpu=  1
host=frontier04232
allowed=1-2
current_cpu=  1
current_cpu=  1
current_cpu=  1
current_cpu=  1
current_cpu=  1
current_cpu=  1
current_cpu=  1
allowed=1-2
current_cpu=  2
current_cpu=  1
current_cpu=  1
current_cpu=  1
host=frontier06038
host=frontier00793
allowed=1-2
current_cpu=  1
current_cpu=  1
current_cpu=  1
host=frontier03601
current_cpu=  1
current_cpu=  1
allowed=1-2
allowed=1-2
host=frontier03847
host=frontier08084
allowed=1-2
current_cpu=  1
current_cpu=  1
host=frontier03991
current_cpu=  1
current_cpu=  1
current_cpu=  1
current_cpu=  1
current_cpu=  1
host=frontier05651
current_cpu=  1
current_cpu=  1
current_cpu=  1
host=frontier02583
host=frontier00267
host=frontier07940
host=frontier06672
allowed=1-2
current_cpu=  1
current_cpu=  1
allowed=1-2
host=frontier00897
current_cpu=  1
current_cpu=  1
host=frontier03217
allowed=1-2
host=frontier10139
current_cpu=  1
current_cpu=  1
current_cpu=  1
current_cpu=  1
current_cpu=  1
current_cpu=  1
current_cpu=  1
allowed=1-2
allowed=1-2
allowed=1-2
current_cpu=  2
current_cpu=  1
current_cpu=  1
current_cpu=  1
current_cpu=  1
current_cpu=  1
current_cpu=  1
current_cpu=  1
host=frontier01042
host=frontier09355
current_cpu=  2
current_cpu=  1
current_cpu=  1
host=frontier09356
current_cpu=  1
current_cpu=  1
allowed=1-2
host=frontier03220
allowed=1-2
allowed=1-2
current_cpu=  1
allowed=1-2
current_cpu=  1
current_cpu=  2
allowed=1-2
allowed=1-2
current_cpu=  1
current_cpu=  1
current_cpu=  1
current_cpu=  1
current_cpu=  1
current_cpu=  1
allowed=1-2
host=frontier02060
host=frontier00902
host=frontier09113
current_cpu=  1
allowed=1-2
current_cpu=  1
allowed=1-2
current_cpu=  1
current_cpu=  1
current_cpu=  1
current_cpu=  1
host=frontier06291
allowed=1-2
host=frontier09360
current_cpu=  1
current_cpu=  1
current_cpu=  1
allowed=1-2
current_cpu=  1
host=frontier03856
host=frontier03467
current_cpu=  1
host=frontier06682
host=frontier06293
current_cpu=  1
current_cpu=  1
allowed=1-2
current_cpu=  2
host=frontier01677
host=frontier04881
allowed=1-2
current_cpu=  1
current_cpu=  1
current_cpu=  2
current_cpu=  1
current_cpu=  1
current_cpu=  1
current_cpu=  1
current_cpu=  1
current_cpu=  1
current_cpu=  1
allowed=1-2
host=frontier02836
current_cpu=  2
host=frontier08974
current_cpu=  1
allowed=1-2
host=frontier09219
allowed=1-2
current_cpu=  1
allowed=1-2
current_cpu=  1
host=frontier02066
allowed=1-2
allowed=1-2
current_cpu=  1
host=frontier06786
current_cpu=  1
current_cpu=  1
current_cpu=  1
allowed=1-2
current_cpu=  1
allowed=1-2
allowed=1-2
host=frontier03229
current_cpu=  1
host=frontier05764
current_cpu=  1
current_cpu=  1
current_cpu=  1
current_cpu=  1
host=frontier05131
current_cpu=  1
host=frontier05134
current_cpu=  1
current_cpu=  1
allowed=1-2
allowed=1-2
allowed=1-2
allowed=1-2
host=frontier01540
host=frontier00697
current_cpu=  1
current_cpu=  1
current_cpu=  1
current_cpu=  1
current_cpu=  1
current_cpu=  1
current_cpu=  1
current_cpu=  1
host=frontier05913
host=frontier03475
current_cpu=  1
current_cpu=  1
current_cpu=  1
host=frontier01685
current_cpu=  1
current_cpu=  1
current_cpu=  1
host=frontier07958
current_cpu=  1
current_cpu=  1
allowed=1-2
allowed=1-2
current_cpu=  1
host=frontier02072
allowed=1-2
current_cpu=  1
allowed=1-2
host=frontier03866
allowed=1-2
host=frontier08839
allowed=1-2
current_cpu=  1
host=frontier05381
host=frontier00386
current_cpu=  1
current_cpu=  1
host=frontier07571
host=frontier04112
allowed=1-2
allowed=1-2
allowed=1-2
allowed=1-2
host=frontier02074
allowed=1-2
host=frontier07816
allowed=1-2
host=frontier08983
host=frontier08595
host=frontier03480
host=frontier05530
host=frontier05918
host=frontier07963
host=frontier06795
host=frontier03338
host=frontier04751
host=frontier08844
allowed=1-2
allowed=1-2
host=frontier02707
host=frontier06020
host=frontier02565
host=frontier04118
host=frontier05535
allowed=1-2
allowed=1-2
host=frontier03586
allowed=1-2
allowed=1-2
allowed=1-2
allowed=1-2
host=frontier03342
allowed=1-2
allowed=1-2
allowed=1-2
host=frontier04366
host=frontier01025
allowed=1-2
allowed=1-2
allowed=1-2
host=frontier03345
allowed=1-2
allowed=1-2
host=frontier04757
host=frontier03591
host=frontier07438
allowed=1-2
host=frontier08072
allowed=1-2
allowed=1-2
host=frontier06661
host=frontier08707
allowed=1-2
host=frontier02329
allowed=1-2
host=frontier00017
allowed=1-2
allowed=1-2
host=frontier06806
allowed=1-2
host=frontier03205
allowed=1-2
host=frontier08075
allowed=1-2
host=frontier04617
allowed=1-2
allowed=1-2
host=frontier01946
allowed=1-2
allowed=1-2
allowed=1-2
host=frontier07833
host=frontier05645
host=frontier07834
host=frontier02434
host=frontier03842
host=frontier07300
host=frontier07835
allowed=1-2
allowed=1-2
host=frontier08079
host=frontier07895
host=frontier00263
allowed=1-2
host=frontier03210
allowed=1-2
allowed=1-2
allowed=1-2
allowed=1-2
host=frontier04234
allowed=1-2
host=frontier03212
host=frontier06039
allowed=1-2
host=frontier07305
allowed=1-2
host=frontier06427
host=frontier03602
allowed=1-2
host=frontier08718
allowed=1-2
allowed=1-2
allowed=1-2
allowed=1-2
allowed=1-2
allowed=1-2
allowed=1-2
allowed=1-2
allowed=1-2
host=frontier02198
allowed=1-2
host=frontier01812
host=frontier00269
host=frontier10140
allowed=1-2
allowed=1-2
host=frontier01284
host=frontier02586
host=frontier04629
host=frontier03851
host=frontier10172
allowed=1-2
allowed=1-2
host=frontier05265
host=frontier06046
allowed=1-2
allowed=1-2
allowed=1-2
host=frontier02445
host=frontier00901
host=frontier06290
allowed=1-2
allowed=1-2
host=frontier06534
host=frontier02203
host=frontier06145
host=frontier07558
allowed=1-2
allowed=1-2
host=frontier01675
allowed=1-2
allowed=1-2
host=frontier03224
allowed=1-2
host=frontier07705
host=frontier02306
allowed=1-2
allowed=1-2
host=frontier06928
allowed=1-2
host=frontier02064
allowed=1-2
host=frontier02450
allowed=1-2
allowed=1-2
allowed=1-2
allowed=1-2
host=frontier04248
host=frontier03471
allowed=1-2
host=frontier06540
allowed=1-2
host=frontier06152
allowed=1-2
host=frontier00666
allowed=1-2
allowed=1-2
allowed=1-2
host=frontier05763
allowed=1-2
allowed=1-2
host=frontier07566
host=frontier03084
host=frontier07956
host=frontier02455
allowed=1-2
host=frontier03719
allowed=1-2
allowed=1-2
allowed=1-2
allowed=1-2
host=frontier04888
host=frontier01684
host=frontier04498
allowed=1-2
allowed=1-2
host=frontier02700
allowed=1-2
host=frontier01928
allowed=1-2
allowed=1-2
allowed=1-2
host=frontier04745
host=frontier00771
allowed=1-2
allowed=1-2
allowed=1-2
host=frontier03089
allowed=1-2
allowed=1-2
host=frontier03723
host=frontier05769
allowed=1-2
host=frontier00773
host=frontier02703
host=frontier05382
host=frontier07427
host=frontier08206
host=frontier01932
host=frontier01689
host=frontier04995
host=frontier05772
host=frontier10116
host=frontier03092
host=frontier09230
host=frontier02948
host=frontier08597
host=frontier06163
host=frontier08986
host=frontier03482
host=frontier00534
host=frontier08209
host=frontier05533
host=frontier01722
host=frontier04506
host=frontier08845
host=frontier04119
host=frontier06555
host=frontier01551
host=frontier06799
host=frontier08600
host=frontier02323
host=frontier00780
host=frontier05390
host=frontier00011
host=frontier04754
host=frontier05002
host=frontier02567
host=frontier03588
host=frontier00395
host=frontier02954
host=frontier02325
host=frontier07682
host=frontier08216
host=frontier08070
host=frontier02955
host=frontier03101
host=frontier06413
host=frontier04756
host=frontier02184
host=frontier01555
host=frontier02713
host=frontier03734
host=frontier01412
host=frontier06803
host=frontier08460
host=frontier02956
host=frontier02571
host=frontier02328
host=frontier05784
host=frontier08461
host=frontier08462
host=frontier08219
host=frontier05396
host=frontier04615
host=frontier01800
host=frontier08852
host=frontier04227
host=frontier05250
host=frontier02187
host=frontier01029
host=frontier09097
host=frontier08074
host=frontier01173
host=frontier01945
host=frontier03738
host=frontier00258
host=frontier00645
host=frontier03739
host=frontier05642
host=frontier01560
host=frontier04762
host=frontier00788
host=frontier06664
host=frontier01803
host=frontier03595
host=frontier08076
host=frontier04619
host=frontier05643
host=frontier01947
host=frontier05015
host=frontier03208
host=frontier08467
host=frontier03986
host=frontier06810
host=frontier02049
host=frontier06036
host=frontier07301
host=frontier07691
host=frontier09102
host=frontier07059
host=frontier05889
host=frontier02436
host=frontier04868
host=frontier02822
host=frontier09103
host=frontier07447
host=frontier00025
host=frontier04869
host=frontier05257
host=frontier01666
host=frontier01423
host=frontier02052
host=frontier05259
host=frontier06916
host=frontier04236
host=frontier02825
host=frontier02968
host=frontier01810
host=frontier04872
host=frontier09107
host=frontier01039
host=frontier02440
host=frontier01425
host=frontier06917
host=frontier01668
host=frontier05894
host=frontier02055
host=frontier05652
host=frontier06285
host=frontier05897
host=frontier03218
host=frontier03461
host=frontier02585
host=frontier03605
host=frontier01428
host=frontier06287
host=frontier03606
host=frontier04875
host=frontier07067
host=frontier04876
host=frontier06921
host=frontier03607
host=frontier07945
host=frontier06047
host=frontier03853
host=frontier05266
host=frontier01817
host=frontier04488
host=frontier02446
host=frontier02231
host=frontier07314
host=frontier01432
host=frontier02447
host=frontier01047
host=frontier02691
host=frontier04634
host=frontier02449
host=frontier02692
host=frontier03857
host=frontier05270
host=frontier06149
host=frontier05516
host=frontier09362
host=frontier05271
host=frontier06150
host=frontier04738
host=frontier07951
host=frontier03227
host=frontier04104
host=frontier08348
host=frontier01679
host=frontier02838
host=frontier08197
host=frontier05273
host=frontier02695
host=frontier02696
host=frontier00281
host=frontier00137
host=frontier02453
host=frontier01295
host=frontier01153
host=frontier02068
host=frontier03718
host=frontier09222
host=frontier06542
host=frontier02069
host=frontier08834
host=frontier06788
host=frontier05377
host=frontier08835
host=frontier05135
host=frontier03864
host=frontier04355
host=frontier05136
host=frontier00770
host=frontier03721
host=frontier04499
host=frontier03477
host=frontier02701
host=frontier07425
host=frontier08203
host=frontier07959
host=frontier06938
host=frontier02073
host=frontier04357
host=frontier04746
host=frontier06403
host=frontier06548
host=frontier07578
allowed=1-2
host=frontier09089
current_cpu=  1
host=frontier05776
current_cpu=  1
host=frontier07188
allowed=1-2
current_cpu=  1
host=frontier01545
current_cpu=  1
host=frontier01159
host=frontier02317
host=frontier02495
host=frontier05139
allowed=1-2
host=frontier06161
allowed=1-2
allowed=1-2
host=frontier02561
host=frontier03336
host=frontier01546
host=frontier00003
host=frontier03725
host=frontier04360
host=frontier03726
host=frontier00533
host=frontier00004
host=frontier06406
allowed=1-2
host=frontier08985
host=frontier01547
host=frontier04749
host=frontier08452
host=frontier03727
host=frontier04997
host=frontier01305
allowed=1-2
host=frontier04116
current_cpu=  2
host=frontier00390
host=frontier02706
allowed=1-2
current_cpu=  1
host=frontier00777
host=frontier05387
current_cpu=  2
allowed=1-2
current_cpu=  1
host=frontier00148
host=frontier02950
host=frontier00535
allowed=1-2
current_cpu=  2
host=frontier00921
host=frontier02322
allowed=1-2
host=frontier02708
host=frontier07821
current_cpu=  2
current_cpu=  1
host=frontier06798
current_cpu=  1
host=frontier08067
current_cpu=  2
current_cpu=  2
host=frontier06166
allowed=1-2
host=frontier04364
host=frontier03341
host=frontier10120
allowed=1-2
host=frontier03587
host=frontier10121
host=frontier07046
host=frontier03099
allowed=1-2
host=frontier05634
host=frontier02710
host=frontier00151
current_cpu=  1
host=frontier00394
allowed=1-2
host=frontier05779
host=frontier01796
host=frontier02711
current_cpu=  2
host=frontier01167
allowed=1-2
host=frontier05780
host=frontier08215
host=frontier08848
current_cpu=  2
allowed=1-2
current_cpu=  2
host=frontier05151
host=frontier07825
current_cpu=  2
allowed=1-2
host=frontier10123
allowed=1-2
allowed=1-2
allowed=1-2
host=frontier09238
allowed=1-2
host=frontier08850
host=frontier08071
host=frontier05782
current_cpu=  2
allowed=1-2
allowed=1-2
host=frontier03202
allowed=1-2
host=frontier05010
current_cpu=  1
allowed=1-2
host=frontier07685
host=frontier09096
host=frontier06029
allowed=1-2
host=frontier05639
current_cpu=  1
host=frontier01414
allowed=1-2
host=frontier02573
host=frontier08853
current_cpu=  1
allowed=1-2
allowed=1-2
host=frontier01030
current_cpu=  2
host=frontier04761
host=frontier02188
current_cpu=  2
current_cpu=  2
current_cpu=  1
host=frontier02818
host=frontier07056
host=frontier07442
allowed=1-2
host=frontier00021
host=frontier07443
host=frontier04374
host=frontier06665
current_cpu=  1
allowed=1-2
allowed=1-2
allowed=1-2
current_cpu=  2
current_cpu=  2
host=frontier07444
host=frontier08858
current_cpu=  1
host=frontier01976
current_cpu=  1
host=frontier04231
current_cpu=  1
current_cpu=  1
host=frontier02578
host=frontier07445
host=frontier06279
host=frontier01806
allowed=1-2
host=frontier10132
current_cpu=  1
host=frontier08328
host=frontier05018
host=frontier02050
host=frontier03988
host=frontier09348
host=frontier03844
current_cpu=  1
host=frontier03599
host=frontier00024
host=frontier01665
current_cpu=  2
host=frontier09349
allowed=1-2
allowed=1-2
current_cpu=  1
host=frontier02966
host=frontier05019
host=frontier05892
host=frontier08334
allowed=1-2
host=frontier02195
host=frontier04624
current_cpu=  2
host=frontier00026
current_cpu=  1
allowed=1-2
allowed=1-2
current_cpu=  2
host=frontier04625
allowed=1-2
host=frontier05260
host=frontier05021
host=frontier06671
host=frontier00027
host=frontier10137
allowed=1-2
host=frontier01811
host=frontier08719
allowed=1-2
allowed=1-2
allowed=1-2
allowed=1-2
current_cpu=  1
current_cpu=  2
host=frontier03993
host=frontier06042
allowed=1-2
host=frontier08338
allowed=1-2
current_cpu=  1
allowed=1-2
host=frontier06044
host=frontier00655
host=frontier09354
host=frontier02971
host=frontier07942
current_cpu=  1
current_cpu=  1
host=frontier06674
current_cpu=  1
host=frontier06676
host=frontier05508
host=frontier07554
allowed=1-2
allowed=1-2
allowed=1-2
host=frontier05509
current_cpu=  2
allowed=1-2
current_cpu=  2
current_cpu=  1
host=frontier02587
current_cpu=  1
host=frontier05656
current_cpu=  2
host=frontier09112
host=frontier01673
current_cpu=  1
host=frontier07557
host=frontier04242
host=frontier00129
host=frontier05122
current_cpu=  2
allowed=1-2
allowed=1-2
allowed=1-2
host=frontier00274
host=frontier08091
host=frontier00130
current_cpu=  1
host=frontier06679
host=frontier02690
host=frontier02061
host=frontier05660
current_cpu=  2
host=frontier05513
host=frontier06924
allowed=1-2
host=frontier00275
host=frontier04879
host=frontier05124
current_cpu=  1
allowed=1-2
host=frontier08345
host=frontier06292
current_cpu=  1
allowed=1-2
allowed=1-2
host=frontier00276
host=frontier09131
allowed=1-2
allowed=1-2
current_cpu=  1
allowed=1-2
host=frontier01847
host=frontier00277
allowed=1-2
current_cpu=  1
host=frontier09361
host=frontier05905
host=frontier01292
current_cpu=  1
host=frontier02307
allowed=1-2
host=frontier05128
allowed=1-2
host=frontier02451
host=frontier03859
current_cpu=  1
host=frontier00664
allowed=1-2
current_cpu=  2
host=frontier05272
current_cpu=  1
host=frontier06930
host=frontier08586
allowed=1-2
host=frontier08349
host=frontier01051
host=frontier06297
host=frontier00136
host=frontier00665
host=frontier03860
current_cpu=  2
current_cpu=  2
host=frontier07952
allowed=1-2
host=frontier07320
current_cpu=  1
host=frontier04885
host=frontier09365
current_cpu=  2
host=frontier04250
current_cpu=  1
allowed=1-2
host=frontier02454
host=frontier08977
host=frontier02840
allowed=1-2
host=frontier02311
host=frontier04251
host=frontier04107
allowed=1-2
host=frontier02698
host=frontier02312
allowed=1-2
host=frontier06300
host=frontier09223
host=frontier03330
current_cpu=  1
current_cpu=  2
current_cpu=  1
current_cpu=  1
allowed=1-2
allowed=1-2
host=frontier06544
host=frontier08201
allowed=1-2
allowed=1-2
host=frontier01298
allowed=1-2
host=frontier03087
host=frontier06545
host=frontier04110
host=frontier02071
allowed=1-2
host=frontier03476
host=frontier07381
current_cpu=  2
current_cpu=  1
host=frontier02315
allowed=1-2
current_cpu=  2
current_cpu=  2
host=frontier03722
host=frontier07181
host=frontier06791
allowed=1-2
host=frontier03333
current_cpu=  1
allowed=1-2
current_cpu=  2
host=frontier02459
allowed=1-2
allowed=1-2
allowed=1-2
allowed=1-2
host=frontier05528
host=frontier02316
host=frontier06549
host=frontier08840
host=frontier05917
current_cpu=  2
current_cpu=  1
current_cpu=  1
current_cpu=  1
allowed=1-2
current_cpu=  1
allowed=1-2
host=frontier03969
current_cpu=  1
allowed=1-2
host=frontier06793
host=frontier05142
host=frontier07428
host=frontier02704
allowed=1-2
allowed=1-2
host=frontier00388
allowed=1-2
host=frontier06550
allowed=1-2
host=frontier09229
host=frontier06794
host=frontier01160
host=frontier05143
host=frontier06017
host=frontier02105
allowed=1-2
host=frontier05773
host=frontier00146
host=frontier00775
host=frontier00918
allowed=1-2
host=frontier04505
host=frontier08208
host=frontier08020
host=frontier10117
host=frontier08453
allowed=1-2
host=frontier08843
host=frontier00005
host=frontier00776
host=frontier07575
host=frontier09231
host=frontier01548
host=frontier00919
allowed=1-2
host=frontier01163
allowed=1-2
current_cpu=  1
host=frontier02564
host=frontier03096
host=frontier06164
current_cpu=  2
host=frontier01935
host=frontier09013
allowed=1-2
host=frontier02951
host=frontier00778
host=frontier04999
host=frontier03340
host=frontier03729
host=frontier01307
host=frontier01550
allowed=1-2
allowed=1-2
host=frontier08066
allowed=1-2
host=frontier01164
host=frontier04609
host=frontier02180
host=frontier07579
host=frontier01937
host=frontier01165
host=frontier08846
allowed=1-2
host=frontier07045
current_cpu=  1
current_cpu=  1
allowed=1-2
host=frontier05389
current_cpu=  2
current_cpu=  1
current_cpu=  2
current_cpu=  1
host=frontier07580
host=frontier08457
host=frontier03976
host=frontier01409
host=frontier01795
host=frontier07823
host=frontier06584
allowed=1-2
host=frontier05149
host=frontier08068
current_cpu=  1
host=frontier00539
current_cpu=  2
host=frontier04121
current_cpu=  2
allowed=1-2
host=frontier06412
host=frontier04755
host=frontier05005
host=frontier07047
host=frontier05150
host=frontier04611
host=frontier08602
host=frontier04612
host=frontier06025
host=frontier01940
allowed=1-2
host=frontier02183
current_cpu=  1
host=frontier03344
host=frontier03589
host=frontier05008
current_cpu=  2
host=frontier03979
host=frontier05009
host=frontier00783
current_cpu=  2
allowed=1-2
host=frontier04123
current_cpu=  1
host=frontier06659
host=frontier03590
host=frontier03201
current_cpu=  2
allowed=1-2
host=frontier01556
allowed=1-2
host=frontier01799
host=frontier07052
allowed=1-2
current_cpu=  1
host=frontier04758
host=frontier07194
host=frontier03735
allowed=1-2
current_cpu=  2
current_cpu=  2
host=frontier00399
allowed=1-2
allowed=1-2
current_cpu=  2
host=frontier05785
host=frontier05249
host=frontier08073
host=frontier06172
allowed=1-2
host=frontier03981
host=frontier02715
host=frontier07439
current_cpu=  1
host=frontier01171
allowed=1-2
host=frontier09240
current_cpu=  1
host=frontier02330
host=frontier06417
host=frontier07686
host=frontier08463
host=frontier07232
host=frontier00643
current_cpu=  2
allowed=1-2
current_cpu=  2
host=frontier00257
allowed=1-2
current_cpu=  2
host=frontier00644
host=frontier02574
host=frontier05787
host=frontier06031
host=frontier00787
host=frontier03349
host=frontier00019
allowed=1-2
current_cpu=  2
allowed=1-2
host=frontier06275
host=frontier08709
current_cpu=  1
current_cpu=  1
host=frontier04373
host=frontier03206
allowed=1-2
host=frontier09269
host=frontier07298
current_cpu=  1
current_cpu=  2
host=frontier03350
host=frontier08711
host=frontier01174
host=frontier00259
host=frontier02433
host=frontier03596
current_cpu=  1
host=frontier08077
host=frontier05400
host=frontier08466
allowed=1-2
host=frontier08712
host=frontier06809
host=frontier03841
host=frontier07057
host=frontier05790
allowed=1-2
host=frontier03352
host=frontier09346
allowed=1-2
host=frontier07058
allowed=1-2
allowed=1-2
host=frontier09101
allowed=1-2
host=frontier10131
host=frontier02191
host=frontier01176
allowed=1-2
current_cpu=  2
host=frontier08468
current_cpu=  1
allowed=1-2
host=frontier01177
host=frontier06667
host=frontier08714
host=frontier05646
host=frontier02435
host=frontier04867
host=frontier05255
host=frontier01420
allowed=1-2
host=frontier08860
allowed=1-2
host=frontier01178
host=frontier06668
host=frontier06280
current_cpu=  1
allowed=1-2
host=frontier01035
host=frontier06037
current_cpu=  2
host=frontier00792
host=frontier02194
current_cpu=  1
host=frontier02437
current_cpu=  2
current_cpu=  1
current_cpu=  2
allowed=1-2
allowed=1-2
current_cpu=  2
current_cpu=  2
allowed=1-2
current_cpu=  2
allowed=1-2
allowed=1-2
current_cpu=  1
allowed=1-2
current_cpu=  1
allowed=1-2
current_cpu=  1
allowed=1-2
current_cpu=  2
current_cpu=  2
allowed=1-2
current_cpu=  2
current_cpu=  2
current_cpu=  2
allowed=1-2
allowed=1-2
current_cpu=  1
allowed=1-2
host=frontier00387
current_cpu=  2
allowed=1-2
allowed=1-2
allowed=1-2
current_cpu=  1
current_cpu=  1
host=frontier05531
allowed=1-2
host=frontier06551
allowed=1-2
allowed=1-2
current_cpu=  1
allowed=1-2
allowed=1-2
allowed=1-2
current_cpu=  2
current_cpu=  2
current_cpu=  2
allowed=1-2
current_cpu=  2
allowed=1-2
host=frontier00774
current_cpu=  2
allowed=1-2
allowed=1-2
current_cpu=  2
current_cpu=  1
allowed=1-2
allowed=1-2
current_cpu=  2
allowed=1-2
current_cpu=  1
current_cpu=  1
allowed=1-2
allowed=1-2
current_cpu=  1
current_cpu=  2
allowed=1-2
current_cpu=  1
current_cpu=  1
current_cpu=  1
allowed=1-2
allowed=1-2
current_cpu=  1
current_cpu=  2
current_cpu=  2
allowed=1-2
current_cpu=  1
allowed=1-2
allowed=1-2
current_cpu=  1
current_cpu=  2
current_cpu=  1
allowed=1-2
allowed=1-2
current_cpu=  2
current_cpu=  2
current_cpu=  1
allowed=1-2
current_cpu=  2
allowed=1-2
current_cpu=  1
allowed=1-2
current_cpu=  1
current_cpu=  2
allowed=1-2
allowed=1-2
current_cpu=  2
current_cpu=  2
current_cpu=  2
allowed=1-2
current_cpu=  1
allowed=1-2
current_cpu=  2
allowed=1-2
current_cpu=  2
current_cpu=  2
host=frontier04120
allowed=1-2
current_cpu=  2
allowed=1-2
current_cpu=  1
allowed=1-2
allowed=1-2
allowed=1-2
current_cpu=  1
allowed=1-2
current_cpu=  2
allowed=1-2
current_cpu=  1
allowed=1-2
current_cpu=  1
allowed=1-2
current_cpu=  1
current_cpu=  2
allowed=1-2
allowed=1-2
current_cpu=  2
current_cpu=  2
allowed=1-2
allowed=1-2
current_cpu=  2
current_cpu=  1
current_cpu=  1
host=frontier02182
host=frontier06801
allowed=1-2
current_cpu=  1
allowed=1-2
current_cpu=  2
current_cpu=  2
allowed=1-2
allowed=1-2
current_cpu=  1
current_cpu=  2
allowed=1-2
current_cpu=  1
host=frontier07572
current_cpu=  1
allowed=1-2
current_cpu=  2
allowed=1-2
current_cpu=  2
allowed=1-2
current_cpu=  2
current_cpu=  1
host=frontier00154
allowed=1-2
allowed=1-2
current_cpu=  2
current_cpu=  1
allowed=1-2
allowed=1-2
current_cpu=  2
current_cpu=  2
host=frontier01941
current_cpu=  1
allowed=1-2
current_cpu=  2
allowed=1-2
current_cpu=  2
current_cpu=  1
allowed=1-2
current_cpu=  1
host=frontier01942
current_cpu=  1
current_cpu=  1
allowed=1-2
allowed=1-2
current_cpu=  1
allowed=1-2
current_cpu=  1
current_cpu=  2
allowed=1-2
allowed=1-2
allowed=1-2
current_cpu=  1
current_cpu=  2
current_cpu=  1
allowed=1-2
allowed=1-2
current_cpu=  1
current_cpu=  2
current_cpu=  1
current_cpu=  2
allowed=1-2
allowed=1-2
allowed=1-2
current_cpu=  1
allowed=1-2
allowed=1-2
current_cpu=  1
allowed=1-2
current_cpu=  1
allowed=1-2
current_cpu=  1
host=frontier09099
allowed=1-2
current_cpu=  2
allowed=1-2
allowed=1-2
current_cpu=  1
current_cpu=  1
allowed=1-2
allowed=1-2
host=frontier06807
current_cpu=  2
current_cpu=  2
current_cpu=  1
host=frontier06660
current_cpu=  1
allowed=1-2
current_cpu=  1
current_cpu=  1
allowed=1-2
current_cpu=  2
allowed=1-2
current_cpu=  1
allowed=1-2
current_cpu=  2
current_cpu=  2
current_cpu=  2
allowed=1-2
allowed=1-2
allowed=1-2
host=frontier03736
current_cpu=  2
allowed=1-2
allowed=1-2
current_cpu=  1
current_cpu=  1
current_cpu=  1
current_cpu=  1
allowed=1-2
current_cpu=  2
current_cpu=  2
allowed=1-2
current_cpu=  2
allowed=1-2
current_cpu=  2
allowed=1-2
current_cpu=  2
allowed=1-2
current_cpu=  1
allowed=1-2
current_cpu=  1
allowed=1-2
current_cpu=  1
allowed=1-2
allowed=1-2
allowed=1-2
current_cpu=  1
current_cpu=  1
current_cpu=  1
allowed=1-2
allowed=1-2
current_cpu=  1
host=frontier03600
allowed=1-2
current_cpu=  1
current_cpu=  2
current_cpu=  1
current_cpu=  2
host=frontier02177
host=frontier03203
host=frontier08465
allowed=1-2
current_cpu=  1
host=frontier03355
allowed=1-2
allowed=1-2
current_cpu=  2
current_cpu=  2
current_cpu=  2
allowed=1-2
allowed=1-2
current_cpu=  2
current_cpu=  2
allowed=1-2
current_cpu=  1
allowed=1-2
current_cpu=  1
allowed=1-2
host=frontier08083
host=frontier00651
current_cpu=  2
current_cpu=  2
current_cpu=  2
allowed=1-2
current_cpu=  2
current_cpu=  1
allowed=1-2
allowed=1-2
current_cpu=  2
current_cpu=  1
allowed=1-2
allowed=1-2
current_cpu=  2
host=frontier08472
allowed=1-2
allowed=1-2
current_cpu=  2
host=frontier07307
current_cpu=  1
allowed=1-2
current_cpu=  2
allowed=1-2
current_cpu=  2
current_cpu=  1
current_cpu=  2
current_cpu=  2
current_cpu=  2
current_cpu=  1
host=frontier08849
allowed=1-2
host=frontier03593
current_cpu=  1
current_cpu=  1
allowed=1-2
current_cpu=  2
current_cpu=  2
allowed=1-2
current_cpu=  1
current_cpu=  1
current_cpu=  1
allowed=1-2
allowed=1-2
current_cpu=  1
current_cpu=  2
allowed=1-2
allowed=1-2
current_cpu=  2
current_cpu=  2
allowed=1-2
allowed=1-2
current_cpu=  1
current_cpu=  1
host=frontier00007
allowed=1-2
host=frontier08087
allowed=1-2
allowed=1-2
current_cpu=  2
allowed=1-2
allowed=1-2
host=frontier08890
current_cpu=  2
current_cpu=  1
host=frontier06920
current_cpu=  1
current_cpu=  2
current_cpu=  2
current_cpu=  2
current_cpu=  2
allowed=1-2
host=frontier07817
allowed=1-2
current_cpu=  1
current_cpu=  2
allowed=1-2
host=frontier01429
current_cpu=  1
current_cpu=  2
allowed=1-2
allowed=1-2
allowed=1-2
allowed=1-2
current_cpu=  1
allowed=1-2
current_cpu=  1
host=frontier03608
allowed=1-2
allowed=1-2
current_cpu=  2
current_cpu=  2
allowed=1-2
allowed=1-2
host=frontier05778
current_cpu=  2
current_cpu=  1
allowed=1-2
current_cpu=  1
current_cpu=  2
current_cpu=  2
current_cpu=  2
current_cpu=  1
allowed=1-2
allowed=1-2
current_cpu=  2
current_cpu=  1
allowed=1-2
current_cpu=  2
allowed=1-2
current_cpu=  2
host=frontier03609
allowed=1-2
allowed=1-2
current_cpu=  1
current_cpu=  2
host=frontier00652
allowed=1-2
allowed=1-2
current_cpu=  1
allowed=1-2
current_cpu=  2
allowed=1-2
allowed=1-2
current_cpu=  2
current_cpu=  1
allowed=1-2
allowed=1-2
current_cpu=  2
current_cpu=  2
current_cpu=  1
host=frontier05268
allowed=1-2
allowed=1-2
current_cpu=  1
current_cpu=  2
allowed=1-2
current_cpu=  2
allowed=1-2
current_cpu=  1
allowed=1-2
host=frontier00132
current_cpu=  2
allowed=1-2
current_cpu=  2
current_cpu=  2
current_cpu=  1
allowed=1-2
current_cpu=  1
allowed=1-2
current_cpu=  2
current_cpu=  1
host=frontier05904
current_cpu=  1
allowed=1-2
current_cpu=  2
allowed=1-2
current_cpu=  1
allowed=1-2
allowed=1-2
current_cpu=  1
current_cpu=  2
current_cpu=  1
current_cpu=  1
allowed=1-2
allowed=1-2
allowed=1-2
current_cpu=  2
current_cpu=  1
allowed=1-2
current_cpu=  2
allowed=1-2
current_cpu=  1
current_cpu=  1
current_cpu=  2
host=frontier06539
allowed=1-2
allowed=1-2
allowed=1-2
current_cpu=  1
current_cpu=  2
allowed=1-2
current_cpu=  1
allowed=1-2
current_cpu=  1
current_cpu=  2
current_cpu=  1
allowed=1-2
allowed=1-2
current_cpu=  1
host=frontier02065
host=frontier01468
allowed=1-2
allowed=1-2
current_cpu=  1
allowed=1-2
allowed=1-2
allowed=1-2
current_cpu=  1
current_cpu=  2
current_cpu=  2
allowed=1-2
host=frontier09233
current_cpu=  1
allowed=1-2
allowed=1-2
current_cpu=  1
current_cpu=  2
allowed=1-2
allowed=1-2
host=frontier07832
current_cpu=  2
current_cpu=  1
allowed=1-2
current_cpu=  2
host=frontier04105
current_cpu=  2
current_cpu=  1
current_cpu=  1
host=frontier01674
allowed=1-2
allowed=1-2
host=frontier05144
current_cpu=  1
current_cpu=  2
current_cpu=  2
host=frontier01080
allowed=1-2
allowed=1-2
current_cpu=  1
current_cpu=  1
allowed=1-2
current_cpu=  2
allowed=1-2
current_cpu=  2
allowed=1-2
allowed=1-2
current_cpu=  1
allowed=1-2
current_cpu=  2
allowed=1-2
allowed=1-2
current_cpu=  1
current_cpu=  1
current_cpu=  2
allowed=1-2
current_cpu=  2
current_cpu=  1
current_cpu=  1
allowed=1-2
current_cpu=  2
allowed=1-2
allowed=1-2
current_cpu=  1
allowed=1-2
host=frontier06787
current_cpu=  1
allowed=1-2
host=frontier08584
current_cpu=  1
host=frontier04741
current_cpu=  2
host=frontier08340
allowed=1-2
allowed=1-2
allowed=1-2
current_cpu=  1
current_cpu=  1
current_cpu=  1
allowed=1-2
host=frontier09347
current_cpu=  1
host=frontier07041
allowed=1-2
current_cpu=  1
allowed=1-2
current_cpu=  1
current_cpu=  1
allowed=1-2
current_cpu=  2
current_cpu=  1
allowed=1-2
current_cpu=  2
allowed=1-2
current_cpu=  2
current_cpu=  2
allowed=1-2
allowed=1-2
current_cpu=  2
current_cpu=  2
current_cpu=  2
allowed=1-2
current_cpu=  2
current_cpu=  1
current_cpu=  2
allowed=1-2
allowed=1-2
current_cpu=  1
allowed=1-2
allowed=1-2
allowed=1-2
current_cpu=  1
allowed=1-2
allowed=1-2
current_cpu=  2
current_cpu=  1
current_cpu=  1
allowed=1-2
host=frontier08330
current_cpu=  1
host=frontier08354
host=frontier05914
allowed=1-2
allowed=1-2
current_cpu=  2
host=frontier02843
current_cpu=  2
host=frontier00009
allowed=1-2
allowed=1-2
current_cpu=  1
allowed=1-2
current_cpu=  1
current_cpu=  1
allowed=1-2
allowed=1-2
current_cpu=  2
allowed=1-2
current_cpu=  1
allowed=1-2
current_cpu=  1
current_cpu=  1
allowed=1-2
allowed=1-2
current_cpu=  1
current_cpu=  1
current_cpu=  1
allowed=1-2
current_cpu=  1
current_cpu=  1
host=frontier06165
current_cpu=  1
host=frontier06939
current_cpu=  1
allowed=1-2
current_cpu=  2
current_cpu=  2
allowed=1-2
current_cpu=  1
allowed=1-2
allowed=1-2
current_cpu=  2
host=frontier04891
host=frontier08205
allowed=1-2
allowed=1-2
current_cpu=  2
current_cpu=  1
allowed=1-2
allowed=1-2
current_cpu=  1
current_cpu=  1
allowed=1-2
current_cpu=  1
current_cpu=  2
current_cpu=  1
allowed=1-2
current_cpu=  2
current_cpu=  1
current_cpu=  2
allowed=1-2
allowed=1-2
current_cpu=  1
current_cpu=  1
allowed=1-2
allowed=1-2
current_cpu=  2
current_cpu=  1
current_cpu=  2
current_cpu=  1
current_cpu=  1
allowed=1-2
current_cpu=  2
allowed=1-2
current_cpu=  2
current_cpu=  1
host=frontier04503
current_cpu=  2
allowed=1-2
allowed=1-2
current_cpu=  1
current_cpu=  1
host=frontier02075
host=frontier00917
allowed=1-2
allowed=1-2
current_cpu=  1
current_cpu=  1
allowed=1-2
allowed=1-2
current_cpu=  2
current_cpu=  2
current_cpu=  2
allowed=1-2
current_cpu=  2
allowed=1-2
current_cpu=  1
allowed=1-2
current_cpu=  1
host=frontier01304
current_cpu=  1
allowed=1-2
allowed=1-2
current_cpu=  1
allowed=1-2
current_cpu=  2
current_cpu=  1
allowed=1-2
current_cpu=  1
allowed=1-2
current_cpu=  2
allowed=1-2
current_cpu=  1
current_cpu=  1
allowed=1-2
allowed=1-2
current_cpu=  1
host=frontier06162
allowed=1-2
host=frontier05385
allowed=1-2
host=frontier08207
allowed=1-2
host=frontier06972
current_cpu=  1
current_cpu=  1
allowed=1-2
host=frontier04115
current_cpu=  2
allowed=1-2
current_cpu=  2
host=frontier06552
allowed=1-2
allowed=1-2
current_cpu=  1
allowed=1-2
allowed=1-2
current_cpu=  1
allowed=1-2
allowed=1-2
current_cpu=  2
current_cpu=  1
allowed=1-2
host=frontier02563
current_cpu=  2
current_cpu=  2
allowed=1-2
current_cpu=  2
allowed=1-2
allowed=1-2
current_cpu=  1
current_cpu=  1
allowed=1-2
allowed=1-2
current_cpu=  1
current_cpu=  2
allowed=1-2
allowed=1-2
current_cpu=  2
current_cpu=  2
allowed=1-2
current_cpu=  1
current_cpu=  1
allowed=1-2
current_cpu=  1
current_cpu=  2
allowed=1-2
allowed=1-2
current_cpu=  2
current_cpu=  2
allowed=1-2
allowed=1-2
current_cpu=  2
host=frontier06408
allowed=1-2
host=frontier00006
current_cpu=  2
allowed=1-2
current_cpu=  1
allowed=1-2
current_cpu=  1
allowed=1-2
current_cpu=  1
current_cpu=  1
host=frontier07577
host=frontier07431
allowed=1-2
allowed=1-2
current_cpu=  2
current_cpu=  2
allowed=1-2
host=frontier03585
allowed=1-2
allowed=1-2
current_cpu=  2
current_cpu=  1
current_cpu=  1
current_cpu=  2
allowed=1-2
allowed=1-2
current_cpu=  1
current_cpu=  2
allowed=1-2
allowed=1-2
current_cpu=  2
current_cpu=  2
allowed=1-2
allowed=1-2
current_cpu=  2
current_cpu=  1
host=frontier07432
host=frontier04752
allowed=1-2
allowed=1-2
current_cpu=  2
current_cpu=  2
allowed=1-2
current_cpu=  1
allowed=1-2
current_cpu=  1
current_cpu=  2
current_cpu=  2
current_cpu=  2
allowed=1-2
current_cpu=  2
allowed=1-2
current_cpu=  2
allowed=1-2
current_cpu=  1
current_cpu=  2
allowed=1-2
allowed=1-2
current_cpu=  2
current_cpu=  2
allowed=1-2
allowed=1-2
current_cpu=  1
current_cpu=  2
allowed=1-2
current_cpu=  1
current_cpu=  1
allowed=1-2
current_cpu=  1
host=frontier08213
allowed=1-2
current_cpu=  1
allowed=1-2
allowed=1-2
current_cpu=  2
current_cpu=  1
host=frontier06411
allowed=1-2
allowed=1-2
current_cpu=  2
current_cpu=  1
allowed=1-2
current_cpu=  2
allowed=1-2
current_cpu=  1
allowed=1-2
current_cpu=  1
allowed=1-2
current_cpu=  1
allowed=1-2
current_cpu=  2
current_cpu=  1
current_cpu=  2
allowed=1-2
current_cpu=  1
allowed=1-2
current_cpu=  1
host=frontier02953
allowed=1-2
allowed=1-2
current_cpu=  1
current_cpu=  1
current_cpu=  2
allowed=1-2
current_cpu=  1
current_cpu=  2
allowed=1-2
current_cpu=  1
allowed=1-2
allowed=1-2
current_cpu=  1
current_cpu=  1
host=frontier03343
host=frontier07435
allowed=1-2
allowed=1-2
current_cpu=  2
allowed=1-2
current_cpu=  1
allowed=1-2
current_cpu=  2
host=frontier10122
allowed=1-2
allowed=1-2
current_cpu=  1
current_cpu=  2
allowed=1-2
allowed=1-2
current_cpu=  1
current_cpu=  2
allowed=1-2
allowed=1-2
current_cpu=  1
current_cpu=  1
host=frontier05781
host=frontier07192
allowed=1-2
allowed=1-2
current_cpu=  2
current_cpu=  2
current_cpu=  2
current_cpu=  2
allowed=1-2
host=frontier00540
current_cpu=  1
allowed=1-2
host=frontier00782
host=frontier09237
host=frontier07962
current_cpu=  1
current_cpu=  1
allowed=1-2
current_cpu=  1
allowed=1-2
current_cpu=  1
current_cpu=  1
current_cpu=  1
host=frontier06169
allowed=1-2
allowed=1-2
current_cpu=  1
current_cpu=  1
current_cpu=  1
current_cpu=  1
current_cpu=  1
current_cpu=  2
allowed=1-2
allowed=1-2
current_cpu=  1
current_cpu=  2
allowed=1-2
allowed=1-2
current_cpu=  1
current_cpu=  2
current_cpu=  1
host=frontier04368
allowed=1-2
allowed=1-2
current_cpu=  2
current_cpu=  2
current_cpu=  1
allowed=1-2
current_cpu=  2
current_cpu=  1
allowed=1-2
allowed=1-2
current_cpu=  1
current_cpu=  1
allowed=1-2
allowed=1-2
current_cpu=  1
current_cpu=  2
current_cpu=  1
host=frontier02327
allowed=1-2
allowed=1-2
current_cpu=  2
current_cpu=  1
current_cpu=  2
allowed=1-2
current_cpu=  1
current_cpu=  1
allowed=1-2
current_cpu=  1
current_cpu=  1
host=frontier00784
allowed=1-2
allowed=1-2
current_cpu=  1
current_cpu=  2
current_cpu=  2
allowed=1-2
current_cpu=  2
host=frontier01413
allowed=1-2
allowed=1-2
current_cpu=  2
current_cpu=  1
current_cpu=  2
allowed=1-2
current_cpu=  1
current_cpu=  1
current_cpu=  2
allowed=1-2
current_cpu=  2
allowed=1-2
current_cpu=  2
allowed=1-2
current_cpu=  1
allowed=1-2
current_cpu=  1
current_cpu=  1
current_cpu=  1
allowed=1-2
current_cpu=  1
allowed=1-2
current_cpu=  1
allowed=1-2
current_cpu=  2
allowed=1-2
host=frontier08454
current_cpu=  1
current_cpu=  2
allowed=1-2
current_cpu=  2
allowed=1-2
current_cpu=  1
host=frontier06030
allowed=1-2
allowed=1-2
current_cpu=  1
current_cpu=  1
current_cpu=  1
allowed=1-2
current_cpu=  2
host=frontier03204
current_cpu=  1
allowed=1-2
current_cpu=  1
allowed=1-2
current_cpu=  2
allowed=1-2
current_cpu=  1
current_cpu=  1
current_cpu=  2
host=frontier09241
allowed=1-2
allowed=1-2
current_cpu=  2
current_cpu=  2
current_cpu=  2
allowed=1-2
current_cpu=  1
host=frontier07830
allowed=1-2
current_cpu=  2
current_cpu=  2
allowed=1-2
current_cpu=  1
allowed=1-2
current_cpu=  1
allowed=1-2
current_cpu=  1
host=frontier09098
allowed=1-2
allowed=1-2
current_cpu=  1
current_cpu=  2
allowed=1-2
allowed=1-2
current_cpu=  2
current_cpu=  1
allowed=1-2
current_cpu=  2
current_cpu=  1
current_cpu=  1
allowed=1-2
allowed=1-2
current_cpu=  1
current_cpu=  2
host=frontier10129
allowed=1-2
allowed=1-2
current_cpu=  1
current_cpu=  1
allowed=1-2
current_cpu=  1
current_cpu=  1
allowed=1-2
allowed=1-2
current_cpu=  1
current_cpu=  1
allowed=1-2
allowed=1-2
current_cpu=  2
current_cpu=  1
current_cpu=  1
current_cpu=  1
current_cpu=  2
allowed=1-2
current_cpu=  2
host=frontier08321
allowed=1-2
allowed=1-2
current_cpu=  2
current_cpu=  1
allowed=1-2
allowed=1-2
current_cpu=  1
current_cpu=  1
allowed=1-2
allowed=1-2
current_cpu=  1
current_cpu=  1
current_cpu=  1
host=frontier04230
allowed=1-2
allowed=1-2
current_cpu=  1
current_cpu=  2
current_cpu=  1
allowed=1-2
current_cpu=  1
allowed=1-2
current_cpu=  1
host=frontier03985
current_cpu=  1
allowed=1-2
current_cpu=  2
allowed=1-2
current_cpu=  1
host=frontier08322
allowed=1-2
host=frontier01804
allowed=1-2
current_cpu=  1
current_cpu=  2
allowed=1-2
current_cpu=  1
allowed=1-2
current_cpu=  2
allowed=1-2
current_cpu=  2
current_cpu=  2
host=frontier04375
allowed=1-2
allowed=1-2
allowed=1-2
current_cpu=  2
current_cpu=  2
allowed=1-2
current_cpu=  2
current_cpu=  1
allowed=1-2
current_cpu=  2
current_cpu=  2
current_cpu=  1
allowed=1-2
current_cpu=  2
current_cpu=  1
allowed=1-2
allowed=1-2
current_cpu=  2
current_cpu=  2
host=frontier02820
allowed=1-2
allowed=1-2
current_cpu=  1
current_cpu=  1
current_cpu=  2
allowed=1-2
host=frontier00406
current_cpu=  2
allowed=1-2
current_cpu=  1
current_cpu=  1
allowed=1-2
allowed=1-2
current_cpu=  2
current_cpu=  1
host=frontier03598
allowed=1-2
allowed=1-2
current_cpu=  2
current_cpu=  2
allowed=1-2
current_cpu=  1
allowed=1-2
current_cpu=  1
current_cpu=  1
allowed=1-2
allowed=1-2
current_cpu=  1
current_cpu=  1
allowed=1-2
current_cpu=  1
current_cpu=  1
host=frontier07060
current_cpu=  2
allowed=1-2
current_cpu=  2
allowed=1-2
current_cpu=  2
current_cpu=  1
current_cpu=  1
allowed=1-2
current_cpu=  1
allowed=1-2
current_cpu=  2
allowed=1-2
current_cpu=  1
host=frontier10133
allowed=1-2
host=frontier08081
current_cpu=  2
allowed=1-2
current_cpu=  2
current_cpu=  2
allowed=1-2
allowed=1-2
current_cpu=  2
current_cpu=  2
allowed=1-2
allowed=1-2
current_cpu=  2
current_cpu=  2
host=frontier10134
host=frontier00264
allowed=1-2
allowed=1-2
current_cpu=  2
current_cpu=  2
allowed=1-2
host=frontier06425
current_cpu=  2
allowed=1-2
current_cpu=  1
current_cpu=  2
allowed=1-2
current_cpu=  2
current_cpu=  2
current_cpu=  2
host=frontier07304
host=frontier08470
allowed=1-2
allowed=1-2
current_cpu=  1
current_cpu=  1
host=frontier01808
host=frontier04623
allowed=1-2
allowed=1-2
current_cpu=  2
current_cpu=  2
host=frontier06669
host=frontier07694
allowed=1-2
allowed=1-2
current_cpu=  2
current_cpu=  1
allowed=1-2
allowed=1-2
current_cpu=  1
current_cpu=  1
host=frontier03990
host=frontier00409
allowed=1-2
allowed=1-2
current_cpu=  2
current_cpu=  2
host=frontier07448
host=frontier07062
allowed=1-2
allowed=1-2
current_cpu=  2
current_cpu=  1
host=frontier03846
host=frontier10135
allowed=1-2
allowed=1-2
current_cpu=  1
current_cpu=  1
current_cpu=  2
host=frontier08717
allowed=1-2
host=frontier08471
current_cpu=  2
allowed=1-2
current_cpu=  1
allowed=1-2
current_cpu=  2
host=frontier01809
allowed=1-2
host=frontier02967
current_cpu=  1
allowed=1-2
current_cpu=  1
current_cpu=  1
host=frontier06040
host=frontier02439
allowed=1-2
allowed=1-2
current_cpu=  2
current_cpu=  1
host=frontier07306
host=frontier02196
allowed=1-2
allowed=1-2
current_cpu=  2
current_cpu=  2
allowed=1-2
host=frontier07449
current_cpu=  2
allowed=1-2
current_cpu=  1
allowed=1-2
current_cpu=  1
host=frontier07939
allowed=1-2
host=frontier08336
current_cpu=  2
allowed=1-2
current_cpu=  1
current_cpu=  2
host=frontier10136
allowed=1-2
allowed=1-2
current_cpu=  1
current_cpu=  2
host=frontier05893
allowed=1-2
host=frontier00410
current_cpu=  2
allowed=1-2
current_cpu=  2
host=frontier01282
allowed=1-2
host=frontier07696
current_cpu=  1
allowed=1-2
current_cpu=  1
current_cpu=  1
host=frontier03216
current_cpu=  1
allowed=1-2
host=frontier02197
current_cpu=  1
allowed=1-2
current_cpu=  1
host=frontier03848
allowed=1-2
host=frontier02826
current_cpu=  1
allowed=1-2
current_cpu=  2
current_cpu=  2
host=frontier00411
host=frontier07064
allowed=1-2
allowed=1-2
current_cpu=  2
current_cpu=  1
current_cpu=  1
current_cpu=  2
current_cpu=  1
host=frontier08963
allowed=1-2
current_cpu=  1
current_cpu=  1
host=frontier02584
allowed=1-2
current_cpu=  1
current_cpu=  2
host=frontier07308
allowed=1-2
host=frontier01669
current_cpu=  1
allowed=1-2
current_cpu=  1
current_cpu=  2
host=frontier06673
allowed=1-2
allowed=1-2
current_cpu=  1
current_cpu=  2
host=frontier08964
allowed=1-2
current_cpu=  2
current_cpu=  2
host=frontier03460
allowed=1-2
allowed=1-2
current_cpu=  2
current_cpu=  1
current_cpu=  1
host=frontier05262
allowed=1-2
host=frontier04873
current_cpu=  2
allowed=1-2
current_cpu=  2
allowed=1-2
current_cpu=  2
host=frontier07553
allowed=1-2
host=frontier01813
current_cpu=  2
allowed=1-2
current_cpu=  1
allowed=1-2
current_cpu=  2
current_cpu=  1
host=frontier01427
host=frontier06286
allowed=1-2
allowed=1-2
current_cpu=  1
current_cpu=  2
host=frontier04628
current_cpu=  2
allowed=1-2
host=frontier06530
current_cpu=  2
allowed=1-2
current_cpu=  1
host=frontier02056
allowed=1-2
allowed=1-2
current_cpu=  2
current_cpu=  2
host=frontier07066
host=frontier03994
allowed=1-2
allowed=1-2
current_cpu=  2
current_cpu=  1
host=frontier02199
host=frontier00898
allowed=1-2
allowed=1-2
current_cpu=  2
current_cpu=  2
host=frontier02200
allowed=1-2
allowed=1-2
current_cpu=  1
current_cpu=  2
host=frontier09110
allowed=1-2
host=frontier07310
current_cpu=  1
allowed=1-2
current_cpu=  1
allowed=1-2
current_cpu=  1
allowed=1-2
current_cpu=  2
host=frontier03073
allowed=1-2
host=frontier00271
current_cpu=  1
allowed=1-2
current_cpu=  1
host=frontier03219
allowed=1-2
host=frontier08723
current_cpu=  2
allowed=1-2
current_cpu=  1
host=frontier00031
allowed=1-2
host=frontier04240
current_cpu=  2
allowed=1-2
current_cpu=  1
allowed=1-2
current_cpu=  2
current_cpu=  1
host=frontier08966
host=frontier01815
allowed=1-2
allowed=1-2
current_cpu=  1
current_cpu=  1
current_cpu=  1
allowed=1-2
current_cpu=  2
host=frontier02830
allowed=1-2
allowed=1-2
current_cpu=  2
current_cpu=  2
host=frontier08341
host=frontier07068
allowed=1-2
allowed=1-2
current_cpu=  2
current_cpu=  1
host=frontier07944
current_cpu=  2
allowed=1-2
host=frontier08724
current_cpu=  1
allowed=1-2
current_cpu=  1
host=frontier03463
allowed=1-2
host=frontier08578
current_cpu=  1
allowed=1-2
current_cpu=  1
host=frontier07311
allowed=1-2
host=frontier03074
current_cpu=  1
allowed=1-2
current_cpu=  1
host=frontier04630
allowed=1-2
host=frontier08725
current_cpu=  1
allowed=1-2
current_cpu=  2
host=frontier09357
allowed=1-2
host=frontier02831
current_cpu=  2
allowed=1-2
current_cpu=  2
current_cpu=  1
current_cpu=  1
current_cpu=  1
host=frontier01287
host=frontier06678
allowed=1-2
allowed=1-2
current_cpu=  1
current_cpu=  2
host=frontier08342
allowed=1-2
allowed=1-2
current_cpu=  1
current_cpu=  2
host=frontier07701
allowed=1-2
host=frontier00658
current_cpu=  2
allowed=1-2
current_cpu=  1
host=frontier05121
allowed=1-2
host=frontier02624
current_cpu=  2
allowed=1-2
current_cpu=  1
host=frontier04631
allowed=1-2
allowed=1-2
current_cpu=  1
current_cpu=  1
allowed=1-2
host=frontier04878
current_cpu=  1
allowed=1-2
current_cpu=  2
current_cpu=  2
current_cpu=  2
host=frontier07313
allowed=1-2
allowed=1-2
current_cpu=  2
current_cpu=  1
allowed=1-2
host=frontier00659
current_cpu=  2
allowed=1-2
current_cpu=  2
host=frontier05659
allowed=1-2
allowed=1-2
current_cpu=  1
current_cpu=  2
allowed=1-2
host=frontier05267
current_cpu=  2
allowed=1-2
current_cpu=  1
host=frontier03076
allowed=1-2
host=frontier07946
current_cpu=  2
allowed=1-2
current_cpu=  2
current_cpu=  2
host=frontier09114
current_cpu=  1
allowed=1-2
host=frontier02833
current_cpu=  2
allowed=1-2
current_cpu=  1
allowed=1-2
current_cpu=  1
host=frontier07703
allowed=1-2
host=frontier01289
current_cpu=  2
allowed=1-2
current_cpu=  1
host=frontier06535
allowed=1-2
host=frontier03855
current_cpu=  2
allowed=1-2
current_cpu=  2
host=frontier00903
allowed=1-2
host=frontier06680
current_cpu=  1
allowed=1-2
current_cpu=  1
host=frontier03610
allowed=1-2
host=frontier05123
current_cpu=  2
allowed=1-2
current_cpu=  2
host=frontier03466
allowed=1-2
current_cpu=  1
current_cpu=  2
host=frontier03077
allowed=1-2
host=frontier07560
current_cpu=  2
allowed=1-2
current_cpu=  2
current_cpu=  1
host=frontier04880
host=frontier08728
allowed=1-2
allowed=1-2
current_cpu=  1
current_cpu=  2
host=frontier01819
host=frontier02834
allowed=1-2
allowed=1-2
current_cpu=  2
current_cpu=  2
host=frontier01433
host=frontier00904
allowed=1-2
allowed=1-2
current_cpu=  2
current_cpu=  1
allowed=1-2
host=frontier06926
current_cpu=  1
allowed=1-2
current_cpu=  1
host=frontier05514
allowed=1-2
host=frontier01290
current_cpu=  1
allowed=1-2
current_cpu=  2
host=frontier03611
allowed=1-2
host=frontier06536
current_cpu=  1
allowed=1-2
current_cpu=  2
host=frontier00519
allowed=1-2
host=frontier06927
current_cpu=  2
allowed=1-2
current_cpu=  2
current_cpu=  2
host=frontier08972
host=frontier04635
allowed=1-2
allowed=1-2
current_cpu=  2
current_cpu=  1
allowed=1-2
host=frontier00520
current_cpu=  1
allowed=1-2
current_cpu=  1
host=frontier04491
allowed=1-2
allowed=1-2
current_cpu=  2
current_cpu=  2
host=frontier01434
host=frontier05125
allowed=1-2
allowed=1-2
current_cpu=  2
current_cpu=  2
host=frontier06537
host=frontier07561
allowed=1-2
allowed=1-2
current_cpu=  2
current_cpu=  1
host=frontier08346
current_cpu=  1
allowed=1-2
host=frontier08583
current_cpu=  2
allowed=1-2
current_cpu=  2
current_cpu=  1
allowed=1-2
current_cpu=  2
current_cpu=  1
host=frontier03858
allowed=1-2
host=frontier01435
current_cpu=  1
allowed=1-2
current_cpu=  1
host=frontier05663
allowed=1-2
host=frontier07317
current_cpu=  2
allowed=1-2
current_cpu=  1
host=frontier07950
allowed=1-2
host=frontier08195
current_cpu=  2
allowed=1-2
current_cpu=  2
host=frontier04103
allowed=1-2
allowed=1-2
current_cpu=  1
current_cpu=  1
current_cpu=  1
host=frontier06683
allowed=1-2
allowed=1-2
current_cpu=  2
current_cpu=  2
current_cpu=  2
current_cpu=  1
current_cpu=  1
host=frontier07318
allowed=1-2
current_cpu=  1
current_cpu=  2
host=frontier06151
allowed=1-2
allowed=1-2
current_cpu=  2
current_cpu=  1
host=frontier00907
host=frontier00279
allowed=1-2
allowed=1-2
current_cpu=  1
current_cpu=  1
host=frontier00135
host=frontier07173
allowed=1-2
allowed=1-2
current_cpu=  1
current_cpu=  2
host=frontier02308
host=frontier04883
allowed=1-2
allowed=1-2
current_cpu=  1
current_cpu=  2
host=frontier00522
host=frontier08196
allowed=1-2
allowed=1-2
current_cpu=  2
current_cpu=  2
host=frontier06684
allowed=1-2
allowed=1-2
current_cpu=  2
current_cpu=  1
current_cpu=  2
allowed=1-2
host=frontier04884
current_cpu=  2
allowed=1-2
current_cpu=  1
current_cpu=  1
host=frontier08975
allowed=1-2
allowed=1-2
current_cpu=  2
current_cpu=  1
host=frontier02309
allowed=1-2
host=frontier03082
current_cpu=  1
allowed=1-2
current_cpu=  2
host=frontier05762
allowed=1-2
host=frontier06785
current_cpu=  2
allowed=1-2
current_cpu=  2
current_cpu=  1
host=frontier05129
host=frontier09364
allowed=1-2
allowed=1-2
current_cpu=  1
current_cpu=  1
host=frontier01294
host=frontier09221
allowed=1-2
allowed=1-2
current_cpu=  1
current_cpu=  2
host=frontier05130
host=frontier01924
allowed=1-2
allowed=1-2
current_cpu=  2
current_cpu=  2
allowed=1-2
host=frontier01538
current_cpu=  1
allowed=1-2
current_cpu=  2
current_cpu=  2
current_cpu=  2
current_cpu=  1
host=frontier04495
host=frontier08976
allowed=1-2
allowed=1-2
current_cpu=  2
current_cpu=  1
allowed=1-2
host=frontier07809
current_cpu=  2
allowed=1-2
current_cpu=  2
host=frontier08734
allowed=1-2
host=frontier07565
current_cpu=  2
allowed=1-2
current_cpu=  2
current_cpu=  2
host=frontier09366
current_cpu=  1
allowed=1-2
host=frontier06154
current_cpu=  2
allowed=1-2
current_cpu=  2
host=frontier02697
allowed=1-2
host=frontier08833
current_cpu=  2
allowed=1-2
current_cpu=  1
host=frontier06934
allowed=1-2
host=frontier05522
current_cpu=  1
allowed=1-2
current_cpu=  1
host=frontier00667
allowed=1-2
allowed=1-2
current_cpu=  1
current_cpu=  2
host=frontier05911
host=frontier04496
allowed=1-2
allowed=1-2
current_cpu=  1
current_cpu=  1
host=frontier03329
host=frontier07176
allowed=1-2
allowed=1-2
current_cpu=  2
current_cpu=  1
host=frontier07321
allowed=1-2
allowed=1-2
current_cpu=  2
current_cpu=  2
allowed=1-2
current_cpu=  1
allowed=1-2
current_cpu=  1
host=frontier07811
allowed=1-2
current_cpu=  2
current_cpu=  2
host=frontier04108
allowed=1-2
host=frontier07178
current_cpu=  1
allowed=1-2
current_cpu=  1
allowed=1-2
current_cpu=  2
current_cpu=  2
host=frontier00911
host=frontier03474
allowed=1-2
allowed=1-2
current_cpu=  2
current_cpu=  2
host=frontier00139
host=frontier07322
allowed=1-2
allowed=1-2
current_cpu=  1
current_cpu=  2
current_cpu=  1
host=frontier05912
allowed=1-2
host=frontier04353
current_cpu=  1
allowed=1-2
current_cpu=  1
current_cpu=  2
host=frontier00140
current_cpu=  1
allowed=1-2
allowed=1-2
current_cpu=  2
current_cpu=  2
host=frontier02842
allowed=1-2
allowed=1-2
current_cpu=  1
current_cpu=  1
host=frontier09368
allowed=1-2
allowed=1-2
current_cpu=  1
current_cpu=  1
host=frontier08353
current_cpu=  1
allowed=1-2
host=frontier07323
current_cpu=  1
allowed=1-2
current_cpu=  2
host=frontier07957
allowed=1-2
host=frontier06936
current_cpu=  1
allowed=1-2
current_cpu=  2
host=frontier08590
allowed=1-2
host=frontier09224
current_cpu=  1
allowed=1-2
current_cpu=  2
current_cpu=  2
host=frontier00141
host=frontier08202
allowed=1-2
allowed=1-2
current_cpu=  2
current_cpu=  2
host=frontier00310
host=frontier01156
allowed=1-2
allowed=1-2
current_cpu=  1
current_cpu=  2
host=frontier01299
allowed=1-2
allowed=1-2
current_cpu=  1
current_cpu=  2
host=frontier05767
allowed=1-2
host=frontier07569
current_cpu=  2
allowed=1-2
current_cpu=  2
current_cpu=  1
allowed=1-2
host=frontier06157
current_cpu=  1
allowed=1-2
current_cpu=  1
host=frontier00913
allowed=1-2
current_cpu=  2
current_cpu=  1
current_cpu=  2
current_cpu=  1
host=frontier01543
allowed=1-2
host=frontier05380
current_cpu=  2
allowed=1-2
current_cpu=  1
host=frontier08592
allowed=1-2
host=frontier07814
current_cpu=  2
allowed=1-2
current_cpu=  2
host=frontier02871
allowed=1-2
host=frontier08981
current_cpu=  1
allowed=1-2
current_cpu=  1
host=frontier08355
allowed=1-2
host=frontier01686
current_cpu=  1
allowed=1-2
current_cpu=  1
host=frontier00914
allowed=1-2
allowed=1-2
current_cpu=  2
current_cpu=  2
host=frontier06158
host=frontier08838
allowed=1-2
allowed=1-2
current_cpu=  2
current_cpu=  2
allowed=1-2
current_cpu=  1
current_cpu=  2
current_cpu=  1
current_cpu=  1
host=frontier07960
allowed=1-2
host=frontier04501
current_cpu=  1
allowed=1-2
current_cpu=  1
host=frontier07182
allowed=1-2
host=frontier01687
current_cpu=  1
allowed=1-2
current_cpu=  1
host=frontier06792
allowed=1-2
allowed=1-2
current_cpu=  1
current_cpu=  2
current_cpu=  1
current_cpu=  1
allowed=1-2
allowed=1-2
current_cpu=  1
current_cpu=  1
host=frontier02702
host=frontier07426
allowed=1-2
allowed=1-2
current_cpu=  2
current_cpu=  1
current_cpu=  1
host=frontier07183
allowed=1-2
host=frontier03724
current_cpu=  2
allowed=1-2
current_cpu=  1
host=frontier06404
allowed=1-2
host=frontier06160
current_cpu=  2
allowed=1-2
current_cpu=  1
host=frontier04892
allowed=1-2
host=frontier01688
current_cpu=  2
allowed=1-2
current_cpu=  1
allowed=1-2
current_cpu=  2
host=frontier02946
allowed=1-2
allowed=1-2
current_cpu=  1
current_cpu=  2
allowed=1-2
host=frontier00916
current_cpu=  1
allowed=1-2
current_cpu=  1
host=frontier08594
allowed=1-2
allowed=1-2
current_cpu=  2
current_cpu=  1
host=frontier04747
host=frontier03090
allowed=1-2
allowed=1-2
current_cpu=  1
current_cpu=  2
host=frontier08984
allowed=1-2
allowed=1-2
current_cpu=  2
current_cpu=  1
allowed=1-2
current_cpu=  1
host=frontier10115
allowed=1-2
host=frontier03091
current_cpu=  1
allowed=1-2
current_cpu=  1
host=frontier08841
allowed=1-2
host=frontier04114
current_cpu=  2
allowed=1-2
current_cpu=  2
host=frontier02947
allowed=1-2
allowed=1-2
current_cpu=  1
current_cpu=  2
allowed=1-2
allowed=1-2
current_cpu=  2
current_cpu=  2
host=frontier04359
host=frontier00145
allowed=1-2
allowed=1-2
current_cpu=  2
current_cpu=  2
host=frontier00532
host=frontier03970
allowed=1-2
allowed=1-2
current_cpu=  2
current_cpu=  2
host=frontier07429
host=frontier08842
allowed=1-2
allowed=1-2
current_cpu=  2
current_cpu=  1
allowed=1-2
host=frontier07185
current_cpu=  1
allowed=1-2
current_cpu=  1
host=frontier02319
allowed=1-2
allowed=1-2
current_cpu=  1
current_cpu=  1
host=frontier07818
host=frontier03971
allowed=1-2
allowed=1-2
current_cpu=  2
current_cpu=  1
allowed=1-2
allowed=1-2
current_cpu=  2
current_cpu=  2
host=frontier07574
host=frontier08596
allowed=1-2
allowed=1-2
current_cpu=  1
current_cpu=  1
host=frontier04996
host=frontier01161
allowed=1-2
allowed=1-2
current_cpu=  2
current_cpu=  1
host=frontier02705
allowed=1-2
allowed=1-2
current_cpu=  2
current_cpu=  2
host=frontier02320
allowed=1-2
host=frontier03095
current_cpu=  1
allowed=1-2
current_cpu=  1
allowed=1-2
current_cpu=  1
host=frontier04750
allowed=1-2
host=frontier03972
current_cpu=  2
allowed=1-2
current_cpu=  2
host=frontier06796
allowed=1-2
host=frontier07819
current_cpu=  2
allowed=1-2
current_cpu=  2
allowed=1-2
current_cpu=  2
host=frontier06018
allowed=1-2
allowed=1-2
current_cpu=  1
current_cpu=  1
host=frontier05386
host=frontier04361
allowed=1-2
allowed=1-2
current_cpu=  2
current_cpu=  2
allowed=1-2
host=frontier05774
current_cpu=  1
allowed=1-2
current_cpu=  1
host=frontier00920
allowed=1-2
host=frontier03339
current_cpu=  2
allowed=1-2
current_cpu=  2
host=frontier05145
allowed=1-2
host=frontier03483
current_cpu=  1
allowed=1-2
current_cpu=  1
host=frontier08598
allowed=1-2
host=frontier00391
current_cpu=  1
allowed=1-2
current_cpu=  1
allowed=1-2
current_cpu=  2
allowed=1-2
current_cpu=  2
host=frontier03728
allowed=1-2
allowed=1-2
current_cpu=  2
current_cpu=  1
host=frontier06797
allowed=1-2
allowed=1-2
current_cpu=  1
current_cpu=  2
host=frontier02321
allowed=1-2
host=frontier07187
current_cpu=  2
allowed=1-2
current_cpu=  1
host=frontier07042
allowed=1-2
allowed=1-2
current_cpu=  2
current_cpu=  1
host=frontier08599
host=frontier05146
allowed=1-2
allowed=1-2
current_cpu=  1
current_cpu=  2
host=frontier09234
host=frontier00922
allowed=1-2
allowed=1-2
current_cpu=  2
current_cpu=  1
host=frontier05001
allowed=1-2
allowed=1-2
current_cpu=  2
current_cpu=  1
host=frontier07822
allowed=1-2
allowed=1-2
current_cpu=  2
current_cpu=  1
allowed=1-2
host=frontier03098
current_cpu=  2
allowed=1-2
current_cpu=  2
host=frontier02566
allowed=1-2
host=frontier04753
current_cpu=  2
allowed=1-2
current_cpu=  2
allowed=1-2
current_cpu=  2
allowed=1-2
current_cpu=  1
host=frontier08456
allowed=1-2
allowed=1-2
current_cpu=  1
current_cpu=  2
host=frontier09090
host=frontier06800
allowed=1-2
allowed=1-2
current_cpu=  2
current_cpu=  1
allowed=1-2
allowed=1-2
current_cpu=  1
current_cpu=  1
host=frontier00923
allowed=1-2
allowed=1-2
current_cpu=  2
current_cpu=  2
host=frontier08214
allowed=1-2
host=frontier08847
current_cpu=  1
allowed=1-2
current_cpu=  1
allowed=1-2
current_cpu=  1
allowed=1-2
current_cpu=  2
host=frontier06023
allowed=1-2
host=frontier01938
current_cpu=  1
allowed=1-2
current_cpu=  1
host=frontier07190
allowed=1-2
host=frontier06167
current_cpu=  1
allowed=1-2
current_cpu=  2
host=frontier08601
allowed=1-2
allowed=1-2
current_cpu=  1
current_cpu=  2
allowed=1-2
host=frontier03732
current_cpu=  1
allowed=1-2
current_cpu=  1
host=frontier08069
allowed=1-2
host=frontier03100
current_cpu=  1
allowed=1-2
current_cpu=  1
host=frontier09236
allowed=1-2
allowed=1-2
current_cpu=  2
current_cpu=  1
host=frontier00152
host=frontier06168
allowed=1-2
allowed=1-2
current_cpu=  2
current_cpu=  2
host=frontier07618
allowed=1-2
allowed=1-2
current_cpu=  2
current_cpu=  2
host=frontier09092
allowed=1-2
allowed=1-2
current_cpu=  2
current_cpu=  1
host=frontier03977
host=frontier01939
allowed=1-2
allowed=1-2
current_cpu=  2
current_cpu=  1
host=frontier00924
host=frontier02712
allowed=1-2
allowed=1-2
current_cpu=  2
current_cpu=  1
host=frontier09093
host=frontier05636
allowed=1-2
allowed=1-2
current_cpu=  1
current_cpu=  1
host=frontier06802
allowed=1-2
allowed=1-2
current_cpu=  2
current_cpu=  1
allowed=1-2
current_cpu=  1
allowed=1-2
current_cpu=  1
host=frontier02569
allowed=1-2
allowed=1-2
current_cpu=  2
current_cpu=  2
host=frontier05392
host=frontier07049
allowed=1-2
allowed=1-2
current_cpu=  1
current_cpu=  2
allowed=1-2
host=frontier08626
current_cpu=  2
allowed=1-2
current_cpu=  2
allowed=1-2
current_cpu=  1
allowed=1-2
current_cpu=  1
host=frontier07193
allowed=1-2
allowed=1-2
current_cpu=  2
current_cpu=  2
host=frontier07437
allowed=1-2
allowed=1-2
current_cpu=  2
current_cpu=  1
host=frontier01169
allowed=1-2
host=frontier10124
current_cpu=  1
allowed=1-2
current_cpu=  1
allowed=1-2
current_cpu=  1
allowed=1-2
current_cpu=  1
host=frontier02570
allowed=1-2
allowed=1-2
current_cpu=  2
current_cpu=  1
allowed=1-2
host=frontier09094
current_cpu=  1
allowed=1-2
current_cpu=  2
allowed=1-2
current_cpu=  2
host=frontier07050
allowed=1-2
allowed=1-2
current_cpu=  2
current_cpu=  1
host=frontier00155
host=frontier00641
allowed=1-2
allowed=1-2
current_cpu=  1
current_cpu=  1
host=frontier05153
host=frontier08706
allowed=1-2
allowed=1-2
current_cpu=  1
current_cpu=  1
allowed=1-2
host=frontier08218
current_cpu=  2
allowed=1-2
current_cpu=  1
host=frontier02957
allowed=1-2
host=frontier06171
current_cpu=  2
allowed=1-2
current_cpu=  2
host=frontier05395
allowed=1-2
host=frontier02714
current_cpu=  2
allowed=1-2
current_cpu=  2
allowed=1-2
current_cpu=  1
host=frontier05638
allowed=1-2
allowed=1-2
current_cpu=  2
current_cpu=  1
host=frontier10125
allowed=1-2
allowed=1-2
current_cpu=  1
current_cpu=  1
host=frontier00186
allowed=1-2
allowed=1-2
current_cpu=  1
current_cpu=  2
allowed=1-2
host=frontier04370
current_cpu=  1
allowed=1-2
current_cpu=  2
allowed=1-2
current_cpu=  2
host=frontier01943
allowed=1-2
host=frontier03347
current_cpu=  1
allowed=1-2
current_cpu=  2
host=frontier05011
allowed=1-2
host=frontier00785
current_cpu=  1
allowed=1-2
current_cpu=  2
allowed=1-2
current_cpu=  2
allowed=1-2
current_cpu=  2
host=frontier06805
allowed=1-2
host=frontier04226
current_cpu=  1
allowed=1-2
current_cpu=  2
host=frontier10126
allowed=1-2
allowed=1-2
current_cpu=  1
current_cpu=  1
host=frontier05786
host=frontier08220
allowed=1-2
allowed=1-2
current_cpu=  2
current_cpu=  2
allowed=1-2
host=frontier03348
current_cpu=  1
allowed=1-2
current_cpu=  1
allowed=1-2
current_cpu=  2
allowed=1-2
current_cpu=  2
host=frontier04616
allowed=1-2
allowed=1-2
current_cpu=  2
current_cpu=  1
allowed=1-2
host=frontier06273
current_cpu=  2
allowed=1-2
current_cpu=  1
host=frontier03737
allowed=1-2
host=frontier02743
current_cpu=  1
allowed=1-2
current_cpu=  2
allowed=1-2
current_cpu=  2
host=frontier01415
allowed=1-2
host=frontier00401
current_cpu=  1
allowed=1-2
current_cpu=  2
host=frontier04228
allowed=1-2
allowed=1-2
current_cpu=  1
current_cpu=  1
host=frontier09242
host=frontier01416
allowed=1-2
allowed=1-2
current_cpu=  1
current_cpu=  1
host=frontier05013
host=frontier00402
allowed=1-2
allowed=1-2
current_cpu=  2
current_cpu=  1
allowed=1-2
host=frontier05641
current_cpu=  1
allowed=1-2
current_cpu=  2
host=frontier07687
allowed=1-2
host=frontier03983
current_cpu=  2
allowed=1-2
current_cpu=  1
host=frontier01559
allowed=1-2
host=frontier04372
current_cpu=  2
allowed=1-2
current_cpu=  2
host=frontier05398
allowed=1-2
allowed=1-2
current_cpu=  1
current_cpu=  1
allowed=1-2
allowed=1-2
current_cpu=  2
current_cpu=  1
allowed=1-2
host=frontier02361
current_cpu=  1
allowed=1-2
current_cpu=  1
host=frontier04618
allowed=1-2
allowed=1-2
current_cpu=  2
current_cpu=  1
allowed=1-2
allowed=1-2
current_cpu=  2
current_cpu=  1
allowed=1-2
allowed=1-2
current_cpu=  2
current_cpu=  1
host=frontier06032
allowed=1-2
allowed=1-2
current_cpu=  2
current_cpu=  2
allowed=1-2
current_cpu=  2
allowed=1-2
current_cpu=  2
host=frontier05399
allowed=1-2
host=frontier05788
current_cpu=  2
allowed=1-2
current_cpu=  2
allowed=1-2
current_cpu=  2
host=frontier05253
allowed=1-2
host=frontier00646
current_cpu=  1
allowed=1-2
current_cpu=  1
host=frontier08856
allowed=1-2
allowed=1-2
current_cpu=  1
current_cpu=  2
host=frontier00404
host=frontier09100
allowed=1-2
allowed=1-2
current_cpu=  2
current_cpu=  1
host=frontier01032
host=frontier10130
allowed=1-2
allowed=1-2
current_cpu=  2
current_cpu=  1
allowed=1-2
host=frontier07299
current_cpu=  1
allowed=1-2
current_cpu=  2
host=frontier05789
allowed=1-2
allowed=1-2
current_cpu=  2
current_cpu=  2
host=frontier04763
host=frontier02576
allowed=1-2
allowed=1-2
current_cpu=  1
current_cpu=  1
host=frontier05016
allowed=1-2
allowed=1-2
current_cpu=  1
current_cpu=  2
allowed=1-2
current_cpu=  2
host=frontier02577
allowed=1-2
allowed=1-2
current_cpu=  2
current_cpu=  1
host=frontier08713
host=frontier01033
allowed=1-2
allowed=1-2
current_cpu=  1
current_cpu=  2
host=frontier01419
host=frontier08078
allowed=1-2
allowed=1-2
current_cpu=  2
current_cpu=  1
host=frontier06666
host=frontier04620
allowed=1-2
allowed=1-2
current_cpu=  2
current_cpu=  2
host=frontier04865
host=frontier07690
allowed=1-2
allowed=1-2
current_cpu=  2
current_cpu=  1
host=frontier05254
allowed=1-2
allowed=1-2
current_cpu=  1
current_cpu=  2
host=frontier01034
allowed=1-2
host=frontier00262
current_cpu=  1
allowed=1-2
current_cpu=  1
host=frontier03987
allowed=1-2
host=frontier02192
current_cpu=  2
allowed=1-2
current_cpu=  2
host=frontier03843
allowed=1-2
host=frontier06811
current_cpu=  1
allowed=1-2
current_cpu=  2
allowed=1-2
current_cpu=  2
allowed=1-2
current_cpu=  2
allowed=1-2
current_cpu=  1
allowed=1-2
current_cpu=  2
allowed=1-2
current_cpu=  2
allowed=1-2
current_cpu=  1
allowed=1-2
current_cpu=  1
host=frontier00023
allowed=1-2
host=frontier02821
current_cpu=  1
allowed=1-2
current_cpu=  2
host=frontier06424
allowed=1-2
host=frontier01807
current_cpu=  2
allowed=1-2
current_cpu=  1
host=frontier03354
allowed=1-2
host=frontier06913
current_cpu=  2
allowed=1-2
current_cpu=  2
host=frontier08715
allowed=1-2
allowed=1-2
current_cpu=  2
current_cpu=  1
allowed=1-2
allowed=1-2
current_cpu=  1
current_cpu=  2
host=frontier04622
host=frontier05256
allowed=1-2
allowed=1-2
current_cpu=  2
current_cpu=  1
host=frontier05647
allowed=1-2
allowed=1-2
current_cpu=  2
current_cpu=  1
host=frontier01599
allowed=1-2
host=frontier01421
current_cpu=  2
allowed=1-2
current_cpu=  1
host=frontier04377
allowed=1-2
host=frontier01422
current_cpu=  1
allowed=1-2
current_cpu=  2
host=frontier00408
allowed=1-2
host=frontier09104
current_cpu=  2
allowed=1-2
current_cpu=  2
allowed=1-2
current_cpu=  1
allowed=1-2
current_cpu=  1
host=frontier03211
allowed=1-2
host=frontier06281
current_cpu=  1
allowed=1-2
current_cpu=  1
host=frontier00650
allowed=1-2
host=frontier05648
current_cpu=  2
allowed=1-2
current_cpu=  1
allowed=1-2
current_cpu=  2
host=frontier03845
allowed=1-2
allowed=1-2
current_cpu=  1
current_cpu=  1
host=frontier02051
host=frontier02580
allowed=1-2
allowed=1-2
current_cpu=  2
current_cpu=  1
host=frontier01179
host=frontier08961
allowed=1-2
allowed=1-2
current_cpu=  2
current_cpu=  2
allowed=1-2
allowed=1-2
current_cpu=  1
current_cpu=  1
host=frontier01037
host=frontier06282
allowed=1-2
allowed=1-2
current_cpu=  1
current_cpu=  2
host=frontier06426
host=frontier02438
allowed=1-2
allowed=1-2
current_cpu=  1
current_cpu=  1
allowed=1-2
host=frontier00265
current_cpu=  1
allowed=1-2
current_cpu=  1
allowed=1-2
current_cpu=  2
host=frontier04870
allowed=1-2
host=frontier05407
current_cpu=  2
allowed=1-2
current_cpu=  1
host=frontier01211
allowed=1-2
host=frontier00794
current_cpu=  1
allowed=1-2
current_cpu=  2
host=frontier03457
allowed=1-2
host=frontier01281
current_cpu=  2
allowed=1-2
current_cpu=  1
host=frontier03458
allowed=1-2
host=frontier08962
current_cpu=  1
allowed=1-2
current_cpu=  2
allowed=1-2
current_cpu=  1
host=frontier09351
allowed=1-2
allowed=1-2
current_cpu=  1
current_cpu=  1
host=frontier07695
allowed=1-2
allowed=1-2
current_cpu=  1
current_cpu=  2
allowed=1-2
current_cpu=  1
allowed=1-2
current_cpu=  1
host=frontier04481
allowed=1-2
host=frontier03215
current_cpu=  2
allowed=1-2
current_cpu=  1
host=frontier05408
allowed=1-2
host=frontier00266
current_cpu=  2
allowed=1-2
current_cpu=  2
host=frontier01424
allowed=1-2
allowed=1-2
current_cpu=  2
current_cpu=  2
allowed=1-2
host=frontier08473
current_cpu=  2
allowed=1-2
current_cpu=  2
host=frontier05022
allowed=1-2
allowed=1-2
current_cpu=  2
current_cpu=  2
allowed=1-2
host=frontier05261
current_cpu=  1
allowed=1-2
current_cpu=  2
allowed=1-2
current_cpu=  1
allowed=1-2
current_cpu=  1
host=frontier03992
allowed=1-2
host=frontier08337
current_cpu=  1
allowed=1-2
current_cpu=  1
allowed=1-2
current_cpu=  2
host=frontier03459
allowed=1-2
allowed=1-2
current_cpu=  1
current_cpu=  2
host=frontier00834
host=frontier02441
allowed=1-2
allowed=1-2
current_cpu=  2
current_cpu=  2
host=frontier09108
host=frontier04627
allowed=1-2
allowed=1-2
current_cpu=  2
current_cpu=  2
host=frontier03604
host=frontier05023
allowed=1-2
allowed=1-2
current_cpu=  1
current_cpu=  1
allowed=1-2
host=frontier08474
current_cpu=  1
allowed=1-2
current_cpu=  2
allowed=1-2
current_cpu=  1
host=frontier09353
allowed=1-2
host=frontier00412
current_cpu=  2
allowed=1-2
current_cpu=  1
host=frontier05895
allowed=1-2
host=frontier06529
current_cpu=  2
allowed=1-2
current_cpu=  2
host=frontier04238
allowed=1-2
host=frontier08086
current_cpu=  2
allowed=1-2
current_cpu=  2
allowed=1-2
current_cpu=  1
host=frontier08339
allowed=1-2
host=frontier07309
current_cpu=  2
allowed=1-2
current_cpu=  2
host=frontier02442
allowed=1-2
host=frontier07698
current_cpu=  2
allowed=1-2
current_cpu=  1
allowed=1-2
current_cpu=  1
host=frontier04874
allowed=1-2
allowed=1-2
current_cpu=  1
current_cpu=  1
allowed=1-2
host=frontier05653
current_cpu=  1
allowed=1-2
current_cpu=  2
host=frontier06919
allowed=1-2
host=frontier08965
current_cpu=  2
allowed=1-2
current_cpu=  1
allowed=1-2
current_cpu=  1
host=frontier04484
allowed=1-2
host=frontier00443
current_cpu=  1
allowed=1-2
current_cpu=  1
allowed=1-2
current_cpu=  2
allowed=1-2
current_cpu=  2
host=frontier00513
allowed=1-2
allowed=1-2
current_cpu=  1
current_cpu=  1
host=frontier07943
host=frontier08577
allowed=1-2
allowed=1-2
current_cpu=  2
current_cpu=  2
host=frontier06531
host=frontier05654
allowed=1-2
allowed=1-2
current_cpu=  1
current_cpu=  1
host=frontier03462
allowed=1-2
allowed=1-2
current_cpu=  2
current_cpu=  1
host=frontier06045
allowed=1-2
allowed=1-2
current_cpu=  2
current_cpu=  1
allowed=1-2
host=frontier05025
current_cpu=  2
allowed=1-2
current_cpu=  1
host=frontier05264
allowed=1-2
host=frontier00899
current_cpu=  1
allowed=1-2
current_cpu=  2
host=frontier00900
allowed=1-2
allowed=1-2
current_cpu=  2
current_cpu=  1
host=frontier00515
host=frontier07700
allowed=1-2
allowed=1-2
current_cpu=  1
current_cpu=  2
allowed=1-2
host=frontier01043
current_cpu=  1
allowed=1-2
current_cpu=  2
host=frontier05026
allowed=1-2
host=frontier04486
current_cpu=  1
allowed=1-2
current_cpu=  2
host=frontier00657
allowed=1-2
host=frontier00272
current_cpu=  1
allowed=1-2
current_cpu=  2
host=frontier01286
allowed=1-2
host=frontier04241
current_cpu=  1
allowed=1-2
current_cpu=  2
host=frontier00032
allowed=1-2
host=frontier07556
current_cpu=  2
allowed=1-2
current_cpu=  2
allowed=1-2
current_cpu=  2
host=frontier08090
allowed=1-2
host=frontier01430
current_cpu=  1
allowed=1-2
current_cpu=  1
host=frontier03221
allowed=1-2
allowed=1-2
current_cpu=  1
current_cpu=  1
allowed=1-2
host=frontier01816
current_cpu=  2
allowed=1-2
current_cpu=  2
host=frontier02202
allowed=1-2
allowed=1-2
current_cpu=  1
current_cpu=  1
host=frontier07312
host=frontier05900
allowed=1-2
allowed=1-2
current_cpu=  1
current_cpu=  2
host=frontier04877
allowed=1-2
allowed=1-2
current_cpu=  2
current_cpu=  1
host=frontier08579
allowed=1-2
host=frontier00516
current_cpu=  1
allowed=1-2
current_cpu=  2
host=frontier04487
allowed=1-2
host=frontier08969
current_cpu=  1
allowed=1-2
current_cpu=  1
host=frontier01045
allowed=1-2
host=frontier05901
current_cpu=  2
allowed=1-2
current_cpu=  1
host=frontier08726
allowed=1-2
host=frontier04099
current_cpu=  2
allowed=1-2
current_cpu=  1
host=frontier07702
allowed=1-2
host=frontier07101
current_cpu=  2
allowed=1-2
current_cpu=  1
host=frontier06923
allowed=1-2
allowed=1-2
current_cpu=  1
current_cpu=  2
host=frontier08580
allowed=1-2
allowed=1-2
current_cpu=  1
current_cpu=  2
host=frontier03222
allowed=1-2
host=frontier05512
current_cpu=  2
allowed=1-2
current_cpu=  1
host=frontier01431
allowed=1-2
allowed=1-2
current_cpu=  2
current_cpu=  1
allowed=1-2
host=frontier07169
current_cpu=  2
allowed=1-2
current_cpu=  2
host=frontier08581
allowed=1-2
host=frontier07559
current_cpu=  2
allowed=1-2
current_cpu=  2
host=frontier07947
allowed=1-2
host=frontier05902
current_cpu=  2
allowed=1-2
current_cpu=  2
allowed=1-2
current_cpu=  1
host=frontier04633
allowed=1-2
host=frontier03223
current_cpu=  2
allowed=1-2
current_cpu=  2
host=frontier08118
allowed=1-2
host=frontier08344
current_cpu=  2
allowed=1-2
current_cpu=  1
host=frontier08727
allowed=1-2
allowed=1-2
current_cpu=  2
current_cpu=  2
host=frontier06146
allowed=1-2
allowed=1-2
current_cpu=  1
current_cpu=  1
host=frontier06147
allowed=1-2
host=frontier04245
current_cpu=  1
allowed=1-2
current_cpu=  1
host=frontier04490
allowed=1-2
host=frontier01676
current_cpu=  2
allowed=1-2
current_cpu=  1
host=frontier02062
allowed=1-2
host=frontier08582
current_cpu=  2
allowed=1-2
current_cpu=  2
host=frontier00661
allowed=1-2
allowed=1-2
current_cpu=  2
current_cpu=  2
allowed=1-2
host=frontier08971
current_cpu=  2
allowed=1-2
current_cpu=  2
allowed=1-2
current_cpu=  2
host=frontier08193
allowed=1-2
host=frontier04101
current_cpu=  2
allowed=1-2
current_cpu=  1
host=frontier07704
allowed=1-2
host=frontier05903
current_cpu=  1
allowed=1-2
current_cpu=  1
host=frontier04246
allowed=1-2
allowed=1-2
current_cpu=  1
current_cpu=  1
host=frontier07316
allowed=1-2
allowed=1-2
current_cpu=  2
current_cpu=  1
host=frontier03225
allowed=1-2
allowed=1-2
current_cpu=  2
current_cpu=  1
host=frontier05662
host=frontier08194
allowed=1-2
allowed=1-2
current_cpu=  1
current_cpu=  1
host=frontier07949
host=frontier03079
allowed=1-2
allowed=1-2
current_cpu=  1
current_cpu=  1
allowed=1-2
host=frontier02835
current_cpu=  1
allowed=1-2
current_cpu=  1
allowed=1-2
current_cpu=  1
host=frontier03713
allowed=1-2
host=frontier01291
current_cpu=  1
allowed=1-2
current_cpu=  1
host=frontier04492
allowed=1-2
allowed=1-2
current_cpu=  1
current_cpu=  1
host=frontier04247
allowed=1-2
allowed=1-2
current_cpu=  2
current_cpu=  2
allowed=1-2
current_cpu=  2
host=frontier00521
allowed=1-2
host=frontier07562
current_cpu=  1
allowed=1-2
current_cpu=  2
host=frontier01921
allowed=1-2
host=frontier07706
current_cpu=  2
allowed=1-2
current_cpu=  2
host=frontier08973
allowed=1-2
host=frontier00663
current_cpu=  2
allowed=1-2
current_cpu=  2
host=frontier01678
allowed=1-2
host=frontier03080
current_cpu=  1
allowed=1-2
current_cpu=  1
allowed=1-2
current_cpu=  2
host=frontier00278
allowed=1-2
host=frontier02837
current_cpu=  2
allowed=1-2
current_cpu=  2
allowed=1-2
current_cpu=  1
host=frontier05761
allowed=1-2
host=frontier05517
current_cpu=  1
allowed=1-2
current_cpu=  2
host=frontier01293
allowed=1-2
allowed=1-2
current_cpu=  1
current_cpu=  1
host=frontier03715
allowed=1-2
allowed=1-2
current_cpu=  1
current_cpu=  1
host=frontier07707
allowed=1-2
allowed=1-2
current_cpu=  1
current_cpu=  2
allowed=1-2
host=frontier06929
current_cpu=  1
allowed=1-2
current_cpu=  2
allowed=1-2
current_cpu=  1
host=frontier05906
allowed=1-2
host=frontier08732
current_cpu=  2
allowed=1-2
current_cpu=  1
host=frontier00523
allowed=1-2
host=frontier00908
current_cpu=  1
allowed=1-2
current_cpu=  1
host=frontier05520
allowed=1-2
host=frontier02452
current_cpu=  1
allowed=1-2
current_cpu=  2
allowed=1-2
current_cpu=  1
host=frontier07564
allowed=1-2
allowed=1-2
current_cpu=  2
current_cpu=  1
allowed=1-2
host=frontier07765
current_cpu=  2
allowed=1-2
current_cpu=  2
host=frontier01680
allowed=1-2
host=frontier07174
current_cpu=  1
allowed=1-2
current_cpu=  1
host=frontier01537
allowed=1-2
host=frontier03228
current_cpu=  1
allowed=1-2
current_cpu=  2
allowed=1-2
current_cpu=  1
host=frontier08733
allowed=1-2
host=frontier06153
current_cpu=  2
allowed=1-2
current_cpu=  2
host=frontier07175
allowed=1-2
host=frontier00909
current_cpu=  2
allowed=1-2
current_cpu=  2
allowed=1-2
current_cpu=  2
host=frontier03717
allowed=1-2
host=frontier02310
current_cpu=  2
allowed=1-2
current_cpu=  2
allowed=1-2
current_cpu=  1
host=frontier08198
allowed=1-2
allowed=1-2
current_cpu=  1
current_cpu=  2
host=frontier03861
host=frontier05274
allowed=1-2
allowed=1-2
current_cpu=  2
current_cpu=  1
allowed=1-2
host=frontier02839
current_cpu=  1
allowed=1-2
current_cpu=  2
allowed=1-2
current_cpu=  1
host=frontier07953
allowed=1-2
host=frontier00910
current_cpu=  1
allowed=1-2
current_cpu=  1
allowed=1-2
current_cpu=  1
host=frontier05275
allowed=1-2
allowed=1-2
current_cpu=  2
current_cpu=  1
host=frontier08588
host=frontier07955
allowed=1-2
allowed=1-2
current_cpu=  2
current_cpu=  1
allowed=1-2
host=frontier03862
current_cpu=  1
allowed=1-2
current_cpu=  2
allowed=1-2
current_cpu=  2
host=frontier00138
allowed=1-2
host=frontier08199
current_cpu=  1
allowed=1-2
current_cpu=  1
host=frontier01539
allowed=1-2
allowed=1-2
current_cpu=  2
current_cpu=  2
host=frontier04886
host=frontier07810
allowed=1-2
allowed=1-2
current_cpu=  2
current_cpu=  1
host=frontier00526
allowed=1-2
allowed=1-2
current_cpu=  1
current_cpu=  2
host=frontier08589
allowed=1-2
host=frontier08978
current_cpu=  1
allowed=1-2
current_cpu=  1
host=frontier05765
allowed=1-2
host=frontier04887
current_cpu=  1
allowed=1-2
current_cpu=  2
allowed=1-2
current_cpu=  1
host=frontier03085
allowed=1-2
allowed=1-2
current_cpu=  1
current_cpu=  1
host=frontier09367
host=frontier08200
allowed=1-2
allowed=1-2
current_cpu=  2
current_cpu=  1
host=frontier05276
host=frontier04497
allowed=1-2
allowed=1-2
current_cpu=  1
current_cpu=  2
host=frontier01154
host=frontier08352
allowed=1-2
allowed=1-2
current_cpu=  2
current_cpu=  2
allowed=1-2
host=frontier02699
current_cpu=  1
allowed=1-2
current_cpu=  2
host=frontier07568
allowed=1-2
host=frontier07179
current_cpu=  1
allowed=1-2
current_cpu=  2
host=frontier03331
allowed=1-2
host=frontier02070
current_cpu=  2
allowed=1-2
current_cpu=  1
host=frontier01541
allowed=1-2
host=frontier03720
current_cpu=  2
allowed=1-2
current_cpu=  1
host=frontier00769
allowed=1-2
allowed=1-2
current_cpu=  1
current_cpu=  2
host=frontier00527
allowed=1-2
allowed=1-2
current_cpu=  1
current_cpu=  1
allowed=1-2
current_cpu=  2
host=frontier05524
allowed=1-2
host=frontier05766
current_cpu=  1
allowed=1-2
current_cpu=  1
allowed=1-2
current_cpu=  1
host=frontier09225
allowed=1-2
host=frontier07813
current_cpu=  1
allowed=1-2
current_cpu=  1
host=frontier04744
allowed=1-2
host=frontier06937
current_cpu=  1
allowed=1-2
current_cpu=  2
allowed=1-2
current_cpu=  2
allowed=1-2
current_cpu=  1
host=frontier08980
allowed=1-2
allowed=1-2
current_cpu=  1
current_cpu=  2
host=frontier05379
allowed=1-2
allowed=1-2
current_cpu=  2
current_cpu=  2
host=frontier01542
allowed=1-2
host=frontier07180
current_cpu=  2
allowed=1-2
current_cpu=  2
host=frontier08591
allowed=1-2
host=frontier08837
current_cpu=  2
allowed=1-2
current_cpu=  2
host=frontier01300
allowed=1-2
host=frontier06546
current_cpu=  2
allowed=1-2
current_cpu=  1
host=frontier01157
allowed=1-2
allowed=1-2
current_cpu=  1
current_cpu=  2
host=frontier01929
allowed=1-2
allowed=1-2
current_cpu=  1
current_cpu=  2
host=frontier00385
allowed=1-2
host=frontier02458
current_cpu=  1
allowed=1-2
current_cpu=  1
host=frontier07570
allowed=1-2
allowed=1-2
current_cpu=  1
current_cpu=  2
allowed=1-2
allowed=1-2
current_cpu=  1
current_cpu=  2
host=frontier05768
allowed=1-2
allowed=1-2
current_cpu=  2
current_cpu=  1
host=frontier03088
allowed=1-2
host=frontier07815
current_cpu=  1
allowed=1-2
current_cpu=  2
allowed=1-2
current_cpu=  1
allowed=1-2
current_cpu=  1
allowed=1-2
current_cpu=  1
host=frontier03478
allowed=1-2
host=frontier01301
current_cpu=  2
allowed=1-2
current_cpu=  2
host=frontier00915
allowed=1-2
host=frontier02945
current_cpu=  2
allowed=1-2
current_cpu=  2
allowed=1-2
current_cpu=  2
host=frontier00143
allowed=1-2
host=frontier03867
current_cpu=  1
allowed=1-2
current_cpu=  2
host=frontier08449
allowed=1-2
host=frontier08593
current_cpu=  2
allowed=1-2
current_cpu=  1
allowed=1-2
current_cpu=  1
host=frontier08204
allowed=1-2
host=frontier05770
current_cpu=  1
allowed=1-2
current_cpu=  1
host=frontier10114
allowed=1-2
host=frontier03335
current_cpu=  1
allowed=1-2
current_cpu=  1
host=frontier04748
allowed=1-2
host=frontier02318
current_cpu=  2
allowed=1-2
current_cpu=  2
host=frontier07184
allowed=1-2
host=frontier00389
current_cpu=  2
allowed=1-2
current_cpu=  1
host=frontier03481
allowed=1-2
host=frontier04504
current_cpu=  2
allowed=1-2
current_cpu=  2
host=frontier06407
allowed=1-2
host=frontier01934
current_cpu=  2
allowed=1-2
current_cpu=  2
host=frontier02949
allowed=1-2
host=frontier04362
current_cpu=  1
allowed=1-2
current_cpu=  1
host=frontier04998
allowed=1-2
host=frontier05775
current_cpu=  1
allowed=1-2
current_cpu=  1
host=frontier06410
allowed=1-2
host=frontier07433
current_cpu=  1
allowed=1-2
current_cpu=  1
host=frontier00393
allowed=1-2
host=frontier01166
current_cpu=  1
allowed=1-2
current_cpu=  2
host=frontier01552
allowed=1-2
host=frontier02324
current_cpu=  2
allowed=1-2
current_cpu=  2
host=frontier06024
allowed=1-2
host=frontier08458
current_cpu=  2
allowed=1-2
current_cpu=  1
host=frontier01553
allowed=1-2
host=frontier03733
current_cpu=  1
allowed=1-2
current_cpu=  1
host=frontier02326
allowed=1-2
host=frontier08459
current_cpu=  2
allowed=1-2
current_cpu=  1
host=frontier07826
allowed=1-2
host=frontier08217
current_cpu=  2
allowed=1-2
current_cpu=  1
host=frontier06414
allowed=1-2
host=frontier09239
current_cpu=  2
allowed=1-2
current_cpu=  2
host=frontier03980
allowed=1-2
host=frontier06415
current_cpu=  1
allowed=1-2
current_cpu=  2
host=frontier03592
allowed=1-2
host=frontier07829
current_cpu=  2
allowed=1-2
current_cpu=  1
host=frontier02958
allowed=1-2
host=frontier03982
current_cpu=  1
allowed=1-2
current_cpu=  2
host=frontier08708
allowed=1-2
host=frontier00018
current_cpu=  1
allowed=1-2
current_cpu=  1
host=frontier02960
allowed=1-2
host=frontier08464
current_cpu=  1
allowed=1-2
current_cpu=  2
host=frontier01802
allowed=1-2
host=frontier02961
current_cpu=  2
allowed=1-2
current_cpu=  1
host=frontier00403
allowed=1-2
host=frontier00020
current_cpu=  2
allowed=1-2
current_cpu=  1
host=frontier06277
allowed=1-2
host=frontier07689
current_cpu=  1
allowed=1-2
current_cpu=  1
host=frontier02190
allowed=1-2
host=frontier00790
current_cpu=  1
allowed=1-2
current_cpu=  2
host=frontier00022
allowed=1-2
host=frontier00647
current_cpu=  2
allowed=1-2
current_cpu=  1
host=frontier00791
allowed=1-2
host=frontier04376
current_cpu=  1
allowed=1-2
current_cpu=  1
host=frontier04621
allowed=1-2
host=frontier05403
current_cpu=  1
allowed=1-2
current_cpu=  1
host=frontier07692
allowed=1-2
host=frontier00649
current_cpu=  1
allowed=1-2
current_cpu=  1
host=frontier05404
allowed=1-2
host=frontier07061
current_cpu=  1
allowed=1-2
current_cpu=  1
host=frontier07937
allowed=1-2
host=frontier02824
current_cpu=  2
allowed=1-2
current_cpu=  2
host=frontier06670
allowed=1-2
host=frontier09350
current_cpu=  1
allowed=1-2
current_cpu=  2
host=frontier02053
allowed=1-2
host=frontier05650
current_cpu=  2
allowed=1-2
current_cpu=  1
host=frontier01038
allowed=1-2
host=frontier07451
current_cpu=  1
allowed=1-2
current_cpu=  2
host=frontier00653
allowed=1-2
host=frontier02054
current_cpu=  2
allowed=1-2
current_cpu=  1
host=frontier03849
allowed=1-2
host=frontier02827
current_cpu=  1
allowed=1-2
current_cpu=  2
host=frontier08721
allowed=1-2
host=frontier02828
current_cpu=  2
allowed=1-2
current_cpu=  2
host=frontier04239
allowed=1-2
host=frontier01670
current_cpu=  1
allowed=1-2
current_cpu=  2
host=frontier01671
allowed=1-2
host=frontier08088
current_cpu=  1
allowed=1-2
current_cpu=  1
host=frontier02829
allowed=1-2
host=frontier04097
current_cpu=  1
allowed=1-2
current_cpu=  1
host=frontier02444
allowed=1-2
host=frontier00273
current_cpu=  2
allowed=1-2
current_cpu=  1
host=frontier08968
allowed=1-2
host=frontier03465
current_cpu=  1
allowed=1-2
current_cpu=  2
host=frontier08343
allowed=1-2
host=frontier00518
current_cpu=  1
allowed=1-2
current_cpu=  1
host=frontier08970
allowed=1-2
host=frontier07948
current_cpu=  2
allowed=1-2
current_cpu=  2
host=frontier02448
allowed=1-2
host=frontier04102
current_cpu=  1
allowed=1-2
current_cpu=  1
host=frontier07171
allowed=1-2
host=frontier03714
current_cpu=  2
allowed=1-2
current_cpu=  1
host=frontier05127
allowed=1-2
host=frontier02694
current_cpu=  2
allowed=1-2
current_cpu=  2
host=frontier04493
allowed=1-2
host=frontier04739
current_cpu=  1
allowed=1-2
current_cpu=  2
host=frontier07319
allowed=1-2
host=frontier04106
current_cpu=  2
allowed=1-2
current_cpu=  1
host=frontier05521
allowed=1-2
host=frontier01296
current_cpu=  1
allowed=1-2
current_cpu=  1
host=frontier00525
allowed=1-2
host=frontier06935
current_cpu=  2
allowed=1-2
current_cpu=  1
host=frontier07567
allowed=1-2
host=frontier07812
current_cpu=  2
allowed=1-2
current_cpu=  1
host=frontier00912
allowed=1-2
host=frontier03332
current_cpu=  1
allowed=1-2
current_cpu=  1
host=frontier00528
allowed=1-2
host=frontier05137
current_cpu=  2
allowed=1-2
current_cpu=  1
host=frontier05915
allowed=1-2
host=frontier03334
current_cpu=  2
allowed=1-2
current_cpu=  2
host=frontier01158
allowed=1-2
current_cpu=  2
+ echo 'Launching Copper Gracefully On All Nodes : End'
Launching Copper Gracefully On All Nodes : End
+ conda activate /mnt/bb/wcastil/copper_mount/lustre/orion/stf243/world-shared/hagertnl/CUG26/benchmark_builds/python-mpi4py/conda_env
+ local cmd=activate
+ case "$cmd" in
+ __conda_activate activate /mnt/bb/wcastil/copper_mount/lustre/orion/stf243/world-shared/hagertnl/CUG26/benchmark_builds/python-mpi4py/conda_env
+ '[' -n '' ']'
+ local ask_conda
++ PS1='(base) '
++ __conda_exe shell.posix activate /mnt/bb/wcastil/copper_mount/lustre/orion/stf243/world-shared/hagertnl/CUG26/benchmark_builds/python-mpi4py/conda_env
++ /autofs/nccs-svm1_sw/frontier/miniforge3/23.11.0-0/bin/conda shell.posix activate /mnt/bb/wcastil/copper_mount/lustre/orion/stf243/world-shared/hagertnl/CUG26/benchmark_builds/python-mpi4py/conda_env
+ ask_conda='. "/autofs/nccs-svm1_sw/frontier/miniforge3/23.11.0-0/etc/conda/deactivate.d/libxml2_deactivate.sh"
. "/autofs/nccs-svm1_sw/frontier/miniforge3/23.11.0-0/etc/conda/deactivate.d/libglib_deactivate.sh"
PS1='\''(/mnt/bb/wcastil/copper_mount/lustre/orion/stf243/world-shared/hagertnl/CUG26/benchmark_builds/python-mpi4py/conda_env) '\''
export PATH='\''/mnt/bb/wcastil/copper_mount/lustre/orion/stf243/world-shared/hagertnl/CUG26/benchmark_builds/python-mpi4py/conda_env/bin:/autofs/nccs-svm1_sw/frontier/miniforge3/23.11.0-0/condabin:/sw/frontier/lfs-wrapper/0.0.1/bin/lfs:/sw/frontier/miniforge3/23.11.0-0/bin:/opt/cray/libfabric/1.22.0/bin:/opt/rocm-6.4.2/bin:/sw/frontier/spack-envs/cpe25.09-cpu/opt/llvm-amdgpu-6.4.2/darshan-runtime-3.4.7-tvdocpzv3jfj4y6ki5jvmmkics323gon/bin:/opt/cray/pe/mpich/9.0.1/ofi/amd/6.0/bin:/opt/cray/pe/mpich/9.0.1/bin:/opt/cray/pe/perftools/25.09.0/bin:/opt/cray/pe/papi/7.2.0.2/bin:/opt/cray/pe/craype/2.7.35/bin:/sw/frontier/ums/ums046/copper/build:/sw/sources/hpss/bin:/sw/frontier/spack-envs/core-25.03/opt/gcc-13.2/tmux-3.4-fcqqko3j4ga67yuc7zxaqcwsix5hns2v/bin:/opt/clmgr/sbin:/opt/clmgr/bin:/opt/sgi/sbin:/opt/sgi/bin:/sw/frontier/bin:/ccs/home/wcastil/.local/bin:/usr/local/bin:/usr/bin:/bin:/opt/bin:/opt/c3/bin:/usr/lib/mit/bin:/opt/puppetlabs/bin:/opt/cray/pe/bin'\''
export CONDA_PREFIX='\''/mnt/bb/wcastil/copper_mount/lustre/orion/stf243/world-shared/hagertnl/CUG26/benchmark_builds/python-mpi4py/conda_env'\''
export CONDA_SHLVL='\''2'\''
export CONDA_DEFAULT_ENV='\''/mnt/bb/wcastil/copper_mount/lustre/orion/stf243/world-shared/hagertnl/CUG26/benchmark_builds/python-mpi4py/conda_env'\''
export CONDA_PROMPT_MODIFIER='\''(/mnt/bb/wcastil/copper_mount/lustre/orion/stf243/world-shared/hagertnl/CUG26/benchmark_builds/python-mpi4py/conda_env) '\''
export CONDA_PREFIX_1='\''/autofs/nccs-svm1_sw/frontier/miniforge3/23.11.0-0'\''
export CONDA_EXE='\''/autofs/nccs-svm1_sw/frontier/miniforge3/23.11.0-0/bin/conda'\''
export _CE_M='\'''\''
export _CE_CONDA='\'''\''
export CONDA_PYTHON_EXE='\''/autofs/nccs-svm1_sw/frontier/miniforge3/23.11.0-0/bin/python'\'''
+ eval '. "/autofs/nccs-svm1_sw/frontier/miniforge3/23.11.0-0/etc/conda/deactivate.d/libxml2_deactivate.sh"
. "/autofs/nccs-svm1_sw/frontier/miniforge3/23.11.0-0/etc/conda/deactivate.d/libglib_deactivate.sh"
PS1='\''(/mnt/bb/wcastil/copper_mount/lustre/orion/stf243/world-shared/hagertnl/CUG26/benchmark_builds/python-mpi4py/conda_env) '\''
export PATH='\''/mnt/bb/wcastil/copper_mount/lustre/orion/stf243/world-shared/hagertnl/CUG26/benchmark_builds/python-mpi4py/conda_env/bin:/autofs/nccs-svm1_sw/frontier/miniforge3/23.11.0-0/condabin:/sw/frontier/lfs-wrapper/0.0.1/bin/lfs:/sw/frontier/miniforge3/23.11.0-0/bin:/opt/cray/libfabric/1.22.0/bin:/opt/rocm-6.4.2/bin:/sw/frontier/spack-envs/cpe25.09-cpu/opt/llvm-amdgpu-6.4.2/darshan-runtime-3.4.7-tvdocpzv3jfj4y6ki5jvmmkics323gon/bin:/opt/cray/pe/mpich/9.0.1/ofi/amd/6.0/bin:/opt/cray/pe/mpich/9.0.1/bin:/opt/cray/pe/perftools/25.09.0/bin:/opt/cray/pe/papi/7.2.0.2/bin:/opt/cray/pe/craype/2.7.35/bin:/sw/frontier/ums/ums046/copper/build:/sw/sources/hpss/bin:/sw/frontier/spack-envs/core-25.03/opt/gcc-13.2/tmux-3.4-fcqqko3j4ga67yuc7zxaqcwsix5hns2v/bin:/opt/clmgr/sbin:/opt/clmgr/bin:/opt/sgi/sbin:/opt/sgi/bin:/sw/frontier/bin:/ccs/home/wcastil/.local/bin:/usr/local/bin:/usr/bin:/bin:/opt/bin:/opt/c3/bin:/usr/lib/mit/bin:/opt/puppetlabs/bin:/opt/cray/pe/bin'\''
export CONDA_PREFIX='\''/mnt/bb/wcastil/copper_mount/lustre/orion/stf243/world-shared/hagertnl/CUG26/benchmark_builds/python-mpi4py/conda_env'\''
export CONDA_SHLVL='\''2'\''
export CONDA_DEFAULT_ENV='\''/mnt/bb/wcastil/copper_mount/lustre/orion/stf243/world-shared/hagertnl/CUG26/benchmark_builds/python-mpi4py/conda_env'\''
export CONDA_PROMPT_MODIFIER='\''(/mnt/bb/wcastil/copper_mount/lustre/orion/stf243/world-shared/hagertnl/CUG26/benchmark_builds/python-mpi4py/conda_env) '\''
export CONDA_PREFIX_1='\''/autofs/nccs-svm1_sw/frontier/miniforge3/23.11.0-0'\''
export CONDA_EXE='\''/autofs/nccs-svm1_sw/frontier/miniforge3/23.11.0-0/bin/conda'\''
export _CE_M='\'''\''
export _CE_CONDA='\'''\''
export CONDA_PYTHON_EXE='\''/autofs/nccs-svm1_sw/frontier/miniforge3/23.11.0-0/bin/python'\'''
++ . /autofs/nccs-svm1_sw/frontier/miniforge3/23.11.0-0/etc/conda/deactivate.d/libxml2_deactivate.sh
+++ test -n ''
+++ unset XML_CATALOG_FILES
+++ unset xml_catalog_files_libxml2
++ . /autofs/nccs-svm1_sw/frontier/miniforge3/23.11.0-0/etc/conda/deactivate.d/libglib_deactivate.sh
+++ export GSETTINGS_SCHEMA_DIR=
+++ GSETTINGS_SCHEMA_DIR=
+++ unset GSETTINGS_SCHEMA_DIR_CONDA_BACKUP
+++ '[' -z ']'
+++ unset GSETTINGS_SCHEMA_DIR
++ PS1='(/mnt/bb/wcastil/copper_mount/lustre/orion/stf243/world-shared/hagertnl/CUG26/benchmark_builds/python-mpi4py/conda_env) '
++ export PATH=/mnt/bb/wcastil/copper_mount/lustre/orion/stf243/world-shared/hagertnl/CUG26/benchmark_builds/python-mpi4py/conda_env/bin:/autofs/nccs-svm1_sw/frontier/miniforge3/23.11.0-0/condabin:/sw/frontier/lfs-wrapper/0.0.1/bin/lfs:/sw/frontier/miniforge3/23.11.0-0/bin:/opt/cray/libfabric/1.22.0/bin:/opt/rocm-6.4.2/bin:/sw/frontier/spack-envs/cpe25.09-cpu/opt/llvm-amdgpu-6.4.2/darshan-runtime-3.4.7-tvdocpzv3jfj4y6ki5jvmmkics323gon/bin:/opt/cray/pe/mpich/9.0.1/ofi/amd/6.0/bin:/opt/cray/pe/mpich/9.0.1/bin:/opt/cray/pe/perftools/25.09.0/bin:/opt/cray/pe/papi/7.2.0.2/bin:/opt/cray/pe/craype/2.7.35/bin:/sw/frontier/ums/ums046/copper/build:/sw/sources/hpss/bin:/sw/frontier/spack-envs/core-25.03/opt/gcc-13.2/tmux-3.4-fcqqko3j4ga67yuc7zxaqcwsix5hns2v/bin:/opt/clmgr/sbin:/opt/clmgr/bin:/opt/sgi/sbin:/opt/sgi/bin:/sw/frontier/bin:/ccs/home/wcastil/.local/bin:/usr/local/bin:/usr/bin:/bin:/opt/bin:/opt/c3/bin:/usr/lib/mit/bin:/opt/puppetlabs/bin:/opt/cray/pe/bin
++ PATH=/mnt/bb/wcastil/copper_mount/lustre/orion/stf243/world-shared/hagertnl/CUG26/benchmark_builds/python-mpi4py/conda_env/bin:/autofs/nccs-svm1_sw/frontier/miniforge3/23.11.0-0/condabin:/sw/frontier/lfs-wrapper/0.0.1/bin/lfs:/sw/frontier/miniforge3/23.11.0-0/bin:/opt/cray/libfabric/1.22.0/bin:/opt/rocm-6.4.2/bin:/sw/frontier/spack-envs/cpe25.09-cpu/opt/llvm-amdgpu-6.4.2/darshan-runtime-3.4.7-tvdocpzv3jfj4y6ki5jvmmkics323gon/bin:/opt/cray/pe/mpich/9.0.1/ofi/amd/6.0/bin:/opt/cray/pe/mpich/9.0.1/bin:/opt/cray/pe/perftools/25.09.0/bin:/opt/cray/pe/papi/7.2.0.2/bin:/opt/cray/pe/craype/2.7.35/bin:/sw/frontier/ums/ums046/copper/build:/sw/sources/hpss/bin:/sw/frontier/spack-envs/core-25.03/opt/gcc-13.2/tmux-3.4-fcqqko3j4ga67yuc7zxaqcwsix5hns2v/bin:/opt/clmgr/sbin:/opt/clmgr/bin:/opt/sgi/sbin:/opt/sgi/bin:/sw/frontier/bin:/ccs/home/wcastil/.local/bin:/usr/local/bin:/usr/bin:/bin:/opt/bin:/opt/c3/bin:/usr/lib/mit/bin:/opt/puppetlabs/bin:/opt/cray/pe/bin
++ export CONDA_PREFIX=/mnt/bb/wcastil/copper_mount/lustre/orion/stf243/world-shared/hagertnl/CUG26/benchmark_builds/python-mpi4py/conda_env
++ CONDA_PREFIX=/mnt/bb/wcastil/copper_mount/lustre/orion/stf243/world-shared/hagertnl/CUG26/benchmark_builds/python-mpi4py/conda_env
++ export CONDA_SHLVL=2
++ CONDA_SHLVL=2
++ export CONDA_DEFAULT_ENV=/mnt/bb/wcastil/copper_mount/lustre/orion/stf243/world-shared/hagertnl/CUG26/benchmark_builds/python-mpi4py/conda_env
++ CONDA_DEFAULT_ENV=/mnt/bb/wcastil/copper_mount/lustre/orion/stf243/world-shared/hagertnl/CUG26/benchmark_builds/python-mpi4py/conda_env
++ export 'CONDA_PROMPT_MODIFIER=(/mnt/bb/wcastil/copper_mount/lustre/orion/stf243/world-shared/hagertnl/CUG26/benchmark_builds/python-mpi4py/conda_env) '
++ CONDA_PROMPT_MODIFIER='(/mnt/bb/wcastil/copper_mount/lustre/orion/stf243/world-shared/hagertnl/CUG26/benchmark_builds/python-mpi4py/conda_env) '
++ export CONDA_PREFIX_1=/autofs/nccs-svm1_sw/frontier/miniforge3/23.11.0-0
++ CONDA_PREFIX_1=/autofs/nccs-svm1_sw/frontier/miniforge3/23.11.0-0
++ export CONDA_EXE=/autofs/nccs-svm1_sw/frontier/miniforge3/23.11.0-0/bin/conda
++ CONDA_EXE=/autofs/nccs-svm1_sw/frontier/miniforge3/23.11.0-0/bin/conda
++ export _CE_M=
++ _CE_M=
++ export _CE_CONDA=
++ _CE_CONDA=
++ export CONDA_PYTHON_EXE=/autofs/nccs-svm1_sw/frontier/miniforge3/23.11.0-0/bin/python
++ CONDA_PYTHON_EXE=/autofs/nccs-svm1_sw/frontier/miniforge3/23.11.0-0/bin/python
+ __conda_hashr
+ '[' -n '' ']'
+ '[' -n '' ']'
+ hash -r
+ exe=/mnt/bb/wcastil/copper_mount/lustre/orion/stf243/world-shared/hagertnl/CUG26/benchmark_builds/pynamic/pynamic-pyMPI-2.6a1_util_495_280/
+ export LD_LIBRARY_PATH=/mnt/bb/wcastil/copper_mount/lustre/orion/stf243/world-shared/hagertnl/CUG26/benchmark_builds/pynamic/pynamic-pyMPI-2.6a1_util_495_280/:/opt/cray/pe/mpich/9.0.1/ofi/amd/6.0/lib:/opt/cray/pe/mpich/9.0.1/gtl/lib:/opt/cray/pe/libsci/25.09.0/AMD/6.0/x86_64/lib:/opt/cray/pe/perftools/25.09.0/lib64:/opt/cray/pe/pmi/6.1.16/lib:/opt/cray/pe/dsmml/0.3.1/dsmml/lib:/opt/cray/libfabric/1.22.0/lib64:/opt/rocm-6.4.2/lib/roctracer:/opt/rocm-6.4.2/lib/rocprofiler:/opt/rocm-6.4.2/lib:/sw/frontier/spack-envs/cpe25.09-cpu/opt/llvm-amdgpu-6.4.2/darshan-runtime-3.4.7-tvdocpzv3jfj4y6ki5jvmmkics323gon/lib:/opt/rocm-6.4.2/llvm/lib:/opt/cray/pe/papi/7.2.0.2/lib64
+ LD_LIBRARY_PATH=/mnt/bb/wcastil/copper_mount/lustre/orion/stf243/world-shared/hagertnl/CUG26/benchmark_builds/pynamic/pynamic-pyMPI-2.6a1_util_495_280/:/opt/cray/pe/mpich/9.0.1/ofi/amd/6.0/lib:/opt/cray/pe/mpich/9.0.1/gtl/lib:/opt/cray/pe/libsci/25.09.0/AMD/6.0/x86_64/lib:/opt/cray/pe/perftools/25.09.0/lib64:/opt/cray/pe/pmi/6.1.16/lib:/opt/cray/pe/dsmml/0.3.1/dsmml/lib:/opt/cray/libfabric/1.22.0/lib64:/opt/rocm-6.4.2/lib/roctracer:/opt/rocm-6.4.2/lib/rocprofiler:/opt/rocm-6.4.2/lib:/sw/frontier/spack-envs/cpe25.09-cpu/opt/llvm-amdgpu-6.4.2/darshan-runtime-3.4.7-tvdocpzv3jfj4y6ki5jvmmkics323gon/lib:/opt/rocm-6.4.2/llvm/lib:/opt/cray/pe/papi/7.2.0.2/lib64
+ export LD_LIBRARY_PATH=/mnt/bb/wcastil/copper_mount/lustre/orion/stf243/world-shared/hagertnl/CUG26/benchmark_builds/python-mpi4py/conda_env/lib:/mnt/bb/wcastil/copper_mount/lustre/orion/stf243/world-shared/hagertnl/CUG26/benchmark_builds/pynamic/pynamic-pyMPI-2.6a1_util_495_280/:/opt/cray/pe/mpich/9.0.1/ofi/amd/6.0/lib:/opt/cray/pe/mpich/9.0.1/gtl/lib:/opt/cray/pe/libsci/25.09.0/AMD/6.0/x86_64/lib:/opt/cray/pe/perftools/25.09.0/lib64:/opt/cray/pe/pmi/6.1.16/lib:/opt/cray/pe/dsmml/0.3.1/dsmml/lib:/opt/cray/libfabric/1.22.0/lib64:/opt/rocm-6.4.2/lib/roctracer:/opt/rocm-6.4.2/lib/rocprofiler:/opt/rocm-6.4.2/lib:/sw/frontier/spack-envs/cpe25.09-cpu/opt/llvm-amdgpu-6.4.2/darshan-runtime-3.4.7-tvdocpzv3jfj4y6ki5jvmmkics323gon/lib:/opt/rocm-6.4.2/llvm/lib:/opt/cray/pe/papi/7.2.0.2/lib64
+ LD_LIBRARY_PATH=/mnt/bb/wcastil/copper_mount/lustre/orion/stf243/world-shared/hagertnl/CUG26/benchmark_builds/python-mpi4py/conda_env/lib:/mnt/bb/wcastil/copper_mount/lustre/orion/stf243/world-shared/hagertnl/CUG26/benchmark_builds/pynamic/pynamic-pyMPI-2.6a1_util_495_280/:/opt/cray/pe/mpich/9.0.1/ofi/amd/6.0/lib:/opt/cray/pe/mpich/9.0.1/gtl/lib:/opt/cray/pe/libsci/25.09.0/AMD/6.0/x86_64/lib:/opt/cray/pe/perftools/25.09.0/lib64:/opt/cray/pe/pmi/6.1.16/lib:/opt/cray/pe/dsmml/0.3.1/dsmml/lib:/opt/cray/libfabric/1.22.0/lib64:/opt/rocm-6.4.2/lib/roctracer:/opt/rocm-6.4.2/lib/rocprofiler:/opt/rocm-6.4.2/lib:/sw/frontier/spack-envs/cpe25.09-cpu/opt/llvm-amdgpu-6.4.2/darshan-runtime-3.4.7-tvdocpzv3jfj4y6ki5jvmmkics323gon/lib:/opt/rocm-6.4.2/llvm/lib:/opt/cray/pe/papi/7.2.0.2/lib64
+ srun --overlap -N 2048 -n 16384 --ntasks-per-node=8 -c 5 /mnt/bb/wcastil/copper_mount/lustre/orion/stf243/world-shared/hagertnl/CUG26/benchmark_builds/pynamic/pynamic-pyMPI-2.6a1_util_495_280//pynamic-bigexe-mpi4py pynamic_driver_mpi4py.py
+ grep -v 'rank -'
Pynamic: Version 1.3.3
Pynamic: run on 04/08/26 16:37:31 with 16384 MPI tasks

Pynamic: driver beginning... now importing modules
Pynamic: driver finished importing all modules..
Pynamic: module import time = 53.33959984779358 secs
Pynamic: module test passed!

+ sleep 2s
+ srun --overlap -N 2048 -n 16384 --ntasks-per-node=8 -c 5 /mnt/bb/wcastil/copper_mount/lustre/orion/stf243/world-shared/hagertnl/CUG26/benchmark_builds/pynamic/pynamic-pyMPI-2.6a1_util_495_280//pynamic-bigexe-mpi4py pynamic_driver_mpi4py.py
+ grep -v 'rank -'
Pynamic: Version 1.3.3
Pynamic: run on 04/08/26 16:39:09 with 16384 MPI tasks

Pynamic: driver beginning... now importing modules
Pynamic: driver finished importing all modules..
Pynamic: module import time = 22.164015531539917 secs
Pynamic: module test passed!

+ sleep 2s
+ srun --overlap -N 2048 -n 16384 --ntasks-per-node=8 -c 5 /mnt/bb/wcastil/copper_mount/lustre/orion/stf243/world-shared/hagertnl/CUG26/benchmark_builds/pynamic/pynamic-pyMPI-2.6a1_util_495_280//pynamic-bigexe-mpi4py pynamic_driver_mpi4py.py
+ grep -v 'rank -'
Pynamic: Version 1.3.3
Pynamic: run on 04/08/26 16:40:04 with 16384 MPI tasks

Pynamic: driver beginning... now importing modules
Pynamic: driver finished importing all modules..
Pynamic: module import time = 29.94311285018921 secs
Pynamic: module test passed!

+ sleep 2s
+ srun --overlap -N 2048 -n 16384 --ntasks-per-node=8 -c 5 /mnt/bb/wcastil/copper_mount/lustre/orion/stf243/world-shared/hagertnl/CUG26/benchmark_builds/pynamic/pynamic-pyMPI-2.6a1_util_495_280//pynamic-bigexe-mpi4py pynamic_driver_mpi4py.py
+ grep -v 'rank -'
Pynamic: Version 1.3.3
Pynamic: run on 04/08/26 16:42:53 with 16384 MPI tasks

Pynamic: driver beginning... now importing modules
Pynamic: driver finished importing all modules..
Pynamic: module import time = 30.14107370376587 secs
Pynamic: module test passed!

+ sleep 2s
+ srun --overlap -N 2048 -n 16384 --ntasks-per-node=8 -c 5 /mnt/bb/wcastil/copper_mount/lustre/orion/stf243/world-shared/hagertnl/CUG26/benchmark_builds/pynamic/pynamic-pyMPI-2.6a1_util_495_280//pynamic-bigexe-mpi4py pynamic_driver_mpi4py.py
+ grep -v 'rank -'
Pynamic: Version 1.3.3
Pynamic: run on 04/08/26 16:43:50 with 16384 MPI tasks

Pynamic: driver beginning... now importing modules
Pynamic: driver finished importing all modules..
Pynamic: module import time = 41.21144080162048 secs
Pynamic: module test passed!

+ sleep 2s
+ conda deactivate
+ local cmd=deactivate
+ case "$cmd" in
+ __conda_activate deactivate
+ '[' -n '' ']'
+ local ask_conda
++ PS1='(/mnt/bb/wcastil/copper_mount/lustre/orion/stf243/world-shared/hagertnl/CUG26/benchmark_builds/python-mpi4py/conda_env) '
++ __conda_exe shell.posix deactivate
++ /autofs/nccs-svm1_sw/frontier/miniforge3/23.11.0-0/bin/conda shell.posix deactivate
+ ask_conda='export PATH='\''/autofs/nccs-svm1_sw/frontier/miniforge3/23.11.0-0/bin:/autofs/nccs-svm1_sw/frontier/miniforge3/23.11.0-0/condabin:/sw/frontier/lfs-wrapper/0.0.1/bin/lfs:/sw/frontier/miniforge3/23.11.0-0/bin:/opt/cray/libfabric/1.22.0/bin:/opt/rocm-6.4.2/bin:/sw/frontier/spack-envs/cpe25.09-cpu/opt/llvm-amdgpu-6.4.2/darshan-runtime-3.4.7-tvdocpzv3jfj4y6ki5jvmmkics323gon/bin:/opt/cray/pe/mpich/9.0.1/ofi/amd/6.0/bin:/opt/cray/pe/mpich/9.0.1/bin:/opt/cray/pe/perftools/25.09.0/bin:/opt/cray/pe/papi/7.2.0.2/bin:/opt/cray/pe/craype/2.7.35/bin:/sw/frontier/ums/ums046/copper/build:/sw/sources/hpss/bin:/sw/frontier/spack-envs/core-25.03/opt/gcc-13.2/tmux-3.4-fcqqko3j4ga67yuc7zxaqcwsix5hns2v/bin:/opt/clmgr/sbin:/opt/clmgr/bin:/opt/sgi/sbin:/opt/sgi/bin:/sw/frontier/bin:/ccs/home/wcastil/.local/bin:/usr/local/bin:/usr/bin:/bin:/opt/bin:/opt/c3/bin:/usr/lib/mit/bin:/opt/puppetlabs/bin:/opt/cray/pe/bin'\''
unset CONDA_PREFIX_1
PS1='\''(base) '\''
export CONDA_PREFIX='\''/autofs/nccs-svm1_sw/frontier/miniforge3/23.11.0-0'\''
export CONDA_SHLVL='\''1'\''
export CONDA_DEFAULT_ENV='\''base'\''
export CONDA_PROMPT_MODIFIER='\''(base) '\''
export CONDA_EXE='\''/autofs/nccs-svm1_sw/frontier/miniforge3/23.11.0-0/bin/conda'\''
export _CE_M='\'''\''
export _CE_CONDA='\'''\''
export CONDA_PYTHON_EXE='\''/autofs/nccs-svm1_sw/frontier/miniforge3/23.11.0-0/bin/python'\''
. "/autofs/nccs-svm1_sw/frontier/miniforge3/23.11.0-0/etc/conda/activate.d/libglib_activate.sh"
. "/autofs/nccs-svm1_sw/frontier/miniforge3/23.11.0-0/etc/conda/activate.d/libxml2_activate.sh"'
+ eval 'export PATH='\''/autofs/nccs-svm1_sw/frontier/miniforge3/23.11.0-0/bin:/autofs/nccs-svm1_sw/frontier/miniforge3/23.11.0-0/condabin:/sw/frontier/lfs-wrapper/0.0.1/bin/lfs:/sw/frontier/miniforge3/23.11.0-0/bin:/opt/cray/libfabric/1.22.0/bin:/opt/rocm-6.4.2/bin:/sw/frontier/spack-envs/cpe25.09-cpu/opt/llvm-amdgpu-6.4.2/darshan-runtime-3.4.7-tvdocpzv3jfj4y6ki5jvmmkics323gon/bin:/opt/cray/pe/mpich/9.0.1/ofi/amd/6.0/bin:/opt/cray/pe/mpich/9.0.1/bin:/opt/cray/pe/perftools/25.09.0/bin:/opt/cray/pe/papi/7.2.0.2/bin:/opt/cray/pe/craype/2.7.35/bin:/sw/frontier/ums/ums046/copper/build:/sw/sources/hpss/bin:/sw/frontier/spack-envs/core-25.03/opt/gcc-13.2/tmux-3.4-fcqqko3j4ga67yuc7zxaqcwsix5hns2v/bin:/opt/clmgr/sbin:/opt/clmgr/bin:/opt/sgi/sbin:/opt/sgi/bin:/sw/frontier/bin:/ccs/home/wcastil/.local/bin:/usr/local/bin:/usr/bin:/bin:/opt/bin:/opt/c3/bin:/usr/lib/mit/bin:/opt/puppetlabs/bin:/opt/cray/pe/bin'\''
unset CONDA_PREFIX_1
PS1='\''(base) '\''
export CONDA_PREFIX='\''/autofs/nccs-svm1_sw/frontier/miniforge3/23.11.0-0'\''
export CONDA_SHLVL='\''1'\''
export CONDA_DEFAULT_ENV='\''base'\''
export CONDA_PROMPT_MODIFIER='\''(base) '\''
export CONDA_EXE='\''/autofs/nccs-svm1_sw/frontier/miniforge3/23.11.0-0/bin/conda'\''
export _CE_M='\'''\''
export _CE_CONDA='\'''\''
export CONDA_PYTHON_EXE='\''/autofs/nccs-svm1_sw/frontier/miniforge3/23.11.0-0/bin/python'\''
. "/autofs/nccs-svm1_sw/frontier/miniforge3/23.11.0-0/etc/conda/activate.d/libglib_activate.sh"
. "/autofs/nccs-svm1_sw/frontier/miniforge3/23.11.0-0/etc/conda/activate.d/libxml2_activate.sh"'
++ export PATH=/autofs/nccs-svm1_sw/frontier/miniforge3/23.11.0-0/bin:/autofs/nccs-svm1_sw/frontier/miniforge3/23.11.0-0/condabin:/sw/frontier/lfs-wrapper/0.0.1/bin/lfs:/sw/frontier/miniforge3/23.11.0-0/bin:/opt/cray/libfabric/1.22.0/bin:/opt/rocm-6.4.2/bin:/sw/frontier/spack-envs/cpe25.09-cpu/opt/llvm-amdgpu-6.4.2/darshan-runtime-3.4.7-tvdocpzv3jfj4y6ki5jvmmkics323gon/bin:/opt/cray/pe/mpich/9.0.1/ofi/amd/6.0/bin:/opt/cray/pe/mpich/9.0.1/bin:/opt/cray/pe/perftools/25.09.0/bin:/opt/cray/pe/papi/7.2.0.2/bin:/opt/cray/pe/craype/2.7.35/bin:/sw/frontier/ums/ums046/copper/build:/sw/sources/hpss/bin:/sw/frontier/spack-envs/core-25.03/opt/gcc-13.2/tmux-3.4-fcqqko3j4ga67yuc7zxaqcwsix5hns2v/bin:/opt/clmgr/sbin:/opt/clmgr/bin:/opt/sgi/sbin:/opt/sgi/bin:/sw/frontier/bin:/ccs/home/wcastil/.local/bin:/usr/local/bin:/usr/bin:/bin:/opt/bin:/opt/c3/bin:/usr/lib/mit/bin:/opt/puppetlabs/bin:/opt/cray/pe/bin
++ PATH=/autofs/nccs-svm1_sw/frontier/miniforge3/23.11.0-0/bin:/autofs/nccs-svm1_sw/frontier/miniforge3/23.11.0-0/condabin:/sw/frontier/lfs-wrapper/0.0.1/bin/lfs:/sw/frontier/miniforge3/23.11.0-0/bin:/opt/cray/libfabric/1.22.0/bin:/opt/rocm-6.4.2/bin:/sw/frontier/spack-envs/cpe25.09-cpu/opt/llvm-amdgpu-6.4.2/darshan-runtime-3.4.7-tvdocpzv3jfj4y6ki5jvmmkics323gon/bin:/opt/cray/pe/mpich/9.0.1/ofi/amd/6.0/bin:/opt/cray/pe/mpich/9.0.1/bin:/opt/cray/pe/perftools/25.09.0/bin:/opt/cray/pe/papi/7.2.0.2/bin:/opt/cray/pe/craype/2.7.35/bin:/sw/frontier/ums/ums046/copper/build:/sw/sources/hpss/bin:/sw/frontier/spack-envs/core-25.03/opt/gcc-13.2/tmux-3.4-fcqqko3j4ga67yuc7zxaqcwsix5hns2v/bin:/opt/clmgr/sbin:/opt/clmgr/bin:/opt/sgi/sbin:/opt/sgi/bin:/sw/frontier/bin:/ccs/home/wcastil/.local/bin:/usr/local/bin:/usr/bin:/bin:/opt/bin:/opt/c3/bin:/usr/lib/mit/bin:/opt/puppetlabs/bin:/opt/cray/pe/bin
++ unset CONDA_PREFIX_1
++ PS1='(base) '
++ export CONDA_PREFIX=/autofs/nccs-svm1_sw/frontier/miniforge3/23.11.0-0
++ CONDA_PREFIX=/autofs/nccs-svm1_sw/frontier/miniforge3/23.11.0-0
++ export CONDA_SHLVL=1
++ CONDA_SHLVL=1
++ export CONDA_DEFAULT_ENV=base
++ CONDA_DEFAULT_ENV=base
++ export 'CONDA_PROMPT_MODIFIER=(base) '
++ CONDA_PROMPT_MODIFIER='(base) '
++ export CONDA_EXE=/autofs/nccs-svm1_sw/frontier/miniforge3/23.11.0-0/bin/conda
++ CONDA_EXE=/autofs/nccs-svm1_sw/frontier/miniforge3/23.11.0-0/bin/conda
++ export _CE_M=
++ _CE_M=
++ export _CE_CONDA=
++ _CE_CONDA=
++ export CONDA_PYTHON_EXE=/autofs/nccs-svm1_sw/frontier/miniforge3/23.11.0-0/bin/python
++ CONDA_PYTHON_EXE=/autofs/nccs-svm1_sw/frontier/miniforge3/23.11.0-0/bin/python
++ . /autofs/nccs-svm1_sw/frontier/miniforge3/23.11.0-0/etc/conda/activate.d/libglib_activate.sh
+++ export GSETTINGS_SCHEMA_DIR_CONDA_BACKUP=
+++ GSETTINGS_SCHEMA_DIR_CONDA_BACKUP=
+++ export GSETTINGS_SCHEMA_DIR=/autofs/nccs-svm1_sw/frontier/miniforge3/23.11.0-0/share/glib-2.0/schemas
+++ GSETTINGS_SCHEMA_DIR=/autofs/nccs-svm1_sw/frontier/miniforge3/23.11.0-0/share/glib-2.0/schemas
++ . /autofs/nccs-svm1_sw/frontier/miniforge3/23.11.0-0/etc/conda/activate.d/libxml2_activate.sh
+++ test -n ''
+++ xml_catalog_files_libxml2=
+++ XML_CATALOG_FILES=
+++ conda_catalog_files=
+++ ifs_libxml2=' 	
'
+++ IFS=' '
+++ rem=/autofs/nccs-svm1_sw/frontier/miniforge3/23.11.0-0
+++ for pre in ${rem}
+++ test '' = /autofs/nccs-svm1_sw/frontier/miniforge3/23.11.0-0
+++ conda_catalog_files=/autofs/nccs-svm1_sw/frontier/miniforge3/23.11.0-0
+++ rem=
+++ IFS=' 	
'
+++ conda_catalog_files='file:///autofs/nccs-svm1_sw/frontier/miniforge3/23.11.0-0/etc/xml/catalog file:///etc/xml/catalog'
+++ export 'XML_CATALOG_FILES=file:///autofs/nccs-svm1_sw/frontier/miniforge3/23.11.0-0/etc/xml/catalog file:///etc/xml/catalog'
+++ XML_CATALOG_FILES='file:///autofs/nccs-svm1_sw/frontier/miniforge3/23.11.0-0/etc/xml/catalog file:///etc/xml/catalog'
+++ unset conda_catalog_files ifs_libxml2 rem
+ __conda_hashr
+ '[' -n '' ']'
+ '[' -n '' ']'
+ hash -r
+ stop_copper.sh -d /lustre/orion/stf243/world-shared/wcastil/Experiments/CUG26/copper_run/logs -v /mnt/bb/wcastil/copper_mount
/var/spool/slurmd/job4352264/slurm_script: line 46: stop_copper.sh: command not found
