+ '[' -z '' ']'
+ case "$-" in
+ __lmod_vx=x
+ '[' -n x ']'
+ set +x
Shell debugging temporarily silenced: export LMOD_SH_DBG_ON=1 for this output (/opt/cray/pe/lmod/lmod/init/bash)
Shell debugging restarted
+ unset __lmod_vx
+ cd /lustre/orion/stf243/world-shared/wcastil/Experiments/CUG26/copper_run/pynamic/M_524_MB
+ module load ums ums046 copper
+ '[' -z '' ']'
+ case "$-" in
+ __lmod_sh_dbg=x
+ '[' -n x ']'
+ set +x
Shell debugging temporarily silenced: export LMOD_SH_DBG_ON=1 for Lmod's output
Copper loaded: use 'launch_copper_frontier' and 'stop_copper_frontier'.
COPPER_ROOT: /sw/frontier/ums/ums046/copper
launch_copper_frontier points to:
/sw/frontier/ums/ums046/copper/build/launch_copper_frontier.sh 
Shell debugging restarted
+ unset __lmod_sh_dbg
+ return 0
+ module list
+ '[' -z '' ']'
+ case "$-" in
+ __lmod_sh_dbg=x
+ '[' -n x ']'
+ set +x
Shell debugging temporarily silenced: export LMOD_SH_DBG_ON=1 for Lmod's output

Currently Loaded Modules:
  1) craype-x86-trento               12) PrgEnv-cray/8.6.0
  2) libfabric/1.22.0                13) Core/25.03
  3) craype-network-ofi              14) tmux/3.4
  4) perftools-base/24.11.0          15) darshan-runtime/3.4.6-mpi (E4S)
  5) xpmem/2.11.3-1.3_gdbda01a1eb3d  16) hsi/default
  6) cray-pmi/6.1.15                 17) lfs-wrapper/0.0.1
  7) cce/18.0.1                      18) DefApps
  8) craype/2.7.33                   19) ums/default
  9) cray-dsmml/0.3.0                20) ums046/default
 10) cray-mpich/8.1.31               21) copper/0.1
 11) cray-libsci/24.11.0

  Where:
   E4S:  E4S: Extreme-scale Scientific Software Stack (E4S) https://e4s.io/index.html

 

Shell debugging restarted
+ unset __lmod_sh_dbg
+ return 0
+ echo 4352270
4352270
+ echo 2048
2048
+ echo copper_spindle
copper_spindle
+ echo 'frontier[00053-00055,00071-00073,00075-00078,00080,00082-00083,00087-00088,00090,00093-00097,00101-00103,00107-00110,00185,00188,00191-00193,00195-00196,00200-00202,00204,00207-00208,00210-00214,00217,00219-00220,00222-00225,00228,00230-00231,00268,00313-00315,00317-00319,00322-00325,00330,00332-00335,00339-00342,00345-00350,00353,00356,00396,00440-00442,00444,00446-00450,00453-00454,00458,00461-00466,00469-00471,00474-00477,00479,00481,00514,00541,00569-00573,00575,00577-00581,00584-00585,00587-00590,00592-00595,00597-00599,00602,00605,00695-00696,00698-00702,00707-00708,00710-00713,00718-00722,00724-00727,00731,00735-00736,00738-00740,00823-00833,00836-00843,00846-00854,00954-00956,00958,00962,00965-00966,00968-00970,00972,00977-00981,00983-00990,00992-00995,01079,01081,01083-01086,01088-01090,01094-01098,01100-01101,01106,01109-01111,01113,01115-01120,01122,01207-01210,01212,01215-01221,01223-01229,01231-01232,01235-01239,01241-01242,01335-01336,01338,01342-01344,01346-01349,01352,01354-01359,01362,01364-01366,01369-01374,01377,01463-01464,01466-01467,01471-01475,01477-01479,01483-01485,01487-01494,01497,01499-01500,01502-01503,01592-01598,01600,01602-01606,01608-01610,01613-01614,01616-01622,01625,01629-01630,01719-01721,01723-01727,01729,01731-01737,01739,01741-01745,01747-01749,01751-01753,01848-01852,01854-01856,01860-01863,01865-01868,01870-01877,01880-01881,01883,01887,01975,01979-01984,01986-01987,01989,01991-01992,01994-01997,02000,02002-02006,02008-02010,02012-02013,02017,02103-02104,02108-02115,02118-02120,02122-02123,02125-02126,02129-02133,02136,02138-02142,02233,02235,02237-02238,02240-02241,02243-02245,02248-02254,02259-02261,02267-02269,02272-02274,02277-02279,02359-02360,02363-02364,02366-02367,02369,02371-02374,02377-02385,02387-02388,02392,02395-02399,02489-02493,02499-02503,02505-02507,02510-02514,02516-02519,02521-02524,02526-02527,02615-02619,02621-02623,02626-02629,02631-02632,02634,02638-02640,02642-02645,02647-02651,02653,02745,02748-02753,02756-02763,02768-02773,02776,02778-02780,02782-02784,02874-02877,02879-02882,02889-02892,02894,02896-02901,02904-02908,02913,02915-02917,02999-03000,03003-03009,03011-03012,03015-03017,03020-03021,03023,03025-03029,03033-03038,03129-03130,03132,03134,03136-03142,03146-03150,03153-03154,03157-03164,03167-03168,03257,03259-03261,03265-03270,03272-03273,03275-03281,03287-03290,03294-03297,03299,03383-03386,03388-03389,03392-03394,03396,03398-03400,03403-03414,03419-03421,03511-03517,03519,03521-03522,03524-03525,03527-03529,03532-03533,03535,03537-03543,03545-03546,03549,03640-03648,03651-03656,03658-03659,03662-03664,03666-03668,03671-03674,03678,03767,03769-03771,03773-03774,03776-03777,03781,03783-03787,03789,03792,03795-03796,03798,03801-03803,03806-03809,03812-03813,03895,03898-03900,03902-03903,03905-03906,03909-03911,03913,03915-03918,03921-03931,03933,04024-04026,04028-04034,04040-04042,04044-04047,04050-04060,04152,04156-04159,04168,04170,04175,04177-04179,04181,04185,04187-04188,04193-04195,04197-04206,04281,04283-04284,04290,04298,04303,04305,04308-04313,04315,04318,04320,04323-04334,04407,04410,04415-04416,04428-04432,04436-04437,04439,04441,04446,04452,04454-04455,04458,04462-04467,04535-04537,04542-04543,04549,04555-04557,04559,04563-04567,04571-04572,04575,04580-04589,04669-04671,04677,04680-04683,04686,04689,04691-04692,04697-04698,04700,04702-04704,04706,04708-04712,04714-04717,04794-04796,04803,04805,04809,04823-04844,04901-04902,04922,04932-04936,04941-04942,04944,04946-04947,04953,04955-04958,04962,04964-04965,04968-04974,05000,05006-05007,05030-05031,05048-05049,05063,05065-05067,05070,05072,05075-05076,05081-05082,05085,05087-05091,05097,05100-05103,05132-05133,05141,05147,05162,05168,05183,05188,05192,05194-05196,05198,05202,05204-05209,05212,05214,05216-05217,05221,05224,05226-05227,05258,05279-05280,05294,05300-05301,05313,05316,05319-05324,05327-05328,05330-05335,05337,05339,05343,05347-05349,05378,05384,05405-05406,05420,05426-05427,05444,05448-05449,05451-05452,05458-05460,05463,05466,05468,05470-05471,05475,05479-05485,05510,05519,05540,05561,05568,05571-05572,05574,05577-05580,05583-05584,05586,05588-05591,05593,05595-05596,05601,05607-05611,05657-05658,05666,05672,05678,05698-05702,05705-05706,05709-05711,05713,05715-05720,05722,05724-05725,05727,05729-05730,05771,05777,05783,05805,05819,05824-05826,05828-05829,05832,05835-05838,05840,05842-05844,05846-05847,05852-05853,05855-05859,05909-05910,05933,05935,05939,05951-05953,05955-05956,05958,05961-05967,05969-05975,05977,05979,06027,06035,06076-06083,06087-06101,06104-06105,06183,06190,06197,06204-06205,06207-06210,06212-06224,06226-06229,06231,06330-06336,06338-06357,06455-06462,06464-06482,06583,06585,06587-06588,06591-06609,06611-06614,06712-06714,06716-06717,06719-06724,06726-06735,06739-06744,06839-06840,06842-06861,06863-06867,06970-06971,06973-06987,06991-06998,07000-07001,07044,07048,07051,07098-07100,07102-07113,07115-07123,07224-07231,07233-07239,07241-07248,07250-07252,07254,07351-07365,07367-07378,07479-07491,07493-07506,07607-07616,07619-07625,07627-07636,07735-07743,07745-07762,07865-07869,07871-07890,07892-07893,07991-07995,07997-08016,08018-08019,08119-08121,08123-08124,08127-08133,08135,08137-08141,08144-08145,08147,08149-08150,08152,08155-08157,08249-08250,08252-08255,08258-08266,08268,08270-08274,08276-08277,08279,08281,08283-08284,08325,08327,08329,08331,08333,08335,08383-08385,08387-08389,08391-08394,08397,08399-08405,08407,08409-08410,08504,08506-08508,08510,08512,08514-08518,08520,08522,08524,08526-08531,08534-08537,08540-08542,08633-08641,08643-08646,08648-08650,08652-08653,08655-08659,08663-08666,08710,08720,08762-08765,08767-08770,08774-08781,08785-08792,08795,08887-08889,08892-08897,08900,08902,08904-08905,08908-08912,08915,08918-08919,08921-08925,08927,09014-09019,09023-09024,09026-09028,09030-09031,09033-09036,09038-09043,09047,09049-09051,09129,09133-09135,09149-09150,09153-09160,09164-09168,09170-09175,09177,09179,09271-09274,09278,09280,09282-09283,09285-09290,09293-09297,09299-09300,09302,09304,09308,09310-09312,09400-09401,09405-09409,09412,09415,09418-09420,09422-09423,09425-09426,09428,09430-09432,09434-09439,09441,10168-10171,10173-10176]'
frontier[00053-00055,00071-00073,00075-00078,00080,00082-00083,00087-00088,00090,00093-00097,00101-00103,00107-00110,00185,00188,00191-00193,00195-00196,00200-00202,00204,00207-00208,00210-00214,00217,00219-00220,00222-00225,00228,00230-00231,00268,00313-00315,00317-00319,00322-00325,00330,00332-00335,00339-00342,00345-00350,00353,00356,00396,00440-00442,00444,00446-00450,00453-00454,00458,00461-00466,00469-00471,00474-00477,00479,00481,00514,00541,00569-00573,00575,00577-00581,00584-00585,00587-00590,00592-00595,00597-00599,00602,00605,00695-00696,00698-00702,00707-00708,00710-00713,00718-00722,00724-00727,00731,00735-00736,00738-00740,00823-00833,00836-00843,00846-00854,00954-00956,00958,00962,00965-00966,00968-00970,00972,00977-00981,00983-00990,00992-00995,01079,01081,01083-01086,01088-01090,01094-01098,01100-01101,01106,01109-01111,01113,01115-01120,01122,01207-01210,01212,01215-01221,01223-01229,01231-01232,01235-01239,01241-01242,01335-01336,01338,01342-01344,01346-01349,01352,01354-01359,01362,01364-01366,01369-01374,01377,01463-01464,01466-01467,01471-01475,01477-01479,01483-01485,01487-01494,01497,01499-01500,01502-01503,01592-01598,01600,01602-01606,01608-01610,01613-01614,01616-01622,01625,01629-01630,01719-01721,01723-01727,01729,01731-01737,01739,01741-01745,01747-01749,01751-01753,01848-01852,01854-01856,01860-01863,01865-01868,01870-01877,01880-01881,01883,01887,01975,01979-01984,01986-01987,01989,01991-01992,01994-01997,02000,02002-02006,02008-02010,02012-02013,02017,02103-02104,02108-02115,02118-02120,02122-02123,02125-02126,02129-02133,02136,02138-02142,02233,02235,02237-02238,02240-02241,02243-02245,02248-02254,02259-02261,02267-02269,02272-02274,02277-02279,02359-02360,02363-02364,02366-02367,02369,02371-02374,02377-02385,02387-02388,02392,02395-02399,02489-02493,02499-02503,02505-02507,02510-02514,02516-02519,02521-02524,02526-02527,02615-02619,02621-02623,02626-02629,02631-02632,02634,02638-02640,02642-02645,02647-02651,02653,02745,02748-02753,02756-02763,02768-02773,02776,02778-02780,02782-02784,02874-02877,02879-02882,02889-02892,02894,02896-02901,02904-02908,02913,02915-02917,02999-03000,03003-03009,03011-03012,03015-03017,03020-03021,03023,03025-03029,03033-03038,03129-03130,03132,03134,03136-03142,03146-03150,03153-03154,03157-03164,03167-03168,03257,03259-03261,03265-03270,03272-03273,03275-03281,03287-03290,03294-03297,03299,03383-03386,03388-03389,03392-03394,03396,03398-03400,03403-03414,03419-03421,03511-03517,03519,03521-03522,03524-03525,03527-03529,03532-03533,03535,03537-03543,03545-03546,03549,03640-03648,03651-03656,03658-03659,03662-03664,03666-03668,03671-03674,03678,03767,03769-03771,03773-03774,03776-03777,03781,03783-03787,03789,03792,03795-03796,03798,03801-03803,03806-03809,03812-03813,03895,03898-03900,03902-03903,03905-03906,03909-03911,03913,03915-03918,03921-03931,03933,04024-04026,04028-04034,04040-04042,04044-04047,04050-04060,04152,04156-04159,04168,04170,04175,04177-04179,04181,04185,04187-04188,04193-04195,04197-04206,04281,04283-04284,04290,04298,04303,04305,04308-04313,04315,04318,04320,04323-04334,04407,04410,04415-04416,04428-04432,04436-04437,04439,04441,04446,04452,04454-04455,04458,04462-04467,04535-04537,04542-04543,04549,04555-04557,04559,04563-04567,04571-04572,04575,04580-04589,04669-04671,04677,04680-04683,04686,04689,04691-04692,04697-04698,04700,04702-04704,04706,04708-04712,04714-04717,04794-04796,04803,04805,04809,04823-04844,04901-04902,04922,04932-04936,04941-04942,04944,04946-04947,04953,04955-04958,04962,04964-04965,04968-04974,05000,05006-05007,05030-05031,05048-05049,05063,05065-05067,05070,05072,05075-05076,05081-05082,05085,05087-05091,05097,05100-05103,05132-05133,05141,05147,05162,05168,05183,05188,05192,05194-05196,05198,05202,05204-05209,05212,05214,05216-05217,05221,05224,05226-05227,05258,05279-05280,05294,05300-05301,05313,05316,05319-05324,05327-05328,05330-05335,05337,05339,05343,05347-05349,05378,05384,05405-05406,05420,05426-05427,05444,05448-05449,05451-05452,05458-05460,05463,05466,05468,05470-05471,05475,05479-05485,05510,05519,05540,05561,05568,05571-05572,05574,05577-05580,05583-05584,05586,05588-05591,05593,05595-05596,05601,05607-05611,05657-05658,05666,05672,05678,05698-05702,05705-05706,05709-05711,05713,05715-05720,05722,05724-05725,05727,05729-05730,05771,05777,05783,05805,05819,05824-05826,05828-05829,05832,05835-05838,05840,05842-05844,05846-05847,05852-05853,05855-05859,05909-05910,05933,05935,05939,05951-05953,05955-05956,05958,05961-05967,05969-05975,05977,05979,06027,06035,06076-06083,06087-06101,06104-06105,06183,06190,06197,06204-06205,06207-06210,06212-06224,06226-06229,06231,06330-06336,06338-06357,06455-06462,06464-06482,06583,06585,06587-06588,06591-06609,06611-06614,06712-06714,06716-06717,06719-06724,06726-06735,06739-06744,06839-06840,06842-06861,06863-06867,06970-06971,06973-06987,06991-06998,07000-07001,07044,07048,07051,07098-07100,07102-07113,07115-07123,07224-07231,07233-07239,07241-07248,07250-07252,07254,07351-07365,07367-07378,07479-07491,07493-07506,07607-07616,07619-07625,07627-07636,07735-07743,07745-07762,07865-07869,07871-07890,07892-07893,07991-07995,07997-08016,08018-08019,08119-08121,08123-08124,08127-08133,08135,08137-08141,08144-08145,08147,08149-08150,08152,08155-08157,08249-08250,08252-08255,08258-08266,08268,08270-08274,08276-08277,08279,08281,08283-08284,08325,08327,08329,08331,08333,08335,08383-08385,08387-08389,08391-08394,08397,08399-08405,08407,08409-08410,08504,08506-08508,08510,08512,08514-08518,08520,08522,08524,08526-08531,08534-08537,08540-08542,08633-08641,08643-08646,08648-08650,08652-08653,08655-08659,08663-08666,08710,08720,08762-08765,08767-08770,08774-08781,08785-08792,08795,08887-08889,08892-08897,08900,08902,08904-08905,08908-08912,08915,08918-08919,08921-08925,08927,09014-09019,09023-09024,09026-09028,09030-09031,09033-09036,09038-09043,09047,09049-09051,09129,09133-09135,09149-09150,09153-09160,09164-09168,09170-09175,09177,09179,09271-09274,09278,09280,09282-09283,09285-09290,09293-09297,09299-09300,09302,09304,09308,09310-09312,09400-09401,09405-09409,09412,09415,09418-09420,09422-09423,09425-09426,09428,09430-09432,09434-09439,09441,10168-10171,10173-10176]
+ LOGDIR=/lustre/orion/stf243/world-shared/wcastil/Experiments/CUG26/copper_run/logs
+ cd /lustre/orion/stf243/world-shared/wcastil/Experiments/CUG26/copper_run/logs
+ PACKAGE_ENV_LOCATION=/lustre/orion/stf243/world-shared/hagertnl/CUG26/benchmark_builds
+ source /lustre/orion/stf243/world-shared/hagertnl/CUG26/benchmark_builds/common_modules.sh
++ module load PrgEnv-amd
++ '[' -z '' ']'
++ case "$-" in
++ __lmod_sh_dbg=x
++ '[' -n x ']'
++ set +x
Shell debugging temporarily silenced: export LMOD_SH_DBG_ON=1 for Lmod's output

Lmod is automatically replacing "cce/18.0.1" with "amd/6.2.4".


Lmod is automatically replacing "PrgEnv-cray/8.6.0" with "PrgEnv-amd/8.6.0".


Due to MODULEPATH changes, the following have been reloaded:
  1) cray-libsci/24.11.0     2) cray-mpich/8.1.31     3) darshan-runtime/3.4.6-mpi

Shell debugging restarted
++ unset __lmod_sh_dbg
++ return 0
++ module load cpe/25.09
++ '[' -z '' ']'
++ case "$-" in
++ __lmod_sh_dbg=x
++ '[' -n x ']'
++ set +x
Shell debugging temporarily silenced: export LMOD_SH_DBG_ON=1 for Lmod's output

The following have been reloaded with a version change:
  1) amd/6.2.4 => amd/6.4.2
  2) cray-dsmml/0.3.0 => cray-dsmml/0.3.1
  3) cray-libsci/24.11.0 => cray-libsci/25.09.0
  4) cray-mpich/8.1.31 => cray-mpich/9.0.1
  5) cray-pmi/6.1.15 => cray-pmi/6.1.16
  6) craype/2.7.33 => craype/2.7.35
  7) darshan-runtime/3.4.6-mpi => darshan-runtime/3.4.7-mpi
  8) perftools-base/24.11.0 => perftools-base/25.09.0

Shell debugging restarted
++ unset __lmod_sh_dbg
++ return 0
++ module load amd/6.4.2
++ '[' -z '' ']'
++ case "$-" in
++ __lmod_sh_dbg=x
++ '[' -n x ']'
++ set +x
Shell debugging temporarily silenced: export LMOD_SH_DBG_ON=1 for Lmod's output
Shell debugging restarted
++ unset __lmod_sh_dbg
++ return 0
++ module load rocm/6.4.2
++ '[' -z '' ']'
++ case "$-" in
++ __lmod_sh_dbg=x
++ '[' -n x ']'
++ set +x
Shell debugging temporarily silenced: export LMOD_SH_DBG_ON=1 for Lmod's output
Shell debugging restarted
++ unset __lmod_sh_dbg
++ return 0
++ module load libfabric/1.22.0
++ '[' -z '' ']'
++ case "$-" in
++ __lmod_sh_dbg=x
++ '[' -n x ']'
++ set +x
Shell debugging temporarily silenced: export LMOD_SH_DBG_ON=1 for Lmod's output
Shell debugging restarted
++ unset __lmod_sh_dbg
++ return 0
++ module load craype-accel-amd-gfx90a
++ '[' -z '' ']'
++ case "$-" in
++ __lmod_sh_dbg=x
++ '[' -n x ']'
++ set +x
Shell debugging temporarily silenced: export LMOD_SH_DBG_ON=1 for Lmod's output
Shell debugging restarted
++ unset __lmod_sh_dbg
++ return 0
++ module load miniforge3/23.11.0-0
++ '[' -z '' ']'
++ case "$-" in
++ __lmod_sh_dbg=x
++ '[' -n x ']'
++ set +x
Shell debugging temporarily silenced: export LMOD_SH_DBG_ON=1 for Lmod's output
Shell debugging restarted
++ unset __lmod_sh_dbg
++ return 0
++ export LD_LIBRARY_PATH=/opt/cray/pe/mpich/9.0.1/ofi/amd/6.0/lib:/opt/cray/pe/mpich/9.0.1/gtl/lib:/opt/cray/pe/libsci/25.09.0/AMD/6.0/x86_64/lib:/opt/cray/pe/perftools/25.09.0/lib64:/opt/cray/pe/pmi/6.1.16/lib:/opt/cray/pe/dsmml/0.3.1/dsmml/lib:/opt/cray/libfabric/1.22.0/lib64:/opt/rocm-6.4.2/lib/roctracer:/opt/rocm-6.4.2/lib/rocprofiler:/opt/rocm-6.4.2/lib:/sw/frontier/spack-envs/cpe25.09-cpu/opt/llvm-amdgpu-6.4.2/darshan-runtime-3.4.7-tvdocpzv3jfj4y6ki5jvmmkics323gon/lib:/opt/rocm-6.4.2/llvm/lib:/opt/cray/pe/papi/7.2.0.2/lib64
++ LD_LIBRARY_PATH=/opt/cray/pe/mpich/9.0.1/ofi/amd/6.0/lib:/opt/cray/pe/mpich/9.0.1/gtl/lib:/opt/cray/pe/libsci/25.09.0/AMD/6.0/x86_64/lib:/opt/cray/pe/perftools/25.09.0/lib64:/opt/cray/pe/pmi/6.1.16/lib:/opt/cray/pe/dsmml/0.3.1/dsmml/lib:/opt/cray/libfabric/1.22.0/lib64:/opt/rocm-6.4.2/lib/roctracer:/opt/rocm-6.4.2/lib/rocprofiler:/opt/rocm-6.4.2/lib:/sw/frontier/spack-envs/cpe25.09-cpu/opt/llvm-amdgpu-6.4.2/darshan-runtime-3.4.7-tvdocpzv3jfj4y6ki5jvmmkics323gon/lib:/opt/rocm-6.4.2/llvm/lib:/opt/cray/pe/papi/7.2.0.2/lib64
++ [[ /var/spool/slurmd/job4352270/slurm_script == \/\l\u\s\t\r\e\/\o\r\i\o\n\/\s\t\f\2\4\3\/\w\o\r\l\d\-\s\h\a\r\e\d\/\h\a\g\e\r\t\n\l\/\C\U\G\2\6\/\b\e\n\c\h\m\a\r\k\_\b\u\i\l\d\s\/\c\o\m\m\o\n\_\m\o\d\u\l\e\s\.\s\h ]]
+ COPPER_MOUNT_PATH=/mnt/bb/wcastil/copper_mount
+ /lustre/orion/stf243/world-shared/wcastil/Experiments/CUG26/copper_run/launch_copper_frontier.sh -d /lustre/orion/stf243/world-shared/wcastil/Experiments/CUG26/copper_run/logs -v /mnt/bb/wcastil/copper_mount -M 524288000
+ '[' -z '' ']'
+ case "$-" in
+ __lmod_vx=x
+ '[' -n x ']'
+ set +x
Shell debugging temporarily silenced: export LMOD_SH_DBG_ON=1 for this output (/opt/cray/pe/lmod/lmod/init/bash)
Shell debugging restarted
+ unset __lmod_vx
+ echo 'Launching Copper Gracefully On All Nodes : Start'
Launching Copper Gracefully On All Nodes : Start
+ echo /sw/frontier/ums/ums046/copper
/sw/frontier/ums/ums046/copper
+ CUPATH=/sw/frontier/ums/ums046/copper/build/cu_fuse
+ DISCOVERY_HELPER=/sw/frontier/ums/ums046/copper/build/list_cxi_hsn_thallium
+ CU_FUSE_MNT_VIEWDIR=/tmp/wcastil/copper
+ facility_address_book=/sw/frontier/ums/ums046/copper/build/olcf_frontier_copper_addressbook.txt
+ address_book_source=facility
+ log_level=0
+ log_dir=/ccs/home/wcastil/copper-logs
+ log_type=file
+ trees=1
+ max_cacheable_byte_size=10485760
+ md_enoent_ttl_ms=2000
+ profile_metrics=0
+ profile_top_n=0
+ profile_paths_full=0
+ profile_snapshot_interval_s=0
+ sleeptime=10
+ physcpubind=1,2
+ net_type=cxi://cxi1
+ getopts l:t:d:T:M:E:PN:AI:s:b:F:a:n:v: opt
+ case ${opt} in
+ log_dir=/lustre/orion/stf243/world-shared/wcastil/Experiments/CUG26/copper_run/logs
+ getopts l:t:d:T:M:E:PN:AI:s:b:F:a:n:v: opt
+ case ${opt} in
+ CU_FUSE_MNT_VIEWDIR=/mnt/bb/wcastil/copper_mount
+ getopts l:t:d:T:M:E:PN:AI:s:b:F:a:n:v: opt
+ case ${opt} in
+ max_cacheable_byte_size=524288000
+ getopts l:t:d:T:M:E:PN:AI:s:b:F:a:n:v: opt
+ log_dir=/lustre/orion/stf243/world-shared/wcastil/Experiments/CUG26/copper_run/logs/4352270
+ logs_dir=/lustre/orion/stf243/world-shared/wcastil/Experiments/CUG26/copper_run/logs/4352270/logs
+ tables_dir=/lustre/orion/stf243/world-shared/wcastil/Experiments/CUG26/copper_run/logs/4352270/tables
+ profiling_dir=/lustre/orion/stf243/world-shared/wcastil/Experiments/CUG26/copper_run/logs/4352270/profiling
+ profiling_final_dir=/lustre/orion/stf243/world-shared/wcastil/Experiments/CUG26/copper_run/logs/4352270/profiling/final
+ profiling_cluster_dir=/lustre/orion/stf243/world-shared/wcastil/Experiments/CUG26/copper_run/logs/4352270/profiling/cluster
+ node_file_copy=/lustre/orion/stf243/world-shared/wcastil/Experiments/CUG26/copper_run/logs/4352270/logs/node_file.txt
+ prepared_address_book=/lustre/orion/stf243/world-shared/wcastil/Experiments/CUG26/copper_run/logs/4352270/logs/copper_address_book.txt
+ prepared_address_book_full_output=/lustre/orion/stf243/world-shared/wcastil/Experiments/CUG26/copper_run/logs/4352270/logs/copper_address_book_full_output.txt
+ prepare_address_book_awk=/lustre/orion/stf243/world-shared/wcastil/Experiments/CUG26/copper_run/logs/4352270/logs/prepare_address_book.awk
+ select_discovered_address_book_awk=/lustre/orion/stf243/world-shared/wcastil/Experiments/CUG26/copper_run/logs/4352270/logs/select_discovered_address_book.awk
+ echo 'log_level                  : 0'
log_level                  : 0
+ echo 'log_type                   : file'
log_type                   : file
+ echo 'trees                      : 1'
trees                      : 1
+ echo 'max_cacheable_byte_size    : 524288000'
max_cacheable_byte_size    : 524288000
+ echo 'md_enoent_ttl_ms           : 2000'
md_enoent_ttl_ms           : 2000
+ echo 'profile_metrics            : 0'
profile_metrics            : 0
+ echo 'profile_top_n              : 0'
profile_top_n              : 0
+ echo 'profile_paths_full         : 0'
profile_paths_full         : 0
+ echo 'profile_snapshot_interval_s: 0'
profile_snapshot_interval_s: 0
+ echo 'sleeptime                  : 10'
sleeptime                  : 10
+ echo 'CU_FUSE_MNT_VIEWDIR        : /mnt/bb/wcastil/copper_mount'
CU_FUSE_MNT_VIEWDIR        : /mnt/bb/wcastil/copper_mount
+ echo 'LOGDIR                     : /lustre/orion/stf243/world-shared/wcastil/Experiments/CUG26/copper_run/logs/4352270'
LOGDIR                     : /lustre/orion/stf243/world-shared/wcastil/Experiments/CUG26/copper_run/logs/4352270
+ echo 'logs_dir                   : /lustre/orion/stf243/world-shared/wcastil/Experiments/CUG26/copper_run/logs/4352270/logs'
logs_dir                   : /lustre/orion/stf243/world-shared/wcastil/Experiments/CUG26/copper_run/logs/4352270/logs
+ echo 'tables_dir                 : /lustre/orion/stf243/world-shared/wcastil/Experiments/CUG26/copper_run/logs/4352270/tables'
tables_dir                 : /lustre/orion/stf243/world-shared/wcastil/Experiments/CUG26/copper_run/logs/4352270/tables
+ echo 'profiling_final_dir        : /lustre/orion/stf243/world-shared/wcastil/Experiments/CUG26/copper_run/logs/4352270/profiling/final'
profiling_final_dir        : /lustre/orion/stf243/world-shared/wcastil/Experiments/CUG26/copper_run/logs/4352270/profiling/final
+ echo 'profiling_cluster_dir      : /lustre/orion/stf243/world-shared/wcastil/Experiments/CUG26/copper_run/logs/4352270/profiling/cluster'
profiling_cluster_dir      : /lustre/orion/stf243/world-shared/wcastil/Experiments/CUG26/copper_run/logs/4352270/profiling/cluster
+ echo 'SLURM_NODEFILE             : '
SLURM_NODEFILE             : 
+ echo 'physcpubind                : 1,2'
physcpubind                : 1,2
+ echo 'facility_address_book      : /sw/frontier/ums/ums046/copper/build/olcf_frontier_copper_addressbook.txt'
facility_address_book      : /sw/frontier/ums/ums046/copper/build/olcf_frontier_copper_addressbook.txt
+ echo 'address_book_source        : facility'
address_book_source        : facility
+ echo 'prepared_address_book      : /lustre/orion/stf243/world-shared/wcastil/Experiments/CUG26/copper_run/logs/4352270/logs/copper_address_book.txt'
prepared_address_book      : /lustre/orion/stf243/world-shared/wcastil/Experiments/CUG26/copper_run/logs/4352270/logs/copper_address_book.txt
+ echo 'prepared_address_book_full : /lustre/orion/stf243/world-shared/wcastil/Experiments/CUG26/copper_run/logs/4352270/logs/copper_address_book_full_output.txt'
prepared_address_book_full : /lustre/orion/stf243/world-shared/wcastil/Experiments/CUG26/copper_run/logs/4352270/logs/copper_address_book_full_output.txt
+ echo 'discovery_helper           : /sw/frontier/ums/ums046/copper/build/list_cxi_hsn_thallium'
discovery_helper           : /sw/frontier/ums/ums046/copper/build/list_cxi_hsn_thallium
+ echo 'net_type                   : cxi://cxi1'
net_type                   : cxi://cxi1
+ mkdir -p /lustre/orion/stf243/world-shared/wcastil/Experiments/CUG26/copper_run/logs/4352270/logs /lustre/orion/stf243/world-shared/wcastil/Experiments/CUG26/copper_run/logs/4352270/tables/final /lustre/orion/stf243/world-shared/wcastil/Experiments/CUG26/copper_run/logs/4352270/profiling/final /lustre/orion/stf243/world-shared/wcastil/Experiments/CUG26/copper_run/logs/4352270/profiling/cluster
+ scontrol show hostnames 'frontier[00053-00055,00071-00073,00075-00078,00080,00082-00083,00087-00088,00090,00093-00097,00101-00103,00107-00110,00185,00188,00191-00193,00195-00196,00200-00202,00204,00207-00208,00210-00214,00217,00219-00220,00222-00225,00228,00230-00231,00268,00313-00315,00317-00319,00322-00325,00330,00332-00335,00339-00342,00345-00350,00353,00356,00396,00440-00442,00444,00446-00450,00453-00454,00458,00461-00466,00469-00471,00474-00477,00479,00481,00514,00541,00569-00573,00575,00577-00581,00584-00585,00587-00590,00592-00595,00597-00599,00602,00605,00695-00696,00698-00702,00707-00708,00710-00713,00718-00722,00724-00727,00731,00735-00736,00738-00740,00823-00833,00836-00843,00846-00854,00954-00956,00958,00962,00965-00966,00968-00970,00972,00977-00981,00983-00990,00992-00995,01079,01081,01083-01086,01088-01090,01094-01098,01100-01101,01106,01109-01111,01113,01115-01120,01122,01207-01210,01212,01215-01221,01223-01229,01231-01232,01235-01239,01241-01242,01335-01336,01338,01342-01344,01346-01349,01352,01354-01359,01362,01364-01366,01369-01374,01377,01463-01464,01466-01467,01471-01475,01477-01479,01483-01485,01487-01494,01497,01499-01500,01502-01503,01592-01598,01600,01602-01606,01608-01610,01613-01614,01616-01622,01625,01629-01630,01719-01721,01723-01727,01729,01731-01737,01739,01741-01745,01747-01749,01751-01753,01848-01852,01854-01856,01860-01863,01865-01868,01870-01877,01880-01881,01883,01887,01975,01979-01984,01986-01987,01989,01991-01992,01994-01997,02000,02002-02006,02008-02010,02012-02013,02017,02103-02104,02108-02115,02118-02120,02122-02123,02125-02126,02129-02133,02136,02138-02142,02233,02235,02237-02238,02240-02241,02243-02245,02248-02254,02259-02261,02267-02269,02272-02274,02277-02279,02359-02360,02363-02364,02366-02367,02369,02371-02374,02377-02385,02387-02388,02392,02395-02399,02489-02493,02499-02503,02505-02507,02510-02514,02516-02519,02521-02524,02526-02527,02615-02619,02621-02623,02626-02629,02631-02632,02634,02638-02640,02642-02645,02647-02651,02653,02745,02748-02753,02756-02763,02768-02773,02776,02778-02780,02782-02784,02874-02877,02879-02882,02889-02892,02894,02896-02901,02904-02908,02913,02915-02917,02999-03000,03003-03009,03011-03012,03015-03017,03020-03021,03023,03025-03029,03033-03038,03129-03130,03132,03134,03136-03142,03146-03150,03153-03154,03157-03164,03167-03168,03257,03259-03261,03265-03270,03272-03273,03275-03281,03287-03290,03294-03297,03299,03383-03386,03388-03389,03392-03394,03396,03398-03400,03403-03414,03419-03421,03511-03517,03519,03521-03522,03524-03525,03527-03529,03532-03533,03535,03537-03543,03545-03546,03549,03640-03648,03651-03656,03658-03659,03662-03664,03666-03668,03671-03674,03678,03767,03769-03771,03773-03774,03776-03777,03781,03783-03787,03789,03792,03795-03796,03798,03801-03803,03806-03809,03812-03813,03895,03898-03900,03902-03903,03905-03906,03909-03911,03913,03915-03918,03921-03931,03933,04024-04026,04028-04034,04040-04042,04044-04047,04050-04060,04152,04156-04159,04168,04170,04175,04177-04179,04181,04185,04187-04188,04193-04195,04197-04206,04281,04283-04284,04290,04298,04303,04305,04308-04313,04315,04318,04320,04323-04334,04407,04410,04415-04416,04428-04432,04436-04437,04439,04441,04446,04452,04454-04455,04458,04462-04467,04535-04537,04542-04543,04549,04555-04557,04559,04563-04567,04571-04572,04575,04580-04589,04669-04671,04677,04680-04683,04686,04689,04691-04692,04697-04698,04700,04702-04704,04706,04708-04712,04714-04717,04794-04796,04803,04805,04809,04823-04844,04901-04902,04922,04932-04936,04941-04942,04944,04946-04947,04953,04955-04958,04962,04964-04965,04968-04974,05000,05006-05007,05030-05031,05048-05049,05063,05065-05067,05070,05072,05075-05076,05081-05082,05085,05087-05091,05097,05100-05103,05132-05133,05141,05147,05162,05168,05183,05188,05192,05194-05196,05198,05202,05204-05209,05212,05214,05216-05217,05221,05224,05226-05227,05258,05279-05280,05294,05300-05301,05313,05316,05319-05324,05327-05328,05330-05335,05337,05339,05343,05347-05349,05378,05384,05405-05406,05420,05426-05427,05444,05448-05449,05451-05452,05458-05460,05463,05466,05468,05470-05471,05475,05479-05485,05510,05519,05540,05561,05568,05571-05572,05574,05577-05580,05583-05584,05586,05588-05591,05593,05595-05596,05601,05607-05611,05657-05658,05666,05672,05678,05698-05702,05705-05706,05709-05711,05713,05715-05720,05722,05724-05725,05727,05729-05730,05771,05777,05783,05805,05819,05824-05826,05828-05829,05832,05835-05838,05840,05842-05844,05846-05847,05852-05853,05855-05859,05909-05910,05933,05935,05939,05951-05953,05955-05956,05958,05961-05967,05969-05975,05977,05979,06027,06035,06076-06083,06087-06101,06104-06105,06183,06190,06197,06204-06205,06207-06210,06212-06224,06226-06229,06231,06330-06336,06338-06357,06455-06462,06464-06482,06583,06585,06587-06588,06591-06609,06611-06614,06712-06714,06716-06717,06719-06724,06726-06735,06739-06744,06839-06840,06842-06861,06863-06867,06970-06971,06973-06987,06991-06998,07000-07001,07044,07048,07051,07098-07100,07102-07113,07115-07123,07224-07231,07233-07239,07241-07248,07250-07252,07254,07351-07365,07367-07378,07479-07491,07493-07506,07607-07616,07619-07625,07627-07636,07735-07743,07745-07762,07865-07869,07871-07890,07892-07893,07991-07995,07997-08016,08018-08019,08119-08121,08123-08124,08127-08133,08135,08137-08141,08144-08145,08147,08149-08150,08152,08155-08157,08249-08250,08252-08255,08258-08266,08268,08270-08274,08276-08277,08279,08281,08283-08284,08325,08327,08329,08331,08333,08335,08383-08385,08387-08389,08391-08394,08397,08399-08405,08407,08409-08410,08504,08506-08508,08510,08512,08514-08518,08520,08522,08524,08526-08531,08534-08537,08540-08542,08633-08641,08643-08646,08648-08650,08652-08653,08655-08659,08663-08666,08710,08720,08762-08765,08767-08770,08774-08781,08785-08792,08795,08887-08889,08892-08897,08900,08902,08904-08905,08908-08912,08915,08918-08919,08921-08925,08927,09014-09019,09023-09024,09026-09028,09030-09031,09033-09036,09038-09043,09047,09049-09051,09129,09133-09135,09149-09150,09153-09160,09164-09168,09170-09175,09177,09179,09271-09274,09278,09280,09282-09283,09285-09290,09293-09297,09299-09300,09302,09304,09308,09310-09312,09400-09401,09405-09409,09412,09415,09418-09420,09422-09423,09425-09426,09428,09430-09432,09434-09439,09441,10168-10171,10173-10176]'
+ clush --hostfile /lustre/orion/stf243/world-shared/wcastil/Experiments/CUG26/copper_run/logs/4352270/logs/node_file.txt 'fusermount3 -u /mnt/bb/wcastil/copper_mount'
+ clush --hostfile /lustre/orion/stf243/world-shared/wcastil/Experiments/CUG26/copper_run/logs/4352270/logs/node_file.txt 'rm -rf /mnt/bb/wcastil/copper_mount'
+ clush --hostfile /lustre/orion/stf243/world-shared/wcastil/Experiments/CUG26/copper_run/logs/4352270/logs/node_file.txt 'mkdir -p /mnt/bb/wcastil/copper_mount'
+ rm -f /lustre/orion/stf243/world-shared/wcastil/Experiments/CUG26/copper_run/logs/4352270/logs/copper_address_book.txt /lustre/orion/stf243/world-shared/wcastil/Experiments/CUG26/copper_run/logs/4352270/logs/copper_address_book_full_output.txt /lustre/orion/stf243/world-shared/wcastil/Experiments/CUG26/copper_run/logs/4352270/logs/prepare_address_book.awk /lustre/orion/stf243/world-shared/wcastil/Experiments/CUG26/copper_run/logs/4352270/logs/select_discovered_address_book.awk
+ echo 'Preparing job-local address book once before full cu_fuse launch'
Preparing job-local address book once before full cu_fuse launch
++ date +%s
+ prepare_address_book_start_epoch=1775680757
+ prepare_address_book_rc=0
+ case "${address_book_source}" in
+ prepare_address_book_from_facility
+ cp /sw/frontier/ums/ums046/copper/build/olcf_frontier_copper_addressbook.txt /lustre/orion/stf243/world-shared/wcastil/Experiments/CUG26/copper_run/logs/4352270/logs/copper_address_book_full_output.txt
+ cat
+ srun --overlap -N 1 -n 1 --ntasks-per-node=1 env NODEFILE_PATH=/lustre/orion/stf243/world-shared/wcastil/Experiments/CUG26/copper_run/logs/4352270/logs/node_file.txt FACILITY_BOOK=/sw/frontier/ums/ums046/copper/build/olcf_frontier_copper_addressbook.txt OUTPUT_PATH=/lustre/orion/stf243/world-shared/wcastil/Experiments/CUG26/copper_run/logs/4352270/logs/copper_address_book.txt AWK_SCRIPT=/lustre/orion/stf243/world-shared/wcastil/Experiments/CUG26/copper_run/logs/4352270/logs/prepare_address_book.awk bash -lc 'awk -f "$AWK_SCRIPT" "$NODEFILE_PATH" "$FACILITY_BOOK" > "$OUTPUT_PATH"'
Deactivating conda environments
++ date +%s
+ prepare_address_book_end_epoch=1775680759
+ echo 'prepared address book generation took 2 s'
prepared address book generation took 2 s
+ '[' 0 -ne 0 ']'
+ '[' '!' -s /lustre/orion/stf243/world-shared/wcastil/Experiments/CUG26/copper_run/logs/4352270/logs/copper_address_book.txt ']'
+ profile_options=
+ '[' 0 -eq 1 ']'
+ '[' 0 -gt 0 ']'
+ '[' 0 -eq 1 ']'
+ '[' 0 -gt 0 ']'
+ options=' -f -tpath / -vpath /mnt/bb/wcastil/copper_mount -log_level 0 -log_type file -log_output_dir /lustre/orion/stf243/world-shared/wcastil/Experiments/CUG26/copper_run/logs/4352270 -net_type cxi://cxi1 -trees 1 -nf /lustre/orion/stf243/world-shared/wcastil/Experiments/CUG26/copper_run/logs/4352270/logs/node_file.txt -max_cacheable_byte_size 524288000 -md_enoent_ttl_ms 2000 -facility_address_book /lustre/orion/stf243/world-shared/wcastil/Experiments/CUG26/copper_run/logs/4352270/logs/copper_address_book.txt -prefiltered_address_book 1 -s /mnt/bb/wcastil/copper_mount'
+ echo 'sleeping for 10 s'
sleeping for 10 s
+ sleep 10s
+ srun --overlap -N 2048 --ntasks-per-node=1 --cpus-per-task=2 bash -c '
    echo "host=$(hostname)"
    echo "allowed=$(grep Cpus_allowed_list /proc/self/status | awk "{print \$2}")"
    echo "current_cpu=$(ps -o psr= -p $$)"
    exec /sw/frontier/ums/ums046/copper/build/cu_fuse  -f -tpath / -vpath /mnt/bb/wcastil/copper_mount -log_level 0 -log_type file -log_output_dir /lustre/orion/stf243/world-shared/wcastil/Experiments/CUG26/copper_run/logs/4352270 -net_type cxi://cxi1 -trees 1 -nf /lustre/orion/stf243/world-shared/wcastil/Experiments/CUG26/copper_run/logs/4352270/logs/node_file.txt -max_cacheable_byte_size 524288000 -md_enoent_ttl_ms 2000 -facility_address_book /lustre/orion/stf243/world-shared/wcastil/Experiments/CUG26/copper_run/logs/4352270/logs/copper_address_book.txt -prefiltered_address_book 1 -s /mnt/bb/wcastil/copper_mount
    '\''
  '
host=frontier00053
allowed=1-2
current_cpu=  1
host=frontier02252
allowed=1-2
host=frontier00212
host=frontier03000
host=frontier07118
host=frontier03003
host=frontier04177
host=frontier00213
host=frontier00055
host=frontier05722
host=frontier02770
host=frontier02233
host=frontier03540
host=frontier03159
host=frontier00595
host=frontier04185
host=frontier02384
host=frontier03785
host=frontier01224
host=frontier06349
host=frontier01851
host=frontier09271
host=frontier04584
host=frontier01227
host=frontier04587
host=frontier04829
host=frontier06840
host=frontier07231
host=frontier09280
host=frontier02009
host=frontier06843
host=frontier02634
host=frontier00846
current_cpu=  1
host=frontier07869
host=frontier08894
host=frontier03027
host=frontier00319
host=frontier08895
host=frontier06217
host=frontier01484
host=frontier06219
host=frontier03270
host=frontier00324
host=frontier01336
host=frontier04284
host=frontier02647
host=frontier10173
host=frontier02501
host=frontier01101
host=frontier10174
host=frontier00332
host=frontier08663
host=frontier04842
host=frontier07098
host=frontier00108
host=frontier04464
host=frontier04843
host=frontier01727
host=frontier05279
host=frontier04698
host=frontier07490
host=frontier03515
host=frontier06228
host=frontier06229
host=frontier00193
host=frontier02513
host=frontier08283
host=frontier04060
host=frontier08530
host=frontier04941
host=frontier08137
host=frontier05322
host=frontier04942
host=frontier01358
host=frontier00580
host=frontier02132
host=frontier08335
host=frontier00983
host=frontier07992
host=frontier07748
host=frontier04947
host=frontier01212
host=frontier06097
host=frontier06341
host=frontier05133
host=frontier08385
host=frontier05953
host=frontier07756
host=frontier07123
host=frontier07367
host=frontier06204
host=frontier01226
host=frontier04586
host=frontier08795
host=frontier02008
host=frontier03796
host=frontier08405
host=frontier08650
host=frontier08013
host=frontier02879
host=frontier01239
host=frontier06852
host=frontier05460
host=frontier06465
host=frontier04308
host=frontier00569
host=frontier04467
host=frontier06719
host=frontier09158
host=frontier06866
host=frontier04946
host=frontier00449
host=frontier00088
host=frontier03023
host=frontier05427
host=frontier06216
host=frontier10175
host=frontier01877
host=frontier03290
host=frontier02369
host=frontier03146
host=frontier08004
allowed=1-2
allowed=1-2
allowed=1-2
allowed=1-2
allowed=1-2
allowed=1-2
allowed=1-2
allowed=1-2
allowed=1-2
allowed=1-2
allowed=1-2
allowed=1-2
allowed=1-2
allowed=1-2
allowed=1-2
allowed=1-2
allowed=1-2
allowed=1-2
allowed=1-2
allowed=1-2
allowed=1-2
allowed=1-2
allowed=1-2
allowed=1-2
allowed=1-2
allowed=1-2
allowed=1-2
allowed=1-2
allowed=1-2
allowed=1-2
allowed=1-2
allowed=1-2
allowed=1-2
allowed=1-2
allowed=1-2
allowed=1-2
allowed=1-2
allowed=1-2
allowed=1-2
allowed=1-2
allowed=1-2
allowed=1-2
allowed=1-2
allowed=1-2
allowed=1-2
allowed=1-2
allowed=1-2
allowed=1-2
allowed=1-2
allowed=1-2
allowed=1-2
allowed=1-2
allowed=1-2
allowed=1-2
allowed=1-2
allowed=1-2
allowed=1-2
allowed=1-2
allowed=1-2
allowed=1-2
allowed=1-2
allowed=1-2
allowed=1-2
allowed=1-2
allowed=1-2
allowed=1-2
allowed=1-2
allowed=1-2
allowed=1-2
allowed=1-2
allowed=1-2
allowed=1-2
allowed=1-2
allowed=1-2
allowed=1-2
allowed=1-2
allowed=1-2
allowed=1-2
allowed=1-2
allowed=1-2
allowed=1-2
allowed=1-2
allowed=1-2
allowed=1-2
allowed=1-2
allowed=1-2
allowed=1-2
allowed=1-2
allowed=1-2
allowed=1-2
allowed=1-2
allowed=1-2
allowed=1-2
allowed=1-2
allowed=1-2
allowed=1-2
allowed=1-2
allowed=1-2
allowed=1-2
allowed=1-2
allowed=1-2
allowed=1-2
allowed=1-2
allowed=1-2
allowed=1-2
allowed=1-2
allowed=1-2
allowed=1-2
allowed=1-2
allowed=1-2
allowed=1-2
allowed=1-2
allowed=1-2
allowed=1-2
allowed=1-2
allowed=1-2
allowed=1-2
allowed=1-2
allowed=1-2
current_cpu=  1
current_cpu=  1
current_cpu=  1
current_cpu=  1
current_cpu=  1
current_cpu=  1
current_cpu=  1
current_cpu=  1
current_cpu=  1
current_cpu=  1
current_cpu=  1
current_cpu=  1
current_cpu=  1
current_cpu=  1
current_cpu=  1
current_cpu=  1
current_cpu=  1
current_cpu=  1
current_cpu=  2
current_cpu=  2
current_cpu=  1
current_cpu=  1
current_cpu=  1
current_cpu=  1
current_cpu=  1
current_cpu=  1
current_cpu=  1
current_cpu=  1
current_cpu=  1
current_cpu=  2
current_cpu=  1
current_cpu=  1
current_cpu=  1
current_cpu=  1
current_cpu=  1
current_cpu=  1
current_cpu=  2
current_cpu=  1
current_cpu=  1
current_cpu=  1
current_cpu=  2
current_cpu=  1
current_cpu=  1
current_cpu=  1
current_cpu=  1
current_cpu=  1
current_cpu=  1
current_cpu=  1
current_cpu=  1
current_cpu=  1
current_cpu=  1
current_cpu=  1
current_cpu=  2
current_cpu=  1
current_cpu=  1
current_cpu=  2
current_cpu=  1
current_cpu=  1
current_cpu=  1
current_cpu=  1
current_cpu=  1
current_cpu=  1
current_cpu=  1
current_cpu=  1
current_cpu=  1
current_cpu=  1
current_cpu=  1
current_cpu=  1
current_cpu=  1
current_cpu=  1
current_cpu=  1
current_cpu=  2
current_cpu=  2
current_cpu=  1
current_cpu=  1
current_cpu=  1
current_cpu=  1
current_cpu=  1
current_cpu=  1
current_cpu=  1
current_cpu=  1
current_cpu=  2
current_cpu=  1
current_cpu=  1
current_cpu=  1
current_cpu=  1
current_cpu=  1
current_cpu=  1
current_cpu=  1
current_cpu=  1
current_cpu=  2
current_cpu=  1
current_cpu=  1
current_cpu=  1
current_cpu=  1
current_cpu=  1
current_cpu=  1
current_cpu=  1
current_cpu=  1
current_cpu=  1
current_cpu=  1
current_cpu=  1
current_cpu=  1
current_cpu=  1
current_cpu=  1
current_cpu=  1
current_cpu=  1
current_cpu=  1
current_cpu=  1
allowed=1-2
current_cpu=  1
current_cpu=  1
host=frontier02523
current_cpu=  1
current_cpu=  1
allowed=1-2
current_cpu=  1
current_cpu=  1
current_cpu=  1
current_cpu=  1
host=frontier04206
host=frontier05426
current_cpu=  1
allowed=1-2
host=frontier06606
current_cpu=  1
allowed=1-2
allowed=1-2
host=frontier00727
current_cpu=  1
host=frontier05824
allowed=1-2
host=frontier09043
host=frontier09172
allowed=1-2
allowed=1-2
allowed=1-2
host=frontier00325
host=frontier07044
allowed=1-2
allowed=1-2
host=frontier06743
current_cpu=  1
allowed=1-2
host=frontier06607
host=frontier02621
allowed=1-2
allowed=1-2
current_cpu=  1
host=frontier03928
current_cpu=  1
current_cpu=  1
allowed=1-2
host=frontier05836
host=frontier05658
allowed=1-2
current_cpu=  1
allowed=1-2
host=frontier05724
host=frontier01619
host=frontier07375
current_cpu=  1
current_cpu=  1
current_cpu=  1
allowed=1-2
allowed=1-2
allowed=1-2
current_cpu=  1
current_cpu=  1
current_cpu=  1
current_cpu=  1
current_cpu=  1
host=frontier05702
host=frontier01996
current_cpu=  1
allowed=1-2
host=frontier05935
host=frontier09278
host=frontier00712
host=frontier05828
allowed=1-2
allowed=1-2
allowed=1-2
current_cpu=  1
allowed=1-2
allowed=1-2
host=frontier00208
current_cpu=  1
host=frontier00739
allowed=1-2
host=frontier08775
host=frontier00076
current_cpu=  1
current_cpu=  1
current_cpu=  1
allowed=1-2
allowed=1-2
allowed=1-2
host=frontier05101
allowed=1-2
host=frontier07746
host=frontier01370
allowed=1-2
allowed=1-2
host=frontier06605
host=frontier06998
host=frontier01483
allowed=1-2
allowed=1-2
host=frontier01731
allowed=1-2
allowed=1-2
host=frontier02364
current_cpu=  1
allowed=1-2
host=frontier02915
current_cpu=  1
host=frontier07878
current_cpu=  1
current_cpu=  1
current_cpu=  1
allowed=1-2
current_cpu=  1
allowed=1-2
current_cpu=  1
current_cpu=  1
current_cpu=  1
current_cpu=  2
host=frontier07622
host=frontier05579
host=frontier09441
current_cpu=  1
allowed=1-2
host=frontier08781
allowed=1-2
allowed=1-2
host=frontier01371
allowed=1-2
current_cpu=  2
current_cpu=  1
host=frontier01106
host=frontier01095
allowed=1-2
allowed=1-2
current_cpu=  1
allowed=1-2
host=frontier06723
current_cpu=  2
host=frontier02896
current_cpu=  1
host=frontier07486
allowed=1-2
current_cpu=  1
allowed=1-2
allowed=1-2
host=frontier07505
host=frontier05343
allowed=1-2
current_cpu=  1
allowed=1-2
current_cpu=  1
current_cpu=  2
host=frontier04441
host=frontier06604
host=frontier03278
allowed=1-2
allowed=1-2
current_cpu=  1
current_cpu=  1
allowed=1-2
current_cpu=  1
current_cpu=  1
current_cpu=  1
host=frontier07888
current_cpu=  1
allowed=1-2
current_cpu=  1
current_cpu=  1
host=frontier09428
host=frontier07881
host=frontier09170
current_cpu=  1
current_cpu=  1
allowed=1-2
allowed=1-2
host=frontier07374
host=frontier08268
allowed=1-2
current_cpu=  1
allowed=1-2
allowed=1-2
current_cpu=  1
host=frontier09042
host=frontier01863
host=frontier08768
host=frontier05090
allowed=1-2
host=frontier08641
allowed=1-2
host=frontier01850
host=frontier01726
allowed=1-2
allowed=1-2
allowed=1-2
allowed=1-2
host=frontier07993
allowed=1-2
host=frontier07991
current_cpu=  1
current_cpu=  1
host=frontier07491
allowed=1-2
current_cpu=  1
host=frontier06842
allowed=1-2
host=frontier05066
allowed=1-2
allowed=1-2
allowed=1-2
current_cpu=  1
host=frontier07742
host=frontier08787
allowed=1-2
current_cpu=  2
current_cpu=  1
current_cpu=  1
allowed=1-2
host=frontier04901
current_cpu=  1
current_cpu=  1
host=frontier02514
allowed=1-2
host=frontier00824
allowed=1-2
allowed=1-2
current_cpu=  1
current_cpu=  1
current_cpu=  1
current_cpu=  1
current_cpu=  1
host=frontier03383
current_cpu=  1
current_cpu=  1
allowed=1-2
current_cpu=  1
host=frontier06205
current_cpu=  1
current_cpu=  1
current_cpu=  1
current_cpu=  1
allowed=1-2
host=frontier04823
host=frontier08260
host=frontier00725
host=frontier04029
host=frontier08387
allowed=1-2
allowed=1-2
allowed=1-2
allowed=1-2
allowed=1-2
current_cpu=  1
host=frontier06867
host=frontier00602
host=frontier08124
host=frontier00850
host=frontier04566
allowed=1-2
current_cpu=  2
allowed=1-2
host=frontier05678
allowed=1-2
allowed=1-2
host=frontier05716
allowed=1-2
host=frontier02510
host=frontier08149
current_cpu=  2
allowed=1-2
host=frontier04935
allowed=1-2
current_cpu=  1
allowed=1-2
allowed=1-2
host=frontier01219
host=frontier09173
allowed=1-2
current_cpu=  1
allowed=1-2
host=frontier04331
allowed=1-2
host=frontier05348
host=frontier08786
host=frontier08383
host=frontier04455
host=frontier05224
host=frontier03921
allowed=1-2
host=frontier06865
host=frontier05961
allowed=1-2
allowed=1-2
allowed=1-2
allowed=1-2
host=frontier02398
host=frontier02745
allowed=1-2
allowed=1-2
host=frontier05593
current_cpu=  1
host=frontier03784
allowed=1-2
host=frontier01338
allowed=1-2
host=frontier03917
allowed=1-2
host=frontier08005
allowed=1-2
host=frontier06731
host=frontier00735
allowed=1-2
host=frontier09018
allowed=1-2
current_cpu=  1
allowed=1-2
host=frontier08919
allowed=1-2
host=frontier01475
allowed=1-2
allowed=1-2
host=frontier00479
allowed=1-2
host=frontier08918
allowed=1-2
allowed=1-2
allowed=1-2
host=frontier01984
host=frontier01732
host=frontier09159
host=frontier04152
host=frontier01852
host=frontier01872
allowed=1-2
host=frontier00726
allowed=1-2
host=frontier02522
current_cpu=  1
current_cpu=  1
host=frontier04686
host=frontier06978
current_cpu=  1
host=frontier04158
current_cpu=  1
host=frontier06611
allowed=1-2
allowed=1-2
allowed=1-2
allowed=1-2
host=frontier02133
current_cpu=  2
allowed=1-2
allowed=1-2
host=frontier08129
allowed=1-2
allowed=1-2
allowed=1-2
allowed=1-2
allowed=1-2
host=frontier07632
allowed=1-2
allowed=1-2
host=frontier08638
allowed=1-2
host=frontier08774
current_cpu=  1
current_cpu=  1
host=frontier07500
current_cpu=  1
allowed=1-2
current_cpu=  1
current_cpu=  1
allowed=1-2
allowed=1-2
host=frontier01719
allowed=1-2
host=frontier06974
current_cpu=  1
current_cpu=  1
host=frontier08531
host=frontier04710
current_cpu=  2
current_cpu=  1
allowed=1-2
host=frontier08893
host=frontier03659
allowed=1-2
host=frontier04204
current_cpu=  1
host=frontier04026
allowed=1-2
allowed=1-2
current_cpu=  1
current_cpu=  2
allowed=1-2
allowed=1-2
allowed=1-2
allowed=1-2
current_cpu=  1
current_cpu=  1
current_cpu=  1
current_cpu=  1
current_cpu=  1
current_cpu=  1
current_cpu=  2
current_cpu=  1
current_cpu=  1
current_cpu=  1
current_cpu=  1
current_cpu=  1
host=frontier05725
current_cpu=  1
current_cpu=  1
current_cpu=  1
current_cpu=  1
current_cpu=  1
current_cpu=  1
allowed=1-2
current_cpu=  1
current_cpu=  1
current_cpu=  1
current_cpu=  1
host=frontier03792
host=frontier06854
current_cpu=  1
host=frontier09166
current_cpu=  1
host=frontier06863
host=frontier04318
current_cpu=  1
current_cpu=  1
current_cpu=  1
host=frontier02627
allowed=1-2
host=frontier04463
current_cpu=  1
current_cpu=  1
current_cpu=  2
host=frontier05973
current_cpu=  1
current_cpu=  1
host=frontier02891
allowed=1-2
current_cpu=  1
allowed=1-2
current_cpu=  1
allowed=1-2
current_cpu=  1
current_cpu=  1
allowed=1-2
allowed=1-2
allowed=1-2
allowed=1-2
current_cpu=  1
allowed=1-2
host=frontier05088
current_cpu=  1
host=frontier00970
host=frontier03672
current_cpu=  2
current_cpu=  2
allowed=1-2
current_cpu=  1
host=frontier04575
allowed=1-2
allowed=1-2
host=frontier07873
current_cpu=  1
host=frontier09135
host=frontier05972
current_cpu=  1
allowed=1-2
host=frontier02778
current_cpu=  1
allowed=1-2
host=frontier07099
allowed=1-2
current_cpu=  2
allowed=1-2
current_cpu=  1
current_cpu=  1
host=frontier02757
current_cpu=  1
current_cpu=  1
allowed=1-2
allowed=1-2
allowed=1-2
host=frontier08780
allowed=1-2
host=frontier05087
host=frontier04159
host=frontier04567
host=frontier05580
current_cpu=  1
host=frontier08329
allowed=1-2
allowed=1-2
host=frontier03394
allowed=1-2
allowed=1-2
allowed=1-2
current_cpu=  2
allowed=1-2
host=frontier07625
current_cpu=  1
host=frontier07999
current_cpu=  1
current_cpu=  2
allowed=1-2
current_cpu=  1
current_cpu=  1
current_cpu=  1
allowed=1-2
current_cpu=  1
host=frontier02890
host=frontier01463
current_cpu=  1
host=frontier01616
host=frontier04323
host=frontier06730
host=frontier08517
host=frontier01989
host=frontier04462
current_cpu=  1
allowed=1-2
allowed=1-2
host=frontier04283
host=frontier06336
allowed=1-2
current_cpu=  1
allowed=1-2
host=frontier06987
current_cpu=  1
allowed=1-2
allowed=1-2
allowed=1-2
current_cpu=  1
allowed=1-2
allowed=1-2
allowed=1-2
host=frontier00201
allowed=1-2
host=frontier07254
host=frontier02626
current_cpu=  1
current_cpu=  1
host=frontier01372
allowed=1-2
host=frontier03652
current_cpu=  1
host=frontier05805
host=frontier04430
current_cpu=  1
current_cpu=  1
allowed=1-2
allowed=1-2
current_cpu=  1
allowed=1-2
allowed=1-2
allowed=1-2
allowed=1-2
host=frontier08404
host=frontier08927
allowed=1-2
allowed=1-2
current_cpu=  1
host=frontier04028
host=frontier04033
host=frontier04466
host=frontier04691
host=frontier03902
host=frontier04677
current_cpu=  1
current_cpu=  1
current_cpu=  1
allowed=1-2
allowed=1-2
current_cpu=  1
current_cpu=  1
allowed=1-2
allowed=1-2
allowed=1-2
allowed=1-2
host=frontier08018
host=frontier01876
current_cpu=  1
host=frontier03516
host=frontier02253
allowed=1-2
allowed=1-2
current_cpu=  1
current_cpu=  1
host=frontier03015
allowed=1-2
host=frontier03161
host=frontier00958
allowed=1-2
host=frontier01753
host=frontier02622
host=frontier05081
host=frontier07110
host=frontier00268
allowed=1-2
host=frontier05481
host=frontier02489
allowed=1-2
current_cpu=  1
current_cpu=  1
allowed=1-2
current_cpu=  1
host=frontier08393
allowed=1-2
allowed=1-2
host=frontier02108
allowed=1-2
allowed=1-2
allowed=1-2
current_cpu=  1
host=frontier06183
current_cpu=  1
current_cpu=  1
current_cpu=  1
host=frontier07376
current_cpu=  1
allowed=1-2
allowed=1-2
host=frontier09409
host=frontier08527
current_cpu=  1
current_cpu=  1
allowed=1-2
allowed=1-2
allowed=1-2
current_cpu=  1
host=frontier03147
allowed=1-2
host=frontier03026
allowed=1-2
allowed=1-2
current_cpu=  1
allowed=1-2
allowed=1-2
current_cpu=  1
host=frontier06742
host=frontier01865
current_cpu=  1
host=frontier00077
host=frontier02882
current_cpu=  1
host=frontier03012
current_cpu=  1
current_cpu=  1
allowed=1-2
current_cpu=  1
allowed=1-2
allowed=1-2
allowed=1-2
allowed=1-2
current_cpu=  1
host=frontier08763
host=frontier00188
host=frontier04454
host=frontier09031
current_cpu=  1
host=frontier00594
host=frontier04922
host=frontier04175
host=frontier05705
allowed=1-2
host=frontier03909
allowed=1-2
allowed=1-2
host=frontier05100
host=frontier00110
allowed=1-2
host=frontier06597
allowed=1-2
allowed=1-2
allowed=1-2
current_cpu=  2
allowed=1-2
current_cpu=  1
allowed=1-2
current_cpu=  1
current_cpu=  1
current_cpu=  1
host=frontier02752
allowed=1-2
allowed=1-2
host=frontier08762
host=frontier03521
allowed=1-2
current_cpu=  1
allowed=1-2
host=frontier06728
allowed=1-2
current_cpu=  1
allowed=1-2
host=frontier05347
host=frontier09167
host=frontier06080
current_cpu=  1
current_cpu=  2
host=frontier08325
allowed=1-2
current_cpu=  1
host=frontier03783
allowed=1-2
allowed=1-2
allowed=1-2
host=frontier09297
allowed=1-2
host=frontier02399
current_cpu=  1
current_cpu=  1
host=frontier04330
host=frontier01215
current_cpu=  1
allowed=1-2
host=frontier01745
current_cpu=  1
host=frontier09168
current_cpu=  1
current_cpu=  1
current_cpu=  1
current_cpu=  2
allowed=1-2
host=frontier07880
allowed=1-2
current_cpu=  1
allowed=1-2
current_cpu=  1
host=frontier05771
current_cpu=  1
allowed=1-2
host=frontier08261
allowed=1-2
allowed=1-2
current_cpu=  1
current_cpu=  1
host=frontier09050
allowed=1-2
allowed=1-2
current_cpu=  2
current_cpu=  1
current_cpu=  1
allowed=1-2
host=frontier06480
allowed=1-2
current_cpu=  1
current_cpu=  1
host=frontier05212
allowed=1-2
host=frontier03809
host=frontier01870
host=frontier01741
host=frontier04199
host=frontier08637
current_cpu=  1
host=frontier08144
host=frontier03651
current_cpu=  1
current_cpu=  1
allowed=1-2
current_cpu=  1
current_cpu=  1
allowed=1-2
allowed=1-2
allowed=1-2
allowed=1-2
allowed=1-2
allowed=1-2
allowed=1-2
host=frontier06986
host=frontier01752
host=frontier08905
host=frontier05837
host=frontier03168
host=frontier01620
host=frontier01629
current_cpu=  1
current_cpu=  1
host=frontier05204
host=frontier01241
current_cpu=  1
host=frontier09019
allowed=1-2
allowed=1-2
current_cpu=  1
allowed=1-2
allowed=1-2
allowed=1-2
current_cpu=  2
current_cpu=  1
host=frontier05333
allowed=1-2
current_cpu=  1
host=frontier08394
allowed=1-2
allowed=1-2
allowed=1-2
allowed=1-2
current_cpu=  1
current_cpu=  2
current_cpu=  1
host=frontier02889
current_cpu=  1
allowed=1-2
current_cpu=  1
host=frontier05856
allowed=1-2
current_cpu=  1
host=frontier02113
host=frontier07488
current_cpu=  2
current_cpu=  1
allowed=1-2
host=frontier00054
allowed=1-2
allowed=1-2
allowed=1-2
current_cpu=  1
current_cpu=  1
current_cpu=  1
current_cpu=  1
allowed=1-2
current_cpu=  1
current_cpu=  1
host=frontier07244
current_cpu=  1
host=frontier04543
allowed=1-2
current_cpu=  1
current_cpu=  1
host=frontier08892
current_cpu=  1
host=frontier03037
current_cpu=  1
current_cpu=  1
host=frontier01609
host=frontier03658
allowed=1-2
host=frontier09304
allowed=1-2
allowed=1-2
current_cpu=  1
host=frontier07610
current_cpu=  1
host=frontier06027
host=frontier07111
current_cpu=  1
host=frontier01874
host=frontier09030
current_cpu=  1
allowed=1-2
host=frontier03648
allowed=1-2
allowed=1-2
allowed=1-2
allowed=1-2
host=frontier06472
host=frontier06209
host=frontier00333
current_cpu=  1
allowed=1-2
allowed=1-2
host=frontier00847
allowed=1-2
allowed=1-2
current_cpu=  1
allowed=1-2
host=frontier04052
allowed=1-2
host=frontier00590
host=frontier06979
allowed=1-2
allowed=1-2
host=frontier03139
current_cpu=  1
current_cpu=  1
current_cpu=  1
current_cpu=  1
host=frontier03138
current_cpu=  1
current_cpu=  1
current_cpu=  1
host=frontier00738
host=frontier03025
allowed=1-2
allowed=1-2
allowed=1-2
allowed=1-2
allowed=1-2
allowed=1-2
host=frontier00981
allowed=1-2
current_cpu=  1
current_cpu=  1
current_cpu=  1
host=frontier00701
current_cpu=  1
current_cpu=  1
current_cpu=  1
current_cpu=  1
host=frontier09293
allowed=1-2
current_cpu=  1
current_cpu=  1
host=frontier08015
current_cpu=  1
host=frontier06197
host=frontier07893
allowed=1-2
host=frontier05458
host=frontier03132
host=frontier01115
allowed=1-2
current_cpu=  1
host=frontier04585
allowed=1-2
allowed=1-2
allowed=1-2
current_cpu=  2
host=frontier01094
current_cpu=  1
allowed=1-2
allowed=1-2
host=frontier01349
host=frontier02240
allowed=1-2
current_cpu=  1
allowed=1-2
current_cpu=  1
current_cpu=  1
host=frontier07230
allowed=1-2
host=frontier05091
allowed=1-2
current_cpu=  1
allowed=1-2
host=frontier07499
host=frontier08524
allowed=1-2
allowed=1-2
allowed=1-2
host=frontier00101
current_cpu=  1
host=frontier00962
host=frontier01883
host=frontier06855
allowed=1-2
host=frontier01997
host=frontier05468
host=frontier03916
host=frontier05480
host=frontier07611
current_cpu=  1
host=frontier04040
allowed=1-2
current_cpu=  1
host=frontier00838
allowed=1-2
allowed=1-2
host=frontier01594
host=frontier01608
allowed=1-2
host=frontier03673
current_cpu=  1
host=frontier03538
allowed=1-2
allowed=1-2
allowed=1-2
allowed=1-2
allowed=1-2
allowed=1-2
current_cpu=  1
current_cpu=  1
current_cpu=  1
host=frontier00992
allowed=1-2
allowed=1-2
allowed=1-2
current_cpu=  1
allowed=1-2
host=frontier04836
current_cpu=  1
allowed=1-2
host=frontier08014
current_cpu=  1
host=frontier02502
current_cpu=  1
current_cpu=  1
current_cpu=  1
host=frontier02756
allowed=1-2
host=frontier07000
current_cpu=  1
current_cpu=  1
allowed=1-2
current_cpu=  2
allowed=1-2
current_cpu=  1
allowed=1-2
host=frontier06099
allowed=1-2
allowed=1-2
current_cpu=  2
current_cpu=  1
current_cpu=  1
current_cpu=  1
allowed=1-2
host=frontier07122
host=frontier00713
host=frontier02277
current_cpu=  1
current_cpu=  1
host=frontier06461
current_cpu=  1
host=frontier05657
host=frontier01377
current_cpu=  1
allowed=1-2
allowed=1-2
allowed=1-2
allowed=1-2
host=frontier08634
current_cpu=  1
allowed=1-2
host=frontier02771
host=frontier02141
allowed=1-2
current_cpu=  2
host=frontier06224
current_cpu=  1
current_cpu=  1
current_cpu=  2
host=frontier03529
allowed=1-2
current_cpu=  1
current_cpu=  1
allowed=1-2
allowed=1-2
current_cpu=  1
current_cpu=  1
host=frontier03297
allowed=1-2
host=frontier06335
allowed=1-2
host=frontier04429
current_cpu=  1
current_cpu=  1
current_cpu=  2
host=frontier06353
host=frontier02278
host=frontier06340
host=frontier03802
allowed=1-2
host=frontier09134
host=frontier07624
host=frontier07737
allowed=1-2
allowed=1-2
current_cpu=  1
current_cpu=  1
host=frontier07636
host=frontier03035
host=frontier06093
allowed=1-2
allowed=1-2
allowed=1-2
current_cpu=  1
host=frontier01083
allowed=1-2
allowed=1-2
current_cpu=  1
allowed=1-2
host=frontier02140
allowed=1-2
host=frontier01497
host=frontier04428
host=frontier00837
host=frontier00469
host=frontier08000
host=frontier07761
host=frontier02877
allowed=1-2
allowed=1-2
allowed=1-2
current_cpu=  1
host=frontier06717
current_cpu=  1
host=frontier04711
host=frontier08649
current_cpu=  1
allowed=1-2
host=frontier07623
current_cpu=  1
allowed=1-2
current_cpu=  1
allowed=1-2
allowed=1-2
current_cpu=  1
current_cpu=  1
allowed=1-2
allowed=1-2
current_cpu=  1
allowed=1-2
allowed=1-2
allowed=1-2
current_cpu=  1
host=frontier06334
current_cpu=  2
allowed=1-2
current_cpu=  1
allowed=1-2
host=frontier07892
current_cpu=  1
current_cpu=  1
allowed=1-2
current_cpu=  2
current_cpu=  1
host=frontier00593
allowed=1-2
allowed=1-2
allowed=1-2
host=frontier08504
host=frontier02377
current_cpu=  1
current_cpu=  1
host=frontier00318
current_cpu=  1
host=frontier00968
allowed=1-2
host=frontier05335
host=frontier00444
current_cpu=  1
host=frontier05323
allowed=1-2
allowed=1-2
host=frontier03541
current_cpu=  1
host=frontier07479
allowed=1-2
allowed=1-2
current_cpu=  1
allowed=1-2
allowed=1-2
allowed=1-2
current_cpu=  1
allowed=1-2
allowed=1-2
current_cpu=  1
current_cpu=  1
current_cpu=  1
current_cpu=  1
current_cpu=  1
current_cpu=  1
current_cpu=  1
current_cpu=  1
current_cpu=  1
host=frontier06721
host=frontier03895
host=frontier03160
host=frontier09405
host=frontier05568
host=frontier01994
host=frontier06078
current_cpu=  1
current_cpu=  1
allowed=1-2
allowed=1-2
allowed=1-2
host=frontier02118
host=frontier03134
host=frontier08636
allowed=1-2
host=frontier03549
allowed=1-2
allowed=1-2
host=frontier00476
current_cpu=  2
host=frontier01621
allowed=1-2
host=frontier08921
current_cpu=  1
host=frontier01373
host=frontier07757
host=frontier03279
current_cpu=  1
current_cpu=  1
current_cpu=  1
allowed=1-2
allowed=1-2
allowed=1-2
host=frontier02259
host=frontier04053
host=frontier06722
host=frontier05729
allowed=1-2
host=frontier02109
host=frontier01207
current_cpu=  1
allowed=1-2
current_cpu=  1
host=frontier04934
host=frontier06585
allowed=1-2
current_cpu=  1
current_cpu=  2
current_cpu=  1
allowed=1-2
allowed=1-2
allowed=1-2
host=frontier07242
allowed=1-2
current_cpu=  1
host=frontier01225
current_cpu=  1
host=frontier00571
allowed=1-2
host=frontier07243
allowed=1-2
allowed=1-2
allowed=1-2
allowed=1-2
allowed=1-2
allowed=1-2
allowed=1-2
host=frontier00200
current_cpu=  1
host=frontier08904
current_cpu=  1
current_cpu=  1
host=frontier07229
host=frontier01862
host=frontier05030
current_cpu=  1
host=frontier01983
current_cpu=  1
host=frontier08526
current_cpu=  1
current_cpu=  1
allowed=1-2
host=frontier06473
host=frontier03539
current_cpu=  1
current_cpu=  1
allowed=1-2
current_cpu=  1
allowed=1-2
host=frontier04572
host=frontier09273
current_cpu=  1
allowed=1-2
current_cpu=  1
current_cpu=  1
allowed=1-2
host=frontier06977
current_cpu=  1
allowed=1-2
host=frontier05466
host=frontier01987
allowed=1-2
allowed=1-2
allowed=1-2
allowed=1-2
allowed=1-2
host=frontier08002
current_cpu=  1
allowed=1-2
allowed=1-2
host=frontier09282
host=frontier09285
current_cpu=  1
allowed=1-2
allowed=1-2
host=frontier02779
host=frontier01614
host=frontier07868
host=frontier08643
allowed=1-2
allowed=1-2
allowed=1-2
allowed=1-2
current_cpu=  1
allowed=1-2
host=frontier05067
host=frontier08003
allowed=1-2
current_cpu=  1
host=frontier09302
allowed=1-2
allowed=1-2
host=frontier05967
allowed=1-2
current_cpu=  1
current_cpu=  1
allowed=1-2
current_cpu=  1
current_cpu=  1
current_cpu=  1
allowed=1-2
current_cpu=  1
allowed=1-2
current_cpu=  2
host=frontier00313
current_cpu=  1
host=frontier06975
allowed=1-2
allowed=1-2
host=frontier05000
host=frontier02119
allowed=1-2
allowed=1-2
host=frontier07754
allowed=1-2
allowed=1-2
host=frontier03528
allowed=1-2
host=frontier02511
host=frontier08249
host=frontier07867
host=frontier01494
allowed=1-2
allowed=1-2
host=frontier03514
host=frontier03008
allowed=1-2
host=frontier04041
host=frontier00851
host=frontier06853
allowed=1-2
current_cpu=  1
host=frontier00720
allowed=1-2
current_cpu=  1
current_cpu=  1
current_cpu=  1
current_cpu=  1
host=frontier07501
current_cpu=  1
allowed=1-2
host=frontier06592
current_cpu=  1
allowed=1-2
host=frontier05958
allowed=1-2
allowed=1-2
allowed=1-2
host=frontier00589
current_cpu=  1
allowed=1-2
current_cpu=  1
allowed=1-2
host=frontier05334
current_cpu=  1
host=frontier04955
current_cpu=  1
host=frontier04416
current_cpu=  1
current_cpu=  1
allowed=1-2
allowed=1-2
current_cpu=  1
current_cpu=  2
host=frontier07352
host=frontier07235
current_cpu=  1
allowed=1-2
allowed=1-2
current_cpu=  2
host=frontier03771
allowed=1-2
current_cpu=  1
current_cpu=  1
current_cpu=  1
allowed=1-2
host=frontier06997
current_cpu=  1
host=frontier02244
current_cpu=  1
current_cpu=  1
allowed=1-2
current_cpu=  2
host=frontier05202
allowed=1-2
current_cpu=  1
current_cpu=  1
current_cpu=  1
current_cpu=  2
allowed=1-2
current_cpu=  1
host=frontier05975
allowed=1-2
allowed=1-2
host=frontier01887
allowed=1-2
current_cpu=  2
current_cpu=  1
current_cpu=  1
current_cpu=  1
current_cpu=  1
current_cpu=  1
current_cpu=  1
current_cpu=  1
current_cpu=  1
allowed=1-2
current_cpu=  2
current_cpu=  1
host=frontier05783
host=frontier00095
allowed=1-2
current_cpu=  1
current_cpu=  1
current_cpu=  1
current_cpu=  1
allowed=1-2
current_cpu=  1
current_cpu=  1
allowed=1-2
current_cpu=  1
host=frontier04834
current_cpu=  1
current_cpu=  1
host=frontier07631
host=frontier04803
current_cpu=  1
host=frontier03546
host=frontier06082
host=frontier08792
current_cpu=  1
host=frontier06596
current_cpu=  1
host=frontier07879
allowed=1-2
allowed=1-2
current_cpu=  1
allowed=1-2
current_cpu=  1
host=frontier04465
host=frontier03929
allowed=1-2
host=frontier02245
host=frontier03414
allowed=1-2
allowed=1-2
current_cpu=  1
allowed=1-2
current_cpu=  1
allowed=1-2
allowed=1-2
host=frontier07355
allowed=1-2
allowed=1-2
current_cpu=  1
allowed=1-2
host=frontier00581
current_cpu=  1
host=frontier07887
host=frontier01364
host=frontier05065
host=frontier07736
current_cpu=  1
allowed=1-2
host=frontier09038
allowed=1-2
host=frontier01228
allowed=1-2
host=frontier06460
allowed=1-2
current_cpu=  1
host=frontier03770
host=frontier08157
current_cpu=  1
allowed=1-2
current_cpu=  1
allowed=1-2
host=frontier05717
host=frontier04407
allowed=1-2
host=frontier05459
allowed=1-2
host=frontier01237
host=frontier02653
current_cpu=  1
host=frontier00588
host=frontier03259
current_cpu=  1
host=frontier02645
allowed=1-2
allowed=1-2
current_cpu=  1
allowed=1-2
allowed=1-2
allowed=1-2
current_cpu=  1
host=frontier04178
current_cpu=  1
allowed=1-2
current_cpu=  1
allowed=1-2
allowed=1-2
allowed=1-2
current_cpu=  1
current_cpu=  1
current_cpu=  1
allowed=1-2
host=frontier02632
current_cpu=  1
allowed=1-2
host=frontier03906
allowed=1-2
current_cpu=  1
current_cpu=  1
host=frontier08281
current_cpu=  1
allowed=1-2
current_cpu=  1
current_cpu=  1
current_cpu=  1
host=frontier09017
host=frontier03137
allowed=1-2
current_cpu=  1
host=frontier04844
allowed=1-2
current_cpu=  2
current_cpu=  1
current_cpu=  1
allowed=1-2
allowed=1-2
allowed=1-2
host=frontier04796
current_cpu=  1
current_cpu=  1
host=frontier07634
host=frontier02644
current_cpu=  2
host=frontier08639
allowed=1-2
host=frontier05448
host=frontier05711
current_cpu=  1
host=frontier07361
current_cpu=  1
allowed=1-2
host=frontier01218
allowed=1-2
host=frontier05730
allowed=1-2
allowed=1-2
allowed=1-2
allowed=1-2
current_cpu=  1
host=frontier02521
current_cpu=  1
allowed=1-2
host=frontier03803
current_cpu=  2
allowed=1-2
current_cpu=  1
host=frontier06092
current_cpu=  1
current_cpu=  1
allowed=1-2
current_cpu=  2
host=frontier03257
current_cpu=  1
allowed=1-2
host=frontier08262
current_cpu=  1
current_cpu=  1
host=frontier01597
current_cpu=  1
current_cpu=  1
allowed=1-2
host=frontier00339
allowed=1-2
host=frontier05710
host=frontier06105
allowed=1-2
current_cpu=  1
host=frontier04555
allowed=1-2
current_cpu=  1
allowed=1-2
current_cpu=  1
current_cpu=  1
current_cpu=  1
current_cpu=  1
allowed=1-2
allowed=1-2
host=frontier03678
allowed=1-2
host=frontier06462
host=frontier05829
current_cpu=  1
host=frontier02503
current_cpu=  1
current_cpu=  1
current_cpu=  1
current_cpu=  1
current_cpu=  2
current_cpu=  1
current_cpu=  1
allowed=1-2
allowed=1-2
allowed=1-2
current_cpu=  1
current_cpu=  2
allowed=1-2
host=frontier02916
current_cpu=  1
current_cpu=  1
current_cpu=  1
host=frontier02279
host=frontier08407
allowed=1-2
current_cpu=  1
host=frontier07234
current_cpu=  1
host=frontier09423
current_cpu=  1
allowed=1-2
allowed=1-2
allowed=1-2
host=frontier00990
host=frontier07369
current_cpu=  1
host=frontier08327
current_cpu=  1
host=frontier05571
host=frontier02500
host=frontier05847
allowed=1-2
current_cpu=  1
current_cpu=  1
allowed=1-2
allowed=1-2
allowed=1-2
allowed=1-2
allowed=1-2
allowed=1-2
host=frontier00514
host=frontier05590
host=frontier01986
host=frontier03034
current_cpu=  1
host=frontier01474
host=frontier06083
host=frontier05205
current_cpu=  1
allowed=1-2
allowed=1-2
current_cpu=  1
host=frontier04187
allowed=1-2
allowed=1-2
allowed=1-2
current_cpu=  1
current_cpu=  1
allowed=1-2
allowed=1-2
current_cpu=  1
allowed=1-2
host=frontier02254
current_cpu=  1
current_cpu=  1
current_cpu=  1
host=frontier09272
host=frontier06339
host=frontier06348
host=frontier02120
host=frontier00825
allowed=1-2
current_cpu=  1
host=frontier07356
current_cpu=  1
host=frontier03517
allowed=1-2
allowed=1-2
allowed=1-2
current_cpu=  2
allowed=1-2
host=frontier00225
allowed=1-2
current_cpu=  1
allowed=1-2
current_cpu=  1
host=frontier09437
host=frontier06729
allowed=1-2
host=frontier07357
host=frontier05572
current_cpu=  1
current_cpu=  1
allowed=1-2
host=frontier01238
allowed=1-2
current_cpu=  1
host=frontier04565
current_cpu=  1
allowed=1-2
current_cpu=  1
host=frontier00356
host=frontier00724
allowed=1-2
allowed=1-2
allowed=1-2
allowed=1-2
current_cpu=  1
host=frontier00075
allowed=1-2
current_cpu=  1
allowed=1-2
current_cpu=  1
current_cpu=  1
allowed=1-2
current_cpu=  1
current_cpu=  1
host=frontier07480
host=frontier06474
current_cpu=  1
host=frontier07612
current_cpu=  1
host=frontier09436
host=frontier09160
host=frontier06475
host=frontier06098
current_cpu=  1
host=frontier07749
allowed=1-2
allowed=1-2
current_cpu=  1
current_cpu=  1
allowed=1-2
host=frontier04410
host=frontier00702
allowed=1-2
host=frontier04709
host=frontier07233
current_cpu=  1
current_cpu=  1
allowed=1-2
host=frontier00335
current_cpu=  1
allowed=1-2
allowed=1-2
allowed=1-2
host=frontier02397
current_cpu=  1
allowed=1-2
allowed=1-2
allowed=1-2
allowed=1-2
current_cpu=  2
current_cpu=  1
allowed=1-2
allowed=1-2
current_cpu=  1
host=frontier07236
current_cpu=  1
host=frontier06355
current_cpu=  1
host=frontier07498
current_cpu=  1
current_cpu=  1
current_cpu=  1
allowed=1-2
allowed=1-2
allowed=1-2
current_cpu=  1
current_cpu=  1
current_cpu=  1
current_cpu=  1
current_cpu=  1
host=frontier06342
current_cpu=  1
host=frontier08273
host=frontier04198
current_cpu=  2
current_cpu=  1
current_cpu=  1
allowed=1-2
host=frontier04054
current_cpu=  1
allowed=1-2
host=frontier05449
allowed=1-2
current_cpu=  1
host=frontier06343
current_cpu=  1
current_cpu=  2
current_cpu=  1
allowed=1-2
allowed=1-2
allowed=1-2
current_cpu=  1
current_cpu=  1
current_cpu=  1
host=frontier05147
host=frontier08019
host=frontier09051
current_cpu=  1
host=frontier02759
host=frontier00707
allowed=1-2
allowed=1-2
host=frontier07735
allowed=1-2
host=frontier03403
host=frontier03153
allowed=1-2
allowed=1-2
host=frontier00995
allowed=1-2
host=frontier03777
host=frontier01606
current_cpu=  1
current_cpu=  1
allowed=1-2
allowed=1-2
host=frontier07364
current_cpu=  1
current_cpu=  1
current_cpu=  1
current_cpu=  1
allowed=1-2
host=frontier04831
current_cpu=  1
current_cpu=  1
allowed=1-2
host=frontier00700
allowed=1-2
current_cpu=  1
host=frontier03167
current_cpu=  1
allowed=1-2
current_cpu=  1
host=frontier04835
current_cpu=  1
current_cpu=  1
allowed=1-2
current_cpu=  1
allowed=1-2
allowed=1-2
allowed=1-2
host=frontier03903
host=frontier01220
current_cpu=  1
host=frontier01471
current_cpu=  2
host=frontier02396
current_cpu=  1
allowed=1-2
allowed=1-2
allowed=1-2
allowed=1-2
host=frontier08012
allowed=1-2
current_cpu=  1
current_cpu=  1
current_cpu=  1
host=frontier03646
host=frontier07120
host=frontier06354
host=frontier04832
current_cpu=  1
allowed=1-2
current_cpu=  2
allowed=1-2
host=frontier03915
host=frontier03405
host=frontier05591
host=frontier03280
host=frontier02490
current_cpu=  1
allowed=1-2
allowed=1-2
host=frontier04542
allowed=1-2
allowed=1-2
allowed=1-2
allowed=1-2
allowed=1-2
host=frontier09294
current_cpu=  1
host=frontier03806
current_cpu=  1
allowed=1-2
host=frontier02491
current_cpu=  1
host=frontier00214
allowed=1-2
current_cpu=  1
current_cpu=  1
allowed=1-2
host=frontier02238
current_cpu=  1
host=frontier01081
current_cpu=  1
allowed=1-2
allowed=1-2
host=frontier07630
current_cpu=  1
host=frontier03931
host=frontier01595
allowed=1-2
current_cpu=  1
current_cpu=  2
current_cpu=  1
allowed=1-2
allowed=1-2
host=frontier02267
current_cpu=  1
allowed=1-2
host=frontier09283
allowed=1-2
host=frontier04809
host=frontier09040
current_cpu=  1
current_cpu=  1
host=frontier00334
allowed=1-2
current_cpu=  1
allowed=1-2
allowed=1-2
allowed=1-2
current_cpu=  1
allowed=1-2
host=frontier00082
current_cpu=  1
current_cpu=  1
current_cpu=  1
allowed=1-2
current_cpu=  1
host=frontier00347
host=frontier01975
host=frontier00345
host=frontier01502
allowed=1-2
host=frontier03527
host=frontier04712
current_cpu=  1
host=frontier00994
host=frontier07354
host=frontier09016
allowed=1-2
host=frontier06210
allowed=1-2
allowed=1-2
host=frontier06331
host=frontier06104
allowed=1-2
allowed=1-2
host=frontier03148
allowed=1-2
allowed=1-2
current_cpu=  2
allowed=1-2
current_cpu=  2
current_cpu=  1
current_cpu=  1
allowed=1-2
allowed=1-2
allowed=1-2
allowed=1-2
host=frontier05132
current_cpu=  1
current_cpu=  1
current_cpu=  1
current_cpu=  1
host=frontier07001
current_cpu=  1
host=frontier09439
host=frontier07886
allowed=1-2
allowed=1-2
current_cpu=  1
allowed=1-2
current_cpu=  2
allowed=1-2
current_cpu=  1
current_cpu=  1
current_cpu=  1
current_cpu=  1
current_cpu=  1
host=frontier04205
current_cpu=  2
current_cpu=  1
current_cpu=  1
current_cpu=  1
allowed=1-2
host=frontier05198
host=frontier05846
current_cpu=  2
current_cpu=  1
current_cpu=  1
current_cpu=  1
host=frontier00346
host=frontier04311
host=frontier02243
allowed=1-2
allowed=1-2
host=frontier06466
host=frontier04830
allowed=1-2
allowed=1-2
allowed=1-2
allowed=1-2
host=frontier01596
current_cpu=  1
allowed=1-2
allowed=1-2
current_cpu=  1
host=frontier07119
host=frontier06861
current_cpu=  1
host=frontier09312
current_cpu=  1
host=frontier04415
host=frontier02623
allowed=1-2
current_cpu=  1
current_cpu=  1
current_cpu=  1
current_cpu=  2
allowed=1-2
host=frontier02138
current_cpu=  1
current_cpu=  2
current_cpu=  1
allowed=1-2
allowed=1-2
allowed=1-2
current_cpu=  1
current_cpu=  1
host=frontier05217
current_cpu=  1
allowed=1-2
host=frontier00446
host=frontier00740
allowed=1-2
host=frontier08250
host=frontier03269
current_cpu=  1
allowed=1-2
current_cpu=  1
host=frontier09157
current_cpu=  1
current_cpu=  1
allowed=1-2
allowed=1-2
host=frontier01618
allowed=1-2
allowed=1-2
allowed=1-2
host=frontier08512
host=frontier00711
host=frontier06860
host=frontier02017
host=frontier09290
allowed=1-2
allowed=1-2
allowed=1-2
allowed=1-2
host=frontier00220
current_cpu=  1
host=frontier06095
allowed=1-2
allowed=1-2
host=frontier06190
allowed=1-2
current_cpu=  1
current_cpu=  1
host=frontier08536
host=frontier06993
allowed=1-2
current_cpu=  1
current_cpu=  1
current_cpu=  1
host=frontier00481
current_cpu=  1
allowed=1-2
host=frontier04697
host=frontier07743
allowed=1-2
allowed=1-2
host=frontier01875
current_cpu=  1
allowed=1-2
current_cpu=  1
allowed=1-2
host=frontier02388
host=frontier00442
allowed=1-2
current_cpu=  1
allowed=1-2
allowed=1-2
current_cpu=  1
host=frontier04309
host=frontier08507
current_cpu=  1
host=frontier01362
current_cpu=  1
current_cpu=  1
host=frontier08518
current_cpu=  1
host=frontier01739
allowed=1-2
allowed=1-2
allowed=1-2
allowed=1-2
current_cpu=  1
host=frontier04179
allowed=1-2
current_cpu=  1
current_cpu=  1
host=frontier00592
current_cpu=  1
allowed=1-2
current_cpu=  1
host=frontier06215
current_cpu=  1
host=frontier04689
current_cpu=  1
allowed=1-2
allowed=1-2
allowed=1-2
host=frontier08263
current_cpu=  1
current_cpu=  1
current_cpu=  1
host=frontier01232
current_cpu=  1
allowed=1-2
host=frontier09179
current_cpu=  1
host=frontier07368
allowed=1-2
host=frontier09415
host=frontier02881
host=frontier03268
current_cpu=  1
current_cpu=  1
host=frontier04197
allowed=1-2
allowed=1-2
host=frontier01088
host=frontier01113
host=frontier06716
allowed=1-2
allowed=1-2
allowed=1-2
host=frontier00570
current_cpu=  1
host=frontier09039
host=frontier02615
current_cpu=  1
host=frontier06587
allowed=1-2
current_cpu=  1
allowed=1-2
current_cpu=  1
allowed=1-2
allowed=1-2
host=frontier01871
allowed=1-2
host=frontier07635
allowed=1-2
allowed=1-2
allowed=1-2
current_cpu=  1
current_cpu=  1
host=frontier01356
current_cpu=  1
allowed=1-2
allowed=1-2
current_cpu=  1
current_cpu=  1
host=frontier06740
allowed=1-2
host=frontier01982
host=frontier08135
host=frontier05835
allowed=1-2
current_cpu=  1
allowed=1-2
current_cpu=  2
current_cpu=  2
current_cpu=  1
host=frontier06609
allowed=1-2
host=frontier05727
current_cpu=  1
allowed=1-2
host=frontier08254
host=frontier02876
host=frontier08400
allowed=1-2
allowed=1-2
current_cpu=  1
allowed=1-2
host=frontier01848
allowed=1-2
allowed=1-2
current_cpu=  1
host=frontier07890
current_cpu=  1
host=frontier00969
allowed=1-2
host=frontier00823
host=frontier08897
host=frontier04974
current_cpu=  1
host=frontier07487
allowed=1-2
allowed=1-2
host=frontier03140
allowed=1-2
host=frontier06985
current_cpu=  1
allowed=1-2
allowed=1-2
host=frontier00109
host=frontier06984
current_cpu=  1
allowed=1-2
allowed=1-2
host=frontier08156
allowed=1-2
host=frontier03389
current_cpu=  1
current_cpu=  1
allowed=1-2
current_cpu=  1
current_cpu=  1
current_cpu=  1
allowed=1-2
allowed=1-2
allowed=1-2
current_cpu=  1
host=frontier08924
host=frontier08123
current_cpu=  1
host=frontier02900
current_cpu=  1
current_cpu=  1
current_cpu=  1
current_cpu=  1
current_cpu=  1
current_cpu=  1
host=frontier08529
allowed=1-2
allowed=1-2
allowed=1-2
current_cpu=  1
allowed=1-2
current_cpu=  1
host=frontier03392
current_cpu=  1
allowed=1-2
current_cpu=  1
current_cpu=  1
current_cpu=  1
current_cpu=  1
host=frontier00839
host=frontier07051
current_cpu=  1
current_cpu=  1
host=frontier01116
current_cpu=  1
host=frontier06598
host=frontier04452
host=frontier03413
current_cpu=  1
host=frontier06467
current_cpu=  2
host=frontier06976
allowed=1-2
host=frontier06079
allowed=1-2
allowed=1-2
host=frontier07378
allowed=1-2
host=frontier06599
current_cpu=  1
allowed=1-2
allowed=1-2
allowed=1-2
allowed=1-2
host=frontier01489
host=frontier02006
allowed=1-2
host=frontier05324
host=frontier02769
host=frontier08274
current_cpu=  1
allowed=1-2
host=frontier05715
current_cpu=  1
allowed=1-2
current_cpu=  1
host=frontier00087
current_cpu=  1
host=frontier08516
allowed=1-2
allowed=1-2
current_cpu=  1
host=frontier00956
host=frontier08656
allowed=1-2
allowed=1-2
allowed=1-2
current_cpu=  1
current_cpu=  1
host=frontier05826
allowed=1-2
allowed=1-2
host=frontier00832
current_cpu=  2
allowed=1-2
host=frontier05301
host=frontier03671
allowed=1-2
host=frontier00464
allowed=1-2
host=frontier04933
host=frontier01995
current_cpu=  1
current_cpu=  1
allowed=1-2
current_cpu=  1
allowed=1-2
allowed=1-2
current_cpu=  1
allowed=1-2
allowed=1-2
allowed=1-2
allowed=1-2
host=frontier07755
current_cpu=  1
host=frontier03272
host=frontier08648
host=frontier09311
current_cpu=  1
host=frontier05672
current_cpu=  1
allowed=1-2
host=frontier09435
allowed=1-2
allowed=1-2
host=frontier05420
current_cpu=  1
allowed=1-2
allowed=1-2
allowed=1-2
host=frontier03036
allowed=1-2
host=frontier05316
host=frontier06330
current_cpu=  1
host=frontier05206
allowed=1-2
allowed=1-2
allowed=1-2
allowed=1-2
host=frontier05006
host=frontier00710
current_cpu=  1
allowed=1-2
allowed=1-2
current_cpu=  1
host=frontier07353
current_cpu=  1
current_cpu=  2
current_cpu=  1
current_cpu=  1
current_cpu=  1
current_cpu=  1
host=frontier00202
current_cpu=  1
current_cpu=  1
allowed=1-2
current_cpu=  1
allowed=1-2
host=frontier02640
current_cpu=  1
current_cpu=  1
current_cpu=  1
current_cpu=  1
current_cpu=  1
current_cpu=  1
current_cpu=  1
host=frontier08908
current_cpu=  1
host=frontier06214
current_cpu=  1
current_cpu=  1
allowed=1-2
current_cpu=  1
current_cpu=  1
host=frontier01493
allowed=1-2
allowed=1-2
current_cpu=  1
current_cpu=  1
current_cpu=  1
current_cpu=  1
allowed=1-2
host=frontier02130
current_cpu=  1
host=frontier03926
host=frontier05939
allowed=1-2
host=frontier00587
current_cpu=  1
host=frontier04431
current_cpu=  2
allowed=1-2
host=frontier07998
current_cpu=  2
host=frontier09133
allowed=1-2
host=frontier01100
host=frontier00605
host=frontier05611
current_cpu=  2
allowed=1-2
host=frontier02776
allowed=1-2
current_cpu=  2
allowed=1-2
current_cpu=  2
allowed=1-2
allowed=1-2
current_cpu=  1
allowed=1-2
allowed=1-2
allowed=1-2
current_cpu=  1
current_cpu=  1
current_cpu=  1
host=frontier01359
host=frontier04329
current_cpu=  1
allowed=1-2
allowed=1-2
host=frontier03404
host=frontier04328
current_cpu=  1
current_cpu=  1
allowed=1-2
current_cpu=  1
allowed=1-2
host=frontier03647
current_cpu=  1
host=frontier02901
host=frontier03795
allowed=1-2
host=frontier09153
current_cpu=  1
host=frontier04671
allowed=1-2
allowed=1-2
host=frontier08139
allowed=1-2
current_cpu=  1
current_cpu=  1
host=frontier03388
allowed=1-2
current_cpu=  1
host=frontier09434
host=frontier09426
allowed=1-2
allowed=1-2
host=frontier00454
host=frontier00849
current_cpu=  1
current_cpu=  1
host=frontier03927
allowed=1-2
allowed=1-2
current_cpu=  1
allowed=1-2
host=frontier03396
allowed=1-2
host=frontier02780
current_cpu=  1
current_cpu=  1
host=frontier03005
host=frontier02649
current_cpu=  1
allowed=1-2
current_cpu=  1
host=frontier01236
current_cpu=  1
allowed=1-2
current_cpu=  1
current_cpu=  1
allowed=1-2
current_cpu=  1
allowed=1-2
host=frontier03807
allowed=1-2
host=frontier03409
host=frontier00471
allowed=1-2
host=frontier06864
allowed=1-2
host=frontier05578
allowed=1-2
allowed=1-2
allowed=1-2
current_cpu=  1
host=frontier05479
host=frontier02363
current_cpu=  1
host=frontier01485
allowed=1-2
current_cpu=  1
allowed=1-2
allowed=1-2
current_cpu=  1
allowed=1-2
host=frontier08537
host=frontier04932
host=frontier00450
host=frontier01733
current_cpu=  1
host=frontier00103
allowed=1-2
allowed=1-2
host=frontier06744
current_cpu=  1
current_cpu=  1
allowed=1-2
allowed=1-2
current_cpu=  1
allowed=1-2
host=frontier06094
host=frontier08138
current_cpu=  1
allowed=1-2
current_cpu=  2
current_cpu=  1
allowed=1-2
host=frontier00323
allowed=1-2
current_cpu=  2
current_cpu=  2
current_cpu=  1
current_cpu=  1
allowed=1-2
current_cpu=  1
current_cpu=  1
current_cpu=  1
current_cpu=  1
current_cpu=  1
current_cpu=  1
host=frontier01229
host=frontier00470
current_cpu=  1
current_cpu=  1
host=frontier00341
current_cpu=  1
current_cpu=  2
allowed=1-2
allowed=1-2
host=frontier06090
allowed=1-2
current_cpu=  1
current_cpu=  1
current_cpu=  1
host=frontier08785
host=frontier01216
allowed=1-2
current_cpu=  2
allowed=1-2
allowed=1-2
current_cpu=  1
current_cpu=  1
current_cpu=  1
current_cpu=  1
host=frontier00458
current_cpu=  1
host=frontier02371
current_cpu=  2
current_cpu=  1
host=frontier03535
host=frontier02010
allowed=1-2
current_cpu=  1
host=frontier05321
allowed=1-2
host=frontier08635
host=frontier05595
allowed=1-2
allowed=1-2
host=frontier05349
host=frontier08506
current_cpu=  1
host=frontier07484
host=frontier05610
host=frontier04298
host=frontier07360
host=frontier09422
allowed=1-2
host=frontier07608
host=frontier01472
host=frontier01117
host=frontier02366
host=frontier07251
allowed=1-2
allowed=1-2
allowed=1-2
allowed=1-2
allowed=1-2
allowed=1-2
host=frontier08912
allowed=1-2
allowed=1-2
allowed=1-2
allowed=1-2
allowed=1-2
allowed=1-2
allowed=1-2
host=frontier03781
allowed=1-2
host=frontier03393
host=frontier10176
allowed=1-2
host=frontier00447
host=frontier00090
allowed=1-2
host=frontier00223
allowed=1-2
host=frontier06351
current_cpu=  1
current_cpu=  1
allowed=1-2
allowed=1-2
host=frontier05540
host=frontier00096
host=frontier07866
allowed=1-2
allowed=1-2
current_cpu=  1
allowed=1-2
host=frontier01605
current_cpu=  2
allowed=1-2
allowed=1-2
allowed=1-2
host=frontier06207
current_cpu=  1
allowed=1-2
host=frontier01366
host=frontier05607
host=frontier06223
host=frontier07741
host=frontier05168
current_cpu=  1
host=frontier02378
allowed=1-2
allowed=1-2
host=frontier00972
allowed=1-2
host=frontier07109
host=frontier03141
allowed=1-2
allowed=1-2
allowed=1-2
host=frontier03149
allowed=1-2
host=frontier09171
host=frontier03922
host=frontier01217
host=frontier09149
allowed=1-2
allowed=1-2
allowed=1-2
host=frontier05280
host=frontier01721
allowed=1-2
allowed=1-2
allowed=1-2
allowed=1-2
allowed=1-2
host=frontier05970
allowed=1-2
allowed=1-2
host=frontier00465
current_cpu=  1
allowed=1-2
host=frontier09407
host=frontier02142
current_cpu=  1
host=frontier08392
current_cpu=  1
current_cpu=  1
allowed=1-2
allowed=1-2
current_cpu=  1
current_cpu=  1
allowed=1-2
host=frontier01097
current_cpu=  1
host=frontier07613
allowed=1-2
current_cpu=  1
current_cpu=  1
current_cpu=  1
current_cpu=  1
current_cpu=  1
current_cpu=  1
host=frontier05974
current_cpu=  1
current_cpu=  1
allowed=1-2
allowed=1-2
current_cpu=  1
current_cpu=  1
host=frontier05719
current_cpu=  2
current_cpu=  1
current_cpu=  1
host=frontier06231
host=frontier00988
host=frontier05313
allowed=1-2
current_cpu=  1
allowed=1-2
host=frontier03261
current_cpu=  1
host=frontier04030
current_cpu=  1
current_cpu=  1
host=frontier05007
allowed=1-2
current_cpu=  1
current_cpu=  1
allowed=1-2
host=frontier04333
host=frontier03020
allowed=1-2
allowed=1-2
allowed=1-2
host=frontier04700
current_cpu=  1
current_cpu=  1
allowed=1-2
allowed=1-2
allowed=1-2
current_cpu=  1
current_cpu=  1
current_cpu=  1
allowed=1-2
host=frontier08150
current_cpu=  1
current_cpu=  1
allowed=1-2
current_cpu=  1
current_cpu=  1
current_cpu=  2
current_cpu=  1
current_cpu=  1
host=frontier05258
current_cpu=  1
current_cpu=  1
current_cpu=  1
current_cpu=  1
current_cpu=  2
allowed=1-2
host=frontier02897
current_cpu=  1
current_cpu=  1
current_cpu=  1
current_cpu=  1
current_cpu=  1
allowed=1-2
host=frontier07738
current_cpu=  1
host=frontier00989
allowed=1-2
host=frontier00477
host=frontier02272
current_cpu=  1
host=frontier04708
current_cpu=  1
current_cpu=  1
current_cpu=  1
allowed=1-2
host=frontier04957
allowed=1-2
allowed=1-2
allowed=1-2
host=frontier00836
current_cpu=  1
current_cpu=  1
host=frontier06724
allowed=1-2
host=frontier02383
host=frontier06848
allowed=1-2
current_cpu=  2
current_cpu=  1
host=frontier00102
allowed=1-2
host=frontier02379
allowed=1-2
allowed=1-2
host=frontier05331
current_cpu=  2
host=frontier05858
current_cpu=  1
host=frontier05577
current_cpu=  1
host=frontier04717
host=frontier00827
allowed=1-2
current_cpu=  1
current_cpu=  1
allowed=1-2
current_cpu=  1
allowed=1-2
allowed=1-2
allowed=1-2
current_cpu=  1
allowed=1-2
allowed=1-2
host=frontier05048
host=frontier00191
current_cpu=  1
host=frontier01503
host=frontier06973
current_cpu=  1
allowed=1-2
allowed=1-2
allowed=1-2
allowed=1-2
current_cpu=  1
host=frontier00083
allowed=1-2
host=frontier03021
current_cpu=  1
host=frontier03407
allowed=1-2
host=frontier08764
current_cpu=  2
host=frontier07483
host=frontier03773
host=frontier03273
allowed=1-2
host=frontier03295
host=frontier04046
allowed=1-2
current_cpu=  1
allowed=1-2
allowed=1-2
allowed=1-2
allowed=1-2
allowed=1-2
current_cpu=  1
host=frontier01369
current_cpu=  1
current_cpu=  2
host=frontier00207
current_cpu=  1
allowed=1-2
current_cpu=  1
allowed=1-2
current_cpu=  2
host=frontier00224
current_cpu=  1
current_cpu=  1
current_cpu=  1
current_cpu=  1
allowed=1-2
current_cpu=  1
current_cpu=  1
current_cpu=  1
current_cpu=  1
current_cpu=  1
host=frontier06222
current_cpu=  1
host=frontier00094
host=frontier01720
host=frontier03533
host=frontier08788
host=frontier02002
allowed=1-2
host=frontier01089
allowed=1-2
allowed=1-2
allowed=1-2
allowed=1-2
current_cpu=  1
host=frontier06091
current_cpu=  1
current_cpu=  1
allowed=1-2
current_cpu=  1
allowed=1-2
host=frontier00852
host=frontier08284
allowed=1-2
host=frontier04965
host=frontier06593
host=frontier06208
host=frontier06218
host=frontier04051
allowed=1-2
allowed=1-2
current_cpu=  1
host=frontier06087
allowed=1-2
allowed=1-2
allowed=1-2
allowed=1-2
host=frontier09430
host=frontier03260
host=frontier08011
allowed=1-2
current_cpu=  2
host=frontier05971
host=frontier09024
host=frontier02999
allowed=1-2
host=frontier07497
host=frontier04439
allowed=1-2
host=frontier02003
current_cpu=  1
allowed=1-2
allowed=1-2
allowed=1-2
current_cpu=  1
host=frontier03164
allowed=1-2
allowed=1-2
allowed=1-2
host=frontier05951
current_cpu=  1
current_cpu=  1
allowed=1-2
current_cpu=  1
allowed=1-2
current_cpu=  1
current_cpu=  1
allowed=1-2
host=frontier01593
allowed=1-2
host=frontier04704
host=frontier04564
host=frontier06347
allowed=1-2
host=frontier07747
host=frontier01751
host=frontier01352
current_cpu=  1
current_cpu=  1
allowed=1-2
host=frontier02519
allowed=1-2
allowed=1-2
allowed=1-2
allowed=1-2
allowed=1-2
allowed=1-2
host=frontier01122
host=frontier02374
host=frontier06741
current_cpu=  1
allowed=1-2
allowed=1-2
allowed=1-2
host=frontier05300
current_cpu=  1
host=frontier02251
current_cpu=  1
host=frontier05510
host=frontier09049
current_cpu=  1
current_cpu=  1
current_cpu=  1
host=frontier05072
allowed=1-2
host=frontier08389
host=frontier04536
current_cpu=  1
host=frontier03038
host=frontier08889
current_cpu=  1
host=frontier03033
allowed=1-2
host=frontier04549
allowed=1-2
allowed=1-2
host=frontier04958
host=frontier06583
host=frontier05192
current_cpu=  1
allowed=1-2
allowed=1-2
host=frontier03400
host=frontier00231
allowed=1-2
allowed=1-2
host=frontier04833
allowed=1-2
allowed=1-2
host=frontier00093
current_cpu=  1
allowed=1-2
allowed=1-2
host=frontier00097
host=frontier07619
allowed=1-2
allowed=1-2
allowed=1-2
allowed=1-2
current_cpu=  1
current_cpu=  1
current_cpu=  1
current_cpu=  1
current_cpu=  1
allowed=1-2
allowed=1-2
host=frontier07108
allowed=1-2
allowed=1-2
current_cpu=  1
host=frontier05209
current_cpu=  2
host=frontier03923
host=frontier00578
host=frontier07116
current_cpu=  1
current_cpu=  1
current_cpu=  1
host=frontier07241
allowed=1-2
host=frontier00579
host=frontier07994
current_cpu=  1
host=frontier00219
host=frontier06356
allowed=1-2
current_cpu=  1
host=frontier00853
allowed=1-2
current_cpu=  1
host=frontier02629
host=frontier08255
host=frontier01725
host=frontier04058
allowed=1-2
allowed=1-2
current_cpu=  1
current_cpu=  1
allowed=1-2
current_cpu=  1
host=frontier04031
allowed=1-2
host=frontier03385
allowed=1-2
host=frontier05097
current_cpu=  2
allowed=1-2
allowed=1-2
host=frontier08270
allowed=1-2
current_cpu=  1
host=frontier07100
host=frontier07121
allowed=1-2
allowed=1-2
allowed=1-2
allowed=1-2
host=frontier01354
host=frontier05208
allowed=1-2
host=frontier05227
current_cpu=  1
allowed=1-2
host=frontier02268
host=frontier05085
allowed=1-2
allowed=1-2
host=frontier02115
allowed=1-2
allowed=1-2
allowed=1-2
allowed=1-2
current_cpu=  1
allowed=1-2
current_cpu=  1
host=frontier03157
current_cpu=  1
allowed=1-2
host=frontier02385
current_cpu=  1
allowed=1-2
current_cpu=  1
allowed=1-2
current_cpu=  1
host=frontier05320
current_cpu=  1
host=frontier00829
allowed=1-2
allowed=1-2
allowed=1-2
host=frontier03644
allowed=1-2
current_cpu=  1
current_cpu=  1
host=frontier02139
current_cpu=  2
host=frontier00840
allowed=1-2
host=frontier07621
host=frontier04588
host=frontier01991
host=frontier07112
host=frontier07506
host=frontier05933
host=frontier05483
allowed=1-2
allowed=1-2
allowed=1-2
current_cpu=  1
host=frontier05909
host=frontier08710
allowed=1-2
host=frontier07489
allowed=1-2
allowed=1-2
allowed=1-2
current_cpu=  1
host=frontier05842
current_cpu=  1
allowed=1-2
current_cpu=  1
allowed=1-2
host=frontier02506
allowed=1-2
current_cpu=  1
allowed=1-2
host=frontier01473
host=frontier08266
current_cpu=  2
current_cpu=  1
allowed=1-2
host=frontier07485
current_cpu=  2
current_cpu=  1
host=frontier06455
host=frontier00330
host=frontier05470
current_cpu=  1
allowed=1-2
current_cpu=  1
current_cpu=  1
current_cpu=  1
host=frontier03667
allowed=1-2
host=frontier04310
current_cpu=  1
current_cpu=  1
allowed=1-2
allowed=1-2
host=frontier03158
host=frontier00222
current_cpu=  1
host=frontier02359
current_cpu=  1
current_cpu=  1
allowed=1-2
allowed=1-2
current_cpu=  1
allowed=1-2
allowed=1-2
current_cpu=  1
host=frontier03289
allowed=1-2
host=frontier06350
allowed=1-2
current_cpu=  1
allowed=1-2
allowed=1-2
allowed=1-2
host=frontier07759
allowed=1-2
host=frontier04968
host=frontier02917
allowed=1-2
host=frontier01979
host=frontier08925
current_cpu=  1
current_cpu=  1
host=frontier09299
current_cpu=  1
current_cpu=  1
host=frontier01861
host=frontier07481
current_cpu=  1
current_cpu=  1
allowed=1-2
host=frontier03265
host=frontier01374
allowed=1-2
host=frontier02784
host=frontier06996
host=frontier08007
allowed=1-2
allowed=1-2
allowed=1-2
allowed=1-2
current_cpu=  1
current_cpu=  1
host=frontier07104
allowed=1-2
allowed=1-2
host=frontier03419
current_cpu=  1
current_cpu=  1
current_cpu=  1
current_cpu=  1
current_cpu=  1
current_cpu=  1
allowed=1-2
allowed=1-2
host=frontier05979
host=frontier03276
allowed=1-2
current_cpu=  1
host=frontier05844
allowed=1-2
current_cpu=  1
allowed=1-2
host=frontier03918
current_cpu=  1
current_cpu=  1
current_cpu=  1
allowed=1-2
current_cpu=  1
current_cpu=  1
current_cpu=  1
current_cpu=  2
current_cpu=  1
current_cpu=  1
host=frontier02616
allowed=1-2
host=frontier08333
current_cpu=  2
allowed=1-2
host=frontier06338
current_cpu=  1
allowed=1-2
current_cpu=  1
current_cpu=  1
host=frontier04580
current_cpu=  2
current_cpu=  1
current_cpu=  1
current_cpu=  1
host=frontier03899
host=frontier01344
current_cpu=  1
allowed=1-2
allowed=1-2
current_cpu=  1
allowed=1-2
allowed=1-2
current_cpu=  1
current_cpu=  1
current_cpu=  1
allowed=1-2
current_cpu=  1
current_cpu=  1
current_cpu=  1
current_cpu=  1
host=frontier05955
allowed=1-2
current_cpu=  1
current_cpu=  1
current_cpu=  1
current_cpu=  1
current_cpu=  1
host=frontier05405
current_cpu=  1
current_cpu=  1
current_cpu=  2
current_cpu=  1
host=frontier01118
allowed=1-2
current_cpu=  1
host=frontier02761
host=frontier03898
current_cpu=  1
current_cpu=  1
host=frontier07995
current_cpu=  1
host=frontier00080
allowed=1-2
host=frontier05859
allowed=1-2
allowed=1-2
allowed=1-2
allowed=1-2
host=frontier01119
current_cpu=  1
allowed=1-2
allowed=1-2
current_cpu=  1
host=frontier08155
current_cpu=  1
host=frontier06992
host=frontier02904
allowed=1-2
host=frontier04581
allowed=1-2
current_cpu=  1
host=frontier04290
host=frontier03640
host=frontier05378
allowed=1-2
current_cpu=  1
host=frontier00848
allowed=1-2
allowed=1-2
allowed=1-2
allowed=1-2
allowed=1-2
current_cpu=  1
host=frontier05777
host=frontier01854
current_cpu=  1
current_cpu=  1
host=frontier08279
allowed=1-2
current_cpu=  1
current_cpu=  1
host=frontier06603
current_cpu=  1
host=frontier08132
host=frontier01120
allowed=1-2
allowed=1-2
host=frontier09418
current_cpu=  1
allowed=1-2
current_cpu=  1
host=frontier04047
allowed=1-2
allowed=1-2
allowed=1-2
host=frontier00342
current_cpu=  1
host=frontier04682
host=frontier01084
allowed=1-2
host=frontier02122
allowed=1-2
allowed=1-2
allowed=1-2
current_cpu=  1
host=frontier04716
current_cpu=  1
allowed=1-2
current_cpu=  1
current_cpu=  1
host=frontier01109
host=frontier02758
host=frontier03288
current_cpu=  1
current_cpu=  1
host=frontier03653
host=frontier01477
current_cpu=  1
host=frontier07228
current_cpu=  1
current_cpu=  1
allowed=1-2
host=frontier04305
allowed=1-2
allowed=1-2
host=frontier05962
host=frontier07751
allowed=1-2
allowed=1-2
host=frontier00448
host=frontier04680
allowed=1-2
host=frontier06459
allowed=1-2
host=frontier00461
host=frontier00980
current_cpu=  1
allowed=1-2
host=frontier07627
current_cpu=  1
allowed=1-2
allowed=1-2
current_cpu=  1
allowed=1-2
host=frontier06726
allowed=1-2
host=frontier00993
allowed=1-2
host=frontier05339
allowed=1-2
current_cpu=  1
host=frontier00462
allowed=1-2
host=frontier08789
current_cpu=  1
host=frontier08528
allowed=1-2
current_cpu=  1
host=frontier02749
allowed=1-2
host=frontier07502
current_cpu=  1
host=frontier08140
current_cpu=  2
allowed=1-2
allowed=1-2
allowed=1-2
host=frontier05586
host=frontier00230
current_cpu=  2
current_cpu=  1
host=frontier02126
allowed=1-2
allowed=1-2
current_cpu=  1
allowed=1-2
allowed=1-2
host=frontier01881
host=frontier09154
allowed=1-2
host=frontier09034
host=frontier01630
host=frontier02499
allowed=1-2
allowed=1-2
allowed=1-2
allowed=1-2
host=frontier05194
allowed=1-2
host=frontier06227
current_cpu=  1
current_cpu=  1
current_cpu=  1
host=frontier02114
host=frontier04436
allowed=1-2
host=frontier08128
allowed=1-2
current_cpu=  1
allowed=1-2
allowed=1-2
current_cpu=  1
allowed=1-2
current_cpu=  1
current_cpu=  1
host=frontier06476
current_cpu=  1
current_cpu=  1
host=frontier01085
current_cpu=  1
current_cpu=  1
host=frontier00986
allowed=1-2
allowed=1-2
current_cpu=  1
current_cpu=  1
current_cpu=  1
host=frontier04953
current_cpu=  1
allowed=1-2
current_cpu=  1
host=frontier05188
current_cpu=  1
host=frontier00699
host=frontier01723
allowed=1-2
allowed=1-2
current_cpu=  2
allowed=1-2
current_cpu=  1
host=frontier01079
current_cpu=  1
host=frontier04973
allowed=1-2
host=frontier04044
current_cpu=  1
current_cpu=  1
host=frontier02618
allowed=1-2
host=frontier02249
host=frontier05471
host=frontier01867
current_cpu=  1
allowed=1-2
host=frontier04902
current_cpu=  1
host=frontier09438
current_cpu=  1
allowed=1-2
allowed=1-2
allowed=1-2
allowed=1-2
current_cpu=  1
current_cpu=  1
current_cpu=  1
host=frontier04956
current_cpu=  2
current_cpu=  1
allowed=1-2
allowed=1-2
allowed=1-2
allowed=1-2
current_cpu=  1
host=frontier08514
host=frontier07245
current_cpu=  1
allowed=1-2
host=frontier03410
current_cpu=  1
current_cpu=  2
host=frontier07609
host=frontier03017
current_cpu=  1
current_cpu=  1
allowed=1-2
allowed=1-2
allowed=1-2
current_cpu=  1
allowed=1-2
host=frontier03774
host=frontier05720
current_cpu=  1
current_cpu=  1
allowed=1-2
host=frontier03277
current_cpu=  1
current_cpu=  1
allowed=1-2
allowed=1-2
current_cpu=  2
host=frontier09028
host=frontier09300
allowed=1-2
host=frontier02235
current_cpu=  1
allowed=1-2
allowed=1-2
host=frontier00466
current_cpu=  1
current_cpu=  1
current_cpu=  1
allowed=1-2
host=frontier07377
allowed=1-2
current_cpu=  1
host=frontier06980
allowed=1-2
host=frontier04589
host=frontier08909
current_cpu=  1
current_cpu=  1
host=frontier07362
allowed=1-2
current_cpu=  1
allowed=1-2
allowed=1-2
current_cpu=  1
current_cpu=  1
current_cpu=  1
current_cpu=  1
current_cpu=  1
allowed=1-2
current_cpu=  1
current_cpu=  2
current_cpu=  1
host=frontier05608
host=frontier08391
allowed=1-2
current_cpu=  1
current_cpu=  1
current_cpu=  1
current_cpu=  1
allowed=1-2
allowed=1-2
host=frontier00575
allowed=1-2
host=frontier02905
current_cpu=  1
allowed=1-2
current_cpu=  1
host=frontier02367
allowed=1-2
host=frontier01981
current_cpu=  1
current_cpu=  1
current_cpu=  1
current_cpu=  1
host=frontier03924
allowed=1-2
current_cpu=  1
host=frontier03674
host=frontier06591
host=frontier04556
allowed=1-2
allowed=1-2
allowed=1-2
current_cpu=  1
current_cpu=  1
current_cpu=  1
allowed=1-2
host=frontier02372
allowed=1-2
allowed=1-2
host=frontier09129
current_cpu=  1
host=frontier02773
host=frontier07372
current_cpu=  1
current_cpu=  1
host=frontier03136
current_cpu=  1
current_cpu=  1
host=frontier05583
allowed=1-2
allowed=1-2
host=frontier02395
current_cpu=  1
allowed=1-2
current_cpu=  2
allowed=1-2
allowed=1-2
host=frontier10168
allowed=1-2
host=frontier09420
current_cpu=  1
host=frontier00314
allowed=1-2
current_cpu=  2
current_cpu=  1
host=frontier03666
allowed=1-2
allowed=1-2
host=frontier02648
allowed=1-2
host=frontier03287
allowed=1-2
host=frontier00396
host=frontier00353
allowed=1-2
allowed=1-2
host=frontier00210
host=frontier00315
current_cpu=  1
host=frontier05855
host=frontier03142
host=frontier07482
host=frontier09400
allowed=1-2
host=frontier10171
allowed=1-2
allowed=1-2
allowed=1-2
host=frontier07607
host=frontier01748
allowed=1-2
allowed=1-2
allowed=1-2
allowed=1-2
current_cpu=  1
host=frontier09036
host=frontier02250
allowed=1-2
host=frontier07225
host=frontier01742
host=frontier01600
current_cpu=  1
allowed=1-2
allowed=1-2
allowed=1-2
current_cpu=  1
allowed=1-2
host=frontier02000
host=frontier09295
allowed=1-2
host=frontier08010
allowed=1-2
host=frontier01724
allowed=1-2
host=frontier06346
allowed=1-2
host=frontier05195
current_cpu=  1
host=frontier04582
current_cpu=  1
current_cpu=  1
host=frontier01604
allowed=1-2
allowed=1-2
host=frontier05561
current_cpu=  1
current_cpu=  1
allowed=1-2
host=frontier00831
allowed=1-2
host=frontier00228
allowed=1-2
host=frontier08887
allowed=1-2
current_cpu=  1
current_cpu=  1
allowed=1-2
host=frontier05183
allowed=1-2
current_cpu=  1
host=frontier06456
host=frontier08791
allowed=1-2
allowed=1-2
current_cpu=  1
host=frontier07373
host=frontier05832
host=frontier01487
allowed=1-2
allowed=1-2
allowed=1-2
host=frontier00978
current_cpu=  1
current_cpu=  2
host=frontier04312
current_cpu=  1
current_cpu=  1
allowed=1-2
host=frontier05485
host=frontier01602
current_cpu=  1
current_cpu=  1
allowed=1-2
current_cpu=  1
allowed=1-2
current_cpu=  1
allowed=1-2
current_cpu=  2
allowed=1-2
current_cpu=  1
current_cpu=  1
host=frontier08397
host=frontier06220
current_cpu=  1
current_cpu=  1
host=frontier03900
current_cpu=  2
current_cpu=  1
allowed=1-2
host=frontier01603
allowed=1-2
allowed=1-2
allowed=1-2
current_cpu=  1
host=frontier04055
current_cpu=  1
current_cpu=  1
allowed=1-2
current_cpu=  1
current_cpu=  2
host=frontier09175
host=frontier03016
allowed=1-2
current_cpu=  1
current_cpu=  1
allowed=1-2
host=frontier03662
allowed=1-2
current_cpu=  1
host=frontier06850
allowed=1-2
current_cpu=  1
current_cpu=  1
current_cpu=  1
host=frontier02507
allowed=1-2
current_cpu=  1
host=frontier08133
current_cpu=  1
allowed=1-2
host=frontier06469
host=frontier05952
host=frontier05910
current_cpu=  1
current_cpu=  1
allowed=1-2
current_cpu=  1
allowed=1-2
host=frontier03009
allowed=1-2
current_cpu=  1
host=frontier03006
current_cpu=  1
host=frontier05589
host=frontier09156
allowed=1-2
current_cpu=  1
allowed=1-2
current_cpu=  1
allowed=1-2
current_cpu=  1
allowed=1-2
current_cpu=  1
host=frontier00577
host=frontier02004
host=frontier04194
host=frontier01490
current_cpu=  1
allowed=1-2
host=frontier07762
current_cpu=  1
host=frontier06859
allowed=1-2
allowed=1-2
host=frontier09155
host=frontier00736
allowed=1-2
host=frontier07615
allowed=1-2
allowed=1-2
host=frontier01747
current_cpu=  1
allowed=1-2
allowed=1-2
allowed=1-2
allowed=1-2
current_cpu=  1
host=frontier08147
current_cpu=  1
host=frontier04794
current_cpu=  1
host=frontier03154
host=frontier06345
current_cpu=  1
allowed=1-2
host=frontier09296
host=frontier09406
allowed=1-2
current_cpu=  1
allowed=1-2
allowed=1-2
host=frontier04838
allowed=1-2
host=frontier08767
host=frontier03525
host=frontier05969
current_cpu=  1
allowed=1-2
allowed=1-2
host=frontier00828
allowed=1-2
allowed=1-2
allowed=1-2
current_cpu=  1
allowed=1-2
allowed=1-2
host=frontier08384
current_cpu=  1
current_cpu=  1
host=frontier02763
current_cpu=  1
host=frontier03664
host=frontier05963
host=frontier00698
allowed=1-2
allowed=1-2
current_cpu=  1
current_cpu=  1
host=frontier08646
allowed=1-2
current_cpu=  1
allowed=1-2
host=frontier08276
allowed=1-2
host=frontier02516
host=frontier08790
current_cpu=  1
allowed=1-2
allowed=1-2
host=frontier02381
allowed=1-2
current_cpu=  1
current_cpu=  2
host=frontier00599
allowed=1-2
current_cpu=  1
host=frontier05207
current_cpu=  1
current_cpu=  1
allowed=1-2
allowed=1-2
allowed=1-2
host=frontier05216
current_cpu=  2
current_cpu=  1
host=frontier03408
current_cpu=  1
host=frontier05482
current_cpu=  1
allowed=1-2
current_cpu=  1
allowed=1-2
host=frontier04692
allowed=1-2
allowed=1-2
host=frontier00107
current_cpu=  2
current_cpu=  1
current_cpu=  1
current_cpu=  1
current_cpu=  1
current_cpu=  1
host=frontier04535
host=frontier06983
allowed=1-2
current_cpu=  1
host=frontier08653
current_cpu=  1
current_cpu=  1
allowed=1-2
current_cpu=  1
current_cpu=  1
current_cpu=  2
allowed=1-2
allowed=1-2
current_cpu=  1
host=frontier05956
current_cpu=  1
current_cpu=  1
current_cpu=  1
host=frontier09308
allowed=1-2
current_cpu=  1
allowed=1-2
host=frontier02123
current_cpu=  1
current_cpu=  1
allowed=1-2
host=frontier04537
current_cpu=  1
current_cpu=  1
current_cpu=  2
current_cpu=  1
current_cpu=  1
allowed=1-2
current_cpu=  1
host=frontier09310
current_cpu=  1
allowed=1-2
current_cpu=  1
current_cpu=  1
current_cpu=  1
host=frontier06089
current_cpu=  1
allowed=1-2
current_cpu=  1
host=frontier06991
host=frontier01613
host=frontier06713
current_cpu=  1
host=frontier06839
allowed=1-2
allowed=1-2
allowed=1-2
host=frontier01735
allowed=1-2
host=frontier08765
allowed=1-2
current_cpu=  1
current_cpu=  1
host=frontier03129
current_cpu=  1
allowed=1-2
current_cpu=  1
current_cpu=  1
host=frontier03524
host=frontier01592
host=frontier06727
host=frontier02103
host=frontier08403
allowed=1-2
current_cpu=  2
host=frontier04669
allowed=1-2
allowed=1-2
host=frontier00598
host=frontier00833
allowed=1-2
allowed=1-2
host=frontier00073
current_cpu=  1
allowed=1-2
allowed=1-2
allowed=1-2
current_cpu=  1
host=frontier02643
current_cpu=  2
allowed=1-2
allowed=1-2
current_cpu=  1
allowed=1-2
current_cpu=  1
current_cpu=  1
current_cpu=  1
current_cpu=  1
host=frontier05709
host=frontier01208
host=frontier06458
allowed=1-2
current_cpu=  1
allowed=1-2
current_cpu=  1
host=frontier07115
allowed=1-2
allowed=1-2
current_cpu=  1
host=frontier08776
current_cpu=  1
host=frontier02524
allowed=1-2
allowed=1-2
current_cpu=  1
host=frontier08145
allowed=1-2
allowed=1-2
host=frontier07875
current_cpu=  1
host=frontier07102
host=frontier08777
allowed=1-2
host=frontier00826
allowed=1-2
current_cpu=  1
current_cpu=  1
host=frontier05596
allowed=1-2
current_cpu=  1
current_cpu=  1
host=frontier05852
allowed=1-2
host=frontier06479
allowed=1-2
host=frontier04825
host=frontier07871
current_cpu=  1
host=frontier09412
host=frontier08542
allowed=1-2
host=frontier07628
allowed=1-2
current_cpu=  1
allowed=1-2
allowed=1-2
current_cpu=  1
allowed=1-2
current_cpu=  1
current_cpu=  1
allowed=1-2
allowed=1-2
current_cpu=  1
current_cpu=  1
current_cpu=  1
host=frontier00211
allowed=1-2
host=frontier04795
current_cpu=  2
host=frontier04681
current_cpu=  1
current_cpu=  1
host=frontier04325
current_cpu=  1
allowed=1-2
allowed=1-2
host=frontier02760
allowed=1-2
current_cpu=  1
current_cpu=  1
host=frontier03162
host=frontier02380
allowed=1-2
host=frontier03004
allowed=1-2
current_cpu=  1
current_cpu=  2
allowed=1-2
allowed=1-2
current_cpu=  1
host=frontier06733
host=frontier04332
allowed=1-2
allowed=1-2
current_cpu=  1
current_cpu=  1
current_cpu=  1
host=frontier06588
allowed=1-2
host=frontier04962
current_cpu=  1
allowed=1-2
current_cpu=  1
host=frontier08152
current_cpu=  1
allowed=1-2
current_cpu=  1
host=frontier00071
current_cpu=  1
allowed=1-2
current_cpu=  1
current_cpu=  1
host=frontier02382
host=frontier09174
current_cpu=  1
current_cpu=  1
allowed=1-2
allowed=1-2
host=frontier08541
current_cpu=  1
current_cpu=  1
current_cpu=  2
current_cpu=  1
host=frontier04964
allowed=1-2
current_cpu=  1
current_cpu=  1
current_cpu=  1
current_cpu=  1
allowed=1-2
host=frontier01744
current_cpu=  1
host=frontier03930
host=frontier09026
allowed=1-2
allowed=1-2
current_cpu=  1
current_cpu=  1
allowed=1-2
host=frontier06981
allowed=1-2
host=frontier02619
current_cpu=  1
allowed=1-2
current_cpu=  2
host=frontier01849
current_cpu=  1
current_cpu=  2
allowed=1-2
host=frontier06594
current_cpu=  1
allowed=1-2
current_cpu=  1
current_cpu=  1
host=frontier07758
host=frontier04824
allowed=1-2
allowed=1-2
current_cpu=  1
host=frontier07370
current_cpu=  2
current_cpu=  1
host=frontier03933
host=frontier02387
allowed=1-2
allowed=1-2
current_cpu=  1
allowed=1-2
host=frontier03812
current_cpu=  1
host=frontier06982
host=frontier04970
allowed=1-2
host=frontier07614
host=frontier01860
host=frontier01235
allowed=1-2
allowed=1-2
current_cpu=  2
allowed=1-2
host=frontier04826
host=frontier07616
allowed=1-2
host=frontier09431
host=frontier03406
allowed=1-2
host=frontier01223
allowed=1-2
host=frontier06849
allowed=1-2
allowed=1-2
allowed=1-2
host=frontier03411
host=frontier09419
allowed=1-2
allowed=1-2
host=frontier07739
host=frontier07504
current_cpu=  1
allowed=1-2
allowed=1-2
allowed=1-2
host=frontier01343
allowed=1-2
current_cpu=  1
host=frontier01464
allowed=1-2
host=frontier08640
host=frontier02248
current_cpu=  1
allowed=1-2
current_cpu=  1
allowed=1-2
host=frontier00078
current_cpu=  1
allowed=1-2
allowed=1-2
current_cpu=  1
host=frontier09033
host=frontier08006
allowed=1-2
allowed=1-2
host=frontier01729
current_cpu=  1
host=frontier03299
current_cpu=  1
host=frontier01855
host=frontier01617
allowed=1-2
allowed=1-2
allowed=1-2
allowed=1-2
host=frontier02642
host=frontier05838
host=frontier05475
host=frontier03294
allowed=1-2
host=frontier06732
current_cpu=  1
allowed=1-2
allowed=1-2
allowed=1-2
host=frontier03163
host=frontier00453
host=frontier00340
allowed=1-2
host=frontier02269
current_cpu=  1
host=frontier03537
allowed=1-2
allowed=1-2
host=frontier09014
host=frontier04670
allowed=1-2
current_cpu=  1
allowed=1-2
allowed=1-2
host=frontier01737
allowed=1-2
host=frontier08399
allowed=1-2
allowed=1-2
current_cpu=  1
allowed=1-2
current_cpu=  1
current_cpu=  1
host=frontier07760
current_cpu=  1
current_cpu=  1
host=frontier02628
current_cpu=  1
allowed=1-2
current_cpu=  1
current_cpu=  1
allowed=1-2
host=frontier09287
current_cpu=  1
allowed=1-2
host=frontier05451
host=frontier01491
current_cpu=  1
allowed=1-2
host=frontier07247
host=frontier07884
host=frontier05463
allowed=1-2
current_cpu=  1
allowed=1-2
host=frontier01466
allowed=1-2
host=frontier00317
host=frontier04702
host=frontier10169
allowed=1-2
allowed=1-2
allowed=1-2
host=frontier08922
allowed=1-2
allowed=1-2
current_cpu=  1
current_cpu=  1
current_cpu=  1
allowed=1-2
host=frontier09401
allowed=1-2
current_cpu=  1
current_cpu=  1
current_cpu=  1
current_cpu=  1
current_cpu=  1
current_cpu=  1
current_cpu=  1
host=frontier07224
host=frontier03787
host=frontier05196
host=frontier08645
host=frontier02274
host=frontier06344
current_cpu=  1
host=frontier04202
current_cpu=  1
host=frontier08902
allowed=1-2
current_cpu=  1
current_cpu=  1
host=frontier04972
host=frontier08265
current_cpu=  1
current_cpu=  2
allowed=1-2
current_cpu=  1
current_cpu=  1
allowed=1-2
current_cpu=  1
allowed=1-2
allowed=1-2
host=frontier01221
host=frontier09027
host=frontier04193
allowed=1-2
host=frontier00854
current_cpu=  1
allowed=1-2
allowed=1-2
current_cpu=  1
host=frontier06213
allowed=1-2
allowed=1-2
allowed=1-2
allowed=1-2
current_cpu=  1
allowed=1-2
host=frontier06101
current_cpu=  1
current_cpu=  2
host=frontier02898
host=frontier00842
current_cpu=  1
current_cpu=  1
current_cpu=  2
allowed=1-2
host=frontier00954
current_cpu=  1
allowed=1-2
current_cpu=  1
allowed=1-2
host=frontier04024
current_cpu=  1
current_cpu=  1
host=frontier02751
host=frontier05853
current_cpu=  2
allowed=1-2
allowed=1-2
allowed=1-2
host=frontier07105
allowed=1-2
host=frontier02129
allowed=1-2
allowed=1-2
host=frontier05319
current_cpu=  1
host=frontier01980
host=frontier01357
allowed=1-2
host=frontier00349
allowed=1-2
allowed=1-2
allowed=1-2
current_cpu=  2
current_cpu=  1
current_cpu=  1
current_cpu=  1
current_cpu=  1
current_cpu=  1
host=frontier04559
current_cpu=  1
allowed=1-2
host=frontier05519
host=frontier09023
current_cpu=  1
allowed=1-2
current_cpu=  1
current_cpu=  1
host=frontier08778
host=frontier00185
host=frontier06081
host=frontier00965
host=frontier03511
host=frontier03532
allowed=1-2
allowed=1-2
host=frontier01749
current_cpu=  1
allowed=1-2
allowed=1-2
current_cpu=  1
current_cpu=  1
host=frontier02360
host=frontier01598
allowed=1-2
current_cpu=  1
current_cpu=  1
allowed=1-2
allowed=1-2
host=frontier06858
host=frontier04437
allowed=1-2
host=frontier04326
host=frontier08008
current_cpu=  1
host=frontier05162
host=frontier06035
host=frontier05406
allowed=1-2
allowed=1-2
allowed=1-2
current_cpu=  1
allowed=1-2
host=frontier06357
allowed=1-2
allowed=1-2
current_cpu=  1
allowed=1-2
current_cpu=  1
current_cpu=  2
host=frontier03905
current_cpu=  2
host=frontier04334
current_cpu=  1
allowed=1-2
current_cpu=  1
allowed=1-2
host=frontier00192
allowed=1-2
allowed=1-2
host=frontier06088
host=frontier00731
allowed=1-2
allowed=1-2
host=frontier05075
host=frontier02899
current_cpu=  1
current_cpu=  1
host=frontier05718
current_cpu=  1
host=frontier05063
allowed=1-2
allowed=1-2
current_cpu=  1
host=frontier01479
host=frontier04320
host=frontier01492
allowed=1-2
allowed=1-2
host=frontier03542
host=frontier08769
current_cpu=  1
allowed=1-2
allowed=1-2
current_cpu=  1
allowed=1-2
current_cpu=  1
host=frontier06971
current_cpu=  1
allowed=1-2
allowed=1-2
current_cpu=  1
host=frontier04714
host=frontier00721
current_cpu=  1
allowed=1-2
current_cpu=  1
host=frontier07351
host=frontier05588
current_cpu=  2
current_cpu=  1
allowed=1-2
host=frontier00072
host=frontier07629
host=frontier08911
host=frontier01210
allowed=1-2
host=frontier03130
current_cpu=  1
allowed=1-2
current_cpu=  1
allowed=1-2
host=frontier07239
allowed=1-2
current_cpu=  1
current_cpu=  1
host=frontier04181
allowed=1-2
allowed=1-2
current_cpu=  1
current_cpu=  1
current_cpu=  1
allowed=1-2
allowed=1-2
host=frontier08401
current_cpu=  1
current_cpu=  1
current_cpu=  1
current_cpu=  1
current_cpu=  1
current_cpu=  1
allowed=1-2
allowed=1-2
host=frontier03913
allowed=1-2
allowed=1-2
host=frontier04827
current_cpu=  1
host=frontier04715
allowed=1-2
host=frontier09425
current_cpu=  1
current_cpu=  1
host=frontier03925
host=frontier09035
allowed=1-2
allowed=1-2
host=frontier06077
allowed=1-2
current_cpu=  1
allowed=1-2
current_cpu=  1
current_cpu=  1
current_cpu=  1
current_cpu=  1
allowed=1-2
current_cpu=  1
host=frontier08121
allowed=1-2
allowed=1-2
host=frontier04195
current_cpu=  1
host=frontier04327
host=frontier08779
current_cpu=  1
host=frontier02750
current_cpu=  1
host=frontier04168
allowed=1-2
host=frontier00843
current_cpu=  1
allowed=1-2
allowed=1-2
allowed=1-2
current_cpu=  1
allowed=1-2
host=frontier04703
current_cpu=  1
current_cpu=  1
current_cpu=  1
current_cpu=  1
current_cpu=  1
current_cpu=  1
allowed=1-2
current_cpu=  1
allowed=1-2
host=frontier00722
host=frontier07117
current_cpu=  1
allowed=1-2
host=frontier03007
current_cpu=  1
current_cpu=  1
host=frontier06482
allowed=1-2
allowed=1-2
allowed=1-2
host=frontier07997
current_cpu=  1
allowed=1-2
current_cpu=  1
host=frontier02768
current_cpu=  1
allowed=1-2
host=frontier02273
current_cpu=  1
host=frontier01992
allowed=1-2
host=frontier03786
host=frontier07752
allowed=1-2
current_cpu=  1
allowed=1-2
current_cpu=  1
host=frontier06352
host=frontier05698
allowed=1-2
current_cpu=  1
current_cpu=  1
current_cpu=  1
host=frontier00441
allowed=1-2
current_cpu=  1
allowed=1-2
host=frontier07620
current_cpu=  1
allowed=1-2
current_cpu=  1
host=frontier07103
current_cpu=  1
host=frontier00440
current_cpu=  2
allowed=1-2
allowed=1-2
host=frontier03296
allowed=1-2
current_cpu=  1
allowed=1-2
current_cpu=  1
host=frontier06734
current_cpu=  1
host=frontier02260
allowed=1-2
current_cpu=  1
allowed=1-2
host=frontier02617
current_cpu=  1
host=frontier03421
host=frontier03398
host=frontier07226
host=frontier06846
allowed=1-2
allowed=1-2
allowed=1-2
current_cpu=  1
allowed=1-2
allowed=1-2
host=frontier06457
host=frontier03808
allowed=1-2
current_cpu=  1
host=frontier02237
allowed=1-2
host=frontier08001
current_cpu=  1
allowed=1-2
allowed=1-2
host=frontier06332
current_cpu=  1
host=frontier07106
host=frontier00585
current_cpu=  1
allowed=1-2
allowed=1-2
host=frontier05666
allowed=1-2
host=frontier01610
current_cpu=  1
host=frontier05825
host=frontier04032
host=frontier06595
current_cpu=  1
host=frontier06739
allowed=1-2
host=frontier06478
allowed=1-2
current_cpu=  1
allowed=1-2
allowed=1-2
allowed=1-2
host=frontier04458
host=frontier04557
current_cpu=  1
host=frontier02104
current_cpu=  1
allowed=1-2
current_cpu=  1
allowed=1-2
allowed=1-2
host=frontier05964
current_cpu=  1
allowed=1-2
allowed=1-2
allowed=1-2
host=frontier03412
host=frontier02894
allowed=1-2
allowed=1-2
current_cpu=  1
host=frontier06477
host=frontier05082
allowed=1-2
current_cpu=  1
host=frontier05601
host=frontier04025
current_cpu=  1
current_cpu=  1
host=frontier06100
host=frontier03543
allowed=1-2
allowed=1-2
host=frontier03029
allowed=1-2
current_cpu=  1
allowed=1-2
current_cpu=  1
host=frontier03776
current_cpu=  1
current_cpu=  1
allowed=1-2
allowed=1-2
host=frontier05332
allowed=1-2
allowed=1-2
current_cpu=  2
current_cpu=  1
current_cpu=  1
allowed=1-2
host=frontier07252
current_cpu=  1
host=frontier09177
allowed=1-2
current_cpu=  1
host=frontier02907
host=frontier10170
current_cpu=  1
host=frontier07363
allowed=1-2
host=frontier01335
host=frontier04571
allowed=1-2
current_cpu=  1
allowed=1-2
current_cpu=  1
current_cpu=  1
current_cpu=  1
host=frontier01242
allowed=1-2
current_cpu=  1
host=frontier00987
current_cpu=  1
current_cpu=  1
allowed=1-2
allowed=1-2
allowed=1-2
current_cpu=  1
current_cpu=  1
current_cpu=  1
current_cpu=  1
host=frontier02638
host=frontier02526
allowed=1-2
host=frontier08720
allowed=1-2
allowed=1-2
current_cpu=  1
host=frontier02005
current_cpu=  1
allowed=1-2
host=frontier01625
host=frontier07876
current_cpu=  1
host=frontier00573
host=frontier09164
allowed=1-2
allowed=1-2
host=frontier07107
allowed=1-2
current_cpu=  1
current_cpu=  1
allowed=1-2
allowed=1-2
current_cpu=  1
allowed=1-2
current_cpu=  1
current_cpu=  1
current_cpu=  1
host=frontier06096
allowed=1-2
host=frontier02527
current_cpu=  1
allowed=1-2
current_cpu=  1
current_cpu=  1
allowed=1-2
current_cpu=  1
current_cpu=  1
host=frontier03545
host=frontier08910
host=frontier00830
allowed=1-2
host=frontier04188
host=frontier09015
current_cpu=  1
host=frontier07227
current_cpu=  1
allowed=1-2
allowed=1-2
host=frontier02125
current_cpu=  1
allowed=1-2
current_cpu=  2
current_cpu=  1
allowed=1-2
current_cpu=  2
current_cpu=  1
host=frontier05584
host=frontier00955
current_cpu=  1
host=frontier05070
current_cpu=  1
allowed=1-2
allowed=1-2
current_cpu=  1
current_cpu=  1
allowed=1-2
allowed=1-2
host=frontier08534
host=frontier01488
current_cpu=  1
allowed=1-2
host=frontier03011
allowed=1-2
current_cpu=  1
host=frontier00217
current_cpu=  1
current_cpu=  2
allowed=1-2
host=frontier03668
allowed=1-2
allowed=1-2
host=frontier08264
current_cpu=  1
allowed=1-2
current_cpu=  1
current_cpu=  1
current_cpu=  1
current_cpu=  2
allowed=1-2
current_cpu=  1
host=frontier08770
host=frontier02241
allowed=1-2
allowed=1-2
current_cpu=  1
current_cpu=  1
host=frontier08666
current_cpu=  1
allowed=1-2
host=frontier05965
host=frontier02261
allowed=1-2
allowed=1-2
host=frontier09288
host=frontier07745
current_cpu=  1
host=frontier08252
host=frontier08253
allowed=1-2
allowed=1-2
allowed=1-2
allowed=1-2
host=frontier05484
host=frontier07371
current_cpu=  1
current_cpu=  2
host=frontier09432
current_cpu=  1
allowed=1-2
allowed=1-2
current_cpu=  1
allowed=1-2
allowed=1-2
current_cpu=  1
current_cpu=  1
current_cpu=  2
current_cpu=  1
current_cpu=  1
current_cpu=  2
host=frontier08402
allowed=1-2
host=frontier09274
current_cpu=  2
current_cpu=  1
current_cpu=  1
allowed=1-2
host=frontier06994
host=frontier08633
current_cpu=  1
host=frontier00695
allowed=1-2
host=frontier00696
current_cpu=  1
allowed=1-2
allowed=1-2
current_cpu=  1
current_cpu=  1
allowed=1-2
current_cpu=  1
host=frontier01856
current_cpu=  1
allowed=1-2
current_cpu=  1
current_cpu=  1
host=frontier00841
host=frontier03642
allowed=1-2
allowed=1-2
current_cpu=  1
current_cpu=  1
current_cpu=  1
host=frontier07865
allowed=1-2
host=frontier03798
current_cpu=  1
allowed=1-2
current_cpu=  1
host=frontier00463
current_cpu=  1
allowed=1-2
current_cpu=  2
host=frontier08009
current_cpu=  2
allowed=1-2
host=frontier01467
current_cpu=  1
current_cpu=  1
host=frontier05819
allowed=1-2
host=frontier08258
allowed=1-2
current_cpu=  1
host=frontier05977
current_cpu=  1
current_cpu=  1
allowed=1-2
current_cpu=  1
host=frontier02631
current_cpu=  1
allowed=1-2
current_cpu=  1
allowed=1-2
current_cpu=  1
current_cpu=  1
host=frontier05141
host=frontier00597
host=frontier01086
host=frontier06601
allowed=1-2
allowed=1-2
allowed=1-2
allowed=1-2
current_cpu=  1
current_cpu=  1
current_cpu=  1
host=frontier02874
allowed=1-2
host=frontier03801
current_cpu=  1
allowed=1-2
host=frontier04200
host=frontier08259
current_cpu=  1
allowed=1-2
current_cpu=  1
current_cpu=  1
allowed=1-2
host=frontier04432
current_cpu=  1
allowed=1-2
current_cpu=  1
current_cpu=  2
host=frontier06212
host=frontier08888
allowed=1-2
allowed=1-2
current_cpu=  1
current_cpu=  1
host=frontier03645
host=frontier02012
allowed=1-2
allowed=1-2
current_cpu=  1
current_cpu=  2
host=frontier02875
host=frontier08409
allowed=1-2
allowed=1-2
current_cpu=  1
current_cpu=  1
host=frontier06995
host=frontier06845
allowed=1-2
allowed=1-2
current_cpu=  1
current_cpu=  1
host=frontier02013
host=frontier01622
allowed=1-2
allowed=1-2
current_cpu=  1
current_cpu=  1
current_cpu=  1
host=frontier02639
allowed=1-2
host=frontier04203
host=frontier08388
host=frontier05700
host=frontier07753
host=frontier04805
host=frontier06602
current_cpu=  1
allowed=1-2
allowed=1-2
allowed=1-2
allowed=1-2
current_cpu=  1
current_cpu=  1
allowed=1-2
allowed=1-2
current_cpu=  1
current_cpu=  1
host=frontier02651
current_cpu=  1
host=frontier04034
host=frontier05031
allowed=1-2
allowed=1-2
allowed=1-2
current_cpu=  1
current_cpu=  1
host=frontier08410
allowed=1-2
host=frontier01478
current_cpu=  1
allowed=1-2
current_cpu=  1
host=frontier09041
allowed=1-2
host=frontier08652
current_cpu=  1
allowed=1-2
host=frontier07889
current_cpu=  1
host=frontier07872
host=frontier05444
allowed=1-2
allowed=1-2
allowed=1-2
current_cpu=  1
current_cpu=  1
host=frontier06847
allowed=1-2
host=frontier02492
current_cpu=  1
allowed=1-2
host=frontier02880
host=frontier05049
allowed=1-2
allowed=1-2
current_cpu=  1
current_cpu=  1
host=frontier03028
host=frontier04446
host=frontier04706
allowed=1-2
current_cpu=  1
allowed=1-2
current_cpu=  1
host=frontier00708
allowed=1-2
allowed=1-2
current_cpu=  1
host=frontier00474
host=frontier02136
allowed=1-2
current_cpu=  1
host=frontier04837
allowed=1-2
host=frontier01096
allowed=1-2
current_cpu=  2
current_cpu=  1
allowed=1-2
current_cpu=  1
current_cpu=  1
current_cpu=  1
current_cpu=  1
current_cpu=  1
host=frontier09289
allowed=1-2
host=frontier04042
current_cpu=  1
allowed=1-2
current_cpu=  1
host=frontier01868
allowed=1-2
host=frontier09047
current_cpu=  1
current_cpu=  1
current_cpu=  1
allowed=1-2
host=frontier07238
current_cpu=  1
host=frontier02493
host=frontier00322
allowed=1-2
allowed=1-2
allowed=1-2
current_cpu=  1
current_cpu=  1
host=frontier07874
allowed=1-2
host=frontier05609
current_cpu=  2
allowed=1-2
current_cpu=  1
current_cpu=  1
current_cpu=  1
host=frontier06608
allowed=1-2
host=frontier03654
current_cpu=  1
allowed=1-2
current_cpu=  1
host=frontier05452
allowed=1-2
host=frontier01098
current_cpu=  1
allowed=1-2
current_cpu=  1
host=frontier08900
allowed=1-2
host=frontier02110
current_cpu=  1
allowed=1-2
current_cpu=  1
host=frontier04839
allowed=1-2
host=frontier04045
current_cpu=  1
allowed=1-2
host=frontier03386
current_cpu=  2
current_cpu=  1
host=frontier03813
allowed=1-2
host=frontier04683
current_cpu=  2
allowed=1-2
allowed=1-2
current_cpu=  1
current_cpu=  1
host=frontier08510
allowed=1-2
host=frontier05221
host=frontier02505
current_cpu=  1
allowed=1-2
host=frontier06076
current_cpu=  1
allowed=1-2
allowed=1-2
current_cpu=  1
host=frontier02111
host=frontier04840
allowed=1-2
allowed=1-2
current_cpu=  1
current_cpu=  1
host=frontier07048
host=frontier08658
allowed=1-2
allowed=1-2
current_cpu=  1
current_cpu=  1
current_cpu=  1
host=frontier03655
current_cpu=  1
allowed=1-2
current_cpu=  1
current_cpu=  1
host=frontier03420
host=frontier07877
allowed=1-2
allowed=1-2
current_cpu=  1
current_cpu=  1
host=frontier04841
host=frontier06464
allowed=1-2
allowed=1-2
current_cpu=  1
current_cpu=  1
host=frontier05840
host=frontier08120
host=frontier02782
allowed=1-2
current_cpu=  1
allowed=1-2
current_cpu=  1
host=frontier08659
allowed=1-2
host=frontier05226
host=frontier03150
allowed=1-2
current_cpu=  1
allowed=1-2
current_cpu=  1
host=frontier08271
allowed=1-2
host=frontier07633
allowed=1-2
current_cpu=  1
allowed=1-2
host=frontier02112
current_cpu=  1
allowed=1-2
current_cpu=  1
host=frontier01873
current_cpu=  1
allowed=1-2
current_cpu=  1
host=frontier00718
host=frontier08016
allowed=1-2
current_cpu=  1
host=frontier03656
allowed=1-2
current_cpu=  1
current_cpu=  2
host=frontier00719
current_cpu=  1
allowed=1-2
allowed=1-2
host=frontier01342
current_cpu=  1
allowed=1-2
current_cpu=  1
current_cpu=  1
host=frontier06613
host=frontier08272
allowed=1-2
allowed=1-2
current_cpu=  1
current_cpu=  1
host=frontier02892
host=frontier02650
allowed=1-2
allowed=1-2
current_cpu=  1
current_cpu=  2
host=frontier08664
host=frontier04303
allowed=1-2
allowed=1-2
current_cpu=  1
current_cpu=  2
host=frontier06614
host=frontier07246
allowed=1-2
allowed=1-2
current_cpu=  1
current_cpu=  1
host=frontier05843
host=frontier03512
allowed=1-2
allowed=1-2
current_cpu=  1
current_cpu=  1
host=frontier06856
host=frontier01110
allowed=1-2
allowed=1-2
current_cpu=  1
current_cpu=  1
current_cpu=  1
host=frontier03513
allowed=1-2
host=frontier05076
current_cpu=  1
allowed=1-2
current_cpu=  1
current_cpu=  1
host=frontier06712
host=frontier08665
allowed=1-2
allowed=1-2
current_cpu=  2
current_cpu=  1
host=frontier00541
host=frontier06226
allowed=1-2
allowed=1-2
current_cpu=  1
current_cpu=  1
host=frontier06857
host=frontier06468
allowed=1-2
allowed=1-2
current_cpu=  1
current_cpu=  1
current_cpu=  2
host=frontier03663
allowed=1-2
host=frontier01346
current_cpu=  1
allowed=1-2
current_cpu=  1
host=frontier01111
allowed=1-2
host=frontier08127
current_cpu=  1
allowed=1-2
current_cpu=  1
host=frontier07248
allowed=1-2
host=frontier08277
current_cpu=  1
allowed=1-2
current_cpu=  1
host=frontier01347
allowed=1-2
host=frontier01880
current_cpu=  1
allowed=1-2
current_cpu=  1
host=frontier09150
allowed=1-2
host=frontier08520
current_cpu=  1
allowed=1-2
current_cpu=  1
host=frontier05294
allowed=1-2
host=frontier06714
current_cpu=  1
allowed=1-2
current_cpu=  1
host=frontier07250
allowed=1-2
host=frontier07493
current_cpu=  1
allowed=1-2
current_cpu=  1
host=frontier03281
allowed=1-2
host=frontier00966
current_cpu=  1
allowed=1-2
current_cpu=  1
host=frontier08522
allowed=1-2
host=frontier02748
current_cpu=  1
allowed=1-2
current_cpu=  1
host=frontier06470
allowed=1-2
host=frontier05699
current_cpu=  1
allowed=1-2
current_cpu=  1
host=frontier04056
allowed=1-2
host=frontier07885
current_cpu=  1
allowed=1-2
current_cpu=  1
host=frontier02512
allowed=1-2
host=frontier08915
current_cpu=  1
allowed=1-2
current_cpu=  1
host=frontier07494
allowed=1-2
host=frontier01499
current_cpu=  2
allowed=1-2
current_cpu=  1
host=frontier08130
allowed=1-2
host=frontier01500
current_cpu=  1
allowed=1-2
current_cpu=  1
host=frontier03519
allowed=1-2
host=frontier01734
current_cpu=  1
allowed=1-2
current_cpu=  1
host=frontier05701
allowed=1-2
host=frontier03910
current_cpu=  1
allowed=1-2
current_cpu=  1
host=frontier08131
allowed=1-2
host=frontier04057
current_cpu=  1
allowed=1-2
current_cpu=  1
host=frontier07495
allowed=1-2
current_cpu=  1
current_cpu=  1
host=frontier00195
allowed=1-2
host=frontier05089
current_cpu=  1
allowed=1-2
current_cpu=  1
host=frontier06720
allowed=1-2
host=frontier07740
current_cpu=  1
allowed=1-2
current_cpu=  1
host=frontier04313
allowed=1-2
current_cpu=  1
current_cpu=  1
host=frontier03911
allowed=1-2
allowed=1-2
current_cpu=  1
current_cpu=  1
host=frontier05857
host=frontier04315
allowed=1-2
allowed=1-2
current_cpu=  2
current_cpu=  1
host=frontier03522
host=frontier01736
allowed=1-2
allowed=1-2
current_cpu=  1
current_cpu=  1
host=frontier00196
host=frontier04059
allowed=1-2
allowed=1-2
current_cpu=  1
current_cpu=  1
host=frontier02906
host=frontier04936
allowed=1-2
allowed=1-2
current_cpu=  1
current_cpu=  1
host=frontier06333
host=frontier02753
allowed=1-2
allowed=1-2
current_cpu=  1
current_cpu=  1
host=frontier05706
host=frontier02517
allowed=1-2
allowed=1-2
current_cpu=  1
current_cpu=  1
host=frontier02518
host=frontier08923
allowed=1-2
allowed=1-2
current_cpu=  1
current_cpu=  2
host=frontier00348
current_cpu=  1
allowed=1-2
current_cpu=  1
current_cpu=  1
host=frontier02908
allowed=1-2
host=frontier08331
current_cpu=  1
allowed=1-2
current_cpu=  1
host=frontier00979
allowed=1-2
host=frontier04156
current_cpu=  1
allowed=1-2
current_cpu=  1
host=frontier00350
allowed=1-2
host=frontier03767
current_cpu=  1
allowed=1-2
current_cpu=  1
host=frontier04324
allowed=1-2
host=frontier06970
current_cpu=  2
allowed=1-2
current_cpu=  1
host=frontier04157
allowed=1-2
allowed=1-2
current_cpu=  2
current_cpu=  1
host=frontier02913
host=frontier05713
allowed=1-2
allowed=1-2
current_cpu=  1
current_cpu=  1
host=frontier00584
host=frontier07113
allowed=1-2
allowed=1-2
current_cpu=  2
current_cpu=  1
host=frontier05102
host=frontier01743
allowed=1-2
allowed=1-2
current_cpu=  1
current_cpu=  1
host=frontier09165
host=frontier01209
allowed=1-2
allowed=1-2
current_cpu=  1
current_cpu=  1
host=frontier08535
host=frontier03769
allowed=1-2
allowed=1-2
current_cpu=  1
current_cpu=  1
host=frontier07358
host=frontier07503
allowed=1-2
allowed=1-2
current_cpu=  2
current_cpu=  1
host=frontier08141
host=frontier04563
allowed=1-2
allowed=1-2
current_cpu=  1
current_cpu=  1
host=frontier05327
host=frontier05103
allowed=1-2
allowed=1-2
current_cpu=  1
current_cpu=  1
host=frontier09408
host=frontier02373
allowed=1-2
allowed=1-2
current_cpu=  1
current_cpu=  1
host=frontier00984
host=frontier05328
allowed=1-2
allowed=1-2
current_cpu=  1
current_cpu=  1
host=frontier06481
host=frontier03384
allowed=1-2
allowed=1-2
current_cpu=  1
current_cpu=  1
current_cpu=  1
host=frontier04170
allowed=1-2
host=frontier02762
current_cpu=  1
allowed=1-2
current_cpu=  1
host=frontier07750
allowed=1-2
host=frontier05330
current_cpu=  1
allowed=1-2
current_cpu=  1
host=frontier08540
allowed=1-2
current_cpu=  1
current_cpu=  1
current_cpu=  1
host=frontier05574
host=frontier06735
allowed=1-2
allowed=1-2
current_cpu=  1
current_cpu=  1
host=frontier07365
host=frontier02772
allowed=1-2
allowed=1-2
current_cpu=  1
current_cpu=  1
host=frontier05337
allowed=1-2
allowed=1-2
current_cpu=  1
current_cpu=  1
host=frontier04969
allowed=1-2
host=frontier04583
current_cpu=  1
allowed=1-2
current_cpu=  1
host=frontier03399
allowed=1-2
host=frontier04971
current_cpu=  1
allowed=1-2
current_cpu=  2
host=frontier03789
allowed=1-2
host=frontier05966
current_cpu=  1
allowed=1-2
current_cpu=  1
host=frontier02392
allowed=1-2
host=frontier03641
current_cpu=  1
allowed=1-2
current_cpu=  1
host=frontier04828
allowed=1-2
host=frontier05384
current_cpu=  1
allowed=1-2
current_cpu=  1
host=frontier08644
allowed=1-2
host=frontier02783
current_cpu=  2
allowed=1-2
current_cpu=  1
host=frontier01231
allowed=1-2
host=frontier03643
current_cpu=  1
allowed=1-2
current_cpu=  1
host=frontier06600
allowed=1-2
host=frontier04201
current_cpu=  1
allowed=1-2
current_cpu=  1
host=frontier06844
allowed=1-2
host=frontier03266
current_cpu=  1
allowed=1-2
current_cpu=  1
host=frontier09286
allowed=1-2
host=frontier01090
current_cpu=  1
allowed=1-2
current_cpu=  2
host=frontier03267
allowed=1-2
host=frontier07237
current_cpu=  1
allowed=1-2
current_cpu=  1
host=frontier01866
allowed=1-2
host=frontier05214
current_cpu=  1
allowed=1-2
current_cpu=  1
host=frontier08655
allowed=1-2
host=frontier08896
current_cpu=  1
allowed=1-2
current_cpu=  1
host=frontier04281
allowed=1-2
host=frontier08508
current_cpu=  1
allowed=1-2
current_cpu=  1
host=frontier00475
allowed=1-2
host=frontier06851
current_cpu=  1
allowed=1-2
current_cpu=  1
host=frontier08657
allowed=1-2
host=frontier08119
current_cpu=  1
allowed=1-2
current_cpu=  1
host=frontier06221
allowed=1-2
host=frontier06612
current_cpu=  1
allowed=1-2
current_cpu=  1
host=frontier03275
allowed=1-2
host=frontier08515
current_cpu=  1
allowed=1-2
current_cpu=  1
host=frontier04050
allowed=1-2
host=frontier07882
current_cpu=  1
allowed=1-2
current_cpu=  2
host=frontier07883
allowed=1-2
host=frontier01348
current_cpu=  1
allowed=1-2
current_cpu=  1
host=frontier00572
allowed=1-2
host=frontier06471
current_cpu=  1
allowed=1-2
current_cpu=  1
host=frontier07496
allowed=1-2
host=frontier01355
current_cpu=  1
allowed=1-2
current_cpu=  1
host=frontier00977
allowed=1-2
host=frontier02131
current_cpu=  1
allowed=1-2
current_cpu=  1
host=frontier04944
allowed=1-2
host=frontier00204
current_cpu=  1
allowed=1-2
current_cpu=  1
host=frontier07359
allowed=1-2
host=frontier01365
current_cpu=  1
allowed=1-2
current_cpu=  1
host=frontier00985
allowed=1-2
current_cpu=  2
+ echo 'Launching Copper Gracefully On All Nodes : End'
Launching Copper Gracefully On All Nodes : End
+ conda activate /mnt/bb/wcastil/copper_mount/lustre/orion/stf243/world-shared/hagertnl/CUG26/benchmark_builds/python-mpi4py/conda_env
+ local cmd=activate
+ case "$cmd" in
+ __conda_activate activate /mnt/bb/wcastil/copper_mount/lustre/orion/stf243/world-shared/hagertnl/CUG26/benchmark_builds/python-mpi4py/conda_env
+ '[' -n '' ']'
+ local ask_conda
++ PS1='(base) '
++ __conda_exe shell.posix activate /mnt/bb/wcastil/copper_mount/lustre/orion/stf243/world-shared/hagertnl/CUG26/benchmark_builds/python-mpi4py/conda_env
++ /autofs/nccs-svm1_sw/frontier/miniforge3/23.11.0-0/bin/conda shell.posix activate /mnt/bb/wcastil/copper_mount/lustre/orion/stf243/world-shared/hagertnl/CUG26/benchmark_builds/python-mpi4py/conda_env
+ ask_conda='. "/autofs/nccs-svm1_sw/frontier/miniforge3/23.11.0-0/etc/conda/deactivate.d/libxml2_deactivate.sh"
. "/autofs/nccs-svm1_sw/frontier/miniforge3/23.11.0-0/etc/conda/deactivate.d/libglib_deactivate.sh"
PS1='\''(/mnt/bb/wcastil/copper_mount/lustre/orion/stf243/world-shared/hagertnl/CUG26/benchmark_builds/python-mpi4py/conda_env) '\''
export PATH='\''/mnt/bb/wcastil/copper_mount/lustre/orion/stf243/world-shared/hagertnl/CUG26/benchmark_builds/python-mpi4py/conda_env/bin:/autofs/nccs-svm1_sw/frontier/miniforge3/23.11.0-0/condabin:/sw/frontier/lfs-wrapper/0.0.1/bin/lfs:/sw/frontier/miniforge3/23.11.0-0/bin:/opt/cray/libfabric/1.22.0/bin:/opt/rocm-6.4.2/bin:/sw/frontier/spack-envs/cpe25.09-cpu/opt/llvm-amdgpu-6.4.2/darshan-runtime-3.4.7-tvdocpzv3jfj4y6ki5jvmmkics323gon/bin:/opt/cray/pe/mpich/9.0.1/ofi/amd/6.0/bin:/opt/cray/pe/mpich/9.0.1/bin:/opt/cray/pe/perftools/25.09.0/bin:/opt/cray/pe/papi/7.2.0.2/bin:/opt/cray/pe/craype/2.7.35/bin:/sw/frontier/ums/ums046/copper/build:/sw/sources/hpss/bin:/sw/frontier/spack-envs/core-25.03/opt/gcc-13.2/tmux-3.4-fcqqko3j4ga67yuc7zxaqcwsix5hns2v/bin:/opt/clmgr/sbin:/opt/clmgr/bin:/opt/sgi/sbin:/opt/sgi/bin:/sw/frontier/bin:/ccs/home/wcastil/.local/bin:/usr/local/bin:/usr/bin:/bin:/opt/bin:/opt/c3/bin:/usr/lib/mit/bin:/opt/puppetlabs/bin:/opt/cray/pe/bin'\''
export CONDA_PREFIX='\''/mnt/bb/wcastil/copper_mount/lustre/orion/stf243/world-shared/hagertnl/CUG26/benchmark_builds/python-mpi4py/conda_env'\''
export CONDA_SHLVL='\''2'\''
export CONDA_DEFAULT_ENV='\''/mnt/bb/wcastil/copper_mount/lustre/orion/stf243/world-shared/hagertnl/CUG26/benchmark_builds/python-mpi4py/conda_env'\''
export CONDA_PROMPT_MODIFIER='\''(/mnt/bb/wcastil/copper_mount/lustre/orion/stf243/world-shared/hagertnl/CUG26/benchmark_builds/python-mpi4py/conda_env) '\''
export CONDA_PREFIX_1='\''/autofs/nccs-svm1_sw/frontier/miniforge3/23.11.0-0'\''
export CONDA_EXE='\''/autofs/nccs-svm1_sw/frontier/miniforge3/23.11.0-0/bin/conda'\''
export _CE_M='\'''\''
export _CE_CONDA='\'''\''
export CONDA_PYTHON_EXE='\''/autofs/nccs-svm1_sw/frontier/miniforge3/23.11.0-0/bin/python'\'''
+ eval '. "/autofs/nccs-svm1_sw/frontier/miniforge3/23.11.0-0/etc/conda/deactivate.d/libxml2_deactivate.sh"
. "/autofs/nccs-svm1_sw/frontier/miniforge3/23.11.0-0/etc/conda/deactivate.d/libglib_deactivate.sh"
PS1='\''(/mnt/bb/wcastil/copper_mount/lustre/orion/stf243/world-shared/hagertnl/CUG26/benchmark_builds/python-mpi4py/conda_env) '\''
export PATH='\''/mnt/bb/wcastil/copper_mount/lustre/orion/stf243/world-shared/hagertnl/CUG26/benchmark_builds/python-mpi4py/conda_env/bin:/autofs/nccs-svm1_sw/frontier/miniforge3/23.11.0-0/condabin:/sw/frontier/lfs-wrapper/0.0.1/bin/lfs:/sw/frontier/miniforge3/23.11.0-0/bin:/opt/cray/libfabric/1.22.0/bin:/opt/rocm-6.4.2/bin:/sw/frontier/spack-envs/cpe25.09-cpu/opt/llvm-amdgpu-6.4.2/darshan-runtime-3.4.7-tvdocpzv3jfj4y6ki5jvmmkics323gon/bin:/opt/cray/pe/mpich/9.0.1/ofi/amd/6.0/bin:/opt/cray/pe/mpich/9.0.1/bin:/opt/cray/pe/perftools/25.09.0/bin:/opt/cray/pe/papi/7.2.0.2/bin:/opt/cray/pe/craype/2.7.35/bin:/sw/frontier/ums/ums046/copper/build:/sw/sources/hpss/bin:/sw/frontier/spack-envs/core-25.03/opt/gcc-13.2/tmux-3.4-fcqqko3j4ga67yuc7zxaqcwsix5hns2v/bin:/opt/clmgr/sbin:/opt/clmgr/bin:/opt/sgi/sbin:/opt/sgi/bin:/sw/frontier/bin:/ccs/home/wcastil/.local/bin:/usr/local/bin:/usr/bin:/bin:/opt/bin:/opt/c3/bin:/usr/lib/mit/bin:/opt/puppetlabs/bin:/opt/cray/pe/bin'\''
export CONDA_PREFIX='\''/mnt/bb/wcastil/copper_mount/lustre/orion/stf243/world-shared/hagertnl/CUG26/benchmark_builds/python-mpi4py/conda_env'\''
export CONDA_SHLVL='\''2'\''
export CONDA_DEFAULT_ENV='\''/mnt/bb/wcastil/copper_mount/lustre/orion/stf243/world-shared/hagertnl/CUG26/benchmark_builds/python-mpi4py/conda_env'\''
export CONDA_PROMPT_MODIFIER='\''(/mnt/bb/wcastil/copper_mount/lustre/orion/stf243/world-shared/hagertnl/CUG26/benchmark_builds/python-mpi4py/conda_env) '\''
export CONDA_PREFIX_1='\''/autofs/nccs-svm1_sw/frontier/miniforge3/23.11.0-0'\''
export CONDA_EXE='\''/autofs/nccs-svm1_sw/frontier/miniforge3/23.11.0-0/bin/conda'\''
export _CE_M='\'''\''
export _CE_CONDA='\'''\''
export CONDA_PYTHON_EXE='\''/autofs/nccs-svm1_sw/frontier/miniforge3/23.11.0-0/bin/python'\'''
++ . /autofs/nccs-svm1_sw/frontier/miniforge3/23.11.0-0/etc/conda/deactivate.d/libxml2_deactivate.sh
+++ test -n ''
+++ unset XML_CATALOG_FILES
+++ unset xml_catalog_files_libxml2
++ . /autofs/nccs-svm1_sw/frontier/miniforge3/23.11.0-0/etc/conda/deactivate.d/libglib_deactivate.sh
+++ export GSETTINGS_SCHEMA_DIR=
+++ GSETTINGS_SCHEMA_DIR=
+++ unset GSETTINGS_SCHEMA_DIR_CONDA_BACKUP
+++ '[' -z ']'
+++ unset GSETTINGS_SCHEMA_DIR
++ PS1='(/mnt/bb/wcastil/copper_mount/lustre/orion/stf243/world-shared/hagertnl/CUG26/benchmark_builds/python-mpi4py/conda_env) '
++ export PATH=/mnt/bb/wcastil/copper_mount/lustre/orion/stf243/world-shared/hagertnl/CUG26/benchmark_builds/python-mpi4py/conda_env/bin:/autofs/nccs-svm1_sw/frontier/miniforge3/23.11.0-0/condabin:/sw/frontier/lfs-wrapper/0.0.1/bin/lfs:/sw/frontier/miniforge3/23.11.0-0/bin:/opt/cray/libfabric/1.22.0/bin:/opt/rocm-6.4.2/bin:/sw/frontier/spack-envs/cpe25.09-cpu/opt/llvm-amdgpu-6.4.2/darshan-runtime-3.4.7-tvdocpzv3jfj4y6ki5jvmmkics323gon/bin:/opt/cray/pe/mpich/9.0.1/ofi/amd/6.0/bin:/opt/cray/pe/mpich/9.0.1/bin:/opt/cray/pe/perftools/25.09.0/bin:/opt/cray/pe/papi/7.2.0.2/bin:/opt/cray/pe/craype/2.7.35/bin:/sw/frontier/ums/ums046/copper/build:/sw/sources/hpss/bin:/sw/frontier/spack-envs/core-25.03/opt/gcc-13.2/tmux-3.4-fcqqko3j4ga67yuc7zxaqcwsix5hns2v/bin:/opt/clmgr/sbin:/opt/clmgr/bin:/opt/sgi/sbin:/opt/sgi/bin:/sw/frontier/bin:/ccs/home/wcastil/.local/bin:/usr/local/bin:/usr/bin:/bin:/opt/bin:/opt/c3/bin:/usr/lib/mit/bin:/opt/puppetlabs/bin:/opt/cray/pe/bin
++ PATH=/mnt/bb/wcastil/copper_mount/lustre/orion/stf243/world-shared/hagertnl/CUG26/benchmark_builds/python-mpi4py/conda_env/bin:/autofs/nccs-svm1_sw/frontier/miniforge3/23.11.0-0/condabin:/sw/frontier/lfs-wrapper/0.0.1/bin/lfs:/sw/frontier/miniforge3/23.11.0-0/bin:/opt/cray/libfabric/1.22.0/bin:/opt/rocm-6.4.2/bin:/sw/frontier/spack-envs/cpe25.09-cpu/opt/llvm-amdgpu-6.4.2/darshan-runtime-3.4.7-tvdocpzv3jfj4y6ki5jvmmkics323gon/bin:/opt/cray/pe/mpich/9.0.1/ofi/amd/6.0/bin:/opt/cray/pe/mpich/9.0.1/bin:/opt/cray/pe/perftools/25.09.0/bin:/opt/cray/pe/papi/7.2.0.2/bin:/opt/cray/pe/craype/2.7.35/bin:/sw/frontier/ums/ums046/copper/build:/sw/sources/hpss/bin:/sw/frontier/spack-envs/core-25.03/opt/gcc-13.2/tmux-3.4-fcqqko3j4ga67yuc7zxaqcwsix5hns2v/bin:/opt/clmgr/sbin:/opt/clmgr/bin:/opt/sgi/sbin:/opt/sgi/bin:/sw/frontier/bin:/ccs/home/wcastil/.local/bin:/usr/local/bin:/usr/bin:/bin:/opt/bin:/opt/c3/bin:/usr/lib/mit/bin:/opt/puppetlabs/bin:/opt/cray/pe/bin
++ export CONDA_PREFIX=/mnt/bb/wcastil/copper_mount/lustre/orion/stf243/world-shared/hagertnl/CUG26/benchmark_builds/python-mpi4py/conda_env
++ CONDA_PREFIX=/mnt/bb/wcastil/copper_mount/lustre/orion/stf243/world-shared/hagertnl/CUG26/benchmark_builds/python-mpi4py/conda_env
++ export CONDA_SHLVL=2
++ CONDA_SHLVL=2
++ export CONDA_DEFAULT_ENV=/mnt/bb/wcastil/copper_mount/lustre/orion/stf243/world-shared/hagertnl/CUG26/benchmark_builds/python-mpi4py/conda_env
++ CONDA_DEFAULT_ENV=/mnt/bb/wcastil/copper_mount/lustre/orion/stf243/world-shared/hagertnl/CUG26/benchmark_builds/python-mpi4py/conda_env
++ export 'CONDA_PROMPT_MODIFIER=(/mnt/bb/wcastil/copper_mount/lustre/orion/stf243/world-shared/hagertnl/CUG26/benchmark_builds/python-mpi4py/conda_env) '
++ CONDA_PROMPT_MODIFIER='(/mnt/bb/wcastil/copper_mount/lustre/orion/stf243/world-shared/hagertnl/CUG26/benchmark_builds/python-mpi4py/conda_env) '
++ export CONDA_PREFIX_1=/autofs/nccs-svm1_sw/frontier/miniforge3/23.11.0-0
++ CONDA_PREFIX_1=/autofs/nccs-svm1_sw/frontier/miniforge3/23.11.0-0
++ export CONDA_EXE=/autofs/nccs-svm1_sw/frontier/miniforge3/23.11.0-0/bin/conda
++ CONDA_EXE=/autofs/nccs-svm1_sw/frontier/miniforge3/23.11.0-0/bin/conda
++ export _CE_M=
++ _CE_M=
++ export _CE_CONDA=
++ _CE_CONDA=
++ export CONDA_PYTHON_EXE=/autofs/nccs-svm1_sw/frontier/miniforge3/23.11.0-0/bin/python
++ CONDA_PYTHON_EXE=/autofs/nccs-svm1_sw/frontier/miniforge3/23.11.0-0/bin/python
+ __conda_hashr
+ '[' -n '' ']'
+ '[' -n '' ']'
+ hash -r
+ exe=/mnt/bb/wcastil/copper_mount/lustre/orion/stf243/world-shared/hagertnl/CUG26/benchmark_builds/pynamic/pynamic-pyMPI-2.6a1_util_495_280/
+ export LD_LIBRARY_PATH=/mnt/bb/wcastil/copper_mount/lustre/orion/stf243/world-shared/hagertnl/CUG26/benchmark_builds/pynamic/pynamic-pyMPI-2.6a1_util_495_280/:/opt/cray/pe/mpich/9.0.1/ofi/amd/6.0/lib:/opt/cray/pe/mpich/9.0.1/gtl/lib:/opt/cray/pe/libsci/25.09.0/AMD/6.0/x86_64/lib:/opt/cray/pe/perftools/25.09.0/lib64:/opt/cray/pe/pmi/6.1.16/lib:/opt/cray/pe/dsmml/0.3.1/dsmml/lib:/opt/cray/libfabric/1.22.0/lib64:/opt/rocm-6.4.2/lib/roctracer:/opt/rocm-6.4.2/lib/rocprofiler:/opt/rocm-6.4.2/lib:/sw/frontier/spack-envs/cpe25.09-cpu/opt/llvm-amdgpu-6.4.2/darshan-runtime-3.4.7-tvdocpzv3jfj4y6ki5jvmmkics323gon/lib:/opt/rocm-6.4.2/llvm/lib:/opt/cray/pe/papi/7.2.0.2/lib64
+ LD_LIBRARY_PATH=/mnt/bb/wcastil/copper_mount/lustre/orion/stf243/world-shared/hagertnl/CUG26/benchmark_builds/pynamic/pynamic-pyMPI-2.6a1_util_495_280/:/opt/cray/pe/mpich/9.0.1/ofi/amd/6.0/lib:/opt/cray/pe/mpich/9.0.1/gtl/lib:/opt/cray/pe/libsci/25.09.0/AMD/6.0/x86_64/lib:/opt/cray/pe/perftools/25.09.0/lib64:/opt/cray/pe/pmi/6.1.16/lib:/opt/cray/pe/dsmml/0.3.1/dsmml/lib:/opt/cray/libfabric/1.22.0/lib64:/opt/rocm-6.4.2/lib/roctracer:/opt/rocm-6.4.2/lib/rocprofiler:/opt/rocm-6.4.2/lib:/sw/frontier/spack-envs/cpe25.09-cpu/opt/llvm-amdgpu-6.4.2/darshan-runtime-3.4.7-tvdocpzv3jfj4y6ki5jvmmkics323gon/lib:/opt/rocm-6.4.2/llvm/lib:/opt/cray/pe/papi/7.2.0.2/lib64
+ export LD_LIBRARY_PATH=/mnt/bb/wcastil/copper_mount/lustre/orion/stf243/world-shared/hagertnl/CUG26/benchmark_builds/python-mpi4py/conda_env/lib:/mnt/bb/wcastil/copper_mount/lustre/orion/stf243/world-shared/hagertnl/CUG26/benchmark_builds/pynamic/pynamic-pyMPI-2.6a1_util_495_280/:/opt/cray/pe/mpich/9.0.1/ofi/amd/6.0/lib:/opt/cray/pe/mpich/9.0.1/gtl/lib:/opt/cray/pe/libsci/25.09.0/AMD/6.0/x86_64/lib:/opt/cray/pe/perftools/25.09.0/lib64:/opt/cray/pe/pmi/6.1.16/lib:/opt/cray/pe/dsmml/0.3.1/dsmml/lib:/opt/cray/libfabric/1.22.0/lib64:/opt/rocm-6.4.2/lib/roctracer:/opt/rocm-6.4.2/lib/rocprofiler:/opt/rocm-6.4.2/lib:/sw/frontier/spack-envs/cpe25.09-cpu/opt/llvm-amdgpu-6.4.2/darshan-runtime-3.4.7-tvdocpzv3jfj4y6ki5jvmmkics323gon/lib:/opt/rocm-6.4.2/llvm/lib:/opt/cray/pe/papi/7.2.0.2/lib64
+ LD_LIBRARY_PATH=/mnt/bb/wcastil/copper_mount/lustre/orion/stf243/world-shared/hagertnl/CUG26/benchmark_builds/python-mpi4py/conda_env/lib:/mnt/bb/wcastil/copper_mount/lustre/orion/stf243/world-shared/hagertnl/CUG26/benchmark_builds/pynamic/pynamic-pyMPI-2.6a1_util_495_280/:/opt/cray/pe/mpich/9.0.1/ofi/amd/6.0/lib:/opt/cray/pe/mpich/9.0.1/gtl/lib:/opt/cray/pe/libsci/25.09.0/AMD/6.0/x86_64/lib:/opt/cray/pe/perftools/25.09.0/lib64:/opt/cray/pe/pmi/6.1.16/lib:/opt/cray/pe/dsmml/0.3.1/dsmml/lib:/opt/cray/libfabric/1.22.0/lib64:/opt/rocm-6.4.2/lib/roctracer:/opt/rocm-6.4.2/lib/rocprofiler:/opt/rocm-6.4.2/lib:/sw/frontier/spack-envs/cpe25.09-cpu/opt/llvm-amdgpu-6.4.2/darshan-runtime-3.4.7-tvdocpzv3jfj4y6ki5jvmmkics323gon/lib:/opt/rocm-6.4.2/llvm/lib:/opt/cray/pe/papi/7.2.0.2/lib64
+ srun --overlap -N 2048 -n 16384 --ntasks-per-node=8 -c 5 /mnt/bb/wcastil/copper_mount/lustre/orion/stf243/world-shared/hagertnl/CUG26/benchmark_builds/pynamic/pynamic-pyMPI-2.6a1_util_495_280//pynamic-bigexe-mpi4py pynamic_driver_mpi4py.py
+ grep -v 'rank -'
Pynamic: Version 1.3.3
Pynamic: run on 04/08/26 16:41:25 with 16384 MPI tasks

Pynamic: driver beginning... now importing modules
Pynamic: driver finished importing all modules..
Pynamic: module import time = 38.86198043823242 secs
Pynamic: module test passed!

+ sleep 2s
+ srun --overlap -N 2048 -n 16384 --ntasks-per-node=8 -c 5 /mnt/bb/wcastil/copper_mount/lustre/orion/stf243/world-shared/hagertnl/CUG26/benchmark_builds/pynamic/pynamic-pyMPI-2.6a1_util_495_280//pynamic-bigexe-mpi4py pynamic_driver_mpi4py.py
+ grep -v 'rank -'
Pynamic: Version 1.3.3
Pynamic: run on 04/08/26 16:42:36 with 16384 MPI tasks

Pynamic: driver beginning... now importing modules
Pynamic: driver finished importing all modules..
Pynamic: module import time = 45.286662101745605 secs
Pynamic: module test passed!

+ sleep 2s
+ srun --overlap -N 2048 -n 16384 --ntasks-per-node=8 -c 5 /mnt/bb/wcastil/copper_mount/lustre/orion/stf243/world-shared/hagertnl/CUG26/benchmark_builds/pynamic/pynamic-pyMPI-2.6a1_util_495_280//pynamic-bigexe-mpi4py pynamic_driver_mpi4py.py
+ grep -v 'rank -'
Pynamic: Version 1.3.3
Pynamic: run on 04/08/26 16:44:19 with 16384 MPI tasks

Pynamic: driver beginning... now importing modules
Pynamic: driver finished importing all modules..
Pynamic: module import time = 56.453715324401855 secs
Pynamic: module test passed!

+ sleep 2s
+ srun --overlap -N 2048 -n 16384 --ntasks-per-node=8 -c 5 /mnt/bb/wcastil/copper_mount/lustre/orion/stf243/world-shared/hagertnl/CUG26/benchmark_builds/pynamic/pynamic-pyMPI-2.6a1_util_495_280//pynamic-bigexe-mpi4py pynamic_driver_mpi4py.py
+ grep -v 'rank -'
Pynamic: Version 1.3.3
Pynamic: run on 04/08/26 16:46:26 with 16384 MPI tasks

Pynamic: driver beginning... now importing modules
Pynamic: driver finished importing all modules..
Pynamic: module import time = 7.371778726577759 secs
Pynamic: module test passed!

+ sleep 2s
+ srun --overlap -N 2048 -n 16384 --ntasks-per-node=8 -c 5 /mnt/bb/wcastil/copper_mount/lustre/orion/stf243/world-shared/hagertnl/CUG26/benchmark_builds/pynamic/pynamic-pyMPI-2.6a1_util_495_280//pynamic-bigexe-mpi4py pynamic_driver_mpi4py.py
+ grep -v 'rank -'
Pynamic: Version 1.3.3
Pynamic: run on 04/08/26 16:46:53 with 16384 MPI tasks

Pynamic: driver beginning... now importing modules
Pynamic: driver finished importing all modules..
Pynamic: module import time = 139.83472776412964 secs
Pynamic: module test passed!

+ sleep 2s
+ conda deactivate
+ local cmd=deactivate
+ case "$cmd" in
+ __conda_activate deactivate
+ '[' -n '' ']'
+ local ask_conda
++ PS1='(/mnt/bb/wcastil/copper_mount/lustre/orion/stf243/world-shared/hagertnl/CUG26/benchmark_builds/python-mpi4py/conda_env) '
++ __conda_exe shell.posix deactivate
++ /autofs/nccs-svm1_sw/frontier/miniforge3/23.11.0-0/bin/conda shell.posix deactivate
+ ask_conda='export PATH='\''/autofs/nccs-svm1_sw/frontier/miniforge3/23.11.0-0/bin:/autofs/nccs-svm1_sw/frontier/miniforge3/23.11.0-0/condabin:/sw/frontier/lfs-wrapper/0.0.1/bin/lfs:/sw/frontier/miniforge3/23.11.0-0/bin:/opt/cray/libfabric/1.22.0/bin:/opt/rocm-6.4.2/bin:/sw/frontier/spack-envs/cpe25.09-cpu/opt/llvm-amdgpu-6.4.2/darshan-runtime-3.4.7-tvdocpzv3jfj4y6ki5jvmmkics323gon/bin:/opt/cray/pe/mpich/9.0.1/ofi/amd/6.0/bin:/opt/cray/pe/mpich/9.0.1/bin:/opt/cray/pe/perftools/25.09.0/bin:/opt/cray/pe/papi/7.2.0.2/bin:/opt/cray/pe/craype/2.7.35/bin:/sw/frontier/ums/ums046/copper/build:/sw/sources/hpss/bin:/sw/frontier/spack-envs/core-25.03/opt/gcc-13.2/tmux-3.4-fcqqko3j4ga67yuc7zxaqcwsix5hns2v/bin:/opt/clmgr/sbin:/opt/clmgr/bin:/opt/sgi/sbin:/opt/sgi/bin:/sw/frontier/bin:/ccs/home/wcastil/.local/bin:/usr/local/bin:/usr/bin:/bin:/opt/bin:/opt/c3/bin:/usr/lib/mit/bin:/opt/puppetlabs/bin:/opt/cray/pe/bin'\''
unset CONDA_PREFIX_1
PS1='\''(base) '\''
export CONDA_PREFIX='\''/autofs/nccs-svm1_sw/frontier/miniforge3/23.11.0-0'\''
export CONDA_SHLVL='\''1'\''
export CONDA_DEFAULT_ENV='\''base'\''
export CONDA_PROMPT_MODIFIER='\''(base) '\''
export CONDA_EXE='\''/autofs/nccs-svm1_sw/frontier/miniforge3/23.11.0-0/bin/conda'\''
export _CE_M='\'''\''
export _CE_CONDA='\'''\''
export CONDA_PYTHON_EXE='\''/autofs/nccs-svm1_sw/frontier/miniforge3/23.11.0-0/bin/python'\''
. "/autofs/nccs-svm1_sw/frontier/miniforge3/23.11.0-0/etc/conda/activate.d/libglib_activate.sh"
. "/autofs/nccs-svm1_sw/frontier/miniforge3/23.11.0-0/etc/conda/activate.d/libxml2_activate.sh"'
+ eval 'export PATH='\''/autofs/nccs-svm1_sw/frontier/miniforge3/23.11.0-0/bin:/autofs/nccs-svm1_sw/frontier/miniforge3/23.11.0-0/condabin:/sw/frontier/lfs-wrapper/0.0.1/bin/lfs:/sw/frontier/miniforge3/23.11.0-0/bin:/opt/cray/libfabric/1.22.0/bin:/opt/rocm-6.4.2/bin:/sw/frontier/spack-envs/cpe25.09-cpu/opt/llvm-amdgpu-6.4.2/darshan-runtime-3.4.7-tvdocpzv3jfj4y6ki5jvmmkics323gon/bin:/opt/cray/pe/mpich/9.0.1/ofi/amd/6.0/bin:/opt/cray/pe/mpich/9.0.1/bin:/opt/cray/pe/perftools/25.09.0/bin:/opt/cray/pe/papi/7.2.0.2/bin:/opt/cray/pe/craype/2.7.35/bin:/sw/frontier/ums/ums046/copper/build:/sw/sources/hpss/bin:/sw/frontier/spack-envs/core-25.03/opt/gcc-13.2/tmux-3.4-fcqqko3j4ga67yuc7zxaqcwsix5hns2v/bin:/opt/clmgr/sbin:/opt/clmgr/bin:/opt/sgi/sbin:/opt/sgi/bin:/sw/frontier/bin:/ccs/home/wcastil/.local/bin:/usr/local/bin:/usr/bin:/bin:/opt/bin:/opt/c3/bin:/usr/lib/mit/bin:/opt/puppetlabs/bin:/opt/cray/pe/bin'\''
unset CONDA_PREFIX_1
PS1='\''(base) '\''
export CONDA_PREFIX='\''/autofs/nccs-svm1_sw/frontier/miniforge3/23.11.0-0'\''
export CONDA_SHLVL='\''1'\''
export CONDA_DEFAULT_ENV='\''base'\''
export CONDA_PROMPT_MODIFIER='\''(base) '\''
export CONDA_EXE='\''/autofs/nccs-svm1_sw/frontier/miniforge3/23.11.0-0/bin/conda'\''
export _CE_M='\'''\''
export _CE_CONDA='\'''\''
export CONDA_PYTHON_EXE='\''/autofs/nccs-svm1_sw/frontier/miniforge3/23.11.0-0/bin/python'\''
. "/autofs/nccs-svm1_sw/frontier/miniforge3/23.11.0-0/etc/conda/activate.d/libglib_activate.sh"
. "/autofs/nccs-svm1_sw/frontier/miniforge3/23.11.0-0/etc/conda/activate.d/libxml2_activate.sh"'
++ export PATH=/autofs/nccs-svm1_sw/frontier/miniforge3/23.11.0-0/bin:/autofs/nccs-svm1_sw/frontier/miniforge3/23.11.0-0/condabin:/sw/frontier/lfs-wrapper/0.0.1/bin/lfs:/sw/frontier/miniforge3/23.11.0-0/bin:/opt/cray/libfabric/1.22.0/bin:/opt/rocm-6.4.2/bin:/sw/frontier/spack-envs/cpe25.09-cpu/opt/llvm-amdgpu-6.4.2/darshan-runtime-3.4.7-tvdocpzv3jfj4y6ki5jvmmkics323gon/bin:/opt/cray/pe/mpich/9.0.1/ofi/amd/6.0/bin:/opt/cray/pe/mpich/9.0.1/bin:/opt/cray/pe/perftools/25.09.0/bin:/opt/cray/pe/papi/7.2.0.2/bin:/opt/cray/pe/craype/2.7.35/bin:/sw/frontier/ums/ums046/copper/build:/sw/sources/hpss/bin:/sw/frontier/spack-envs/core-25.03/opt/gcc-13.2/tmux-3.4-fcqqko3j4ga67yuc7zxaqcwsix5hns2v/bin:/opt/clmgr/sbin:/opt/clmgr/bin:/opt/sgi/sbin:/opt/sgi/bin:/sw/frontier/bin:/ccs/home/wcastil/.local/bin:/usr/local/bin:/usr/bin:/bin:/opt/bin:/opt/c3/bin:/usr/lib/mit/bin:/opt/puppetlabs/bin:/opt/cray/pe/bin
++ PATH=/autofs/nccs-svm1_sw/frontier/miniforge3/23.11.0-0/bin:/autofs/nccs-svm1_sw/frontier/miniforge3/23.11.0-0/condabin:/sw/frontier/lfs-wrapper/0.0.1/bin/lfs:/sw/frontier/miniforge3/23.11.0-0/bin:/opt/cray/libfabric/1.22.0/bin:/opt/rocm-6.4.2/bin:/sw/frontier/spack-envs/cpe25.09-cpu/opt/llvm-amdgpu-6.4.2/darshan-runtime-3.4.7-tvdocpzv3jfj4y6ki5jvmmkics323gon/bin:/opt/cray/pe/mpich/9.0.1/ofi/amd/6.0/bin:/opt/cray/pe/mpich/9.0.1/bin:/opt/cray/pe/perftools/25.09.0/bin:/opt/cray/pe/papi/7.2.0.2/bin:/opt/cray/pe/craype/2.7.35/bin:/sw/frontier/ums/ums046/copper/build:/sw/sources/hpss/bin:/sw/frontier/spack-envs/core-25.03/opt/gcc-13.2/tmux-3.4-fcqqko3j4ga67yuc7zxaqcwsix5hns2v/bin:/opt/clmgr/sbin:/opt/clmgr/bin:/opt/sgi/sbin:/opt/sgi/bin:/sw/frontier/bin:/ccs/home/wcastil/.local/bin:/usr/local/bin:/usr/bin:/bin:/opt/bin:/opt/c3/bin:/usr/lib/mit/bin:/opt/puppetlabs/bin:/opt/cray/pe/bin
++ unset CONDA_PREFIX_1
++ PS1='(base) '
++ export CONDA_PREFIX=/autofs/nccs-svm1_sw/frontier/miniforge3/23.11.0-0
++ CONDA_PREFIX=/autofs/nccs-svm1_sw/frontier/miniforge3/23.11.0-0
++ export CONDA_SHLVL=1
++ CONDA_SHLVL=1
++ export CONDA_DEFAULT_ENV=base
++ CONDA_DEFAULT_ENV=base
++ export 'CONDA_PROMPT_MODIFIER=(base) '
++ CONDA_PROMPT_MODIFIER='(base) '
++ export CONDA_EXE=/autofs/nccs-svm1_sw/frontier/miniforge3/23.11.0-0/bin/conda
++ CONDA_EXE=/autofs/nccs-svm1_sw/frontier/miniforge3/23.11.0-0/bin/conda
++ export _CE_M=
++ _CE_M=
++ export _CE_CONDA=
++ _CE_CONDA=
++ export CONDA_PYTHON_EXE=/autofs/nccs-svm1_sw/frontier/miniforge3/23.11.0-0/bin/python
++ CONDA_PYTHON_EXE=/autofs/nccs-svm1_sw/frontier/miniforge3/23.11.0-0/bin/python
++ . /autofs/nccs-svm1_sw/frontier/miniforge3/23.11.0-0/etc/conda/activate.d/libglib_activate.sh
+++ export GSETTINGS_SCHEMA_DIR_CONDA_BACKUP=
+++ GSETTINGS_SCHEMA_DIR_CONDA_BACKUP=
+++ export GSETTINGS_SCHEMA_DIR=/autofs/nccs-svm1_sw/frontier/miniforge3/23.11.0-0/share/glib-2.0/schemas
+++ GSETTINGS_SCHEMA_DIR=/autofs/nccs-svm1_sw/frontier/miniforge3/23.11.0-0/share/glib-2.0/schemas
++ . /autofs/nccs-svm1_sw/frontier/miniforge3/23.11.0-0/etc/conda/activate.d/libxml2_activate.sh
+++ test -n ''
+++ xml_catalog_files_libxml2=
+++ XML_CATALOG_FILES=
+++ conda_catalog_files=
+++ ifs_libxml2=' 	
'
+++ IFS=' '
+++ rem=/autofs/nccs-svm1_sw/frontier/miniforge3/23.11.0-0
+++ for pre in ${rem}
+++ test '' = /autofs/nccs-svm1_sw/frontier/miniforge3/23.11.0-0
+++ conda_catalog_files=/autofs/nccs-svm1_sw/frontier/miniforge3/23.11.0-0
+++ rem=
+++ IFS=' 	
'
+++ conda_catalog_files='file:///autofs/nccs-svm1_sw/frontier/miniforge3/23.11.0-0/etc/xml/catalog file:///etc/xml/catalog'
+++ export 'XML_CATALOG_FILES=file:///autofs/nccs-svm1_sw/frontier/miniforge3/23.11.0-0/etc/xml/catalog file:///etc/xml/catalog'
+++ XML_CATALOG_FILES='file:///autofs/nccs-svm1_sw/frontier/miniforge3/23.11.0-0/etc/xml/catalog file:///etc/xml/catalog'
+++ unset conda_catalog_files ifs_libxml2 rem
+ __conda_hashr
+ '[' -n '' ']'
+ '[' -n '' ']'
+ hash -r
+ stop_copper.sh -d /lustre/orion/stf243/world-shared/wcastil/Experiments/CUG26/copper_run/logs -v /mnt/bb/wcastil/copper_mount
/var/spool/slurmd/job4352270/slurm_script: line 46: stop_copper.sh: command not found
