
Lmod is automatically replacing "cce/18.0.1" with "amd/6.2.4".


Lmod is automatically replacing "PrgEnv-cray/8.6.0" with "PrgEnv-amd/8.6.0".


Due to MODULEPATH changes, the following have been reloaded:
  1) cray-libsci/24.11.0     2) cray-mpich/8.1.31     3) darshan-runtime/3.4.6-mpi


The following have been reloaded with a version change:
  1) amd/6.2.4 => amd/6.4.2
  2) cray-dsmml/0.3.0 => cray-dsmml/0.3.1
  3) cray-libsci/24.11.0 => cray-libsci/25.09.0
  4) cray-mpich/8.1.31 => cray-mpich/9.0.1
  5) cray-pmi/6.1.15 => cray-pmi/6.1.16
  6) craype/2.7.33 => craype/2.7.35
  7) darshan-runtime/3.4.6-mpi => darshan-runtime/3.4.7-mpi
  8) perftools-base/24.11.0 => perftools-base/25.09.0

Copper loaded: use 'launch_copper' and 'stop_copper'.
COPPER_ROOT: /sw/frontier/ums/ums046/copper
launch_copper points to: /sw/frontier/ums/ums046/copper/build/launch_copper.sh
This script should be sourced! When it is not, it prints out the resulting module set:

Currently Loaded Modules:
  1) craype-x86-trento               14) cpe/25.09
  2) craype-network-ofi              15) amd/6.4.2
  3) xpmem/2.11.3-1.3_gdbda01a1eb3d  16) cray-libsci/25.09.0
  4) Core/25.03                      17) cray-mpich/9.0.1
  5) tmux/3.4                        18) darshan-runtime/3.4.7-mpi (E4S)
  6) hsi/default                     19) rocm/6.4.2
  7) lfs-wrapper/0.0.1               20) libfabric/1.22.0
  8) DefApps                         21) craype-accel-amd-gfx90a
  9) PrgEnv-amd/8.6.0                22) miniforge3/23.11.0-0
 10) cray-dsmml/0.3.1                23) ums/default
 11) cray-pmi/6.1.16                 24) ums046/default
 12) craype/2.7.35                   25) copper/0.1
 13) perftools-base/25.09.0

  Where:
   E4S:  E4S: Extreme-scale Scientific Software Stack (E4S) https://e4s.io/index.html

 

+ '[' -z '' ']'
+ case "$-" in
+ __lmod_vx=x
+ '[' -n x ']'
+ set +x
Shell debugging temporarily silenced: export LMOD_SH_DBG_ON=1 for this output (/opt/cray/pe/lmod/lmod/init/bash)
Shell debugging restarted
+ unset __lmod_vx
+ echo 'Launching Copper Gracefully On All Nodes : Start'
Launching Copper Gracefully On All Nodes : Start
+ echo /sw/frontier/ums/ums046/copper
/sw/frontier/ums/ums046/copper
+ CUPATH=/sw/frontier/ums/ums046/copper/build/cu_fuse
+ CU_FUSE_MNT_VIEWDIR=/tmp/hagertnl/copper
+ facility_address_book=/sw/frontier/ums/ums046/copper/olcf_copper_addressbook.txt
+ log_level=6
+ log_dir=/ccs/home/hagertnl/copper-logs/4200983
+ log_type=file
+ trees=1
+ max_cacheable_byte_size=10485760
+ sleeptime=20
+ physcpubind=57-60
+ net_type=cxi://cxi1
+ getopts l:t:d:T:M:s:b:F:n: opt
+ case ${opt} in
+ log_dir=/lustre/orion/world-shared/stf243/hagertnl/CUG26/copper_run/pynamic/copper_logs/4200983
+ getopts l:t:d:T:M:s:b:F:n: opt
+ echo 'log_level                  : 6'
log_level                  : 6
+ echo 'log_type                   : file'
log_type                   : file
+ echo 'trees                      : 1'
trees                      : 1
+ echo 'max_cacheable_byte_size    : 10485760'
max_cacheable_byte_size    : 10485760
+ echo 'sleeptime                  : 20'
sleeptime                  : 20
+ echo 'CU_FUSE_MNT_VIEWDIR        : /tmp/hagertnl/copper'
CU_FUSE_MNT_VIEWDIR        : /tmp/hagertnl/copper
+ echo 'LOGDIR                     : /lustre/orion/world-shared/stf243/hagertnl/CUG26/copper_run/pynamic/copper_logs/4200983'
LOGDIR                     : /lustre/orion/world-shared/stf243/hagertnl/CUG26/copper_run/pynamic/copper_logs/4200983
+ echo 'SLURM_NODEFILE             : '
SLURM_NODEFILE             : 
+ echo 'physcpubind                : 57-60'
physcpubind                : 57-60
+ echo 'facility_address_book      : /sw/frontier/ums/ums046/copper/olcf_copper_addressbook.txt'
facility_address_book      : /sw/frontier/ums/ums046/copper/olcf_copper_addressbook.txt
+ echo 'net_type                   : cxi://cxi1'
net_type                   : cxi://cxi1
+ mkdir -p /lustre/orion/world-shared/stf243/hagertnl/CUG26/copper_run/pynamic/copper_logs/4200983
+ SLURM_NODEFILE=/lustre/orion/world-shared/stf243/hagertnl/CUG26/copper_run/pynamic/copper_logs/4200983/node_file.txt
+ scontrol show hostnames 'frontier[00080,00221,00342,00470,00598,00727,00852,00982,01110,01238,01372,01493,01622,01749,01877,02004,02136,02261,02390,02522,02646,02781,02905,03035,03159,03290,03418,03545,03669,03794,03922,04050,04181,04309,04433,04562,04690,04816,04945,05073,05202,05328,05458,05587,05704,05842,05968,06094,06215,06350,06478,06607,06729,06864,06970,07085,07245,07374,07482,07628,07743,07884,07999,08133]'
+ echo 'Ignore errors below this line related to copper fuse unmount or cleanup if any. '
Ignore errors below this line related to copper fuse unmount or cleanup if any. 
+ clush --hostfile /lustre/orion/world-shared/stf243/hagertnl/CUG26/copper_run/pynamic/copper_logs/4200983/node_file.txt 'fusermount3 -u /tmp/hagertnl/copper'
frontier00080: fusermount3: entry for /tmp/hagertnl/copper not found in /etc/mtab
clush: frontier00080: exited with exit code 1
frontier00470: fusermount3: bad mount point /tmp/hagertnl/copper: No such file or directory
clush: frontier00470: exited with exit code 1
frontier03290: fusermount3: bad mount point /tmp/hagertnl/copper: No such file or directory
clush: frontier03290: exited with exit code 1
frontier00342: fusermount3: bad mount point /tmp/hagertnl/copper: No such file or directory
clush: frontier00342: exited with exit code 1
frontier07999: fusermount3: bad mount point /tmp/hagertnl/copper: No such file or directory
clush: frontier07999: exited with exit code 1
frontier05842: fusermount3: bad mount point /tmp/hagertnl/copper: No such file or directory
clush: frontier05842: exited with exit code 1
frontier03418: fusermount3: bad mount point /tmp/hagertnl/copper: No such file or directory
clush: frontier03418: exited with exit code 1
frontier05458: fusermount3: bad mount point /tmp/hagertnl/copper: No such file or directory
clush: frontier05458: exited with exit code 1
frontier02522: fusermount3: bad mount point /tmp/hagertnl/copper: No such file or directory
clush: frontier02522: exited with exit code 1
frontier02781: fusermount3: bad mount point /tmp/hagertnl/copper: No such file or directory
clush: frontier02781: exited with exit code 1
frontier05968: fusermount3: bad mount point /tmp/hagertnl/copper: No such file or directory
clush: frontier05968: exited with exit code 1
frontier06215: fusermount3: bad mount point /tmp/hagertnl/copper: No such file or directory
clush: frontier06215: exited with exit code 1
frontier02646: fusermount3: bad mount point /tmp/hagertnl/copper: No such file or directory
clush: frontier02646: exited with exit code 1
frontier06094: fusermount3: bad mount point /tmp/hagertnl/copper: No such file or directory
frontier05587: fusermount3: bad mount point /tmp/hagertnl/copper: No such file or directory
clush: frontier06094: exited with exit code 1
clush: frontier05587: exited with exit code 1
frontier05704: fusermount3: bad mount point /tmp/hagertnl/copper: No such file or directory
frontier00221: fusermount3: bad mount point /tmp/hagertnl/copper: No such file or directory
clush: frontier05704: exited with exit code 1
clush: frontier00221: exited with exit code 1
frontier00727: fusermount3: bad mount point /tmp/hagertnl/copper: No such file or directory
frontier02905: fusermount3: bad mount point /tmp/hagertnl/copper: No such file or directory
clush: frontier00727: exited with exit code 1
clush: frontier02905: exited with exit code 1
frontier05328: fusermount3: bad mount point /tmp/hagertnl/copper: No such file or directory
clush: frontier05328: exited with exit code 1
frontier08133: fusermount3: bad mount point /tmp/hagertnl/copper: No such file or directory
frontier03035: fusermount3: bad mount point /tmp/hagertnl/copper: No such file or directory
clush: frontier08133: exited with exit code 1
clush: frontier03035: exited with exit code 1
frontier03669: fusermount3: bad mount point /tmp/hagertnl/copper: No such file or directory
clush: frontier03669: exited with exit code 1
frontier06607: fusermount3: bad mount point /tmp/hagertnl/copper: No such file or directory
clush: frontier06607: exited with exit code 1
frontier02390: fusermount3: bad mount point /tmp/hagertnl/copper: No such file or directory
clush: frontier02390: exited with exit code 1
frontier03545: fusermount3: bad mount point /tmp/hagertnl/copper: No such file or directory
clush: frontier03545: exited with exit code 1
frontier04050: fusermount3: bad mount point /tmp/hagertnl/copper: No such file or directory
clush: frontier04050: exited with exit code 1
frontier03794: fusermount3: bad mount point /tmp/hagertnl/copper: No such file or directory
clush: frontier03794: exited with exit code 1
frontier03159: fusermount3: bad mount point /tmp/hagertnl/copper: No such file or directory
clush: frontier03159: exited with exit code 1
frontier06478: fusermount3: bad mount point /tmp/hagertnl/copper: No such file or directory
clush: frontier06478: exited with exit code 1
frontier07482: fusermount3: bad mount point /tmp/hagertnl/copper: No such file or directory
clush: frontier07482: exited with exit code 1
frontier06729: fusermount3: bad mount point /tmp/hagertnl/copper: No such file or directory
clush: frontier06729: exited with exit code 1
frontier07743: fusermount3: bad mount point /tmp/hagertnl/copper: No such file or directory
clush: frontier07743: exited with exit code 1
frontier00852: fusermount3: bad mount point /tmp/hagertnl/copper: No such file or directory
clush: frontier00852: exited with exit code 1
frontier06864: fusermount3: bad mount point /tmp/hagertnl/copper: No such file or directory
clush: frontier06864: exited with exit code 1
frontier06970: fusermount3: bad mount point /tmp/hagertnl/copper: No such file or directory
clush: frontier06970: exited with exit code 1
frontier01877: fusermount3: bad mount point /tmp/hagertnl/copper: No such file or directory
clush: frontier01877: exited with exit code 1
frontier00982: fusermount3: bad mount point /tmp/hagertnl/copper: No such file or directory
clush: frontier00982: exited with exit code 1
frontier01110: fusermount3: bad mount point /tmp/hagertnl/copper: No such file or directory
clush: frontier01110: exited with exit code 1
frontier04945: fusermount3: bad mount point /tmp/hagertnl/copper: No such file or directory
clush: frontier04945: exited with exit code 1
frontier06350: fusermount3: bad mount point /tmp/hagertnl/copper: No such file or directory
clush: frontier06350: exited with exit code 1
frontier05202: fusermount3: bad mount point /tmp/hagertnl/copper: No such file or directory
clush: frontier05202: exited with exit code 1
frontier01622: fusermount3: bad mount point /tmp/hagertnl/copper: No such file or directory
clush: frontier01622: exited with exit code 1
frontier01749: fusermount3: bad mount point /tmp/hagertnl/copper: No such file or directory
clush: frontier01749: exited with exit code 1
frontier04433: fusermount3: bad mount point /tmp/hagertnl/copper: No such file or directory
clush: frontier04433: exited with exit code 1
frontier07628: fusermount3: bad mount point /tmp/hagertnl/copper: No such file or directory
clush: frontier07628: exited with exit code 1
frontier07085: fusermount3: bad mount point /tmp/hagertnl/copper: No such file or directory
clush: frontier07085: exited with exit code 1
frontier02004: fusermount3: bad mount point /tmp/hagertnl/copper: No such file or directory
clush: frontier02004: exited with exit code 1
frontier04309: fusermount3: bad mount point /tmp/hagertnl/copper: No such file or directory
clush: frontier04309: exited with exit code 1
frontier07245: fusermount3: bad mount point /tmp/hagertnl/copper: No such file or directory
clush: frontier07245: exited with exit code 1
frontier01493: fusermount3: bad mount point /tmp/hagertnl/copper: No such file or directory
clush: frontier01493: exited with exit code 1
frontier04816: fusermount3: bad mount point /tmp/hagertnl/copper: No such file or directory
clush: frontier04816: exited with exit code 1
frontier01238: fusermount3: bad mount point /tmp/hagertnl/copper: No such file or directory
clush: frontier01238: exited with exit code 1
frontier07374: fusermount3: bad mount point /tmp/hagertnl/copper: No such file or directory
clush: frontier07374: exited with exit code 1
frontier05073: fusermount3: bad mount point /tmp/hagertnl/copper: No such file or directory
clush: frontier05073: exited with exit code 1
frontier00598: fusermount3: bad mount point /tmp/hagertnl/copper: No such file or directory
clush: frontier00598: exited with exit code 1
frontier04690: fusermount3: bad mount point /tmp/hagertnl/copper: No such file or directory
clush: frontier04690: exited with exit code 1
frontier02136: fusermount3: bad mount point /tmp/hagertnl/copper: No such file or directory
clush: frontier02136: exited with exit code 1
frontier02261: fusermount3: bad mount point /tmp/hagertnl/copper: No such file or directory
clush: frontier02261: exited with exit code 1
frontier03922: fusermount3: bad mount point /tmp/hagertnl/copper: No such file or directory
clush: frontier03922: exited with exit code 1
frontier01372: fusermount3: bad mount point /tmp/hagertnl/copper: No such file or directory
clush: frontier01372: exited with exit code 1
frontier04562: fusermount3: bad mount point /tmp/hagertnl/copper: No such file or directory
clush: frontier04562: exited with exit code 1
frontier04181: fusermount3: bad mount point /tmp/hagertnl/copper: No such file or directory
clush: frontier04181: exited with exit code 1
frontier07884: fusermount3: bad mount point /tmp/hagertnl/copper: No such file or directory
clush: frontier07884: exited with exit code 1
+ clush --hostfile /lustre/orion/world-shared/stf243/hagertnl/CUG26/copper_run/pynamic/copper_logs/4200983/node_file.txt 'rm -rf /tmp/hagertnl/copper'
+ clush --hostfile /lustre/orion/world-shared/stf243/hagertnl/CUG26/copper_run/pynamic/copper_logs/4200983/node_file.txt 'mkdir -p /tmp/hagertnl/copper'
+ echo 'Errors below this line are critical - report if any. '
Errors below this line are critical - report if any. 
+ options=' -f -tpath / -vpath /tmp/hagertnl/copper -log_level 6 -log_type file -log_output_dir /lustre/orion/world-shared/stf243/hagertnl/CUG26/copper_run/pynamic/copper_logs/4200983 -net_type cxi://cxi1 -trees 1 -nf /lustre/orion/world-shared/stf243/hagertnl/CUG26/copper_run/pynamic/copper_logs/4200983/node_file.txt -max_cacheable_byte_size 10485760  -facility_address_book /sw/frontier/ums/ums046/copper/olcf_copper_addressbook.txt -s /tmp/hagertnl/copper'
+ sleep 20s
+ srun -N 64 --ntasks-per-node=1 --cpus-per-task=2 --cpu-bind=threads --network=single_node_vni,job_vni /sw/frontier/ums/ums046/copper/build/cu_fuse -f -tpath / -vpath /tmp/hagertnl/copper -log_level 6 -log_type file -log_output_dir /lustre/orion/world-shared/stf243/hagertnl/CUG26/copper_run/pynamic/copper_logs/4200983 -net_type cxi://cxi1 -trees 1 -nf /lustre/orion/world-shared/stf243/hagertnl/CUG26/copper_run/pynamic/copper_logs/4200983/node_file.txt -max_cacheable_byte_size 10485760 -facility_address_book /sw/frontier/ums/ums046/copper/olcf_copper_addressbook.txt -s /tmp/hagertnl/copper
2026-03-12 21-09-01.184 [Debug] (cu_hello_main)  
2026-03-12 21-09-01.184 [Info] (cu_hello_main) hostname found to be: frontier00470
2026-03-12 21-09-01.184 [Debug] (process_args) -tpath was found: /
2026-03-12 21-09-01.184 [Debug] (process_args) -vpath was found: /tmp/hagertnl/copper
2026-03-12 21-09-01.184 [Debug] (process_args) -log_level was found: 6
2026-03-12 21-09-01.184 [Debug] (process_args) -log_type was found: file
2026-03-12 21-09-01.184 [Debug] (process_args) -log_output_dir was found: /lustre/orion/world-shared/stf243/hagertnl/CUG26/copper_run/pynamic/copper_logs/4200983
2026-03-12 21-09-01.184 [Debug] (process_args) -net_type was found: cxi://cxi1
2026-03-12 21-09-01.184 [Debug] (process_args) -trees was found: 1
2026-03-12 21-09-01.184 [Debug] (process_args) -nf was found: /lustre/orion/world-shared/stf243/hagertnl/CUG26/copper_run/pynamic/copper_logs/4200983/node_file.txt
2026-03-12 21-09-01.184 [Debug] (process_args) -max_cacheable_byte_size was found: 10485760
2026-03-12 21-09-01.184 [Debug] (process_args) -facility_address_book was found: /sw/frontier/ums/ums046/copper/olcf_copper_addressbook.txt
2026-03-12 21-09-01.184 [Info] (cu_hello_main) copper address located at path: /lustre/orion/world-shared/stf243/hagertnl/CUG26/copper_run/pynamic/copper_logs/4200983/copper_address_book.txt
2026-03-12 21-09-01.184 [Info] (cu_hello_main) facility address book filename path: /sw/frontier/ums/ums046/copper/olcf_copper_addressbook.txt
2026-03-12 21-09-01.184 [Info] (cu_hello_main) output filename path: /lustre/orion/world-shared/stf243/hagertnl/CUG26/copper_run/pynamic/copper_logs/4200983/frontier00470-1796051-output.log
2026-03-12 21-09-01.187 [Debug] (cu_hello_main)  
2026-03-12 21-09-01.187 [Info] (cu_hello_main) hostname found to be: frontier07999
2026-03-12 21-09-01.187 [Debug] (process_args) -tpath was found: /
2026-03-12 21-09-01.187 [Debug] (process_args) -vpath was found: /tmp/hagertnl/copper
2026-03-12 21-09-01.187 [Debug] (process_args) -log_level was found: 6
2026-03-12 21-09-01.187 [Debug] (process_args) -log_type was found: file
2026-03-12 21-09-01.187 [Debug] (process_args) -log_output_dir was found: /lustre/orion/world-shared/stf243/hagertnl/CUG26/copper_run/pynamic/copper_logs/4200983
2026-03-12 21-09-01.187 [Debug] (process_args) -net_type was found: cxi://cxi1
2026-03-12 21-09-01.187 [Debug] (process_args) -trees was found: 1
2026-03-12 21-09-01.187 [Debug] (process_args) -nf was found: /lustre/orion/world-shared/stf243/hagertnl/CUG26/copper_run/pynamic/copper_logs/4200983/node_file.txt
2026-03-12 21-09-01.187 [Debug] (process_args) -max_cacheable_byte_size was found: 10485760
2026-03-12 21-09-01.187 [Debug] (process_args) -facility_address_book was found: /sw/frontier/ums/ums046/copper/olcf_copper_addressbook.txt
2026-03-12 21-09-01.187 [Info] (cu_hello_main) copper address located at path: /lustre/orion/world-shared/stf243/hagertnl/CUG26/copper_run/pynamic/copper_logs/4200983/copper_address_book.txt
2026-03-12 21-09-01.187 [Info] (cu_hello_main) facility address book filename path: /sw/frontier/ums/ums046/copper/olcf_copper_addressbook.txt
2026-03-12 21-09-01.187 [Info] (cu_hello_main) output filename path: /lustre/orion/world-shared/stf243/hagertnl/CUG26/copper_run/pynamic/copper_logs/4200983/frontier07999-1515787-output.log
2026-03-12 21-09-01.188 [Debug] (cu_hello_main)  
2026-03-12 21-09-01.188 [Info] (cu_hello_main) hostname found to be: frontier03669
2026-03-12 21-09-01.188 [Debug] (process_args) -tpath was found: /
2026-03-12 21-09-01.188 [Debug] (process_args) -vpath was found: /tmp/hagertnl/copper
2026-03-12 21-09-01.188 [Debug] (process_args) -log_level was found: 6
2026-03-12 21-09-01.188 [Debug] (process_args) -log_type was found: file
2026-03-12 21-09-01.188 [Debug] (process_args) -log_output_dir was found: /lustre/orion/world-shared/stf243/hagertnl/CUG26/copper_run/pynamic/copper_logs/4200983
2026-03-12 21-09-01.188 [Debug] (cu_hello_main)  
2026-03-12 21-09-01.188 [Info] (cu_hello_main) hostname found to be: frontier02781
2026-03-12 21-09-01.188 [Debug] (process_args) -tpath was found: /
2026-03-12 21-09-01.188 [Debug] (process_args) -vpath was found: /tmp/hagertnl/copper
2026-03-12 21-09-01.188 [Debug] (process_args) -net_type was found: cxi://cxi1
2026-03-12 21-09-01.188 [Debug] (process_args) -trees was found: 1
2026-03-12 21-09-01.188 [Debug] (process_args) -nf was found: /lustre/orion/world-shared/stf243/hagertnl/CUG26/copper_run/pynamic/copper_logs/4200983/node_file.txt
2026-03-12 21-09-01.188 [Debug] (process_args) -max_cacheable_byte_size was found: 10485760
2026-03-12 21-09-01.188 [Debug] (process_args) -log_level was found: 6
2026-03-12 21-09-01.188 [Debug] (process_args) -log_type was found: file
2026-03-12 21-09-01.188 [Debug] (process_args) -log_output_dir was found: /lustre/orion/world-shared/stf243/hagertnl/CUG26/copper_run/pynamic/copper_logs/4200983
2026-03-12 21-09-01.188 [Debug] (process_args) -net_type was found: cxi://cxi1
2026-03-12 21-09-01.188 [Debug] (process_args) -trees was found: 1
2026-03-12 21-09-01.188 [Debug] (process_args) -nf was found: /lustre/orion/world-shared/stf243/hagertnl/CUG26/copper_run/pynamic/copper_logs/4200983/node_file.txt
2026-03-12 21-09-01.188 [Debug] (process_args) -max_cacheable_byte_size was found: 10485760
2026-03-12 21-09-01.188 [Debug] (process_args) -facility_address_book was found: /sw/frontier/ums/ums046/copper/olcf_copper_addressbook.txt
2026-03-12 21-09-01.188 [Debug] (process_args) -facility_address_book was found: /sw/frontier/ums/ums046/copper/olcf_copper_addressbook.txt
2026-03-12 21-09-01.188 [Info] (cu_hello_main) copper address located at path: /lustre/orion/world-shared/stf243/hagertnl/CUG26/copper_run/pynamic/copper_logs/4200983/copper_address_book.txt
2026-03-12 21-09-01.188 [Info] (cu_hello_main) copper address located at path: /lustre/orion/world-shared/stf243/hagertnl/CUG26/copper_run/pynamic/copper_logs/4200983/copper_address_book.txt
2026-03-12 21-09-01.188 [Info] (cu_hello_main) facility address book filename path: /sw/frontier/ums/ums046/copper/olcf_copper_addressbook.txt
2026-03-12 21-09-01.188 [Info] (cu_hello_main) facility address book filename path: /sw/frontier/ums/ums046/copper/olcf_copper_addressbook.txt
2026-03-12 21-09-01.188 [Info] (cu_hello_main) output filename path: /lustre/orion/world-shared/stf243/hagertnl/CUG26/copper_run/pynamic/copper_logs/4200983/frontier03669-1735090-output.log
2026-03-12 21-09-01.188 [Info] (cu_hello_main) output filename path: /lustre/orion/world-shared/stf243/hagertnl/CUG26/copper_run/pynamic/copper_logs/4200983/frontier02781-660587-output.log
2026-03-12 21-09-01.195 [Debug] (cu_hello_main)  
2026-03-12 21-09-01.195 [Info] (cu_hello_main) hostname found to be: frontier06478
2026-03-12 21-09-01.195 [Debug] (process_args) -tpath was found: /
2026-03-12 21-09-01.195 [Debug] (process_args) -vpath was found: /tmp/hagertnl/copper
2026-03-12 21-09-01.195 [Debug] (process_args) -log_level was found: 6
2026-03-12 21-09-01.195 [Debug] (process_args) -log_type was found: file
2026-03-12 21-09-01.195 [Debug] (process_args) -log_output_dir was found: /lustre/orion/world-shared/stf243/hagertnl/CUG26/copper_run/pynamic/copper_logs/4200983
2026-03-12 21-09-01.195 [Debug] (process_args) -net_type was found: cxi://cxi1
2026-03-12 21-09-01.195 [Debug] (process_args) -trees was found: 1
2026-03-12 21-09-01.195 [Debug] (process_args) -nf was found: /lustre/orion/world-shared/stf243/hagertnl/CUG26/copper_run/pynamic/copper_logs/4200983/node_file.txt
2026-03-12 21-09-01.195 [Debug] (process_args) -max_cacheable_byte_size was found: 10485760
2026-03-12 21-09-01.195 [Debug] (process_args) -facility_address_book was found: /sw/frontier/ums/ums046/copper/olcf_copper_addressbook.txt
2026-03-12 21-09-01.195 [Info] (cu_hello_main) copper address located at path: /lustre/orion/world-shared/stf243/hagertnl/CUG26/copper_run/pynamic/copper_logs/4200983/copper_address_book.txt
2026-03-12 21-09-01.195 [Info] (cu_hello_main) facility address book filename path: /sw/frontier/ums/ums046/copper/olcf_copper_addressbook.txt
2026-03-12 21-09-01.195 [Info] (cu_hello_main) output filename path: /lustre/orion/world-shared/stf243/hagertnl/CUG26/copper_run/pynamic/copper_logs/4200983/frontier06478-505118-output.log
2026-03-12 21-09-01.223 [Debug] (cu_hello_main)  
2026-03-12 21-09-01.223 [Info] (cu_hello_main) hostname found to be: frontier00727
2026-03-12 21-09-01.223 [Debug] (process_args) -tpath was found: /
2026-03-12 21-09-01.223 [Debug] (process_args) -vpath was found: /tmp/hagertnl/copper
2026-03-12 21-09-01.223 [Debug] (process_args) -log_level was found: 6
2026-03-12 21-09-01.223 [Debug] (process_args) -log_type was found: file
2026-03-12 21-09-01.223 [Debug] (process_args) -log_output_dir was found: /lustre/orion/world-shared/stf243/hagertnl/CUG26/copper_run/pynamic/copper_logs/4200983
2026-03-12 21-09-01.223 [Debug] (process_args) -net_type was found: cxi://cxi1
2026-03-12 21-09-01.223 [Debug] (process_args) -trees was found: 1
2026-03-12 21-09-01.223 [Debug] (process_args) -nf was found: /lustre/orion/world-shared/stf243/hagertnl/CUG26/copper_run/pynamic/copper_logs/4200983/node_file.txt
2026-03-12 21-09-01.223 [Debug] (process_args) -max_cacheable_byte_size was found: 10485760
2026-03-12 21-09-01.223 [Debug] (process_args) -facility_address_book was found: /sw/frontier/ums/ums046/copper/olcf_copper_addressbook.txt
2026-03-12 21-09-01.223 [Info] (cu_hello_main) copper address located at path: /lustre/orion/world-shared/stf243/hagertnl/CUG26/copper_run/pynamic/copper_logs/4200983/copper_address_book.txt
2026-03-12 21-09-01.223 [Info] (cu_hello_main) facility address book filename path: /sw/frontier/ums/ums046/copper/olcf_copper_addressbook.txt
2026-03-12 21-09-01.223 [Info] (cu_hello_main) output filename path: /lustre/orion/world-shared/stf243/hagertnl/CUG26/copper_run/pynamic/copper_logs/4200983/frontier00727-433156-output.log
2026-03-12 21-09-01.227 [Debug] (cu_hello_main)  
2026-03-12 21-09-01.227 [Info] (cu_hello_main) hostname found to be: frontier01622
2026-03-12 21-09-01.227 [Debug] (process_args) -tpath was found: /
2026-03-12 21-09-01.227 [Debug] (process_args) -vpath was found: /tmp/hagertnl/copper
2026-03-12 21-09-01.227 [Debug] (process_args) -log_level was found: 6
2026-03-12 21-09-01.227 [Debug] (process_args) -log_type was found: file
2026-03-12 21-09-01.227 [Debug] (process_args) -log_output_dir was found: /lustre/orion/world-shared/stf243/hagertnl/CUG26/copper_run/pynamic/copper_logs/4200983
2026-03-12 21-09-01.227 [Debug] (process_args) -net_type was found: cxi://cxi1
2026-03-12 21-09-01.227 [Debug] (process_args) -trees was found: 1
2026-03-12 21-09-01.227 [Debug] (process_args) -nf was found: /lustre/orion/world-shared/stf243/hagertnl/CUG26/copper_run/pynamic/copper_logs/4200983/node_file.txt
2026-03-12 21-09-01.227 [Debug] (process_args) -max_cacheable_byte_size was found: 10485760
2026-03-12 21-09-01.227 [Debug] (process_args) -facility_address_book was found: /sw/frontier/ums/ums046/copper/olcf_copper_addressbook.txt
2026-03-12 21-09-01.228 [Info] (cu_hello_main) copper address located at path: /lustre/orion/world-shared/stf243/hagertnl/CUG26/copper_run/pynamic/copper_logs/4200983/copper_address_book.txt
2026-03-12 21-09-01.228 [Info] (cu_hello_main) facility address book filename path: /sw/frontier/ums/ums046/copper/olcf_copper_addressbook.txt
2026-03-12 21-09-01.228 [Debug] (cu_hello_main)  
2026-03-12 21-09-01.228 [Info] (cu_hello_main) hostname found to be: frontier02646
2026-03-12 21-09-01.228 [Debug] (process_args) -tpath was found: /
2026-03-12 21-09-01.228 [Debug] (process_args) -vpath was found: /tmp/hagertnl/copper
2026-03-12 21-09-01.228 [Debug] (process_args) -log_level was found: 6
2026-03-12 21-09-01.228 [Info] (cu_hello_main) output filename path: /lustre/orion/world-shared/stf243/hagertnl/CUG26/copper_run/pynamic/copper_logs/4200983/frontier01622-1050954-output.log
2026-03-12 21-09-01.228 [Debug] (process_args) -log_type was found: file
2026-03-12 21-09-01.228 [Debug] (process_args) -log_output_dir was found: /lustre/orion/world-shared/stf243/hagertnl/CUG26/copper_run/pynamic/copper_logs/4200983
2026-03-12 21-09-01.228 [Debug] (process_args) -net_type was found: cxi://cxi1
2026-03-12 21-09-01.228 [Debug] (process_args) -trees was found: 1
2026-03-12 21-09-01.228 [Debug] (process_args) -nf was found: /lustre/orion/world-shared/stf243/hagertnl/CUG26/copper_run/pynamic/copper_logs/4200983/node_file.txt
2026-03-12 21-09-01.228 [Debug] (process_args) -max_cacheable_byte_size was found: 10485760
2026-03-12 21-09-01.228 [Debug] (process_args) -facility_address_book was found: /sw/frontier/ums/ums046/copper/olcf_copper_addressbook.txt
2026-03-12 21-09-01.228 [Info] (cu_hello_main) copper address located at path: /lustre/orion/world-shared/stf243/hagertnl/CUG26/copper_run/pynamic/copper_logs/4200983/copper_address_book.txt
2026-03-12 21-09-01.228 [Info] (cu_hello_main) facility address book filename path: /sw/frontier/ums/ums046/copper/olcf_copper_addressbook.txt
2026-03-12 21-09-01.228 [Info] (cu_hello_main) output filename path: /lustre/orion/world-shared/stf243/hagertnl/CUG26/copper_run/pynamic/copper_logs/4200983/frontier02646-1534690-output.log
2026-03-12 21-09-01.228 [Debug] (cu_hello_main)  
2026-03-12 21-09-01.228 [Info] (cu_hello_main) hostname found to be: frontier06215
2026-03-12 21-09-01.228 [Debug] (process_args) -tpath was found: /
2026-03-12 21-09-01.228 [Debug] (process_args) -vpath was found: /tmp/hagertnl/copper
2026-03-12 21-09-01.228 [Debug] (process_args) -log_level was found: 6
2026-03-12 21-09-01.228 [Debug] (process_args) -log_type was found: file
2026-03-12 21-09-01.228 [Debug] (process_args) -log_output_dir was found: /lustre/orion/world-shared/stf243/hagertnl/CUG26/copper_run/pynamic/copper_logs/4200983
2026-03-12 21-09-01.228 [Debug] (process_args) -net_type was found: cxi://cxi1
2026-03-12 21-09-01.228 [Debug] (process_args) -trees was found: 1
2026-03-12 21-09-01.228 [Debug] (process_args) -nf was found: /lustre/orion/world-shared/stf243/hagertnl/CUG26/copper_run/pynamic/copper_logs/4200983/node_file.txt
2026-03-12 21-09-01.228 [Debug] (process_args) -max_cacheable_byte_size was found: 10485760
2026-03-12 21-09-01.228 [Debug] (process_args) -facility_address_book was found: /sw/frontier/ums/ums046/copper/olcf_copper_addressbook.txt
2026-03-12 21-09-01.228 [Info] (cu_hello_main) copper address located at path: /lustre/orion/world-shared/stf243/hagertnl/CUG26/copper_run/pynamic/copper_logs/4200983/copper_address_book.txt
2026-03-12 21-09-01.228 [Debug] (cu_hello_main)  
2026-03-12 21-09-01.228 [Info] (cu_hello_main) hostname found to be: frontier01493
2026-03-12 21-09-01.228 [Debug] (process_args) -tpath was found: /
2026-03-12 21-09-01.228 [Debug] (process_args) -vpath was found: /tmp/hagertnl/copper
2026-03-12 21-09-01.228 [Debug] (process_args) -log_level was found: 6
2026-03-12 21-09-01.228 [Debug] (process_args) -log_type was found: file
2026-03-12 21-09-01.228 [Info] (cu_hello_main) facility address book filename path: /sw/frontier/ums/ums046/copper/olcf_copper_addressbook.txt
2026-03-12 21-09-01.228 [Debug] (process_args) -log_output_dir was found: /lustre/orion/world-shared/stf243/hagertnl/CUG26/copper_run/pynamic/copper_logs/4200983
2026-03-12 21-09-01.228 [Debug] (process_args) -net_type was found: cxi://cxi1
2026-03-12 21-09-01.228 [Debug] (process_args) -trees was found: 1
2026-03-12 21-09-01.228 [Debug] (process_args) -nf was found: /lustre/orion/world-shared/stf243/hagertnl/CUG26/copper_run/pynamic/copper_logs/4200983/node_file.txt
2026-03-12 21-09-01.228 [Debug] (process_args) -max_cacheable_byte_size was found: 10485760
2026-03-12 21-09-01.228 [Debug] (process_args) -facility_address_book was found: /sw/frontier/ums/ums046/copper/olcf_copper_addressbook.txt
2026-03-12 21-09-01.228 [Info] (cu_hello_main) copper address located at path: /lustre/orion/world-shared/stf243/hagertnl/CUG26/copper_run/pynamic/copper_logs/4200983/copper_address_book.txt
2026-03-12 21-09-01.228 [Info] (cu_hello_main) output filename path: /lustre/orion/world-shared/stf243/hagertnl/CUG26/copper_run/pynamic/copper_logs/4200983/frontier06215-434750-output.log
2026-03-12 21-09-01.228 [Info] (cu_hello_main) facility address book filename path: /sw/frontier/ums/ums046/copper/olcf_copper_addressbook.txt
2026-03-12 21-09-01.228 [Info] (cu_hello_main) output filename path: /lustre/orion/world-shared/stf243/hagertnl/CUG26/copper_run/pynamic/copper_logs/4200983/frontier01493-446547-output.log
2026-03-12 21-09-01.229 [Debug] (cu_hello_main)  
2026-03-12 21-09-01.230 [Info] (cu_hello_main) hostname found to be: frontier00852
2026-03-12 21-09-01.230 [Debug] (process_args) -tpath was found: /
2026-03-12 21-09-01.230 [Debug] (process_args) -vpath was found: /tmp/hagertnl/copper
2026-03-12 21-09-01.230 [Debug] (process_args) -log_level was found: 6
2026-03-12 21-09-01.230 [Debug] (process_args) -log_type was found: file
2026-03-12 21-09-01.230 [Debug] (process_args) -log_output_dir was found: /lustre/orion/world-shared/stf243/hagertnl/CUG26/copper_run/pynamic/copper_logs/4200983
2026-03-12 21-09-01.230 [Debug] (process_args) -net_type was found: cxi://cxi1
2026-03-12 21-09-01.230 [Debug] (process_args) -trees was found: 1
2026-03-12 21-09-01.230 [Debug] (process_args) -nf was found: /lustre/orion/world-shared/stf243/hagertnl/CUG26/copper_run/pynamic/copper_logs/4200983/node_file.txt
2026-03-12 21-09-01.230 [Debug] (process_args) -max_cacheable_byte_size was found: 10485760
2026-03-12 21-09-01.230 [Debug] (process_args) -facility_address_book was found: /sw/frontier/ums/ums046/copper/olcf_copper_addressbook.txt
2026-03-12 21-09-01.230 [Info] (cu_hello_main) copper address located at path: /lustre/orion/world-shared/stf243/hagertnl/CUG26/copper_run/pynamic/copper_logs/4200983/copper_address_book.txt
2026-03-12 21-09-01.230 [Info] (cu_hello_main) facility address book filename path: /sw/frontier/ums/ums046/copper/olcf_copper_addressbook.txt
2026-03-12 21-09-01.230 [Info] (cu_hello_main) output filename path: /lustre/orion/world-shared/stf243/hagertnl/CUG26/copper_run/pynamic/copper_logs/4200983/frontier00852-1606361-output.log
2026-03-12 21-09-01.230 [Debug] (cu_hello_main)  
2026-03-12 21-09-01.230 [Info] (cu_hello_main) hostname found to be: frontier05842
2026-03-12 21-09-01.230 [Debug] (process_args) -tpath was found: /
2026-03-12 21-09-01.230 [Debug] (process_args) -vpath was found: /tmp/hagertnl/copper
2026-03-12 21-09-01.230 [Debug] (process_args) -log_level was found: 6
2026-03-12 21-09-01.230 [Debug] (process_args) -log_type was found: file
2026-03-12 21-09-01.230 [Debug] (process_args) -log_output_dir was found: /lustre/orion/world-shared/stf243/hagertnl/CUG26/copper_run/pynamic/copper_logs/4200983
2026-03-12 21-09-01.230 [Debug] (process_args) -net_type was found: cxi://cxi1
2026-03-12 21-09-01.230 [Debug] (process_args) -trees was found: 1
2026-03-12 21-09-01.230 [Debug] (process_args) -nf was found: /lustre/orion/world-shared/stf243/hagertnl/CUG26/copper_run/pynamic/copper_logs/4200983/node_file.txt
2026-03-12 21-09-01.230 [Debug] (process_args) -max_cacheable_byte_size was found: 10485760
2026-03-12 21-09-01.230 [Debug] (process_args) -facility_address_book was found: /sw/frontier/ums/ums046/copper/olcf_copper_addressbook.txt
2026-03-12 21-09-01.230 [Info] (cu_hello_main) copper address located at path: /lustre/orion/world-shared/stf243/hagertnl/CUG26/copper_run/pynamic/copper_logs/4200983/copper_address_book.txt
2026-03-12 21-09-01.230 [Info] (cu_hello_main) facility address book filename path: /sw/frontier/ums/ums046/copper/olcf_copper_addressbook.txt
2026-03-12 21-09-01.230 [Info] (cu_hello_main) output filename path: /lustre/orion/world-shared/stf243/hagertnl/CUG26/copper_run/pynamic/copper_logs/4200983/frontier05842-780645-output.log
2026-03-12 21-09-01.253 [Debug] (cu_hello_main)  
2026-03-12 21-09-01.253 [Info] (cu_hello_main) hostname found to be: frontier07482
2026-03-12 21-09-01.253 [Debug] (process_args) -tpath was found: /
2026-03-12 21-09-01.253 [Debug] (process_args) -vpath was found: /tmp/hagertnl/copper
2026-03-12 21-09-01.253 [Debug] (process_args) -log_level was found: 6
2026-03-12 21-09-01.253 [Debug] (process_args) -log_type was found: file
2026-03-12 21-09-01.253 [Debug] (process_args) -log_output_dir was found: /lustre/orion/world-shared/stf243/hagertnl/CUG26/copper_run/pynamic/copper_logs/4200983
2026-03-12 21-09-01.253 [Debug] (process_args) -net_type was found: cxi://cxi1
2026-03-12 21-09-01.253 [Debug] (process_args) -trees was found: 1
2026-03-12 21-09-01.253 [Debug] (process_args) -nf was found: /lustre/orion/world-shared/stf243/hagertnl/CUG26/copper_run/pynamic/copper_logs/4200983/node_file.txt
2026-03-12 21-09-01.253 [Debug] (process_args) -max_cacheable_byte_size was found: 10485760
2026-03-12 21-09-01.253 [Debug] (process_args) -facility_address_book was found: /sw/frontier/ums/ums046/copper/olcf_copper_addressbook.txt
2026-03-12 21-09-01.253 [Info] (cu_hello_main) copper address located at path: /lustre/orion/world-shared/stf243/hagertnl/CUG26/copper_run/pynamic/copper_logs/4200983/copper_address_book.txt
2026-03-12 21-09-01.253 [Info] (cu_hello_main) facility address book filename path: /sw/frontier/ums/ums046/copper/olcf_copper_addressbook.txt
2026-03-12 21-09-01.253 [Info] (cu_hello_main) output filename path: /lustre/orion/world-shared/stf243/hagertnl/CUG26/copper_run/pynamic/copper_logs/4200983/frontier07482-1228356-output.log
2026-03-12 21-09-01.254 [Debug] (cu_hello_main)  
2026-03-12 21-09-01.254 [Info] (cu_hello_main) hostname found to be: frontier00080
2026-03-12 21-09-01.254 [Debug] (process_args) -tpath was found: /
2026-03-12 21-09-01.254 [Debug] (process_args) -vpath was found: /tmp/hagertnl/copper
2026-03-12 21-09-01.254 [Debug] (process_args) -log_level was found: 6
2026-03-12 21-09-01.254 [Debug] (process_args) -log_type was found: file
2026-03-12 21-09-01.254 [Debug] (process_args) -log_output_dir was found: /lustre/orion/world-shared/stf243/hagertnl/CUG26/copper_run/pynamic/copper_logs/4200983
2026-03-12 21-09-01.254 [Debug] (process_args) -net_type was found: cxi://cxi1
2026-03-12 21-09-01.254 [Debug] (process_args) -trees was found: 1
2026-03-12 21-09-01.254 [Debug] (process_args) -nf was found: /lustre/orion/world-shared/stf243/hagertnl/CUG26/copper_run/pynamic/copper_logs/4200983/node_file.txt
2026-03-12 21-09-01.254 [Debug] (process_args) -max_cacheable_byte_size was found: 10485760
2026-03-12 21-09-01.254 [Debug] (process_args) -facility_address_book was found: /sw/frontier/ums/ums046/copper/olcf_copper_addressbook.txt
2026-03-12 21-09-01.254 [Info] (cu_hello_main) copper address located at path: /lustre/orion/world-shared/stf243/hagertnl/CUG26/copper_run/pynamic/copper_logs/4200983/copper_address_book.txt
2026-03-12 21-09-01.254 [Info] (cu_hello_main) facility address book filename path: /sw/frontier/ums/ums046/copper/olcf_copper_addressbook.txt
2026-03-12 21-09-01.254 [Info] (cu_hello_main) output filename path: /lustre/orion/world-shared/stf243/hagertnl/CUG26/copper_run/pynamic/copper_logs/4200983/frontier00080-3124922-output.log
2026-03-12 21-09-01.268 [Debug] (cu_hello_main)  
2026-03-12 21-09-01.268 [Info] (cu_hello_main) hostname found to be: frontier02905
2026-03-12 21-09-01.268 [Debug] (process_args) -tpath was found: /
2026-03-12 21-09-01.268 [Debug] (process_args) -vpath was found: /tmp/hagertnl/copper
2026-03-12 21-09-01.268 [Debug] (process_args) -log_level was found: 6
2026-03-12 21-09-01.268 [Debug] (cu_hello_main)  
2026-03-12 21-09-01.268 [Info] (cu_hello_main) hostname found to be: frontier05202
2026-03-12 21-09-01.268 [Debug] (process_args) -log_type was found: file
2026-03-12 21-09-01.268 [Debug] (process_args) -log_output_dir was found: /lustre/orion/world-shared/stf243/hagertnl/CUG26/copper_run/pynamic/copper_logs/4200983
2026-03-12 21-09-01.268 [Debug] (process_args) -net_type was found: cxi://cxi1
2026-03-12 21-09-01.268 [Debug] (process_args) -trees was found: 1
2026-03-12 21-09-01.268 [Debug] (process_args) -nf was found: /lustre/orion/world-shared/stf243/hagertnl/CUG26/copper_run/pynamic/copper_logs/4200983/node_file.txt
2026-03-12 21-09-01.268 [Debug] (process_args) -max_cacheable_byte_size was found: 10485760
2026-03-12 21-09-01.268 [Debug] (process_args) -facility_address_book was found: /sw/frontier/ums/ums046/copper/olcf_copper_addressbook.txt
2026-03-12 21-09-01.268 [Debug] (process_args) -tpath was found: /
2026-03-12 21-09-01.268 [Debug] (process_args) -vpath was found: /tmp/hagertnl/copper
2026-03-12 21-09-01.268 [Debug] (process_args) -log_level was found: 6
2026-03-12 21-09-01.268 [Debug] (process_args) -log_type was found: file
2026-03-12 21-09-01.268 [Debug] (cu_hello_main)  
2026-03-12 21-09-01.268 [Info] (cu_hello_main) hostname found to be: frontier06729
2026-03-12 21-09-01.268 [Debug] (process_args) -tpath was found: /
2026-03-12 21-09-01.268 [Debug] (process_args) -vpath was found: /tmp/hagertnl/copper
2026-03-12 21-09-01.268 [Debug] (process_args) -log_level was found: 6
2026-03-12 21-09-01.268 [Debug] (process_args) -log_type was found: file
2026-03-12 21-09-01.268 [Info] (cu_hello_main) copper address located at path: /lustre/orion/world-shared/stf243/hagertnl/CUG26/copper_run/pynamic/copper_logs/4200983/copper_address_book.txt
2026-03-12 21-09-01.268 [Info] (cu_hello_main) facility address book filename path: /sw/frontier/ums/ums046/copper/olcf_copper_addressbook.txt
2026-03-12 21-09-01.268 [Info] (cu_hello_main) output filename path: /lustre/orion/world-shared/stf243/hagertnl/CUG26/copper_run/pynamic/copper_logs/4200983/frontier02905-1550832-output.log
2026-03-12 21-09-01.268 [Debug] (process_args) -log_output_dir was found: /lustre/orion/world-shared/stf243/hagertnl/CUG26/copper_run/pynamic/copper_logs/4200983
2026-03-12 21-09-01.268 [Debug] (process_args) -net_type was found: cxi://cxi1
2026-03-12 21-09-01.268 [Debug] (process_args) -trees was found: 1
2026-03-12 21-09-01.268 [Debug] (process_args) -nf was found: /lustre/orion/world-shared/stf243/hagertnl/CUG26/copper_run/pynamic/copper_logs/4200983/node_file.txt
2026-03-12 21-09-01.268 [Debug] (process_args) -max_cacheable_byte_size was found: 10485760
2026-03-12 21-09-01.268 [Debug] (process_args) -log_output_dir was found: /lustre/orion/world-shared/stf243/hagertnl/CUG26/copper_run/pynamic/copper_logs/4200983
2026-03-12 21-09-01.268 [Debug] (process_args) -net_type was found: cxi://cxi1
2026-03-12 21-09-01.268 [Debug] (process_args) -trees was found: 1
2026-03-12 21-09-01.268 [Debug] (process_args) -nf was found: /lustre/orion/world-shared/stf243/hagertnl/CUG26/copper_run/pynamic/copper_logs/4200983/node_file.txt
2026-03-12 21-09-01.268 [Debug] (process_args) -max_cacheable_byte_size was found: 10485760
2026-03-12 21-09-01.268 [Debug] (process_args) -facility_address_book was found: /sw/frontier/ums/ums046/copper/olcf_copper_addressbook.txt
2026-03-12 21-09-01.268 [Info] (cu_hello_main) copper address located at path: /lustre/orion/world-shared/stf243/hagertnl/CUG26/copper_run/pynamic/copper_logs/4200983/copper_address_book.txt
2026-03-12 21-09-01.268 [Debug] (process_args) -facility_address_book was found: /sw/frontier/ums/ums046/copper/olcf_copper_addressbook.txt
2026-03-12 21-09-01.268 [Info] (cu_hello_main) facility address book filename path: /sw/frontier/ums/ums046/copper/olcf_copper_addressbook.txt
2026-03-12 21-09-01.268 [Info] (cu_hello_main) output filename path: /lustre/orion/world-shared/stf243/hagertnl/CUG26/copper_run/pynamic/copper_logs/4200983/frontier06729-347383-output.log
2026-03-12 21-09-01.268 [Debug] (cu_hello_main)  
2026-03-12 21-09-01.268 [Info] (cu_hello_main) hostname found to be: frontier04562
2026-03-12 21-09-01.268 [Debug] (process_args) -tpath was found: /
2026-03-12 21-09-01.268 [Debug] (process_args) -vpath was found: /tmp/hagertnl/copper
2026-03-12 21-09-01.268 [Debug] (process_args) -log_level was found: 6
2026-03-12 21-09-01.268 [Info] (cu_hello_main) copper address located at path: /lustre/orion/world-shared/stf243/hagertnl/CUG26/copper_run/pynamic/copper_logs/4200983/copper_address_book.txt
2026-03-12 21-09-01.268 [Info] (cu_hello_main) facility address book filename path: /sw/frontier/ums/ums046/copper/olcf_copper_addressbook.txt
2026-03-12 21-09-01.268 [Debug] (process_args) -log_type was found: file
2026-03-12 21-09-01.268 [Debug] (process_args) -log_output_dir was found: /lustre/orion/world-shared/stf243/hagertnl/CUG26/copper_run/pynamic/copper_logs/4200983
2026-03-12 21-09-01.268 [Debug] (process_args) -net_type was found: cxi://cxi1
2026-03-12 21-09-01.268 [Debug] (process_args) -trees was found: 1
2026-03-12 21-09-01.268 [Debug] (process_args) -nf was found: /lustre/orion/world-shared/stf243/hagertnl/CUG26/copper_run/pynamic/copper_logs/4200983/node_file.txt
2026-03-12 21-09-01.268 [Debug] (process_args) -max_cacheable_byte_size was found: 10485760
2026-03-12 21-09-01.268 [Debug] (process_args) -facility_address_book was found: /sw/frontier/ums/ums046/copper/olcf_copper_addressbook.txt
2026-03-12 21-09-01.268 [Info] (cu_hello_main) output filename path: /lustre/orion/world-shared/stf243/hagertnl/CUG26/copper_run/pynamic/copper_logs/4200983/frontier05202-335679-output.log
2026-03-12 21-09-01.268 [Debug] (cu_hello_main)  
2026-03-12 21-09-01.268 [Info] (cu_hello_main) hostname found to be: frontier06350
2026-03-12 21-09-01.268 [Debug] (process_args) -tpath was found: /
2026-03-12 21-09-01.268 [Debug] (process_args) -vpath was found: /tmp/hagertnl/copper
2026-03-12 21-09-01.268 [Debug] (process_args) -log_level was found: 6
2026-03-12 21-09-01.268 [Debug] (cu_hello_main)  
2026-03-12 21-09-01.268 [Info] (cu_hello_main) hostname found to be: frontier07374
2026-03-12 21-09-01.268 [Debug] (process_args) -tpath was found: /
2026-03-12 21-09-01.268 [Debug] (process_args) -vpath was found: /tmp/hagertnl/copper
2026-03-12 21-09-01.268 [Info] (cu_hello_main) copper address located at path: /lustre/orion/world-shared/stf243/hagertnl/CUG26/copper_run/pynamic/copper_logs/4200983/copper_address_book.txt
2026-03-12 21-09-01.268 [Info] (cu_hello_main) facility address book filename path: /sw/frontier/ums/ums046/copper/olcf_copper_addressbook.txt
2026-03-12 21-09-01.268 [Info] (cu_hello_main) output filename path: /lustre/orion/world-shared/stf243/hagertnl/CUG26/copper_run/pynamic/copper_logs/4200983/frontier04562-1677542-output.log
2026-03-12 21-09-01.268 [Debug] (process_args) -log_type was found: file
2026-03-12 21-09-01.268 [Debug] (process_args) -log_output_dir was found: /lustre/orion/world-shared/stf243/hagertnl/CUG26/copper_run/pynamic/copper_logs/4200983
2026-03-12 21-09-01.268 [Debug] (process_args) -net_type was found: cxi://cxi1
2026-03-12 21-09-01.268 [Debug] (process_args) -trees was found: 1
2026-03-12 21-09-01.268 [Debug] (process_args) -nf was found: /lustre/orion/world-shared/stf243/hagertnl/CUG26/copper_run/pynamic/copper_logs/4200983/node_file.txt
2026-03-12 21-09-01.268 [Debug] (process_args) -max_cacheable_byte_size was found: 10485760
2026-03-12 21-09-01.268 [Debug] (process_args) -facility_address_book was found: /sw/frontier/ums/ums046/copper/olcf_copper_addressbook.txt
2026-03-12 21-09-01.268 [Debug] (process_args) -log_level was found: 6
2026-03-12 21-09-01.268 [Debug] (process_args) -log_type was found: file
2026-03-12 21-09-01.268 [Debug] (process_args) -log_output_dir was found: /lustre/orion/world-shared/stf243/hagertnl/CUG26/copper_run/pynamic/copper_logs/4200983
2026-03-12 21-09-01.268 [Debug] (process_args) -net_type was found: cxi://cxi1
2026-03-12 21-09-01.268 [Debug] (process_args) -trees was found: 1
2026-03-12 21-09-01.268 [Info] (cu_hello_main) copper address located at path: /lustre/orion/world-shared/stf243/hagertnl/CUG26/copper_run/pynamic/copper_logs/4200983/copper_address_book.txt
2026-03-12 21-09-01.268 [Info] (cu_hello_main) facility address book filename path: /sw/frontier/ums/ums046/copper/olcf_copper_addressbook.txt
2026-03-12 21-09-01.268 [Info] (cu_hello_main) output filename path: /lustre/orion/world-shared/stf243/hagertnl/CUG26/copper_run/pynamic/copper_logs/4200983/frontier06350-794564-output.log
2026-03-12 21-09-01.268 [Debug] (process_args) -nf was found: /lustre/orion/world-shared/stf243/hagertnl/CUG26/copper_run/pynamic/copper_logs/4200983/node_file.txt
2026-03-12 21-09-01.268 [Debug] (process_args) -max_cacheable_byte_size was found: 10485760
2026-03-12 21-09-01.268 [Debug] (process_args) -facility_address_book was found: /sw/frontier/ums/ums046/copper/olcf_copper_addressbook.txt
2026-03-12 21-09-01.268 [Info] (cu_hello_main) copper address located at path: /lustre/orion/world-shared/stf243/hagertnl/CUG26/copper_run/pynamic/copper_logs/4200983/copper_address_book.txt
2026-03-12 21-09-01.268 [Info] (cu_hello_main) facility address book filename path: /sw/frontier/ums/ums046/copper/olcf_copper_addressbook.txt
2026-03-12 21-09-01.268 [Info] (cu_hello_main) output filename path: /lustre/orion/world-shared/stf243/hagertnl/CUG26/copper_run/pynamic/copper_logs/4200983/frontier07374-215600-output.log
2026-03-12 21-09-01.268 [Debug] (cu_hello_main)  
2026-03-12 21-09-01.268 [Info] (cu_hello_main) hostname found to be: frontier03418
2026-03-12 21-09-01.268 [Debug] (process_args) -tpath was found: /
2026-03-12 21-09-01.268 [Debug] (process_args) -vpath was found: /tmp/hagertnl/copper
2026-03-12 21-09-01.268 [Debug] (process_args) -log_level was found: 6
2026-03-12 21-09-01.268 [Debug] (process_args) -log_type was found: file
2026-03-12 21-09-01.268 [Debug] (process_args) -log_output_dir was found: /lustre/orion/world-shared/stf243/hagertnl/CUG26/copper_run/pynamic/copper_logs/4200983
2026-03-12 21-09-01.268 [Debug] (process_args) -net_type was found: cxi://cxi1
2026-03-12 21-09-01.268 [Debug] (process_args) -trees was found: 1
2026-03-12 21-09-01.268 [Debug] (process_args) -nf was found: /lustre/orion/world-shared/stf243/hagertnl/CUG26/copper_run/pynamic/copper_logs/4200983/node_file.txt
2026-03-12 21-09-01.268 [Debug] (process_args) -max_cacheable_byte_size was found: 10485760
2026-03-12 21-09-01.268 [Debug] (process_args) -facility_address_book was found: /sw/frontier/ums/ums046/copper/olcf_copper_addressbook.txt
2026-03-12 21-09-01.268 [Info] (cu_hello_main) copper address located at path: /lustre/orion/world-shared/stf243/hagertnl/CUG26/copper_run/pynamic/copper_logs/4200983/copper_address_book.txt
2026-03-12 21-09-01.268 [Info] (cu_hello_main) facility address book filename path: /sw/frontier/ums/ums046/copper/olcf_copper_addressbook.txt
2026-03-12 21-09-01.268 [Info] (cu_hello_main) output filename path: /lustre/orion/world-shared/stf243/hagertnl/CUG26/copper_run/pynamic/copper_logs/4200983/frontier03418-688730-output.log
2026-03-12 21-09-01.271 [Debug] (cu_hello_main)  
2026-03-12 21-09-01.272 [Info] (cu_hello_main) hostname found to be: frontier08133
2026-03-12 21-09-01.272 [Debug] (process_args) -tpath was found: /
2026-03-12 21-09-01.272 [Debug] (process_args) -vpath was found: /tmp/hagertnl/copper
2026-03-12 21-09-01.272 [Debug] (process_args) -log_level was found: 6
2026-03-12 21-09-01.272 [Debug] (process_args) -log_type was found: file
2026-03-12 21-09-01.272 [Debug] (process_args) -log_output_dir was found: /lustre/orion/world-shared/stf243/hagertnl/CUG26/copper_run/pynamic/copper_logs/4200983
2026-03-12 21-09-01.272 [Debug] (process_args) -net_type was found: cxi://cxi1
2026-03-12 21-09-01.272 [Debug] (process_args) -trees was found: 1
2026-03-12 21-09-01.272 [Debug] (process_args) -nf was found: /lustre/orion/world-shared/stf243/hagertnl/CUG26/copper_run/pynamic/copper_logs/4200983/node_file.txt
2026-03-12 21-09-01.272 [Debug] (process_args) -max_cacheable_byte_size was found: 10485760
2026-03-12 21-09-01.272 [Debug] (process_args) -facility_address_book was found: /sw/frontier/ums/ums046/copper/olcf_copper_addressbook.txt
2026-03-12 21-09-01.272 [Info] (cu_hello_main) copper address located at path: /lustre/orion/world-shared/stf243/hagertnl/CUG26/copper_run/pynamic/copper_logs/4200983/copper_address_book.txt
2026-03-12 21-09-01.272 [Info] (cu_hello_main) facility address book filename path: /sw/frontier/ums/ums046/copper/olcf_copper_addressbook.txt
2026-03-12 21-09-01.272 [Info] (cu_hello_main) output filename path: /lustre/orion/world-shared/stf243/hagertnl/CUG26/copper_run/pynamic/copper_logs/4200983/frontier08133-253765-output.log
2026-03-12 21-09-01.274 [Debug] (cu_hello_main)  
2026-03-12 21-09-01.274 [Info] (cu_hello_main) hostname found to be: frontier01749
2026-03-12 21-09-01.274 [Debug] (process_args) -tpath was found: /
2026-03-12 21-09-01.274 [Debug] (process_args) -vpath was found: /tmp/hagertnl/copper
2026-03-12 21-09-01.274 [Debug] (process_args) -log_level was found: 6
2026-03-12 21-09-01.274 [Debug] (process_args) -log_type was found: file
2026-03-12 21-09-01.274 [Debug] (process_args) -log_output_dir was found: /lustre/orion/world-shared/stf243/hagertnl/CUG26/copper_run/pynamic/copper_logs/4200983
2026-03-12 21-09-01.274 [Debug] (process_args) -net_type was found: cxi://cxi1
2026-03-12 21-09-01.274 [Debug] (process_args) -trees was found: 1
2026-03-12 21-09-01.274 [Debug] (process_args) -nf was found: /lustre/orion/world-shared/stf243/hagertnl/CUG26/copper_run/pynamic/copper_logs/4200983/node_file.txt
2026-03-12 21-09-01.274 [Debug] (process_args) -max_cacheable_byte_size was found: 10485760
2026-03-12 21-09-01.274 [Debug] (process_args) -facility_address_book was found: /sw/frontier/ums/ums046/copper/olcf_copper_addressbook.txt
2026-03-12 21-09-01.274 [Info] (cu_hello_main) copper address located at path: /lustre/orion/world-shared/stf243/hagertnl/CUG26/copper_run/pynamic/copper_logs/4200983/copper_address_book.txt
2026-03-12 21-09-01.274 [Info] (cu_hello_main) facility address book filename path: /sw/frontier/ums/ums046/copper/olcf_copper_addressbook.txt
2026-03-12 21-09-01.274 [Info] (cu_hello_main) output filename path: /lustre/orion/world-shared/stf243/hagertnl/CUG26/copper_run/pynamic/copper_logs/4200983/frontier01749-458616-output.log
2026-03-12 21-09-01.274 [Debug] (cu_hello_main)  
2026-03-12 21-09-01.274 [Info] (cu_hello_main) hostname found to be: frontier07628
2026-03-12 21-09-01.274 [Debug] (process_args) -tpath was found: /
2026-03-12 21-09-01.274 [Debug] (process_args) -vpath was found: /tmp/hagertnl/copper
2026-03-12 21-09-01.274 [Debug] (process_args) -log_level was found: 6
2026-03-12 21-09-01.274 [Debug] (process_args) -log_type was found: file
2026-03-12 21-09-01.274 [Debug] (process_args) -log_output_dir was found: /lustre/orion/world-shared/stf243/hagertnl/CUG26/copper_run/pynamic/copper_logs/4200983
2026-03-12 21-09-01.274 [Debug] (process_args) -net_type was found: cxi://cxi1
2026-03-12 21-09-01.274 [Debug] (process_args) -trees was found: 1
2026-03-12 21-09-01.274 [Debug] (process_args) -nf was found: /lustre/orion/world-shared/stf243/hagertnl/CUG26/copper_run/pynamic/copper_logs/4200983/node_file.txt
2026-03-12 21-09-01.274 [Debug] (process_args) -max_cacheable_byte_size was found: 10485760
2026-03-12 21-09-01.274 [Debug] (process_args) -facility_address_book was found: /sw/frontier/ums/ums046/copper/olcf_copper_addressbook.txt
2026-03-12 21-09-01.274 [Info] (cu_hello_main) copper address located at path: /lustre/orion/world-shared/stf243/hagertnl/CUG26/copper_run/pynamic/copper_logs/4200983/copper_address_book.txt
2026-03-12 21-09-01.274 [Info] (cu_hello_main) facility address book filename path: /sw/frontier/ums/ums046/copper/olcf_copper_addressbook.txt
2026-03-12 21-09-01.274 [Debug] (cu_hello_main)  
2026-03-12 21-09-01.274 [Info] (cu_hello_main) hostname found to be: frontier05328
2026-03-12 21-09-01.274 [Debug] (process_args) -tpath was found: /
2026-03-12 21-09-01.274 [Debug] (process_args) -vpath was found: /tmp/hagertnl/copper
2026-03-12 21-09-01.274 [Debug] (process_args) -log_level was found: 6
2026-03-12 21-09-01.274 [Info] (cu_hello_main) output filename path: /lustre/orion/world-shared/stf243/hagertnl/CUG26/copper_run/pynamic/copper_logs/4200983/frontier07628-1518496-output.log
2026-03-12 21-09-01.274 [Debug] (process_args) -log_type was found: file
2026-03-12 21-09-01.274 [Debug] (process_args) -log_output_dir was found: /lustre/orion/world-shared/stf243/hagertnl/CUG26/copper_run/pynamic/copper_logs/4200983
2026-03-12 21-09-01.274 [Debug] (process_args) -net_type was found: cxi://cxi1
2026-03-12 21-09-01.274 [Debug] (process_args) -trees was found: 1
2026-03-12 21-09-01.274 [Debug] (process_args) -nf was found: /lustre/orion/world-shared/stf243/hagertnl/CUG26/copper_run/pynamic/copper_logs/4200983/node_file.txt
2026-03-12 21-09-01.274 [Debug] (process_args) -max_cacheable_byte_size was found: 10485760
2026-03-12 21-09-01.274 [Debug] (process_args) -facility_address_book was found: /sw/frontier/ums/ums046/copper/olcf_copper_addressbook.txt
2026-03-12 21-09-01.274 [Info] (cu_hello_main) copper address located at path: /lustre/orion/world-shared/stf243/hagertnl/CUG26/copper_run/pynamic/copper_logs/4200983/copper_address_book.txt
2026-03-12 21-09-01.274 [Info] (cu_hello_main) facility address book filename path: /sw/frontier/ums/ums046/copper/olcf_copper_addressbook.txt
2026-03-12 21-09-01.274 [Info] (cu_hello_main) output filename path: /lustre/orion/world-shared/stf243/hagertnl/CUG26/copper_run/pynamic/copper_logs/4200983/frontier05328-1704222-output.log
2026-03-12 21-09-01.274 [Debug] (cu_hello_main)  
2026-03-12 21-09-01.274 [Info] (cu_hello_main) hostname found to be: frontier02136
2026-03-12 21-09-01.274 [Debug] (process_args) -tpath was found: /
2026-03-12 21-09-01.274 [Debug] (process_args) -vpath was found: /tmp/hagertnl/copper
2026-03-12 21-09-01.274 [Debug] (process_args) -log_level was found: 6
2026-03-12 21-09-01.274 [Debug] (process_args) -log_type was found: file
2026-03-12 21-09-01.274 [Debug] (process_args) -log_output_dir was found: /lustre/orion/world-shared/stf243/hagertnl/CUG26/copper_run/pynamic/copper_logs/4200983
2026-03-12 21-09-01.274 [Debug] (process_args) -net_type was found: cxi://cxi1
2026-03-12 21-09-01.274 [Debug] (process_args) -trees was found: 1
2026-03-12 21-09-01.274 [Debug] (process_args) -nf was found: /lustre/orion/world-shared/stf243/hagertnl/CUG26/copper_run/pynamic/copper_logs/4200983/node_file.txt
2026-03-12 21-09-01.274 [Debug] (process_args) -max_cacheable_byte_size was found: 10485760
2026-03-12 21-09-01.274 [Debug] (process_args) -facility_address_book was found: /sw/frontier/ums/ums046/copper/olcf_copper_addressbook.txt
2026-03-12 21-09-01.274 [Info] (cu_hello_main) copper address located at path: /lustre/orion/world-shared/stf243/hagertnl/CUG26/copper_run/pynamic/copper_logs/4200983/copper_address_book.txt
2026-03-12 21-09-01.274 [Info] (cu_hello_main) facility address book filename path: /sw/frontier/ums/ums046/copper/olcf_copper_addressbook.txt
2026-03-12 21-09-01.274 [Info] (cu_hello_main) output filename path: /lustre/orion/world-shared/stf243/hagertnl/CUG26/copper_run/pynamic/copper_logs/4200983/frontier02136-1528770-output.log
2026-03-12 21-09-01.274 [Debug] (cu_hello_main)  
2026-03-12 21-09-01.274 [Info] (cu_hello_main) hostname found to be: frontier03035
2026-03-12 21-09-01.274 [Debug] (process_args) -tpath was found: /
2026-03-12 21-09-01.274 [Debug] (process_args) -vpath was found: /tmp/hagertnl/copper
2026-03-12 21-09-01.274 [Debug] (process_args) -log_level was found: 6
2026-03-12 21-09-01.274 [Debug] (process_args) -log_type was found: file
2026-03-12 21-09-01.274 [Debug] (process_args) -log_output_dir was found: /lustre/orion/world-shared/stf243/hagertnl/CUG26/copper_run/pynamic/copper_logs/4200983
2026-03-12 21-09-01.274 [Debug] (process_args) -net_type was found: cxi://cxi1
2026-03-12 21-09-01.274 [Debug] (process_args) -trees was found: 1
2026-03-12 21-09-01.274 [Debug] (process_args) -nf was found: /lustre/orion/world-shared/stf243/hagertnl/CUG26/copper_run/pynamic/copper_logs/4200983/node_file.txt
2026-03-12 21-09-01.275 [Debug] (process_args) -max_cacheable_byte_size was found: 10485760
2026-03-12 21-09-01.275 [Debug] (process_args) -facility_address_book was found: /sw/frontier/ums/ums046/copper/olcf_copper_addressbook.txt
2026-03-12 21-09-01.275 [Info] (cu_hello_main) copper address located at path: /lustre/orion/world-shared/stf243/hagertnl/CUG26/copper_run/pynamic/copper_logs/4200983/copper_address_book.txt
2026-03-12 21-09-01.275 [Info] (cu_hello_main) facility address book filename path: /sw/frontier/ums/ums046/copper/olcf_copper_addressbook.txt
2026-03-12 21-09-01.275 [Info] (cu_hello_main) output filename path: /lustre/orion/world-shared/stf243/hagertnl/CUG26/copper_run/pynamic/copper_logs/4200983/frontier03035-648878-output.log
2026-03-12 21-09-01.284 [Debug] (cu_hello_main)  
2026-03-12 21-09-01.284 [Info] (cu_hello_main) hostname found to be: frontier06864
2026-03-12 21-09-01.284 [Debug] (cu_hello_main)  
2026-03-12 21-09-01.284 [Info] (cu_hello_main) hostname found to be: frontier04050
2026-03-12 21-09-01.284 [Debug] (process_args) -tpath was found: /
2026-03-12 21-09-01.284 [Debug] (process_args) -tpath was found: /
2026-03-12 21-09-01.284 [Debug] (process_args) -vpath was found: /tmp/hagertnl/copper
2026-03-12 21-09-01.284 [Debug] (process_args) -log_level was found: 6
2026-03-12 21-09-01.284 [Debug] (process_args) -log_type was found: file
2026-03-12 21-09-01.284 [Debug] (process_args) -log_output_dir was found: /lustre/orion/world-shared/stf243/hagertnl/CUG26/copper_run/pynamic/copper_logs/4200983
2026-03-12 21-09-01.284 [Debug] (process_args) -net_type was found: cxi://cxi1
2026-03-12 21-09-01.284 [Debug] (process_args) -vpath was found: /tmp/hagertnl/copper
2026-03-12 21-09-01.284 [Debug] (process_args) -log_level was found: 6
2026-03-12 21-09-01.284 [Debug] (process_args) -log_type was found: file
2026-03-12 21-09-01.284 [Debug] (process_args) -log_output_dir was found: /lustre/orion/world-shared/stf243/hagertnl/CUG26/copper_run/pynamic/copper_logs/4200983
2026-03-12 21-09-01.284 [Debug] (process_args) -net_type was found: cxi://cxi1
2026-03-12 21-09-01.284 [Debug] (process_args) -trees was found: 1
2026-03-12 21-09-01.284 [Debug] (process_args) -trees was found: 1
2026-03-12 21-09-01.284 [Debug] (process_args) -nf was found: /lustre/orion/world-shared/stf243/hagertnl/CUG26/copper_run/pynamic/copper_logs/4200983/node_file.txt
2026-03-12 21-09-01.284 [Debug] (process_args) -max_cacheable_byte_size was found: 10485760
2026-03-12 21-09-01.284 [Debug] (process_args) -facility_address_book was found: /sw/frontier/ums/ums046/copper/olcf_copper_addressbook.txt
2026-03-12 21-09-01.284 [Debug] (cu_hello_main)  
2026-03-12 21-09-01.284 [Info] (cu_hello_main) hostname found to be: frontier06607
2026-03-12 21-09-01.284 [Debug] (process_args) -tpath was found: /
2026-03-12 21-09-01.284 [Debug] (process_args) -vpath was found: /tmp/hagertnl/copper
2026-03-12 21-09-01.284 [Debug] (process_args) -log_level was found: 6
2026-03-12 21-09-01.284 [Debug] (process_args) -nf was found: /lustre/orion/world-shared/stf243/hagertnl/CUG26/copper_run/pynamic/copper_logs/4200983/node_file.txt
2026-03-12 21-09-01.284 [Debug] (process_args) -max_cacheable_byte_size was found: 10485760
2026-03-12 21-09-01.284 [Debug] (process_args) -facility_address_book was found: /sw/frontier/ums/ums046/copper/olcf_copper_addressbook.txt
2026-03-12 21-09-01.284 [Info] (cu_hello_main) copper address located at path: /lustre/orion/world-shared/stf243/hagertnl/CUG26/copper_run/pynamic/copper_logs/4200983/copper_address_book.txt
2026-03-12 21-09-01.284 [Debug] (process_args) -log_type was found: file
2026-03-12 21-09-01.284 [Debug] (process_args) -log_output_dir was found: /lustre/orion/world-shared/stf243/hagertnl/CUG26/copper_run/pynamic/copper_logs/4200983
2026-03-12 21-09-01.284 [Debug] (process_args) -net_type was found: cxi://cxi1
2026-03-12 21-09-01.284 [Debug] (process_args) -trees was found: 1
2026-03-12 21-09-01.284 [Debug] (process_args) -nf was found: /lustre/orion/world-shared/stf243/hagertnl/CUG26/copper_run/pynamic/copper_logs/4200983/node_file.txt
2026-03-12 21-09-01.284 [Debug] (process_args) -max_cacheable_byte_size was found: 10485760
2026-03-12 21-09-01.284 [Debug] (process_args) -facility_address_book was found: /sw/frontier/ums/ums046/copper/olcf_copper_addressbook.txt
2026-03-12 21-09-01.284 [Info] (cu_hello_main) copper address located at path: /lustre/orion/world-shared/stf243/hagertnl/CUG26/copper_run/pynamic/copper_logs/4200983/copper_address_book.txt
2026-03-12 21-09-01.284 [Info] (cu_hello_main) facility address book filename path: /sw/frontier/ums/ums046/copper/olcf_copper_addressbook.txt
2026-03-12 21-09-01.284 [Info] (cu_hello_main) copper address located at path: /lustre/orion/world-shared/stf243/hagertnl/CUG26/copper_run/pynamic/copper_logs/4200983/copper_address_book.txt
2026-03-12 21-09-01.284 [Info] (cu_hello_main) facility address book filename path: /sw/frontier/ums/ums046/copper/olcf_copper_addressbook.txt
2026-03-12 21-09-01.284 [Info] (cu_hello_main) output filename path: /lustre/orion/world-shared/stf243/hagertnl/CUG26/copper_run/pynamic/copper_logs/4200983/frontier06607-321852-output.log
2026-03-12 21-09-01.284 [Info] (cu_hello_main) facility address book filename path: /sw/frontier/ums/ums046/copper/olcf_copper_addressbook.txt
2026-03-12 21-09-01.284 [Info] (cu_hello_main) output filename path: /lustre/orion/world-shared/stf243/hagertnl/CUG26/copper_run/pynamic/copper_logs/4200983/frontier06864-1625786-output.log
2026-03-12 21-09-01.284 [Info] (cu_hello_main) output filename path: /lustre/orion/world-shared/stf243/hagertnl/CUG26/copper_run/pynamic/copper_logs/4200983/frontier04050-1108297-output.log
2026-03-12 21-09-01.284 [Debug] (cu_hello_main)  
2026-03-12 21-09-01.284 [Info] (cu_hello_main) hostname found to be: frontier04309
2026-03-12 21-09-01.284 [Debug] (process_args) -tpath was found: /
2026-03-12 21-09-01.284 [Debug] (process_args) -vpath was found: /tmp/hagertnl/copper
2026-03-12 21-09-01.285 [Debug] (process_args) -log_level was found: 6
2026-03-12 21-09-01.285 [Debug] (process_args) -log_type was found: file
2026-03-12 21-09-01.285 [Debug] (process_args) -log_output_dir was found: /lustre/orion/world-shared/stf243/hagertnl/CUG26/copper_run/pynamic/copper_logs/4200983
2026-03-12 21-09-01.285 [Debug] (process_args) -net_type was found: cxi://cxi1
2026-03-12 21-09-01.285 [Debug] (process_args) -trees was found: 1
2026-03-12 21-09-01.285 [Debug] (process_args) -nf was found: /lustre/orion/world-shared/stf243/hagertnl/CUG26/copper_run/pynamic/copper_logs/4200983/node_file.txt
2026-03-12 21-09-01.285 [Debug] (process_args) -max_cacheable_byte_size was found: 10485760
2026-03-12 21-09-01.285 [Debug] (process_args) -facility_address_book was found: /sw/frontier/ums/ums046/copper/olcf_copper_addressbook.txt
2026-03-12 21-09-01.285 [Info] (cu_hello_main) copper address located at path: /lustre/orion/world-shared/stf243/hagertnl/CUG26/copper_run/pynamic/copper_logs/4200983/copper_address_book.txt
2026-03-12 21-09-01.285 [Info] (cu_hello_main) facility address book filename path: /sw/frontier/ums/ums046/copper/olcf_copper_addressbook.txt
2026-03-12 21-09-01.285 [Info] (cu_hello_main) output filename path: /lustre/orion/world-shared/stf243/hagertnl/CUG26/copper_run/pynamic/copper_logs/4200983/frontier04309-460706-output.log
2026-03-12 21-09-01.314 [Debug] (cu_hello_main)  
2026-03-12 21-09-01.314 [Info] (cu_hello_main) hostname found to be: frontier01110
2026-03-12 21-09-01.314 [Debug] (process_args) -tpath was found: /
2026-03-12 21-09-01.314 [Debug] (process_args) -vpath was found: /tmp/hagertnl/copper
2026-03-12 21-09-01.314 [Debug] (process_args) -log_level was found: 6
2026-03-12 21-09-01.314 [Debug] (process_args) -log_type was found: file
2026-03-12 21-09-01.314 [Debug] (process_args) -log_output_dir was found: /lustre/orion/world-shared/stf243/hagertnl/CUG26/copper_run/pynamic/copper_logs/4200983
2026-03-12 21-09-01.314 [Debug] (process_args) -net_type was found: cxi://cxi1
2026-03-12 21-09-01.314 [Debug] (process_args) -trees was found: 1
2026-03-12 21-09-01.314 [Debug] (process_args) -nf was found: /lustre/orion/world-shared/stf243/hagertnl/CUG26/copper_run/pynamic/copper_logs/4200983/node_file.txt
2026-03-12 21-09-01.314 [Debug] (process_args) -max_cacheable_byte_size was found: 10485760
2026-03-12 21-09-01.314 [Debug] (process_args) -facility_address_book was found: /sw/frontier/ums/ums046/copper/olcf_copper_addressbook.txt
2026-03-12 21-09-01.314 [Info] (cu_hello_main) copper address located at path: /lustre/orion/world-shared/stf243/hagertnl/CUG26/copper_run/pynamic/copper_logs/4200983/copper_address_book.txt
2026-03-12 21-09-01.314 [Info] (cu_hello_main) facility address book filename path: /sw/frontier/ums/ums046/copper/olcf_copper_addressbook.txt
2026-03-12 21-09-01.314 [Info] (cu_hello_main) output filename path: /lustre/orion/world-shared/stf243/hagertnl/CUG26/copper_run/pynamic/copper_logs/4200983/frontier01110-1684088-output.log
2026-03-12 21-09-01.314 [Debug] (cu_hello_main)  
2026-03-12 21-09-01.314 [Info] (cu_hello_main) hostname found to be: frontier02522
2026-03-12 21-09-01.314 [Debug] (process_args) -tpath was found: /
2026-03-12 21-09-01.314 [Debug] (process_args) -vpath was found: /tmp/hagertnl/copper
2026-03-12 21-09-01.314 [Debug] (process_args) -log_level was found: 6
2026-03-12 21-09-01.314 [Debug] (process_args) -log_type was found: file
2026-03-12 21-09-01.314 [Debug] (process_args) -log_output_dir was found: /lustre/orion/world-shared/stf243/hagertnl/CUG26/copper_run/pynamic/copper_logs/4200983
2026-03-12 21-09-01.314 [Debug] (process_args) -net_type was found: cxi://cxi1
2026-03-12 21-09-01.314 [Debug] (process_args) -trees was found: 1
2026-03-12 21-09-01.314 [Debug] (process_args) -nf was found: /lustre/orion/world-shared/stf243/hagertnl/CUG26/copper_run/pynamic/copper_logs/4200983/node_file.txt
2026-03-12 21-09-01.314 [Debug] (cu_hello_main)  
2026-03-12 21-09-01.314 [Info] (cu_hello_main) hostname found to be: frontier07245
2026-03-12 21-09-01.314 [Debug] (process_args) -tpath was found: /
2026-03-12 21-09-01.314 [Debug] (process_args) -vpath was found: /tmp/hagertnl/copper
2026-03-12 21-09-01.314 [Debug] (process_args) -log_level was found: 6
2026-03-12 21-09-01.314 [Debug] (process_args) -max_cacheable_byte_size was found: 10485760
2026-03-12 21-09-01.314 [Debug] (process_args) -facility_address_book was found: /sw/frontier/ums/ums046/copper/olcf_copper_addressbook.txt
2026-03-12 21-09-01.314 [Info] (cu_hello_main) copper address located at path: /lustre/orion/world-shared/stf243/hagertnl/CUG26/copper_run/pynamic/copper_logs/4200983/copper_address_book.txt
2026-03-12 21-09-01.314 [Info] (cu_hello_main) facility address book filename path: /sw/frontier/ums/ums046/copper/olcf_copper_addressbook.txt
2026-03-12 21-09-01.314 [Debug] (process_args) -log_type was found: file
2026-03-12 21-09-01.314 [Debug] (process_args) -log_output_dir was found: /lustre/orion/world-shared/stf243/hagertnl/CUG26/copper_run/pynamic/copper_logs/4200983
2026-03-12 21-09-01.314 [Debug] (process_args) -net_type was found: cxi://cxi1
2026-03-12 21-09-01.314 [Debug] (process_args) -trees was found: 1
2026-03-12 21-09-01.314 [Debug] (process_args) -nf was found: /lustre/orion/world-shared/stf243/hagertnl/CUG26/copper_run/pynamic/copper_logs/4200983/node_file.txt
2026-03-12 21-09-01.314 [Debug] (process_args) -max_cacheable_byte_size was found: 10485760
2026-03-12 21-09-01.314 [Debug] (process_args) -facility_address_book was found: /sw/frontier/ums/ums046/copper/olcf_copper_addressbook.txt
2026-03-12 21-09-01.314 [Info] (cu_hello_main) output filename path: /lustre/orion/world-shared/stf243/hagertnl/CUG26/copper_run/pynamic/copper_logs/4200983/frontier02522-979423-output.log
2026-03-12 21-09-01.314 [Info] (cu_hello_main) copper address located at path: /lustre/orion/world-shared/stf243/hagertnl/CUG26/copper_run/pynamic/copper_logs/4200983/copper_address_book.txt
2026-03-12 21-09-01.314 [Info] (cu_hello_main) facility address book filename path: /sw/frontier/ums/ums046/copper/olcf_copper_addressbook.txt
2026-03-12 21-09-01.314 [Info] (cu_hello_main) output filename path: /lustre/orion/world-shared/stf243/hagertnl/CUG26/copper_run/pynamic/copper_logs/4200983/frontier07245-976782-output.log
2026-03-12 21-09-01.336 [Debug] (cu_hello_main)  
2026-03-12 21-09-01.336 [Info] (cu_hello_main) hostname found to be: frontier03290
2026-03-12 21-09-01.336 [Debug] (process_args) -tpath was found: /
2026-03-12 21-09-01.336 [Debug] (process_args) -vpath was found: /tmp/hagertnl/copper
2026-03-12 21-09-01.336 [Debug] (process_args) -log_level was found: 6
2026-03-12 21-09-01.336 [Debug] (process_args) -log_type was found: file
2026-03-12 21-09-01.336 [Debug] (process_args) -log_output_dir was found: /lustre/orion/world-shared/stf243/hagertnl/CUG26/copper_run/pynamic/copper_logs/4200983
2026-03-12 21-09-01.336 [Debug] (process_args) -net_type was found: cxi://cxi1
2026-03-12 21-09-01.336 [Debug] (process_args) -trees was found: 1
2026-03-12 21-09-01.336 [Debug] (process_args) -nf was found: /lustre/orion/world-shared/stf243/hagertnl/CUG26/copper_run/pynamic/copper_logs/4200983/node_file.txt
2026-03-12 21-09-01.336 [Debug] (process_args) -max_cacheable_byte_size was found: 10485760
2026-03-12 21-09-01.336 [Debug] (cu_hello_main)  
2026-03-12 21-09-01.336 [Info] (cu_hello_main) hostname found to be: frontier07085
2026-03-12 21-09-01.336 [Debug] (process_args) -tpath was found: /
2026-03-12 21-09-01.336 [Debug] (process_args) -vpath was found: /tmp/hagertnl/copper
2026-03-12 21-09-01.336 [Debug] (process_args) -log_level was found: 6
2026-03-12 21-09-01.336 [Debug] (process_args) -facility_address_book was found: /sw/frontier/ums/ums046/copper/olcf_copper_addressbook.txt
2026-03-12 21-09-01.336 [Debug] (process_args) -log_type was found: file
2026-03-12 21-09-01.336 [Debug] (process_args) -log_output_dir was found: /lustre/orion/world-shared/stf243/hagertnl/CUG26/copper_run/pynamic/copper_logs/4200983
2026-03-12 21-09-01.336 [Debug] (process_args) -net_type was found: cxi://cxi1
2026-03-12 21-09-01.336 [Debug] (process_args) -trees was found: 1
2026-03-12 21-09-01.336 [Debug] (process_args) -nf was found: /lustre/orion/world-shared/stf243/hagertnl/CUG26/copper_run/pynamic/copper_logs/4200983/node_file.txt
2026-03-12 21-09-01.336 [Info] (cu_hello_main) copper address located at path: /lustre/orion/world-shared/stf243/hagertnl/CUG26/copper_run/pynamic/copper_logs/4200983/copper_address_book.txt
2026-03-12 21-09-01.336 [Debug] (process_args) -max_cacheable_byte_size was found: 10485760
2026-03-12 21-09-01.336 [Debug] (process_args) -facility_address_book was found: /sw/frontier/ums/ums046/copper/olcf_copper_addressbook.txt
2026-03-12 21-09-01.336 [Info] (cu_hello_main) facility address book filename path: /sw/frontier/ums/ums046/copper/olcf_copper_addressbook.txt
2026-03-12 21-09-01.336 [Info] (cu_hello_main) copper address located at path: /lustre/orion/world-shared/stf243/hagertnl/CUG26/copper_run/pynamic/copper_logs/4200983/copper_address_book.txt
2026-03-12 21-09-01.336 [Info] (cu_hello_main) facility address book filename path: /sw/frontier/ums/ums046/copper/olcf_copper_addressbook.txt
2026-03-12 21-09-01.336 [Info] (cu_hello_main) output filename path: /lustre/orion/world-shared/stf243/hagertnl/CUG26/copper_run/pynamic/copper_logs/4200983/frontier03290-1639270-output.log
2026-03-12 21-09-01.336 [Info] (cu_hello_main) output filename path: /lustre/orion/world-shared/stf243/hagertnl/CUG26/copper_run/pynamic/copper_logs/4200983/frontier07085-1490718-output.log
2026-03-12 21-09-01.336 [Debug] (cu_hello_main)  
2026-03-12 21-09-01.336 [Info] (cu_hello_main) hostname found to be: frontier00342
2026-03-12 21-09-01.336 [Debug] (process_args) -tpath was found: /
2026-03-12 21-09-01.336 [Debug] (process_args) -vpath was found: /tmp/hagertnl/copper
2026-03-12 21-09-01.336 [Debug] (process_args) -log_level was found: 6
2026-03-12 21-09-01.336 [Debug] (process_args) -log_type was found: file
2026-03-12 21-09-01.336 [Debug] (process_args) -log_output_dir was found: /lustre/orion/world-shared/stf243/hagertnl/CUG26/copper_run/pynamic/copper_logs/4200983
2026-03-12 21-09-01.336 [Debug] (process_args) -net_type was found: cxi://cxi1
2026-03-12 21-09-01.336 [Debug] (process_args) -trees was found: 1
2026-03-12 21-09-01.336 [Debug] (process_args) -nf was found: /lustre/orion/world-shared/stf243/hagertnl/CUG26/copper_run/pynamic/copper_logs/4200983/node_file.txt
2026-03-12 21-09-01.336 [Debug] (process_args) -max_cacheable_byte_size was found: 10485760
2026-03-12 21-09-01.336 [Debug] (process_args) -facility_address_book was found: /sw/frontier/ums/ums046/copper/olcf_copper_addressbook.txt
2026-03-12 21-09-01.336 [Info] (cu_hello_main) copper address located at path: /lustre/orion/world-shared/stf243/hagertnl/CUG26/copper_run/pynamic/copper_logs/4200983/copper_address_book.txt
2026-03-12 21-09-01.336 [Info] (cu_hello_main) facility address book filename path: /sw/frontier/ums/ums046/copper/olcf_copper_addressbook.txt
2026-03-12 21-09-01.336 [Info] (cu_hello_main) output filename path: /lustre/orion/world-shared/stf243/hagertnl/CUG26/copper_run/pynamic/copper_logs/4200983/frontier00342-759111-output.log
2026-03-12 21-09-01.336 [Debug] (cu_hello_main)  
2026-03-12 21-09-01.337 [Info] (cu_hello_main) hostname found to be: frontier07743
2026-03-12 21-09-01.337 [Debug] (process_args) -tpath was found: /
2026-03-12 21-09-01.337 [Debug] (process_args) -vpath was found: /tmp/hagertnl/copper
2026-03-12 21-09-01.337 [Debug] (process_args) -log_level was found: 6
2026-03-12 21-09-01.337 [Debug] (process_args) -log_type was found: file
2026-03-12 21-09-01.337 [Debug] (process_args) -log_output_dir was found: /lustre/orion/world-shared/stf243/hagertnl/CUG26/copper_run/pynamic/copper_logs/4200983
2026-03-12 21-09-01.337 [Debug] (process_args) -net_type was found: cxi://cxi1
2026-03-12 21-09-01.337 [Debug] (process_args) -trees was found: 1
2026-03-12 21-09-01.337 [Debug] (process_args) -nf was found: /lustre/orion/world-shared/stf243/hagertnl/CUG26/copper_run/pynamic/copper_logs/4200983/node_file.txt
2026-03-12 21-09-01.337 [Debug] (process_args) -max_cacheable_byte_size was found: 10485760
2026-03-12 21-09-01.337 [Debug] (process_args) -facility_address_book was found: /sw/frontier/ums/ums046/copper/olcf_copper_addressbook.txt
2026-03-12 21-09-01.337 [Info] (cu_hello_main) copper address located at path: /lustre/orion/world-shared/stf243/hagertnl/CUG26/copper_run/pynamic/copper_logs/4200983/copper_address_book.txt
2026-03-12 21-09-01.337 [Info] (cu_hello_main) facility address book filename path: /sw/frontier/ums/ums046/copper/olcf_copper_addressbook.txt
2026-03-12 21-09-01.337 [Info] (cu_hello_main) output filename path: /lustre/orion/world-shared/stf243/hagertnl/CUG26/copper_run/pynamic/copper_logs/4200983/frontier07743-961380-output.log
2026-03-12 21-09-01.341 [Debug] (cu_hello_main)  
2026-03-12 21-09-01.341 [Info] (cu_hello_main) hostname found to be: frontier01238
2026-03-12 21-09-01.341 [Debug] (process_args) -tpath was found: /
2026-03-12 21-09-01.341 [Debug] (process_args) -vpath was found: /tmp/hagertnl/copper
2026-03-12 21-09-01.341 [Debug] (process_args) -log_level was found: 6
2026-03-12 21-09-01.341 [Debug] (process_args) -log_type was found: file
2026-03-12 21-09-01.341 [Debug] (process_args) -log_output_dir was found: /lustre/orion/world-shared/stf243/hagertnl/CUG26/copper_run/pynamic/copper_logs/4200983
2026-03-12 21-09-01.341 [Debug] (process_args) -net_type was found: cxi://cxi1
2026-03-12 21-09-01.341 [Debug] (process_args) -trees was found: 1
2026-03-12 21-09-01.341 [Debug] (process_args) -nf was found: /lustre/orion/world-shared/stf243/hagertnl/CUG26/copper_run/pynamic/copper_logs/4200983/node_file.txt
2026-03-12 21-09-01.341 [Debug] (process_args) -max_cacheable_byte_size was found: 10485760
2026-03-12 21-09-01.341 [Debug] (process_args) -facility_address_book was found: /sw/frontier/ums/ums046/copper/olcf_copper_addressbook.txt
2026-03-12 21-09-01.341 [Info] (cu_hello_main) copper address located at path: /lustre/orion/world-shared/stf243/hagertnl/CUG26/copper_run/pynamic/copper_logs/4200983/copper_address_book.txt
2026-03-12 21-09-01.341 [Info] (cu_hello_main) facility address book filename path: /sw/frontier/ums/ums046/copper/olcf_copper_addressbook.txt
2026-03-12 21-09-01.341 [Info] (cu_hello_main) output filename path: /lustre/orion/world-shared/stf243/hagertnl/CUG26/copper_run/pynamic/copper_logs/4200983/frontier01238-779472-output.log
2026-03-12 21-09-01.346 [Debug] (cu_hello_main)  
2026-03-12 21-09-01.346 [Info] (cu_hello_main) hostname found to be: frontier02390
2026-03-12 21-09-01.346 [Debug] (process_args) -tpath was found: /
2026-03-12 21-09-01.346 [Debug] (process_args) -vpath was found: /tmp/hagertnl/copper
2026-03-12 21-09-01.346 [Debug] (process_args) -log_level was found: 6
2026-03-12 21-09-01.346 [Debug] (process_args) -log_type was found: file
2026-03-12 21-09-01.346 [Debug] (process_args) -log_output_dir was found: /lustre/orion/world-shared/stf243/hagertnl/CUG26/copper_run/pynamic/copper_logs/4200983
2026-03-12 21-09-01.346 [Debug] (process_args) -net_type was found: cxi://cxi1
2026-03-12 21-09-01.346 [Debug] (process_args) -trees was found: 1
2026-03-12 21-09-01.346 [Debug] (process_args) -nf was found: /lustre/orion/world-shared/stf243/hagertnl/CUG26/copper_run/pynamic/copper_logs/4200983/node_file.txt
2026-03-12 21-09-01.346 [Debug] (process_args) -max_cacheable_byte_size was found: 10485760
2026-03-12 21-09-01.346 [Debug] (process_args) -facility_address_book was found: /sw/frontier/ums/ums046/copper/olcf_copper_addressbook.txt
2026-03-12 21-09-01.346 [Info] (cu_hello_main) copper address located at path: /lustre/orion/world-shared/stf243/hagertnl/CUG26/copper_run/pynamic/copper_logs/4200983/copper_address_book.txt
2026-03-12 21-09-01.346 [Info] (cu_hello_main) facility address book filename path: /sw/frontier/ums/ums046/copper/olcf_copper_addressbook.txt
2026-03-12 21-09-01.346 [Info] (cu_hello_main) output filename path: /lustre/orion/world-shared/stf243/hagertnl/CUG26/copper_run/pynamic/copper_logs/4200983/frontier02390-977689-output.log
2026-03-12 21-09-01.348 [Debug] (cu_hello_main)  
2026-03-12 21-09-01.348 [Info] (cu_hello_main) hostname found to be: frontier05073
2026-03-12 21-09-01.348 [Debug] (process_args) -tpath was found: /
2026-03-12 21-09-01.348 [Debug] (process_args) -vpath was found: /tmp/hagertnl/copper
2026-03-12 21-09-01.348 [Debug] (process_args) -log_level was found: 6
2026-03-12 21-09-01.348 [Debug] (process_args) -log_type was found: file
2026-03-12 21-09-01.348 [Debug] (process_args) -log_output_dir was found: /lustre/orion/world-shared/stf243/hagertnl/CUG26/copper_run/pynamic/copper_logs/4200983
2026-03-12 21-09-01.348 [Debug] (process_args) -net_type was found: cxi://cxi1
2026-03-12 21-09-01.348 [Debug] (process_args) -trees was found: 1
2026-03-12 21-09-01.348 [Debug] (process_args) -nf was found: /lustre/orion/world-shared/stf243/hagertnl/CUG26/copper_run/pynamic/copper_logs/4200983/node_file.txt
2026-03-12 21-09-01.348 [Debug] (process_args) -max_cacheable_byte_size was found: 10485760
2026-03-12 21-09-01.348 [Debug] (process_args) -facility_address_book was found: /sw/frontier/ums/ums046/copper/olcf_copper_addressbook.txt
2026-03-12 21-09-01.348 [Info] (cu_hello_main) copper address located at path: /lustre/orion/world-shared/stf243/hagertnl/CUG26/copper_run/pynamic/copper_logs/4200983/copper_address_book.txt
2026-03-12 21-09-01.348 [Debug] (cu_hello_main)  
2026-03-12 21-09-01.348 [Info] (cu_hello_main) hostname found to be: frontier01877
2026-03-12 21-09-01.348 [Info] (cu_hello_main) facility address book filename path: /sw/frontier/ums/ums046/copper/olcf_copper_addressbook.txt
2026-03-12 21-09-01.348 [Debug] (process_args) -tpath was found: /
2026-03-12 21-09-01.348 [Debug] (process_args) -vpath was found: /tmp/hagertnl/copper
2026-03-12 21-09-01.348 [Debug] (process_args) -log_level was found: 6
2026-03-12 21-09-01.348 [Debug] (process_args) -log_type was found: file
2026-03-12 21-09-01.348 [Info] (cu_hello_main) output filename path: /lustre/orion/world-shared/stf243/hagertnl/CUG26/copper_run/pynamic/copper_logs/4200983/frontier05073-732190-output.log
2026-03-12 21-09-01.348 [Debug] (process_args) -log_output_dir was found: /lustre/orion/world-shared/stf243/hagertnl/CUG26/copper_run/pynamic/copper_logs/4200983
2026-03-12 21-09-01.348 [Debug] (process_args) -net_type was found: cxi://cxi1
2026-03-12 21-09-01.348 [Debug] (process_args) -trees was found: 1
2026-03-12 21-09-01.348 [Debug] (process_args) -nf was found: /lustre/orion/world-shared/stf243/hagertnl/CUG26/copper_run/pynamic/copper_logs/4200983/node_file.txt
2026-03-12 21-09-01.348 [Debug] (process_args) -max_cacheable_byte_size was found: 10485760
2026-03-12 21-09-01.348 [Debug] (process_args) -facility_address_book was found: /sw/frontier/ums/ums046/copper/olcf_copper_addressbook.txt
2026-03-12 21-09-01.348 [Info] (cu_hello_main) copper address located at path: /lustre/orion/world-shared/stf243/hagertnl/CUG26/copper_run/pynamic/copper_logs/4200983/copper_address_book.txt
2026-03-12 21-09-01.348 [Info] (cu_hello_main) facility address book filename path: /sw/frontier/ums/ums046/copper/olcf_copper_addressbook.txt
2026-03-12 21-09-01.348 [Info] (cu_hello_main) output filename path: /lustre/orion/world-shared/stf243/hagertnl/CUG26/copper_run/pynamic/copper_logs/4200983/frontier01877-1641337-output.log
2026-03-12 21-09-01.352 [Debug] (cu_hello_main)  
2026-03-12 21-09-01.352 [Info] (cu_hello_main) hostname found to be: frontier01372
2026-03-12 21-09-01.352 [Debug] (process_args) -tpath was found: /
2026-03-12 21-09-01.352 [Debug] (process_args) -vpath was found: /tmp/hagertnl/copper
2026-03-12 21-09-01.352 [Debug] (process_args) -log_level was found: 6
2026-03-12 21-09-01.352 [Debug] (process_args) -log_type was found: file
2026-03-12 21-09-01.352 [Debug] (process_args) -log_output_dir was found: /lustre/orion/world-shared/stf243/hagertnl/CUG26/copper_run/pynamic/copper_logs/4200983
2026-03-12 21-09-01.352 [Debug] (process_args) -net_type was found: cxi://cxi1
2026-03-12 21-09-01.352 [Debug] (process_args) -trees was found: 1
2026-03-12 21-09-01.352 [Debug] (process_args) -nf was found: /lustre/orion/world-shared/stf243/hagertnl/CUG26/copper_run/pynamic/copper_logs/4200983/node_file.txt
2026-03-12 21-09-01.352 [Debug] (process_args) -max_cacheable_byte_size was found: 10485760
2026-03-12 21-09-01.352 [Debug] (process_args) -facility_address_book was found: /sw/frontier/ums/ums046/copper/olcf_copper_addressbook.txt
2026-03-12 21-09-01.352 [Info] (cu_hello_main) copper address located at path: /lustre/orion/world-shared/stf243/hagertnl/CUG26/copper_run/pynamic/copper_logs/4200983/copper_address_book.txt
2026-03-12 21-09-01.352 [Info] (cu_hello_main) facility address book filename path: /sw/frontier/ums/ums046/copper/olcf_copper_addressbook.txt
2026-03-12 21-09-01.352 [Info] (cu_hello_main) output filename path: /lustre/orion/world-shared/stf243/hagertnl/CUG26/copper_run/pynamic/copper_logs/4200983/frontier01372-269443-output.log
2026-03-12 21-09-01.366 [Debug] (cu_hello_main)  
2026-03-12 21-09-01.366 [Info] (cu_hello_main) hostname found to be: frontier00982
2026-03-12 21-09-01.366 [Debug] (cu_hello_main)  
2026-03-12 21-09-01.366 [Info] (cu_hello_main) hostname found to be: frontier04181
2026-03-12 21-09-01.366 [Debug] (process_args) -tpath was found: /
2026-03-12 21-09-01.366 [Debug] (process_args) -vpath was found: /tmp/hagertnl/copper
2026-03-12 21-09-01.366 [Debug] (process_args) -log_level was found: 6
2026-03-12 21-09-01.366 [Debug] (process_args) -tpath was found: /
2026-03-12 21-09-01.366 [Debug] (process_args) -vpath was found: /tmp/hagertnl/copper
2026-03-12 21-09-01.366 [Debug] (process_args) -log_level was found: 6
2026-03-12 21-09-01.366 [Debug] (process_args) -log_type was found: file
2026-03-12 21-09-01.366 [Debug] (process_args) -log_output_dir was found: /lustre/orion/world-shared/stf243/hagertnl/CUG26/copper_run/pynamic/copper_logs/4200983
2026-03-12 21-09-01.366 [Debug] (process_args) -log_type was found: file
2026-03-12 21-09-01.366 [Debug] (process_args) -log_output_dir was found: /lustre/orion/world-shared/stf243/hagertnl/CUG26/copper_run/pynamic/copper_logs/4200983
2026-03-12 21-09-01.366 [Debug] (process_args) -net_type was found: cxi://cxi1
2026-03-12 21-09-01.366 [Debug] (process_args) -trees was found: 1
2026-03-12 21-09-01.366 [Debug] (process_args) -nf was found: /lustre/orion/world-shared/stf243/hagertnl/CUG26/copper_run/pynamic/copper_logs/4200983/node_file.txt
2026-03-12 21-09-01.366 [Debug] (process_args) -max_cacheable_byte_size was found: 10485760
2026-03-12 21-09-01.366 [Debug] (process_args) -facility_address_book was found: /sw/frontier/ums/ums046/copper/olcf_copper_addressbook.txt
2026-03-12 21-09-01.366 [Debug] (process_args) -net_type was found: cxi://cxi1
2026-03-12 21-09-01.366 [Debug] (process_args) -trees was found: 1
2026-03-12 21-09-01.366 [Debug] (process_args) -nf was found: /lustre/orion/world-shared/stf243/hagertnl/CUG26/copper_run/pynamic/copper_logs/4200983/node_file.txt
2026-03-12 21-09-01.366 [Debug] (process_args) -max_cacheable_byte_size was found: 10485760
2026-03-12 21-09-01.366 [Info] (cu_hello_main) copper address located at path: /lustre/orion/world-shared/stf243/hagertnl/CUG26/copper_run/pynamic/copper_logs/4200983/copper_address_book.txt
2026-03-12 21-09-01.366 [Info] (cu_hello_main) facility address book filename path: /sw/frontier/ums/ums046/copper/olcf_copper_addressbook.txt
2026-03-12 21-09-01.366 [Info] (cu_hello_main) output filename path: /lustre/orion/world-shared/stf243/hagertnl/CUG26/copper_run/pynamic/copper_logs/4200983/frontier04181-1464619-output.log
2026-03-12 21-09-01.366 [Debug] (process_args) -facility_address_book was found: /sw/frontier/ums/ums046/copper/olcf_copper_addressbook.txt
2026-03-12 21-09-01.366 [Info] (cu_hello_main) copper address located at path: /lustre/orion/world-shared/stf243/hagertnl/CUG26/copper_run/pynamic/copper_logs/4200983/copper_address_book.txt
2026-03-12 21-09-01.366 [Info] (cu_hello_main) facility address book filename path: /sw/frontier/ums/ums046/copper/olcf_copper_addressbook.txt
2026-03-12 21-09-01.366 [Info] (cu_hello_main) output filename path: /lustre/orion/world-shared/stf243/hagertnl/CUG26/copper_run/pynamic/copper_logs/4200983/frontier00982-2596808-output.log
2026-03-12 21-09-01.366 [Debug] (cu_hello_main)  
2026-03-12 21-09-01.366 [Info] (cu_hello_main) hostname found to be: frontier00221
2026-03-12 21-09-01.366 [Debug] (process_args) -tpath was found: /
2026-03-12 21-09-01.366 [Debug] (process_args) -vpath was found: /tmp/hagertnl/copper
2026-03-12 21-09-01.366 [Debug] (process_args) -log_level was found: 6
2026-03-12 21-09-01.366 [Debug] (process_args) -log_type was found: file
2026-03-12 21-09-01.366 [Debug] (process_args) -log_output_dir was found: /lustre/orion/world-shared/stf243/hagertnl/CUG26/copper_run/pynamic/copper_logs/4200983
2026-03-12 21-09-01.366 [Debug] (process_args) -net_type was found: cxi://cxi1
2026-03-12 21-09-01.366 [Debug] (process_args) -trees was found: 1
2026-03-12 21-09-01.366 [Debug] (process_args) -nf was found: /lustre/orion/world-shared/stf243/hagertnl/CUG26/copper_run/pynamic/copper_logs/4200983/node_file.txt
2026-03-12 21-09-01.366 [Debug] (process_args) -max_cacheable_byte_size was found: 10485760
2026-03-12 21-09-01.366 [Debug] (process_args) -facility_address_book was found: /sw/frontier/ums/ums046/copper/olcf_copper_addressbook.txt
2026-03-12 21-09-01.366 [Info] (cu_hello_main) copper address located at path: /lustre/orion/world-shared/stf243/hagertnl/CUG26/copper_run/pynamic/copper_logs/4200983/copper_address_book.txt
2026-03-12 21-09-01.366 [Info] (cu_hello_main) facility address book filename path: /sw/frontier/ums/ums046/copper/olcf_copper_addressbook.txt
2026-03-12 21-09-01.366 [Info] (cu_hello_main) output filename path: /lustre/orion/world-shared/stf243/hagertnl/CUG26/copper_run/pynamic/copper_logs/4200983/frontier00221-214909-output.log
2026-03-12 21-09-01.366 [Debug] (cu_hello_main)  
2026-03-12 21-09-01.366 [Info] (cu_hello_main) hostname found to be: frontier06094
2026-03-12 21-09-01.366 [Debug] (process_args) -tpath was found: /
2026-03-12 21-09-01.366 [Debug] (process_args) -vpath was found: /tmp/hagertnl/copper
2026-03-12 21-09-01.366 [Debug] (cu_hello_main)  
2026-03-12 21-09-01.366 [Info] (cu_hello_main) hostname found to be: frontier04433
2026-03-12 21-09-01.366 [Debug] (process_args) -log_level was found: 6
2026-03-12 21-09-01.366 [Debug] (process_args) -log_type was found: file
2026-03-12 21-09-01.366 [Debug] (process_args) -log_output_dir was found: /lustre/orion/world-shared/stf243/hagertnl/CUG26/copper_run/pynamic/copper_logs/4200983
2026-03-12 21-09-01.366 [Debug] (process_args) -net_type was found: cxi://cxi1
2026-03-12 21-09-01.366 [Debug] (process_args) -trees was found: 1
2026-03-12 21-09-01.366 [Debug] (process_args) -nf was found: /lustre/orion/world-shared/stf243/hagertnl/CUG26/copper_run/pynamic/copper_logs/4200983/node_file.txt
2026-03-12 21-09-01.366 [Debug] (process_args) -max_cacheable_byte_size was found: 10485760
2026-03-12 21-09-01.366 [Debug] (process_args) -facility_address_book was found: /sw/frontier/ums/ums046/copper/olcf_copper_addressbook.txt
2026-03-12 21-09-01.366 [Debug] (process_args) -tpath was found: /
2026-03-12 21-09-01.366 [Debug] (process_args) -vpath was found: /tmp/hagertnl/copper
2026-03-12 21-09-01.366 [Debug] (process_args) -log_level was found: 6
2026-03-12 21-09-01.366 [Debug] (process_args) -log_type was found: file
2026-03-12 21-09-01.366 [Debug] (process_args) -log_output_dir was found: /lustre/orion/world-shared/stf243/hagertnl/CUG26/copper_run/pynamic/copper_logs/4200983
2026-03-12 21-09-01.366 [Debug] (process_args) -net_type was found: cxi://cxi1
2026-03-12 21-09-01.366 [Debug] (process_args) -trees was found: 1
2026-03-12 21-09-01.366 [Info] (cu_hello_main) copper address located at path: /lustre/orion/world-shared/stf243/hagertnl/CUG26/copper_run/pynamic/copper_logs/4200983/copper_address_book.txt
2026-03-12 21-09-01.366 [Debug] (process_args) -nf was found: /lustre/orion/world-shared/stf243/hagertnl/CUG26/copper_run/pynamic/copper_logs/4200983/node_file.txt
2026-03-12 21-09-01.366 [Debug] (process_args) -max_cacheable_byte_size was found: 10485760
2026-03-12 21-09-01.366 [Debug] (process_args) -facility_address_book was found: /sw/frontier/ums/ums046/copper/olcf_copper_addressbook.txt
2026-03-12 21-09-01.366 [Info] (cu_hello_main) facility address book filename path: /sw/frontier/ums/ums046/copper/olcf_copper_addressbook.txt
2026-03-12 21-09-01.366 [Info] (cu_hello_main) output filename path: /lustre/orion/world-shared/stf243/hagertnl/CUG26/copper_run/pynamic/copper_logs/4200983/frontier06094-1090215-output.log
2026-03-12 21-09-01.366 [Info] (cu_hello_main) copper address located at path: /lustre/orion/world-shared/stf243/hagertnl/CUG26/copper_run/pynamic/copper_logs/4200983/copper_address_book.txt
2026-03-12 21-09-01.366 [Info] (cu_hello_main) facility address book filename path: /sw/frontier/ums/ums046/copper/olcf_copper_addressbook.txt
2026-03-12 21-09-01.366 [Debug] (cu_hello_main)  
2026-03-12 21-09-01.366 [Info] (cu_hello_main) hostname found to be: frontier06970
2026-03-12 21-09-01.366 [Info] (cu_hello_main) output filename path: /lustre/orion/world-shared/stf243/hagertnl/CUG26/copper_run/pynamic/copper_logs/4200983/frontier04433-709022-output.log
2026-03-12 21-09-01.366 [Debug] (cu_hello_main)  
2026-03-12 21-09-01.367 [Info] (cu_hello_main) hostname found to be: frontier07884
2026-03-12 21-09-01.367 [Debug] (process_args) -tpath was found: /
2026-03-12 21-09-01.367 [Debug] (process_args) -vpath was found: /tmp/hagertnl/copper
2026-03-12 21-09-01.367 [Debug] (process_args) -log_level was found: 6
2026-03-12 21-09-01.367 [Debug] (process_args) -tpath was found: /
2026-03-12 21-09-01.367 [Debug] (process_args) -vpath was found: /tmp/hagertnl/copper
2026-03-12 21-09-01.367 [Debug] (process_args) -log_level was found: 6
2026-03-12 21-09-01.367 [Debug] (process_args) -log_type was found: file
2026-03-12 21-09-01.367 [Debug] (process_args) -log_output_dir was found: /lustre/orion/world-shared/stf243/hagertnl/CUG26/copper_run/pynamic/copper_logs/4200983
2026-03-12 21-09-01.367 [Debug] (process_args) -net_type was found: cxi://cxi1
2026-03-12 21-09-01.367 [Debug] (process_args) -trees was found: 1
2026-03-12 21-09-01.367 [Debug] (process_args) -log_type was found: file
2026-03-12 21-09-01.367 [Debug] (process_args) -log_output_dir was found: /lustre/orion/world-shared/stf243/hagertnl/CUG26/copper_run/pynamic/copper_logs/4200983
2026-03-12 21-09-01.367 [Debug] (process_args) -net_type was found: cxi://cxi1
2026-03-12 21-09-01.367 [Debug] (process_args) -trees was found: 1
2026-03-12 21-09-01.367 [Debug] (process_args) -nf was found: /lustre/orion/world-shared/stf243/hagertnl/CUG26/copper_run/pynamic/copper_logs/4200983/node_file.txt
2026-03-12 21-09-01.367 [Debug] (process_args) -max_cacheable_byte_size was found: 10485760
2026-03-12 21-09-01.367 [Debug] (process_args) -facility_address_book was found: /sw/frontier/ums/ums046/copper/olcf_copper_addressbook.txt
2026-03-12 21-09-01.367 [Debug] (process_args) -nf was found: /lustre/orion/world-shared/stf243/hagertnl/CUG26/copper_run/pynamic/copper_logs/4200983/node_file.txt
2026-03-12 21-09-01.367 [Debug] (process_args) -max_cacheable_byte_size was found: 10485760
2026-03-12 21-09-01.367 [Debug] (process_args) -facility_address_book was found: /sw/frontier/ums/ums046/copper/olcf_copper_addressbook.txt
2026-03-12 21-09-01.367 [Info] (cu_hello_main) copper address located at path: /lustre/orion/world-shared/stf243/hagertnl/CUG26/copper_run/pynamic/copper_logs/4200983/copper_address_book.txt
2026-03-12 21-09-01.367 [Info] (cu_hello_main) facility address book filename path: /sw/frontier/ums/ums046/copper/olcf_copper_addressbook.txt
2026-03-12 21-09-01.367 [Info] (cu_hello_main) output filename path: /lustre/orion/world-shared/stf243/hagertnl/CUG26/copper_run/pynamic/copper_logs/4200983/frontier07884-1645456-output.log
2026-03-12 21-09-01.367 [Info] (cu_hello_main) copper address located at path: /lustre/orion/world-shared/stf243/hagertnl/CUG26/copper_run/pynamic/copper_logs/4200983/copper_address_book.txt
2026-03-12 21-09-01.367 [Info] (cu_hello_main) facility address book filename path: /sw/frontier/ums/ums046/copper/olcf_copper_addressbook.txt
2026-03-12 21-09-01.367 [Info] (cu_hello_main) output filename path: /lustre/orion/world-shared/stf243/hagertnl/CUG26/copper_run/pynamic/copper_logs/4200983/frontier06970-183974-output.log
2026-03-12 21-09-01.367 [Debug] (cu_hello_main)  
2026-03-12 21-09-01.367 [Info] (cu_hello_main) hostname found to be: frontier05704
2026-03-12 21-09-01.367 [Debug] (process_args) -tpath was found: /
2026-03-12 21-09-01.367 [Debug] (process_args) -vpath was found: /tmp/hagertnl/copper
2026-03-12 21-09-01.367 [Debug] (process_args) -log_level was found: 6
2026-03-12 21-09-01.367 [Debug] (process_args) -log_type was found: file
2026-03-12 21-09-01.367 [Debug] (process_args) -log_output_dir was found: /lustre/orion/world-shared/stf243/hagertnl/CUG26/copper_run/pynamic/copper_logs/4200983
2026-03-12 21-09-01.367 [Debug] (process_args) -net_type was found: cxi://cxi1
2026-03-12 21-09-01.367 [Debug] (process_args) -trees was found: 1
2026-03-12 21-09-01.367 [Debug] (process_args) -nf was found: /lustre/orion/world-shared/stf243/hagertnl/CUG26/copper_run/pynamic/copper_logs/4200983/node_file.txt
2026-03-12 21-09-01.367 [Debug] (process_args) -max_cacheable_byte_size was found: 10485760
2026-03-12 21-09-01.367 [Debug] (process_args) -facility_address_book was found: /sw/frontier/ums/ums046/copper/olcf_copper_addressbook.txt
2026-03-12 21-09-01.367 [Info] (cu_hello_main) copper address located at path: /lustre/orion/world-shared/stf243/hagertnl/CUG26/copper_run/pynamic/copper_logs/4200983/copper_address_book.txt
2026-03-12 21-09-01.367 [Info] (cu_hello_main) facility address book filename path: /sw/frontier/ums/ums046/copper/olcf_copper_addressbook.txt
2026-03-12 21-09-01.367 [Info] (cu_hello_main) output filename path: /lustre/orion/world-shared/stf243/hagertnl/CUG26/copper_run/pynamic/copper_logs/4200983/frontier05704-677114-output.log
2026-03-12 21-09-01.367 [Debug] (cu_hello_main)  
2026-03-12 21-09-01.367 [Info] (cu_hello_main) hostname found to be: frontier04945
2026-03-12 21-09-01.367 [Debug] (process_args) -tpath was found: /
2026-03-12 21-09-01.367 [Debug] (process_args) -vpath was found: /tmp/hagertnl/copper
2026-03-12 21-09-01.367 [Debug] (process_args) -log_level was found: 6
2026-03-12 21-09-01.367 [Debug] (process_args) -log_type was found: file
2026-03-12 21-09-01.367 [Debug] (process_args) -log_output_dir was found: /lustre/orion/world-shared/stf243/hagertnl/CUG26/copper_run/pynamic/copper_logs/4200983
2026-03-12 21-09-01.367 [Debug] (process_args) -net_type was found: cxi://cxi1
2026-03-12 21-09-01.367 [Debug] (process_args) -trees was found: 1
2026-03-12 21-09-01.367 [Debug] (process_args) -nf was found: /lustre/orion/world-shared/stf243/hagertnl/CUG26/copper_run/pynamic/copper_logs/4200983/node_file.txt
2026-03-12 21-09-01.367 [Debug] (process_args) -max_cacheable_byte_size was found: 10485760
2026-03-12 21-09-01.367 [Debug] (process_args) -facility_address_book was found: /sw/frontier/ums/ums046/copper/olcf_copper_addressbook.txt
2026-03-12 21-09-01.367 [Info] (cu_hello_main) copper address located at path: /lustre/orion/world-shared/stf243/hagertnl/CUG26/copper_run/pynamic/copper_logs/4200983/copper_address_book.txt
2026-03-12 21-09-01.367 [Info] (cu_hello_main) facility address book filename path: /sw/frontier/ums/ums046/copper/olcf_copper_addressbook.txt
2026-03-12 21-09-01.367 [Info] (cu_hello_main) output filename path: /lustre/orion/world-shared/stf243/hagertnl/CUG26/copper_run/pynamic/copper_logs/4200983/frontier04945-1424230-output.log
2026-03-12 21-09-01.378 [Debug] (cu_hello_main)  
2026-03-12 21-09-01.378 [Info] (cu_hello_main) hostname found to be: frontier02004
2026-03-12 21-09-01.378 [Debug] (process_args) -tpath was found: /
2026-03-12 21-09-01.378 [Debug] (process_args) -vpath was found: /tmp/hagertnl/copper
2026-03-12 21-09-01.378 [Debug] (process_args) -log_level was found: 6
2026-03-12 21-09-01.378 [Debug] (process_args) -log_type was found: file
2026-03-12 21-09-01.378 [Debug] (process_args) -log_output_dir was found: /lustre/orion/world-shared/stf243/hagertnl/CUG26/copper_run/pynamic/copper_logs/4200983
2026-03-12 21-09-01.378 [Debug] (process_args) -net_type was found: cxi://cxi1
2026-03-12 21-09-01.378 [Debug] (process_args) -trees was found: 1
2026-03-12 21-09-01.378 [Debug] (process_args) -nf was found: /lustre/orion/world-shared/stf243/hagertnl/CUG26/copper_run/pynamic/copper_logs/4200983/node_file.txt
2026-03-12 21-09-01.378 [Debug] (process_args) -max_cacheable_byte_size was found: 10485760
2026-03-12 21-09-01.378 [Debug] (process_args) -facility_address_book was found: /sw/frontier/ums/ums046/copper/olcf_copper_addressbook.txt
2026-03-12 21-09-01.378 [Info] (cu_hello_main) copper address located at path: /lustre/orion/world-shared/stf243/hagertnl/CUG26/copper_run/pynamic/copper_logs/4200983/copper_address_book.txt
2026-03-12 21-09-01.378 [Info] (cu_hello_main) facility address book filename path: /sw/frontier/ums/ums046/copper/olcf_copper_addressbook.txt
2026-03-12 21-09-01.378 [Info] (cu_hello_main) output filename path: /lustre/orion/world-shared/stf243/hagertnl/CUG26/copper_run/pynamic/copper_logs/4200983/frontier02004-1358351-output.log
2026-03-12 21-09-01.378 [Debug] (cu_hello_main)  
2026-03-12 21-09-01.378 [Info] (cu_hello_main) hostname found to be: frontier04690
2026-03-12 21-09-01.378 [Debug] (process_args) -tpath was found: /
2026-03-12 21-09-01.378 [Debug] (process_args) -vpath was found: /tmp/hagertnl/copper
2026-03-12 21-09-01.378 [Debug] (process_args) -log_level was found: 6
2026-03-12 21-09-01.378 [Debug] (process_args) -log_type was found: file
2026-03-12 21-09-01.378 [Debug] (process_args) -log_output_dir was found: /lustre/orion/world-shared/stf243/hagertnl/CUG26/copper_run/pynamic/copper_logs/4200983
2026-03-12 21-09-01.378 [Debug] (process_args) -net_type was found: cxi://cxi1
2026-03-12 21-09-01.378 [Debug] (process_args) -trees was found: 1
2026-03-12 21-09-01.378 [Debug] (process_args) -nf was found: /lustre/orion/world-shared/stf243/hagertnl/CUG26/copper_run/pynamic/copper_logs/4200983/node_file.txt
2026-03-12 21-09-01.378 [Debug] (process_args) -max_cacheable_byte_size was found: 10485760
2026-03-12 21-09-01.378 [Debug] (process_args) -facility_address_book was found: /sw/frontier/ums/ums046/copper/olcf_copper_addressbook.txt
2026-03-12 21-09-01.378 [Info] (cu_hello_main) copper address located at path: /lustre/orion/world-shared/stf243/hagertnl/CUG26/copper_run/pynamic/copper_logs/4200983/copper_address_book.txt
2026-03-12 21-09-01.378 [Info] (cu_hello_main) facility address book filename path: /sw/frontier/ums/ums046/copper/olcf_copper_addressbook.txt
2026-03-12 21-09-01.378 [Info] (cu_hello_main) output filename path: /lustre/orion/world-shared/stf243/hagertnl/CUG26/copper_run/pynamic/copper_logs/4200983/frontier04690-442194-output.log
2026-03-12 21-09-01.379 [Debug] (cu_hello_main)  
2026-03-12 21-09-01.379 [Info] (cu_hello_main) hostname found to be: frontier05968
2026-03-12 21-09-01.379 [Debug] (process_args) -tpath was found: /
2026-03-12 21-09-01.379 [Debug] (process_args) -vpath was found: /tmp/hagertnl/copper
2026-03-12 21-09-01.379 [Debug] (process_args) -log_level was found: 6
2026-03-12 21-09-01.379 [Debug] (process_args) -log_type was found: file
2026-03-12 21-09-01.379 [Debug] (process_args) -log_output_dir was found: /lustre/orion/world-shared/stf243/hagertnl/CUG26/copper_run/pynamic/copper_logs/4200983
2026-03-12 21-09-01.379 [Debug] (process_args) -net_type was found: cxi://cxi1
2026-03-12 21-09-01.379 [Debug] (process_args) -trees was found: 1
2026-03-12 21-09-01.379 [Debug] (process_args) -nf was found: /lustre/orion/world-shared/stf243/hagertnl/CUG26/copper_run/pynamic/copper_logs/4200983/node_file.txt
2026-03-12 21-09-01.379 [Debug] (process_args) -max_cacheable_byte_size was found: 10485760
2026-03-12 21-09-01.379 [Debug] (process_args) -facility_address_book was found: /sw/frontier/ums/ums046/copper/olcf_copper_addressbook.txt
2026-03-12 21-09-01.379 [Info] (cu_hello_main) copper address located at path: /lustre/orion/world-shared/stf243/hagertnl/CUG26/copper_run/pynamic/copper_logs/4200983/copper_address_book.txt
2026-03-12 21-09-01.379 [Info] (cu_hello_main) facility address book filename path: /sw/frontier/ums/ums046/copper/olcf_copper_addressbook.txt
2026-03-12 21-09-01.379 [Info] (cu_hello_main) output filename path: /lustre/orion/world-shared/stf243/hagertnl/CUG26/copper_run/pynamic/copper_logs/4200983/frontier05968-540341-output.log
2026-03-12 21-09-01.394 [Debug] (cu_hello_main)  
2026-03-12 21-09-01.394 [Info] (cu_hello_main) hostname found to be: frontier05587
2026-03-12 21-09-01.394 [Debug] (process_args) -tpath was found: /
2026-03-12 21-09-01.394 [Debug] (process_args) -vpath was found: /tmp/hagertnl/copper
2026-03-12 21-09-01.394 [Debug] (process_args) -log_level was found: 6
2026-03-12 21-09-01.394 [Debug] (process_args) -log_type was found: file
2026-03-12 21-09-01.394 [Debug] (process_args) -log_output_dir was found: /lustre/orion/world-shared/stf243/hagertnl/CUG26/copper_run/pynamic/copper_logs/4200983
2026-03-12 21-09-01.394 [Debug] (process_args) -net_type was found: cxi://cxi1
2026-03-12 21-09-01.394 [Debug] (process_args) -trees was found: 1
2026-03-12 21-09-01.394 [Debug] (process_args) -nf was found: /lustre/orion/world-shared/stf243/hagertnl/CUG26/copper_run/pynamic/copper_logs/4200983/node_file.txt
2026-03-12 21-09-01.394 [Debug] (process_args) -max_cacheable_byte_size was found: 10485760
2026-03-12 21-09-01.394 [Debug] (process_args) -facility_address_book was found: /sw/frontier/ums/ums046/copper/olcf_copper_addressbook.txt
2026-03-12 21-09-01.394 [Info] (cu_hello_main) copper address located at path: /lustre/orion/world-shared/stf243/hagertnl/CUG26/copper_run/pynamic/copper_logs/4200983/copper_address_book.txt
2026-03-12 21-09-01.394 [Info] (cu_hello_main) facility address book filename path: /sw/frontier/ums/ums046/copper/olcf_copper_addressbook.txt
2026-03-12 21-09-01.394 [Info] (cu_hello_main) output filename path: /lustre/orion/world-shared/stf243/hagertnl/CUG26/copper_run/pynamic/copper_logs/4200983/frontier05587-486708-output.log
2026-03-12 21-09-01.411 [Debug] (cu_hello_main)  
2026-03-12 21-09-01.411 [Info] (cu_hello_main) hostname found to be: frontier05458
2026-03-12 21-09-01.411 [Debug] (process_args) -tpath was found: /
2026-03-12 21-09-01.412 [Debug] (process_args) -vpath was found: /tmp/hagertnl/copper
2026-03-12 21-09-01.412 [Debug] (process_args) -log_level was found: 6
2026-03-12 21-09-01.412 [Debug] (process_args) -log_type was found: file
2026-03-12 21-09-01.412 [Debug] (process_args) -log_output_dir was found: /lustre/orion/world-shared/stf243/hagertnl/CUG26/copper_run/pynamic/copper_logs/4200983
2026-03-12 21-09-01.412 [Debug] (process_args) -net_type was found: cxi://cxi1
2026-03-12 21-09-01.412 [Debug] (process_args) -trees was found: 1
2026-03-12 21-09-01.412 [Debug] (process_args) -nf was found: /lustre/orion/world-shared/stf243/hagertnl/CUG26/copper_run/pynamic/copper_logs/4200983/node_file.txt
2026-03-12 21-09-01.412 [Debug] (process_args) -max_cacheable_byte_size was found: 10485760
2026-03-12 21-09-01.412 [Debug] (process_args) -facility_address_book was found: /sw/frontier/ums/ums046/copper/olcf_copper_addressbook.txt
2026-03-12 21-09-01.412 [Info] (cu_hello_main) copper address located at path: /lustre/orion/world-shared/stf243/hagertnl/CUG26/copper_run/pynamic/copper_logs/4200983/copper_address_book.txt
2026-03-12 21-09-01.412 [Info] (cu_hello_main) facility address book filename path: /sw/frontier/ums/ums046/copper/olcf_copper_addressbook.txt
2026-03-12 21-09-01.412 [Info] (cu_hello_main) output filename path: /lustre/orion/world-shared/stf243/hagertnl/CUG26/copper_run/pynamic/copper_logs/4200983/frontier05458-1255106-output.log
2026-03-12 21-09-01.412 [Debug] (cu_hello_main)  
2026-03-12 21-09-01.412 [Info] (cu_hello_main) hostname found to be: frontier03545
2026-03-12 21-09-01.412 [Debug] (process_args) -tpath was found: /
2026-03-12 21-09-01.412 [Debug] (process_args) -vpath was found: /tmp/hagertnl/copper
2026-03-12 21-09-01.412 [Debug] (process_args) -log_level was found: 6
2026-03-12 21-09-01.412 [Debug] (process_args) -log_type was found: file
2026-03-12 21-09-01.412 [Debug] (process_args) -log_output_dir was found: /lustre/orion/world-shared/stf243/hagertnl/CUG26/copper_run/pynamic/copper_logs/4200983
2026-03-12 21-09-01.412 [Debug] (process_args) -net_type was found: cxi://cxi1
2026-03-12 21-09-01.412 [Debug] (process_args) -trees was found: 1
2026-03-12 21-09-01.412 [Debug] (process_args) -nf was found: /lustre/orion/world-shared/stf243/hagertnl/CUG26/copper_run/pynamic/copper_logs/4200983/node_file.txt
2026-03-12 21-09-01.412 [Debug] (process_args) -max_cacheable_byte_size was found: 10485760
2026-03-12 21-09-01.412 [Debug] (process_args) -facility_address_book was found: /sw/frontier/ums/ums046/copper/olcf_copper_addressbook.txt
2026-03-12 21-09-01.412 [Info] (cu_hello_main) copper address located at path: /lustre/orion/world-shared/stf243/hagertnl/CUG26/copper_run/pynamic/copper_logs/4200983/copper_address_book.txt
2026-03-12 21-09-01.412 [Info] (cu_hello_main) facility address book filename path: /sw/frontier/ums/ums046/copper/olcf_copper_addressbook.txt
2026-03-12 21-09-01.412 [Info] (cu_hello_main) output filename path: /lustre/orion/world-shared/stf243/hagertnl/CUG26/copper_run/pynamic/copper_logs/4200983/frontier03545-755215-output.log
2026-03-12 21-09-01.412 [Debug] (cu_hello_main)  
2026-03-12 21-09-01.412 [Info] (cu_hello_main) hostname found to be: frontier00598
2026-03-12 21-09-01.412 [Debug] (process_args) -tpath was found: /
2026-03-12 21-09-01.412 [Debug] (process_args) -vpath was found: /tmp/hagertnl/copper
2026-03-12 21-09-01.412 [Debug] (process_args) -log_level was found: 6
2026-03-12 21-09-01.412 [Debug] (process_args) -log_type was found: file
2026-03-12 21-09-01.412 [Debug] (process_args) -log_output_dir was found: /lustre/orion/world-shared/stf243/hagertnl/CUG26/copper_run/pynamic/copper_logs/4200983
2026-03-12 21-09-01.412 [Debug] (process_args) -net_type was found: cxi://cxi1
2026-03-12 21-09-01.412 [Debug] (process_args) -trees was found: 1
2026-03-12 21-09-01.412 [Debug] (cu_hello_main)  
2026-03-12 21-09-01.412 [Info] (cu_hello_main) hostname found to be: frontier03794
2026-03-12 21-09-01.412 [Debug] (process_args) -nf was found: /lustre/orion/world-shared/stf243/hagertnl/CUG26/copper_run/pynamic/copper_logs/4200983/node_file.txt
2026-03-12 21-09-01.412 [Debug] (process_args) -max_cacheable_byte_size was found: 10485760
2026-03-12 21-09-01.412 [Debug] (process_args) -facility_address_book was found: /sw/frontier/ums/ums046/copper/olcf_copper_addressbook.txt
2026-03-12 21-09-01.412 [Debug] (process_args) -tpath was found: /
2026-03-12 21-09-01.412 [Debug] (process_args) -vpath was found: /tmp/hagertnl/copper
2026-03-12 21-09-01.412 [Info] (cu_hello_main) copper address located at path: /lustre/orion/world-shared/stf243/hagertnl/CUG26/copper_run/pynamic/copper_logs/4200983/copper_address_book.txt
2026-03-12 21-09-01.412 [Info] (cu_hello_main) facility address book filename path: /sw/frontier/ums/ums046/copper/olcf_copper_addressbook.txt
2026-03-12 21-09-01.412 [Debug] (process_args) -log_level was found: 6
2026-03-12 21-09-01.412 [Debug] (process_args) -log_type was found: file
2026-03-12 21-09-01.412 [Debug] (process_args) -log_output_dir was found: /lustre/orion/world-shared/stf243/hagertnl/CUG26/copper_run/pynamic/copper_logs/4200983
2026-03-12 21-09-01.412 [Debug] (process_args) -net_type was found: cxi://cxi1
2026-03-12 21-09-01.412 [Debug] (process_args) -trees was found: 1
2026-03-12 21-09-01.412 [Info] (cu_hello_main) output filename path: /lustre/orion/world-shared/stf243/hagertnl/CUG26/copper_run/pynamic/copper_logs/4200983/frontier00598-2118633-output.log
2026-03-12 21-09-01.412 [Debug] (process_args) -nf was found: /lustre/orion/world-shared/stf243/hagertnl/CUG26/copper_run/pynamic/copper_logs/4200983/node_file.txt
2026-03-12 21-09-01.412 [Debug] (process_args) -max_cacheable_byte_size was found: 10485760
2026-03-12 21-09-01.412 [Debug] (process_args) -facility_address_book was found: /sw/frontier/ums/ums046/copper/olcf_copper_addressbook.txt
2026-03-12 21-09-01.412 [Info] (cu_hello_main) copper address located at path: /lustre/orion/world-shared/stf243/hagertnl/CUG26/copper_run/pynamic/copper_logs/4200983/copper_address_book.txt
2026-03-12 21-09-01.412 [Info] (cu_hello_main) facility address book filename path: /sw/frontier/ums/ums046/copper/olcf_copper_addressbook.txt
2026-03-12 21-09-01.412 [Debug] (cu_hello_main)  
2026-03-12 21-09-01.412 [Info] (cu_hello_main) hostname found to be: frontier03922
2026-03-12 21-09-01.412 [Debug] (process_args) -tpath was found: /
2026-03-12 21-09-01.412 [Debug] (process_args) -vpath was found: /tmp/hagertnl/copper
2026-03-12 21-09-01.412 [Debug] (process_args) -log_level was found: 6
2026-03-12 21-09-01.412 [Info] (cu_hello_main) output filename path: /lustre/orion/world-shared/stf243/hagertnl/CUG26/copper_run/pynamic/copper_logs/4200983/frontier03794-1125916-output.log
2026-03-12 21-09-01.412 [Debug] (process_args) -log_type was found: file
2026-03-12 21-09-01.412 [Debug] (process_args) -log_output_dir was found: /lustre/orion/world-shared/stf243/hagertnl/CUG26/copper_run/pynamic/copper_logs/4200983
2026-03-12 21-09-01.412 [Debug] (process_args) -net_type was found: cxi://cxi1
2026-03-12 21-09-01.412 [Debug] (process_args) -trees was found: 1
2026-03-12 21-09-01.412 [Debug] (process_args) -nf was found: /lustre/orion/world-shared/stf243/hagertnl/CUG26/copper_run/pynamic/copper_logs/4200983/node_file.txt
2026-03-12 21-09-01.412 [Debug] (process_args) -max_cacheable_byte_size was found: 10485760
2026-03-12 21-09-01.412 [Debug] (process_args) -facility_address_book was found: /sw/frontier/ums/ums046/copper/olcf_copper_addressbook.txt
2026-03-12 21-09-01.412 [Info] (cu_hello_main) copper address located at path: /lustre/orion/world-shared/stf243/hagertnl/CUG26/copper_run/pynamic/copper_logs/4200983/copper_address_book.txt
2026-03-12 21-09-01.412 [Info] (cu_hello_main) facility address book filename path: /sw/frontier/ums/ums046/copper/olcf_copper_addressbook.txt
2026-03-12 21-09-01.412 [Info] (cu_hello_main) output filename path: /lustre/orion/world-shared/stf243/hagertnl/CUG26/copper_run/pynamic/copper_logs/4200983/frontier03922-604951-output.log
2026-03-12 21-09-01.463 [Debug] (cu_hello_main)  
2026-03-12 21-09-01.463 [Info] (cu_hello_main) hostname found to be: frontier04816
2026-03-12 21-09-01.463 [Debug] (process_args) -tpath was found: /
2026-03-12 21-09-01.463 [Debug] (process_args) -vpath was found: /tmp/hagertnl/copper
2026-03-12 21-09-01.463 [Debug] (process_args) -log_level was found: 6
2026-03-12 21-09-01.463 [Debug] (process_args) -log_type was found: file
2026-03-12 21-09-01.463 [Debug] (process_args) -log_output_dir was found: /lustre/orion/world-shared/stf243/hagertnl/CUG26/copper_run/pynamic/copper_logs/4200983
2026-03-12 21-09-01.463 [Debug] (process_args) -net_type was found: cxi://cxi1
2026-03-12 21-09-01.463 [Debug] (process_args) -trees was found: 1
2026-03-12 21-09-01.463 [Debug] (process_args) -nf was found: /lustre/orion/world-shared/stf243/hagertnl/CUG26/copper_run/pynamic/copper_logs/4200983/node_file.txt
2026-03-12 21-09-01.463 [Debug] (process_args) -max_cacheable_byte_size was found: 10485760
2026-03-12 21-09-01.463 [Debug] (cu_hello_main)  
2026-03-12 21-09-01.463 [Info] (cu_hello_main) hostname found to be: frontier03159
2026-03-12 21-09-01.463 [Debug] (process_args) -facility_address_book was found: /sw/frontier/ums/ums046/copper/olcf_copper_addressbook.txt
2026-03-12 21-09-01.463 [Info] (cu_hello_main) copper address located at path: /lustre/orion/world-shared/stf243/hagertnl/CUG26/copper_run/pynamic/copper_logs/4200983/copper_address_book.txt
2026-03-12 21-09-01.463 [Info] (cu_hello_main) facility address book filename path: /sw/frontier/ums/ums046/copper/olcf_copper_addressbook.txt
2026-03-12 21-09-01.463 [Debug] (process_args) -tpath was found: /
2026-03-12 21-09-01.463 [Debug] (process_args) -vpath was found: /tmp/hagertnl/copper
2026-03-12 21-09-01.463 [Debug] (process_args) -log_level was found: 6
2026-03-12 21-09-01.463 [Debug] (process_args) -log_type was found: file
2026-03-12 21-09-01.463 [Debug] (process_args) -log_output_dir was found: /lustre/orion/world-shared/stf243/hagertnl/CUG26/copper_run/pynamic/copper_logs/4200983
2026-03-12 21-09-01.463 [Debug] (process_args) -net_type was found: cxi://cxi1
2026-03-12 21-09-01.463 [Info] (cu_hello_main) output filename path: /lustre/orion/world-shared/stf243/hagertnl/CUG26/copper_run/pynamic/copper_logs/4200983/frontier04816-325675-output.log
2026-03-12 21-09-01.463 [Debug] (process_args) -trees was found: 1
2026-03-12 21-09-01.463 [Debug] (process_args) -nf was found: /lustre/orion/world-shared/stf243/hagertnl/CUG26/copper_run/pynamic/copper_logs/4200983/node_file.txt
2026-03-12 21-09-01.463 [Debug] (process_args) -max_cacheable_byte_size was found: 10485760
2026-03-12 21-09-01.463 [Debug] (process_args) -facility_address_book was found: /sw/frontier/ums/ums046/copper/olcf_copper_addressbook.txt
2026-03-12 21-09-01.463 [Info] (cu_hello_main) copper address located at path: /lustre/orion/world-shared/stf243/hagertnl/CUG26/copper_run/pynamic/copper_logs/4200983/copper_address_book.txt
2026-03-12 21-09-01.463 [Info] (cu_hello_main) facility address book filename path: /sw/frontier/ums/ums046/copper/olcf_copper_addressbook.txt
2026-03-12 21-09-01.463 [Info] (cu_hello_main) output filename path: /lustre/orion/world-shared/stf243/hagertnl/CUG26/copper_run/pynamic/copper_logs/4200983/frontier03159-901248-output.log
2026-03-12 21-09-01.494 [Debug] (cu_hello_main)  
2026-03-12 21-09-01.494 [Info] (cu_hello_main) hostname found to be: frontier02261
2026-03-12 21-09-01.494 [Debug] (process_args) -tpath was found: /
2026-03-12 21-09-01.494 [Debug] (process_args) -vpath was found: /tmp/hagertnl/copper
2026-03-12 21-09-01.494 [Debug] (process_args) -log_level was found: 6
2026-03-12 21-09-01.494 [Debug] (process_args) -log_type was found: file
2026-03-12 21-09-01.494 [Debug] (process_args) -log_output_dir was found: /lustre/orion/world-shared/stf243/hagertnl/CUG26/copper_run/pynamic/copper_logs/4200983
2026-03-12 21-09-01.494 [Debug] (process_args) -net_type was found: cxi://cxi1
2026-03-12 21-09-01.494 [Debug] (process_args) -trees was found: 1
2026-03-12 21-09-01.494 [Debug] (process_args) -nf was found: /lustre/orion/world-shared/stf243/hagertnl/CUG26/copper_run/pynamic/copper_logs/4200983/node_file.txt
2026-03-12 21-09-01.494 [Debug] (process_args) -max_cacheable_byte_size was found: 10485760
2026-03-12 21-09-01.494 [Debug] (process_args) -facility_address_book was found: /sw/frontier/ums/ums046/copper/olcf_copper_addressbook.txt
2026-03-12 21-09-01.494 [Info] (cu_hello_main) copper address located at path: /lustre/orion/world-shared/stf243/hagertnl/CUG26/copper_run/pynamic/copper_logs/4200983/copper_address_book.txt
2026-03-12 21-09-01.494 [Info] (cu_hello_main) facility address book filename path: /sw/frontier/ums/ums046/copper/olcf_copper_addressbook.txt
2026-03-12 21-09-01.494 [Info] (cu_hello_main) output filename path: /lustre/orion/world-shared/stf243/hagertnl/CUG26/copper_run/pynamic/copper_logs/4200983/frontier02261-2083535-output.log
+ echo 'Launching Copper Gracefully On All Nodes : End'
Launching Copper Gracefully On All Nodes : End
+ export LD_LIBRARY_PATH=/tmp/hagertnl/copper/lustre/orion/stf243/world-shared/hagertnl/CUG26/benchmark_builds/pynamic/pynamic-pyMPI-2.6a1_util_495_280/:/opt/cray/pe/mpich/9.0.1/ofi/amd/6.0/lib:/opt/cray/pe/mpich/9.0.1/gtl/lib:/opt/cray/pe/libsci/25.09.0/AMD/6.0/x86_64/lib:/opt/cray/pe/perftools/25.09.0/lib64:/opt/cray/pe/pmi/6.1.16/lib:/opt/cray/pe/dsmml/0.3.1/dsmml/lib:/opt/cray/libfabric/1.22.0/lib64:/opt/rocm-6.4.2/lib/roctracer:/opt/rocm-6.4.2/lib/rocprofiler:/opt/rocm-6.4.2/lib:/sw/frontier/spack-envs/cpe25.09-cpu/opt/llvm-amdgpu-6.4.2/darshan-runtime-3.4.7-tvdocpzv3jfj4y6ki5jvmmkics323gon/lib:/opt/rocm-6.4.2/llvm/lib:/opt/cray/pe/papi/7.2.0.2/lib64
+ LD_LIBRARY_PATH=/tmp/hagertnl/copper/lustre/orion/stf243/world-shared/hagertnl/CUG26/benchmark_builds/pynamic/pynamic-pyMPI-2.6a1_util_495_280/:/opt/cray/pe/mpich/9.0.1/ofi/amd/6.0/lib:/opt/cray/pe/mpich/9.0.1/gtl/lib:/opt/cray/pe/libsci/25.09.0/AMD/6.0/x86_64/lib:/opt/cray/pe/perftools/25.09.0/lib64:/opt/cray/pe/pmi/6.1.16/lib:/opt/cray/pe/dsmml/0.3.1/dsmml/lib:/opt/cray/libfabric/1.22.0/lib64:/opt/rocm-6.4.2/lib/roctracer:/opt/rocm-6.4.2/lib/rocprofiler:/opt/rocm-6.4.2/lib:/sw/frontier/spack-envs/cpe25.09-cpu/opt/llvm-amdgpu-6.4.2/darshan-runtime-3.4.7-tvdocpzv3jfj4y6ki5jvmmkics323gon/lib:/opt/rocm-6.4.2/llvm/lib:/opt/cray/pe/papi/7.2.0.2/lib64
+ export LD_LIBRARY_PATH=/tmp/hagertnl/copper/lustre/orion/stf243/world-shared/hagertnl/CUG26/benchmark_builds/python-mpi4py/conda_env/lib:/tmp/hagertnl/copper/lustre/orion/stf243/world-shared/hagertnl/CUG26/benchmark_builds/pynamic/pynamic-pyMPI-2.6a1_util_495_280/:/opt/cray/pe/mpich/9.0.1/ofi/amd/6.0/lib:/opt/cray/pe/mpich/9.0.1/gtl/lib:/opt/cray/pe/libsci/25.09.0/AMD/6.0/x86_64/lib:/opt/cray/pe/perftools/25.09.0/lib64:/opt/cray/pe/pmi/6.1.16/lib:/opt/cray/pe/dsmml/0.3.1/dsmml/lib:/opt/cray/libfabric/1.22.0/lib64:/opt/rocm-6.4.2/lib/roctracer:/opt/rocm-6.4.2/lib/rocprofiler:/opt/rocm-6.4.2/lib:/sw/frontier/spack-envs/cpe25.09-cpu/opt/llvm-amdgpu-6.4.2/darshan-runtime-3.4.7-tvdocpzv3jfj4y6ki5jvmmkics323gon/lib:/opt/rocm-6.4.2/llvm/lib:/opt/cray/pe/papi/7.2.0.2/lib64
+ LD_LIBRARY_PATH=/tmp/hagertnl/copper/lustre/orion/stf243/world-shared/hagertnl/CUG26/benchmark_builds/python-mpi4py/conda_env/lib:/tmp/hagertnl/copper/lustre/orion/stf243/world-shared/hagertnl/CUG26/benchmark_builds/pynamic/pynamic-pyMPI-2.6a1_util_495_280/:/opt/cray/pe/mpich/9.0.1/ofi/amd/6.0/lib:/opt/cray/pe/mpich/9.0.1/gtl/lib:/opt/cray/pe/libsci/25.09.0/AMD/6.0/x86_64/lib:/opt/cray/pe/perftools/25.09.0/lib64:/opt/cray/pe/pmi/6.1.16/lib:/opt/cray/pe/dsmml/0.3.1/dsmml/lib:/opt/cray/libfabric/1.22.0/lib64:/opt/rocm-6.4.2/lib/roctracer:/opt/rocm-6.4.2/lib/rocprofiler:/opt/rocm-6.4.2/lib:/sw/frontier/spack-envs/cpe25.09-cpu/opt/llvm-amdgpu-6.4.2/darshan-runtime-3.4.7-tvdocpzv3jfj4y6ki5jvmmkics323gon/lib:/opt/rocm-6.4.2/llvm/lib:/opt/cray/pe/papi/7.2.0.2/lib64
++ seq 1 5
+ for i in $(seq 1 5)
+ srun -N 64 -n 512 -c 2 --ntasks-per-node=8 --gpus-per-node=8 --gpu-bind=closest --network=single_node_vni,job_vni /tmp/hagertnl/copper/lustre/orion/stf243/world-shared/hagertnl/CUG26/benchmark_builds/pynamic/pynamic-pyMPI-2.6a1_util_495_280//pynamic-bigexe-mpi4py pynamic_driver_mpi4py.py
+ grep -v 'rank -'
Pynamic: Version 1.3.3
Pynamic: run on 03/12/26 21:09:28 with 512 MPI tasks

Pynamic: driver beginning... now importing modules
Pynamic: driver finished importing all modules..
Pynamic: module import time = 4.233599662780762 secs
Pynamic: module test passed!

+ for i in $(seq 1 5)
+ srun -N 64 -n 512 -c 2 --ntasks-per-node=8 --gpus-per-node=8 --gpu-bind=closest --network=single_node_vni,job_vni /tmp/hagertnl/copper/lustre/orion/stf243/world-shared/hagertnl/CUG26/benchmark_builds/pynamic/pynamic-pyMPI-2.6a1_util_495_280//pynamic-bigexe-mpi4py pynamic_driver_mpi4py.py
+ grep -v 'rank -'
srun: Step created for StepId=4200983.2
Pynamic: Version 1.3.3
Pynamic: run on 03/12/26 21:09:36 with 512 MPI tasks

Pynamic: driver beginning... now importing modules
Pynamic: driver finished importing all modules..
Pynamic: module import time = 3.972811698913574 secs
Pynamic: module test passed!

+ for i in $(seq 1 5)
+ srun -N 64 -n 512 -c 2 --ntasks-per-node=8 --gpus-per-node=8 --gpu-bind=closest --network=single_node_vni,job_vni /tmp/hagertnl/copper/lustre/orion/stf243/world-shared/hagertnl/CUG26/benchmark_builds/pynamic/pynamic-pyMPI-2.6a1_util_495_280//pynamic-bigexe-mpi4py pynamic_driver_mpi4py.py
+ grep -v 'rank -'
srun: Step created for StepId=4200983.3
Pynamic: Version 1.3.3
Pynamic: run on 03/12/26 21:09:43 with 512 MPI tasks

Pynamic: driver beginning... now importing modules
Pynamic: driver finished importing all modules..
Pynamic: module import time = 3.8233115673065186 secs
Pynamic: module test passed!

+ for i in $(seq 1 5)
+ srun -N 64 -n 512 -c 2 --ntasks-per-node=8 --gpus-per-node=8 --gpu-bind=closest --network=single_node_vni,job_vni /tmp/hagertnl/copper/lustre/orion/stf243/world-shared/hagertnl/CUG26/benchmark_builds/pynamic/pynamic-pyMPI-2.6a1_util_495_280//pynamic-bigexe-mpi4py pynamic_driver_mpi4py.py
+ grep -v 'rank -'
srun: Step created for StepId=4200983.4
Pynamic: Version 1.3.3
Pynamic: run on 03/12/26 21:10:11 with 512 MPI tasks

Pynamic: driver beginning... now importing modules
Pynamic: driver finished importing all modules..
Pynamic: module import time = 3.947688341140747 secs
Pynamic: module test passed!

+ for i in $(seq 1 5)
+ srun -N 64 -n 512 -c 2 --ntasks-per-node=8 --gpus-per-node=8 --gpu-bind=closest --network=single_node_vni,job_vni /tmp/hagertnl/copper/lustre/orion/stf243/world-shared/hagertnl/CUG26/benchmark_builds/pynamic/pynamic-pyMPI-2.6a1_util_495_280//pynamic-bigexe-mpi4py pynamic_driver_mpi4py.py
+ grep -v 'rank -'
Pynamic: Version 1.3.3
Pynamic: run on 03/12/26 21:10:19 with 512 MPI tasks

Pynamic: driver beginning... now importing modules
Pynamic: driver finished importing all modules..
Pynamic: module import time = 148.42669820785522 secs
Pynamic: module test passed!

+ set +x
+ '[' -z '' ']'
+ case "$-" in
+ __lmod_vx=x
+ '[' -n x ']'
+ set +x
Shell debugging temporarily silenced: export LMOD_SH_DBG_ON=1 for this output (/opt/cray/pe/lmod/lmod/init/bash)
Shell debugging restarted
+ unset __lmod_vx
+ log_dir=/ccs/home/hagertnl/copper-logs/4200983
+ getopts d: opt
+ case ${opt} in
+ log_dir=/lustre/orion/world-shared/stf243/hagertnl/CUG26/copper_run/pynamic/copper_logs/4200983
+ getopts d: opt
+ SLURM_NODEFILE=/lustre/orion/world-shared/stf243/hagertnl/CUG26/copper_run/pynamic/copper_logs/4200983/node_file.txt
+ echo 'Stopping Copper Gracefully On All Nodes : Start'
Stopping Copper Gracefully On All Nodes : Start
+ CU_FUSE_MNT_VIEWDIR=/tmp/hagertnl/copper
+ clush --hostfile /lustre/orion/world-shared/stf243/hagertnl/CUG26/copper_run/pynamic/copper_logs/4200983/node_file.txt 'pkill -9 cu_fuse'
srun: error: frontier00598: task 4: Killed
srun: Terminating StepId=4200983.0
slurmstepd: error: *** STEP 4200983.0 ON frontier00080 CANCELLED AT 2026-03-12T21:13:09 ***
srun: error: frontier00342: task 2: Killed
srun: error: frontier05968: task 46: Killed
srun: error: frontier06478: task 50: Killed
srun: error: frontier05073: task 39: Killed
srun: error: frontier03545: task 27: Killed
srun: error: frontier06970: task 54: Killed
srun: error: frontier06864: task 53: Exited with exit code 7
srun: error: frontier07884: task 61: Killed
srun: error: frontier02004: task 15: Killed
srun: error: frontier05704: task 44: Killed
srun: error: frontier05587: task 43: Exited with exit code 7
srun: error: frontier06607: task 51: Killed
srun: error: frontier07999: task 62: Exited with exit code 7
srun: error: frontier06350: task 49: Killed
srun: error: frontier05328: task 41: Exited with exit code 7
srun: error: frontier02261: task 17: Exited with exit code 7
srun: error: frontier05842: task 45: Exited with exit code 7
srun: error: frontier07628: task 59: Exited with exit code 7
srun: error: frontier01110: task 8: Exited with exit code 7
srun: error: frontier01877: task 14: Exited with exit code 7
srun: error: frontier05458: task 42: Exited with exit code 7
srun: error: frontier07245: task 56: Exited with exit code 7
srun: error: frontier03669: task 28: Exited with exit code 7
srun: error: frontier03794: task 29: Exited with exit code 7
srun: error: frontier04050: task 31: Exited with exit code 7
srun: error: frontier04816: task 37: Exited with exit code 7
srun: error: frontier00852: task 6: Exited with exit code 7
srun: error: frontier01238: task 9: Exited with exit code 7
srun: error: frontier01372: task 10: Exited with exit code 7
srun: error: frontier02390: task 18: Exited with exit code 7
srun: error: frontier04562: task 35: Exited with exit code 7
srun: error: frontier00982: task 7: Killed
srun: error: frontier03418: task 26: Exited with exit code 7
srun: error: frontier06729: task 52: Exited with exit code 7
srun: error: frontier07743: task 60: Exited with exit code 7
srun: error: frontier07482: task 58: Exited with exit code 7
srun: error: frontier02522: task 19: Exited with exit code 7
srun: error: frontier07085: task 55: Exited with exit code 7
srun: error: frontier02136: task 16: Exited with exit code 7
srun: error: frontier00080: task 0: Exited with exit code 7
srun: error: frontier05202: task 40: Exited with exit code 7
srun: error: frontier04433: task 34: Exited with exit code 7
srun: error: frontier06215: task 48: Exited with exit code 7
srun: error: frontier04181: task 32: Exited with exit code 7
srun: error: frontier04309: task 33: Killed
srun: error: frontier06094: task 47: Exited with exit code 7
srun: error: frontier03159: task 24: Exited with exit code 7
srun: error: frontier01749: task 13: Exited with exit code 7
srun: error: frontier02905: task 22: Exited with exit code 7
srun: error: frontier04690: task 36: Killed
clush: frontier07245: exited with exit code 1
srun: error: frontier02781: task 21: Exited with exit code 7
srun: error: frontier08133: task 63: Exited with exit code 7
clush: frontier06729: exited with exit code 1
srun: error: frontier00470: task 3: Exited with exit code 7
srun: error: frontier01622: task 12: Exited with exit code 7
clush: frontier05328: exited with exit code 1
srun: error: frontier04945: task 38: Exited with exit code 7
clush: frontier07482: exited with exit code 1
srun: error: frontier00727: task 5: Exited with exit code 7
clush: frontier00852: exited with exit code 1
srun: error: frontier03035: task 23: Exited with exit code 7
clush: frontier00080: exited with exit code 1
srun: error: frontier03290: task 25: Exited with exit code 7
clush: frontier01749: exited with exit code 1
srun: error: frontier00221: task 1: Exited with exit code 7
clush: frontier03418: exited with exit code 1
srun: error: frontier03922: task 30: Exited with exit code 7
clush: frontier02261: exited with exit code 1
clush: frontier06094: exited with exit code 1
clush: frontier05842: exited with exit code 1
srun: error: frontier01493: task 11: Exited with exit code 7
clush: frontier05458: exited with exit code 1
srun: error: frontier07374: task 57: Exited with exit code 7
clush: frontier07999: exited with exit code 1
srun: error: frontier02646: task 20: Exited with exit code 7
srun: Force Terminated StepId=4200983.0
clush: frontier05587: exited with exit code 1
clush: frontier02905: exited with exit code 1
clush: frontier08133: exited with exit code 1
clush: frontier07085: exited with exit code 1
clush: frontier04562: exited with exit code 1
clush: frontier02390: exited with exit code 1
clush: frontier04945: exited with exit code 1
clush: frontier01372: exited with exit code 1
clush: frontier00727: exited with exit code 1
clush: frontier04816: exited with exit code 1
+ clush --hostfile /lustre/orion/world-shared/stf243/hagertnl/CUG26/copper_run/pynamic/copper_logs/4200983/node_file.txt 'fusermount3 -u /tmp/hagertnl/copper'
frontier00982: fusermount3: entry for /tmp/hagertnl/copper not found in /etc/mtab
clush: frontier00982: exited with exit code 1
frontier01110: fusermount3: entry for /tmp/hagertnl/copper not found in /etc/mtab
clush: frontier01110: exited with exit code 1
frontier06215: fusermount3: entry for /tmp/hagertnl/copper not found in /etc/mtab
clush: frontier06215: exited with exit code 1
frontier06350: fusermount3: entry for /tmp/hagertnl/copper not found in /etc/mtab
clush: frontier06350: exited with exit code 1
frontier01372: fusermount3: entry for /tmp/hagertnl/copper not found in /etc/mtab
clush: frontier01372: exited with exit code 1
frontier02522: fusermount3: entry for /tmp/hagertnl/copper not found in /etc/mtab
clush: frontier02522: exited with exit code 1
frontier03669: fusermount3: entry for /tmp/hagertnl/copper not found in /etc/mtab
clush: frontier03669: exited with exit code 1
frontier07245: fusermount3: entry for /tmp/hagertnl/copper not found in /etc/mtab
clush: frontier07245: exited with exit code 1
frontier06864: fusermount3: entry for /tmp/hagertnl/copper not found in /etc/mtab
clush: frontier06864: exited with exit code 1
frontier03418: fusermount3: entry for /tmp/hagertnl/copper not found in /etc/mtab
clush: frontier03418: exited with exit code 1
frontier02646: fusermount3: entry for /tmp/hagertnl/copper not found in /etc/mtab
clush: frontier02646: exited with exit code 1
frontier04690: fusermount3: entry for /tmp/hagertnl/copper not found in /etc/mtab
clush: frontier04690: exited with exit code 1
frontier04050: fusermount3: entry for /tmp/hagertnl/copper not found in /etc/mtab
clush: frontier04050: exited with exit code 1
frontier03922: fusermount3: entry for /tmp/hagertnl/copper not found in /etc/mtab
clush: frontier03922: exited with exit code 1
frontier01493: fusermount3: entry for /tmp/hagertnl/copper not found in /etc/mtab
clush: frontier01493: exited with exit code 1
frontier07743: fusermount3: entry for /tmp/hagertnl/copper not found in /etc/mtab
clush: frontier07743: exited with exit code 1
frontier02781: fusermount3: entry for /tmp/hagertnl/copper not found in /etc/mtab
clush: frontier02781: exited with exit code 1
frontier07482: fusermount3: entry for /tmp/hagertnl/copper not found in /etc/mtab
clush: frontier07482: exited with exit code 1
frontier05202: fusermount3: entry for /tmp/hagertnl/copper not found in /etc/mtab
clush: frontier05202: exited with exit code 1
frontier02390: fusermount3: entry for /tmp/hagertnl/copper not found in /etc/mtab
clush: frontier02390: exited with exit code 1
frontier05458: fusermount3: entry for /tmp/hagertnl/copper not found in /etc/mtab
clush: frontier05458: exited with exit code 1
frontier04562: fusermount3: entry for /tmp/hagertnl/copper not found in /etc/mtab
clush: frontier04562: exited with exit code 1
frontier05587: fusermount3: entry for /tmp/hagertnl/copper not found in /etc/mtab
clush: frontier05587: exited with exit code 1
frontier06729: fusermount3: entry for /tmp/hagertnl/copper not found in /etc/mtab
clush: frontier06729: exited with exit code 1
frontier02004: fusermount3: entry for /tmp/hagertnl/copper not found in /etc/mtab
clush: frontier02004: exited with exit code 1
frontier01749: fusermount3: entry for /tmp/hagertnl/copper not found in /etc/mtab
clush: frontier01749: exited with exit code 1
frontier04181: fusermount3: entry for /tmp/hagertnl/copper not found in /etc/mtab
clush: frontier04181: exited with exit code 1
frontier07374: fusermount3: entry for /tmp/hagertnl/copper not found in /etc/mtab
clush: frontier07374: exited with exit code 1
frontier01877: fusermount3: entry for /tmp/hagertnl/copper not found in /etc/mtab
clush: frontier01877: exited with exit code 1
frontier07999: fusermount3: entry for /tmp/hagertnl/copper not found in /etc/mtab
clush: frontier07999: exited with exit code 1
frontier04309: fusermount3: entry for /tmp/hagertnl/copper not found in /etc/mtab
clush: frontier04309: exited with exit code 1
frontier00470: fusermount3: entry for /tmp/hagertnl/copper not found in /etc/mtab
clush: frontier00470: exited with exit code 1
frontier04816: fusermount3: entry for /tmp/hagertnl/copper not found in /etc/mtab
clush: frontier04816: exited with exit code 1
frontier06607: fusermount3: entry for /tmp/hagertnl/copper not found in /etc/mtab
clush: frontier06607: exited with exit code 1
frontier03794: fusermount3: entry for /tmp/hagertnl/copper not found in /etc/mtab
clush: frontier03794: exited with exit code 1
frontier00727: fusermount3: entry for /tmp/hagertnl/copper not found in /etc/mtab
clush: frontier00727: exited with exit code 1
frontier07085: fusermount3: entry for /tmp/hagertnl/copper not found in /etc/mtab
clush: frontier07085: exited with exit code 1
frontier07628: fusermount3: entry for /tmp/hagertnl/copper not found in /etc/mtab
clush: frontier07628: exited with exit code 1
frontier05328: fusermount3: entry for /tmp/hagertnl/copper not found in /etc/mtab
clush: frontier05328: exited with exit code 1
frontier02261: fusermount3: entry for /tmp/hagertnl/copper not found in /etc/mtab
clush: frontier02261: exited with exit code 1
frontier04433: fusermount3: entry for /tmp/hagertnl/copper not found in /etc/mtab
clush: frontier04433: exited with exit code 1
frontier01622: fusermount3: entry for /tmp/hagertnl/copper not found in /etc/mtab
clush: frontier01622: exited with exit code 1
frontier01238: fusermount3: entry for /tmp/hagertnl/copper not found in /etc/mtab
clush: frontier01238: exited with exit code 1
frontier03290: fusermount3: entry for /tmp/hagertnl/copper not found in /etc/mtab
clush: frontier03290: exited with exit code 1
frontier08133: fusermount3: entry for /tmp/hagertnl/copper not found in /etc/mtab
clush: frontier08133: exited with exit code 1
frontier06970: fusermount3: entry for /tmp/hagertnl/copper not found in /etc/mtab
clush: frontier06970: exited with exit code 1
frontier04945: fusermount3: entry for /tmp/hagertnl/copper not found in /etc/mtab
clush: frontier04945: exited with exit code 1
frontier03035: fusermount3: entry for /tmp/hagertnl/copper not found in /etc/mtab
clush: frontier03035: exited with exit code 1
frontier05704: fusermount3: entry for /tmp/hagertnl/copper not found in /etc/mtab
clush: frontier05704: exited with exit code 1
frontier02136: fusermount3: entry for /tmp/hagertnl/copper not found in /etc/mtab
clush: frontier02136: exited with exit code 1
frontier07884: fusermount3: entry for /tmp/hagertnl/copper not found in /etc/mtab
clush: frontier07884: exited with exit code 1
frontier02905: fusermount3: entry for /tmp/hagertnl/copper not found in /etc/mtab
clush: frontier02905: exited with exit code 1
frontier05842: fusermount3: entry for /tmp/hagertnl/copper not found in /etc/mtab
clush: frontier05842: exited with exit code 1
frontier00221: fusermount3: entry for /tmp/hagertnl/copper not found in /etc/mtab
clush: frontier00221: exited with exit code 1
frontier00852: fusermount3: entry for /tmp/hagertnl/copper not found in /etc/mtab
clush: frontier00852: exited with exit code 1
frontier03159: fusermount3: entry for /tmp/hagertnl/copper not found in /etc/mtab
clush: frontier03159: exited with exit code 1
frontier06094: fusermount3: entry for /tmp/hagertnl/copper not found in /etc/mtab
clush: frontier06094: exited with exit code 1
frontier00080: fusermount3: entry for /tmp/hagertnl/copper not found in /etc/mtab
clush: frontier00080: exited with exit code 1
+ clush --hostfile /lustre/orion/world-shared/stf243/hagertnl/CUG26/copper_run/pynamic/copper_logs/4200983/node_file.txt 'rm -rf /tmp/hagertnl/copper'
+ echo 'Stopping Copper Gracefully On All Nodes : End'
Stopping Copper Gracefully On All Nodes : End
