
Lmod is automatically replacing "cce/18.0.1" with "amd/6.2.4".


Lmod is automatically replacing "PrgEnv-cray/8.6.0" with "PrgEnv-amd/8.6.0".


Due to MODULEPATH changes, the following have been reloaded:
  1) cray-libsci/24.11.0     2) cray-mpich/8.1.31     3) darshan-runtime/3.4.6-mpi


The following have been reloaded with a version change:
  1) amd/6.2.4 => amd/6.4.2
  2) cray-dsmml/0.3.0 => cray-dsmml/0.3.1
  3) cray-libsci/24.11.0 => cray-libsci/25.09.0
  4) cray-mpich/8.1.31 => cray-mpich/9.0.1
  5) cray-pmi/6.1.15 => cray-pmi/6.1.16
  6) craype/2.7.33 => craype/2.7.35
  7) darshan-runtime/3.4.6-mpi => darshan-runtime/3.4.7-mpi
  8) perftools-base/24.11.0 => perftools-base/25.09.0

Deactivating conda environments
+ export LD_LIBRARY_PATH=/lustre/orion/stf243/world-shared/hagertnl/CUG26/benchmark_builds/pynamic/pynamic-pyMPI-2.6a1_util_495_280/:/opt/cray/pe/mpich/9.0.1/ofi/amd/6.0/lib:/opt/cray/pe/mpich/9.0.1/gtl/lib:/opt/cray/pe/libsci/25.09.0/AMD/6.0/x86_64/lib:/opt/cray/pe/perftools/25.09.0/lib64:/opt/cray/pe/pmi/6.1.16/lib:/opt/cray/pe/dsmml/0.3.1/dsmml/lib:/opt/cray/libfabric/1.22.0/lib64:/opt/rocm-6.4.2/lib/roctracer:/opt/rocm-6.4.2/lib/rocprofiler:/opt/rocm-6.4.2/lib:/sw/frontier/spack-envs/cpe25.09-cpu/opt/llvm-amdgpu-6.4.2/darshan-runtime-3.4.7-tvdocpzv3jfj4y6ki5jvmmkics323gon/lib:/opt/rocm-6.4.2/llvm/lib:/opt/cray/pe/papi/7.2.0.2/lib64
+ LD_LIBRARY_PATH=/lustre/orion/stf243/world-shared/hagertnl/CUG26/benchmark_builds/pynamic/pynamic-pyMPI-2.6a1_util_495_280/:/opt/cray/pe/mpich/9.0.1/ofi/amd/6.0/lib:/opt/cray/pe/mpich/9.0.1/gtl/lib:/opt/cray/pe/libsci/25.09.0/AMD/6.0/x86_64/lib:/opt/cray/pe/perftools/25.09.0/lib64:/opt/cray/pe/pmi/6.1.16/lib:/opt/cray/pe/dsmml/0.3.1/dsmml/lib:/opt/cray/libfabric/1.22.0/lib64:/opt/rocm-6.4.2/lib/roctracer:/opt/rocm-6.4.2/lib/rocprofiler:/opt/rocm-6.4.2/lib:/sw/frontier/spack-envs/cpe25.09-cpu/opt/llvm-amdgpu-6.4.2/darshan-runtime-3.4.7-tvdocpzv3jfj4y6ki5jvmmkics323gon/lib:/opt/rocm-6.4.2/llvm/lib:/opt/cray/pe/papi/7.2.0.2/lib64
+ export LD_LIBRARY_PATH=/lustre/orion/stf243/world-shared/hagertnl/CUG26/benchmark_builds/python-mpi4py/conda_env/lib:/lustre/orion/stf243/world-shared/hagertnl/CUG26/benchmark_builds/pynamic/pynamic-pyMPI-2.6a1_util_495_280/:/opt/cray/pe/mpich/9.0.1/ofi/amd/6.0/lib:/opt/cray/pe/mpich/9.0.1/gtl/lib:/opt/cray/pe/libsci/25.09.0/AMD/6.0/x86_64/lib:/opt/cray/pe/perftools/25.09.0/lib64:/opt/cray/pe/pmi/6.1.16/lib:/opt/cray/pe/dsmml/0.3.1/dsmml/lib:/opt/cray/libfabric/1.22.0/lib64:/opt/rocm-6.4.2/lib/roctracer:/opt/rocm-6.4.2/lib/rocprofiler:/opt/rocm-6.4.2/lib:/sw/frontier/spack-envs/cpe25.09-cpu/opt/llvm-amdgpu-6.4.2/darshan-runtime-3.4.7-tvdocpzv3jfj4y6ki5jvmmkics323gon/lib:/opt/rocm-6.4.2/llvm/lib:/opt/cray/pe/papi/7.2.0.2/lib64
+ LD_LIBRARY_PATH=/lustre/orion/stf243/world-shared/hagertnl/CUG26/benchmark_builds/python-mpi4py/conda_env/lib:/lustre/orion/stf243/world-shared/hagertnl/CUG26/benchmark_builds/pynamic/pynamic-pyMPI-2.6a1_util_495_280/:/opt/cray/pe/mpich/9.0.1/ofi/amd/6.0/lib:/opt/cray/pe/mpich/9.0.1/gtl/lib:/opt/cray/pe/libsci/25.09.0/AMD/6.0/x86_64/lib:/opt/cray/pe/perftools/25.09.0/lib64:/opt/cray/pe/pmi/6.1.16/lib:/opt/cray/pe/dsmml/0.3.1/dsmml/lib:/opt/cray/libfabric/1.22.0/lib64:/opt/rocm-6.4.2/lib/roctracer:/opt/rocm-6.4.2/lib/rocprofiler:/opt/rocm-6.4.2/lib:/sw/frontier/spack-envs/cpe25.09-cpu/opt/llvm-amdgpu-6.4.2/darshan-runtime-3.4.7-tvdocpzv3jfj4y6ki5jvmmkics323gon/lib:/opt/rocm-6.4.2/llvm/lib:/opt/cray/pe/papi/7.2.0.2/lib64
++ seq 1 5
+ for i in $(seq 1 5)
+ srun -N 2048 -n 16384 -c 7 --ntasks-per-node=8 --gpus-per-node=8 --gpu-bind=closest /lustre/orion/stf243/world-shared/hagertnl/CUG26/benchmark_builds/pynamic/pynamic-pyMPI-2.6a1_util_495_280//pynamic-bigexe-mpi4py pynamic_driver_mpi4py.py
+ grep -v 'rank -'
Pynamic: Version 1.3.3
Pynamic: run on 04/09/26 19:00:44 with 16384 MPI tasks

Pynamic: driver beginning... now importing modules
Pynamic: driver finished importing all modules..
Pynamic: module import time = 2.8164639472961426 secs
Pynamic: module test passed!

+ for i in $(seq 1 5)
+ srun -N 2048 -n 16384 -c 7 --ntasks-per-node=8 --gpus-per-node=8 --gpu-bind=closest /lustre/orion/stf243/world-shared/hagertnl/CUG26/benchmark_builds/pynamic/pynamic-pyMPI-2.6a1_util_495_280//pynamic-bigexe-mpi4py pynamic_driver_mpi4py.py
+ grep -v 'rank -'
srun: Step created for StepId=4365302.1
Thu Apr  9 19:11:08 2026: [PE_2864]:inet_connect:inet_connect: connect from frontier01633 to frontier01492 failed after 300 attempts
Thu Apr  9 19:11:08 2026: [PE_2864]:conn_to_controller:inet_connect failed
Thu Apr  9 19:11:08 2026: [PE_2864]:control_nets_join:_pmi_inet_setup (full) returned -1
pynamic-bigexe-mpi4py: ../src/mpid/common/cray/cray_pmi_utils.c:364: mpid_cray_pmi_init: Assertion `PMI2_Initialized()' failed.
Thu Apr  9 19:11:08 2026: [PE_2872]:inet_recv:inet_recv: recv error on frontier01640 from frontier01633 (fd=3) Connection reset by peer
Thu Apr  9 19:11:08 2026: [PE_2872]:_pmi_network_barrier:_pmi_inet_recv from target 0 failed pmi errno -1
Thu Apr  9 19:11:08 2026: [PE_2872]:control_nets_join:network_barrier failed
Thu Apr  9 19:11:08 2026: [PE_2873]:control_nets_join:_pmi_smp_barrier failed -1
Thu Apr  9 19:11:08 2026: [PE_2874]:control_nets_join:_pmi_smp_barrier failed -1
Thu Apr  9 19:11:08 2026: [PE_2875]:control_nets_join:_pmi_smp_barrier failed -1
Thu Apr  9 19:11:08 2026: [PE_2876]:control_nets_join:_pmi_smp_barrier failed -1
Thu Apr  9 19:11:08 2026: [PE_2877]:control_nets_join:_pmi_smp_barrier failed -1
Thu Apr  9 19:11:08 2026: [PE_2878]:control_nets_join:_pmi_smp_barrier failed -1
Thu Apr  9 19:11:08 2026: [PE_2879]:control_nets_join:_pmi_smp_barrier failed -1
pynamic-bigexe-mpi4py: ../src/mpid/common/cray/cray_pmi_utils.c:364: mpid_cray_pmi_init: Assertion `PMI2_Initialized()' failed.
pynamic-bigexe-mpi4py: ../src/mpid/common/cray/cray_pmi_utils.c:364: mpid_cray_pmi_init: Assertion `PMI2_Initialized()' failed.
pynamic-bigexe-mpi4py: ../src/mpid/common/cray/cray_pmi_utils.c:364: mpid_cray_pmi_init: Assertion `PMI2_Initialized()' failed.
pynamic-bigexe-mpi4py: ../src/mpid/common/cray/cray_pmi_utils.c:364: mpid_cray_pmi_init: Assertion `PMI2_Initialized()' failed.
pynamic-bigexe-mpi4py: ../src/mpid/common/cray/cray_pmi_utils.c:364: mpid_cray_pmi_init: Assertion `PMI2_Initialized()' failed.
pynamic-bigexe-mpi4py: ../src/mpid/common/cray/cray_pmi_utils.c:364: mpid_cray_pmi_init: Assertion `PMI2_Initialized()' failed.
pynamic-bigexe-mpi4py: ../src/mpid/common/cray/cray_pmi_utils.c:364: mpid_cray_pmi_init: Assertion `PMI2_Initialized()' failed.
pynamic-bigexe-mpi4py: ../src/mpid/common/cray/cray_pmi_utils.c:364: mpid_cray_pmi_init: Assertion `PMI2_Initialized()' failed.
Thu Apr  9 19:11:08 2026: [PE_8216]:inet_connect:inet_connect: connect from frontier04745 to frontier04741 failed after 300 attempts
Thu Apr  9 19:11:08 2026: [PE_8216]:conn_to_controller:inet_connect failed
Thu Apr  9 19:11:08 2026: [PE_8216]:control_nets_join:_pmi_inet_setup (full) returned -1
pynamic-bigexe-mpi4py: ../src/mpid/common/cray/cray_pmi_utils.c:364: mpid_cray_pmi_init: Assertion `PMI2_Initialized()' failed.
srun: error: frontier01633: task 2864: Aborted (core dumped)
srun: Terminating StepId=4365302.1
[2026-04-09T19:11:09.263] error: *** STEP 4365302.1 ON frontier00005 CANCELLED AT 2026-04-09T19:11:09 DUE TO TASK FAILURE ***
srun: error: frontier01085: tasks 1960-1962,1964-1967: Terminated
srun: error: frontier08233: tasks 14112-14116,14118-14119: Terminated
srun: error: frontier02438: tasks 4264-4269,4271: Terminated
srun: error: frontier05518: tasks 9504-9509,9511: Terminated
srun: error: frontier04136: tasks 7200-7206: Terminated
srun: error: frontier05597: tasks 9672-9675,9677-9679: Terminated
srun: error: frontier04248: tasks 7368-7372,7374-7375: Terminated
srun: error: frontier06858: tasks 11808-11813,11815: Terminated
srun: error: frontier07331: tasks 12608-12612,12614-12615: Terminated
srun: error: frontier00316: tasks 624-628,630-631: Terminated
srun: error: frontier10147: tasks 16248-16251,16253-16255: Terminated
srun: error: frontier02885: tasks 5064-5066,5068-5071: Terminated
srun: error: frontier04694: tasks 8168-8173,8175: Terminated
srun: error: frontier06064: tasks 10472-10473,10475-10479: Terminated
srun: error: frontier03760: tasks 6568-6571,6573-6575: Terminated
srun: error: frontier07831: tasks 13408-13412,13414-13415: Terminated
srun: error: frontier06446: tasks 11104-11107,11109-11111: Terminated
srun: error: frontier02030: tasks 3560-3565,3567: Terminated
srun: error: frontier01564: tasks 2760-2765,2767: Terminated
srun: error: frontier03344: tasks 5864-5869,5871: Terminated
srun: error: frontier00808: tasks 1424-1430: Terminated
srun: error: frontier05168: tasks 8968-8974: Terminated
srun: error: frontier00273: tasks 456-457,459-463: Terminated
srun: error: frontier00693: tasks 1256-1261,1263: Terminated
srun: error: frontier08717: tasks 14912-14917,14919: Terminated
srun: error: frontier02523: tasks 4360-4362,4364-4367: Terminated
srun: error: frontier09172: tasks 15712-15718: Terminated
srun: error: frontier00420: tasks 720-726: Terminated
srun: error: frontier02143: tasks 3728-3732,3734-3735: Terminated
srun: error: frontier08257: tasks 14208-14214: Terminated
srun: error: frontier06935: tasks 11904-11906,11908-11911: Terminated
srun: error: frontier02958: tasks 5160-5164,5166-5167: Terminated
srun: error: frontier03805: tasks 6664-6665,6667-6671: Terminated
srun: error: frontier01261: tasks 2224-2230: Terminated
srun: error: frontier06153: tasks 10568-10574: Terminated
srun: error: frontier01755: tasks 3025-3031: Terminated
srun: error: frontier02184: tasks 3824-3825,3827-3831: Terminated
srun: error: frontier08366: tasks 14376-14377,14379-14383: Terminated
srun: error: frontier09355: tasks 15976-15982: Terminated
srun: error: frontier02578: tasks 4528-4531,4533-4535: Terminated
srun: error: frontier04290: tasks 7464-7470: Terminated
srun: error: frontier07010: tasks 12072-12076,12078-12079: Terminated
srun: error: frontier03036: tasks 5328-5331,5333-5335: Terminated
srun: error: frontier08753: tasks 15008-15012,15014-15015: Terminated
srun: error: frontier05673: tasks 9768-9772,9774-9775: Terminated
srun: error: frontier00828: tasks 1520-1524,1526-1527: Terminated
srun: error: frontier05320: tasks 9232-9234,9236-9239: Terminated
srun: error: frontier03983: tasks 6928-6934: Terminated
srun: error: frontier01323: tasks 2320-2326: Terminated
srun: error: frontier06621: tasks 11368-11372,11374-11375: Terminated
srun: error: frontier08469: tasks 14472-14473,14475-14479: Terminated
srun: error: frontier03476: tasks 6128-6131,6133-6135: Terminated
srun: error: frontier04761: tasks 8264-8267,8269-8271: Terminated
srun: error: frontier08883: tasks 15176-15182: Terminated
srun: error: frontier07083: tasks 12168-12170,12172-12175: Terminated
srun: error: frontier07478: tasks 12872-12877,12879: Terminated
srun: error: frontier09241: tasks 15808-15814: Terminated
srun: error: frontier01770: tasks 3120-3125,3127: Terminated
srun: error: frontier01432: tasks 2488-2491,2493-2495: Terminated
srun: error: frontier03409: tasks 5960-5961,5963-5967: Terminated
srun: error: frontier05267: tasks 9064-9068,9070-9071: Terminated
srun: error: frontier04897: tasks 8432-8438: Terminated
srun: error: frontier07966: tasks 13673-13679: Terminated
srun: error: frontier05972: tasks 10304-10309,10311: Terminated
srun: error: frontier00019: tasks 16-20,22-23: Terminated
srun: error: frontier05715: tasks 9864-9867,9869-9871: Terminated
srun: error: frontier06571: tasks 11272-11276,11278-11279: Terminated
srun: error: frontier02216: tasks 3920-3924,3926-3927: Terminated
srun: error: frontier06304: tasks 10832-10836,10838-10839: Terminated
srun: error: frontier00079: tasks 184-190: Terminated
srun: error: frontier04919: tasks 8528-8531,8533-8535: Terminated
srun: error: frontier03550: tasks 6224-6230: Terminated
srun: error: frontier05801: tasks 10032-10035,10037-10039: Terminated
srun: error: frontier02637: tasks 4624,4626-4631: Terminated
srun: error: frontier04441: tasks 7728-7729,7731-7735: Terminated
srun: error: frontier03661: tasks 6392-6395,6397-6399: Terminated
srun: error: frontier05410: tasks 9328-9333,9335: Terminated
srun: error: frontier08114: tasks 13936-13942: Terminated
srun: error: frontier01890: tasks 3288-3289,3291-3295: Terminated
srun: error: frontier07570: tasks 12968-12972,12974-12975: Terminated
srun: error: frontier03091: tasks 5424-5429,5431: Terminated
srun: error: frontier07194: tasks 12336-12341,12343: Terminated
srun: error: frontier08904: tasks 15272-15273,15275-15279: Terminated
srun: error: frontier06746: tasks 11632-11635,11637-11639: Terminated
srun: error: frontier00558: tasks 984-989,991: Terminated
srun: error: frontier01036: tasks 1784-1787,1789-1791: Terminated
srun: error: frontier02330: tasks 4088-4089,4091-4095: Terminated
srun: error: frontier04505: tasks 7824-7828,7830-7831: Terminated
srun: error: frontier07617: tasks 13136-13141,13143: Terminated
srun: error: frontier00575: tasks 1080-1086: Terminated
srun: error: frontier07986: tasks 13768-13772,13774-13775: Terminated
srun: error: frontier04031: tasks 7024-7027,7029-7031: Terminated
srun: error: frontier01494: tasks 2584-2590: Terminated
srun: error: frontier04126: tasks 7192-7196,7198-7199: Terminated
srun: error: frontier00692: tasks 1248-1252,1254-1255: Terminated
srun: error: frontier02781: tasks 4888-4894: Terminated
srun: error: frontier04620: tasks 7992-7997,7999: Terminated
srun: error: frontier06443: tasks 11096-11098,11100-11103: Terminated
srun: error: frontier08495: tasks 14568-14574: Terminated
srun: error: frontier02404: tasks 4184-4187,4189-4191: Terminated
srun: error: frontier00161: tasks 280-284,286-287: Terminated
srun: error: frontier03722: tasks 6488-6489,6491-6495: Terminated
srun: error: frontier07232: tasks 12432-12433,12435-12439: Terminated
srun: error: frontier05848: tasks 10128-10132,10134-10135: Terminated
srun: error: frontier03246: tasks 5688-5691,5693-5695: Terminated
srun: error: frontier08610: tasks 14736-14741,14743: Terminated
srun: error: frontier06929: tasks 11896-11900,11902-11903: Terminated
srun: error: frontier05557: tasks 9592-9598: Terminated
srun: error: frontier07705: tasks 13232-13236,13238-13239: Terminated
srun: error: frontier06339: tasks 10928-10931,10933-10935: Terminated
srun: error: frontier05006: tasks 8624-8628,8630-8631: Terminated
srun: error: frontier01065: tasks 1880-1883,1885-1887: Terminated
srun: error: frontier04178: tasks 7288-7292,7294-7295: Terminated
srun: error: frontier01940: tasks 3384-3387,3389-3391: Terminated
srun: error: frontier00298: tasks 544-548,550-551: Terminated
srun: error: frontier09093: tasks 15536-15542: Terminated
srun: error: frontier04651: tasks 8088-8090,8092-8095: Terminated
srun: error: frontier01174: tasks 2048-2050,2052-2055: Terminated
srun: error: frontier06819: tasks 11728-11733,11735: Terminated
srun: error: frontier02839: tasks 4984-4985,4987-4991: Terminated
srun: error: frontier05077: tasks 8792-8797,8799: Terminated
srun: error: frontier03408: tasks 5952-5954,5956-5959: Terminated
srun: error: frontier10164: tasks 16336-16338,16340-16343: Terminated
srun: error: frontier08203: tasks 14032-14037,14039: Terminated
srun: error: frontier01538: tasks 2680-2682,2684-2687: Terminated
srun: error: frontier00787: tasks 1344-1350: Terminated
srun: error: frontier09240: tasks 15800-15804,15806-15807: Terminated
srun: error: frontier08636: tasks 14832-14833,14835-14839: Terminated
srun: error: frontier09390: tasks 16072-16076,16078-16079: Terminated
srun: error: frontier06046: tasks 10392-10397,10399: Terminated
srun: error: frontier07874: tasks 13496-13497,13499-13503: Terminated
srun: error: frontier06497: tasks 11192-11195,11197-11199: Terminated
srun: error: frontier03866: tasks 6752-6755,6757-6759: Terminated
srun: error: frontier01217: tasks 2144-2145,2147-2151: Terminated
srun: error: frontier07303: tasks 12528-12533,12535: Terminated
srun: error: frontier06969: tasks 11992-11993,11995-11999: Terminated
srun: error: frontier00014: tasks 8-11,13-15: Terminated
srun: error: frontier01631: tasks 2848-2849,2851-2855: Terminated
srun: error: frontier04250: tasks 7384-7387,7389-7391: Terminated
srun: error: frontier07375: tasks 12696-12700,12702-12703: Terminated
srun: error: frontier02957: tasks 5152-5158: Terminated
srun: error: frontier03000: tasks 5248-5252,5254-5255: Terminated
srun: error: frontier09125: tasks 15632-15633,15635-15639: Terminated
srun: error: frontier02076: tasks 3648-3651,3653-3655: Terminated
srun: error: frontier03297: tasks 5784-5789,5791: Terminated
srun: error: frontier00318: tasks 640-645,647: Terminated
srun: error: frontier07453: tasks 12792-12796,12798-12799: Terminated
srun: error: frontier01687: tasks 2944-2949,2951: Terminated
srun: error: frontier07740: tasks 13328-13334: Terminated
srun: error: frontier02541: tasks 4448-4450,4452-4455: Terminated
srun: error: frontier04359: tasks 7552-7554,7556-7559: Terminated
srun: error: frontier03782: tasks 6584-6585,6587-6591: Terminated
srun: error: frontier05599: tasks 9688-9690,9692-9695: Terminated
srun: error: frontier00438: tasks 808-813,815: Terminated
srun: error: frontier03464: tasks 6048-6049,6051-6055: Terminated
srun: error: frontier05714: tasks 9856-9862: Terminated
srun: error: frontier05149: tasks 8888-8889,8891-8895: Terminated
srun: error: frontier08793: tasks 15096-15100,15102-15103: Terminated
srun: error: frontier07943: tasks 13592-13593,13595-13599: Terminated
srun: error: frontier08346: tasks 14296-14298,14300-14303: Terminated
srun: error: frontier02145: tasks 3744-3745,3747-3751: Terminated
srun: error: frontier06188: tasks 10656-10658,10660-10663: Terminated
srun: error: frontier06683: tasks 11456-11459,11461-11463: Terminated
srun: error: frontier03926: tasks 6848-6849,6851-6855: Terminated
srun: error: frontier02582: tasks 4544-4550: Terminated
srun: error: frontier06067: tasks 10488-10493,10495: Terminated
srun: error: frontier08370: tasks 14392-14396,14398-14399: Terminated
srun: error: frontier04820: tasks 8352-8358: Terminated
srun: error: frontier05292: tasks 9152-9155,9157-9159: Terminated
srun: error: frontier07985: tasks 13760-13761,13763-13767: Terminated
srun: error: frontier00053: tasks 104-106,108-111: Terminated
srun: error: frontier05778: tasks 9952-9956,9958-9959: Terminated
srun: error: frontier06574: tasks 11288-11289,11291-11295: Terminated
srun: error: frontier02208: tasks 3912-3918: Terminated
srun: error: frontier00815: tasks 1440-1446: Terminated
srun: error: frontier04503: tasks 7816-7819,7821-7823: Terminated
srun: error: frontier00938: tasks 1609-1615: Terminated
srun: error: frontier09272: tasks 15896,15898-15903: Terminated
srun: error: frontier04900: tasks 8448-8453,8455: Terminated
srun: error: frontier07134: tasks 12256-12258,12260-12263: Terminated
srun: error: frontier04388: tasks 7648-7649,7651-7655: Terminated
srun: error: frontier04971: tasks 8616-8618,8620-8623: Terminated
srun: error: frontier02285: tasks 4008-4009,4011-4015: Terminated
srun: error: frontier08993: tasks 15360-15361,15363-15367: Terminated
srun: error: frontier03606: tasks 6312-6318: Terminated
srun: error: frontier03039: tasks 5344-5345,5347-5351: Terminated
srun: error: frontier03145: tasks 5512-5518: Terminated
srun: error: frontier01378: tasks 2408-2410,2412-2415: Terminated
srun: error: frontier06231: tasks 10752-10754,10756-10759: Terminated
srun: error: frontier02700: tasks 4712-4717,4719: Terminated
srun: error: frontier08493: tasks 14560-14561,14563-14567: Terminated
srun: error: frontier05337: tasks 9248-9253,9255: Terminated
srun: error: frontier05444: tasks 9416-9422: Terminated
srun: error: frontier00540: tasks 904-909,911: Terminated
srun: error: frontier08885: tasks 15192-15195,15197-15199: Terminated
srun: error: frontier09363: tasks 15992-15994,15996-15999: Terminated
srun: error: frontier04098: tasks 7112-7114,7116-7119: Terminated
srun: error: frontier00958: tasks 1704-1710: Terminated
srun: error: frontier00179: tasks 368-372,374-375: Terminated
srun: error: frontier01839: tasks 3208-3214: Terminated
srun: error: frontier08536: tasks 14656-14662: Terminated
srun: error: frontier01512: tasks 2672-2678: Terminated
srun: error: frontier07592: tasks 13056-13061,13063: Terminated
srun: error: frontier02744: tasks 4808-4814: Terminated
srun: error: frontier03213: tasks 5608-5613,5615: Terminated
srun: error: frontier06714: tasks 11552-11558: Terminated
srun: error: frontier02012: tasks 3472-3477,3479: Terminated
srun: error: frontier00677: tasks 1168-1171,1173-1175: Terminated
srun: error: frontier05804: tasks 10048-10049,10051-10055: Terminated
srun: error: frontier01434: tasks 2504-2507,2509-2511: Terminated
srun: error: frontier05029: tasks 8712-8715,8717-8719: Terminated
srun: error: frontier09434: tasks 16160-16166: Terminated
srun: error: frontier08097: tasks 13856-13857,13859-13863: Terminated
srun: error: frontier07732: tasks 13320-13323,13325-13327: Terminated
srun: error: frontier03663: tasks 6408-6412,6414-6415: Terminated
srun: error: frontier06410: tasks 11016-11018,11020-11023: Terminated
srun: error: frontier01086: tasks 1968-1972,1974-1975: Terminated
srun: error: frontier01892: tasks 3304-3307,3309-3311: Terminated
srun: error: frontier07197: tasks 12352-12357,12359: Terminated
srun: error: frontier06865: tasks 11816-11821,11823: Terminated
srun: error: frontier07301: tasks 12520-12524,12526-12527: Terminated
srun: error: frontier05925: tasks 10216-10222: Terminated
srun: error: frontier04137: tasks 7208-7213,7215: Terminated
srun: error: frontier07627: tasks 13152-13154,13156-13159: Terminated
srun: error: frontier04249: tasks 7376-7379,7381-7383: Terminated
srun: error: frontier08614: tasks 14752-14753,14755-14759: Terminated
srun: error: frontier01565: tasks 2768-2771,2773-2775: Terminated
srun: error: frontier09010: tasks 15456-15458,15460-15463: Terminated
srun: error: frontier03761: tasks 6576-6578,6580-6583: Terminated
srun: error: frontier04624: tasks 8008-8009,8011-8015: Terminated
srun: error: frontier02439: tasks 4272-4277,4279: Terminated
srun: error: frontier05524: tasks 9512-9517,9519: Terminated
srun: error: frontier02335: tasks 4104-4106,4108-4111: Terminated
srun: error: frontier05974: tasks 10312-10317,10319: Terminated
srun: error: frontier02888: tasks 5072-5075,5077-5079: Terminated
srun: error: frontier04695: tasks 8176-8182: Terminated
srun: error: frontier00317: tasks 632-635,637-639: Terminated
srun: error: frontier00698: tasks 1264-1268,1270-1271: Terminated
srun: error: frontier07845: tasks 13416-13421,13423: Terminated
srun: error: frontier07332: tasks 12616-12620,12622-12623: Terminated
srun: error: frontier08234: tasks 14120-14125,14127: Terminated
srun: error: frontier00274: tasks 464-467,469-471: Terminated
srun: error: frontier08117: tasks 13952-13953,13955-13959: Terminated
srun: error: frontier03346: tasks 5872-5878: Terminated
srun: error: frontier01176: tasks 2064-2068,2070-2071: Terminated
srun: error: frontier08725: tasks 14920-14926: Terminated
srun: error: frontier00812: tasks 1432-1437,1439: Terminated
srun: error: frontier02524: tasks 4368-4374: Terminated
srun: error: frontier06937: tasks 11912-11915,11917-11919: Terminated
srun: error: frontier01283: tasks 2232-2234,2236-2239: Terminated
srun: error: frontier05088: tasks 8808-8810,8812-8815: Terminated
srun: error: frontier09176: tasks 15720-15723,15725-15727: Terminated
srun: error: frontier06450: tasks 11112-11118: Terminated
srun: error: frontier05674: tasks 9776-9781,9783: Terminated
srun: error: frontier06573: tasks 11280-11284,11286-11287: Terminated
srun: error: frontier08263: tasks 14216-14221,14223: Terminated
srun: error: frontier02031: tasks 3568-3572,3574-3575: Terminated
srun: error: frontier00422: tasks 728-729,731-735: Terminated
srun: error: frontier06158: tasks 10576-10578,10580-10583: Terminated
srun: error: frontier04556: tasks 7912-7915,7917-7919: Terminated
srun: error: frontier03038: tasks 5336-5337,5339-5343: Terminated
srun: error: frontier07052: tasks 12080-12081,12083-12087: Terminated
srun: error: frontier04294: tasks 7472-7473,7475-7479: Terminated
srun: error: frontier05171: tasks 8976-8978,8980-8983: Terminated
srun: error: frontier00829: tasks 1528-1533,1535: Terminated
srun: error: frontier03807: tasks 6672-6675,6677-6679: Terminated
srun: error: frontier03477: tasks 6136-6138,6140-6143: Terminated
srun: error: frontier07379: tasks 12712-12718: Terminated
srun: error: frontier02961: tasks 5168-5171,5173-5175: Terminated
srun: error: frontier06622: tasks 11376-11382: Terminated
srun: error: frontier01633: tasks 2865-2869,2871: Terminated
srun: error: frontier09361: tasks 15984-15985,15987-15991: Terminated
srun: error: frontier08884: tasks 15184-15185,15187-15191: Terminated
srun: error: frontier10148: tasks 16256-16260,16262-16263: Terminated
srun: error: frontier01756: tasks 3032-3035,3037-3039: Terminated
srun: error: frontier04762: tasks 8272-8276,8278-8279: Terminated
srun: error: frontier03984: tasks 6936-6941,6943: Terminated
srun: error: frontier08754: tasks 15016-15018,15020-15023: Terminated
srun: error: frontier09242: tasks 15816-15819,15821-15823: Terminated
srun: error: frontier00021: tasks 24-28,30-31: Terminated
srun: error: frontier08470: tasks 14480-14482,14484-14487: Terminated
srun: error: frontier02186: tasks 3832-3835,3837-3839: Terminated
srun: error: frontier07084: tasks 12176-12180,12182-12183: Terminated
srun: error: frontier07479: tasks 12880-12881,12883-12887: Terminated
srun: error: frontier01802: tasks 3128-3132,3134-3135: Terminated
srun: error: frontier03417: tasks 5968-5969,5971-5975: Terminated
srun: error: frontier07967: tasks 13680-13685,13687: Terminated
srun: error: frontier05336: tasks 9240-9243,9245-9247: Terminated
srun: error: frontier03876: tasks 6768-6773,6775: Terminated
srun: error: frontier06190: tasks 10672-10676,10678-10679: Terminated
srun: error: frontier02650: tasks 4633-4639: Terminated
srun: error: frontier05803: tasks 10040-10045,10047: Terminated
srun: error: frontier01345: tasks 2328-2332,2334-2335: Terminated
srun: error: frontier04442: tasks 7736-7740,7742-7743: Terminated
srun: error: frontier03093: tasks 5432-5437,5439: Terminated
srun: error: frontier03552: tasks 6232-6234,6236-6239: Terminated
srun: error: frontier05272: tasks 9072-9076,9078-9079: Terminated
srun: error: frontier00447: tasks 824-826,828-831: Terminated
srun: error: frontier01891: tasks 3296-3297,3299-3303: Terminated
srun: error: frontier06687: tasks 11472-11473,11475-11479: Terminated
srun: error: frontier01640: tasks 2872-2879: Aborted (core dumped)
srun: error: frontier07987: tasks 13776-13782: Terminated
srun: error: frontier00080: tasks 192-197,199: Terminated
srun: error: frontier00559: tasks 992-998: Terminated
srun: error: frontier01048: tasks 1792-1796,1798-1799: Terminated
srun: error: frontier02217: tasks 3928-3931,3933-3935: Terminated
srun: error: frontier05716: tasks 9872-9875,9877-9879: Terminated
srun: error: frontier05415: tasks 9336-9341,9343: Terminated
srun: error: frontier08496: tasks 14576-14577,14579-14583: Terminated
srun: error: frontier04043: tasks 7032-7035,7037-7039: Terminated
srun: error: frontier06308: tasks 10840-10844,10846-10847: Terminated
srun: error: frontier04920: tasks 8536-8539,8541-8543: Terminated
srun: error: frontier08913: tasks 15280-15283,15285-15287: Terminated
srun: error: frontier07574: tasks 12976-12980,12982-12983: Terminated
srun: error: frontier09391: tasks 16080-16082,16084-16087: Terminated
srun: error: frontier00164: tasks 288-293,295: Terminated
srun: error: frontier07233: tasks 12440-12445,12447: Terminated
srun: error: frontier02332: tasks 4096-4097,4099-4103: Terminated
srun: error: frontier04623: tasks 8000-8004,8006-8007: Terminated
srun: error: frontier02702: tasks 4728-4734: Terminated
srun: error: frontier00576: tasks 1088-1089,1091-1095: Terminated
srun: error: frontier01941: tasks 3392-3393,3395-3399: Terminated
srun: error: frontier02782: tasks 4896-4897,4899-4903: Terminated
srun: error: frontier08116: tasks 13944-13949,13951: Terminated
srun: error: frontier04509: tasks 7832-7838: Terminated
srun: error: frontier06750: tasks 11640-11641,11643-11647: Terminated
srun: error: frontier01495: tasks 2592-2598: Terminated
srun: error: frontier03152: tasks 5528-5531,5533-5535: Terminated
srun: error: frontier05085: tasks 8800-8801,8803-8807: Terminated
srun: error: frontier03724: tasks 6496-6498,6500-6503: Terminated
srun: error: frontier02408: tasks 4192-4197,4199: Terminated
srun: error: frontier05895: tasks 10136-10139,10141-10143: Terminated
srun: error: frontier01067: tasks 1888-1893,1895: Terminated
srun: error: frontier08613: tasks 14744-14749,14751: Terminated
srun: error: frontier09096: tasks 15544-15547,15549-15551: Terminated
srun: error: frontier05453: tasks 9432-9437,9439: Terminated
srun: error: frontier07706: tasks 13240-13242,13244-13247: Terminated
srun: error: frontier03255: tasks 5696-5700,5702-5703: Terminated
srun: error: frontier06341: tasks 10936,10938-10943: Terminated
srun: error: frontier01539: tasks 2688-2693,2695: Terminated
srun: error: frontier05558: tasks 9600-9603,9605-9607: Terminated
srun: error: frontier09444: tasks 16176-16180,16182-16183: Terminated
srun: error: frontier05010: tasks 8632-8633,8635-8639: Terminated
srun: error: frontier08996: tasks 15376-15378,15380-15383: Terminated
srun: error: frontier08208: tasks 14040-14043,14045-14047: Terminated
srun: error: frontier01632: tasks 2856-2857,2859-2863: Terminated
srun: error: frontier10167: tasks 16344-16348,16350-16351: Terminated
srun: error: frontier06820: tasks 11736-11737,11739-11743: Terminated
srun: error: frontier04653: tasks 8096-8098,8100-8103: Terminated
srun: error: frontier02841: tasks 4992-4998: Terminated
srun: error: frontier04179: tasks 7296-7299,7301-7303: Terminated
srun: error: frontier07743: tasks 13336-13339,13341-13343: Terminated
srun: error: frontier02079: tasks 3656-3662: Terminated
srun: error: frontier03783: tasks 6592-6594,6596-6599: Terminated
srun: error: frontier01175: tasks 2056-2057,2059-2063: Terminated
srun: error: frontier02016: tasks 3488-3494: Terminated
srun: error: frontier03298: tasks 5792-5794,5796-5799: Terminated
srun: error: frontier08238: tasks 14136-14142: Terminated
srun: error: frontier07376: tasks 12704-12706,12708-12711: Terminated
srun: error: frontier01243: tasks 2152-2157,2159: Terminated
srun: error: frontier02450: tasks 4288-4291,4293-4295: Terminated
srun: error: frontier08638: tasks 14840-14845,14847: Terminated
srun: error: frontier07306: tasks 12536-12540,12542-12543: Terminated
srun: error: frontier05929: tasks 10232-10233,10235-10239: Terminated
srun: error: frontier07875: tasks 13504-13505,13507-13511: Terminated
srun: error: frontier09132: tasks 15640-15643,15645-15647: Terminated
srun: error: frontier00301: tasks 552-555,557-559: Terminated
srun: error: frontier06970: tasks 12001-12007: Terminated
srun: error: frontier06048: tasks 10400-10403,10405-10407: Terminated
srun: error: frontier06498: tasks 11200-11205,11207: Terminated
srun: error: frontier03001: tasks 5256-5259,5261-5263: Terminated
srun: error: frontier03867: tasks 6760-6766: Terminated
srun: error: frontier01689: tasks 2952-2958: Terminated
srun: error: frontier00319: tasks 648-649,651-655: Terminated
srun: error: frontier00795: tasks 1352-1356,1358-1359: Terminated
srun: error: frontier06090: tasks 10496-10502: Terminated
srun: error: frontier05600: tasks 9696-9698,9700-9703: Terminated
srun: error: frontier04251: tasks 7392-7394,7396-7399: Terminated
srun: error: frontier05150: tasks 8896-8899,8901-8903: Terminated
srun: error: frontier00816: tasks 1448-1454: Terminated
srun: error: frontier08347: tasks 14304-14309,14311: Terminated
srun: error: frontier09277: tasks 15904-15905,15907-15911: Terminated
srun: error: frontier00442: tasks 816-821,823: Terminated
srun: error: frontier02542: tasks 4456-4459,4461-4463: Terminated
srun: error: frontier03465: tasks 6056-6057,6059-6063: Terminated
srun: error: frontier02148: tasks 3752-3757,3759: Terminated
srun: error: frontier03927: tasks 6856-6861,6863: Terminated
srun: error: frontier04360: tasks 7560-7563,7565-7567: Terminated
srun: error: frontier01290: tasks 2248-2252,2254-2255: Terminated
srun: error: frontier04737: tasks 8192-8193,8195-8199: Terminated
srun: error: frontier06575: tasks 11296-11297,11299-11303: Terminated
srun: error: frontier07065: tasks 12096-12097,12099-12103: Terminated
srun: error: frontier01381: tasks 2416-2420,2422-2423: Terminated
srun: error: frontier07455: tasks 12800-12802,12804-12807: Terminated
srun: error: frontier02583: tasks 4552-4558: Terminated
srun: error: frontier00054: tasks 112-113,115-119: Terminated
srun: error: frontier05296: tasks 9160-9161,9163-9167: Terminated
srun: error: frontier06189: tasks 10664-10667,10669-10671: Terminated
srun: error: frontier08842: tasks 15104-15108,15110-15111: Terminated
srun: error: frontier04823: tasks 8360-8365,8367: Terminated
srun: error: frontier06684: tasks 11464-11465,11467-11471: Terminated
srun: error: frontier07138: tasks 12264-12267,12269-12271: Terminated
srun: error: frontier01847: tasks 3216-3218,3220-3223: Terminated
srun: error: frontier05780: tasks 9960-9964,9966-9967: Terminated
srun: error: frontier00543: tasks 912-918: Terminated
srun: error: frontier07946: tasks 13600-13602,13604-13607: Terminated
srun: error: frontier02701: tasks 4720-4722,4724-4727: Terminated
srun: error: frontier03040: tasks 5352-5357,5359: Terminated
srun: error: frontier00939: tasks 1616-1620,1622-1623: Terminated
srun: error: frontier09366: tasks 16000,16002-16007: Terminated
srun: error: frontier04389: tasks 7656-7660,7662-7663: Terminated
srun: error: frontier07495: tasks 12896-12899,12901-12903: Terminated
srun: error: frontier03146: tasks 5520-5525,5527: Terminated
srun: error: frontier08373: tasks 14400-14401,14403-14407: Terminated
srun: error: frontier03986: tasks 6952-6953,6955-6959: Terminated
srun: error: frontier06232: tasks 10760-10766: Terminated
srun: error: frontier04903: tasks 8456-8462: Terminated
srun: error: frontier05338: tasks 9256-9261,9263: Terminated
srun: error: frontier07593: tasks 13064-13066,13068-13071: Terminated
srun: error: frontier05451: tasks 9424-9425,9427-9431: Terminated
srun: error: frontier01435: tasks 2512-2517,2519: Terminated
srun: error: frontier07213: tasks 12360-12365,12367: Terminated
srun: error: frontier08886: tasks 15200-15203,15205-15207: Terminated
srun: error: frontier08537: tasks 14664-14666,14668-14671: Terminated
srun: error: frontier02286: tasks 4016-4017,4019-4023: Terminated
srun: error: frontier02748: tasks 4816-4820,4822-4823: Terminated
srun: error: frontier05806: tasks 10056-10062: Terminated
srun: error: frontier08098: tasks 13864-13865,13867-13871: Terminated
srun: error: frontier03608: tasks 6320-6324,6326-6327: Terminated
srun: error: frontier06715: tasks 11560-11562,11564-11567: Terminated
srun: error: frontier08994: tasks 15368-15372,15374-15375: Terminated
srun: error: frontier03501: tasks 6152-6157,6159: Terminated
srun: error: frontier04561: tasks 7920-7922,7924-7927: Terminated
srun: error: frontier04102: tasks 7120-7124,7126-7127: Terminated
srun: error: frontier00561: tasks 1008-1010,1012-1015: Terminated
srun: error: frontier09436: tasks 16168-16170,16172-16175: Terminated
srun: error: frontier02013: tasks 3480-3483,3485-3487: Terminated
srun: error: frontier00678: tasks 1176-1179,1181-1183: Terminated
srun: error: frontier00082: tasks 208-214: Terminated
srun: error: frontier00316: task 629: Terminated
srun: error: frontier05030: tasks 8720,8722-8727: Terminated
srun: error: frontier06312: tasks 10856-10860,10862-10863: Terminated
srun: error: frontier01893: tasks 3312-3313,3315-3319: Terminated
srun: error: frontier05926: tasks 10224-10227,10229-10231: Terminated
srun: error: frontier01087: tasks 1976-1981,1983: Terminated
srun: error: frontier00181: tasks 376-382: Terminated
srun: error: frontier08120: tasks 13960-13964,13966-13967: Terminated
srun: error: frontier09012: tasks 15464-15470: Terminated
srun: error: frontier08233: task 14117: Terminated
srun: error: frontier02784: tasks 4912-4914,4916-4919: Terminated
srun: error: frontier04150: tasks 7216-7217,7219-7223: Terminated
srun: error: frontier03664: tasks 6416-6419,6421-6423: Terminated
srun: error: frontier02900: tasks 5080-5083,5085-5087: Terminated
srun: error: frontier01566: tasks 2776-2781,2783: Terminated
srun: error: frontier05525: tasks 9520-9525,9527: Terminated
srun: error: frontier07686: tasks 13160-13165,13167: Terminated
srun: error: frontier06790: tasks 11656-11657,11659-11663: Terminated
srun: error: frontier02443: tasks 4280-4285,4287: Terminated
srun: error: frontier07340: tasks 12624-12625,12627-12631: Terminated
srun: error: frontier04694: task 8174: Terminated
srun: error: frontier08237: tasks 14128-14132,14134-14135: Terminated
srun: error: frontier01770: task 3126: Terminated
srun: error: frontier04697: tasks 8184-8189,8191: Terminated
srun: error: frontier05976: tasks 10320-10325,10327: Terminated
srun: error: frontier02336: tasks 4112-4114,4116-4119: Terminated
srun: error: frontier10149: tasks 16264-16266,16268-16271: Terminated
srun: error: frontier04627: tasks 8016-8022: Terminated
srun: error: frontier06867: tasks 11824-11829,11831: Terminated
srun: error: frontier02059: tasks 3576-3577,3579-3583: Terminated
srun: error: frontier03347: tasks 5880-5881,5883-5887: Terminated
srun: error: frontier05089: tasks 8816-8817,8819-8823: Terminated
srun: error: frontier07846: tasks 13424-13427,13429-13431: Terminated
srun: error: frontier07194: task 12342: Terminated
srun: error: frontier09098: tasks 15560-15564,15566-15567: Terminated
srun: error: frontier09177: tasks 15728-15730,15732-15735: Terminated
srun: error: frontier07331: task 12613: Terminated
srun: error: frontier08619: tasks 14760-14763,14765-14767: Terminated
srun: error: frontier00575: task 1087: Terminated
srun: error: frontier03216: tasks 5616-5622: Terminated
srun: error: frontier08732: tasks 14928-14934: Terminated
srun: error: frontier05577: tasks 9616-9620,9622-9623: Terminated
srun: error: frontier01178: tasks 2072-2074,2076-2079: Terminated
srun: error: frontier08264: tasks 14224-14226,14228-14231: Terminated
srun: error: frontier00281: tasks 472-478: Terminated
srun: error: frontier01289: tasks 2240-2241,2243-2247: Terminated
srun: error: frontier03271: tasks 5712-5714,5716-5719: Terminated
srun: error: frontier00959: tasks 1712-1717,1719: Terminated
srun: error: frontier06453: tasks 11120-11121,11123-11127: Terminated
srun: error: frontier05675: tasks 9784-9787,9789-9791: Terminated
srun: error: frontier05518: task 9510: Terminated
srun: error: frontier02965: tasks 5176-5177,5179-5183: Terminated
srun: error: frontier05172: tasks 8984-8987,8989-8991: Terminated
srun: error: frontier03843: tasks 6680-6686: Terminated
srun: error: frontier07384: tasks 12720-12721,12723-12727: Terminated
srun: error: frontier06414: tasks 11024-11026,11028-11031: Terminated
srun: error: frontier00423: tasks 736-741,743: Terminated
srun: error: frontier06939: tasks 11920-11921,11923-11927: Terminated
srun: error: frontier00701: tasks 1272-1278: Terminated
srun: error: frontier01757: tasks 3040-3042,3044-3047: Terminated
srun: error: frontier03419: tasks 5976-5982: Terminated
srun: error: frontier02099: tasks 3672-3675,3677-3679: Terminated
srun: error: frontier02525: tasks 4376-4382: Terminated
srun: error: frontier02192: tasks 3840-3841,3843-3847: Terminated
srun: error: frontier06162: tasks 10584-10587,10589-10591: Terminated
srun: error: frontier00830: tasks 1536-1539,1541-1543: Terminated
srun: error: frontier03489: tasks 6144-6149,6151: Terminated
srun: error: frontier06623: tasks 11384-11387,11389-11391: Terminated
srun: error: frontier07062: tasks 12088-12091,12093-12095: Terminated
srun: error: frontier07878: tasks 13520-13523,13525-13527: Terminated
srun: error: frontier05273: tasks 9080-9084,9086-9087: Terminated
srun: error: frontier07480: tasks 12888-12893,12895: Terminated
srun: error: frontier04302: tasks 7480-7484,7486-7487: Terminated
srun: error: frontier02885: task 5067: Terminated
srun: error: frontier04763: tasks 8280-8285,8287: Terminated
srun: error: frontier03985: tasks 6944-6949,6951: Terminated
srun: error: frontier00023: tasks 32-38: Terminated
srun: error: frontier08755: tasks 15024-15027,15029-15031: Terminated
srun: error: frontier09248: tasks 15824-15830: Terminated
srun: error: frontier03889: tasks 6776-6779,6781-6783: Terminated
srun: error: frontier04366: tasks 7576-7578,7580-7583: Terminated
srun: error: frontier04444: tasks 7744-7745,7747-7751: Terminated
srun: error: frontier05597: task 9676: Terminated
srun: error: frontier03095: tasks 5440-5442,5444-5447: Terminated
srun: error: frontier01805: tasks 3136-3139,3141-3143: Terminated
srun: error: frontier06064: task 10474: Terminated
srun: error: frontier07575: tasks 12984-12985,12987-12991: Terminated
srun: error: frontier06195: tasks 10680-10684,10686-10687: Terminated
srun: error: frontier02655: tasks 4640-4642,4644-4647: Terminated
srun: error: frontier07088: tasks 12184-12190: Terminated
srun: error: frontier01354: tasks 2336-2341,2343: Terminated
srun: error: frontier00560: tasks 1000-1002,1004-1007: Terminated
srun: error: frontier02226: tasks 3936-3939,3941-3943: Terminated
srun: error: frontier07968: tasks 13688-13690,13692-13695: Terminated
srun: error: frontier00947: tasks 1632-1636,1638-1639: Terminated
srun: error: frontier08471: tasks 14488-14491,14493-14495: Terminated
srun: error: frontier08883: task 15183: Terminated
srun: error: frontier08349: tasks 14320-14323,14325-14327: Terminated
srun: error: frontier05717: tasks 9880-9882,9884-9887: Terminated
srun: error: frontier07990: tasks 13784-13790: Terminated
srun: error: frontier06693: tasks 11480-11481,11483-11487: Terminated
srun: error: frontier08915: tasks 15288-15293,15295: Terminated
srun: error: frontier00081: tasks 200-206: Terminated
srun: error: frontier06310: tasks 10848-10851,10853-10855: Terminated
srun: error: frontier02438: task 4270: Terminated
srun: error: frontier02703: tasks 4736-4738,4740-4743: Terminated
srun: error: frontier05416: tasks 9344-9345,9347-9351: Terminated
srun: error: frontier01049: tasks 1800-1806: Terminated
srun: error: frontier00448: tasks 832-837,839: Terminated
srun: error: frontier03553: tasks 6240-6244,6246-6247: Terminated
srun: error: frontier02783: tasks 4904-4909,4911: Terminated
srun: error: frontier04825: tasks 8376-8380,8382-8383: Terminated
srun: error: frontier07083: task 12171: Terminated
srun: error: frontier01384: tasks 2432-2436,2438-2439: Terminated
srun: error: frontier01501: tasks 2600-2603,2605-2607: Terminated
srun: error: frontier07140: tasks 12280-12282,12284-12287: Terminated
srun: error: frontier09392: tasks 16088-16089,16091-16095: Terminated
srun: error: frontier00165: tasks 297-303: Terminated
srun: error: frontier06858: task 11814: Terminated
srun: error: frontier04047: tasks 7040-7041,7043-7047: Terminated
srun: error: frontier04512: tasks 7840-7841,7843-7847: Terminated
srun: error: frontier04924: tasks 8544-8547,8549-8551: Terminated
srun: error: frontier06787: tasks 11648-11653,11655: Terminated
srun: error: frontier00577: tasks 1096-1099,1101-1103: Terminated
srun: error: frontier03256: tasks 5704-5705,5707-5711: Terminated
srun: error: frontier07239: tasks 12448-12449,12451-12455: Terminated
srun: error: frontier08498: tasks 14584-14586,14588-14591: Terminated
srun: error: frontier03625: tasks 6336-6340,6342-6343: Terminated
srun: error: frontier04505: task 7829: Terminated
srun: error: frontier01323: task 2327: Terminated
srun: error: frontier04651: task 8091: Terminated
srun: error: frontier01074: tasks 1896-1899,1901-1903: Terminated
srun: error: frontier06346: tasks 10944-10946,10948-10951: Terminated
srun: error: frontier00420: task 727: Terminated
srun: error: frontier07831: task 13413: Terminated
srun: error: frontier10126: tasks 16184-16185,16187-16191: Terminated
srun: error: frontier05455: tasks 9440-9446: Terminated
srun: error: frontier05900: tasks 10144-10146,10148-10151: Terminated
srun: error: frontier03722: task 6490: Terminated
srun: error: frontier03158: tasks 5536-5537,5539-5543: Terminated
srun: error: frontier05013: tasks 8640-8644,8646-8647: Terminated
srun: error: frontier09097: tasks 15552-15558: Terminated
srun: error: frontier04180: tasks 7304-7309,7311: Terminated
srun: error: frontier07707: tasks 13248-13251,13253-13255: Terminated
srun: error: frontier03726: tasks 6504-6505,6507-6511: Terminated
srun: error: frontier07598: tasks 13080-13082,13084-13087: Terminated
srun: error: frontier00191: tasks 392-394,396-399: Terminated
srun: error: frontier02842: tasks 5000-5004,5006-5007: Terminated
srun: error: frontier08997: tasks 15384-15386,15388-15391: Terminated
srun: error: frontier01545: tasks 2696-2701,2703: Terminated
srun: error: frontier01942: tasks 3401-3407: Terminated
srun: error: frontier05560: tasks 9608-9613,9615: Terminated
srun: error: frontier06822: tasks 11744-11749,11751: Terminated
srun: error: frontier02017: tasks 3496-3501,3503: Terminated
srun: error: frontier02410: tasks 4200-4203,4205-4207: Terminated
srun: error: frontier04248: task 7373: Terminated
srun: error: frontier04658: tasks 8104-8105,8107-8111: Terminated
srun: error: frontier04107: tasks 7136-7137,7139-7143: Terminated
srun: error: frontier08209: tasks 14048-14049,14051-14055: Terminated
srun: error: frontier00019: task 21: Terminated
srun: error: frontier05410: task 9334: Terminated
srun: error: frontier06049: tasks 10408-10411,10413-10415: Terminated
srun: error: frontier10168: tasks 16352-16353,16355-16359: Terminated
srun: error: frontier05935: tasks 10240-10241,10243-10247: Terminated
srun: error: frontier00796: tasks 1360-1364,1366-1367: Terminated
srun: error: frontier06929: task 11901: Terminated
srun: error: frontier05151: tasks 8904-8905,8907-8911: Terminated
srun: error: frontier06424: tasks 11040-11043,11045-11047: Terminated
srun: error: frontier08370: task 14397: Terminated
srun: error: frontier02092: tasks 3664-3670: Terminated
srun: error: frontier03299: tasks 5800-5801,5803-5807: Terminated
srun: error: frontier00302: tasks 560-565,567: Terminated
srun: error: frontier02544: tasks 4464-4467,4469-4471: Terminated
srun: error: frontier08652: tasks 14848-14853,14855: Terminated
srun: error: frontier07876: tasks 13512-13517,13519: Terminated
srun: error: frontier07307: tasks 12544-12545,12547-12551: Terminated
srun: error: frontier07845: task 13422: Terminated
srun: error: frontier06971: tasks 12008-12009,12011-12015: Terminated
srun: error: frontier00682: tasks 1192-1193,1195-1199: Terminated
srun: error: frontier08495: task 14575: Terminated
srun: error: frontier06499: tasks 11208-11211,11213-11215: Terminated
srun: error: frontier08469: task 14474: Terminated
srun: error: frontier08239: tasks 14144-14147,14149-14151: Terminated
srun: error: frontier02454: tasks 4296-4297,4299-4303: Terminated
srun: error: frontier06571: task 11277: Terminated
srun: error: frontier09133: tasks 15648-15650,15652-15655: Terminated
srun: error: frontier01690: tasks 2961-2967: Terminated
srun: error: frontier07756: tasks 13344-13349,13351: Terminated
srun: error: frontier00320: tasks 656-660,662-663: Terminated
srun: error: frontier04363: tasks 7568-7574: Terminated
srun: error: frontier04740: tasks 8201-8207: Terminated
srun: error: frontier01176: task 2069: Terminated
srun: error: frontier04761: task 8268: Terminated
srun: error: frontier03784: tasks 6600-6606: Terminated
srun: error: frontier08348: tasks 14312-14314,14316-14319: Terminated
srun: error: frontier03466: tasks 6064-6070: Terminated
srun: error: frontier07740: task 13335: Terminated
srun: error: frontier09179: tasks 15744-15747,15749-15751: Terminated
srun: error: frontier06714: task 11559: Terminated
srun: error: frontier02906: tasks 5096-5099,5101-5103: Terminated
srun: error: frontier02150: tasks 3760-3765,3767: Terminated
srun: error: frontier05635: tasks 9704-9705,9707-9711: Terminated
srun: error: frontier00808: task 1431: Terminated
srun: error: frontier09278: tasks 15912-15915,15917-15919: Terminated
srun: error: frontier03011: tasks 5264-5269,5271: Terminated
srun: error: frontier05187: tasks 9000-9005,9007: Terminated
srun: error: frontier07462: tasks 12808-12814: Terminated
srun: error: frontier01246: tasks 2160-2166: Terminated
srun: error: frontier08257: task 14215: Terminated
srun: error: frontier04252: tasks 7400-7403,7405-7407: Terminated
srun: error: frontier00941: tasks 1624-1630: Terminated
srun: error: frontier02578: task 4532: Terminated
srun: error: frontier02585: tasks 4560-4563,4565-4567: Terminated
srun: error: frontier09355: task 15983: Terminated
srun: error: frontier06093: tasks 10504-10505,10507-10511: Terminated
srun: error: frontier05301: tasks 9168-9174: Terminated
srun: error: frontier06746: task 11636: Terminated
srun: error: frontier03761: task 6579: Terminated
srun: error: frontier08736: tasks 14944-14947,14949-14951: Terminated
srun: error: frontier05677: tasks 9800-9801,9803-9807: Terminated
srun: error: frontier01382: tasks 2424-2428,2430-2431: Terminated
srun: error: frontier00818: tasks 1456-1462: Terminated
srun: error: frontier04824: tasks 8368-8369,8371-8375: Terminated
srun: error: frontier01293: tasks 2256-2260,2262-2263: Terminated
srun: error: frontier08850: tasks 15112-15118: Terminated
srun: error: frontier04404: tasks 7664-7666,7668-7671: Terminated
srun: error: frontier03464: task 6050: Terminated
srun: error: frontier04503: task 7820: Terminated
srun: error: frontier04919: task 8532: Terminated
srun: error: frontier06592: tasks 11304-11307,11309-11311: Terminated
srun: error: frontier01759: tasks 3056-3062: Terminated
srun: error: frontier04136: task 7207: Terminated
srun: error: frontier07066: tasks 12104-12110: Terminated
srun: error: frontier03408: task 5955: Terminated
srun: error: frontier00064: tasks 120-122,124-127: Terminated
srun: error: frontier01283: task 2235: Terminated
srun: error: frontier03928: tasks 6864-6868,6870-6871: Terminated
srun: error: frontier05787: tasks 9968-9969,9971-9975: Terminated
srun: error: frontier10164: task 16339: Terminated
srun: error: frontier07956: tasks 13608-13610,13612-13615: Terminated
srun: error: frontier07594: tasks 13072-13077,13079: Terminated
srun: error: frontier02012: task 3478: Terminated
srun: error: frontier08375: tasks 14408-14409,14411-14415: Terminated
srun: error: frontier03509: tasks 6160-6166: Terminated
srun: error: frontier06188: task 10659: Terminated
srun: error: frontier03041: tasks 5360-5362,5364-5367: Terminated
srun: error: frontier00274: task 468: Terminated
srun: error: frontier00544: tasks 920-926: Terminated
srun: error: frontier00960: tasks 1720-1726: Terminated
srun: error: frontier01848: tasks 3224-3227,3229-3231: Terminated
srun: error: frontier02306: tasks 4024-4028,4030-4031: Terminated
srun: error: frontier02196: tasks 3856-3862: Terminated
srun: error: frontier05029: task 8716: Terminated
srun: error: frontier05339: tasks 9264-9269,9271: Terminated
srun: error: frontier02184: task 3826: Terminated
srun: error: frontier01432: task 2492: Terminated
srun: error: frontier03609: tasks 6328-6333,6335: Terminated
srun: error: frontier07943: task 13594: Terminated
srun: error: frontier08099: tasks 13872-13876,13878-13879: Terminated
srun: error: frontier04904: tasks 8464-8469,8471: Terminated
srun: error: frontier00692: task 1253: Terminated
srun: error: frontier02958: task 5165: Terminated
srun: error: frontier02760: tasks 4824-4830: Terminated
srun: error: frontier08478: tasks 14504-14508,14510-14511: Terminated
srun: error: frontier03987: tasks 6960-6964,6966-6967: Terminated
srun: error: frontier06233: tasks 10768-10772,10774-10775: Terminated
srun: error: frontier07139: tasks 12272-12275,12277-12279: Terminated
srun: error: frontier04104: tasks 7128-7131,7133-7135: Terminated
srun: error: frontier08888: tasks 15208-15211,15213-15215: Terminated
srun: error: frontier07496: tasks 12904-12905,12907-12911: Terminated
srun: error: frontier08993: task 15362: Terminated
srun: error: frontier07972: tasks 13704-13707,13709-13711: Terminated
srun: error: frontier07214: tasks 12368-12374: Terminated
srun: error: frontier09434: task 16167: Terminated
srun: error: frontier04563: tasks 7928-7929,7931-7935: Terminated
srun: error: frontier00183: tasks 384-385,387-391: Terminated
srun: error: frontier09371: tasks 16008-16014: Terminated
srun: error: frontier04485: tasks 7760-7764,7766-7767: Terminated
srun: error: frontier01085: task 1963: Terminated
srun: error: frontier08753: task 15013: Terminated
srun: error: frontier04950: tasks 8560-8563,8565-8567: Terminated
srun: error: frontier06721: tasks 11568-11569,11571-11575: Terminated
srun: error: frontier01894: tasks 3320-3322,3324-3327: Terminated
srun: error: frontier01465: tasks 2520-2522,2524-2527: Terminated
srun: error: frontier00679: tasks 1184-1189,1191: Terminated
srun: error: frontier00083: tasks 216-220,222-223: Terminated
srun: error: frontier03344: task 5870: Terminated
srun: error: frontier02351: tasks 4120-4124,4126-4127: Terminated
srun: error: frontier08585: tasks 14672-14678: Terminated
srun: error: frontier00562: tasks 1016-1019,1021-1023: Terminated
srun: error: frontier03218: tasks 5624-5628,5630-5631: Terminated
srun: error: frontier06793: tasks 11664-11669,11671: Terminated
srun: error: frontier00014: task 12: Terminated
srun: error: frontier05267: task 9069: Terminated
srun: error: frontier05808: tasks 10064-10067,10069-10071: Terminated
srun: error: frontier01088: tasks 1984-1988,1990-1991: Terminated
srun: error: frontier06316: tasks 10864-10867,10869-10871: Terminated
srun: error: frontier05527: tasks 9528,9530-9535: Terminated
srun: error: frontier10150: tasks 16272-16278: Terminated
srun: error: frontier05045: tasks 8728-8731,8733-8735: Terminated
srun: error: frontier02439: task 4278: Terminated
srun: error: frontier00079: task 191: Terminated
srun: error: frontier07253: tasks 12464-12469,12471: Terminated
srun: error: frontier01595: tasks 2784-2790: Terminated
srun: error: frontier07689: tasks 13168-13169,13171-13175: Terminated
srun: error: frontier06410: task 11019: Terminated
srun: error: frontier06421: tasks 11032-11038: Terminated
srun: error: frontier02904: tasks 5088-5094: Terminated
srun: error: frontier01434: task 2508: Terminated
srun: error: frontier04628: tasks 8024-8026,8028-8031: Terminated
srun: error: frontier00284: tasks 480-483,485-487: Terminated
srun: error: frontier09013: tasks 15472-15478: Terminated
srun: error: frontier01217: task 2146: Terminated
srun: error: frontier09099: tasks 15568-15569,15571-15575: Terminated
srun: error: frontier06446: task 11108: Terminated
srun: error: frontier05715: task 9868: Terminated
srun: error: frontier01755: task 3024: Terminated
srun: error: frontier01052: tasks 1816-1817,1819-1823: Terminated
srun: error: frontier07617: task 13142: Terminated
srun: error: frontier03036: task 5332: Terminated
srun: error: frontier06869: tasks 11832-11835,11837-11839: Terminated
srun: error: frontier02817: tasks 4920-4923,4925-4927: Terminated
srun: error: frontier08124: tasks 13968-13973,13975: Terminated
srun: error: frontier08366: task 14378: Terminated
srun: error: frontier08621: tasks 14768-14773,14775: Terminated
srun: error: frontier03091: task 5430: Terminated
srun: error: frontier01505: tasks 2616-2621,2623: Terminated
srun: error: frontier03728: tasks 6520-6526: Terminated
srun: error: frontier04151: tasks 7224-7228,7230-7231: Terminated
srun: error: frontier03348: tasks 5888-5889,5891-5895: Terminated
srun: error: frontier03000: task 5253: Terminated
srun: error: frontier05168: task 8975: Terminated
srun: error: frontier01179: tasks 2080-2081,2083-2087: Terminated
srun: error: frontier03849: tasks 6688-6689,6691-6695: Terminated
srun: error: frontier08279: tasks 14232-14233,14235-14239: Terminated
srun: error: frontier07343: tasks 12632-12635,12637-12639: Terminated
srun: error: frontier02526: tasks 4384-4390: Terminated
srun: error: frontier05578: tasks 9624-9629,9631: Terminated
srun: error: frontier07847: tasks 13432-13438: Terminated
srun: error: frontier06463: tasks 11128-11131,11133-11135: Terminated
srun: error: frontier08734: tasks 14936-14942: Terminated
srun: error: frontier06950: tasks 11928-11930,11932-11935: Terminated
srun: error: frontier01086: task 1973: Terminated
srun: error: frontier09178: tasks 15736-15740,15742-15743: Terminated
srun: error: frontier01564: task 2766: Terminated
srun: error: frontier02404: task 4188: Terminated
srun: error: frontier01642: tasks 2880-2884,2886-2887: Terminated
srun: error: frontier10172: tasks 16368-16371,16373-16375: Terminated
srun: error: frontier03272: tasks 5720-5726: Terminated
srun: error: frontier05090: tasks 8824-8825,8827-8831: Terminated
srun: error: frontier00702: tasks 1280-1283,1285-1287: Terminated
srun: error: frontier01512: task 2679: Terminated
srun: error: frontier03477: task 6139: Terminated
srun: error: frontier05186: tasks 8992-8995,8997-8999: Terminated
srun: error: frontier08904: task 15274: Terminated
srun: error: frontier08114: task 13943: Terminated
srun: error: frontier00305: tasks 576-581,583: Terminated
srun: error: frontier05320: task 9235: Terminated
srun: error: frontier01758: tasks 3048-3051,3053-3055: Terminated
srun: error: frontier08793: task 15101: Terminated
srun: error: frontier02216: task 3925: Terminated
srun: error: frontier05925: task 10223: Terminated
srun: error: frontier04624: task 8010: Terminated
srun: error: frontier02123: tasks 3680-3682,3684-3687: Terminated
srun: error: frontier06339: task 10932: Terminated
srun: error: frontier04695: task 8183: Terminated
srun: error: frontier00424: tasks 744-749,751: Terminated
srun: error: frontier02966: tasks 5184-5185,5187-5191: Terminated
srun: error: frontier02194: tasks 3848-3852,3854-3855: Terminated
srun: error: frontier00831: tasks 1544-1547,1549-1551: Terminated
srun: error: frontier03666: tasks 6424-6430: Terminated
srun: error: frontier06624: tasks 11392-11397,11399: Terminated
srun: error: frontier06052: tasks 10424-10430: Terminated
srun: error: frontier03039: task 5346: Terminated
srun: error: frontier00828: task 1525: Terminated
srun: error: frontier03891: tasks 6784-6790: Terminated
srun: error: frontier09250: tasks 15832-15838: Terminated
srun: error: frontier05676: tasks 9792-9793,9795-9799: Terminated
srun: error: frontier07436: tasks 12728-12731,12733-12735: Terminated
srun: error: frontier03145: task 5519: Terminated
srun: error: frontier04765: tasks 8288-8290,8292-8295: Terminated
srun: error: frontier04303: tasks 7488-7489,7491-7495: Terminated
srun: error: frontier06865: task 11822: Terminated
srun: error: frontier03420: tasks 5984-5988,5990-5991: Terminated
srun: error: frontier08759: tasks 15032-15036,15038-15039: Terminated
srun: error: frontier04367: tasks 7584-7585,7587-7591: Terminated
srun: error: frontier08636: task 14834: Terminated
srun: error: frontier08477: tasks 14496-14501,14503: Terminated
srun: error: frontier06536: tasks 11224-11227,11229-11231: Terminated
srun: error: frontier01356: tasks 2344-2349,2351: Terminated
srun: error: frontier02562: tasks 4480-4486: Terminated
srun: error: frontier06165: tasks 10592-10593,10595-10599: Terminated
srun: error: frontier04359: task 7555: Terminated
srun: error: frontier01243: task 2158: Terminated
srun: error: frontier00677: task 1172: Terminated
srun: error: frontier05275: tasks 9088-9089,9091-9095: Terminated
srun: error: frontier03866: task 6756: Terminated
srun: error: frontier07884: tasks 13528-13529,13531-13535: Terminated
srun: error: frontier03019: tasks 5280-5286: Terminated
srun: error: frontier04445: tasks 7752-7755,7757-7759: Terminated
srun: error: frontier08350: tasks 14328-14332,14334-14335: Terminated
srun: error: frontier03096: tasks 5448-5449,5451-5455: Terminated
srun: error: frontier06819: task 11734: Terminated
srun: error: frontier00027: tasks 40-41,43-47: Terminated
srun: error: frontier02062: tasks 3584-3588,3590-3591: Terminated
srun: error: frontier02656: tasks 4648-4651,4653-4655: Terminated
srun: error: frontier04900: task 8454: Terminated
srun: error: frontier07134: task 12259: Terminated
srun: error: frontier07966: task 13672: Terminated
srun: error: frontier07576: tasks 12992-12995,12997-12999: Terminated
srun: error: frontier06199: tasks 10688-10692,10694-10695: Terminated
srun: error: frontier03589: tasks 6248-6251,6253-6255: Terminated
srun: error: frontier04826: tasks 8384-8389,8391: Terminated
srun: error: frontier07089: tasks 12192-12194,12196-12199: Terminated
srun: error: frontier01892: task 3308: Terminated
srun: error: frontier07971: tasks 13696-13700,13702-13703: Terminated
srun: error: frontier05980: tasks 10328-10330,10332-10335: Terminated
srun: error: frontier00449: tasks 840-845,847: Terminated
srun: error: frontier02250: tasks 3944-3947,3949-3951: Terminated
srun: error: frontier00298: task 549: Terminated
srun: error: frontier05303: tasks 9184-9185,9187-9191: Terminated
srun: error: frontier01538: task 2683: Terminated
srun: error: frontier03476: task 6132: Terminated
srun: error: frontier05557: task 9599: Terminated
srun: error: frontier09242: task 15820: Terminated
srun: error: frontier01802: task 3133: Terminated
srun: error: frontier01813: tasks 3144-3149,3151: Terminated
srun: error: frontier06698: tasks 11488-11493,11495: Terminated
srun: error: frontier04050: tasks 7048-7051,7053-7055: Terminated
srun: error: frontier05718: tasks 9888-9891,9893-9895: Terminated
srun: error: frontier00317: task 636: Terminated
srun: error: frontier04947: tasks 8552-8554,8556-8559: Terminated
srun: error: frontier05778: task 9957: Terminated
srun: error: frontier08854: tasks 15128-15130,15132-15135: Terminated
srun: error: frontier05006: task 8629: Terminated
srun: error: frontier07998: tasks 13792-13795,13797-13799: Terminated
srun: error: frontier07232: task 12434: Terminated
srun: error: frontier06443: task 11099: Terminated
srun: error: frontier08508: tasks 14592-14596,14598-14599: Terminated
srun: error: frontier02637: task 4625: Terminated
srun: error: frontier08916: tasks 15296-15300,15302-15303: Terminated
srun: error: frontier04897: task 8439: Terminated
srun: error: frontier06153: task 10575: Terminated
srun: error: frontier06158: task 10579: Terminated
srun: error: frontier02708: tasks 4744-4749,4751: Terminated
srun: error: frontier00318: task 646: Terminated
srun: error: frontier02330: task 4090: Terminated
srun: error: frontier06622: task 11383: Terminated
srun: error: frontier05417: tasks 9352-9358: Terminated
srun: error: frontier08725: task 14927: Terminated
srun: error: frontier05901: tasks 10152-10157,10159: Terminated
srun: error: frontier09394: tasks 16096-16100,16102-16103: Terminated
srun: error: frontier00167: tasks 304-310: Terminated
srun: error: frontier00179: task 373: Terminated
srun: error: frontier07453: task 12797: Terminated
srun: error: frontier09284: tasks 15928-15929,15931-15935: Terminated
srun: error: frontier05272: task 9077: Terminated
srun: error: frontier04249: task 7380: Terminated
srun: error: frontier02841: task 4999: Terminated
srun: error: frontier08346: task 14299: Terminated
srun: error: frontier00950: tasks 1640-1644,1646-1647: Terminated
srun: error: frontier00578: tasks 1104-1107,1109-1111: Terminated
srun: error: frontier04250: task 7388: Terminated
srun: error: frontier06497: task 11196: Terminated
srun: error: frontier09390: task 16077: Terminated
srun: error: frontier09241: task 15815: Terminated
srun: error: frontier03760: task 6572: Terminated
srun: error: frontier04290: task 7471: Terminated
srun: error: frontier07141: tasks 12288-12291,12293-12295: Terminated
srun: error: frontier01051: tasks 1808-1811,1813-1815: Terminated
srun: error: frontier03644: tasks 6344-6350: Terminated
srun: error: frontier04514: tasks 7848-7852,7854-7855: Terminated
srun: error: frontier09125: task 15634: Terminated
srun: error: frontier06970: task 12000: Terminated
srun: error: frontier01504: tasks 2608-2612,2614-2615: Terminated
srun: error: frontier04971: task 8619: Terminated
srun: error: frontier03550: task 6231: Terminated
srun: error: frontier01874: tasks 3240-3241,3243-3247: Terminated
srun: error: frontier02318: tasks 4040-4043,4045-4047: Terminated
srun: error: frontier01385: tasks 2440-2445,2447: Terminated
srun: error: frontier09277: task 15906: Terminated
srun: error: frontier05674: task 9782: Terminated
srun: error: frontier01075: tasks 1904-1908,1910-1911: Terminated
srun: error: frontier07705: task 13237: Terminated
srun: error: frontier00558: task 990: Terminated
srun: error: frontier05456: tasks 9448-9450,9452-9455: Terminated
srun: error: frontier05524: task 9518: Terminated
srun: error: frontier05789: tasks 9984-9987,9989-9991: Terminated
srun: error: frontier08213: tasks 14056-14062: Terminated
srun: error: frontier10127: tasks 16192-16198: Terminated
srun: error: frontier03160: tasks 5544-5547,5549-5551: Terminated
srun: error: frontier05801: task 10036: Terminated
srun: error: frontier01944: tasks 3408-3411,3413-3415: Terminated
srun: error: frontier04137: task 7214: Terminated
srun: error: frontier07599: tasks 13088-13093,13095: Terminated
srun: error: frontier05014: tasks 8648-8653,8655: Terminated
srun: error: frontier07240: tasks 12456-12458,12460-12463: Terminated
srun: error: frontier00053: task 107: Terminated
srun: error: frontier07732: task 13324: Terminated
srun: error: frontier03926: task 6850: Terminated
srun: error: frontier00192: tasks 400-405,407: Terminated
srun: error: frontier04181: tasks 7312-7313,7315-7319: Terminated
srun: error: frontier08106: tasks 13888-13891,13893-13895: Terminated
srun: error: frontier02143: task 3733: Terminated
srun: error: frontier01547: tasks 2704-2708,2710-2711: Terminated
srun: error: frontier03727: tasks 6512-6518: Terminated
srun: error: frontier06825: tasks 11752-11757,11759: Terminated
srun: error: frontier02411: tasks 4208-4209,4211-4215: Terminated
srun: error: frontier08998: tasks 15392-15397,15399: Terminated
srun: error: frontier06350: tasks 10952-10954,10956-10959: Terminated
srun: error: frontier05803: task 10046: Terminated
srun: error: frontier02839: task 4986: Terminated
srun: error: frontier07717: tasks 13256-13258,13260-13263: Terminated
srun: error: frontier10170: tasks 16360-16361,16363-16367: Terminated
srun: error: frontier04110: tasks 7144-7148,7150-7151: Terminated
srun: error: frontier06425: tasks 11048-11052,11054-11055: Terminated
srun: error: frontier00815: task 1447: Terminated
srun: error: frontier07316: tasks 12552-12558: Terminated
srun: error: frontier09240: task 15805: Terminated
srun: error: frontier04566: tasks 7944-7946,7948-7951: Terminated
srun: error: frontier00685: tasks 1200-1202,1204-1207: Terminated
srun: error: frontier00798: tasks 1368-1369,1371-1375: Terminated
srun: error: frontier07010: task 12077: Terminated
srun: error: frontier02851: tasks 5008-5009,5011-5015: Terminated
srun: error: frontier06535: tasks 11216-11217,11219-11223: Terminated
srun: error: frontier10147: task 16252: Terminated
srun: error: frontier04686: tasks 8112-8113,8115-8119: Terminated
srun: error: frontier00304: tasks 568-570,572-575: Terminated
srun: error: frontier07757: tasks 13352-13356,13358-13359: Terminated
srun: error: frontier03311: tasks 5808-5814: Terminated
srun: error: frontier08653: tasks 14856-14860,14862-14863: Terminated
srun: error: frontier06231: task 10755: Terminated
srun: error: frontier03038: task 5338: Terminated
srun: error: frontier05149: task 8890: Terminated
srun: error: frontier03787: tasks 6608-6611,6613-6615: Terminated
srun: error: frontier01250: tasks 2168-2173,2175: Terminated
srun: error: frontier03409: task 5962: Terminated
srun: error: frontier08470: task 14483: Terminated
srun: error: frontier05292: task 9156: Terminated
srun: error: frontier05936: tasks 10248-10253,10255: Terminated
srun: error: frontier01065: task 1884: Terminated
srun: error: frontier04253: tasks 7408-7411,7413-7415: Terminated
srun: error: frontier05156: tasks 8912-8916,8918-8919: Terminated
srun: error: frontier02455: tasks 4304-4307,4309-4311: Terminated
srun: error: frontier07197: task 12358: Terminated
srun: error: frontier09176: task 15724: Terminated
srun: error: frontier06067: task 10494: Terminated
srun: error: frontier02018: tasks 3504-3510: Terminated
srun: error: frontier06050: tasks 10416-10422: Terminated
srun: error: frontier01096: tasks 2000-2001,2003-2007: Terminated
srun: error: frontier03213: task 5614: Terminated
srun: error: frontier03013: tasks 5272-5274,5276-5279: Terminated
srun: error: frontier00438: task 814: Terminated
srun: error: frontier09136: tasks 15656-15662: Terminated
srun: error: frontier01700: tasks 2968-2971,2973-2975: Terminated
srun: error: frontier02285: task 4010: Terminated
srun: error: frontier00396: tasks 664-667,669-671: Terminated
srun: error: frontier02561: tasks 4472-4478: Terminated
srun: error: frontier06621: task 11373: Terminated
srun: error: frontier08240: tasks 14152-14157,14159: Terminated
srun: error: frontier07463: tasks 12816-12822: Terminated
srun: error: frontier06878: tasks 11848-11853,11855: Terminated
srun: error: frontier06986: tasks 12016-12017,12019-12023: Terminated
srun: error: frontier05637: tasks 9712-9716,9718-9719: Terminated
srun: error: frontier06935: task 11907: Terminated
srun: error: frontier09172: task 15719: Terminated
srun: error: frontier04741: tasks 8208-8213,8215: Terminated
srun: error: frontier03469: tasks 6072-6074,6076-6079: Terminated
srun: error: frontier07355: tasks 12648-12652,12654-12655: Terminated
srun: error: frontier05444: task 9423: Terminated
srun: error: frontier09132: task 15644: Terminated
srun: error: frontier07957: tasks 13616-13617,13619-13623: Terminated
srun: error: frontier06937: task 11916: Terminated
srun: error: frontier09226: tasks 15752-15757,15759: Terminated
srun: error: frontier02907: tasks 5104-5110: Terminated
srun: error: frontier06595: tasks 11312-11314,11316-11319: Terminated
srun: error: frontier00787: task 1351: Terminated
srun: error: frontier08717: task 14918: Terminated
srun: error: frontier04031: task 7028: Terminated
srun: error: frontier06094: tasks 10512-10517,10519: Terminated
srun: error: frontier07332: task 12621: Terminated
srun: error: frontier00164: task 294: Terminated
srun: error: frontier03358: tasks 5904-5910: Terminated
srun: error: frontier00819: tasks 1464-1469,1471: Terminated
srun: error: frontier02605: tasks 4568-4571,4573-4575: Terminated
srun: error: frontier05302: tasks 9176-9177,9179-9183: Terminated
srun: error: frontier05202: tasks 9008-9009,9011-9015: Terminated
srun: error: frontier07068: tasks 12112-12118: Terminated
srun: error: frontier06683: task 11460: Terminated
srun: error: frontier02030: task 3566: Terminated
srun: error: frontier08737: tasks 14952-14958: Terminated
srun: error: frontier01295: tasks 2264-2265,2267-2271: Terminated
srun: error: frontier01756: task 3036: Terminated
srun: error: frontier08613: task 14750: Terminated
srun: error: frontier02541: task 4451: Terminated
srun: error: frontier03255: task 5701: Terminated
srun: error: frontier06574: task 11290: Terminated
srun: error: frontier01940: task 3388: Terminated
srun: error: frontier08852: tasks 15120-15121,15123-15127: Terminated
srun: error: frontier03552: task 6235: Terminated
srun: error: frontier00065: tasks 128-129,131-135: Terminated
srun: error: frontier03857: tasks 6704-6710: Terminated
srun: error: frontier07592: task 13062: Terminated
srun: error: frontier00428: tasks 760-763,765-767: Terminated
srun: error: frontier04405: tasks 7672-7676,7678-7679: Terminated
srun: error: frontier03075: tasks 5368-5373,5375: Terminated
srun: error: frontier08994: task 15373: Terminated
srun: error: frontier08234: task 14126: Terminated
srun: error: frontier02781: task 4895: Terminated
srun: error: frontier09280: tasks 15920-15921,15923-15927: Terminated
srun: error: frontier05085: task 8802: Terminated
srun: error: frontier08208: task 14044: Terminated
srun: error: frontier08614: task 14754: Terminated
srun: error: frontier01760: tasks 3064-3068,3070-3071: Terminated
srun: error: frontier02152: tasks 3768-3774: Terminated
srun: error: frontier03929: tasks 6872-6877,6879: Terminated
srun: error: frontier05788: tasks 9976-9980,9982-9983: Terminated
srun: error: frontier07052: task 12082: Terminated
srun: error: frontier08884: task 15186: Terminated
srun: error: frontier06234: tasks 10776-10778,10780-10783: Terminated
srun: error: frontier01870: tasks 3233-3239: Terminated
srun: error: frontier07478: task 12878: Terminated
srun: error: frontier05684: tasks 9808-9811,9813-9815: Terminated
srun: error: frontier00545: tasks 928-933,935: Terminated
srun: error: frontier04294: task 7474: Terminated
srun: error: frontier08376: tasks 14416-14421,14423: Terminated
srun: error: frontier03510: tasks 6168-6169,6171-6175: Terminated
srun: error: frontier05972: task 10310: Terminated
srun: error: frontier06190: task 10677: Terminated
srun: error: frontier06627: tasks 11408-11413,11415: Terminated
srun: error: frontier02197: tasks 3864-3869,3871: Terminated
srun: error: frontier00273: task 458: Terminated
srun: error: frontier05673: task 9773: Terminated
srun: error: frontier07306: task 12541: Terminated
srun: error: frontier07495: task 12900: Terminated
srun: error: frontier06715: task 11563: Terminated
srun: error: frontier05714: task 9863: Terminated
srun: error: frontier02307: tasks 4032-4038: Terminated
srun: error: frontier02888: task 5076: Terminated
srun: error: frontier06176: tasks 10608-10611,10613-10615: Terminated
srun: error: frontier04360: task 7564: Terminated
srun: error: frontier00961: tasks 1728-1729,1731-1735: Terminated
srun: error: frontier08889: tasks 15216-15219,15221-15223: Terminated
srun: error: frontier03989: tasks 6968-6974: Terminated
srun: error: frontier04441: task 7730: Terminated
srun: error: frontier07706: task 13243: Terminated
srun: error: frontier03465: task 6058: Terminated
srun: error: frontier04906: tasks 8472-8476,8478-8479: Terminated
srun: error: frontier00693: task 1262: Terminated
srun: error: frontier06969: task 11994: Terminated
srun: error: frontier02764: tasks 4832-4833,4835-4839: Terminated
srun: error: frontier07233: task 12446: Terminated
srun: error: frontier08480: tasks 14512-14517,14519: Terminated
srun: error: frontier07874: task 13498: Terminated
srun: error: frontier01466: tasks 2529-2535: Terminated
srun: error: frontier02076: task 3652: Terminated
srun: error: frontier00129: tasks 224-228,230-231: Terminated
srun: error: frontier00698: task 1269: Terminated
srun: error: frontier00161: task 285: Terminated
srun: error: frontier00816: task 1455: Terminated
srun: error: frontier08100: tasks 13880-13881,13883-13887: Terminated
srun: error: frontier03805: task 6666: Terminated
srun: error: frontier07501: tasks 12912-12914,12916-12919: Terminated
srun: error: frontier04492: tasks 7768-7774: Terminated
srun: error: frontier08536: task 14663: Terminated
srun: error: frontier02523: task 4363: Terminated
srun: error: frontier04126: task 7197: Terminated
srun: error: frontier07215: tasks 12377-12383: Terminated
srun: error: frontier09372: tasks 16016-16022: Terminated
srun: error: frontier03663: task 6413: Terminated
srun: error: frontier01261: task 2231: Terminated
srun: error: frontier07570: task 12973: Terminated
srun: error: frontier00540: task 910: Terminated
srun: error: frontier07977: tasks 13712-13716,13718-13719: Terminated
srun: error: frontier07986: task 13773: Terminated
srun: error: frontier06820: task 11738: Terminated
srun: error: frontier07627: task 13155: Terminated
srun: error: frontier00829: task 1534: Terminated
srun: error: frontier02660: tasks 4664-4670: Terminated
srun: error: frontier08587: tasks 14680-14685,14687: Terminated
srun: error: frontier01632: task 2858: Terminated
srun: error: frontier01847: task 3219: Terminated
srun: error: frontier03661: task 6396: Terminated
srun: error: frontier06726: tasks 11576-11581,11583: Terminated
srun: error: frontier04952: tasks 8568,8570-8575: Terminated
srun: error: frontier00563: tasks 1024-1027,1029-1031: Terminated
srun: error: frontier03346: task 5879: Terminated
srun: error: frontier05809: tasks 10072-10078: Terminated
srun: error: frontier06304: task 10837: Terminated
srun: error: frontier01895: tasks 3328-3333,3335: Terminated
srun: error: frontier03118: tasks 5464-5466,5468-5471: Terminated
srun: error: frontier05382: tasks 9272-9278: Terminated
srun: error: frontier02395: tasks 4128-4132,4134-4135: Terminated
srun: error: frontier05422: tasks 9368-9373,9375: Terminated
srun: error: frontier01054: tasks 1824-1829,1831: Terminated
srun: error: frontier03246: task 5692: Terminated
srun: error: frontier01941: task 3394: Terminated
srun: error: frontier02335: task 4107: Terminated
srun: error: frontier06189: task 10668: Terminated
srun: error: frontier04564: tasks 7936-7937,7939-7943: Terminated
srun: error: frontier03983: task 6935: Terminated
srun: error: frontier02582: task 4551: Terminated
srun: error: frontier10148: task 16261: Terminated
srun: error: frontier07691: tasks 13176-13179,13181-13183: Terminated
srun: error: frontier02217: task 3932: Terminated
srun: error: frontier01890: task 3290: Terminated
srun: error: frontier01090: tasks 1992-1996,1998-1999: Terminated
srun: error: frontier00422: task 730: Terminated
srun: error: frontier03984: task 6942: Terminated
srun: error: frontier03219: tasks 5632-5633,5635-5639: Terminated
srun: error: frontier03667: tasks 6432-6433,6435-6439: Terminated
srun: error: frontier05531: tasks 9536-9537,9539-9543: Terminated
srun: error: frontier07375: task 12701: Terminated
srun: error: frontier01565: task 2772: Terminated
srun: error: frontier05046: tasks 8736-8741,8743: Terminated
srun: error: frontier08932: tasks 15312-15313,15315-15319: Terminated
srun: error: frontier05077: task 8798: Terminated
srun: error: frontier06317: tasks 10872-10874,10876-10879: Terminated
srun: error: frontier01506: tasks 2624-2626,2628-2631: Terminated
srun: error: frontier08610: task 14742: Terminated
srun: error: frontier09018: tasks 15480-15486: Terminated
srun: error: frontier06874: tasks 11840-11841,11843-11847: Terminated
srun: error: frontier07574: task 12981: Terminated
srun: error: frontier04629: tasks 8032-8038: Terminated
srun: error: frontier01494: task 2591: Terminated
srun: error: frontier03279: tasks 5728-5732,5734-5735: Terminated
srun: error: frontier01947: tasks 3424-3425,3427-3431: Terminated
srun: error: frontier02408: task 4198: Terminated
srun: error: frontier07354: tasks 12640-12642,12644-12647: Terminated
srun: error: frontier04920: task 8540: Terminated
srun: error: frontier04745: task 8216: Aborted (core dumped)
srun: error: frontier06797: tasks 11672-11675,11677-11679: Terminated
srun: error: frontier01596: tasks 2792-2798: Terminated
srun: error: frontier10151: tasks 16280-16284,16286-16287: Terminated
srun: error: frontier02065: tasks 3592-3595,3597-3599: Terminated
srun: error: frontier00704: tasks 1288-1293,1295: Terminated
srun: error: frontier05336: task 9244: Terminated
srun: error: frontier04152: tasks 7232-7238: Terminated
srun: error: frontier02583: task 4559: Terminated
srun: error: frontier03001: task 5260: Terminated
srun: error: frontier06450: task 11119: Terminated
srun: error: frontier00285: tasks 488-492,494-495: Terminated
srun: error: frontier08125: tasks 13976-13978,13980-13983: Terminated
srun: error: frontier09391: task 16083: Terminated
srun: error: frontier02336: task 4115: Terminated
srun: error: frontier05982: tasks 10336-10340,10342-10343: Terminated
srun: error: frontier03152: task 5532: Terminated
srun: error: frontier01631: task 2850: Terminated
srun: error: frontier03216: task 5623: Terminated
srun: error: frontier02145: task 3746: Terminated
srun: error: frontier03729: tasks 6528-6532,6534-6535: Terminated
srun: error: frontier01182: tasks 2088-2091,2093-2095: Terminated
srun: error: frontier06046: task 10398: Terminated
srun: error: frontier09100: tasks 15576-15579,15581-15583: Terminated
srun: error: frontier02818: tasks 4928-4930,4932-4935: Terminated
srun: error: frontier08496: task 14578: Terminated
srun: error: frontier07084: task 12181: Terminated
srun: error: frontier03855: tasks 6696-6699,6701-6703: Terminated
srun: error: frontier10173: tasks 16376-16377,16379-16383: Terminated
srun: error: frontier03357: tasks 5896-5897,5899-5903: Terminated
srun: error: frontier01036: task 1788: Terminated
srun: error: frontier07255: tasks 12472-12476,12478-12479: Terminated
srun: error: frontier01435: task 2518: Terminated
srun: error: frontier00054: task 114: Terminated
srun: error: frontier08622: tasks 14776-14778,14780-14783: Terminated
srun: error: frontier04820: task 8359: Terminated
srun: error: frontier04226: tasks 7328-7331,7333-7335: Terminated
srun: error: frontier06464: tasks 11136-11140,11142-11143: Terminated
srun: error: frontier04043: task 7036: Terminated
srun: error: frontier02527: tasks 4392-4395,4397-4399: Terminated
srun: error: frontier08218: tasks 14072-14076,14078-14079: Terminated
srun: error: frontier07379: task 12719: Terminated
srun: error: frontier05976: task 10326: Terminated
srun: error: frontier07848: tasks 13440-13444,13446-13447: Terminated
srun: error: frontier03782: task 6586: Terminated
srun: error: frontier05030: task 8721: Terminated
srun: error: frontier02650: task 4632: Terminated
srun: error: frontier07723: tasks 13272-13273,13275-13279: Terminated
srun: error: frontier04304: tasks 7496-7502: Terminated
srun: error: frontier04620: task 7998: Terminated
srun: error: frontier09361: task 15986: Terminated
srun: error: frontier04903: task 8463: Terminated
srun: error: frontier00543: task 919: Terminated
srun: error: frontier05091: tasks 8832-8833,8835-8839: Terminated
srun: error: frontier06955: tasks 11936-11937,11939-11943: Terminated
srun: error: frontier00306: tasks 584-589,591: Terminated
srun: error: frontier01539: task 2694: Terminated
srun: error: frontier05974: task 10318: Terminated
srun: error: frontier03421: tasks 5992-5994,5996-5999: Terminated
srun: error: frontier00802: tasks 1384-1390: Terminated
srun: error: frontier05453: task 9438: Terminated
srun: error: frontier07886: tasks 13536-13539,13541-13543: Terminated
srun: error: frontier05580: tasks 9632-9634,9636-9639: Terminated
srun: error: frontier02784: task 4915: Terminated
srun: error: frontier06053: tasks 10432-10436,10438-10439: Terminated
srun: error: frontier01566: task 2782: Terminated
srun: error: frontier08329: tasks 14240-14245,14247: Terminated
srun: error: frontier05848: task 10133: Terminated
srun: error: frontier06575: task 11298: Terminated
srun: error: frontier02967: tasks 5192-5195,5197-5199: Terminated
srun: error: frontier01645: tasks 2888-2893,2895: Terminated
srun: error: frontier02564: tasks 4488-4494: Terminated
srun: error: frontier04772: tasks 8296-8297,8299-8303: Terminated
srun: error: frontier05276: tasks 9096-9097,9099-9103: Terminated
srun: error: frontier04688: tasks 8128-8130,8132-8135: Terminated
srun: error: frontier03892: tasks 6792-6794,6796-6799: Terminated
srun: error: frontier01378: task 2411: Terminated
srun: error: frontier07437: tasks 12736-12741,12743: Terminated
srun: error: frontier04762: task 8277: Terminated
srun: error: frontier00021: task 29: Terminated
srun: error: frontier05599: task 9691: Terminated
srun: error: frontier06312: task 10861: Terminated
srun: error: frontier08351: tasks 14336-14337,14339-14343: Terminated
srun: error: frontier02134: tasks 3688-3692,3694-3695: Terminated
srun: error: frontier06174: tasks 10600-10602,10604-10607: Terminated
srun: error: frontier06995: tasks 12032-12034,12036-12039: Terminated
srun: error: frontier04556: task 7916: Terminated
srun: error: frontier00029: tasks 48-51,53-55: Terminated
srun: error: frontier09093: task 15543: Terminated
srun: error: frontier00425: tasks 752-756,758-759: Terminated
srun: error: frontier05806: task 10063: Terminated
srun: error: frontier09366: task 16001: Terminated
srun: error: frontier02657: tasks 4656-4658,4660-4663: Terminated
srun: error: frontier00080: task 198: Terminated
srun: error: frontier08120: task 13965: Terminated
srun: error: frontier06545: tasks 11232-11237,11239: Terminated
srun: error: frontier08760: tasks 15040-15046: Terminated
srun: error: frontier08203: task 14038: Terminated
srun: error: frontier01357: tasks 2352-2357,2359: Terminated
srun: error: frontier05337: task 9254: Terminated
srun: error: frontier09251: tasks 15840-15846: Terminated
srun: error: frontier05010: task 8634: Terminated
srun: error: frontier01814: tasks 3152-3157,3159: Terminated
srun: error: frontier04178: task 7293: Terminated
srun: error: frontier02782: task 4898: Terminated
srun: error: frontier01252: tasks 2184-2187,2189-2191: Terminated
srun: error: frontier02059: task 3578: Terminated
srun: error: frontier08913: task 15284: Terminated
srun: error: frontier00834: tasks 1552-1555,1557-1559: Terminated
srun: error: frontier03867: task 6767: Terminated
srun: error: frontier04102: task 7125: Terminated
srun: error: frontier05719: tasks 9896-9901,9903: Terminated
srun: error: frontier03724: task 6499: Terminated
srun: error: frontier02957: task 5159: Terminated
srun: error: frontier07985: task 13762: Terminated
srun: error: frontier04368: tasks 7592-7595,7597-7599: Terminated
srun: error: frontier06625: tasks 11400-11404,11406-11407: Terminated
srun: error: frontier06232: task 10767: Terminated
srun: error: frontier07303: task 12534: Terminated
srun: error: frontier07094: tasks 12200-12201,12203-12207: Terminated
srun: error: frontier02524: task 4375: Terminated
srun: error: frontier07577: tasks 13000-13005,13007: Terminated
srun: error: frontier01174: task 2051: Terminated
srun: error: frontier00181: task 383: Terminated
srun: error: frontier03028: tasks 5288-5292,5294-5295: Terminated
srun: error: frontier05451: task 9426: Terminated
srun: error: frontier00451: tasks 848-850,852-855: Terminated
srun: error: frontier08996: task 15379: Terminated
srun: error: frontier01087: task 1982: Terminated
srun: error: frontier05308: tasks 9192-9193,9195-9199: Terminated
srun: error: frontier00951: tasks 1648-1654: Terminated
srun: error: frontier03100: tasks 5456-5462: Terminated
srun: error: frontier08858: tasks 15136-15142: Terminated
srun: error: frontier04623: task 8005: Terminated
srun: error: frontier00442: task 822: Terminated
srun: error: frontier06939: task 11922: Terminated
srun: error: frontier09177: task 15731: Terminated
srun: error: frontier05419: tasks 9360-9364,9366-9367: Terminated
srun: error: frontier03040: task 5358: Terminated
srun: error: frontier02016: task 3495: Terminated
srun: error: frontier07469: tasks 12832-12833,12835-12839: Terminated
srun: error: frontier03297: task 5790: Terminated
srun: error: frontier03590: tasks 6256-6262: Terminated
srun: error: frontier04388: task 7650: Terminated
srun: error: frontier02709: tasks 4752-4757,4759: Terminated
srun: error: frontier06700: tasks 11496-11502: Terminated
srun: error: frontier03471: tasks 6088-6093,6095: Terminated
srun: error: frontier07384: task 12722: Terminated
srun: error: frontier09286: tasks 15936-15942: Terminated
srun: error: frontier01290: task 2253: Terminated
srun: error: frontier06200: tasks 10696-10698,10700-10703: Terminated
srun: error: frontier07065: task 12098: Terminated
srun: error: frontier04828: tasks 8392-8396,8398-8399: Terminated
srun: error: frontier08931: tasks 15304-15310: Terminated
srun: error: frontier08347: task 14310: Terminated
srun: error: frontier03931: tasks 6888-6889,6891-6895: Terminated
srun: error: frontier05790: tasks 9992-9993,9995-9999: Terminated
srun: error: frontier02266: tasks 3952-3953,3955-3959: Terminated
srun: error: frontier09395: tasks 16104-16108,16110-16111: Terminated
srun: error: frontier07999: tasks 13800-13803,13805-13807: Terminated
srun: error: frontier08885: task 15196: Terminated
srun: error: frontier01882: tasks 3248-3253,3255: Terminated
srun: error: frontier01687: task 2950: Terminated
srun: error: frontier00547: tasks 944-949,951: Terminated
srun: error: frontier01345: task 2333: Terminated
srun: error: frontier00168: tasks 312-316,318-319: Terminated
srun: error: frontier09098: task 15565: Terminated
srun: error: frontier05089: task 8818: Terminated
srun: error: frontier06162: task 10588: Terminated
srun: error: frontier01945: tasks 3416-3422: Terminated
srun: error: frontier04098: task 7115: Terminated
srun: error: frontier00319: task 650: Terminated
srun: error: frontier07987: task 13783: Terminated
srun: error: frontier07171: tasks 12296-12299,12301-12303: Terminated
srun: error: frontier02013: task 3484: Terminated
srun: error: frontier01289: task 2242: Terminated
srun: error: frontier02319: tasks 4048-4054: Terminated
srun: error: frontier00559: task 999: Terminated
srun: error: frontier04251: task 7395: Terminated
srun: error: frontier08238: task 14143: Terminated
srun: error: frontier02192: task 3842: Terminated
srun: error: frontier10129: tasks 16200-16206: Terminated
srun: error: frontier08108: tasks 13896-13900,13902-13903: Terminated
srun: error: frontier02965: task 5178: Terminated
srun: error: frontier04053: tasks 7056-7059,7061-7063: Terminated
srun: error: frontier02079: task 3663: Terminated
srun: error: frontier01077: tasks 1912-1916,1918-1919: Terminated
srun: error: frontier05780: task 9965: Terminated
srun: error: frontier00068: tasks 144-145,147-151: Terminated
srun: error: frontier03645: tasks 6352-6355,6357-6359: Terminated
srun: error: frontier02900: task 5084: Terminated
srun: error: frontier06687: task 11474: Terminated
srun: error: frontier06284: tasks 10792-10797,10799: Terminated
srun: error: frontier08517: tasks 14600-14602,14604-14607: Terminated
srun: error: frontier05525: task 9526: Terminated
srun: error: frontier04520: tasks 7856-7862: Terminated
srun: error: frontier02774: tasks 4848-4849,4851-4855: Terminated
srun: error: frontier06826: tasks 11760-11762,11764-11767: Terminated
srun: error: frontier00662: tasks 1112-1114,1116-1119: Terminated
srun: error: frontier08493: task 14562: Terminated
srun: error: frontier04114: tasks 7152-7157,7159: Terminated
srun: error: frontier03927: task 6862: Terminated
srun: error: frontier07600: tasks 13096-13100,13102-13103: Terminated
srun: error: frontier03161: tasks 5552-5553,5555-5559: Terminated
srun: error: frontier05016: tasks 8656-8658,8660-8663: Terminated
srun: error: frontier04182: tasks 7320-7321,7323-7327: Terminated
srun: error: frontier08264: task 14227: Terminated
srun: error: frontier06090: task 10503: Terminated
srun: error: frontier05902: tasks 10160-10165,10167: Terminated
srun: error: frontier01689: task 2959: Terminated
srun: error: frontier01381: task 2421: Terminated
srun: error: frontier02700: task 4718: Terminated
srun: error: frontier08601: tasks 14696-14698,14700-14703: Terminated
srun: error: frontier08999: tasks 15400-15401,15403-15407: Terminated
srun: error: frontier06358: tasks 10960-10961,10963-10967: Terminated
srun: error: frontier09096: task 15548: Terminated
srun: error: frontier09272: task 15897: Terminated
srun: error: frontier02208: task 3919: Terminated
srun: error: frontier07319: tasks 12560-12561,12563-12567: Terminated
srun: error: frontier07722: tasks 13264-13269,13271: Terminated
srun: error: frontier00938: task 1608: Terminated
srun: error: frontier00193: tasks 408-413,415: Terminated
srun: error: frontier07875: task 13506: Terminated
srun: error: frontier02450: task 4292: Terminated
srun: error: frontier00686: tasks 1208-1213,1215: Terminated
srun: error: frontier08217: tasks 14064-14068,14070-14071: Terminated
srun: error: frontier00958: task 1711: Terminated
srun: error: frontier02744: task 4815: Terminated
srun: error: frontier06623: task 11388: Terminated
srun: error: frontier05937: tasks 10256-10258,10260-10263: Terminated
srun: error: frontier03334: tasks 5816-5821,5823: Terminated
srun: error: frontier01386: tasks 2448-2452,2454-2455: Terminated
srun: error: frontier00678: task 1180: Terminated
srun: error: frontier01757: task 3043: Terminated
srun: error: frontier00830: task 1540: Terminated
srun: error: frontier05157: tasks 8920-8923,8925-8927: Terminated
srun: error: frontier00799: tasks 1376-1382: Terminated
srun: error: frontier04567: tasks 7952-7957,7959: Terminated
srun: error: frontier04366: task 7579: Terminated
srun: error: frontier01839: task 3215: Terminated
srun: error: frontier03606: task 6319: Terminated
srun: error: frontier02458: tasks 4312-4318: Terminated
srun: error: frontier08655: tasks 14864-14865,14867-14871: Terminated
srun: error: frontier01553: tasks 2712-2713,2715-2719: Terminated
srun: error: frontier03791: tasks 6616-6622: Terminated
srun: error: frontier05058: tasks 8752-8756,8758-8759: Terminated
srun: error: frontier02854: tasks 5016-5020,5022-5023: Terminated
srun: error: frontier04687: tasks 8120-8125,8127: Terminated
srun: error: frontier05536: tasks 9552-9554,9556-9559: Terminated
srun: error: frontier04150: task 7218: Terminated
srun: error: frontier01251: tasks 2176-2181,2183: Terminated
srun: error: frontier05675: task 9788: Terminated
srun: error: frontier06879: tasks 11856-11860,11862-11863: Terminated
srun: error: frontier02702: task 4735: Terminated
srun: error: frontier07758: tasks 13360-13365,13367: Terminated
srun: error: frontier06426: tasks 11056-11057,11059-11063: Terminated
srun: error: frontier01612: tasks 2808-2811,2813-2815: Terminated
srun: error: frontier02019: tasks 3512-3517,3519: Terminated
srun: error: frontier05649: tasks 9720-9724,9726-9727: Terminated
srun: error: frontier05150: task 8900: Terminated
srun: error: frontier09030: tasks 15496-15501,15503: Terminated
srun: error: frontier10149: task 16267: Terminated
srun: error: frontier09363: task 15995: Terminated
srun: error: frontier09139: tasks 15664-15666,15668-15671: Terminated
srun: error: frontier01701: tasks 2977-2983: Terminated
srun: error: frontier01153: tasks 2008-2013,2015: Terminated
srun: error: frontier02148: task 3758: Terminated
srun: error: frontier09010: task 15459: Terminated
srun: error: frontier03347: task 5882: Terminated
srun: error: frontier03368: tasks 5912-5913,5915-5919: Terminated
srun: error: frontier08097: task 13858: Terminated
srun: error: frontier02071: tasks 3608-3614: Terminated
srun: error: frontier04255: tasks 7416-7421,7423: Terminated
srun: error: frontier06750: task 11642: Terminated
srun: error: frontier07852: tasks 13456-13459,13461-13463: Terminated
srun: error: frontier05457: tasks 9456-9457,9459-9463: Terminated
srun: error: frontier00560: task 1003: Terminated
srun: error: frontier08241: tasks 14160-14163,14165-14167: Terminated
srun: error: frontier00812: task 1438: Terminated
srun: error: frontier07138: task 12268: Terminated
srun: error: frontier06993: tasks 12024-12028,12030-12031: Terminated
srun: error: frontier08915: task 15294: Terminated
srun: error: frontier01067: task 1894: Terminated
srun: error: frontier07575: task 12986: Terminated
srun: error: frontier00947: task 1637: Terminated
srun: error: frontier05203: tasks 9016-9022: Terminated
srun: error: frontier00821: tasks 1472-1473,1475-1479: Terminated
srun: error: frontier08537: task 14667: Terminated
srun: error: frontier05804: task 10050: Terminated
srun: error: frontier05088: task 8811: Terminated
srun: error: frontier00397: tasks 672-677,679: Terminated
srun: error: frontier00447: task 827: Terminated
srun: error: frontier00448: task 838: Terminated
srun: error: frontier06095: tasks 10520-10521,10523-10527: Terminated
srun: error: frontier05296: task 9162: Terminated
srun: error: frontier02908: tasks 5112-5116,5118-5119: Terminated
srun: error: frontier03930: tasks 6880-6881,6883-6887: Terminated
srun: error: frontier07301: task 12525: Terminated
srun: error: frontier08738: tasks 14960-14965,14967: Terminated
srun: error: frontier01297: tasks 2272-2278: Terminated
srun: error: frontier01893: task 3314: Terminated
srun: error: frontier07990: task 13791: Terminated
srun: error: frontier02186: task 3836: Terminated
srun: error: frontier06693: task 11482: Terminated
srun: error: frontier02413: tasks 4216-4221,4223: Terminated
srun: error: frontier07356: tasks 12656-12660,12662-12663: Terminated
srun: error: frontier09444: task 16181: Terminated
srun: error: frontier07069: tasks 12120-12125,12127: Terminated
srun: error: frontier07686: task 13166: Terminated
srun: error: frontier01354: task 2342: Terminated
srun: error: frontier08842: task 15109: Terminated
srun: error: frontier02155: tasks 3776-3778,3780-3783: Terminated
srun: error: frontier07062: task 12092: Terminated
srun: error: frontier07466: tasks 12824-12825,12827-12831: Terminated
srun: error: frontier00066: tasks 136-142: Terminated
srun: error: frontier06599: tasks 11320-11323,11325-11327: Terminated
srun: error: frontier00576: task 1090: Terminated
srun: error: frontier09227: tasks 15760-15765,15767: Terminated
srun: error: frontier07213: task 12366: Terminated
srun: error: frontier08117: task 13954: Terminated
srun: error: frontier01762: tasks 3072-3076,3078-3079: Terminated
srun: error: frontier03419: task 5983: Terminated
srun: error: frontier07503: tasks 12920-12922,12924-12927: Terminated
srun: error: frontier07967: task 13686: Terminated
srun: error: frontier02612: tasks 4576-4579,4581-4583: Terminated
srun: error: frontier04434: tasks 7680-7686: Terminated
srun: error: frontier07878: task 13524: Terminated
srun: error: frontier07958: tasks 13624-13626,13628-13631: Terminated
srun: error: frontier03470: tasks 6080-6086: Terminated
srun: error: frontier00546: tasks 936-938,940-943: Terminated
srun: error: frontier07743: task 13340: Terminated
srun: error: frontier05338: task 9262: Terminated
srun: error: frontier02961: task 5172: Terminated
srun: error: frontier00431: tasks 768-773,775: Terminated
srun: error: frontier03417: task 5970: Terminated
srun: error: frontier03807: task 6676: Terminated
srun: error: frontier03859: tasks 6712-6713,6715-6719: Terminated
srun: error: frontier05685: tasks 9816-9817,9819-9823: Terminated
srun: error: frontier04310: tasks 7512-7513,7515-7519: Terminated
srun: error: frontier02198: tasks 3872-3875,3877-3879: Terminated
srun: error: frontier06280: tasks 10784-10787,10789-10791: Terminated
srun: error: frontier00920: tasks 1568-1572,1574-1575: Terminated
srun: error: frontier06790: task 11658: Terminated
srun: error: frontier08378: tasks 14424-14426,14428-14431: Terminated
srun: error: frontier05171: task 8979: Terminated
srun: error: frontier04795: tasks 8312-8317,8319: Terminated
srun: error: frontier06628: tasks 11416-11419,11421-11423: Terminated
srun: error: frontier02783: task 4910: Terminated
srun: error: frontier08263: task 14222: Terminated
srun: error: frontier01501: task 2604: Terminated
srun: error: frontier03076: tasks 5376-5380,5382-5383: Terminated
srun: error: frontier07140: task 12283: Terminated
srun: error: frontier06573: task 11285: Terminated
srun: error: frontier03511: tasks 6176-6177,6179-6183: Terminated
srun: error: frontier03990: tasks 6976-6977,6979-6983: Terminated
srun: error: frontier05716: task 9876: Terminated
srun: error: frontier04697: task 8190: Terminated
srun: error: frontier00165: task 296: Terminated
srun: error: frontier01362: tasks 2368-2371,2373-2375: Terminated
srun: error: frontier09012: task 15471: Terminated
srun: error: frontier02748: task 4821: Terminated
srun: error: frontier06414: task 11027: Terminated
srun: error: frontier02031: task 3573: Terminated
srun: error: frontier07103: tasks 12216-12222: Terminated
srun: error: frontier03664: task 6420: Terminated
srun: error: frontier04512: task 7842: Terminated
srun: error: frontier08892: tasks 15224-15226,15228-15231: Terminated
srun: error: frontier01470: tasks 2536-2541,2543: Terminated
srun: error: frontier04908: tasks 8480-8483,8485-8487: Terminated
srun: error: frontier00132: tasks 232-236,238-239: Terminated
srun: error: frontier02770: tasks 4840-4843,4845-4847: Terminated
srun: error: frontier07239: task 12450: Terminated
srun: error: frontier04493: tasks 7776-7777,7779-7783: Terminated
srun: error: frontier05929: task 10234: Terminated
srun: error: frontier03095: task 5443: Terminated
srun: error: frontier06177: tasks 10616-10619,10621-10623: Terminated
srun: error: frontier08098: task 13866: Terminated
srun: error: frontier01633: task 2870: Terminated
srun: error: frontier07088: task 12191: Terminated
srun: error: frontier02661: tasks 4672-4677,4679: Terminated
srun: error: frontier00701: task 1279: Terminated
srun: error: frontier07978: tasks 13720-13723,13725-13727: Terminated
srun: error: frontier00566: tasks 1032-1035,1037-1039: Terminated
srun: error: frontier00577: task 1100: Terminated
srun: error: frontier03256: task 5706: Terminated
srun: error: frontier08754: task 15019: Terminated
srun: error: frontier09376: tasks 16024-16028,16030-16031: Terminated
srun: error: frontier06727: tasks 11585-11591: Terminated
srun: error: frontier05384: tasks 9280-9286: Terminated
srun: error: frontier09027: tasks 15488-15493,15495: Terminated
srun: error: frontier00962: tasks 1736-1741,1743: Terminated
srun: error: frontier03220: tasks 5641-5647: Terminated
srun: error: frontier08481: tasks 14520-14521,14523-14527: Terminated
srun: error: frontier07694: tasks 13184-13188,13190-13191: Terminated
srun: error: frontier01897: tasks 3336-3342: Terminated
srun: error: frontier03093: task 5438: Terminated
srun: error: frontier03158: task 5538: Terminated
srun: error: frontier01048: task 1797: Terminated
srun: error: frontier01055: tasks 1832-1838: Terminated
srun: error: frontier05415: task 9342: Terminated
srun: error: frontier06308: task 10845: Terminated
srun: error: frontier07216: tasks 12384-12387,12389-12391: Terminated
srun: error: frontier05841: tasks 10080-10085,10087: Terminated
srun: error: frontier00423: task 742: Terminated
srun: error: frontier06803: tasks 11680-11685,11687: Terminated
srun: error: frontier08599: tasks 14688-14693,14695: Terminated
srun: error: frontier04955: tasks 8576-8577,8579-8583: Terminated
srun: error: frontier07479: task 12882: Terminated
srun: error: frontier06787: task 11654: Terminated
srun: error: frontier09400: tasks 16120-16125,16127: Terminated
srun: error: frontier03625: task 6341: Terminated
srun: error: frontier01495: task 2599: Terminated
srun: error: frontier03668: tasks 6440-6446: Terminated
srun: error: frontier05057: tasks 8744-8745,8747-8751: Terminated
srun: error: frontier05532: tasks 9544-9550: Terminated
srun: error: frontier00171: tasks 328-334: Terminated
srun: error: frontier05423: tasks 9376-9377,9379-9383: Terminated
srun: error: frontier10152: tasks 16288-16292,16294-16295: Terminated
srun: error: frontier07707: task 13252: Terminated
srun: error: frontier08973: tasks 15320-15322,15324-15327: Terminated
srun: error: frontier02398: tasks 4136-4142: Terminated
srun: error: frontier04153: tasks 7240-7241,7243-7247: Terminated
srun: error: frontier08471: task 14492: Terminated
srun: error: frontier01606: tasks 2800-2802,2804-2807: Terminated
srun: error: frontier02099: task 3676: Terminated
srun: error: frontier01178: task 2075: Terminated
srun: error: frontier04630: tasks 8040-8041,8043-8047: Terminated
srun: error: frontier07340: task 12626: Terminated
srun: error: frontier01805: task 3140: Terminated
srun: error: frontier03598: tasks 6272-6275,6277-6279: Terminated
srun: error: frontier06318: tasks 10880-10881,10883-10887: Terminated
srun: error: frontier03876: task 6774: Terminated
srun: error: frontier06195: task 10685: Terminated
srun: error: frontier03783: task 6595: Terminated
srun: error: frontier05908: tasks 10176-10177,10179-10183: Terminated
srun: error: frontier08131: tasks 13984-13989,13991: Terminated
srun: error: frontier03287: tasks 5736-5739,5741-5743: Terminated
srun: error: frontier02542: task 4460: Terminated
srun: error: frontier01948: tasks 3432-3435,3437-3439: Terminated
srun: error: frontier04180: task 7310: Terminated
srun: error: frontier05273: task 9085: Terminated
srun: error: frontier02068: tasks 3600-3605,3607: Terminated
srun: error: frontier01507: tasks 2632,2634-2639: Terminated
srun: error: frontier03985: task 6950: Terminated
srun: error: frontier06465: tasks 11144-11147,11149-11151: Terminated
srun: error: frontier03733: tasks 6536-6542: Terminated
srun: error: frontier00286: tasks 496-497,499-503: Terminated
srun: error: frontier03298: task 5795: Terminated
srun: error: frontier05987: tasks 10344-10347,10349-10351: Terminated
srun: error: frontier02831: tasks 4936-4939,4941-4943: Terminated
srun: error: frontier02226: task 3940: Terminated
srun: error: frontier04442: task 7741: Terminated
srun: error: frontier05124: tasks 8840-8845,8847: Terminated
srun: error: frontier02703: task 4739: Terminated
srun: error: frontier00795: task 1357: Terminated
srun: error: frontier01184: tasks 2096-2100,2102-2103: Terminated
srun: error: frontier07257: tasks 12480-12484,12486-12487: Terminated
srun: error: frontier08732: task 14935: Terminated
srun: error: frontier04047: task 7042: Terminated
srun: error: frontier10167: task 16349: Terminated
srun: error: frontier01545: task 2702: Terminated
srun: error: frontier03120: tasks 5472-5473,5475-5479: Terminated
srun: error: frontier08623: tasks 14784-14786,14788-14791: Terminated
srun: error: frontier02417: tasks 4232-4234,4236-4239: Terminated
srun: error: frontier04229: tasks 7336-7339,7341-7343: Terminated
srun: error: frontier08331: tasks 14248-14249,14251-14255: Terminated
srun: error: frontier05900: task 10147: Terminated
srun: error: frontier01891: task 3298: Terminated
srun: error: frontier00707: tasks 1296-1299,1301-1303: Terminated
srun: error: frontier08209: task 14050: Terminated
srun: error: frontier10126: task 16186: Terminated
srun: error: frontier07851: tasks 13448-13450,13452-13455: Terminated
srun: error: frontier06048: task 10404: Terminated
srun: error: frontier09102: tasks 15584-15590: Terminated
srun: error: frontier01646: tasks 2896-2900,2902-2903: Terminated
srun: error: frontier05895: task 10140: Terminated
srun: error: frontier04306: tasks 7504-7510: Terminated
srun: error: frontier06363: tasks 10976-10980,10982-10983: Terminated
srun: error: frontier05172: task 8988: Terminated
srun: error: frontier02017: task 3502: Terminated
srun: error: frontier04653: task 8099: Terminated
srun: error: frontier07724: tasks 13280-13281,13283-13287: Terminated
srun: error: frontier06956: tasks 11944-11950: Terminated
srun: error: frontier03501: task 6158: Terminated
srun: error: frontier02332: task 4098: Terminated
srun: error: frontier08219: tasks 14080-14085,14087: Terminated
srun: error: frontier07846: task 13428: Terminated
srun: error: frontier06049: task 10412: Terminated
srun: error: frontier04627: task 8023: Terminated
srun: error: frontier03422: tasks 6000-6005,6007: Terminated
srun: error: frontier08116: task 13950: Terminated
srun: error: frontier00307: tasks 592-593,595-599: Terminated
srun: error: frontier04924: task 8548: Terminated
srun: error: frontier07376: task 12707: Terminated
srun: error: frontier00803: tasks 1392-1395,1397-1399: Terminated
srun: error: frontier04763: task 8286: Terminated
srun: error: frontier03608: task 6325: Terminated
srun: error: frontier02532: tasks 4400-4403,4405-4407: Terminated
srun: error: frontier06346: task 10947: Terminated
srun: error: frontier05582: tasks 9640-9643,9645-9647: Terminated
srun: error: frontier07438: tasks 12744-12745,12747-12751: Terminated
srun: error: frontier02968: tasks 5200-5202,5204-5207: Terminated
srun: error: frontier07307: task 12546: Terminated
srun: error: frontier06557: tasks 11240-11246: Terminated
srun: error: frontier05558: task 9604: Terminated
srun: error: frontier06057: tasks 10440-10444,10446-10447: Terminated
srun: error: frontier08498: task 14587: Terminated
srun: error: frontier05280: tasks 9104-9106,9108-9111: Terminated
srun: error: frontier02137: tasks 3696-3698,3700-3703: Terminated
srun: error: frontier04509: task 7839: Terminated
srun: error: frontier00796: task 1365: Terminated
srun: error: frontier02574: tasks 4496-4499,4501-4503: Terminated
srun: error: frontier01256: tasks 2192-2193,2195-2199: Terminated
srun: error: frontier04690: tasks 8136-8139,8141-8143: Terminated
srun: error: frontier03893: tasks 6800-6801,6803-6807: Terminated
srun: error: frontier05151: task 8906: Terminated
srun: error: frontier04786: tasks 8304-8309,8311: Terminated
srun: error: frontier08668: tasks 14880-14881,14883-14887: Terminated
srun: error: frontier05655: tasks 9736-9740,9742-9743: Terminated
srun: error: frontier07887: tasks 13544-13548,13550-13551: Terminated
srun: error: frontier04658: task 8106: Terminated
srun: error: frontier06341: task 10937: Terminated
srun: error: frontier03489: task 6150: Terminated
srun: error: frontier09252: tasks 15848-15850,15852-15855: Terminated
srun: error: frontier06424: task 11044: Terminated
srun: error: frontier07876: task 13518: Terminated
srun: error: frontier07095: tasks 12208-12212,12214-12215: Terminated
srun: error: frontier00919: tasks 1560-1561,1563-1567: Terminated
srun: error: frontier08997: task 15387: Terminated
srun: error: frontier08763: tasks 15048-15049,15051-15055: Terminated
srun: error: frontier01359: tasks 2360-2365,2367: Terminated
srun: error: frontier05164: tasks 8936-8940,8942-8943: Terminated
srun: error: frontier06996: tasks 12040-12044,12046-12047: Terminated
srun: error: frontier04372: tasks 7600-7604,7606-7607: Terminated
srun: error: frontier00036: tasks 56-61,63: Terminated
srun: error: frontier01815: tasks 3160-3161,3163-3167: Terminated
srun: error: frontier07470: tasks 12840-12841,12843-12847: Terminated
srun: error: frontier03029: tasks 5296-5298,5300-5303: Terminated
srun: error: frontier00452: tasks 856-860,862-863: Terminated
srun: error: frontier06310: task 10852: Terminated
srun: error: frontier01740: tasks 2992-2997,2999: Terminated
srun: error: frontier01175: task 2058: Terminated
srun: error: frontier06684: task 11466: Terminated
srun: error: frontier08352: tasks 14344-14350: Terminated
srun: error: frontier03472: tasks 6096-6101,6103: Terminated
srun: error: frontier06971: task 12010: Terminated
srun: error: frontier05577: task 9621: Terminated
srun: error: frontier04179: task 7300: Terminated
srun: error: frontier02270: tasks 3960-3964,3966-3967: Terminated
srun: error: frontier05560: task 9614: Terminated
srun: error: frontier08638: task 14846: Terminated
srun: error: frontier02443: task 4286: Terminated
srun: error: frontier03969: tasks 6896-6899,6901-6903: Terminated
srun: error: frontier06498: task 11206: Terminated
srun: error: frontier00301: task 556: Terminated
srun: error: frontier08886: task 15204: Terminated
srun: error: frontier02842: task 5005: Terminated
srun: error: frontier05310: tasks 9200-9205,9207: Terminated
srun: error: frontier04832: tasks 8400-8403,8405-8407: Terminated
srun: error: frontier09436: task 16171: Terminated
srun: error: frontier09287: tasks 15944-15945,15947-15951: Terminated
srun: error: frontier05722: tasks 9904-9907,9909-9911: Terminated
srun: error: frontier09097: task 15559: Terminated
srun: error: frontier04823: task 8366: Terminated
srun: error: frontier09133: task 15651: Terminated
srun: error: frontier01690: task 2960: Terminated
srun: error: frontier00939: task 1621: Terminated
srun: error: frontier02158: tasks 3792-3797,3799: Terminated
srun: error: frontier07578: tasks 13008-13013,13015: Terminated
srun: error: frontier08866: tasks 15144-15145,15147-15151: Terminated
srun: error: frontier07455: task 12803: Terminated
srun: error: frontier07175: tasks 12304-12307,12309-12311: Terminated
srun: error: frontier00320: task 661: Terminated
srun: error: frontier03597: tasks 6264-6267,6269-6271: Terminated
srun: error: frontier06701: tasks 11504-11507,11509-11511: Terminated
srun: error: frontier02286: task 4018: Terminated
srun: error: frontier02906: task 5100: Terminated
srun: error: frontier05635: task 9706: Terminated
srun: error: frontier08521: tasks 14608-14613,14615: Terminated
srun: error: frontier04740: task 8200: Terminated
srun: error: frontier03146: task 5526: Terminated
srun: error: frontier06204: tasks 10704-10708,10710-10711: Terminated
srun: error: frontier04737: task 8194: Terminated
srun: error: frontier01883: tasks 3256-3262: Terminated
srun: error: frontier04521: tasks 7864-7870: Terminated
srun: error: frontier04389: task 7661: Terminated
srun: error: frontier02870: tasks 5032-5036,5038-5039: Terminated
srun: error: frontier07961: tasks 13640-13645,13647: Terminated
srun: error: frontier02710: tasks 4760-4764,4766-4767: Terminated
srun: error: frontier07601: tasks 13104-13109,13111: Terminated
srun: error: frontier03011: task 5270: Terminated
srun: error: frontier06291: tasks 10800-10801,10803-10807: Terminated
srun: error: frontier01415: tasks 2456-2461,2463: Terminated
srun: error: frontier05600: task 9699: Terminated
srun: error: frontier00666: tasks 1120-1122,1124-1127: Terminated
srun: error: frontier00071: tasks 152-155,157-159: Terminated
srun: error: frontier09399: tasks 16112-16118: Terminated
srun: error: frontier00964: tasks 1753-1759: Terminated
srun: error: frontier08081: tasks 13808-13810,13812-13815: Terminated
srun: error: frontier07462: task 12815: Terminated
srun: error: frontier08736: task 14948: Terminated
srun: error: frontier04059: tasks 7064-7065,7067-7071: Terminated
srun: error: frontier05926: task 10228: Terminated
srun: error: frontier04302: task 7485: Terminated
srun: error: frontier06359: tasks 10968-10973,10975: Terminated
srun: error: frontier00170: tasks 320-325,327: Terminated
srun: error: frontier07593: task 13067: Terminated
srun: error: frontier05791: tasks 10000-10003,10005-10007: Terminated
srun: error: frontier03986: task 6954: Terminated
srun: error: frontier09278: task 15916: Terminated
srun: error: frontier04436: tasks 7696-7701,7703: Terminated
srun: error: frontier08110: tasks 13904-13909,13911: Terminated
srun: error: frontier01078: tasks 1920-1923,1925-1927: Terminated
srun: error: frontier02525: task 4383: Terminated
srun: error: frontier02322: tasks 4056-4057,4059-4063: Terminated
srun: error: frontier02150: task 3766: Terminated
srun: error: frontier04561: task 7923: Terminated
srun: error: frontier10132: tasks 16208-16210,16212-16215: Terminated
srun: error: frontier00191: task 395: Terminated
srun: error: frontier05187: task 9006: Terminated
srun: error: frontier05017: tasks 8664-8666,8668-8671: Terminated
srun: error: frontier00082: task 215: Terminated
srun: error: frontier05935: task 10242: Terminated
srun: error: frontier04116: tasks 7160-7162,7164-7167: Terminated
srun: error: frontier08850: task 15119: Terminated
srun: error: frontier02776: tasks 4856-4860,4862-4863: Terminated
srun: error: frontier03164: tasks 5560-5561,5563-5567: Terminated
srun: error: frontier02415: tasks 4224-4230: Terminated
srun: error: frontier07946: task 13603: Terminated
srun: error: frontier00941: task 1631: Terminated
srun: error: frontier08603: tasks 14704-14710: Terminated
srun: error: frontier00548: tasks 952-958: Terminated
srun: error: frontier07220: tasks 12400-12403,12405-12407: Terminated
srun: error: frontier08239: task 14148: Terminated
srun: error: frontier00195: tasks 416-421,423: Terminated
srun: error: frontier02585: task 4564: Terminated
srun: error: frontier05301: task 9175: Terminated
srun: error: frontier02701: task 4723: Terminated
srun: error: frontier09000: tasks 15408-15414: Terminated
srun: error: frontier08373: task 14402: Terminated
srun: error: frontier04569: tasks 7960-7966: Terminated
srun: error: frontier03646: tasks 6360-6365,6367: Terminated
srun: error: frontier09179: task 15748: Terminated
srun: error: frontier05938: tasks 10264-10266,10268-10271: Terminated
srun: error: frontier06592: task 11308: Terminated
srun: error: frontier01554: tasks 2720-2726: Terminated
srun: error: frontier06432: tasks 11064-11068,11070-11071: Terminated
srun: error: frontier05677: task 9802: Terminated
srun: error: frontier00687: tasks 1216-1219,1221-1223: Terminated
srun: error: frontier01293: task 2261: Terminated
srun: error: frontier06736: tasks 11600-11602,11604-11607: Terminated
srun: error: frontier01382: task 2429: Terminated
srun: error: frontier07956: task 13611: Terminated
srun: error: frontier00302: task 566: Terminated
srun: error: frontier07760: tasks 13368-13369,13371-13375: Terminated
srun: error: frontier03338: tasks 5824-5827,5829-5831: Terminated
srun: error: frontier05461: tasks 9464-9466,9468-9471: Terminated
srun: error: frontier00952: tasks 1656-1657,1659-1663: Terminated
srun: error: frontier02460: tasks 4320-4323,4325-4327: Terminated
srun: error: frontier08237: task 14133: Terminated
srun: error: frontier04824: task 8370: Terminated
srun: error: frontier00561: task 1011: Terminated
srun: error: frontier07480: task 12894: Terminated
srun: error: frontier04825: task 8381: Terminated
srun: error: frontier00959: task 1718: Terminated
srun: error: frontier04404: task 7667: Terminated
srun: error: frontier06917: tasks 11864-11865,11867-11871: Terminated
srun: error: frontier02862: tasks 5024-5027,5029-5031: Terminated
srun: error: frontier03678: tasks 6456-6457,6459-6463: Terminated
srun: error: frontier08659: tasks 14872-14877,14879: Terminated
srun: error: frontier05059: tasks 8760-8765,8767: Terminated
srun: error: frontier05545: tasks 9560-9565,9567: Terminated
srun: error: frontier03222: tasks 5656-5660,5662-5663: Terminated
srun: error: frontier07322: tasks 12568-12574: Terminated
srun: error: frontier01614: tasks 2816-2822: Terminated
srun: error: frontier10155: tasks 16304-16310: Terminated
srun: error: frontier05787: task 9970: Terminated
srun: error: frontier08375: task 14410: Terminated
srun: error: frontier09033: tasks 15504-15506,15508-15511: Terminated
srun: error: frontier07362: tasks 12664-12670: Terminated
srun: error: frontier05158: tasks 8928-8932,8934-8935: Terminated
srun: error: frontier02021: tasks 3520-3526: Terminated
srun: error: frontier05904: tasks 10168-10174: Terminated
srun: error: frontier09144: tasks 15672-15678: Terminated
srun: error: frontier03041: task 5363: Terminated
srun: error: frontier01713: tasks 2984-2985,2987-2991: Terminated
srun: error: frontier04263: tasks 7424-7430: Terminated
srun: error: frontier01759: task 3063: Terminated
srun: error: frontier07594: task 13078: Terminated
srun: error: frontier06024: tasks 10360-10362,10364-10367: Terminated
srun: error: frontier02072: tasks 3616-3620,3622-3623: Terminated
srun: error: frontier03380: tasks 5920-5926: Terminated
srun: error: frontier06867: task 11830: Terminated
srun: error: frontier01154: tasks 2016-2020,2022-2023: Terminated
srun: error: frontier04752: tasks 8224-8226,8228-8231: Terminated
srun: error: frontier08249: tasks 14168-14171,14173-14175: Terminated
srun: error: frontier03792: tasks 6624-6630: Terminated
srun: error: frontier05652: tasks 9728-9733,9735: Terminated
srun: error: frontier01848: task 3228: Terminated
srun: error: frontier00288: tasks 512-517,519: Terminated
srun: error: frontier02910: tasks 5120-5121,5123-5127: Terminated
srun: error: frontier03509: task 6167: Terminated
srun: error: frontier07853: tasks 13464-13468,13470-13471: Terminated
srun: error: frontier08652: task 14854: Terminated
srun: error: frontier06836: tasks 11768-11769,11771-11775: Terminated
srun: error: frontier04444: task 7746: Terminated
srun: error: frontier06096: tasks 10528-10530,10532-10535: Terminated
srun: error: frontier09228: tasks 15768-15771,15773-15775: Terminated
srun: error: frontier00409: tasks 681-687: Terminated
srun: error: frontier02196: task 3863: Terminated
srun: error: frontier04904: task 8470: Terminated
srun: error: frontier07139: task 12276: Terminated
srun: error: frontier02613: tasks 4584-4590: Terminated
srun: error: frontier06601: tasks 11328-11330,11332-11335: Terminated
srun: error: frontier06486: tasks 11160-11165,11167: Terminated
srun: error: frontier08739: tasks 14968-14970,14972-14975: Terminated
srun: error: frontier07070: tasks 12128-12132,12134-12135: Terminated
srun: error: frontier06233: task 10773: Terminated
srun: error: frontier03271: task 5715: Terminated
srun: error: frontier02092: task 3671: Terminated
srun: error: frontier00023: task 39: Terminated
srun: error: frontier01763: tasks 3080-3085,3087: Terminated
srun: error: frontier00822: tasks 1480-1484,1486-1487: Terminated
srun: error: frontier02157: tasks 3784-3788,3790-3791: Terminated
srun: error: frontier03861: tasks 6720-6722,6724-6727: Terminated
srun: error: frontier03609: task 6334: Terminated
srun: error: frontier07959: tasks 13632-13635,13637-13639: Terminated
srun: error: frontier02979: tasks 5216-5222: Terminated
srun: error: frontier07496: task 12906: Terminated
srun: error: frontier05204: tasks 9024-9029,9031: Terminated
srun: error: frontier04312: tasks 7520-7522,7524-7527: Terminated
srun: error: frontier00960: task 1727: Terminated
srun: error: frontier08335: tasks 14264-14270: Terminated
srun: error: frontier03513: tasks 6184-6186,6188-6191: Terminated
srun: error: frontier08478: task 14509: Terminated
srun: error: frontier02534: tasks 4416-4421,4423: Terminated
srun: error: frontier00923: tasks 1576-1580,1582-1583: Terminated
srun: error: frontier04104: task 7132: Terminated
srun: error: frontier05697: tasks 9824-9825,9827-9831: Terminated
srun: error: frontier07505: tasks 12928-12932,12934-12935: Terminated
srun: error: frontier08619: task 14764: Terminated
srun: error: frontier04796: tasks 8320-8324,8326-8327: Terminated
srun: error: frontier00432: tasks 776-778,780-783: Terminated
srun: error: frontier04435: tasks 7688-7689,7691-7695: Terminated
srun: error: frontier03843: task 6687: Terminated
srun: error: frontier08386: tasks 14432-14433,14435-14439: Terminated
srun: error: frontier06822: task 11750: Terminated
srun: error: frontier00281: task 479: Terminated
srun: error: frontier07968: task 13691: Terminated
srun: error: frontier02199: tasks 3880-3886: Terminated
srun: error: frontier07214: task 12375: Terminated
srun: error: frontier09248: task 15831: Terminated
srun: error: frontier03081: tasks 5384-5386,5388-5391: Terminated
srun: error: frontier05394: tasks 9288-9292,9294-9295: Terminated
srun: error: frontier08776: tasks 15064,15066-15071: Terminated
srun: error: frontier01369: tasks 2376-2381,2383: Terminated
srun: error: frontier06453: task 11122: Terminated
srun: error: frontier07119: tasks 12224-12230: Terminated
srun: error: frontier06735: tasks 11592-11594,11596-11599: Terminated
srun: error: frontier08896: tasks 15232-15236,15238-15239: Terminated
srun: error: frontier08099: task 13877: Terminated
srun: error: frontier05284: tasks 9120-9123,9125-9127: Terminated
srun: error: frontier04485: task 7765: Terminated
srun: error: frontier04563: task 7930: Terminated
srun: error: frontier08482: tasks 14528-14531,14533-14535: Terminated
srun: error: frontier06179: tasks 10624-10627,10629-10631: Terminated
srun: error: frontier04494: tasks 7784-7789,7791: Terminated
srun: error: frontier00963: tasks 1744-1749,1751: Terminated
srun: error: frontier01817: tasks 3176-3180,3182-3183: Terminated
srun: error: frontier07217: tasks 12392-12394,12396-12399: Terminated
srun: error: frontier05843: tasks 10088-10090,10092-10095: Terminated
srun: error: frontier09377: tasks 16032-16035,16037-16039: Terminated
srun: error: frontier04909: tasks 8488-8492,8494-8495: Terminated
srun: error: frontier03299: task 5802: Terminated
srun: error: frontier05808: task 10068: Terminated
srun: error: frontier03221: tasks 5648-5652,5654-5655: Terminated
srun: error: frontier04950: task 8564: Terminated
srun: error: frontier06629: tasks 11424-11428,11430-11431: Terminated
srun: error: frontier02655: task 4643: Terminated
srun: error: frontier06322: tasks 10888-10892,10894-10895: Terminated
srun: error: frontier02760: task 4831: Terminated
srun: error: frontier01465: task 2523: Terminated
srun: error: frontier01300: tasks 2280-2286: Terminated
srun: error: frontier07979: tasks 13728-13733,13735: Terminated
srun: error: frontier05416: task 9346: Terminated
srun: error: frontier00679: task 1190: Terminated
srun: error: frontier08984: tasks 15328-15329,15331-15335: Terminated
srun: error: frontier02662: tasks 4680-4682,4684-4687: Terminated
srun: error: frontier00153: tasks 240-246: Terminated
srun: error: frontier05717: task 9883: Terminated
srun: error: frontier04007: tasks 6984-6987,6989-6991: Terminated
srun: error: frontier08755: task 15028: Terminated
srun: error: frontier07580: tasks 13024-13030: Terminated
srun: error: frontier03726: task 6506: Terminated
srun: error: frontier03600: tasks 6280-6282,6284-6287: Terminated
srun: error: frontier01056: tasks 1840-1846: Terminated
srun: error: frontier01482: tasks 2544-2547,2549-2551: Terminated
srun: error: frontier02351: task 4125: Terminated
srun: error: frontier05431: tasks 9384-9389,9391: Terminated
srun: error: frontier10153: tasks 16296-16297,16299-16303: Terminated
srun: error: frontier00083: task 221: Terminated
srun: error: frontier02306: task 4029: Terminated
srun: error: frontier05339: task 9270: Terminated
srun: error: frontier00570: tasks 1040-1043,1045-1047: Terminated
srun: error: frontier00682: task 1194: Terminated
srun: error: frontier10168: task 16354: Terminated
srun: error: frontier03128: tasks 5480-5486: Terminated
srun: error: frontier02399: tasks 4144-4147,4149-4151: Terminated
srun: error: frontier01903: tasks 3345-3351: Terminated
srun: error: frontier06793: task 11670: Terminated
srun: error: frontier04173: tasks 7248,7250-7255: Terminated
srun: error: frontier04064: tasks 7080-7081,7083-7087: Terminated
srun: error: frontier00172: tasks 336-341,343: Terminated
srun: error: frontier03553: task 6245: Terminated
srun: error: frontier08089: tasks 13824-13829,13831: Terminated
srun: error: frontier07689: task 13170: Terminated
srun: error: frontier01508: tasks 2640-2645,2647: Terminated
srun: error: frontier10150: task 16279: Terminated
srun: error: frontier07695: tasks 13192-13197,13199: Terminated
srun: error: frontier03466: task 6071: Terminated
srun: error: frontier08141: tasks 13992-13994,13996-13999: Terminated
srun: error: frontier03676: tasks 6448-6451,6453-6455: Terminated
srun: error: frontier01088: task 1989: Terminated
srun: error: frontier09401: tasks 16128-16133,16135: Terminated
srun: error: frontier04957: tasks 8584-8587,8589-8591: Terminated
srun: error: frontier05455: task 9447: Terminated
srun: error: frontier00287: tasks 504-505,507-511: Terminated
srun: error: frontier05910: tasks 10184-10189,10191: Terminated
srun: error: frontier03889: task 6780: Terminated
srun: error: frontier09392: task 16090: Terminated
srun: error: frontier04525: tasks 7880-7882,7884-7887: Terminated
srun: error: frontier09013: task 15479: Terminated
srun: error: frontier02832: tasks 4944-4947,4949-4951: Terminated
srun: error: frontier04632: tasks 8048-8049,8051-8055: Terminated
srun: error: frontier02454: task 4298: Terminated
srun: error: frontier08349: task 14324: Terminated
srun: error: frontier06805: tasks 11688-11693,11695: Terminated
srun: error: frontier01052: task 1818: Terminated
srun: error: frontier00081: task 207: Terminated
srun: error: frontier03734: tasks 6544-6550: Terminated
srun: error: frontier00818: task 1463: Terminated
srun: error: frontier06482: tasks 11152-11153,11155-11159: Terminated
srun: error: frontier07253: task 12470: Terminated
srun: error: frontier01081: tasks 1936-1939,1941-1943: Terminated
srun: error: frontier02544: task 4468: Terminated
srun: error: frontier06018: tasks 10352-10355,10357-10359: Terminated
srun: error: frontier01595: task 2791: Terminated
srun: error: frontier08220: tasks 14088-14094: Terminated
srun: error: frontier06838: tasks 11784-11790: Terminated
srun: error: frontier03288: tasks 5744-5750: Terminated
srun: error: frontier06364: tasks 10984-10985,10987-10991: Terminated
srun: error: frontier08625: tasks 14792-14796,14798-14799: Terminated
srun: error: frontier04363: task 7575: Terminated
srun: error: frontier01384: task 2437: Terminated
srun: error: frontier07264: tasks 12488-12494: Terminated
srun: error: frontier01952: tasks 3440-3444,3446-3447: Terminated
srun: error: frontier00284: task 484: Terminated
srun: error: frontier08333: tasks 14256-14260,14262-14263: Terminated
srun: error: frontier05586: tasks 9648-9653,9655: Terminated
srun: error: frontier00669: tasks 1136-1141,1143: Terminated
srun: error: frontier04628: task 8027: Terminated
srun: error: frontier01074: task 1900: Terminated
srun: error: frontier00708: tasks 1304-1307,1309-1311: Terminated
srun: error: frontier02410: task 4204: Terminated
srun: error: frontier01505: task 2622: Terminated
srun: error: frontier01668: tasks 2904-2909,2911: Terminated
srun: error: frontier08621: task 14774: Terminated
srun: error: frontier04151: task 7229: Terminated
srun: error: frontier01049: task 1807: Terminated
srun: error: frontier00309: tasks 600-605,607: Terminated
srun: error: frontier09103: tasks 15592-15595,15597-15599: Terminated
srun: error: frontier09099: task 15570: Terminated
srun: error: frontier02418: tasks 4240-4244,4246-4247: Terminated
srun: error: frontier02874: tasks 5040-5045,5047: Terminated
srun: error: frontier01185: tasks 2104-2106,2108-2111: Terminated
srun: error: frontier07725: tasks 13288-13293,13295: Terminated
srun: error: frontier05127: tasks 8848-8851,8853-8855: Terminated
srun: error: frontier04231: tasks 7344-7350: Terminated
srun: error: frontier06958: tasks 11952-11956,11958-11959: Terminated
srun: error: frontier03423: tasks 6008-6010,6012-6015: Terminated
srun: error: frontier02140: tasks 3704-3705,3707-3711: Terminated
srun: error: frontier07598: task 13083: Terminated
srun: error: frontier02533: tasks 4408-4411,4413-4415: Terminated
srun: error: frontier09255: tasks 15856-15857,15859-15863: Terminated
srun: error: frontier05165: tasks 8944-8945,8947-8951: Terminated
srun: error: frontier06499: task 11212: Terminated
srun: error: frontier07756: task 13350: Terminated
srun: error: frontier08769: tasks 15056-15058,15060-15063: Terminated
srun: error: frontier00805: tasks 1400-1404,1406-1407: Terminated
srun: error: frontier03348: task 5890: Terminated
srun: error: frontier08714: tasks 14888-14890,14892-14895: Terminated
srun: error: frontier05013: task 8645: Terminated
srun: error: frontier03728: task 6527: Terminated
srun: error: frontier08734: task 14943: Terminated
srun: error: frontier02575: tasks 4504-4507,4509-4511: Terminated
srun: error: frontier06060: tasks 10448-10454: Terminated
srun: error: frontier01258: tasks 2200-2206: Terminated
srun: error: frontier02971: tasks 5208-5213,5215: Terminated
srun: error: frontier09168: tasks 15688-15689,15691-15695: Terminated
srun: error: frontier08357: tasks 14352-14353,14355-14359: Terminated
srun: error: frontier06093: task 10506: Terminated
srun: error: frontier01942: task 3400: Terminated
srun: error: frontier03272: task 5727: Terminated
srun: error: frontier03896: tasks 6808-6813,6815: Terminated
srun: error: frontier01179: task 2082: Terminated
srun: error: frontier07445: tasks 12752-12753,12755-12759: Terminated
srun: error: frontier03849: task 6690: Terminated
srun: error: frontier04691: tasks 8144-8146,8148-8151: Terminated
srun: error: frontier03031: tasks 5304-5307,5309-5311: Terminated
srun: error: frontier01749: tasks 3000-3002,3004-3007: Terminated
srun: error: frontier05723: tasks 9912-9918: Terminated
srun: error: frontier03341: tasks 5840-5845,5847: Terminated
srun: error: frontier07474: tasks 12848-12851,12853-12855: Terminated
srun: error: frontier08279: task 14234: Terminated
srun: error: frontier05283: tasks 9112-9116,9118-9119: Terminated
srun: error: frontier09178: task 15741: Terminated
srun: error: frontier02904: task 5095: Terminated
srun: error: frontier00183: task 386: Terminated
srun: error: frontier01816: tasks 3168-3173,3175: Terminated
srun: error: frontier01246: task 2167: Terminated
srun: error: frontier00453: tasks 864-870: Terminated
srun: error: frontier06564: tasks 11248-11252,11254-11255: Terminated
srun: error: frontier02526: task 4391: Terminated
srun: error: frontier07890: tasks 13552-13557,13559: Terminated
srun: error: frontier10172: task 16372: Terminated
srun: error: frontier04107: task 7138: Terminated
srun: error: frontier05578: task 9630: Terminated
srun: error: frontier03799: tasks 6640-6642,6644-6647: Terminated
srun: error: frontier06869: task 11836: Terminated
srun: error: frontier06950: task 11931: Terminated
srun: error: frontier04373: tasks 7608-7610,7612-7615: Terminated
srun: error: frontier00041: tasks 64-65,67-71: Terminated
srun: error: frontier00064: task 123: Terminated
srun: error: frontier05186: task 8996: Terminated
srun: error: frontier04871: tasks 8408-8414: Terminated
srun: error: frontier02271: tasks 3968-3972,3974-3975: Terminated
srun: error: frontier06100: tasks 10544-10549,10551: Terminated
srun: error: frontier03473: tasks 6104-6106,6108-6111: Terminated
srun: error: frontier00414: tasks 696-702: Terminated
srun: error: frontier08871: tasks 15152-15155,15157-15159: Terminated
srun: error: frontier03784: task 6607: Terminated
srun: error: frontier07962: tasks 13648-13650,13652-13655: Terminated
srun: error: frontier05311: tasks 9208-9211,9213-9215: Terminated
srun: error: frontier07000: tasks 12048-12051,12053-12055: Terminated
srun: error: frontier05667: tasks 9744-9749,9751: Terminated
srun: error: frontier01642: task 2885: Terminated
srun: error: frontier08348: task 14315: Terminated
srun: error: frontier02624: tasks 4600-4603,4605-4607: Terminated
srun: error: frontier04063: tasks 7072-7077,7079: Terminated
srun: error: frontier01894: task 3323: Terminated
srun: error: frontier02178: tasks 3800-3806: Terminated
srun: error: frontier09296: tasks 15952-15957,15959: Terminated
srun: error: frontier00073: tasks 160-164,166-167: Terminated
srun: error: frontier02711: tasks 4768-4772,4774-4775: Terminated
srun: error: frontier04437: tasks 7704-7706,7708-7711: Terminated
srun: error: frontier08523: tasks 14616-14619,14621-14623: Terminated
srun: error: frontier07579: tasks 13016-13017,13019-13023: Terminated
srun: error: frontier02966: task 5186: Terminated
srun: error: frontier06205: tasks 10712-10717,10719: Terminated
srun: error: frontier08888: task 15212: Terminated
srun: error: frontier01758: task 3052: Terminated
srun: error: frontier03980: tasks 6904-6905,6907-6911: Terminated
srun: error: frontier08088: tasks 13816-13818,13820-13823: Terminated
srun: error: frontier03666: task 6431: Terminated
srun: error: frontier04523: tasks 7872,7874-7879: Terminated
srun: error: frontier07847: task 13439: Terminated
srun: error: frontier01416: tasks 2464-2468,2470-2471: Terminated
srun: error: frontier03167: tasks 5568-5569,5571-5575: Terminated
srun: error: frontier00953: tasks 1664-1669,1671: Terminated
srun: error: frontier05676: task 9794: Terminated
srun: error: frontier01884: tasks 3264-3267,3269-3271: Terminated
srun: error: frontier04252: task 7404: Terminated
srun: error: frontier02123: task 3683: Terminated
srun: error: frontier06702: tasks 11512-11515,11517-11519: Terminated
srun: error: frontier04913: tasks 8504-8505,8507-8511: Terminated
srun: error: frontier07182: tasks 12312-12314,12316-12319: Terminated
srun: error: frontier04303: task 7490: Terminated
srun: error: frontier07436: task 12732: Terminated
srun: error: frontier00967: tasks 1760-1764,1766-1767: Terminated
srun: error: frontier08428: tasks 14448-14450,14452-14455: Terminated
srun: error: frontier05018: tasks 8672-8675,8677-8679: Terminated
srun: error: frontier08900: tasks 15248-15249,15251-15255: Terminated
srun: error: frontier05045: task 8732: Terminated
srun: error: frontier06721: task 11570: Terminated
srun: error: frontier05090: task 8826: Terminated
srun: error: frontier08759: task 15037: Terminated
srun: error: frontier00553: tasks 960-961,963-967: Terminated
srun: error: frontier10136: tasks 16216-16221,16223: Terminated
srun: error: frontier02194: task 3853: Terminated
srun: error: frontier06294: tasks 10808-10810,10812-10815: Terminated
srun: error: frontier00831: task 1548: Terminated
srun: error: frontier01080: tasks 1928-1931,1933-1935: Terminated
srun: error: frontier09250: task 15839: Terminated
srun: error: frontier05404: tasks 9304-9307,9309-9311: Terminated
srun: error: frontier05792: tasks 10008-10009,10011-10015: Terminated
srun: error: frontier00668: tasks 1128-1132,1134-1135: Terminated
srun: error: frontier05462: tasks 9472-9477,9479: Terminated
srun: error: frontier06739: tasks 11608-11611,11613-11615: Terminated
srun: error: frontier06624: task 11398: Terminated
srun: error: frontier02777: tasks 4864-4868,4870-4871: Terminated
srun: error: frontier03420: task 5989: Terminated
srun: error: frontier00544: task 927: Terminated
srun: error: frontier09001: tasks 15416-15421,15423: Terminated
srun: error: frontier04118: tasks 7168-7169,7171-7175: Terminated
srun: error: frontier07602: tasks 13112-13118: Terminated
srun: error: frontier00200: tasks 424-429,431: Terminated
srun: error: frontier03656: tasks 6368-6372,6374-6375: Terminated
srun: error: frontier03891: task 6791: Terminated
srun: error: frontier06165: task 10594: Terminated
srun: error: frontier07229: tasks 12408-12413,12415: Terminated
srun: error: frontier06536: task 11228: Terminated
srun: error: frontier08606: tasks 14712-14713,14715-14719: Terminated
srun: error: frontier02323: tasks 4064-4068,4070-4071: Terminated
srun: error: frontier05939: tasks 10272-10277,10279: Terminated
srun: error: frontier06837: tasks 11776-11778,11780-11783: Terminated
srun: error: frontier07884: task 13530: Terminated
srun: error: frontier03218: task 5629: Terminated
srun: error: frontier08111: tasks 13912-13915,13917-13919: Terminated
srun: error: frontier08585: task 14679: Terminated
srun: error: frontier01932: tasks 3360-3361,3363-3367: Terminated
srun: error: frontier01558: tasks 2728-2730,2732-2735: Terminated
srun: error: frontier02562: task 4487: Terminated
srun: error: frontier04570: tasks 7968-7972,7974-7975: Terminated
srun: error: frontier02022: tasks 3528-3532,3534-3535: Terminated
srun: error: frontier05275: task 9090: Terminated
srun: error: frontier01490: tasks 2560-2566: Terminated
srun: error: frontier03225: tasks 5664-5665,5667-5671: Terminated
srun: error: frontier00688: tasks 1224-1227,1229-1231: Terminated
srun: error: frontier03928: task 6869: Terminated
srun: error: frontier04367: task 7586: Terminated
srun: error: frontier08477: task 14502: Terminated
srun: error: frontier07066: task 12111: Terminated
srun: error: frontier10158: tasks 16312-16317,16319: Terminated
srun: error: frontier03715: tasks 6464-6468,6470-6471: Terminated
srun: error: frontier01356: task 2350: Terminated
srun: error: frontier03987: task 6965: Terminated
srun: error: frontier02461: tasks 4328-4329,4331-4335: Terminated
srun: error: frontier08350: task 14333: Terminated
srun: error: frontier07813: tasks 13376-13381,13383: Terminated
srun: error: frontier07701: tasks 13208-13210,13212-13215: Terminated
srun: error: frontier07972: task 13708: Terminated
srun: error: frontier01155: tasks 2024-2028,2030-2031: Terminated
srun: error: frontier05527: task 9529: Terminated
srun: error: frontier05547: tasks 9568-9569,9571-9575: Terminated
srun: error: frontier00027: task 42: Terminated
srun: error: frontier03019: task 5287: Terminated
srun: error: frontier02656: task 4652: Terminated
srun: error: frontier09371: task 16015: Terminated
srun: error: frontier05060: tasks 8768-8771,8773-8775: Terminated
srun: error: frontier07323: tasks 12576-12577,12579-12583: Terminated
srun: error: frontier08124: task 13974: Terminated
srun: error: frontier04445: task 7756: Terminated
srun: error: frontier06421: task 11039: Terminated
srun: error: frontier09051: tasks 15512-15515,15517-15519: Terminated
srun: error: frontier06436: tasks 11072-11076,11078-11079: Terminated
srun: error: frontier09145: tasks 15680-15686: Terminated
srun: error: frontier03096: task 5450: Terminated
srun: error: frontier07089: task 12195: Terminated
srun: error: frontier04636: tasks 8064-8065,8067-8071: Terminated
srun: error: frontier01615: tasks 2824,2826-2831: Terminated
srun: error: frontier04267: tasks 7432-7434,7436-7439: Terminated
srun: error: frontier03794: tasks 6632-6636,6638-6639: Terminated
srun: error: frontier02817: task 4924: Terminated
srun: error: frontier07363: tasks 12672-12676,12678-12679: Terminated
srun: error: frontier04765: task 8291: Terminated
srun: error: frontier08250: tasks 14176-14182: Terminated
srun: error: frontier02073: tasks 3624-3630: Terminated
srun: error: frontier07576: task 12996: Terminated
srun: error: frontier06919: tasks 11872-11874,11876-11879: Terminated
srun: error: frontier00710: tasks 1320-1323,1325-1327: Terminated
srun: error: frontier06199: task 10693: Terminated
srun: error: frontier04175: tasks 7264-7269,7271: Terminated
srun: error: frontier04826: task 8390: Terminated
srun: error: frontier06491: tasks 11168-11172,11174-11175: Terminated
srun: error: frontier05980: task 10331: Terminated
srun: error: frontier05718: task 9892: Terminated
srun: error: frontier09233: tasks 15776-15782: Terminated
srun: error: frontier04755: tasks 8232-8236,8238-8239: Terminated
srun: error: frontier00562: task 1020: Terminated
srun: error: frontier00824: tasks 1488-1491,1493-1495: Terminated
srun: error: frontier03589: task 6252: Terminated
srun: error: frontier06602: tasks 11336-11337,11339-11343: Terminated
srun: error: frontier00291: tasks 520-524,526-527: Terminated
srun: error: frontier06316: task 10868: Terminated
srun: error: frontier08854: task 15131: Terminated
srun: error: frontier02912: tasks 5128-5134: Terminated
srun: error: frontier06026: tasks 10368-10370,10372-10375: Terminated
srun: error: frontier03863: tasks 6728-6733,6735: Terminated
srun: error: frontier06962: tasks 11968-11969,11971-11975: Terminated
srun: error: frontier02250: task 3948: Terminated
srun: error: frontier08337: tasks 14272-14275,14277-14279: Terminated
srun: error: frontier06098: tasks 10536-10542: Terminated
srun: error: frontier03381: tasks 5928-5929,5931-5935: Terminated
srun: error: frontier02623: tasks 4592-4594,4596-4599: Terminated
srun: error: frontier08746: tasks 14976-14979,14981-14983: Terminated
srun: error: frontier04313: tasks 7528-7532,7534-7535: Terminated
srun: error: frontier08398: tasks 14440-14445,14447: Terminated
srun: error: frontier00413: tasks 688-689,691-695: Terminated
srun: error: frontier07854: tasks 13472-13473,13475-13479: Terminated
srun: error: frontier02535: tasks 4424-4430: Terminated
srun: error: frontier05205: tasks 9032-9036,9038-9039: Terminated
srun: error: frontier00305: task 582: Terminated
srun: error: frontier07998: task 13796: Terminated
srun: error: frontier00433: tasks 784-788,790-791: Terminated
srun: error: frontier01765: tasks 3088-3090,3092-3095: Terminated
srun: error: frontier07072: tasks 12136-12139,12141-12143: Terminated
srun: error: frontier04050: task 7052: Terminated
srun: error: frontier03426: tasks 6024-6029,6031: Terminated
srun: error: frontier01306: tasks 2288-2294: Terminated
srun: error: frontier02981: tasks 5224-5227,5229-5231: Terminated
srun: error: frontier09268: tasks 15872-15874,15876-15879: Terminated
srun: error: frontier09394: task 16101: Terminated
srun: error: frontier05698: tasks 9832-9836,9838-9839: Terminated
srun: error: frontier08779: tasks 15072-15073,15075-15079: Terminated
srun: error: frontier03515: tasks 6192-6196,6198-6199: Terminated
srun: error: frontier01187: tasks 2120-2123,2125-2127: Terminated
srun: error: frontier03084: tasks 5392-5394,5396-5399: Terminated
srun: error: frontier05417: task 9359: Terminated
srun: error: frontier06662: tasks 11432-11438: Terminated
srun: error: frontier08508: task 14597: Terminated
srun: error: frontier00924: tasks 1584-1586,1588-1591: Terminated
srun: error: frontier02708: task 4750: Terminated
srun: error: frontier04947: task 8555: Terminated
srun: error: frontier06181: tasks 10632-10638: Terminated
srun: error: frontier03339: tasks 5832-5838: Terminated
srun: error: frontier06052: task 10431: Terminated
srun: error: frontier02062: task 3589: Terminated
srun: error: frontier07508: tasks 12936-12940,12942-12943: Terminated
srun: error: frontier04910: tasks 8496-8501,8503: Terminated
srun: error: frontier05403: tasks 9296-9299,9301-9303: Terminated
srun: error: frontier02664: tasks 4688-4690,4692-4695: Terminated
srun: error: frontier07343: task 12636: Terminated
srun: error: frontier08897: tasks 15240-15243,15245-15247: Terminated
srun: error: frontier06463: task 11132: Terminated
srun: error: frontier05901: task 10158: Terminated
srun: error: frontier07141: task 12292: Terminated
srun: error: frontier07127: tasks 12232-12237,12239: Terminated
srun: error: frontier04797: tasks 8328-8330,8332-8335: Terminated
srun: error: frontier08488: tasks 14536-14537,14539-14543: Terminated
srun: error: frontier05288: tasks 9128-9129,9131-9135: Terminated
srun: error: frontier09378: tasks 16040-16043,16045-16047: Terminated
srun: error: frontier00702: task 1284: Terminated
srun: error: frontier01373: tasks 2384-2389,2391: Terminated
srun: error: frontier00046: tasks 80-81,83-87: Terminated
srun: error: frontier05844: tasks 10096-10101,10103: Terminated
srun: error: frontier03129: tasks 5488-5493,5495: Terminated
srun: error: frontier00424: task 750: Terminated
srun: error: frontier06223: tasks 10728-10733,10735: Terminated
srun: error: frontier00578: task 1108: Terminated
srun: error: frontier02200: tasks 3888-3890,3892-3895: Terminated
srun: error: frontier00449: task 846: Terminated
srun: error: frontier04514: task 7853: Terminated
srun: error: frontier07980: tasks 13736-13738,13740-13743: Terminated
srun: error: frontier05789: task 9988: Terminated
srun: error: frontier04016: tasks 6992-6998: Terminated
srun: error: frontier01874: task 3242: Terminated
srun: error: frontier01929: tasks 3352-3358: Terminated
srun: error: frontier03601: tasks 6288-6293,6295: Terminated
srun: error: frontier01484: tasks 2552-2558: Terminated
srun: error: frontier08916: task 15301: Terminated
srun: error: frontier04500: tasks 7792-7798: Terminated
srun: error: frontier00156: tasks 248-253,255: Terminated
srun: error: frontier03644: task 6351: Terminated
srun: error: frontier08988: tasks 15336-15342: Terminated
srun: error: frontier05767: tasks 9928-9934: Terminated
srun: error: frontier07699: tasks 13200-13201,13203-13207: Terminated
srun: error: frontier07240: task 12459: Terminated
srun: error: frontier02318: task 4044: Terminated
srun: error: frontier07584: tasks 13032-13035,13037-13039: Terminated
srun: error: frontier00571: tasks 1048-1053,1055: Terminated
srun: error: frontier01818: tasks 3184-3189,3191: Terminated
srun: error: frontier01944: task 3412: Terminated
srun: error: frontier09284: task 15930: Terminated
srun: error: frontier07971: task 13701: Terminated
srun: error: frontier08532: tasks 14632-14638: Terminated
srun: error: frontier08090: tasks 13832-13833,13835-13839: Terminated
srun: error: frontier04964: tasks 8592-8594,8596-8599: Terminated
srun: error: frontier10127: task 16199: Terminated
srun: error: frontier05014: task 8654: Terminated
srun: error: frontier05434: tasks 9392-9393,9395-9399: Terminated
srun: error: frontier01057: tasks 1848-1853,1855: Terminated
srun: error: frontier02400: tasks 4152-4153,4155-4159: Terminated
srun: error: frontier05456: task 9451: Terminated
srun: error: frontier04531: tasks 7888-7892,7894-7895: Terminated
srun: error: frontier01813: task 3150: Terminated
srun: error: frontier08213: task 14063: Terminated
srun: error: frontier05303: task 9186: Terminated
srun: error: frontier04633: tasks 8056-8058,8060-8063: Terminated
srun: error: frontier00672: tasks 1144-1147,1149-1151: Terminated
srun: error: frontier02279: tasks 3984-3987,3989-3991: Terminated
srun: error: frontier09402: tasks 16136-16141,16143: Terminated
srun: error: frontier04174: tasks 7256-7262: Terminated
srun: error: frontier01051: task 1812: Terminated
srun: error: frontier08106: task 13892: Terminated
srun: error: frontier06328: tasks 10896-10899,10901-10903: Terminated
srun: error: frontier06350: task 10955: Terminated
srun: error: frontier02717: tasks 4784-4788,4790-4791: Terminated
srun: error: frontier06809: tasks 11696-11697,11699-11703: Terminated
srun: error: frontier05020: tasks 8688-8690,8692-8695: Terminated
srun: error: frontier02833: tasks 4952-4958: Terminated
srun: error: frontier07717: task 13259: Terminated
srun: error: frontier03289: tasks 5752-5757,5759: Terminated
srun: error: frontier06825: task 11758: Terminated
srun: error: frontier01504: task 2613: Terminated
srun: error: frontier04065: tasks 7088-7094: Terminated
srun: error: frontier05917: tasks 10192-10194,10196-10199: Terminated
srun: error: frontier08145: tasks 14000-14001,14003-14007: Terminated
srun: error: frontier00709: tasks 1312-1313,1315-1319: Terminated
srun: error: frontier03736: tasks 6552-6555,6557-6559: Terminated
srun: error: frontier00192: task 406: Terminated
srun: error: frontier04181: task 7314: Terminated
srun: error: frontier02435: tasks 4248-4249,4251-4255: Terminated
srun: error: frontier10170: task 16362: Terminated
srun: error: frontier01082: tasks 1944-1946,1948-1951: Terminated
srun: error: frontier05130: tasks 8856-8862: Terminated
srun: error: frontier00167: task 311: Terminated
srun: error: frontier06365: tasks 10992-10998: Terminated
srun: error: frontier01994: tasks 3448-3453,3455: Terminated
srun: error: frontier01385: task 2446: Terminated
srun: error: frontier07265: tasks 12496-12497,12499-12503: Terminated
srun: error: frontier09115: tasks 15600-15602,15604-15607: Terminated
srun: error: frontier01509: tasks 2648-2654: Terminated
srun: error: frontier04110: task 7149: Terminated
srun: error: frontier01547: task 2709: Terminated
srun: error: frontier08221: tasks 14096-14097,14099-14103: Terminated
srun: error: frontier08627: tasks 14800-14804,14806-14807: Terminated
srun: error: frontier07328: tasks 12592-12597,12599: Terminated
srun: error: frontier07728: tasks 13296-13300,13302-13303: Terminated
srun: error: frontier06959: tasks 11960-11963,11965-11967: Terminated
srun: error: frontier05595: tasks 9656-9661,9663: Terminated
srun: error: frontier01679: tasks 2912-2917,2919: Terminated
srun: error: frontier07316: task 12559: Terminated
srun: error: frontier01075: task 1909: Terminated
srun: error: frontier00950: task 1645: Terminated
srun: error: frontier04233: tasks 7352-7355,7357-7359: Terminated
srun: error: frontier02028: tasks 3544-3548,3550-3551: Terminated
srun: error: frontier06698: task 11494: Terminated
srun: error: frontier04692: tasks 8152-8155,8157-8159: Terminated
srun: error: frontier07599: task 13094: Terminated
srun: error: frontier03425: tasks 6016-6021,6023: Terminated
srun: error: frontier00806: tasks 1408-1412,1414-1415: Terminated
srun: error: frontier03342: tasks 5848-5849,5851-5855: Terminated
srun: error: frontier06425: task 11053: Terminated
srun: error: frontier08653: task 14861: Terminated
srun: error: frontier09170: tasks 15696-15700,15702-15703: Terminated
srun: error: frontier00304: task 571: Terminated
srun: error: frontier07446: tasks 12760-12765,12767: Terminated
srun: error: frontier06839: tasks 11792-11798: Terminated
srun: error: frontier00685: task 1203: Terminated
srun: error: frontier00173: tasks 344-345,347-351: Terminated
srun: error: frontier03801: tasks 6648-6652,6654-6655: Terminated
srun: error: frontier07891: tasks 13560-13564,13566-13567: Terminated
srun: error: frontier06568: tasks 11256-11258,11260-11263: Terminated
srun: error: frontier01186: tasks 2112-2118: Terminated
srun: error: frontier07757: task 13357: Terminated
srun: error: frontier03311: task 5815: Terminated
srun: error: frontier00798: task 1370: Terminated
srun: error: frontier03160: task 5548: Terminated
srun: error: frontier02411: task 4210: Terminated
srun: error: frontier02878: tasks 5048-5050,5052-5055: Terminated
srun: error: frontier01562: tasks 2744-2747,2749-2751: Terminated
srun: error: frontier08715: tasks 14896-14897,14899-14903: Terminated
srun: error: frontier02851: task 5010: Terminated
srun: error: frontier04686: task 8114: Terminated
srun: error: frontier06535: task 11218: Terminated
srun: error: frontier05936: task 10254: Terminated
srun: error: frontier05668: tasks 9752-9756,9758-9759: Terminated
srun: error: frontier06062: tasks 10456-10460,10462-10463: Terminated
srun: error: frontier01259: tasks 2208-2213,2215: Terminated
srun: error: frontier08358: tasks 14360-14363,14365-14367: Terminated
srun: error: frontier00312: tasks 608-609,611-615: Terminated
srun: error: frontier07002: tasks 12056-12062: Terminated
srun: error: frontier09267: tasks 15864-15870: Terminated
srun: error: frontier02018: task 3511: Terminated
srun: error: frontier06050: task 10423: Terminated
srun: error: frontier08998: task 15398: Terminated
srun: error: frontier02141: tasks 3712-3717,3719: Terminated
srun: error: frontier03917: tasks 6816-6818,6820-6823: Terminated
srun: error: frontier07817: tasks 13392-13395,13397-13399: Terminated
srun: error: frontier02576: tasks 4512-4514,4516-4519: Terminated
srun: error: frontier03787: task 6612: Terminated
srun: error: frontier03033: tasks 5312-5318: Terminated
srun: error: frontier05156: task 8917: Terminated
srun: error: frontier03727: task 6519: Terminated
srun: error: frontier00042: tasks 72-78: Terminated
srun: error: frontier01250: task 2174: Terminated
srun: error: frontier09136: task 15663: Terminated
srun: error: frontier00454: tasks 872-876,878-879: Terminated
srun: error: frontier02455: task 4308: Terminated
srun: error: frontier06101: tasks 10552-10557,10559: Terminated
srun: error: frontier01096: task 2002: Terminated
srun: error: frontier05166: tasks 8952-8955,8957-8959: Terminated
srun: error: frontier04566: task 7947: Terminated
srun: error: frontier04253: task 7412: Terminated
srun: error: frontier04377: tasks 7616-7620,7622-7623: Terminated
srun: error: frontier00417: tasks 704-710: Terminated
srun: error: frontier02182: tasks 3808-3810,3812-3815: Terminated
srun: error: frontier01753: tasks 3008-3014: Terminated
srun: error: frontier07476: tasks 12856-12861,12863: Terminated
srun: error: frontier05763: tasks 9920-9924,9926-9927: Terminated
srun: error: frontier00954: tasks 1672-1678: Terminated
srun: error: frontier08240: task 14158: Terminated
srun: error: frontier04269: tasks 7448-7449,7451-7455: Terminated
srun: error: frontier05312: tasks 9216-9219,9221-9223: Terminated
srun: error: frontier03981: tasks 6912-6913,6915-6919: Terminated
srun: error: frontier02625: tasks 4608-4611,4613-4615: Terminated
srun: error: frontier06878: task 11854: Terminated
srun: error: frontier08881: tasks 15160-15161,15163-15167: Terminated
srun: error: frontier06222: tasks 10720-10722,10724-10727: Terminated
srun: error: frontier03474: tasks 6112-6118: Terminated
srun: error: frontier03013: task 5275: Terminated
srun: error: frontier07964: tasks 13656-13658,13660-13663: Terminated
srun: error: frontier06986: task 12018: Terminated
srun: error: frontier05637: task 9717: Terminated
srun: error: frontier00826: tasks 1504-1510: Terminated
srun: error: frontier09297: tasks 15960-15966: Terminated
srun: error: frontier00074: tasks 168-170,172-175: Terminated
srun: error: frontier01700: task 2972: Terminated
srun: error: frontier06607: tasks 11352-11354,11356-11359: Terminated
srun: error: frontier07076: tasks 12152-12154,12156-12159: Terminated
srun: error: frontier04892: tasks 8416-8420,8422-8423: Terminated
srun: error: frontier06703: tasks 11520-11522,11524-11527: Terminated
srun: error: frontier02278: tasks 3976-3982: Terminated
srun: error: frontier00396: task 668: Terminated
srun: error: frontier05793: tasks 10016-10021,10023: Terminated
srun: error: frontier07463: task 12823: Terminated
srun: error: frontier07355: task 12653: Terminated
srun: error: frontier02907: task 5111: Terminated
srun: error: frontier04438: tasks 7712-7718: Terminated
srun: error: frontier04741: task 8214: Terminated
srun: error: frontier01429: tasks 2472-2475,2477-2479: Terminated
srun: error: frontier00554: tasks 968-974: Terminated
srun: error: frontier02561: task 4479: Terminated
srun: error: frontier03087: tasks 5408-5409,5411-5415: Terminated
srun: error: frontier08531: tasks 14624-14629,14631: Terminated
srun: error: frontier08458: tasks 14456-14461,14463: Terminated
srun: error: frontier05019: tasks 8680-8685,8687: Terminated
srun: error: frontier01887: tasks 3272-3273,3275-3279: Terminated
srun: error: frontier03469: task 6075: Terminated
srun: error: frontier09226: task 15758: Terminated
srun: error: frontier08737: task 14959: Terminated
srun: error: frontier07612: tasks 13120-13125,13127: Terminated
srun: error: frontier10138: tasks 16224-16229,16231: Terminated
srun: error: frontier03168: tasks 5576-5581,5583: Terminated
srun: error: frontier05405: tasks 9312-9316,9318-9319: Terminated
srun: error: frontier03358: task 5911: Terminated
srun: error: frontier07957: task 13618: Terminated
srun: error: frontier02328: tasks 4072-4076,4078-4079: Terminated
srun: error: frontier02712: tasks 4776-4782: Terminated
srun: error: frontier05463: tasks 9480-9486: Terminated
srun: error: frontier07191: tasks 12320-12326: Terminated
srun: error: frontier06595: task 11315: Terminated
srun: error: frontier03540: tasks 6208-6211,6213-6215: Terminated
srun: error: frontier00968: tasks 1768-1773,1775: Terminated
srun: error: frontier00819: task 1470: Terminated
srun: error: frontier08901: tasks 15256-15262: Terminated
srun: error: frontier06094: task 10518: Terminated
srun: error: frontier09002: tasks 15424-15428,15430-15431: Terminated
srun: error: frontier08852: task 15122: Terminated
srun: error: frontier05846: tasks 10112-10117,10119: Terminated
srun: error: frontier06740: tasks 11616-11619,11621-11623: Terminated
srun: error: frontier05202: task 9010: Terminated
srun: error: frontier06296: tasks 10816-10821,10823: Terminated
srun: error: frontier00159: tasks 264-265,267-271: Terminated
srun: error: frontier01561: tasks 2737-2743: Terminated
srun: error: frontier04609: tasks 7976-7982: Terminated
srun: error: frontier05965: tasks 10280-10282,10284-10287: Terminated
srun: error: frontier02605: task 4572: Terminated
srun: error: frontier09383: tasks 16056-16061,16063: Terminated
srun: error: frontier04915: tasks 8512-8513,8515-8519: Terminated
srun: error: frontier08608: tasks 14720-14721,14723-14727: Terminated
srun: error: frontier00201: tasks 432-438: Terminated
srun: error: frontier03233: tasks 5672-5677,5679: Terminated
srun: error: frontier03658: tasks 6376-6380,6382-6383: Terminated
srun: error: frontier05302: task 9178: Terminated
srun: error: frontier07068: task 12119: Terminated
srun: error: frontier09280: task 15922: Terminated
srun: error: frontier08112: tasks 13920-13925,13927: Terminated
srun: error: frontier03857: task 6711: Terminated
srun: error: frontier01295: task 2266: Terminated
srun: error: frontier02152: task 3775: Terminated
srun: error: frontier07230: tasks 12416-12417,12419-12423: Terminated
srun: error: frontier06437: tasks 11080-11084,11086-11087: Terminated
srun: error: frontier05074: tasks 8776-8781,8783: Terminated
srun: error: frontier07326: tasks 12584-12589,12591: Terminated
srun: error: frontier03716: tasks 6472-6474,6476-6479: Terminated
srun: error: frontier00065: task 130: Terminated
srun: error: frontier01492: tasks 2568,2570-2575: Terminated
srun: error: frontier00689: tasks 1232,1234-1239: Terminated
srun: error: frontier02779: tasks 4872-4873,4875-4879: Terminated
srun: error: frontier04120: tasks 7176-7181,7183: Terminated
srun: error: frontier01166: tasks 2032-2038: Terminated
srun: error: frontier03929: task 6878: Terminated
srun: error: frontier09052: tasks 15520-15521,15523-15527: Terminated
srun: error: frontier04176: tasks 7272-7277,7279: Terminated
srun: error: frontier08253: tasks 14184-14188,14190-14191: Terminated
srun: error: frontier02462: tasks 4336-4340,4342-4343: Terminated
srun: error: frontier05549: tasks 9576-9579,9581-9583: Terminated
srun: error: frontier02402: tasks 4168-4173,4175: Terminated
srun: error: frontier00428: task 764: Terminated
srun: error: frontier02023: tasks 3536-3541,3543: Terminated
srun: error: frontier04405: task 7677: Terminated
srun: error: frontier07703: tasks 13216-13222: Terminated
srun: error: frontier03075: task 5374: Terminated
srun: error: frontier01933: tasks 3368-3370,3372-3375: Terminated
srun: error: frontier05788: task 9981: Terminated
srun: error: frontier01625: tasks 2832-2837,2839: Terminated
srun: error: frontier05684: task 9812: Terminated
srun: error: frontier06923: tasks 11880-11884,11886-11887: Terminated
srun: error: frontier04268: tasks 7440-7441,7443-7447: Terminated
srun: error: frontier01760: task 3069: Terminated
srun: error: frontier07366: tasks 12680-12683,12685-12687: Terminated
srun: error: frontier08376: task 14422: Terminated
srun: error: frontier10161: tasks 16320-16324,16326-16327: Terminated
srun: error: frontier07816: tasks 13384-13387,13389-13391: Terminated
srun: error: frontier06032: tasks 10376-10379,10381-10383: Terminated
srun: error: frontier01870: task 3232: Terminated
srun: error: frontier00712: tasks 1328-1331,1333-1335: Terminated
srun: error: frontier02837: tasks 4968-4970,4972-4975: Terminated
srun: error: frontier04646: tasks 8072-8073,8075-8079: Terminated
srun: error: frontier06234: task 10779: Terminated
srun: error: frontier00545: task 934: Terminated
srun: error: frontier08167: tasks 14016-14017,14019-14023: Terminated
srun: error: frontier09236: tasks 15784-15786,15788-15791: Terminated
srun: error: frontier02914: tasks 5136-5137,5139-5143: Terminated
srun: error: frontier06176: task 10612: Terminated
srun: error: frontier03510: task 6170: Terminated
srun: error: frontier06603: tasks 11344-11348,11350-11351: Terminated
srun: error: frontier08889: task 15220: Terminated
srun: error: frontier05209: tasks 9040-9043,9045-9047: Terminated
srun: error: frontier01188: tasks 2128-2132,2134-2135: Terminated
srun: error: frontier00295: tasks 528-531,533-535: Terminated
srun: error: frontier02197: task 3870: Terminated
srun: error: frontier03394: tasks 5936-5941,5943: Terminated
srun: error: frontier08630: tasks 14816-14817,14819-14823: Terminated
srun: error: frontier06627: task 11414: Terminated
srun: error: frontier02074: tasks 3632-3637,3639: Terminated
srun: error: frontier04757: tasks 8240-8245,8247: Terminated
srun: error: frontier01310: tasks 2296-2302: Terminated
srun: error: frontier08749: tasks 14984-14985,14987-14991: Terminated
srun: error: frontier04906: task 8477: Terminated
srun: error: frontier02307: task 4039: Terminated
srun: error: frontier07501: task 12915: Terminated
srun: error: frontier00961: task 1730: Terminated
srun: error: frontier08340: tasks 14280-14282,14284-14287: Terminated
srun: error: frontier07857: tasks 13480-13481,13483-13487: Terminated
srun: error: frontier07075: tasks 12144-12149,12151: Terminated
srun: error: frontier03864: tasks 6736-6742: Terminated
srun: error: frontier01767: tasks 3096-3102: Terminated
srun: error: frontier00435: tasks 792-795,797-799: Terminated
srun: error: frontier05147: tasks 8872-8878: Terminated
srun: error: frontier02536: tasks 4432-4435,4437-4439: Terminated
srun: error: frontier07451: tasks 12776-12780,12782-12783: Terminated
srun: error: frontier03989: task 6975: Terminated
srun: error: frontier06492: tasks 11176-11177,11179-11183: Terminated
srun: error: frontier03085: tasks 5400-5405,5407: Terminated
srun: error: frontier06966: tasks 11976-11977,11979-11983: Terminated
srun: error: frontier02991: tasks 5232-5233,5235-5239: Terminated
srun: error: frontier00825: tasks 1496-1500,1502-1503: Terminated
srun: error: frontier03459: tasks 6032-6036,6038-6039: Terminated
srun: error: frontier09372: task 16023: Terminated
srun: error: frontier07561: tasks 12944-12947,12949-12951: Terminated
srun: error: frontier02764: task 4834: Terminated
srun: error: frontier08480: task 14518: Terminated
srun: error: frontier08100: task 13882: Terminated
srun: error: frontier07977: task 13717: Terminated
srun: error: frontier04314: tasks 7536-7540,7542-7543: Terminated
srun: error: frontier06184: tasks 10640-10645,10647: Terminated
srun: error: frontier01466: task 2528: Terminated
srun: error: frontier01685: tasks 2928-2930,2932-2935: Terminated
srun: error: frontier00129: task 229: Terminated
srun: error: frontier05705: tasks 9840-9842,9844-9847: Terminated
srun: error: frontier06667: tasks 11440-11442,11444-11447: Terminated
srun: error: frontier03924: tasks 6832-6833,6835-6839: Terminated
srun: error: frontier02660: task 4671: Terminated
srun: error: frontier07982: tasks 13744-13750: Terminated
srun: error: frontier06726: task 11582: Terminated
srun: error: frontier01376: tasks 2392-2393,2395-2399: Terminated
srun: error: frontier04492: task 7775: Terminated
srun: error: frontier07215: task 12376: Terminated
srun: error: frontier04803: tasks 8336-8339,8341-8343: Terminated
srun: error: frontier02201: tasks 3896-3901,3903: Terminated
srun: error: frontier08784: tasks 15080-15086: Terminated
srun: error: frontier04379: tasks 7632-7636,7638-7639: Terminated
srun: error: frontier05290: tasks 9136-9140,9142-9143: Terminated
srun: error: frontier07128: tasks 12240-12241,12243-12247: Terminated
srun: error: frontier00925: tasks 1592-1596,1598-1599: Terminated
srun: error: frontier02690: tasks 4696-4697,4699-4703: Terminated
srun: error: frontier05382: task 9279: Terminated
srun: error: frontier09270: tasks 15880-15885,15887: Terminated
srun: error: frontier08489: tasks 14544-14549,14551: Terminated
srun: error: frontier04021: tasks 7000-7005,7007: Terminated
srun: error: frontier07894: tasks 13576-13582: Terminated
srun: error: frontier08587: task 14686: Terminated
srun: error: frontier00158: tasks 256-258,260-263: Terminated
srun: error: frontier01826: tasks 3192-3198: Terminated
srun: error: frontier03118: task 5467: Terminated
srun: error: frontier00572: tasks 1056-1059,1061-1063: Terminated
srun: error: frontier05809: task 10079: Terminated
srun: error: frontier00049: tasks 88-92,94-95: Terminated
srun: error: frontier00563: task 1028: Terminated
srun: error: frontier09382: tasks 16048-16053,16055: Terminated
srun: error: frontier01895: task 3334: Terminated
srun: error: frontier07585: tasks 13040-13045,13047: Terminated
srun: error: frontier04968: tasks 8600-8602,8604-8607: Terminated
srun: error: frontier05773: tasks 9936-9942: Terminated
srun: error: frontier04952: task 8569: Terminated
srun: error: frontier05845: tasks 10104-10105,10107-10111: Terminated
srun: error: frontier02281: tasks 3992-3998: Terminated
srun: error: frontier06333: tasks 10904-10907,10909-10911: Terminated
srun: error: frontier04564: task 7938: Terminated
srun: error: frontier08091: tasks 13840-13843,13845-13847: Terminated
srun: error: frontier00524: tasks 888-893,895: Terminated
srun: error: frontier03602: tasks 6296-6297,6299-6303: Terminated
srun: error: frontier06812: tasks 11704-11710: Terminated
srun: error: frontier02401: tasks 4160-4164,4166-4167: Terminated
srun: error: frontier07691: task 13180: Terminated
srun: error: frontier05436: tasks 9400-9401,9403-9407: Terminated
srun: error: frontier03219: task 5634: Terminated
srun: error: frontier08932: task 15314: Terminated
srun: error: frontier02395: task 4133: Terminated
srun: error: frontier03139: tasks 5496-5498,5500-5503: Terminated
srun: error: frontier01054: task 1830: Terminated
srun: error: frontier06227: tasks 10736-10737,10739-10743: Terminated
srun: error: frontier05422: task 9374: Terminated
srun: error: frontier08991: tasks 15344-15349,15351: Terminated
srun: error: frontier09018: task 15487: Terminated
srun: error: frontier00175: tasks 352-358: Terminated
srun: error: frontier06317: task 10875: Terminated
srun: error: frontier03667: task 6434: Terminated
srun: error: frontier00956: tasks 1688-1690,1692-1695: Terminated
srun: error: frontier05046: task 8742: Terminated
srun: error: frontier01510: tasks 2656-2661,2663: Terminated
srun: error: frontier09405: tasks 16144-16145,16147-16151: Terminated
srun: error: frontier04067: tasks 7096-7099,7101-7103: Terminated
srun: error: frontier07269: tasks 12504-12508,12510-12511: Terminated
srun: error: frontier01090: task 1997: Terminated
srun: error: frontier00675: tasks 1152-1158: Terminated
srun: error: frontier02726: tasks 4792-4796,4798-4799: Terminated
srun: error: frontier03211: tasks 5592-5593,5595-5599: Terminated
srun: error: frontier02010: tasks 3456-3458,3460-3463: Terminated
srun: error: frontier09118: tasks 15608-15612,15614-15615: Terminated
srun: error: frontier06711: tasks 11536-11537,11539-11543: Terminated
srun: error: frontier08533: tasks 14640-14643,14645-14647: Terminated
srun: error: frontier05531: task 9538: Terminated
srun: error: frontier02834: tasks 4960-4966: Terminated
srun: error: frontier08146: tasks 14008-14009,14011-14015: Terminated
srun: error: frontier05920: tasks 10200-10203,10205-10207: Terminated
srun: error: frontier06874: task 11842: Terminated
srun: error: frontier01506: task 2627: Terminated
srun: error: frontier08629: tasks 14808-14812,14814-14815: Terminated
srun: error: frontier06797: task 11676: Terminated
srun: error: frontier10151: task 16285: Terminated
srun: error: frontier01084: tasks 1952-1955,1957-1959: Terminated
srun: error: frontier04554: tasks 7896-7900,7902-7903: Terminated
srun: error: frontier03524: tasks 6200,6202-6207: Terminated
srun: error: frontier05517: tasks 9496-9500,9502-9503: Terminated
srun: error: frontier08230: tasks 14104-14108,14110-14111: Terminated
srun: error: frontier08125: task 13979: Terminated
srun: error: frontier07730: tasks 13304-13308,13310-13311: Terminated
srun: error: frontier03757: tasks 6560-6565,6567: Terminated
srun: error: frontier05596: tasks 9664-9666,9668-9671: Terminated
srun: error: frontier06404: tasks 11000-11001,11003-11007: Terminated
srun: error: frontier04242: tasks 7360-7362,7364-7367: Terminated
srun: error: frontier03292: tasks 5760-5764,5766-5767: Terminated
srun: error: frontier01563: tasks 2752-2754,2756-2759: Terminated
srun: error: frontier04152: task 7239: Terminated
srun: error: frontier05026: tasks 8696-8697,8699-8703: Terminated
srun: error: frontier07330: tasks 12600-12601,12603-12607: Terminated
srun: error: frontier09007: tasks 15440-15444,15446-15447: Terminated
srun: error: frontier01596: task 2799: Terminated
srun: error: frontier00272: tasks 448-453,455: Terminated
srun: error: frontier04629: task 8039: Terminated
srun: error: frontier02436: tasks 4256-4260,4262-4263: Terminated
srun: error: frontier01680: tasks 2920-2923,2925-2927: Terminated
srun: error: frontier03279: task 5733: Terminated
srun: error: frontier07354: task 12643: Terminated
srun: error: frontier01947: task 3426: Terminated
srun: error: frontier07450: tasks 12768-12773,12775: Terminated
srun: error: frontier00285: task 493: Terminated
srun: error: frontier04693: tasks 8160-8165,8167: Terminated
srun: error: frontier02818: task 4931: Terminated
srun: error: frontier05146: tasks 8864-8870: Terminated
srun: error: frontier10146: tasks 16240-16246: Terminated
srun: error: frontier05970: tasks 10296-10298,10300-10303: Terminated
srun: error: frontier05982: task 10341: Terminated
srun: error: frontier02142: tasks 3720-3726: Terminated
srun: error: frontier02065: task 3596: Terminated
srun: error: frontier04501: tasks 7800-7806: Terminated
srun: error: frontier06840: tasks 11800-11801,11803-11807: Terminated
srun: error: frontier06063: tasks 10464-10468,10470-10471: Terminated
srun: error: frontier00704: task 1294: Terminated
srun: error: frontier07255: task 12477: Terminated
srun: error: frontier08622: task 14779: Terminated
srun: error: frontier01059: tasks 1856-1859,1861-1863: Terminated
srun: error: frontier09100: task 15580: Terminated
srun: error: frontier02879: tasks 5056-5061,5063: Terminated
srun: error: frontier07829: tasks 13400-13401,13403-13407: Terminated
srun: error: frontier00314: tasks 616-620,622-623: Terminated
srun: error: frontier08716: tasks 14904-14907,14909-14911: Terminated
srun: error: frontier03729: task 6533: Terminated
srun: error: frontier03357: task 5898: Terminated
srun: error: frontier03343: tasks 5856-5859,5861-5863: Terminated
srun: error: frontier07003: tasks 12064-12068,12070-12071: Terminated
srun: error: frontier02029: tasks 3552-3558: Terminated
srun: error: frontier04274: tasks 7456-7458,7460-7463: Terminated
srun: error: frontier00807: tasks 1416-1421,1423: Terminated
srun: error: frontier09171: tasks 15704-15706,15708-15711: Terminated
srun: error: frontier06569: tasks 11264-11266,11268-11271: Terminated
srun: error: frontier01182: task 2092: Terminated
srun: error: frontier10173: task 16378: Terminated
srun: error: frontier01260: tasks 2216-2221,2223: Terminated
srun: error: frontier06464: task 11141: Terminated
srun: error: frontier07723: task 13274: Terminated
srun: error: frontier03855: task 6700: Terminated
srun: error: frontier01754: tasks 3016-3018,3020-3023: Terminated
srun: error: frontier04378: tasks 7624-7629,7631: Terminated
srun: error: frontier03803: tasks 6656-6658,6660-6663: Terminated
srun: error: frontier05167: tasks 8960-8965,8967: Terminated
srun: error: frontier00418: tasks 712-714,716-719: Terminated
srun: error: frontier07477: tasks 12864-12866,12868-12871: Terminated
srun: error: frontier08364: tasks 14368-14372,14374-14375: Terminated
srun: error: frontier07848: task 13445: Terminated
srun: error: frontier08882: tasks 15168-15173,15175: Terminated
srun: error: frontier02577: tasks 4520-4521,4523-4527: Terminated
srun: error: frontier05669: tasks 9760-9763,9765-9767: Terminated
srun: error: frontier08218: task 14077: Terminated
srun: error: frontier08256: tasks 14200-14204,14206-14207: Terminated
srun: error: frontier07892: tasks 13568-13570,13572-13575: Terminated
srun: error: frontier02518: tasks 4352-4353,4355-4359: Terminated
srun: error: frontier05091: task 8834: Terminated
srun: error: frontier02527: task 4396: Terminated
srun: error: frontier03922: tasks 6824-6827,6829-6831: Terminated
srun: error: frontier04226: task 7332: Terminated
srun: error: frontier09354: tasks 15968-15973,15975: Terminated
srun: error: frontier03035: tasks 5320-5321,5323-5327: Terminated
srun: error: frontier00455: tasks 880-885,887: Terminated
srun: error: frontier00955: tasks 1681-1687: Terminated
srun: error: frontier08752: tasks 15000-15003,15005-15007: Terminated
srun: error: frontier02628: tasks 4616-4618,4620-4623: Terminated
srun: error: frontier06955: task 11938: Terminated
srun: error: frontier02183: tasks 3816-3817,3819-3823: Terminated
srun: error: frontier06108: tasks 10560-10562,10564-10567: Terminated
srun: error: frontier01312: tasks 2312-2314,2316-2319: Terminated
srun: error: frontier04304: task 7503: Terminated
srun: error: frontier04760: tasks 8256-8261,8263: Terminated
srun: error: frontier05580: task 9635: Terminated
srun: error: frontier04893: tasks 8424-8429,8431: Terminated
srun: error: frontier08329: task 14246: Terminated
srun: error: frontier05315: tasks 9224-9227,9229-9231: Terminated
srun: error: frontier00306: task 590: Terminated
srun: error: frontier07965: tasks 13664-13668,13670-13671: Terminated
srun: error: frontier06619: tasks 11360-11361,11363-11367: Terminated
srun: error: frontier04439: tasks 7720-7722,7724-7727: Terminated
srun: error: frontier01769: tasks 3112-3118: Terminated
srun: error: frontier07082: tasks 12160-12163,12165-12167: Terminated
srun: error: frontier01431: tasks 2480-2486: Terminated
srun: error: frontier05255: tasks 9056-9059,9061-9063: Terminated
srun: error: frontier02967: task 5196: Terminated
srun: error: frontier00827: tasks 1512-1515,1517-1519: Terminated
srun: error: frontier01645: task 2894: Terminated
srun: error: frontier01888: tasks 3280-3281,3283-3287: Terminated
srun: error: frontier03475: tasks 6120-6122,6124-6127: Terminated
srun: error: frontier06053: task 10437: Terminated
srun: error: frontier03421: task 5995: Terminated
srun: error: frontier04917: tasks 8520-8521,8523-8527: Terminated
srun: error: frontier03982: tasks 6920-6921,6923-6927: Terminated
srun: error: frontier00076: tasks 176,178-183: Terminated
srun: error: frontier07569: tasks 12961-12967: Terminated
srun: error: frontier00802: task 1391: Terminated
srun: error: frontier08460: tasks 14464-14465,14467-14471: Terminated
srun: error: frontier06704: tasks 11528-11529,11531-11535: Terminated
srun: error: frontier07886: task 13540: Terminated
srun: error: frontier04688: task 8131: Terminated
srun: error: frontier09386: tasks 16064-16065,16067-16071: Terminated
srun: error: frontier07437: task 12742: Terminated
srun: error: frontier05798: tasks 10024-10026,10028-10031: Terminated
srun: error: frontier03090: tasks 5416-5419,5421-5423: Terminated
srun: error: frontier03170: tasks 5584-5586,5588-5591: Terminated
srun: error: frontier06302: tasks 10824-10827,10829-10831: Terminated
srun: error: frontier04772: task 8298: Terminated
srun: error: frontier08113: tasks 13928-13933,13935: Terminated
srun: error: frontier02329: tasks 4080-4085,4087: Terminated
srun: error: frontier06741: tasks 11624-11628,11630-11631: Terminated
srun: error: frontier09003: tasks 15432-15433,15435-15439: Terminated
srun: error: frontier07193: tasks 12328-12334: Terminated
srun: error: frontier05406: tasks 9320-9325,9327: Terminated
srun: error: frontier08903: tasks 15264-15266,15268-15271: Terminated
srun: error: frontier00557: tasks 976-977,979-983: Terminated
srun: error: frontier07615: tasks 13128-13132,13134-13135: Terminated
srun: error: frontier00425: task 757: Terminated
srun: error: frontier01493: tasks 2576-2581,2583: Terminated
srun: error: frontier02134: task 3693: Terminated
srun: error: frontier06174: task 10603: Terminated
srun: error: frontier04124: tasks 7184-7185,7187-7191: Terminated
srun: error: frontier02564: task 4495: Terminated
srun: error: frontier03541: tasks 6216-6222: Terminated
srun: error: frontier00970: tasks 1776-1778,1780-1783: Terminated
srun: error: frontier05276: task 9098: Terminated
srun: error: frontier03659: tasks 6384-6385,6387-6391: Terminated
srun: error: frontier08760: task 15047: Terminated
srun: error: frontier04028: tasks 7016-7021,7023: Terminated
srun: error: frontier03892: task 6795: Terminated
srun: error: frontier06545: task 11238: Terminated
srun: error: frontier04611: tasks 7984-7987,7989-7991: Terminated
srun: error: frontier00574: tasks 1072-1076,1078-1079: Terminated
srun: error: frontier09251: task 15847: Terminated
srun: error: frontier10142: tasks 16232-16235,16237-16239: Terminated
srun: error: frontier08351: task 14338: Terminated
srun: error: frontier01934: tasks 3376-3377,3379-3383: Terminated
srun: error: frontier06335: tasks 10920-10924,10926-10927: Terminated
srun: error: frontier05847: tasks 10120-10126: Terminated
srun: error: frontier06995: task 12035: Terminated
srun: error: frontier05511: tasks 9488-9491,9493-9495: Terminated
srun: error: frontier07231: tasks 12424-12430: Terminated
srun: error: frontier00029: task 52: Terminated
srun: error: frontier00834: task 1556: Terminated
srun: error: frontier02657: task 4659: Terminated
srun: error: frontier03234: tasks 5680-5685,5687: Terminated
srun: error: frontier01252: task 2188: Terminated
srun: error: frontier01357: task 2358: Terminated
srun: error: frontier00160: tasks 272-275,277-279: Terminated
srun: error: frontier02780: tasks 4880-4884,4886-4887: Terminated
srun: error: frontier05075: tasks 8784-8788,8790-8791: Terminated
srun: error: frontier05966: tasks 10288-10293,10295: Terminated
srun: error: frontier06625: task 11405: Terminated
srun: error: frontier00267: tasks 440-444,446-447: Terminated
srun: error: frontier00691: tasks 1240-1243,1245-1247: Terminated
srun: error: frontier02477: tasks 4344-4347,4349-4351: Terminated
srun: error: frontier08609: tasks 14728-14731,14733-14735: Terminated
srun: error: frontier06817: tasks 11720-11721,11723-11727: Terminated
srun: error: frontier09057: tasks 15528-15532,15534-15535: Terminated
srun: error: frontier04177: tasks 7280-7281,7283-7287: Terminated
srun: error: frontier08255: tasks 14192-14196,14198-14199: Terminated
srun: error: frontier07704: tasks 13224-13228,13230-13231: Terminated
srun: error: frontier05550: tasks 9584-9585,9587-9591: Terminated
srun: error: frontier04368: task 7596: Terminated
srun: error: frontier01814: task 3158: Terminated
srun: error: frontier06440: tasks 11088-11092,11094-11095: Terminated
srun: error: frontier01063: tasks 1872-1874,1876-1879: Terminated
srun: error: frontier10162: tasks 16328,16330-16335: Terminated
srun: error: frontier00296: tasks 536-538,540-543: Terminated
srun: error: frontier05719: task 9902: Terminated
srun: error: frontier03717: tasks 6480-6485,6487: Terminated
srun: error: frontier01170: tasks 2041-2047: Terminated
srun: error: frontier03028: task 5293: Terminated
srun: error: frontier07094: task 12202: Terminated
srun: error: frontier06926: tasks 11888-11893,11895: Terminated
srun: error: frontier08202: tasks 14024-14027,14029-14031: Terminated
srun: error: frontier03296: tasks 5776-5781,5783: Terminated
srun: error: frontier02403: tasks 4176-4179,4181-4183: Terminated
srun: error: frontier00776: tasks 1336-1339,1341-1343: Terminated
srun: error: frontier00451: task 851: Terminated
srun: error: frontier02075: tasks 3640-3645,3647: Terminated
srun: error: frontier07577: task 13006: Terminated
srun: error: frontier08858: task 15143: Terminated
srun: error: frontier04648: tasks 8080-8084,8086-8087: Terminated
srun: error: frontier03100: task 5463: Terminated
srun: error: frontier01630: tasks 2840-2844,2846-2847: Terminated
srun: error: frontier03397: tasks 5944-5950: Terminated
srun: error: frontier07469: task 12834: Terminated
srun: error: frontier05148: tasks 8880-8883,8885-8887: Terminated
srun: error: frontier02956: tasks 5144-5147,5149-5151: Terminated
srun: error: frontier08635: tasks 14824-14828,14830-14831: Terminated
srun: error: frontier06033: tasks 10384-10387,10389-10391: Terminated
srun: error: frontier09120: tasks 15625-15631: Terminated
srun: error: frontier02838: tasks 4976-4982: Terminated
srun: error: frontier01189: tasks 2136-2139,2141-2143: Terminated
srun: error: frontier06496: tasks 11184-11190: Terminated
srun: error: frontier05598: tasks 9680-9683,9685-9687: Terminated
srun: error: frontier00951: task 1655: Terminated
srun: error: frontier06968: tasks 11984-11987,11989-11991: Terminated
srun: error: frontier04759: tasks 8248-8249,8251-8255: Terminated
srun: error: frontier06200: task 10699: Terminated
srun: error: frontier08931: task 15311: Terminated
srun: error: frontier08750: tasks 14992-14997,14999: Terminated
srun: error: frontier01311: tasks 2304-2308,2310-2311: Terminated
srun: error: frontier05308: task 9194: Terminated
srun: error: frontier07372: tasks 12688-12690,12692-12695: Terminated
srun: error: frontier09238: tasks 15792-15794,15796-15799: Terminated
srun: error: frontier03590: task 6263: Terminated
srun: error: frontier07873: tasks 13488-13490,13492-13495: Terminated
srun: error: frontier09286: task 15943: Terminated
srun: error: frontier04828: task 8397: Terminated
srun: error: frontier08344: tasks 14288-14290,14292-14295: Terminated
srun: error: frontier03471: task 6094: Terminated
srun: error: frontier04353: tasks 7544-7546,7548-7551: Terminated
srun: error: frontier07452: tasks 12784-12788,12790-12791: Terminated
srun: error: frontier02999: tasks 5240-5243,5245-5247: Terminated
srun: error: frontier05210: tasks 9048-9052,9054-9055: Terminated
srun: error: frontier06700: task 11503: Terminated
srun: error: frontier01686: tasks 2936-2941,2943: Terminated
srun: error: frontier05419: task 9365: Terminated
srun: error: frontier02266: task 3954: Terminated
srun: error: frontier05713: tasks 9848-9849,9851-9855: Terminated
srun: error: frontier00005: tasks 0-5,7: Terminated
srun: error: frontier02709: task 4758: Terminated
srun: error: frontier06187: tasks 10648-10650,10652-10655: Terminated
srun: error: frontier09395: task 16109: Terminated
srun: error: frontier02144: tasks 3736-3739,3741-3743: Terminated
srun: error: frontier02538: tasks 4440-4441,4443-4447: Terminated
srun: error: frontier01768: tasks 3104-3107,3109-3111: Terminated
srun: error: frontier07999: task 13804: Terminated
srun: error: frontier03865: tasks 6744-6745,6747-6751: Terminated
srun: error: frontier02202: tasks 3904-3906,3908-3911: Terminated
srun: error: frontier03460: tasks 6040-6044,6046-6047: Terminated
srun: error: frontier04804: tasks 8344-8349,8351: Terminated
srun: error: frontier03925: tasks 6840-6846: Terminated
srun: error: frontier08785: tasks 15088-15093,15095: Terminated
srun: error: frontier00930: tasks 1600-1604,1606-1607: Terminated
srun: error: frontier05790: task 9994: Terminated
srun: error: frontier07564: tasks 12952-12957,12959: Terminated
srun: error: frontier04026: tasks 7008-7011,7013-7015: Terminated
srun: error: frontier06066: tasks 10480-10482,10484-10487: Terminated
srun: error: frontier00051: tasks 96-100,102-103: Terminated
srun: error: frontier00436: tasks 800-803,805-807: Terminated
srun: error: frontier02696: tasks 4704-4708,4710-4711: Terminated
srun: error: frontier09271: tasks 15888-15891,15893-15895: Terminated
srun: error: frontier08490: tasks 14552-14557,14559: Terminated
srun: error: frontier07129: tasks 12248-12249,12251-12255: Terminated
srun: error: frontier07984: tasks 13752-13757,13759: Terminated
srun: error: frontier04383: tasks 7640-7645,7647: Terminated
srun: error: frontier01882: task 3254: Terminated
srun: error: frontier04053: task 7060: Terminated
srun: error: frontier07171: task 12300: Terminated
srun: error: frontier00168: task 317: Terminated
srun: error: frontier00547: task 950: Terminated
srun: error: frontier00068: task 146: Terminated
srun: error: frontier06682: tasks 11448-11453,11455: Terminated
srun: error: frontier07897: tasks 13584-13585,13587-13591: Terminated
srun: error: frontier00573: tasks 1064-1069,1071: Terminated
srun: error: frontier08517: task 14603: Terminated
srun: error: frontier01945: task 3423: Terminated
srun: error: frontier08369: tasks 14384-14386,14388-14391: Terminated
srun: error: frontier02579: tasks 4536-4541,4543: Terminated
srun: error: frontier05291: tasks 9144-9150: Terminated
srun: error: frontier06334: tasks 10912-10913,10915-10919: Terminated
srun: error: frontier05775: tasks 9944-9947,9949-9951: Terminated
srun: error: frontier03603: tasks 6304-6306,6308-6311: Terminated
srun: error: frontier02282: tasks 4000-4005,4007: Terminated
srun: error: frontier04520: task 7863: Terminated
srun: error: frontier00957: tasks 1696-1699,1701-1703: Terminated
srun: error: frontier01377: tasks 2400-2406: Terminated
srun: error: frontier06284: task 10798: Terminated
srun: error: frontier02319: task 4055: Terminated
srun: error: frontier09415: tasks 16152-16156,16158-16159: Terminated
srun: error: frontier10129: task 16207: Terminated
srun: error: frontier04898: tasks 8440-8446: Terminated
srun: error: frontier04745: tasks 8217-8223: Terminated
srun: error: frontier03161: task 5554: Terminated
srun: error: frontier08108: task 13901: Terminated
srun: error: frontier03645: task 6356: Terminated
srun: error: frontier08992: tasks 15352-15357,15359: Terminated
srun: error: frontier07600: task 13101: Terminated
srun: error: frontier06228: tasks 10744-10745,10747-10751: Terminated
srun: error: frontier05902: task 10166: Terminated
srun: error: frontier00662: task 1115: Terminated
srun: error: frontier05442: tasks 9408-9410,9412-9415: Terminated
srun: error: frontier00539: tasks 896-901,903: Terminated
srun: error: frontier03931: task 6890: Terminated
srun: error: frontier01386: task 2453: Terminated
srun: error: frontier01077: task 1917: Terminated
srun: error: frontier08535: tasks 14648-14650,14652-14655: Terminated
srun: error: frontier00177: tasks 360-365,367: Terminated
srun: error: frontier01511: tasks 2664-2669,2671: Terminated
srun: error: frontier07586: tasks 13048-13050,13052-13055: Terminated
srun: error: frontier04970: tasks 8608-8612,8614-8615: Terminated
srun: error: frontier06712: tasks 11544-11546,11548-11551: Terminated
srun: error: frontier08999: task 15402: Terminated
srun: error: frontier05016: task 8659: Terminated
srun: error: frontier08095: tasks 13848-13853,13855: Terminated
srun: error: frontier06815: tasks 11712-11714,11716-11719: Terminated
srun: error: frontier01433: tasks 2496-2497,2499-2503: Terminated
srun: error: frontier06358: task 10962: Terminated
srun: error: frontier06826: task 11763: Terminated
srun: error: frontier02774: task 4850: Terminated
srun: error: frontier07298: tasks 12512-12514,12516-12519: Terminated
srun: error: frontier05924: tasks 10208-10209,10211-10215: Terminated
srun: error: frontier02011: tasks 3464-3470: Terminated
srun: error: frontier03212: tasks 5600-5605,5607: Terminated
srun: error: frontier00676: tasks 1160-1164,1166-1167: Terminated
srun: error: frontier01060: tasks 1864-1870: Terminated
srun: error: frontier07722: task 13270: Terminated
srun: error: frontier05028: tasks 8704-8709,8711: Terminated
srun: error: frontier03662: tasks 6400-6401,6403-6407: Terminated
srun: error: frontier04114: task 7158: Terminated
srun: error: frontier02742: tasks 4800-4803,4805-4807: Terminated
srun: error: frontier04555: tasks 7904-7909,7911: Terminated
srun: error: frontier06409: tasks 11008-11009,11011-11015: Terminated
srun: error: frontier07731: tasks 13312-13316,13318-13319: Terminated
srun: error: frontier03293: tasks 5768-5771,5773-5775: Terminated
srun: error: frontier07196: tasks 12344-12349,12351: Terminated
srun: error: frontier09009: tasks 15448-15450,15452-15455: Terminated
srun: error: frontier04182: task 7322: Terminated
srun: error: frontier04068: tasks 7104-7110: Terminated
srun: error: frontier08601: task 14699: Terminated
srun: error: frontier01829: tasks 3200-3204,3206-3207: Terminated
srun: error: frontier08217: task 14069: Terminated
srun: error: frontier03144: tasks 5504-5507,5509-5511: Terminated
srun: error: frontier09119: tasks 15616-15621,15623: Terminated
srun: error: frontier04502: tasks 7808-7809,7811-7815: Terminated
srun: error: frontier07620: tasks 13144-13149,13151: Terminated
srun: error: frontier00193: task 414: Terminated
srun: error: frontier07319: task 12562: Terminated
srun: error: frontier05937: task 10259: Terminated
srun: error: frontier00686: task 1214: Terminated
srun: error: frontier01553: task 2714: Terminated
srun: error: frontier04567: task 7958: Terminated
srun: error: frontier08655: task 14866: Terminated
srun: error: frontier03334: task 5822: Terminated
srun: error: frontier02854: task 5021: Terminated
srun: error: frontier00799: task 1383: Terminated
srun: error: frontier04687: task 8126: Terminated
srun: error: frontier05157: task 8924: Terminated
srun: error: frontier05457: task 9458: Terminated
srun: error: frontier05058: task 8757: Terminated
srun: error: frontier02458: task 4319: Terminated
srun: error: frontier09030: task 15502: Terminated
srun: error: frontier07758: task 13366: Terminated
srun: error: frontier03791: task 6623: Terminated
srun: error: frontier02019: task 3518: Terminated
srun: error: frontier06426: task 11058: Terminated
srun: error: frontier02413: task 4222: Terminated
srun: error: frontier09139: task 15667: Terminated
srun: error: frontier05536: task 9555: Terminated
srun: error: frontier06879: task 11861: Terminated
srun: error: frontier01251: task 2182: Terminated
srun: error: frontier01153: task 2014: Terminated
srun: error: frontier01612: task 2812: Terminated
srun: error: frontier05649: task 9725: Terminated
srun: error: frontier08241: task 14164: Terminated
srun: error: frontier04255: task 7422: Terminated
srun: error: frontier01701: task 2976: Terminated
srun: error: frontier06993: task 12029: Terminated
srun: error: frontier03368: task 5914: Terminated
srun: error: frontier02071: task 3615: Terminated
srun: error: frontier02908: task 5117: Terminated
srun: error: frontier07852: task 13460: Terminated
srun: error: frontier00397: task 678: Terminated
srun: error: frontier08738: task 14966: Terminated
srun: error: frontier06095: task 10522: Terminated
srun: error: frontier07356: task 12661: Terminated
srun: error: frontier00821: task 1474: Terminated
srun: error: frontier05203: task 9023: Terminated
srun: error: frontier07466: task 12826: Terminated
srun: error: frontier02155: task 3779: Terminated
srun: error: frontier09227: task 15766: Terminated
srun: error: frontier03930: task 6882: Terminated
srun: error: frontier01297: task 2279: Terminated
srun: error: frontier06599: task 11324: Terminated
srun: error: frontier03470: task 6087: Terminated
srun: error: frontier07069: task 12126: Terminated
srun: error: frontier07958: task 13627: Terminated
srun: error: frontier03859: task 6714: Terminated
srun: error: frontier02612: task 4580: Terminated
srun: error: frontier00066: task 143: Terminated
srun: error: frontier01762: task 3077: Terminated
srun: error: frontier04434: task 7687: Terminated
srun: error: frontier05685: task 9818: Terminated
srun: error: frontier04310: task 7514: Terminated
srun: error: frontier07503: task 12923: Terminated
srun: error: frontier08378: task 14427: Terminated
srun: error: frontier00431: task 774: Terminated
srun: error: frontier00546: task 939: Terminated
srun: error: frontier03076: task 5381: Terminated
srun: error: frontier04795: task 8318: Terminated
srun: error: frontier06280: task 10788: Terminated
srun: error: frontier02198: task 3876: Terminated
srun: error: frontier00920: task 1573: Terminated
srun: error: frontier08892: task 15227: Terminated
srun: error: frontier03511: task 6178: Terminated
srun: error: frontier06628: task 11420: Terminated
srun: error: frontier06177: task 10620: Terminated
srun: error: frontier04908: task 8484: Terminated
srun: error: frontier03990: task 6978: Terminated
srun: error: frontier01362: task 2372: Terminated
srun: error: frontier07978: task 13724: Terminated
srun: error: frontier07103: task 12223: Terminated
srun: error: frontier09376: task 16029: Terminated
srun: error: frontier01470: task 2542: Terminated
srun: error: frontier02770: task 4844: Terminated
srun: error: frontier02661: task 4678: Terminated
srun: error: frontier00132: task 237: Terminated
srun: error: frontier00962: task 1742: Terminated
srun: error: frontier06727: task 11584: Terminated
srun: error: frontier05384: task 9287: Terminated
srun: error: frontier04493: task 7778: Terminated
srun: error: frontier08481: task 14522: Terminated
srun: error: frontier00566: task 1036: Terminated
srun: error: frontier07216: task 12388: Terminated
srun: error: frontier03220: task 5640: Terminated
srun: error: frontier09027: task 15494: Terminated
srun: error: frontier05841: task 10086: Terminated
srun: error: frontier08599: task 14694: Terminated
srun: error: frontier01897: task 3343: Terminated
srun: error: frontier07694: task 13189: Terminated
srun: error: frontier01055: task 1839: Terminated
srun: error: frontier04955: task 8578: Terminated
srun: error: frontier08973: task 15323: Terminated
srun: error: frontier09400: task 16126: Terminated
srun: error: frontier06803: task 11686: Terminated
srun: error: frontier03668: task 6447: Terminated
srun: error: frontier05057: task 8746: Terminated
srun: error: frontier02398: task 4143: Terminated
srun: error: frontier03598: task 6276: Terminated
srun: error: frontier06318: task 10882: Terminated
srun: error: frontier10152: task 16293: Terminated
srun: error: frontier05423: task 9378: Terminated
srun: error: frontier05532: task 9551: Terminated
srun: error: frontier00171: task 335: Terminated
srun: error: frontier03120: task 5474: Terminated
srun: error: frontier04153: task 7242: Terminated
srun: error: frontier08131: task 13990: Terminated
srun: error: frontier01606: task 2803: Terminated
srun: error: frontier05908: task 10178: Terminated
srun: error: frontier04630: task 8042: Terminated
srun: error: frontier01507: task 2633: Terminated
srun: error: frontier02831: task 4940: Terminated
srun: error: frontier03287: task 5740: Terminated
srun: error: frontier01948: task 3436: Terminated
srun: error: frontier00286: task 498: Terminated
srun: error: frontier07257: task 12485: Terminated
srun: error: frontier05987: task 10348: Terminated
srun: error: frontier08623: task 14787: Terminated
srun: error: frontier06465: task 11148: Terminated
srun: error: frontier03733: task 6543: Terminated
srun: error: frontier05124: task 8846: Terminated
srun: error: frontier09102: task 15591: Terminated
srun: error: frontier00707: task 1300: Terminated
srun: error: frontier02417: task 4235: Terminated
srun: error: frontier01184: task 2101: Terminated
srun: error: frontier07724: task 13282: Terminated
srun: error: frontier06363: task 10981: Terminated
srun: error: frontier07851: task 13451: Terminated
srun: error: frontier08331: task 14250: Terminated
srun: error: frontier04229: task 7340: Terminated
srun: error: frontier08219: task 14086: Terminated
srun: error: frontier06956: task 11951: Terminated
srun: error: frontier01646: task 2901: Terminated
srun: error: frontier02532: task 4404: Terminated
srun: error: frontier04306: task 7511: Terminated
srun: error: frontier05582: task 9644: Terminated
srun: error: frontier00307: task 594: Terminated
srun: error: frontier02068: task 3606: Terminated
srun: error: frontier02968: task 5203: Terminated
srun: error: frontier07438: task 12746: Terminated
srun: error: frontier03422: task 6006: Terminated
srun: error: frontier06057: task 10445: Terminated
srun: error: frontier00803: task 1396: Terminated
srun: error: frontier08668: task 14882: Terminated
srun: error: frontier04690: task 8140: Terminated
srun: error: frontier06557: task 11247: Terminated
srun: error: frontier02137: task 3699: Terminated
srun: error: frontier04786: task 8310: Terminated
srun: error: frontier08763: task 15050: Terminated
srun: error: frontier05280: task 9107: Terminated
srun: error: frontier07887: task 13549: Terminated
srun: error: frontier02574: task 4500: Terminated
srun: error: frontier09252: task 15851: Terminated
srun: error: frontier03893: task 6802: Terminated
srun: error: frontier01256: task 2194: Terminated
srun: error: frontier00919: task 1562: Terminated
srun: error: frontier05164: task 8941: Terminated
srun: error: frontier05655: task 9741: Terminated
srun: error: frontier06996: task 12045: Terminated
srun: error: frontier07095: task 12213: Terminated
srun: error: frontier01359: task 2366: Terminated
srun: error: frontier02870: task 5037: Terminated
srun: error: frontier00036: task 62: Terminated
srun: error: frontier04372: task 7605: Terminated
srun: error: frontier08352: task 14351: Terminated
srun: error: frontier03029: task 5299: Terminated
srun: error: frontier07470: task 12842: Terminated
srun: error: frontier01740: task 2998: Terminated
srun: error: frontier01815: task 3162: Terminated
srun: error: frontier00452: task 861: Terminated
srun: error: frontier05722: task 9908: Terminated
srun: error: frontier03472: task 6102: Terminated
srun: error: frontier02270: task 3965: Terminated
srun: error: frontier08866: task 15146: Terminated
srun: error: frontier04832: task 8404: Terminated
srun: error: frontier07578: task 13014: Terminated
srun: error: frontier09287: task 15946: Terminated
srun: error: frontier02158: task 3798: Terminated
srun: error: frontier03969: task 6900: Terminated
srun: error: frontier05310: task 9206: Terminated
srun: error: frontier06204: task 10709: Terminated
srun: error: frontier03597: task 6268: Terminated
srun: error: frontier06701: task 11508: Terminated
srun: error: frontier07961: task 13646: Terminated
srun: error: frontier07175: task 12308: Terminated
srun: error: frontier08521: task 14614: Terminated
srun: error: frontier09399: task 16119: Terminated
srun: error: frontier02710: task 4765: Terminated
srun: error: frontier08081: task 13811: Terminated
srun: error: frontier01415: task 2462: Terminated
srun: error: frontier01883: task 3263: Terminated
srun: error: frontier00071: task 156: Terminated
srun: error: frontier04521: task 7871: Terminated
srun: error: frontier04059: task 7066: Terminated
srun: error: frontier07601: task 13110: Terminated
srun: error: frontier05791: task 10004: Terminated
srun: error: frontier06291: task 10802: Terminated
srun: error: frontier00170: task 326: Terminated
srun: error: frontier04436: task 7702: Terminated
srun: error: frontier00666: task 1123: Terminated
srun: error: frontier00964: task 1752: Terminated
srun: error: frontier06359: task 10974: Terminated
srun: error: frontier00952: task 1658: Terminated
srun: error: frontier03164: task 5562: Terminated
srun: error: frontier00548: task 959: Terminated
srun: error: frontier02322: task 4058: Terminated
srun: error: frontier08110: task 13910: Terminated
srun: error: frontier05017: task 8667: Terminated
srun: error: frontier10132: task 16211: Terminated
srun: error: frontier09000: task 15415: Terminated
srun: error: frontier01078: task 1924: Terminated
srun: error: frontier02415: task 4231: Terminated
srun: error: frontier04116: task 7163: Terminated
srun: error: frontier03646: task 6366: Terminated
srun: error: frontier02776: task 4861: Terminated
srun: error: frontier08603: task 14711: Terminated
srun: error: frontier06736: task 11603: Terminated
srun: error: frontier07220: task 12404: Terminated
srun: error: frontier00195: task 422: Terminated
srun: error: frontier05904: task 10175: Terminated
srun: error: frontier01554: task 2727: Terminated
srun: error: frontier05461: task 9467: Terminated
srun: error: frontier04569: task 7967: Terminated
srun: error: frontier05938: task 10267: Terminated
srun: error: frontier00687: task 1220: Terminated
srun: error: frontier02862: task 5028: Terminated
srun: error: frontier06432: task 11069: Terminated
srun: error: frontier03338: task 5828: Terminated
srun: error: frontier08659: task 14878: Terminated
srun: error: frontier07760: task 13370: Terminated
srun: error: frontier07322: task 12575: Terminated
srun: error: frontier03222: task 5661: Terminated
srun: error: frontier05059: task 8766: Terminated
srun: error: frontier03678: task 6458: Terminated
srun: error: frontier02460: task 4324: Terminated
srun: error: frontier09033: task 15507: Terminated
srun: error: frontier06836: task 11770: Terminated
srun: error: frontier06917: task 11866: Terminated
srun: error: frontier02021: task 3527: Terminated
srun: error: frontier10155: task 16311: Terminated
srun: error: frontier09144: task 15679: Terminated
srun: error: frontier05545: task 9566: Terminated
srun: error: frontier05158: task 8933: Terminated
srun: error: frontier01614: task 2823: Terminated
srun: error: frontier01154: task 2021: Terminated
srun: error: frontier03792: task 6631: Terminated
srun: error: frontier07362: task 12671: Terminated
srun: error: frontier08249: task 14172: Terminated
srun: error: frontier04263: task 7431: Terminated
srun: error: frontier01713: task 2986: Terminated
srun: error: frontier06024: task 10363: Terminated
srun: error: frontier05652: task 9734: Terminated
srun: error: frontier02910: task 5122: Terminated
srun: error: frontier00288: task 518: Terminated
srun: error: frontier02072: task 3621: Terminated
srun: error: frontier03380: task 5927: Terminated
srun: error: frontier04752: task 8227: Terminated
srun: error: frontier08739: task 14971: Terminated
srun: error: frontier00409: task 680: Terminated
srun: error: frontier06096: task 10531: Terminated
srun: error: frontier07853: task 13469: Terminated
srun: error: frontier09228: task 15772: Terminated
srun: error: frontier06486: task 11166: Terminated
srun: error: frontier06601: task 11331: Terminated
srun: error: frontier02613: task 4591: Terminated
srun: error: frontier00822: task 1485: Terminated
srun: error: frontier02157: task 3789: Terminated
srun: error: frontier07959: task 13636: Terminated
srun: error: frontier03861: task 6723: Terminated
srun: error: frontier07070: task 12133: Terminated
srun: error: frontier05204: task 9030: Terminated
srun: error: frontier02534: task 4422: Terminated
srun: error: frontier08335: task 14271: Terminated
srun: error: frontier02979: task 5223: Terminated
srun: error: frontier01763: task 3086: Terminated
srun: error: frontier04312: task 7523: Terminated
srun: error: frontier05697: task 9826: Terminated
srun: error: frontier08386: task 14434: Terminated
srun: error: frontier04435: task 7690: Terminated
srun: error: frontier07505: task 12933: Terminated
srun: error: frontier00432: task 779: Terminated
srun: error: frontier03513: task 6187: Terminated
srun: error: frontier08776: task 15065: Terminated
srun: error: frontier04796: task 8325: Terminated
srun: error: frontier03081: task 5387: Terminated
srun: error: frontier00923: task 1581: Terminated
srun: error: frontier02199: task 3887: Terminated
srun: error: frontier08896: task 15237: Terminated
srun: error: frontier01300: task 2287: Terminated
srun: error: frontier06179: task 10628: Terminated
srun: error: frontier05394: task 9293: Terminated
srun: error: frontier05284: task 9124: Terminated
srun: error: frontier01369: task 2382: Terminated
srun: error: frontier06735: task 11595: Terminated
srun: error: frontier04909: task 8493: Terminated
srun: error: frontier07119: task 12231: Terminated
srun: error: frontier00963: task 1750: Terminated
srun: error: frontier09377: task 16036: Terminated
srun: error: frontier08482: task 14532: Terminated
srun: error: frontier06629: task 11429: Terminated
srun: error: frontier07979: task 13734: Terminated
srun: error: frontier04494: task 7790: Terminated
srun: error: frontier05843: task 10091: Terminated
srun: error: frontier07217: task 12395: Terminated
srun: error: frontier01817: task 3181: Terminated
srun: error: frontier02662: task 4683: Terminated
srun: error: frontier04007: task 6988: Terminated
srun: error: frontier00153: task 247: Terminated
srun: error: frontier03221: task 5653: Terminated
srun: error: frontier01482: task 2548: Terminated
srun: error: frontier08984: task 15330: Terminated
srun: error: frontier06322: task 10893: Terminated
srun: error: frontier07580: task 13031: Terminated
srun: error: frontier03128: task 5487: Terminated
srun: error: frontier03600: task 6283: Terminated
srun: error: frontier00570: task 1044: Terminated
srun: error: frontier01903: task 3344: Terminated
srun: error: frontier01056: task 1847: Terminated
srun: error: frontier10153: task 16298: Terminated
srun: error: frontier05431: task 9390: Terminated
srun: error: frontier07695: task 13198: Terminated
srun: error: frontier02399: task 4148: Terminated
srun: error: frontier08089: task 13830: Terminated
srun: error: frontier04957: task 8588: Terminated
srun: error: frontier09401: task 16134: Terminated
srun: error: frontier04064: task 7082: Terminated
srun: error: frontier03676: task 6452: Terminated
srun: error: frontier08141: task 13995: Terminated
srun: error: frontier04173: task 7249: Terminated
srun: error: frontier00172: task 342: Terminated
srun: error: frontier01508: task 2646: Terminated
srun: error: frontier06805: task 11694: Terminated
srun: error: frontier02832: task 4948: Terminated
srun: error: frontier05910: task 10190: Terminated
srun: error: frontier00287: task 506: Terminated
srun: error: frontier04525: task 7883: Terminated
srun: error: frontier04632: task 8050: Terminated
srun: error: frontier08625: task 14797: Terminated
srun: error: frontier06018: task 10356: Terminated
srun: error: frontier07264: task 12495: Terminated
srun: error: frontier03288: task 5751: Terminated
srun: error: frontier03734: task 6551: Terminated
srun: error: frontier06482: task 11154: Terminated
srun: error: frontier01952: task 3445: Terminated
srun: error: frontier06364: task 10986: Terminated
srun: error: frontier01081: task 1940: Terminated
srun: error: frontier00669: task 1142: Terminated
srun: error: frontier08220: task 14095: Terminated
srun: error: frontier06838: task 11791: Terminated
srun: error: frontier09103: task 15596: Terminated
srun: error: frontier00708: task 1308: Terminated
srun: error: frontier07725: task 13294: Terminated
srun: error: frontier02418: task 4245: Terminated
srun: error: frontier08333: task 14261: Terminated
srun: error: frontier05586: task 9654: Terminated
srun: error: frontier05127: task 8852: Terminated
srun: error: frontier01185: task 2107: Terminated
srun: error: frontier01668: task 2910: Terminated
srun: error: frontier02874: task 5046: Terminated
srun: error: frontier02533: task 4412: Terminated
srun: error: frontier00309: task 606: Terminated
srun: error: frontier04231: task 7351: Terminated
srun: error: frontier06958: task 11957: Terminated
srun: error: frontier08714: task 14891: Terminated
srun: error: frontier08769: task 15059: Terminated
srun: error: frontier03423: task 6011: Terminated
srun: error: frontier02140: task 3706: Terminated
srun: error: frontier02971: task 5214: Terminated
srun: error: frontier09255: task 15858: Terminated
srun: error: frontier06060: task 10455: Terminated
srun: error: frontier05165: task 8946: Terminated
srun: error: frontier09168: task 15690: Terminated
srun: error: frontier07445: task 12754: Terminated
srun: error: frontier04691: task 8147: Terminated
srun: error: frontier03341: task 5846: Terminated
srun: error: frontier02575: task 4508: Terminated
srun: error: frontier01258: task 2207: Terminated
srun: error: frontier08357: task 14354: Terminated
srun: error: frontier06564: task 11253: Terminated
srun: error: frontier07890: task 13558: Terminated
srun: error: frontier05283: task 9117: Terminated
srun: error: frontier03799: task 6643: Terminated
srun: error: frontier03031: task 5308: Terminated
srun: error: frontier05723: task 9919: Terminated
srun: error: frontier01749: task 3003: Terminated
srun: error: frontier07474: task 12852: Terminated
srun: error: frontier00041: task 66: Terminated
srun: error: frontier01816: task 3174: Terminated
srun: error: frontier04373: task 7611: Terminated
srun: error: frontier00453: task 871: Terminated
srun: error: frontier00805: task 1405: Terminated
srun: error: frontier07000: task 12052: Terminated
srun: error: frontier05667: task 9750: Terminated
srun: error: frontier00414: task 703: Terminated
srun: error: frontier06100: task 10550: Terminated
srun: error: frontier08871: task 15156: Terminated
srun: error: frontier04871: task 8415: Terminated
srun: error: frontier03473: task 6107: Terminated
srun: error: frontier02271: task 3973: Terminated
srun: error: frontier07962: task 13651: Terminated
srun: error: frontier03896: task 6814: Terminated
srun: error: frontier02178: task 3807: Terminated
srun: error: frontier07579: task 13018: Terminated
srun: error: frontier09296: task 15958: Terminated
srun: error: frontier05311: task 9212: Terminated
srun: error: frontier06205: task 10718: Terminated
srun: error: frontier02624: task 4604: Terminated
srun: error: frontier04063: task 7078: Terminated
srun: error: frontier03980: task 6906: Terminated
srun: error: frontier08088: task 13819: Terminated
srun: error: frontier00073: task 165: Terminated
srun: error: frontier00953: task 1670: Terminated
srun: error: frontier02711: task 4773: Terminated
srun: error: frontier06702: task 11516: Terminated
srun: error: frontier04437: task 7707: Terminated
srun: error: frontier08523: task 14620: Terminated
srun: error: frontier01416: task 2469: Terminated
srun: error: frontier08428: task 14451: Terminated
srun: error: frontier04523: task 7873: Terminated
srun: error: frontier03167: task 5570: Terminated
srun: error: frontier01884: task 3268: Terminated
srun: error: frontier08900: task 15250: Terminated
srun: error: frontier04913: task 8506: Terminated
srun: error: frontier05792: task 10010: Terminated
srun: error: frontier00553: task 962: Terminated
srun: error: frontier06294: task 10811: Terminated
srun: error: frontier00967: task 1765: Terminated
srun: error: frontier05018: task 8676: Terminated
srun: error: frontier00668: task 1133: Terminated
srun: error: frontier10136: task 16222: Terminated
srun: error: frontier09001: task 15422: Terminated
srun: error: frontier07602: task 13119: Terminated
srun: error: frontier05404: task 9308: Terminated
srun: error: frontier01080: task 1932: Terminated
srun: error: frontier06739: task 11612: Terminated
srun: error: frontier03656: task 6373: Terminated
srun: error: frontier05462: task 9478: Terminated
srun: error: frontier02323: task 4069: Terminated
srun: error: frontier02777: task 4869: Terminated
srun: error: frontier04118: task 7170: Terminated
srun: error: frontier08111: task 13916: Terminated
srun: error: frontier07182: task 12315: Terminated
srun: error: frontier06837: task 11779: Terminated
srun: error: frontier08606: task 14714: Terminated
srun: error: frontier07229: task 12414: Terminated
srun: error: frontier00200: task 430: Terminated
srun: error: frontier01490: task 2567: Terminated
srun: error: frontier05939: task 10278: Terminated
srun: error: frontier01558: task 2731: Terminated
srun: error: frontier01932: task 3362: Terminated
srun: error: frontier03225: task 5666: Terminated
srun: error: frontier02022: task 3533: Terminated
srun: error: frontier00688: task 1228: Terminated
srun: error: frontier07701: task 13211: Terminated
srun: error: frontier07323: task 12578: Terminated
srun: error: frontier03715: task 6469: Terminated
srun: error: frontier07813: task 13382: Terminated
srun: error: frontier10158: task 16318: Terminated
srun: error: frontier09051: task 15516: Terminated
srun: error: frontier02461: task 4330: Terminated
srun: error: frontier05060: task 8772: Terminated
srun: error: frontier01155: task 2029: Terminated
srun: error: frontier06436: task 11077: Terminated
srun: error: frontier09145: task 15687: Terminated
srun: error: frontier05547: task 9570: Terminated
srun: error: frontier03794: task 6637: Terminated
srun: error: frontier08250: task 14183: Terminated
srun: error: frontier04570: task 7973: Terminated
srun: error: frontier06919: task 11875: Terminated
srun: error: frontier04267: task 7435: Terminated
srun: error: frontier01615: task 2825: Terminated
srun: error: frontier04175: task 7270: Terminated
srun: error: frontier04636: task 8066: Terminated
srun: error: frontier07363: task 12677: Terminated
srun: error: frontier00291: task 525: Terminated
srun: error: frontier02073: task 3631: Terminated
srun: error: frontier02912: task 5135: Terminated
srun: error: frontier00710: task 1324: Terminated
srun: error: frontier04755: task 8237: Terminated
srun: error: frontier06026: task 10371: Terminated
srun: error: frontier06491: task 11173: Terminated
srun: error: frontier09233: task 15783: Terminated
srun: error: frontier03339: task 5839: Terminated
srun: error: frontier08746: task 14980: Terminated
srun: error: frontier00824: task 1492: Terminated
srun: error: frontier06098: task 10543: Terminated
srun: error: frontier03381: task 5930: Terminated
srun: error: frontier06602: task 11338: Terminated
srun: error: frontier00413: task 690: Terminated
srun: error: frontier03863: task 6734: Terminated
srun: error: frontier07854: task 13474: Terminated
srun: error: frontier06962: task 11970: Terminated
srun: error: frontier08337: task 14276: Terminated
srun: error: frontier05205: task 9037: Terminated
srun: error: frontier02623: task 4595: Terminated
srun: error: frontier02535: task 4431: Terminated
srun: error: frontier04313: task 7533: Terminated
srun: error: frontier08398: task 14446: Terminated
srun: error: frontier07072: task 12140: Terminated
srun: error: frontier01306: task 2295: Terminated
srun: error: frontier01187: task 2124: Terminated
srun: error: frontier02981: task 5228: Terminated
srun: error: frontier00433: task 789: Terminated
srun: error: frontier01765: task 3091: Terminated
srun: error: frontier05698: task 9837: Terminated
srun: error: frontier08779: task 15074: Terminated
srun: error: frontier03426: task 6030: Terminated
srun: error: frontier03084: task 5395: Terminated
srun: error: frontier09268: task 15875: Terminated
srun: error: frontier06181: task 10639: Terminated
srun: error: frontier03515: task 6197: Terminated
srun: error: frontier07508: task 12941: Terminated
srun: error: frontier00924: task 1587: Terminated
srun: error: frontier08897: task 15244: Terminated
srun: error: frontier06662: task 11439: Terminated
srun: error: frontier04910: task 8502: Terminated
srun: error: frontier04797: task 8331: Terminated
srun: error: frontier05403: task 9300: Terminated
srun: error: frontier02664: task 4691: Terminated
srun: error: frontier09378: task 16044: Terminated
srun: error: frontier05288: task 9130: Terminated
srun: error: frontier02200: task 3891: Terminated
srun: error: frontier07127: task 12238: Terminated
srun: error: frontier07980: task 13739: Terminated
srun: error: frontier08488: task 14538: Terminated
srun: error: frontier01373: task 2390: Terminated
srun: error: frontier00046: task 82: Terminated
srun: error: frontier04016: task 6999: Terminated
srun: error: frontier05844: task 10102: Terminated
srun: error: frontier03129: task 5494: Terminated
srun: error: frontier01484: task 2559: Terminated
srun: error: frontier06223: task 10734: Terminated
srun: error: frontier05767: task 9935: Terminated
srun: error: frontier00156: task 254: Terminated
srun: error: frontier04500: task 7799: Terminated
srun: error: frontier01929: task 3359: Terminated
srun: error: frontier08988: task 15343: Terminated
srun: error: frontier07584: task 13036: Terminated
srun: error: frontier01818: task 3190: Terminated
srun: error: frontier03601: task 6294: Terminated
srun: error: frontier00571: task 1054: Terminated
srun: error: frontier07699: task 13202: Terminated
srun: error: frontier04964: task 8595: Terminated
srun: error: frontier08090: task 13834: Terminated
srun: error: frontier01057: task 1854: Terminated
srun: error: frontier02400: task 4154: Terminated
srun: error: frontier02279: task 3988: Terminated
srun: error: frontier05434: task 9394: Terminated
srun: error: frontier08532: task 14639: Terminated
srun: error: frontier06328: task 10900: Terminated
srun: error: frontier09402: task 16142: Terminated
srun: error: frontier02717: task 4789: Terminated
srun: error: frontier06809: task 11698: Terminated
srun: error: frontier04531: task 7893: Terminated
srun: error: frontier04174: task 7263: Terminated
srun: error: frontier04065: task 7095: Terminated
srun: error: frontier08145: task 14002: Terminated
srun: error: frontier04633: task 8059: Terminated
srun: error: frontier02833: task 4959: Terminated
srun: error: frontier00672: task 1148: Terminated
srun: error: frontier05917: task 10195: Terminated
srun: error: frontier03289: task 5758: Terminated
srun: error: frontier05020: task 8691: Terminated
srun: error: frontier01509: task 2655: Terminated
srun: error: frontier07265: task 12498: Terminated
srun: error: frontier08627: task 14805: Terminated
srun: error: frontier00709: task 1314: Terminated
srun: error: frontier06365: task 10999: Terminated
srun: error: frontier03736: task 6556: Terminated
srun: error: frontier09115: task 15603: Terminated
srun: error: frontier02435: task 4250: Terminated
srun: error: frontier05130: task 8863: Terminated
srun: error: frontier01082: task 1947: Terminated
srun: error: frontier07728: task 13301: Terminated
srun: error: frontier00173: task 346: Terminated
srun: error: frontier08221: task 14098: Terminated
srun: error: frontier06959: task 11964: Terminated
srun: error: frontier05595: task 9662: Terminated
srun: error: frontier07328: task 12598: Terminated
srun: error: frontier04233: task 7356: Terminated
srun: error: frontier06839: task 11799: Terminated
srun: error: frontier01679: task 2918: Terminated
srun: error: frontier01186: task 2119: Terminated
srun: error: frontier02028: task 3549: Terminated
srun: error: frontier04692: task 8156: Terminated
srun: error: frontier03342: task 5850: Terminated
srun: error: frontier01994: task 3454: Terminated
srun: error: frontier02878: task 5051: Terminated
srun: error: frontier07446: task 12766: Terminated
srun: error: frontier01562: task 2748: Terminated
srun: error: frontier03425: task 6022: Terminated
srun: error: frontier09170: task 15701: Terminated
srun: error: frontier08715: task 14898: Terminated
srun: error: frontier00806: task 1413: Terminated
srun: error: frontier00312: task 610: Terminated
srun: error: frontier06062: task 10461: Terminated
srun: error: frontier07891: task 13565: Terminated
srun: error: frontier03801: task 6653: Terminated
srun: error: frontier06568: task 11259: Terminated
srun: error: frontier07817: task 13396: Terminated
srun: error: frontier02141: task 3718: Terminated
srun: error: frontier09267: task 15871: Terminated
srun: error: frontier01259: task 2214: Terminated
srun: error: frontier05668: task 9757: Terminated
srun: error: frontier08358: task 14364: Terminated
srun: error: frontier07002: task 12063: Terminated
srun: error: frontier03917: task 6819: Terminated
srun: error: frontier05166: task 8956: Terminated
srun: error: frontier02576: task 4515: Terminated
srun: error: frontier00042: task 79: Terminated
srun: error: frontier03033: task 5319: Terminated
srun: error: frontier06101: task 10558: Terminated
srun: error: frontier00454: task 877: Terminated
srun: error: frontier04377: task 7621: Terminated
srun: error: frontier04269: task 7450: Terminated
srun: error: frontier00417: task 711: Terminated
srun: error: frontier05763: task 9925: Terminated
srun: error: frontier01753: task 3015: Terminated
srun: error: frontier07476: task 12862: Terminated
srun: error: frontier02182: task 3811: Terminated
srun: error: frontier08881: task 15162: Terminated
srun: error: frontier06222: task 10723: Terminated
srun: error: frontier00954: task 1679: Terminated
srun: error: frontier03474: task 6119: Terminated
srun: error: frontier00826: task 1511: Terminated
srun: error: frontier05312: task 9220: Terminated
srun: error: frontier07964: task 13659: Terminated
srun: error: frontier09297: task 15967: Terminated
srun: error: frontier02625: task 4612: Terminated
srun: error: frontier03981: task 6914: Terminated
srun: error: frontier04892: task 8421: Terminated
srun: error: frontier06607: task 11355: Terminated
srun: error: frontier02278: task 3983: Terminated
srun: error: frontier06703: task 11523: Terminated
srun: error: frontier00074: task 171: Terminated
srun: error: frontier07076: task 12155: Terminated
srun: error: frontier05793: task 10022: Terminated
srun: error: frontier01429: task 2476: Terminated
srun: error: frontier08458: task 14462: Terminated
srun: error: frontier04438: task 7719: Terminated
srun: error: frontier08531: task 14630: Terminated
srun: error: frontier03087: task 5410: Terminated
srun: error: frontier00554: task 975: Terminated
srun: error: frontier02712: task 4783: Terminated
srun: error: frontier01887: task 3274: Terminated
srun: error: frontier07191: task 12327: Terminated
srun: error: frontier03168: task 5582: Terminated
srun: error: frontier07612: task 13126: Terminated
srun: error: frontier05019: task 8686: Terminated
srun: error: frontier08901: task 15263: Terminated
srun: error: frontier03540: task 6212: Terminated
srun: error: frontier02328: task 4077: Terminated
srun: error: frontier10138: task 16230: Terminated
srun: error: frontier09002: task 15429: Terminated
srun: error: frontier06296: task 10822: Terminated
srun: error: frontier05405: task 9317: Terminated
srun: error: frontier00968: task 1774: Terminated
srun: error: frontier04915: task 8514: Terminated
srun: error: frontier05463: task 9487: Terminated
srun: error: frontier09383: task 16062: Terminated
srun: error: frontier06740: task 11620: Terminated
srun: error: frontier03658: task 6381: Terminated
srun: error: frontier05846: task 10118: Terminated
srun: error: frontier00159: task 266: Terminated
srun: error: frontier08112: task 13926: Terminated
srun: error: frontier01561: task 2736: Terminated
srun: error: frontier08608: task 14722: Terminated
srun: error: frontier04609: task 7983: Terminated
srun: error: frontier00201: task 439: Terminated
srun: error: frontier05965: task 10283: Terminated
srun: error: frontier07230: task 12418: Terminated
srun: error: frontier01492: task 2569: Terminated
srun: error: frontier02779: task 4874: Terminated
srun: error: frontier04120: task 7182: Terminated
srun: error: frontier07326: task 12590: Terminated
srun: error: frontier05074: task 8782: Terminated
srun: error: frontier06437: task 11085: Terminated
srun: error: frontier00689: task 1233: Terminated
srun: error: frontier09052: task 15522: Terminated
srun: error: frontier03716: task 6475: Terminated
srun: error: frontier01933: task 3371: Terminated
srun: error: frontier07703: task 13223: Terminated
srun: error: frontier02023: task 3542: Terminated
srun: error: frontier02402: task 4174: Terminated
srun: error: frontier01166: task 2039: Terminated
srun: error: frontier02462: task 4341: Terminated
srun: error: frontier08253: task 14189: Terminated
srun: error: frontier04176: task 7278: Terminated
srun: error: frontier07816: task 13388: Terminated
srun: error: frontier05549: task 9580: Terminated
srun: error: frontier10161: task 16325: Terminated
srun: error: frontier06923: task 11885: Terminated
srun: error: frontier08167: task 14018: Terminated
srun: error: frontier03233: task 5678: Terminated
srun: error: frontier01625: task 2838: Terminated
srun: error: frontier04268: task 7442: Terminated
srun: error: frontier02837: task 4971: Terminated
srun: error: frontier07366: task 12684: Terminated
srun: error: frontier06032: task 10380: Terminated
srun: error: frontier02914: task 5138: Terminated
srun: error: frontier04646: task 8074: Terminated
srun: error: frontier00712: task 1332: Terminated
srun: error: frontier08630: task 14818: Terminated
srun: error: frontier00295: task 532: Terminated
srun: error: frontier09236: task 15787: Terminated
srun: error: frontier08749: task 14986: Terminated
srun: error: frontier03394: task 5942: Terminated
srun: error: frontier04757: task 8246: Terminated
srun: error: frontier02074: task 3638: Terminated
srun: error: frontier06603: task 11349: Terminated
srun: error: frontier05209: task 9044: Terminated
srun: error: frontier01188: task 2133: Terminated
srun: error: frontier07857: task 13482: Terminated
srun: error: frontier01310: task 2303: Terminated
srun: error: frontier03864: task 6743: Terminated
srun: error: frontier06492: task 11178: Terminated
srun: error: frontier08340: task 14283: Terminated
srun: error: frontier00825: task 1501: Terminated
srun: error: frontier02536: task 4436: Terminated
srun: error: frontier07075: task 12150: Terminated
srun: error: frontier06966: task 11978: Terminated
srun: error: frontier01767: task 3103: Terminated
srun: error: frontier07451: task 12781: Terminated
srun: error: frontier02991: task 5234: Terminated
srun: error: frontier00435: task 796: Terminated
srun: error: frontier03085: task 5406: Terminated
srun: error: frontier04314: task 7541: Terminated
srun: error: frontier05705: task 9843: Terminated
srun: error: frontier01685: task 2931: Terminated
srun: error: frontier07561: task 12948: Terminated
srun: error: frontier03459: task 6037: Terminated
srun: error: frontier06184: task 10646: Terminated
srun: error: frontier08784: task 15087: Terminated
srun: error: frontier04803: task 8340: Terminated
srun: error: frontier05147: task 8879: Terminated
srun: error: frontier06667: task 11443: Terminated
srun: error: frontier07982: task 13751: Terminated
srun: error: frontier03924: task 6834: Terminated
srun: error: frontier02201: task 3902: Terminated
srun: error: frontier09270: task 15886: Terminated
srun: error: frontier00925: task 1597: Terminated
srun: error: frontier01376: task 2394: Terminated
srun: error: frontier05290: task 9141: Terminated
srun: error: frontier07894: task 13583: Terminated
srun: error: frontier02690: task 4698: Terminated
srun: error: frontier04379: task 7637: Terminated
srun: error: frontier04021: task 7006: Terminated
srun: error: frontier07128: task 12242: Terminated
srun: error: frontier09382: task 16054: Terminated
srun: error: frontier08489: task 14550: Terminated
srun: error: frontier00049: task 93: Terminated
srun: error: frontier00158: task 259: Terminated
srun: error: frontier05773: task 9943: Terminated
srun: error: frontier01826: task 3199: Terminated
srun: error: frontier05845: task 10106: Terminated
srun: error: frontier00572: task 1060: Terminated
srun: error: frontier07585: task 13046: Terminated
srun: error: frontier00524: task 894: Terminated
srun: error: frontier04968: task 8603: Terminated
srun: error: frontier03139: task 5499: Terminated
srun: error: frontier02281: task 3999: Terminated
srun: error: frontier06333: task 10908: Terminated
srun: error: frontier03602: task 6298: Terminated
srun: error: frontier08091: task 13844: Terminated
srun: error: frontier03524: task 6201: Terminated
srun: error: frontier06227: task 10738: Terminated
srun: error: frontier08991: task 15350: Terminated
srun: error: frontier02401: task 4165: Terminated
srun: error: frontier06812: task 11711: Terminated
srun: error: frontier05436: task 9402: Terminated
srun: error: frontier00956: task 1691: Terminated
srun: error: frontier09405: task 16146: Terminated
srun: error: frontier06711: task 11538: Terminated
srun: error: frontier04067: task 7100: Terminated
srun: error: frontier00175: task 359: Terminated
srun: error: frontier02726: task 4797: Terminated
srun: error: frontier01510: task 2662: Terminated
srun: error: frontier08146: task 14010: Terminated
srun: error: frontier07269: task 12509: Terminated
srun: error: frontier08533: task 14644: Terminated
srun: error: frontier03211: task 5594: Terminated
srun: error: frontier02834: task 4967: Terminated
srun: error: frontier04501: task 7807: Terminated
srun: error: frontier00675: task 1159: Terminated
srun: error: frontier05920: task 10204: Terminated
srun: error: frontier08629: task 14813: Terminated
srun: error: frontier02010: task 3459: Terminated
srun: error: frontier04554: task 7901: Terminated
srun: error: frontier09118: task 15613: Terminated
srun: error: frontier01059: task 1860: Terminated
srun: error: frontier07730: task 13309: Terminated
srun: error: frontier03292: task 5765: Terminated
srun: error: frontier09007: task 15445: Terminated
srun: error: frontier06404: task 11002: Terminated
srun: error: frontier01084: task 1956: Terminated
srun: error: frontier03757: task 6566: Terminated
srun: error: frontier05026: task 8698: Terminated
srun: error: frontier05517: task 9501: Terminated
srun: error: frontier08230: task 14109: Terminated
srun: error: frontier05596: task 9667: Terminated
srun: error: frontier02436: task 4261: Terminated
srun: error: frontier05146: task 8871: Terminated
srun: error: frontier04242: task 7363: Terminated
srun: error: frontier10146: task 16247: Terminated
srun: error: frontier01563: task 2755: Terminated
srun: error: frontier00272: task 454: Terminated
srun: error: frontier07330: task 12602: Terminated
srun: error: frontier06840: task 11802: Terminated
srun: error: frontier01680: task 2924: Terminated
srun: error: frontier05970: task 10299: Terminated
srun: error: frontier07450: task 12774: Terminated
srun: error: frontier04693: task 8166: Terminated
srun: error: frontier02879: task 5062: Terminated
srun: error: frontier06063: task 10469: Terminated
srun: error: frontier08716: task 14908: Terminated
srun: error: frontier02142: task 3727: Terminated
srun: error: frontier00314: task 621: Terminated
srun: error: frontier07829: task 13402: Terminated
srun: error: frontier03343: task 5860: Terminated
srun: error: frontier02029: task 3559: Terminated
srun: error: frontier09171: task 15707: Terminated
srun: error: frontier00807: task 1422: Terminated
srun: error: frontier06569: task 11267: Terminated
srun: error: frontier07003: task 12069: Terminated
srun: error: frontier03803: task 6659: Terminated
srun: error: frontier05167: task 8966: Terminated
srun: error: frontier04274: task 7459: Terminated
srun: error: frontier01260: task 2222: Terminated
srun: error: frontier07892: task 13571: Terminated
srun: error: frontier02518: task 4354: Terminated
srun: error: frontier02577: task 4522: Terminated
srun: error: frontier08256: task 14205: Terminated
srun: error: frontier08364: task 14373: Terminated
srun: error: frontier01754: task 3019: Terminated
srun: error: frontier04378: task 7630: Terminated
srun: error: frontier05669: task 9764: Terminated
srun: error: frontier03922: task 6828: Terminated
srun: error: frontier00418: task 715: Terminated
srun: error: frontier07477: task 12867: Terminated
srun: error: frontier08882: task 15174: Terminated
srun: error: frontier03035: task 5322: Terminated
srun: error: frontier08752: task 15004: Terminated
srun: error: frontier00455: task 886: Terminated
srun: error: frontier06108: task 10563: Terminated
srun: error: frontier09354: task 15974: Terminated
srun: error: frontier04760: task 8262: Terminated
srun: error: frontier02183: task 3818: Terminated
srun: error: frontier04893: task 8430: Terminated
srun: error: frontier00955: task 1680: Terminated
srun: error: frontier02628: task 4619: Terminated
srun: error: frontier07965: task 13669: Terminated
srun: error: frontier01312: task 2315: Terminated
srun: error: frontier06619: task 11362: Terminated
srun: error: frontier05315: task 9228: Terminated
srun: error: frontier00827: task 1516: Terminated
srun: error: frontier03475: task 6123: Terminated
srun: error: frontier05255: task 9060: Terminated
srun: error: frontier07082: task 12164: Terminated
srun: error: frontier03982: task 6922: Terminated
srun: error: frontier01431: task 2487: Terminated
srun: error: frontier04439: task 7723: Terminated
srun: error: frontier01769: task 3119: Terminated
srun: error: frontier06704: task 11530: Terminated
srun: error: frontier08460: task 14466: Terminated
srun: error: frontier00076: task 177: Terminated
srun: error: frontier01888: task 3282: Terminated
srun: error: frontier05798: task 10027: Terminated
srun: error: frontier07569: task 12960: Terminated
srun: error: frontier03090: task 5420: Terminated
srun: error: frontier04917: task 8522: Terminated
srun: error: frontier07193: task 12335: Terminated
srun: error: frontier03170: task 5587: Terminated
srun: error: frontier09386: task 16066: Terminated
srun: error: frontier06302: task 10828: Terminated
srun: error: frontier08903: task 15267: Terminated
srun: error: frontier09003: task 15434: Terminated
srun: error: frontier00557: task 978: Terminated
srun: error: frontier07615: task 13133: Terminated
srun: error: frontier02329: task 4086: Terminated
srun: error: frontier08113: task 13934: Terminated
srun: error: frontier03541: task 6223: Terminated
srun: error: frontier06741: task 11629: Terminated
srun: error: frontier05406: task 9326: Terminated
srun: error: frontier00970: task 1779: Terminated
srun: error: frontier03659: task 6386: Terminated
srun: error: frontier04028: task 7022: Terminated
srun: error: frontier01493: task 2582: Terminated
srun: error: frontier04124: task 7186: Terminated
srun: error: frontier10142: task 16236: Terminated
srun: error: frontier05511: task 9492: Terminated
srun: error: frontier05847: task 10127: Terminated
srun: error: frontier04611: task 7988: Terminated
srun: error: frontier07231: task 12431: Terminated
srun: error: frontier00574: task 1077: Terminated
srun: error: frontier00160: task 276: Terminated
srun: error: frontier01934: task 3378: Terminated
srun: error: frontier02780: task 4885: Terminated
srun: error: frontier06335: task 10925: Terminated
srun: error: frontier03234: task 5686: Terminated
srun: error: frontier08609: task 14732: Terminated
srun: error: frontier00267: task 445: Terminated
srun: error: frontier05966: task 10294: Terminated
srun: error: frontier05075: task 8789: Terminated
srun: error: frontier09057: task 15533: Terminated
srun: error: frontier00691: task 1244: Terminated
srun: error: frontier07704: task 13229: Terminated
srun: error: frontier06817: task 11722: Terminated
srun: error: frontier02477: task 4348: Terminated
srun: error: frontier06440: task 11093: Terminated
srun: error: frontier01063: task 1875: Terminated
srun: error: frontier03717: task 6486: Terminated
srun: error: frontier10162: task 16329: Terminated
srun: error: frontier08255: task 14197: Terminated
srun: error: frontier04177: task 7282: Terminated
srun: error: frontier05550: task 9586: Terminated
srun: error: frontier02403: task 4180: Terminated
srun: error: frontier08202: task 14028: Terminated
srun: error: frontier01170: task 2040: Terminated
srun: error: frontier06926: task 11894: Terminated
srun: error: frontier00296: task 539: Terminated
srun: error: frontier01630: task 2845: Terminated
srun: error: frontier03296: task 5782: Terminated
srun: error: frontier08635: task 14829: Terminated
srun: error: frontier02838: task 4983: Terminated
srun: error: frontier04648: task 8085: Terminated
srun: error: frontier00776: task 1340: Terminated
srun: error: frontier02075: task 3646: Terminated
srun: error: frontier06033: task 10388: Terminated
srun: error: frontier03397: task 5951: Terminated
srun: error: frontier09120: task 15624: Terminated
srun: error: frontier08750: task 14998: Terminated
srun: error: frontier07372: task 12691: Terminated
srun: error: frontier04759: task 8250: Terminated
srun: error: frontier06496: task 11191: Terminated
srun: error: frontier01189: task 2140: Terminated
srun: error: frontier09238: task 15795: Terminated
srun: error: frontier07873: task 13491: Terminated
srun: error: frontier05598: task 9684: Terminated
srun: error: frontier06968: task 11988: Terminated
srun: error: frontier01311: task 2309: Terminated
srun: error: frontier05210: task 9053: Terminated
srun: error: frontier08344: task 14291: Terminated
srun: error: frontier04353: task 7547: Terminated
srun: error: frontier02538: task 4442: Terminated
srun: error: frontier03865: task 6746: Terminated
srun: error: frontier02999: task 5244: Terminated
srun: error: frontier00005: task 6: Terminated
srun: error: frontier05713: task 9850: Terminated
srun: error: frontier02956: task 5148: Terminated
srun: error: frontier01686: task 2942: Terminated
srun: error: frontier07452: task 12789: Terminated
srun: error: frontier01768: task 3108: Terminated
srun: error: frontier05148: task 8884: Terminated
srun: error: frontier06187: task 10651: Terminated
srun: error: frontier02144: task 3740: Terminated
srun: error: frontier08785: task 15094: Terminated
srun: error: frontier03460: task 6045: Terminated
srun: error: frontier04804: task 8350: Terminated
srun: error: frontier06066: task 10483: Terminated
srun: error: frontier07564: task 12958: Terminated
srun: error: frontier02202: task 3907: Terminated
srun: error: frontier00436: task 804: Terminated
srun: error: frontier00930: task 1605: Terminated
srun: error: frontier03925: task 6847: Terminated
srun: error: frontier09271: task 15892: Terminated
srun: error: frontier04026: task 7012: Terminated
srun: error: frontier07984: task 13758: Terminated
srun: error: frontier07897: task 13586: Terminated
srun: error: frontier00051: task 101: Terminated
srun: error: frontier02696: task 4709: Terminated
srun: error: frontier06682: task 11454: Terminated
srun: error: frontier08490: task 14558: Terminated
srun: error: frontier07129: task 12250: Terminated
srun: error: frontier04383: task 7646: Terminated
srun: error: frontier02579: task 4542: Terminated
srun: error: frontier05291: task 9151: Terminated
srun: error: frontier08369: task 14387: Terminated
srun: error: frontier05775: task 9948: Terminated
srun: error: frontier01377: task 2407: Terminated
srun: error: frontier00573: task 1070: Terminated
srun: error: frontier06334: task 10914: Terminated
srun: error: frontier03603: task 6307: Terminated
srun: error: frontier04898: task 8447: Terminated
srun: error: frontier02282: task 4006: Terminated
srun: error: frontier08992: task 15358: Terminated
srun: error: frontier00539: task 902: Terminated
srun: error: frontier06228: task 10746: Terminated
srun: error: frontier00957: task 1700: Terminated
srun: error: frontier09415: task 16157: Terminated
srun: error: frontier07586: task 13051: Terminated
srun: error: frontier04970: task 8613: Terminated
srun: error: frontier05442: task 9411: Terminated
srun: error: frontier06712: task 11547: Terminated
srun: error: frontier08095: task 13854: Terminated
srun: error: frontier08535: task 14651: Terminated
srun: error: frontier06815: task 11715: Terminated
srun: error: frontier03144: task 5508: Terminated
srun: error: frontier01829: task 3205: Terminated
srun: error: frontier01511: task 2670: Terminated
srun: error: frontier00177: task 366: Terminated
srun: error: frontier04502: task 7810: Terminated
srun: error: frontier01433: task 2498: Terminated
srun: error: frontier01060: task 1871: Terminated
srun: error: frontier02742: task 4804: Terminated
srun: error: frontier07298: task 12515: Terminated
srun: error: frontier05924: task 10210: Terminated
srun: error: frontier03212: task 5606: Terminated
srun: error: frontier04068: task 7111: Terminated
srun: error: frontier07196: task 12350: Terminated
srun: error: frontier04555: task 7910: Terminated
srun: error: frontier02011: task 3471: Terminated
srun: error: frontier00676: task 1165: Terminated
srun: error: frontier05028: task 8710: Terminated
srun: error: frontier09009: task 15451: Terminated
srun: error: frontier03293: task 5772: Terminated
srun: error: frontier03662: task 6402: Terminated
srun: error: frontier06409: task 11010: Terminated
srun: error: frontier07731: task 13317: Terminated
srun: error: frontier07620: task 13150: Terminated
srun: error: frontier09119: task 15622: Terminated
srun: Force Terminated StepId=4365302.1
+ for i in $(seq 1 5)
+ srun -N 2048 -n 16384 -c 7 --ntasks-per-node=8 --gpus-per-node=8 --gpu-bind=closest /lustre/orion/stf243/world-shared/hagertnl/CUG26/benchmark_builds/pynamic/pynamic-pyMPI-2.6a1_util_495_280//pynamic-bigexe-mpi4py pynamic_driver_mpi4py.py
+ grep -v 'rank -'
srun: Step created for StepId=4365302.2
Thu Apr  9 19:21:31 2026: [PE_15896]:inet_connect:inet_connect: connect from frontier09272 to frontier09271 failed after 300 attempts
Thu Apr  9 19:21:31 2026: [PE_15896]:conn_to_controller:inet_connect failed
Thu Apr  9 19:21:31 2026: [PE_15896]:control_nets_join:_pmi_inet_setup (full) returned -1
pynamic-bigexe-mpi4py: ../src/mpid/common/cray/cray_pmi_utils.c:364: mpid_cray_pmi_init: Assertion `PMI2_Initialized()' failed.
Thu Apr  9 19:21:32 2026: [PE_2264]:inet_connect:inet_connect: connect from frontier01295 to frontier01293 failed after 300 attempts
Thu Apr  9 19:21:32 2026: [PE_2264]:conn_to_controller:inet_connect failed
Thu Apr  9 19:21:32 2026: [PE_2264]:control_nets_join:_pmi_inet_setup (full) returned -1
pynamic-bigexe-mpi4py: ../src/mpid/common/cray/cray_pmi_utils.c:364: mpid_cray_pmi_init: Assertion `PMI2_Initialized()' failed.
srun: error: frontier09272: task 15896: Aborted (core dumped)
srun: Terminating StepId=4365302.2
[2026-04-09T19:21:32.875] error: *** STEP 4365302.2 ON frontier00005 CANCELLED AT 2026-04-09T19:21:32 DUE TO TASK FAILURE ***
srun: error: frontier03760: tasks 6568-6573,6575: Terminated
srun: error: frontier01085: tasks 1961-1967: Terminated
srun: error: frontier06858: tasks 11808-11810,11812-11815: Terminated
srun: error: frontier02438: tasks 4264-4270: Terminated
srun: error: frontier00273: tasks 456-461,463: Terminated
srun: error: frontier01564: tasks 2760-2766: Terminated
srun: error: frontier04248: tasks 7368-7372,7374-7375: Terminated
srun: error: frontier00316: tasks 624-627,629-631: Terminated
srun: error: frontier08233: tasks 14112-14116,14118-14119: Terminated
srun: error: frontier02030: tasks 3560-3563,3565-3567: Terminated
srun: error: frontier05518: tasks 9504-9506,9508-9511: Terminated
srun: error: frontier04694: tasks 8168-8171,8173-8175: Terminated
srun: error: frontier04136: tasks 7200-7203,7205-7207: Terminated
srun: error: frontier05972: tasks 10304,10306-10311: Terminated
srun: error: frontier05597: tasks 9672-9678: Terminated
srun: error: frontier00808: tasks 1424-1427,1429-1431: Terminated
srun: error: frontier06446: tasks 11104-11105,11107-11111: Terminated
srun: error: frontier00693: tasks 1256-1259,1261-1263: Terminated
srun: error: frontier02885: tasks 5064,5066-5071: Terminated
srun: error: frontier02143: tasks 3728-3734: Terminated
srun: error: frontier08717: tasks 14912-14915,14917-14919: Terminated
srun: error: frontier07331: tasks 12608-12610,12612-12615: Terminated
srun: error: frontier02523: tasks 4360-4362,4364-4367: Terminated
srun: error: frontier06571: tasks 11272-11276,11278-11279: Terminated
srun: error: frontier07831: tasks 13408-13409,13411-13415: Terminated
srun: error: frontier03344: tasks 5864-5870: Terminated
srun: error: frontier05168: tasks 8968-8969,8971-8975: Terminated
srun: error: frontier06064: tasks 10472-10473,10475-10479: Terminated
srun: error: frontier01261: tasks 2224-2229,2231: Terminated
srun: error: frontier06935: tasks 11904-11910: Terminated
srun: error: frontier02958: tasks 5160-5161,5163-5167: Terminated
srun: error: frontier07010: tasks 12072-12075,12077-12079: Terminated
srun: error: frontier02578: tasks 4528-4533,4535: Terminated
srun: error: frontier05673: tasks 9768-9770,9772-9775: Terminated
srun: error: frontier04290: tasks 7464-7465,7467-7471: Terminated
srun: error: frontier00420: tasks 720-722,724-727: Terminated
srun: error: frontier10147: tasks 16248-16253,16255: Terminated
srun: error: frontier08257: tasks 14208-14209,14211-14215: Terminated
srun: error: frontier03805: tasks 6665-6671: Terminated
srun: error: frontier03036: tasks 5328-5331,5333-5335: Terminated
srun: error: frontier09172: tasks 15712-15715,15717-15719: Terminated
srun: error: frontier01755: tasks 3024-3029,3031: Terminated
srun: error: frontier00828: tasks 1520-1523,1525-1527: Terminated
srun: error: frontier04897: tasks 8432-8435,8437-8439: Terminated
srun: error: frontier07478: tasks 12872-12876,12878-12879: Terminated
srun: error: frontier08366: tasks 14376-14382: Terminated
srun: error: frontier03476: tasks 6128-6130,6132-6135: Terminated
srun: error: frontier06621: tasks 11368-11369,11371-11375: Terminated
srun: error: frontier02184: tasks 3824-3829,3831: Terminated
srun: error: frontier06153: tasks 10568-10569,10571-10575: Terminated
srun: error: frontier03409: tasks 5960-5963,5965-5967: Terminated
srun: error: frontier03983: tasks 6928-6931,6933-6935: Terminated
srun: error: frontier05267: tasks 9064-9069,9071: Terminated
srun: error: frontier00019: tasks 17-23: Terminated
srun: error: frontier08753: tasks 15008-15010,15012-15015: Terminated
srun: error: frontier01323: tasks 2321-2327: Terminated
srun: error: frontier08469: tasks 14472-14473,14475-14479: Terminated
srun: error: frontier00079: tasks 184-190: Terminated
srun: error: frontier08883: tasks 15176-15177,15179-15183: Terminated
srun: error: frontier04761: tasks 8264-8267,8269-8271: Terminated
srun: error: frontier05801: tasks 10032-10038: Terminated
srun: error: frontier04441: tasks 7728-7732,7734-7735: Terminated
srun: error: frontier05715: tasks 9864-9869,9871: Terminated
srun: error: frontier01770: tasks 3120-3124,3126-3127: Terminated
srun: error: frontier07966: tasks 13672-13676,13678-13679: Terminated
srun: error: frontier09241: tasks 15808-15810,15812-15815: Terminated
srun: error: frontier09355: tasks 15976,15978-15983: Terminated
srun: error: frontier03091: tasks 5424-5429,5431: Terminated
srun: error: frontier01890: tasks 3288-3291,3293-3295: Terminated
srun: error: frontier00558: tasks 984-990: Terminated
srun: error: frontier01432: tasks 2489-2495: Terminated
srun: error: frontier07083: tasks 12168-12172,12174-12175: Terminated
srun: error: frontier02637: tasks 4624-4629,4631: Terminated
srun: error: frontier05320: tasks 9232-9236,9238-9239: Terminated
srun: error: frontier07986: tasks 13768-13772,13774-13775: Terminated
srun: error: frontier04919: tasks 8528-8534: Terminated
srun: error: frontier02330: tasks 4088,4090-4095: Terminated
srun: error: frontier05410: tasks 9328-9333,9335: Terminated
srun: error: frontier02216: tasks 3920-3925,3927: Terminated
srun: error: frontier03661: tasks 6392-6397,6399: Terminated
srun: error: frontier07194: tasks 12336-12339,12341-12343: Terminated
srun: error: frontier07570: tasks 12968-12969,12971-12975: Terminated
srun: error: frontier04126: tasks 7192-7196,7198-7199: Terminated
srun: error: frontier08904: tasks 15272-15274,15276-15279: Terminated
srun: error: frontier00161: tasks 280-285,287: Terminated
srun: error: frontier04248: task 7373: Terminated
srun: error: frontier03550: tasks 6224-6227,6229-6231: Terminated
srun: error: frontier08114: tasks 13936-13938,13940-13943: Terminated
srun: error: frontier04505: tasks 7824-7828,7830-7831: Terminated
srun: error: frontier07232: tasks 12432-12438: Terminated
srun: error: frontier06304: tasks 10832-10837,10839: Terminated
srun: error: frontier01036: tasks 1784-1789,1791: Terminated
srun: error: frontier09390: tasks 16072-16076,16078-16079: Terminated
srun: error: frontier06746: tasks 11632-11637,11639: Terminated
srun: error: frontier07617: tasks 13136-13137,13139-13143: Terminated
srun: error: frontier04620: tasks 7992-7997,7999: Terminated
srun: error: frontier03246: tasks 5688-5693,5695: Terminated
srun: error: frontier08610: tasks 14736-14741,14743: Terminated
srun: error: frontier00575: tasks 1080-1081,1083-1087: Terminated
srun: error: frontier07478: task 12877: Terminated
srun: error: frontier01494: tasks 2584-2585,2587-2591: Terminated
srun: error: frontier01940: tasks 3384-3388,3390-3391: Terminated
srun: error: frontier02781: tasks 4888-4894: Terminated
srun: error: frontier08495: tasks 14568-14574: Terminated
srun: error: frontier00692: tasks 1249-1255: Terminated
srun: error: frontier06443: tasks 11096-11100,11102-11103: Terminated
srun: error: frontier04031: tasks 7024,7026-7031: Terminated
srun: error: frontier01065: tasks 1880-1883,1885-1887: Terminated
srun: error: frontier03344: task 5871: Terminated
srun: error: frontier07010: task 12076: Terminated
srun: error: frontier05848: tasks 10128-10129,10131-10135: Terminated
srun: error: frontier08203: tasks 14032-14033,14035-14039: Terminated
srun: error: frontier01174: tasks 2048-2049,2051-2055: Terminated
srun: error: frontier06339: tasks 10928-10930,10932-10935: Terminated
srun: error: frontier03722: tasks 6488,6490-6495: Terminated
srun: error: frontier05006: tasks 8624-8630: Terminated
srun: error: frontier04178: tasks 7288-7290,7292-7295: Terminated
srun: error: frontier05557: tasks 9592-9596,9598-9599: Terminated
srun: error: frontier00273: task 462: Terminated
srun: error: frontier01631: tasks 2848-2849,2851-2855: Terminated
srun: error: frontier10147: task 16254: Terminated
srun: error: frontier09093: tasks 15536-15541,15543: Terminated
srun: error: frontier03036: task 5332: Terminated
srun: error: frontier00298: tasks 544-546,548-551: Terminated
srun: error: frontier02404: tasks 4184-4190: Terminated
srun: error: frontier04651: tasks 8088-8090,8092-8095: Terminated
srun: error: frontier07705: tasks 13232-13233,13235-13239: Terminated
srun: error: frontier06046: tasks 10392-10398: Terminated
srun: error: frontier05972: task 10305: Terminated
srun: error: frontier06929: tasks 11896-11898,11900-11903: Terminated
srun: error: frontier03760: task 6574: Terminated
srun: error: frontier10164: tasks 16336-16338,16340-16343: Terminated
srun: error: frontier06819: tasks 11728-11733,11735: Terminated
srun: error: frontier05077: tasks 8792-8793,8795-8799: Terminated
srun: error: frontier02839: tasks 4985-4991: Terminated
srun: error: frontier00787: tasks 1344-1349,1351: Terminated
srun: error: frontier06497: tasks 11192-11194,11196-11199: Terminated
srun: error: frontier05149: tasks 8888-8891,8893-8895: Terminated
srun: error: frontier05267: task 9070: Terminated
srun: error: frontier02957: tasks 5152,5154-5159: Terminated
srun: error: frontier09125: tasks 15632-15635,15637-15639: Terminated
srun: error: frontier01538: tasks 2680-2686: Terminated
srun: error: frontier08636: tasks 14832-14837,14839: Terminated
srun: error: frontier03408: tasks 5952-5957,5959: Terminated
srun: error: frontier02578: task 4534: Terminated
srun: error: frontier03409: task 5964: Terminated
srun: error: frontier04441: task 7733: Terminated
srun: error: frontier02541: tasks 4448-4452,4454-4455: Terminated
srun: error: frontier08366: task 14383: Terminated
srun: error: frontier07303: tasks 12528-12532,12534-12535: Terminated
srun: error: frontier01217: tasks 2145-2151: Terminated
srun: error: frontier03866: tasks 6752-6754,6756-6759: Terminated
srun: error: frontier09172: task 15716: Terminated
srun: error: frontier00316: task 628: Terminated
srun: error: frontier04250: tasks 7384-7390: Terminated
srun: error: frontier03297: tasks 5784-5786,5788-5791: Terminated
srun: error: frontier07375: tasks 12696-12701,12703: Terminated
srun: error: frontier00014: tasks 9-15: Terminated
srun: error: frontier07874: tasks 13496-13498,13500-13503: Terminated
srun: error: frontier08717: task 14916: Terminated
srun: error: frontier02076: tasks 3648-3649,3651-3655: Terminated
srun: error: frontier05714: tasks 9856-9862: Terminated
srun: error: frontier06969: tasks 11992-11995,11997-11999: Terminated
srun: error: frontier08233: task 14117: Terminated
srun: error: frontier03000: tasks 5248-5253,5255: Terminated
srun: error: frontier01261: task 2230: Terminated
srun: error: frontier01687: tasks 2944-2949,2951: Terminated
srun: error: frontier05518: task 9507: Terminated
srun: error: frontier00693: task 1260: Terminated
srun: error: frontier07966: task 13677: Terminated
srun: error: frontier00318: tasks 641-647: Terminated
srun: error: frontier04359: tasks 7552-7557,7559: Terminated
srun: error: frontier05597: task 9679: Terminated
srun: error: frontier03782: tasks 6584-6587,6589-6591: Terminated
srun: error: frontier07453: tasks 12792-12798: Terminated
srun: error: frontier06446: task 11106: Terminated
srun: error: frontier00438: tasks 809-815: Terminated
srun: error: frontier01085: task 1960: Terminated
srun: error: frontier02885: task 5065: Terminated
srun: error: frontier07740: tasks 13328-13330,13332-13335: Terminated
srun: error: frontier06571: task 11277: Terminated
srun: error: frontier09240: tasks 15800-15806: Terminated
srun: error: frontier00808: task 1428: Terminated
srun: error: frontier00815: tasks 1440-1446: Terminated
srun: error: frontier02030: task 3564: Terminated
srun: error: frontier02438: task 4271: Terminated
srun: error: frontier06064: task 10474: Terminated
srun: error: frontier07943: tasks 13592-13598: Terminated
srun: error: frontier03464: tasks 6048-6051,6053-6055: Terminated
srun: error: frontier07331: task 12611: Terminated
srun: error: frontier04694: task 8172: Terminated
srun: error: frontier06574: tasks 11288-11294: Terminated
srun: error: frontier05599: tasks 9688-9692,9694-9695: Terminated
srun: error: frontier02582: tasks 4544-4549,4551: Terminated
srun: error: frontier08257: task 14210: Terminated
srun: error: frontier06858: task 11811: Terminated
srun: error: frontier02208: tasks 3912-3915,3917-3919: Terminated
srun: error: frontier08346: tasks 14296-14298,14300-14303: Terminated
srun: error: frontier08753: task 15011: Terminated
srun: error: frontier00938: tasks 1608-1614: Terminated
srun: error: frontier03926: tasks 6848-6852,6854-6855: Terminated
srun: error: frontier07831: task 13410: Terminated
srun: error: frontier01564: task 2767: Terminated
srun: error: frontier06683: tasks 11456-11462: Terminated
srun: error: frontier06067: tasks 10488-10493,10495: Terminated
srun: error: frontier02700: tasks 4712-4713,4715-4719: Terminated
srun: error: frontier02145: tasks 3744-3746,3748-3751: Terminated
srun: error: frontier06188: tasks 10656-10658,10660-10663: Terminated
srun: error: frontier07985: tasks 13760-13764,13766-13767: Terminated
srun: error: frontier00053: tasks 104-105,107-111: Terminated
srun: error: frontier03805: task 6664: Terminated
srun: error: frontier03039: tasks 5344-5346,5348-5351: Terminated
srun: error: frontier05292: tasks 9152-9156,9158-9159: Terminated
srun: error: frontier08370: tasks 14392-14398: Terminated
srun: error: frontier02330: task 4089: Terminated
srun: error: frontier03145: tasks 5512-5516,5518-5519: Terminated
srun: error: frontier02184: task 3830: Terminated
srun: error: frontier09272: tasks 15897-15901,15903: Terminated
srun: error: frontier04820: tasks 8352-8355,8357-8359: Terminated
srun: error: frontier05673: task 9771: Terminated
srun: error: frontier09355: task 15977: Terminated
srun: error: frontier04897: task 8436: Terminated
srun: error: frontier07134: tasks 12256-12262: Terminated
srun: error: frontier02523: task 4363: Terminated
srun: error: frontier04290: task 7466: Terminated
srun: error: frontier04503: tasks 7816,7818-7823: Terminated
srun: error: frontier08793: tasks 15096,15098-15103: Terminated
srun: error: frontier05778: tasks 9952-9955,9957-9959: Terminated
srun: error: frontier08469: task 14474: Terminated
srun: error: frontier08883: task 15178: Terminated
srun: error: frontier03983: task 6932: Terminated
srun: error: frontier04388: tasks 7648-7654: Terminated
srun: error: frontier06231: tasks 10752-10756,10758-10759: Terminated
srun: error: frontier01839: tasks 3208-3214: Terminated
srun: error: frontier08114: task 13939: Terminated
srun: error: frontier06935: task 11911: Terminated
srun: error: frontier00540: tasks 904-908,910-911: Terminated
srun: error: frontier05715: task 9870: Terminated
srun: error: frontier07570: task 12970: Terminated
srun: error: frontier06153: task 10570: Terminated
srun: error: frontier01323: task 2320: Terminated
srun: error: frontier03091: task 5430: Terminated
srun: error: frontier02143: task 3735: Terminated
srun: error: frontier04126: task 7197: Terminated
srun: error: frontier04136: task 7204: Terminated
srun: error: frontier07592: tasks 13056-13058,13060-13063: Terminated
srun: error: frontier01378: tasks 2408-2409,2411-2415: Terminated
srun: error: frontier04761: task 8268: Terminated
srun: error: frontier01770: task 3125: Terminated
srun: error: frontier00420: task 723: Terminated
srun: error: frontier08097: tasks 13856-13859,13861-13863: Terminated
srun: error: frontier08493: tasks 14560-14561,14563-14567: Terminated
srun: error: frontier03606: tasks 6312-6317,6319: Terminated
srun: error: frontier07083: task 12173: Terminated
srun: error: frontier00828: task 1524: Terminated
srun: error: frontier01890: task 3292: Terminated
srun: error: frontier04919: task 8535: Terminated
srun: error: frontier00019: task 16: Terminated
srun: error: frontier08885: tasks 15192-15196,15198-15199: Terminated
srun: error: frontier01432: task 2488: Terminated
srun: error: frontier08904: task 15275: Terminated
srun: error: frontier06304: task 10838: Terminated
srun: error: frontier04900: tasks 8448-8452,8454-8455: Terminated
srun: error: frontier04098: tasks 7112-7116,7118-7119: Terminated
srun: error: frontier00958: tasks 1704-1705,1707-1711: Terminated
srun: error: frontier02744: tasks 4808-4810,4812-4815: Terminated
srun: error: frontier02958: task 5162: Terminated
srun: error: frontier04971: tasks 8616-8618,8620-8623: Terminated
srun: error: frontier05804: tasks 10048-10049,10051-10055: Terminated
srun: error: frontier01494: task 2586: Terminated
srun: error: frontier08993: tasks 15360-15362,15364-15367: Terminated
srun: error: frontier01755: task 3030: Terminated
srun: error: frontier07194: task 12340: Terminated
srun: error: frontier00179: tasks 368-369,371-375: Terminated
srun: error: frontier07301: tasks 12520-12526: Terminated
srun: error: frontier06714: tasks 11552-11556,11558-11559: Terminated
srun: error: frontier03476: task 6131: Terminated
srun: error: frontier09241: task 15811: Terminated
srun: error: frontier09434: tasks 16160-16165,16167: Terminated
srun: error: frontier04556: tasks 7912-7916,7918-7919: Terminated
srun: error: frontier06621: task 11370: Terminated
srun: error: frontier05801: task 10039: Terminated
srun: error: frontier07617: task 13138: Terminated
srun: error: frontier01512: tasks 2672-2673,2675-2679: Terminated
srun: error: frontier02285: tasks 4008-4013,4015: Terminated
srun: error: frontier01940: task 3389: Terminated
srun: error: frontier01434: tasks 2504-2510: Terminated
srun: error: frontier00677: tasks 1168-1172,1174-1175: Terminated
srun: error: frontier01892: tasks 3304-3309,3311: Terminated
srun: error: frontier02012: tasks 3472-3475,3477-3479: Terminated
srun: error: frontier02637: task 4630: Terminated
srun: error: frontier00161: task 286: Terminated
srun: error: frontier05337: tasks 9248-9249,9251-9255: Terminated
srun: error: frontier03213: tasks 5608-5613,5615: Terminated
srun: error: frontier05444: tasks 9416-9418,9420-9423: Terminated
srun: error: frontier07232: task 12439: Terminated
srun: error: frontier05925: tasks 10216-10219,10221-10223: Terminated
srun: error: frontier03661: task 6398: Terminated
srun: error: frontier08495: task 14575: Terminated
srun: error: frontier02439: tasks 4272-4273,4275-4279: Terminated
srun: error: frontier05029: tasks 8712-8717,8719: Terminated
srun: error: frontier00079: task 191: Terminated
srun: error: frontier03663: tasks 6408-6413,6415: Terminated
srun: error: frontier06865: tasks 11816-11819,11821-11823: Terminated
srun: error: frontier01086: tasks 1968-1970,1972-1975: Terminated
srun: error: frontier07197: tasks 12352,12354-12359: Terminated
srun: error: frontier04137: tasks 7208-7213,7215: Terminated
srun: error: frontier05168: task 8970: Terminated
srun: error: frontier05410: task 9334: Terminated
srun: error: frontier00558: task 991: Terminated
srun: error: frontier02335: tasks 4105-4111: Terminated
srun: error: frontier06746: task 11638: Terminated
srun: error: frontier08614: tasks 14752-14756,14758-14759: Terminated
srun: error: frontier04505: task 7829: Terminated
srun: error: frontier08203: task 14034: Terminated
srun: error: frontier02888: tasks 5072-5077,5079: Terminated
srun: error: frontier07986: task 13773: Terminated
srun: error: frontier03550: task 6228: Terminated
srun: error: frontier07627: tasks 13152-13155,13157-13159: Terminated
srun: error: frontier00274: tasks 465-471: Terminated
srun: error: frontier06410: tasks 11016-11020,11022-11023: Terminated
srun: error: frontier09093: task 15542: Terminated
srun: error: frontier03246: task 5694: Terminated
srun: error: frontier04620: task 7998: Terminated
srun: error: frontier09010: tasks 15456-15461,15463: Terminated
srun: error: frontier10148: tasks 16256-16260,16262-16263: Terminated
srun: error: frontier04624: tasks 8008-8009,8011-8015: Terminated
srun: error: frontier00692: task 1248: Terminated
srun: error: frontier05320: task 9237: Terminated
srun: error: frontier01036: task 1790: Terminated
srun: error: frontier08117: tasks 13952-13956,13958-13959: Terminated
srun: error: frontier07732: tasks 13321-13327: Terminated
srun: error: frontier04249: tasks 7376-7379,7381-7383: Terminated
srun: error: frontier01065: task 1884: Terminated
srun: error: frontier02031: tasks 3568-3569,3571-3575: Terminated
srun: error: frontier05524: tasks 9512-9517,9519: Terminated
srun: error: frontier07332: tasks 12616-12620,12622-12623: Terminated
srun: error: frontier08234: tasks 14120-14121,14123-14127: Terminated
srun: error: frontier03761: tasks 6576-6579,6581-6583: Terminated
srun: error: frontier00575: task 1082: Terminated
srun: error: frontier04178: task 7291: Terminated
srun: error: frontier06450: tasks 11112-11116,11118-11119: Terminated
srun: error: frontier09363: tasks 15992-15998: Terminated
srun: error: frontier05088: tasks 8808-8813,8815: Terminated
srun: error: frontier00698: tasks 1264-1269,1271: Terminated
srun: error: frontier04695: tasks 8176-8178,8180-8183: Terminated
srun: error: frontier01174: task 2050: Terminated
srun: error: frontier07845: tasks 13416-13421,13423: Terminated
srun: error: frontier03346: tasks 5872-5878: Terminated
srun: error: frontier00812: tasks 1432-1435,1437-1439: Terminated
srun: error: frontier02781: task 4895: Terminated
srun: error: frontier03807: tasks 6672-6676,6678-6679: Terminated
srun: error: frontier10164: task 16339: Terminated
srun: error: frontier02524: tasks 4368-4371,4373-4375: Terminated
srun: error: frontier06573: tasks 11280-11286: Terminated
srun: error: frontier08610: task 14742: Terminated
srun: error: frontier05974: tasks 10312-10313,10315-10319: Terminated
srun: error: frontier01565: tasks 2768-2773,2775: Terminated
srun: error: frontier05171: tasks 8976-8982: Terminated
srun: error: frontier07705: task 13234: Terminated
srun: error: frontier01283: tasks 2232-2233,2235-2239: Terminated
srun: error: frontier00298: task 547: Terminated
srun: error: frontier06937: tasks 11912-11918: Terminated
srun: error: frontier09176: tasks 15720-15722,15724-15727: Terminated
srun: error: frontier00317: tasks 632-636,638-639: Terminated
srun: error: frontier05557: task 9597: Terminated
srun: error: frontier01176: tasks 2064-2070: Terminated
srun: error: frontier02961: tasks 5168-5172,5174-5175: Terminated
srun: error: frontier06819: task 11734: Terminated
srun: error: frontier07052: tasks 12080-12082,12084-12087: Terminated
srun: error: frontier06046: task 10399: Terminated
srun: error: frontier08725: tasks 14920-14922,14924-14927: Terminated
srun: error: frontier02216: task 3926: Terminated
srun: error: frontier05674: tasks 9776-9778,9780-9783: Terminated
srun: error: frontier03722: task 6489: Terminated
srun: error: frontier00422: tasks 728-733,735: Terminated
srun: error: frontier08263: tasks 14216-14217,14219-14223: Terminated
srun: error: frontier04031: task 7025: Terminated
srun: error: frontier03038: tasks 5336-5341,5343: Terminated
srun: error: frontier06929: task 11899: Terminated
srun: error: frontier08536: tasks 14656-14658,14660-14663: Terminated
srun: error: frontier01756: tasks 3032-3035,3037-3039: Terminated
srun: error: frontier02957: task 5153: Terminated
srun: error: frontier08636: task 14838: Terminated
srun: error: frontier06443: task 11101: Terminated
srun: error: frontier03417: tasks 5968-5973,5975: Terminated
srun: error: frontier05848: task 10130: Terminated
srun: error: frontier07379: tasks 12712-12714,12716-12719: Terminated
srun: error: frontier07303: task 12533: Terminated
srun: error: frontier00829: tasks 1528-1533,1535: Terminated
srun: error: frontier02839: task 4984: Terminated
srun: error: frontier04294: tasks 7472-7477,7479: Terminated
srun: error: frontier03477: tasks 6136-6141,6143: Terminated
srun: error: frontier00787: task 1350: Terminated
srun: error: frontier09125: task 15636: Terminated
srun: error: frontier09361: tasks 15984-15988,15990-15991: Terminated
srun: error: frontier03876: tasks 6768-6772,6774-6775: Terminated
srun: error: frontier09390: task 16077: Terminated
srun: error: frontier06158: tasks 10576-10581,10583: Terminated
srun: error: frontier01631: task 2850: Terminated
srun: error: frontier03408: task 5958: Terminated
srun: error: frontier06497: task 11195: Terminated
srun: error: frontier06622: tasks 11376-11379,11381-11383: Terminated
srun: error: frontier05006: task 8631: Terminated
srun: error: frontier04651: task 8091: Terminated
srun: error: frontier07375: task 12702: Terminated
srun: error: frontier04762: tasks 8272,8274-8279: Terminated
srun: error: frontier01633: tasks 2864-2869,2871: Terminated
srun: error: frontier08884: tasks 15184-15190: Terminated
srun: error: frontier07479: tasks 12880-12882,12884-12887: Terminated
srun: error: frontier08754: tasks 15016-15022: Terminated
srun: error: frontier01345: tasks 2328-2334: Terminated
srun: error: frontier00021: tasks 24-28,30-31: Terminated
srun: error: frontier02186: tasks 3832-3839: Terminated
srun: error: frontier02404: task 4191: Terminated
srun: error: frontier02650: tasks 4632,4634-4639: Terminated
srun: error: frontier06339: task 10931: Terminated
srun: error: frontier03297: task 5787: Terminated
srun: error: frontier00080: tasks 192-195,197-199: Terminated
srun: error: frontier05336: tasks 9240-9242,9244-9247: Terminated
srun: error: frontier00447: tasks 824-826,828-831: Terminated
srun: error: frontier04442: tasks 7736-7739,7741-7743: Terminated
srun: error: frontier02076: task 3650: Terminated
srun: error: frontier03093: tasks 5432-5438: Terminated
srun: error: frontier02541: task 4453: Terminated
srun: error: frontier07874: task 13499: Terminated
srun: error: frontier03866: task 6755: Terminated
srun: error: frontier09242: tasks 15816-15820,15822-15823: Terminated
srun: error: frontier06190: tasks 10672-10675,10677-10679: Terminated
srun: error: frontier01217: task 2144: Terminated
srun: error: frontier08470: tasks 14480-14486: Terminated
srun: error: frontier01891: tasks 3296-3299,3301-3303: Terminated
srun: error: frontier01538: task 2687: Terminated
srun: error: frontier05272: tasks 9072-9077,9079: Terminated
srun: error: frontier07967: tasks 13680-13683,13685-13687: Terminated
srun: error: frontier00559: tasks 992-994,996-999: Terminated
srun: error: frontier03552: tasks 6232-6234,6236-6239: Terminated
srun: error: frontier04250: task 7391: Terminated
srun: error: frontier07740: task 13331: Terminated
srun: error: frontier03782: task 6588: Terminated
srun: error: frontier05077: task 8794: Terminated
srun: error: frontier05149: task 8892: Terminated
srun: error: frontier00014: task 8: Terminated
srun: error: frontier09240: task 15807: Terminated
srun: error: frontier06969: task 11996: Terminated
srun: error: frontier01802: tasks 3128-3132,3134-3135: Terminated
srun: error: frontier05803: tasks 10040-10045,10047: Terminated
srun: error: frontier01048: tasks 1792-1795,1797-1799: Terminated
srun: error: frontier06687: tasks 11472-11473,11475-11479: Terminated
srun: error: frontier05716: tasks 9872-9873,9875-9879: Terminated
srun: error: frontier07084: tasks 12176-12182: Terminated
srun: error: frontier05714: task 9863: Terminated
srun: error: frontier07574: tasks 12976-12977,12979-12983: Terminated
srun: error: frontier02702: tasks 4728-4732,4734-4735: Terminated
srun: error: frontier03000: task 5254: Terminated
srun: error: frontier06308: tasks 10840-10842,10844-10847: Terminated
srun: error: frontier04043: tasks 7032-7037,7039: Terminated
srun: error: frontier08913: tasks 15280-15283,15285-15287: Terminated
srun: error: frontier01687: task 2950: Terminated
srun: error: frontier09391: tasks 16080-16086: Terminated
srun: error: frontier04920: tasks 8536,8538-8543: Terminated
srun: error: frontier00318: task 640: Terminated
srun: error: frontier04359: task 7558: Terminated
srun: error: frontier02782: tasks 4896-4898,4900-4903: Terminated
srun: error: frontier00164: tasks 288-290,292-295: Terminated
srun: error: frontier07987: tasks 13776-13782: Terminated
srun: error: frontier04509: tasks 7832-7838: Terminated
srun: error: frontier07453: task 12799: Terminated
srun: error: frontier02332: tasks 4096-4099,4101-4103: Terminated
srun: error: frontier02217: tasks 3928-3931,3933-3935: Terminated
srun: error: frontier05415: tasks 9336-9337,9339-9343: Terminated
srun: error: frontier08346: task 14299: Terminated
srun: error: frontier07233: tasks 12440-12445,12447: Terminated
srun: error: frontier00438: task 808: Terminated
srun: error: frontier00576: tasks 1088-1093,1095: Terminated
srun: error: frontier04623: tasks 8000-8002,8004-8007: Terminated
srun: error: frontier01495: tasks 2592-2596,2598-2599: Terminated
srun: error: frontier08116: tasks 13944-13948,13950-13951: Terminated
srun: error: frontier06341: tasks 10936-10942: Terminated
srun: error: frontier00815: task 1447: Terminated
srun: error: frontier03984: tasks 6936-6938,6940-6943: Terminated
srun: error: frontier09444: tasks 16176-16177,16179-16183: Terminated
srun: error: frontier05085: tasks 8800-8805,8807: Terminated
srun: error: frontier02408: tasks 4192-4197,4199: Terminated
srun: error: frontier01067: tasks 1888-1893,1895: Terminated
srun: error: frontier03464: task 6052: Terminated
srun: error: frontier06750: tasks 11640-11642,11644-11647: Terminated
srun: error: frontier03152: tasks 5528-5529,5531-5535: Terminated
srun: error: frontier08496: tasks 14576-14581,14583: Terminated
srun: error: frontier06067: task 10494: Terminated
srun: error: frontier07943: task 13599: Terminated
srun: error: frontier09096: tasks 15544-15549,15551: Terminated
srun: error: frontier06574: task 11295: Terminated
srun: error: frontier01175: tasks 2056-2057,2059-2063: Terminated
srun: error: frontier10167: tasks 16344-16346,16348-16351: Terminated
srun: error: frontier03724: tasks 6496-6498,6500-6503: Terminated
srun: error: frontier04179: tasks 7296-7301,7303: Terminated
srun: error: frontier02208: task 3916: Terminated
srun: error: frontier08613: tasks 14744-14746,14748-14751: Terminated
srun: error: frontier01941: tasks 3392-3396,3398-3399: Terminated
srun: error: frontier02145: task 3747: Terminated
srun: error: frontier06188: task 10659: Terminated
srun: error: frontier05010: tasks 8632-8636,8638-8639: Terminated
srun: error: frontier00938: task 1615: Terminated
srun: error: frontier08996: tasks 15376-15379,15381-15383: Terminated
srun: error: frontier02582: task 4550: Terminated
srun: error: frontier05558: tasks 9600-9602,9604-9607: Terminated
srun: error: frontier01632: tasks 2856-2859,2861-2863: Terminated
srun: error: frontier00301: tasks 552-557,559: Terminated
srun: error: frontier05929: tasks 10232-10234,10236-10239: Terminated
srun: error: frontier06683: task 11463: Terminated
srun: error: frontier07706: tasks 13240-13244,13246-13247: Terminated
srun: error: frontier02841: tasks 4992-4993,4995-4999: Terminated
srun: error: frontier08793: task 15097: Terminated
srun: error: frontier03926: task 6853: Terminated
srun: error: frontier04820: task 8356: Terminated
srun: error: frontier08208: tasks 14040-14046: Terminated
srun: error: frontier07985: task 13765: Terminated
srun: error: frontier06820: tasks 11736-11742: Terminated
srun: error: frontier09272: task 15902: Terminated
srun: error: frontier05453: tasks 9432-9434,9436-9439: Terminated
srun: error: frontier02016: tasks 3488-3489,3491-3495: Terminated
srun: error: frontier07743: tasks 13336-13339,13341-13343: Terminated
srun: error: frontier05292: task 9157: Terminated
srun: error: frontier02700: task 4714: Terminated
srun: error: frontier00795: tasks 1352-1353,1355-1359: Terminated
srun: error: frontier02079: tasks 3656-3659,3661-3663: Terminated
srun: error: frontier06498: tasks 11200-11205,11207: Terminated
srun: error: frontier03783: tasks 6592-6593,6595-6599: Terminated
srun: error: frontier06048: tasks 10400,10402-10407: Terminated
srun: error: frontier07306: tasks 12536-12540,12542-12543: Terminated
srun: error: frontier08638: tasks 14840-14844,14846-14847: Terminated
srun: error: frontier00053: task 106: Terminated
srun: error: frontier08370: task 14399: Terminated
srun: error: frontier09132: tasks 15640,15642-15647: Terminated
srun: error: frontier03298: tasks 5792-5793,5795-5799: Terminated
srun: error: frontier01243: tasks 2153-2159: Terminated
srun: error: frontier03039: task 5347: Terminated
srun: error: frontier01539: tasks 2688-2693,2695: Terminated
srun: error: frontier05600: tasks 9696-9700,9702-9703: Terminated
srun: error: frontier04251: tasks 7392-7398: Terminated
srun: error: frontier07134: task 12263: Terminated
srun: error: frontier06970: tasks 12000-12003,12005-12007: Terminated
srun: error: frontier04653: tasks 8096-8101,8103: Terminated
srun: error: frontier05895: tasks 10136-10137,10139-10143: Terminated
srun: error: frontier07376: tasks 12704-12710: Terminated
srun: error: frontier03145: task 5517: Terminated
srun: error: frontier03255: tasks 5696-5702: Terminated
srun: error: frontier05778: task 9956: Terminated
srun: error: frontier04388: task 7655: Terminated
srun: error: frontier03001: tasks 5257-5263: Terminated
srun: error: frontier01689: tasks 2952-2955,2957-2959: Terminated
srun: error: frontier04360: tasks 7560-7566: Terminated
srun: error: frontier01378: task 2410: Terminated
srun: error: frontier02450: tasks 4288-4291,4293-4295: Terminated
srun: error: frontier04503: task 7817: Terminated
srun: error: frontier07455: tasks 12800-12804,12806-12807: Terminated
srun: error: frontier05150: tasks 8896-8897,8899-8903: Terminated
srun: error: frontier05599: task 9693: Terminated
srun: error: frontier07875: tasks 13504-13509,13511: Terminated
srun: error: frontier02542: tasks 4456-4463: Terminated
srun: error: frontier08493: task 14562: Terminated
srun: error: frontier00442: tasks 816-818,820-823: Terminated
srun: error: frontier08238: tasks 14136-14139,14141-14143: Terminated
srun: error: frontier04823: tasks 8360-8365,8367: Terminated
srun: error: frontier01839: task 3215: Terminated
srun: error: frontier00540: task 909: Terminated
srun: error: frontier03867: tasks 6760-6763,6765-6767: Terminated
srun: error: frontier00816: tasks 1448-1454: Terminated
srun: error: frontier06231: task 10757: Terminated
srun: error: frontier03465: tasks 6056-6058,6060-6063: Terminated
srun: error: frontier02148: tasks 3752-3757,3759: Terminated
srun: error: frontier08885: task 15197: Terminated
srun: error: frontier08347: tasks 14304-14309,14311: Terminated
srun: error: frontier06575: tasks 11296-11302: Terminated
srun: error: frontier07592: task 13059: Terminated
srun: error: frontier00939: tasks 1616-1618,1620-1623: Terminated
srun: error: frontier06684: tasks 11464-11471: Terminated
srun: error: frontier09277: tasks 15904-15905,15907-15911: Terminated
srun: error: frontier01290: tasks 2248-2249,2251-2255: Terminated
srun: error: frontier03927: tasks 6856-6860,6862-6863: Terminated
srun: error: frontier04900: task 8453: Terminated
srun: error: frontier04737: tasks 8192-8194,8196-8199: Terminated
srun: error: frontier07065: tasks 12096-12101,12103: Terminated
srun: error: frontier02583: tasks 4552-4555,4557-4559: Terminated
srun: error: frontier01381: tasks 2416-2421,2423: Terminated
srun: error: frontier03606: task 6318: Terminated
srun: error: frontier00319: tasks 648-649,651-655: Terminated
srun: error: frontier08842: tasks 15104-15110: Terminated
srun: error: frontier08097: task 13860: Terminated
srun: error: frontier08993: task 15363: Terminated
srun: error: frontier07138: tasks 12264-12269,12271: Terminated
srun: error: frontier05780: tasks 9960-9964,9966-9967: Terminated
srun: error: frontier04971: task 8619: Terminated
srun: error: frontier06090: tasks 10496-10497,10499-10503: Terminated
srun: error: frontier03040: tasks 5352-5354,5356-5359: Terminated
srun: error: frontier00958: task 1706: Terminated
srun: error: frontier06189: tasks 10665-10671: Terminated
srun: error: frontier03146: tasks 5520-5527: Terminated
srun: error: frontier05296: tasks 9160-9161,9163-9167: Terminated
srun: error: frontier00543: tasks 912-916,918-919: Terminated
srun: error: frontier07946: tasks 13600-13602,13604-13607: Terminated
srun: error: frontier04098: task 7117: Terminated
srun: error: frontier00054: tasks 112-113,115-119: Terminated
srun: error: frontier04903: tasks 8456-8459,8461-8463: Terminated
srun: error: frontier06714: task 11557: Terminated
srun: error: frontier02285: task 4014: Terminated
srun: error: frontier02744: task 4811: Terminated
srun: error: frontier09434: task 16166: Terminated
srun: error: frontier02701: tasks 4720,4722-4727: Terminated
srun: error: frontier06232: tasks 10760-10766: Terminated
srun: error: frontier07495: tasks 12896-12900,12902-12903: Terminated
srun: error: frontier09366: tasks 16000-16003,16005-16007: Terminated
srun: error: frontier05804: task 10050: Terminated
srun: error: frontier04389: tasks 7656-7661,7663: Terminated
srun: error: frontier03608: tasks 6320-6321,6323-6327: Terminated
srun: error: frontier08373: tasks 14400-14404,14406-14407: Terminated
srun: error: frontier05338: tasks 9256-9259,9261-9263: Terminated
srun: error: frontier05337: task 9250: Terminated
srun: error: frontier00179: task 370: Terminated
srun: error: frontier01847: tasks 3216-3221,3223: Terminated
srun: error: frontier08886: tasks 15200-15206: Terminated
srun: error: frontier01434: task 2511: Terminated
srun: error: frontier07301: task 12527: Terminated
srun: error: frontier02748: tasks 4816-4822: Terminated
srun: error: frontier00082: tasks 208,210-215: Terminated
srun: error: frontier01512: task 2674: Terminated
srun: error: frontier03501: tasks 6152,6154-6159: Terminated
srun: error: frontier05444: task 9419: Terminated
srun: error: frontier05806: tasks 10056,10058-10063: Terminated
srun: error: frontier04556: task 7917: Terminated
srun: error: frontier04102: tasks 7120-7124,7126-7127: Terminated
srun: error: frontier07593: tasks 13064-13069,13071: Terminated
srun: error: frontier06715: tasks 11560-11562,11564-11567: Terminated
srun: error: frontier08537: tasks 14664-14667,14669-14671: Terminated
srun: error: frontier08994: tasks 15369-15375: Terminated
srun: error: frontier08098: tasks 13864-13866,13868-13871: Terminated
srun: error: frontier01892: task 3310: Terminated
srun: error: frontier00561: tasks 1008-1013,1015: Terminated
srun: error: frontier03213: task 5614: Terminated
srun: error: frontier05925: task 10220: Terminated
srun: error: frontier05451: tasks 9424-9430: Terminated
srun: error: frontier00677: task 1173: Terminated
srun: error: frontier06312: tasks 10856-10862: Terminated
srun: error: frontier02012: task 3476: Terminated
srun: error: frontier00959: tasks 1712-1713,1715-1719: Terminated
srun: error: frontier02286: tasks 4016-4020,4022-4023: Terminated
srun: error: frontier07197: task 12353: Terminated
srun: error: frontier01893: tasks 3312-3318: Terminated
srun: error: frontier03986: tasks 6952-6954,6956-6959: Terminated
srun: error: frontier05030: tasks 8720-8721,8723-8727: Terminated
srun: error: frontier09363: task 15999: Terminated
srun: error: frontier05926: tasks 10224-10225,10227-10231: Terminated
srun: error: frontier06414: tasks 11024-11026,11028-11031: Terminated
srun: error: frontier04561: tasks 7921-7927: Terminated
srun: error: frontier03216: tasks 5616-5619,5621-5623: Terminated
srun: error: frontier01435: tasks 2512-2518: Terminated
srun: error: frontier01087: tasks 1976-1977,1979-1983: Terminated
srun: error: frontier07213: tasks 12360-12366: Terminated
srun: error: frontier02013: tasks 3480-3486: Terminated
srun: error: frontier05029: task 8718: Terminated
srun: error: frontier02443: tasks 4280-4284,4286-4287: Terminated
srun: error: frontier06790: tasks 11656-11659,11661-11663: Terminated
srun: error: frontier00181: tasks 376-379,381-383: Terminated
srun: error: frontier07627: task 13156: Terminated
srun: error: frontier10149: tasks 16264-16269,16271: Terminated
srun: error: frontier06867: tasks 11824-11826,11828-11831: Terminated
srun: error: frontier03663: task 6414: Terminated
srun: error: frontier09012: tasks 15464,15466-15471: Terminated
srun: error: frontier02784: tasks 4912-4913,4915-4919: Terminated
srun: error: frontier02439: task 4274: Terminated
srun: error: frontier02900: tasks 5080-5086: Terminated
srun: error: frontier09010: task 15462: Terminated
srun: error: frontier01566: tasks 2776-2777,2779-2783: Terminated
srun: error: frontier05525: tasks 9520-9525,9527: Terminated
srun: error: frontier01086: task 1971: Terminated
srun: error: frontier02335: task 4104: Terminated
srun: error: frontier02336: tasks 4112,4114-4119: Terminated
srun: error: frontier06410: task 11021: Terminated
srun: error: frontier07686: tasks 13160-13162,13164-13167: Terminated
srun: error: frontier06865: task 11820: Terminated
srun: error: frontier03664: tasks 6416-6422: Terminated
srun: error: frontier04627: tasks 8016-8018,8020-8023: Terminated
srun: error: frontier00678: tasks 1176-1181,1183: Terminated
srun: error: frontier03271: tasks 5712-5715,5717-5719: Terminated
srun: error: frontier04137: task 7214: Terminated
srun: error: frontier10148: task 16261: Terminated
srun: error: frontier00281: tasks 472,474-479: Terminated
srun: error: frontier02059: tasks 3576-3577,3579-3583: Terminated
srun: error: frontier00701: tasks 1272,1274-1279: Terminated
srun: error: frontier07732: task 13320: Terminated
srun: error: frontier06453: tasks 11120,11122-11127: Terminated
srun: error: frontier08117: task 13957: Terminated
srun: error: frontier08614: task 14757: Terminated
srun: error: frontier08237: tasks 14128,14130-14135: Terminated
srun: error: frontier08120: tasks 13960-13964,13966-13967: Terminated
srun: error: frontier05089: tasks 8816-8818,8820-8823: Terminated
srun: error: frontier02888: task 5078: Terminated
srun: error: frontier04697: tasks 8184-8190: Terminated
srun: error: frontier04150: tasks 7216-7217,7219-7223: Terminated
srun: error: frontier05172: tasks 8984-8989,8991: Terminated
srun: error: frontier00274: task 464: Terminated
srun: error: frontier03761: task 6580: Terminated
srun: error: frontier09436: tasks 16168-16171,16173-16175: Terminated
srun: error: frontier05524: task 9518: Terminated
srun: error: frontier07340: tasks 12624-12630: Terminated
srun: error: frontier08234: task 14122: Terminated
srun: error: frontier08732: tasks 14928-14933,14935: Terminated
srun: error: frontier08619: tasks 14760-14762,14764-14767: Terminated
srun: error: frontier05577: tasks 9616-9622: Terminated
srun: error: frontier05976: tasks 10320-10323,10325-10327: Terminated
srun: error: frontier07846: tasks 13424-13426,13428-13431: Terminated
srun: error: frontier09098: tasks 15560-15562,15564-15567: Terminated
srun: error: frontier04624: task 8010: Terminated
srun: error: frontier03843: tasks 6680-6681,6683-6687: Terminated
srun: error: frontier04249: task 7380: Terminated
srun: error: frontier01289: tasks 2240-2242,2244-2247: Terminated
srun: error: frontier08536: task 14659: Terminated
srun: error: frontier06939: tasks 11920-11922,11924-11927: Terminated
srun: error: frontier02965: tasks 5176-5179,5181-5183: Terminated
srun: error: frontier03347: tasks 5880-5881,5883-5887: Terminated
srun: error: frontier01640: tasks 2872-2873,2875-2879: Terminated
srun: error: frontier05675: tasks 9784-9789,9791: Terminated
srun: error: frontier07332: task 12621: Terminated
srun: error: frontier00423: tasks 737-743: Terminated
srun: error: frontier02525: tasks 4376-4382: Terminated
srun: error: frontier01757: tasks 3040-3043,3045-3047: Terminated
srun: error: frontier07384: tasks 12720-12721,12723-12727: Terminated
srun: error: frontier02031: task 3570: Terminated
srun: error: frontier09177: tasks 15728-15729,15731-15735: Terminated
srun: error: frontier03419: tasks 5976-5980,5982-5983: Terminated
srun: error: frontier02099: tasks 3672-3676,3678-3679: Terminated
srun: error: frontier01565: task 2774: Terminated
srun: error: frontier02192: tasks 3840,3842-3847: Terminated
srun: error: frontier00830: tasks 1536-1540,1542-1543: Terminated
srun: error: frontier04695: task 8179: Terminated
srun: error: frontier06450: task 11117: Terminated
srun: error: frontier00698: task 1270: Terminated
srun: error: frontier05974: task 10314: Terminated
srun: error: frontier08264: tasks 14224-14227,14229-14231: Terminated
srun: error: frontier03346: task 5879: Terminated
srun: error: frontier05088: task 8814: Terminated
srun: error: frontier03889: tasks 6776-6779,6781-6783: Terminated
srun: error: frontier07845: task 13422: Terminated
srun: error: frontier09248: tasks 15824-15826,15828-15831: Terminated
srun: error: frontier04763: tasks 8280-8283,8285-8287: Terminated
srun: error: frontier07062: tasks 12088-12094: Terminated
srun: error: frontier04302: tasks 7480-7486: Terminated
srun: error: frontier02655: tasks 4640-4641,4643-4647: Terminated
srun: error: frontier00023: tasks 32-36,38-39: Terminated
srun: error: frontier00812: task 1436: Terminated
srun: error: frontier01354: tasks 2336-2338,2340-2343: Terminated
srun: error: frontier00317: task 637: Terminated
srun: error: frontier03985: tasks 6944-6946,6948-6951: Terminated
srun: error: frontier08725: task 14923: Terminated
srun: error: frontier07088: tasks 12184-12190: Terminated
srun: error: frontier07480: tasks 12888-12892,12894-12895: Terminated
srun: error: frontier04366: tasks 7576-7577,7579-7583: Terminated
srun: error: frontier03807: task 6677: Terminated
srun: error: frontier00081: tasks 200-205,207: Terminated
srun: error: frontier08755: tasks 15024-15027,15029-15031: Terminated
srun: error: frontier05273: tasks 9080-9084,9086-9087: Terminated
srun: error: frontier09176: task 15723: Terminated
srun: error: frontier06162: tasks 10584-10587,10589-10591: Terminated
srun: error: frontier06573: task 11287: Terminated
srun: error: frontier03489: tasks 6144-6145,6147-6151: Terminated
srun: error: frontier05171: task 8983: Terminated
srun: error: frontier01805: tasks 3136-3138,3140-3143: Terminated
srun: error: frontier07878: tasks 13520-13525,13527: Terminated
srun: error: frontier00448: tasks 832-836,838-839: Terminated
srun: error: frontier04444: tasks 7744-7749,7751: Terminated
srun: error: frontier08349: tasks 14320,14322-14327: Terminated
srun: error: frontier02524: task 4372: Terminated
srun: error: frontier03095: tasks 5440,5442-5447: Terminated
srun: error: frontier01176: task 2071: Terminated
srun: error: frontier06623: tasks 11384-11386,11388-11391: Terminated
srun: error: frontier04825: tasks 8377-8383: Terminated
srun: error: frontier01283: task 2234: Terminated
srun: error: frontier06937: task 11919: Terminated
srun: error: frontier07575: tasks 12984-12989,12991: Terminated
srun: error: frontier07968: tasks 13688-13691,13693-13695: Terminated
srun: error: frontier05717: tasks 9880-9885,9887: Terminated
srun: error: frontier00947: tasks 1632,1634-1639: Terminated
srun: error: frontier04924: tasks 8544-8550: Terminated
srun: error: frontier08471: tasks 14488-14489,14491-14495: Terminated
srun: error: frontier08263: task 14218: Terminated
srun: error: frontier06693: tasks 11480,11482-11487: Terminated
srun: error: frontier06310: tasks 10848-10851,10853-10855: Terminated
srun: error: frontier00560: tasks 1000-1005,1007: Terminated
srun: error: frontier01178: tasks 2072-2078: Terminated
srun: error: frontier06195: tasks 10680-10683,10685-10687: Terminated
srun: error: frontier07052: task 12083: Terminated
srun: error: frontier03553: tasks 6240-6244,6246-6247: Terminated
srun: error: frontier01049: tasks 1800-1802,1804-1807: Terminated
srun: error: frontier02961: task 5173: Terminated
srun: error: frontier01384: tasks 2432-2437,2439: Terminated
srun: error: frontier05416: tasks 9344-9350: Terminated
srun: error: frontier05674: task 9779: Terminated
srun: error: frontier02226: tasks 3936,3938-3943: Terminated
srun: error: frontier02783: tasks 4904-4906,4908-4911: Terminated
srun: error: frontier04047: tasks 7040-7041,7043-7047: Terminated
srun: error: frontier07140: tasks 12280-12285,12287: Terminated
srun: error: frontier02703: tasks 4736-4741,4743: Terminated
srun: error: frontier00422: task 734: Terminated
srun: error: frontier08915: tasks 15288-15293,15295: Terminated
srun: error: frontier03038: task 5342: Terminated
srun: error: frontier01501: tasks 2600-2602,2604-2607: Terminated
srun: error: frontier09392: tasks 16088-16092,16094-16095: Terminated
srun: error: frontier04294: task 7478: Terminated
srun: error: frontier01756: task 3036: Terminated
srun: error: frontier00165: tasks 297-303: Terminated
srun: error: frontier07379: task 12715: Terminated
srun: error: frontier07598: tasks 13080-13084,13086-13087: Terminated
srun: error: frontier00577: tasks 1096-1097,1099-1103: Terminated
srun: error: frontier07990: tasks 13784-13786,13788-13791: Terminated
srun: error: frontier03417: task 5974: Terminated
srun: error: frontier06787: tasks 11648-11649,11651-11655: Terminated
srun: error: frontier01942: tasks 3400-3404,3406-3407: Terminated
srun: error: frontier05013: tasks 8640-8645,8647: Terminated
srun: error: frontier01633: task 2870: Terminated
srun: error: frontier03625: tasks 6336-6337,6339-6343: Terminated
srun: error: frontier08754: task 15023: Terminated
srun: error: frontier06158: task 10582: Terminated
srun: error: frontier00829: task 1534: Terminated
srun: error: frontier03477: task 6142: Terminated
srun: error: frontier04512: tasks 7840-7841,7843-7847: Terminated
srun: error: frontier04762: task 8273: Terminated
srun: error: frontier08884: task 15191: Terminated
srun: error: frontier07239: tasks 12448-12449,12451-12455: Terminated
srun: error: frontier02410: tasks 4200-4205,4207: Terminated
srun: error: frontier03256: tasks 5704-5706,5708-5711: Terminated
srun: error: frontier08498: tasks 14584-14587,14589-14591: Terminated
srun: error: frontier07479: task 12883: Terminated
srun: error: frontier09361: task 15989: Terminated
srun: error: frontier10168: tasks 16352-16358: Terminated
srun: error: frontier10126: tasks 16184-16186,16188-16191: Terminated
srun: error: frontier03158: tasks 5536-5538,5540-5543: Terminated
srun: error: frontier09097: tasks 15552-15553,15555-15559: Terminated
srun: error: frontier05900: tasks 10144-10148,10150-10151: Terminated
srun: error: frontier03876: task 6773: Terminated
srun: error: frontier06622: task 11380: Terminated
srun: error: frontier04180: tasks 7304-7309,7311: Terminated
srun: error: frontier02842: tasks 5000-5006: Terminated
srun: error: frontier04107: tasks 7136-7142: Terminated
srun: error: frontier06346: tasks 10944-10945,10947-10951: Terminated
srun: error: frontier03726: tasks 6504-6508,6510-6511: Terminated
srun: error: frontier05455: tasks 9440-9445,9447: Terminated
srun: error: frontier08997: tasks 15384-15390: Terminated
srun: error: frontier01545: tasks 2696-2699,2701-2703: Terminated
srun: error: frontier06822: tasks 11744-11745,11747-11751: Terminated
srun: error: frontier07707: tasks 13248-13251,13253-13255: Terminated
srun: error: frontier00302: tasks 560-566: Terminated
srun: error: frontier09242: task 15821: Terminated
srun: error: frontier07307: tasks 12544-12546,12548-12551: Terminated
srun: error: frontier04658: tasks 8104-8110: Terminated
srun: error: frontier00682: tasks 1192,1194-1199: Terminated
srun: error: frontier01345: task 2335: Terminated
srun: error: frontier03299: tasks 5800-5804,5806-5807: Terminated
srun: error: frontier05560: tasks 9608-9610,9612-9615: Terminated
srun: error: frontier00021: task 29: Terminated
srun: error: frontier02650: task 4633: Terminated
srun: error: frontier05935: tasks 10240-10241,10243-10247: Terminated
srun: error: frontier05336: task 9243: Terminated
srun: error: frontier00191: tasks 392-397,399: Terminated
srun: error: frontier01074: tasks 1896-1897,1899-1903: Terminated
srun: error: frontier05272: task 9078: Terminated
srun: error: frontier00796: tasks 1360-1361,1363-1367: Terminated
srun: error: frontier08652: tasks 14848-14854: Terminated
srun: error: frontier03784: tasks 6600-6602,6604-6607: Terminated
srun: error: frontier06499: tasks 11208-11214: Terminated
srun: error: frontier07967: task 13684: Terminated
srun: error: frontier08209: tasks 14048-14052,14054-14055: Terminated
srun: error: frontier05151: tasks 8904-8909,8911: Terminated
srun: error: frontier02017: tasks 3496-3499,3501-3503: Terminated
srun: error: frontier02454: tasks 4296,4298-4303: Terminated
srun: error: frontier00080: task 196: Terminated
srun: error: frontier08470: task 14487: Terminated
srun: error: frontier01246: tasks 2160-2165,2167: Terminated
srun: error: frontier02544: tasks 4464-4467,4469-4471: Terminated
srun: error: frontier00447: task 827: Terminated
srun: error: frontier04442: task 7740: Terminated
srun: error: frontier06971: tasks 12008-12013,12015: Terminated
srun: error: frontier05635: tasks 9704-9707,9709-9711: Terminated
srun: error: frontier09133: tasks 15648-15651,15653-15655: Terminated
srun: error: frontier03093: task 5439: Terminated
srun: error: frontier06049: tasks 10408,10410-10415: Terminated
srun: error: frontier02092: tasks 3664,3666-3671: Terminated
srun: error: frontier06424: tasks 11040-11041,11043-11047: Terminated
srun: error: frontier02906: tasks 5096-5097,5099-5103: Terminated
srun: error: frontier06190: task 10676: Terminated
srun: error: frontier04252: tasks 7400,7402-7407: Terminated
srun: error: frontier07756: tasks 13344-13347,13349-13351: Terminated
srun: error: frontier00320: tasks 656-662: Terminated
srun: error: frontier01891: task 3300: Terminated
srun: error: frontier05716: task 9874: Terminated
srun: error: frontier07876: tasks 13512-13518: Terminated
srun: error: frontier07084: task 12183: Terminated
srun: error: frontier05803: task 10046: Terminated
srun: error: frontier01802: task 3133: Terminated
srun: error: frontier00559: task 995: Terminated
srun: error: frontier07462: tasks 12808-12810,12812-12815: Terminated
srun: error: frontier09179: tasks 15744-15748,15750-15751: Terminated
srun: error: frontier00818: tasks 1456,1458-1463: Terminated
srun: error: frontier02150: tasks 3760-3765,3767: Terminated
srun: error: frontier03552: task 6235: Terminated
srun: error: frontier08239: tasks 14144-14149,14151: Terminated
srun: error: frontier03011: tasks 5264-5265,5267-5271: Terminated
srun: error: frontier04363: tasks 7568-7572,7574-7575: Terminated
srun: error: frontier04824: tasks 8368-8373,8375: Terminated
srun: error: frontier04740: tasks 8201-8207: Terminated
srun: error: frontier06592: tasks 11304-11309,11311: Terminated
srun: error: frontier05187: tasks 9000-9001,9003-9007: Terminated
srun: error: frontier06093: tasks 10504-10511: Terminated
srun: error: frontier08348: tasks 14312-14317,14319: Terminated
srun: error: frontier07574: task 12978: Terminated
srun: error: frontier08913: task 15284: Terminated
srun: error: frontier00941: tasks 1624-1625,1627-1631: Terminated
srun: error: frontier03928: tasks 6864-6868,6870-6871: Terminated
srun: error: frontier02585: tasks 4560-4562,4564-4567: Terminated
srun: error: frontier06687: task 11474: Terminated
srun: error: frontier07066: tasks 12104-12107,12109-12111: Terminated
srun: error: frontier06308: task 10843: Terminated
srun: error: frontier03984: task 6939: Terminated
srun: error: frontier01048: task 1796: Terminated
srun: error: frontier08736: tasks 14944-14948,14950-14951: Terminated
srun: error: frontier01382: tasks 2424-2430: Terminated
srun: error: frontier09278: tasks 15912-15918: Terminated
srun: error: frontier01293: tasks 2256-2260,2262-2263: Terminated
srun: error: frontier03466: tasks 6064-6070: Terminated
srun: error: frontier08850: tasks 15112-15113,15115-15119: Terminated
srun: error: frontier00064: tasks 120-126: Terminated
srun: error: frontier05677: tasks 9800-9806: Terminated
srun: error: frontier03041: tasks 5360-5361,5363-5367: Terminated
srun: error: frontier09391: task 16087: Terminated
srun: error: frontier04920: task 8537: Terminated
srun: error: frontier05301: tasks 9168-9174: Terminated
srun: error: frontier02702: task 4733: Terminated
srun: error: frontier07987: task 13783: Terminated
srun: error: frontier02217: task 3932: Terminated
srun: error: frontier04043: task 7038: Terminated
srun: error: frontier00544: tasks 920-923,925-927: Terminated
srun: error: frontier08888: tasks 15208-15210,15212-15215: Terminated
srun: error: frontier07139: tasks 12272-12276,12278-12279: Terminated
srun: error: frontier01848: tasks 3224,3226-3231: Terminated
srun: error: frontier07956: tasks 13608-13610,13612-13615: Terminated
srun: error: frontier02332: task 4100: Terminated
srun: error: frontier07594: tasks 13072-13076,13078-13079: Terminated
srun: error: frontier06233: tasks 10768-10773,10775: Terminated
srun: error: frontier04904: tasks 8464-8470: Terminated
srun: error: frontier04404: tasks 7664-7666,7668-7671: Terminated
srun: error: frontier09371: tasks 16008-16012,16014-16015: Terminated
srun: error: frontier08375: tasks 14408-14412,14414-14415: Terminated
srun: error: frontier03509: tasks 6160-6161,6163-6167: Terminated
srun: error: frontier00960: tasks 1720-1724,1726-1727: Terminated
srun: error: frontier05415: task 9338: Terminated
srun: error: frontier02782: task 4899: Terminated
srun: error: frontier07496: tasks 12904-12907,12909-12911: Terminated
srun: error: frontier07972: tasks 13704-13709,13711: Terminated
srun: error: frontier05787: tasks 9968-9972,9974-9975: Terminated
srun: error: frontier02196: tasks 3856-3858,3860-3863: Terminated
srun: error: frontier03987: tasks 6960-6965,6967: Terminated
srun: error: frontier08116: task 13949: Terminated
srun: error: frontier01690: tasks 2960-2965,2967: Terminated
srun: error: frontier06721: tasks 11568-11571,11573-11575: Terminated
srun: error: frontier02306: tasks 4024-4030: Terminated
srun: error: frontier00164: task 291: Terminated
srun: error: frontier05339: tasks 9264-9266,9268-9271: Terminated
srun: error: frontier02760: tasks 4824-4825,4827-4831: Terminated
srun: error: frontier07233: task 12446: Terminated
srun: error: frontier03609: tasks 6328-6334: Terminated
srun: error: frontier01495: task 2597: Terminated
srun: error: frontier04104: tasks 7128,7130-7135: Terminated
srun: error: frontier04509: task 7839: Terminated
srun: error: frontier01759: tasks 3056-3059,3061-3063: Terminated
srun: error: frontier05808: tasks 10064,10066-10071: Terminated
srun: error: frontier01465: tasks 2520-2522,2524-2527: Terminated
srun: error: frontier04485: tasks 7760-7763,7765-7767: Terminated
srun: error: frontier00083: tasks 216-218,220-223: Terminated
srun: error: frontier08585: tasks 14672-14676,14678-14679: Terminated
srun: error: frontier06750: task 11643: Terminated
srun: error: frontier00183: tasks 384-386,388-391: Terminated
srun: error: frontier00576: task 1094: Terminated
srun: error: frontier04623: task 8003: Terminated
srun: error: frontier08496: task 14582: Terminated
srun: error: frontier00562: tasks 1016-1021,1023: Terminated
srun: error: frontier04563: tasks 7928-7929,7931-7935: Terminated
srun: error: frontier08478: tasks 14504-14510: Terminated
srun: error: frontier08099: tasks 13872-13877,13879: Terminated
srun: error: frontier06341: task 10943: Terminated
srun: error: frontier03152: task 5530: Terminated
srun: error: frontier04950: tasks 8560-8562,8564-8567: Terminated
srun: error: frontier00679: tasks 1184-1185,1187-1191: Terminated
srun: error: frontier02351: tasks 4120,4122-4127: Terminated
srun: error: frontier05045: tasks 8728-8733,8735: Terminated
srun: error: frontier08613: task 14747: Terminated
srun: error: frontier03218: tasks 5624-5626,5628-5631: Terminated
srun: error: frontier09444: task 16178: Terminated
srun: error: frontier01088: tasks 1984-1986,1988-1991: Terminated
srun: error: frontier09096: task 15550: Terminated
srun: error: frontier05085: task 8806: Terminated
srun: error: frontier01894: tasks 3320-3322,3324-3327: Terminated
srun: error: frontier07214: tasks 12368-12372,12374-12375: Terminated
srun: error: frontier02408: task 4198: Terminated
srun: error: frontier08996: task 15380: Terminated
srun: error: frontier01941: task 3397: Terminated
srun: error: frontier06869: tasks 11832-11836,11838-11839: Terminated
srun: error: frontier01052: tasks 1816-1821,1823: Terminated
srun: error: frontier01067: task 1894: Terminated
srun: error: frontier01505: tasks 2616-2621,2623: Terminated
srun: error: frontier06793: tasks 11664-11668,11670-11671: Terminated
srun: error: frontier05010: task 8637: Terminated
srun: error: frontier07253: tasks 12464-12467,12469-12471: Terminated
srun: error: frontier02904: tasks 5088-5089,5091-5095: Terminated
srun: error: frontier03724: task 6499: Terminated
srun: error: frontier06421: tasks 11032-11037,11039: Terminated
srun: error: frontier07689: tasks 13168-13171,13173-13175: Terminated
srun: error: frontier10167: task 16347: Terminated
srun: error: frontier03666: tasks 6424,6426-6431: Terminated
srun: error: frontier09013: tasks 15472-15477,15479: Terminated
srun: error: frontier04628: tasks 8024-8025,8027-8031: Terminated
srun: error: frontier07706: task 13245: Terminated
srun: error: frontier01175: task 2058: Terminated
srun: error: frontier07343: tasks 12632-12634,12636-12639: Terminated
srun: error: frontier09099: tasks 15568-15572,15574-15575: Terminated
srun: error: frontier05980: tasks 10328-10331,10333-10335: Terminated
srun: error: frontier02817: tasks 4920-4926: Terminated
srun: error: frontier01595: tasks 2784-2786,2788-2791: Terminated
srun: error: frontier04179: task 7302: Terminated
srun: error: frontier10150: tasks 16272-16276,16278-16279: Terminated
srun: error: frontier02062: tasks 3584-3589,3591: Terminated
srun: error: frontier05527: tasks 9528-9533,9535: Terminated
srun: error: frontier00702: tasks 1280-1283,1285-1287: Terminated
srun: error: frontier04151: tasks 7224-7225,7227-7231: Terminated
srun: error: frontier07847: tasks 13432-13433,13435-13439: Terminated
srun: error: frontier06463: tasks 11128-11130,11132-11135: Terminated
srun: error: frontier08124: tasks 13968-13974: Terminated
srun: error: frontier05090: tasks 8824-8827,8829-8831: Terminated
srun: error: frontier08621: tasks 14768-14773,14775: Terminated
srun: error: frontier06820: task 11743: Terminated
srun: error: frontier05186: tasks 8992-8995,8997-8999: Terminated
srun: error: frontier05453: task 9435: Terminated
srun: error: frontier03849: tasks 6688-6689,6691-6695: Terminated
srun: error: frontier05895: task 10138: Terminated
srun: error: frontier10172: tasks 16368-16370,16372-16375: Terminated
srun: error: frontier02526: tasks 4384-4387,4389-4391: Terminated
srun: error: frontier08208: task 14047: Terminated
srun: error: frontier05558: task 9603: Terminated
srun: error: frontier01632: task 2860: Terminated
srun: error: frontier08279: tasks 14232-14238: Terminated
srun: error: frontier08734: tasks 14936-14937,14939-14943: Terminated
srun: error: frontier02841: task 4994: Terminated
srun: error: frontier00301: task 558: Terminated
srun: error: frontier06950: tasks 11928-11930,11932-11935: Terminated
srun: error: frontier09178: tasks 15736-15742: Terminated
srun: error: frontier03348: tasks 5888-5894: Terminated
srun: error: frontier00284: tasks 480-485,487: Terminated
srun: error: frontier03255: task 5703: Terminated
srun: error: frontier03272: tasks 5720-5721,5723-5727: Terminated
srun: error: frontier05929: task 10235: Terminated
srun: error: frontier01179: tasks 2080,2082-2087: Terminated
srun: error: frontier01642: tasks 2880-2882,2884-2887: Terminated
srun: error: frontier06316: tasks 10864-10869,10871: Terminated
srun: error: frontier00305: tasks 576-577,579-583: Terminated
srun: error: frontier02966: tasks 5184-5187,5189-5191: Terminated
srun: error: frontier00424: tasks 744-750: Terminated
srun: error: frontier04303: tasks 7488,7490-7495: Terminated
srun: error: frontier01758: tasks 3048-3053,3055: Terminated
srun: error: frontier04765: tasks 8288,8290-8295: Terminated
srun: error: frontier02016: task 3490: Terminated
srun: error: frontier07306: task 12541: Terminated
srun: error: frontier07743: task 13340: Terminated
srun: error: frontier01539: task 2694: Terminated
srun: error: frontier03728: tasks 6520,6522-6527: Terminated
srun: error: frontier08638: task 14845: Terminated
srun: error: frontier06048: task 10401: Terminated
srun: error: frontier03420: tasks 5984-5990: Terminated
srun: error: frontier00795: task 1354: Terminated
srun: error: frontier02079: task 3660: Terminated
srun: error: frontier02123: tasks 3680-3682,3684-3687: Terminated
srun: error: frontier00831: tasks 1545-1551: Terminated
srun: error: frontier03298: task 5794: Terminated
srun: error: frontier05676: tasks 9792-9795,9797-9799: Terminated
srun: error: frontier06624: tasks 11392-11397,11399: Terminated
srun: error: frontier09132: task 15641: Terminated
srun: error: frontier06052: tasks 10424-10426,10428-10431: Terminated
srun: error: frontier06498: task 11206: Terminated
srun: error: frontier03891: tasks 6784-6790: Terminated
srun: error: frontier07971: tasks 13696-13702: Terminated
srun: error: frontier05578: tasks 9624-9625,9627-9631: Terminated
srun: error: frontier03783: task 6594: Terminated
srun: error: frontier04653: task 8102: Terminated
srun: error: frontier06536: tasks 11224-11230: Terminated
srun: error: frontier06165: tasks 10592,10594-10599: Terminated
srun: error: frontier01356: tasks 2344-2348,2350-2351: Terminated
srun: error: frontier07376: task 12711: Terminated
srun: error: frontier07436: tasks 12728-12732,12734-12735: Terminated
srun: error: frontier00027: tasks 40-44,46-47: Terminated
srun: error: frontier08759: tasks 15032-15034,15036-15039: Terminated
srun: error: frontier04367: tasks 7584-7588,7590-7591: Terminated
srun: error: frontier08477: tasks 14496-14502: Terminated
srun: error: frontier02562: tasks 4480,4482-4487: Terminated
srun: error: frontier02194: tasks 3848-3853,3855: Terminated
srun: error: frontier07884: tasks 13528-13533,13535: Terminated
srun: error: frontier05718: tasks 9888-9892,9894-9895: Terminated
srun: error: frontier01813: tasks 3144-3150: Terminated
srun: error: frontier01243: task 2152: Terminated
srun: error: frontier03019: tasks 5280-5285,5287: Terminated
srun: error: frontier02656: tasks 4648-4653,4655: Terminated
srun: error: frontier09250: tasks 15832-15834,15836-15839: Terminated
srun: error: frontier05275: tasks 9088-9090,9092-9095: Terminated
srun: error: frontier04445: tasks 7752-7757,7759: Terminated
srun: error: frontier03096: tasks 5448-5449,5451-5455: Terminated
srun: error: frontier05600: task 9701: Terminated
srun: error: frontier02450: task 4292: Terminated
srun: error: frontier04251: task 7399: Terminated
srun: error: frontier06970: task 12004: Terminated
srun: error: frontier04826: tasks 8384-8386,8388-8391: Terminated
srun: error: frontier05150: task 8898: Terminated
srun: error: frontier07875: task 13510: Terminated
srun: error: frontier04947: tasks 8552-8556,8558-8559: Terminated
srun: error: frontier00950: tasks 1640-1644,1646-1647: Terminated
srun: error: frontier03589: tasks 6248-6250,6252-6255: Terminated
srun: error: frontier02250: tasks 3944-3946,3948-3951: Terminated
srun: error: frontier06698: tasks 11488-11490,11492-11495: Terminated
srun: error: frontier08350: tasks 14328-14329,14331-14335: Terminated
srun: error: frontier08238: task 14140: Terminated
srun: error: frontier01051: tasks 1808-1814: Terminated
srun: error: frontier03001: task 5256: Terminated
srun: error: frontier07089: tasks 12192-12197,12199: Terminated
srun: error: frontier06199: tasks 10688-10691,10693-10695: Terminated
srun: error: frontier04050: tasks 7048,7050-7055: Terminated
srun: error: frontier01689: task 2956: Terminated
srun: error: frontier03867: task 6764: Terminated
srun: error: frontier04360: task 7567: Terminated
srun: error: frontier01385: tasks 2440-2443,2445-2447: Terminated
srun: error: frontier00449: tasks 840-845,847: Terminated
srun: error: frontier07576: tasks 12992-12993,12995-12999: Terminated
srun: error: frontier02708: tasks 4744-4748,4750-4751: Terminated
srun: error: frontier08854: tasks 15128-15134: Terminated
srun: error: frontier05789: tasks 9984-9987,9989-9991: Terminated
srun: error: frontier07455: task 12805: Terminated
srun: error: frontier08508: tasks 14592-14595,14597-14599: Terminated
srun: error: frontier00167: tasks 304-305,307-311: Terminated
srun: error: frontier08916: tasks 15296-15297,15299-15303: Terminated
srun: error: frontier05901: tasks 10152-10158: Terminated
srun: error: frontier08347: task 14310: Terminated
srun: error: frontier07998: tasks 13792-13794,13796-13799: Terminated
srun: error: frontier03160: tasks 5544-5545,5547-5551: Terminated
srun: error: frontier01295: task 2264: Aborted (core dumped)
srun: error: frontier05303: tasks 9184,9186-9191: Terminated
srun: error: frontier04514: tasks 7848-7852,7854-7855: Terminated
srun: error: frontier09284: tasks 15928-15932,15934-15935: Terminated
srun: error: frontier00442: task 819: Terminated
srun: error: frontier01874: tasks 3240-3241,3243-3247: Terminated
srun: error: frontier07141: tasks 12288-12291,12293-12295: Terminated
srun: error: frontier09394: tasks 16096-16101,16103: Terminated
srun: error: frontier07599: tasks 13088-13089,13091-13095: Terminated
srun: error: frontier05417: tasks 9352-9356,9358-9359: Terminated
srun: error: frontier00578: tasks 1104-1108,1110-1111: Terminated
srun: error: frontier04823: task 8366: Terminated
srun: error: frontier01504: tasks 2608-2613,2615: Terminated
srun: error: frontier01944: tasks 3408-3412,3414-3415: Terminated
srun: error: frontier05014: tasks 8648-8652,8654-8655: Terminated
srun: error: frontier00816: task 1455: Terminated
srun: error: frontier03644: tasks 6345-6351: Terminated
srun: error: frontier03465: task 6059: Terminated
srun: error: frontier06350: tasks 10952-10958: Terminated
srun: error: frontier02148: task 3758: Terminated
srun: error: frontier01075: tasks 1904-1908,1910-1911: Terminated
srun: error: frontier04737: task 8195: Terminated
srun: error: frontier00319: task 650: Terminated
srun: error: frontier06575: task 11303: Terminated
srun: error: frontier03727: tasks 6512-6514,6516-6519: Terminated
srun: error: frontier08842: task 15111: Terminated
srun: error: frontier06825: tasks 11752-11757,11759: Terminated
srun: error: frontier10127: tasks 16192-16194,16196-16199: Terminated
srun: error: frontier04110: tasks 7144-7150: Terminated
srun: error: frontier09277: task 15906: Terminated
srun: error: frontier05456: tasks 9448-9452,9454-9455: Terminated
srun: error: frontier07717: tasks 13256-13257,13259-13263: Terminated
srun: error: frontier07240: tasks 12456-12459,12461-12463: Terminated
srun: error: frontier06090: task 10498: Terminated
srun: error: frontier02318: tasks 4040-4045,4047: Terminated
srun: error: frontier04181: tasks 7312-7315,7317-7319: Terminated
srun: error: frontier00192: tasks 400-402,404-407: Terminated
srun: error: frontier01547: tasks 2704-2710: Terminated
srun: error: frontier07316: tasks 12552-12556,12558-12559: Terminated
srun: error: frontier04566: tasks 7944-7945,7947-7951: Terminated
srun: error: frontier01290: task 2250: Terminated
srun: error: frontier10170: tasks 16360-16365,16367: Terminated
srun: error: frontier08998: tasks 15392-15396,15398-15399: Terminated
srun: error: frontier03927: task 6861: Terminated
srun: error: frontier06189: task 10664: Terminated
srun: error: frontier02583: task 4556: Terminated
srun: error: frontier00304: tasks 568-574: Terminated
srun: error: frontier02411: tasks 4208-4214: Terminated
srun: error: frontier07065: task 12102: Terminated
srun: error: frontier02018: tasks 3504-3510: Terminated
srun: error: frontier00685: tasks 1200-1204,1206-1207: Terminated
srun: error: frontier08106: tasks 13888-13891,13893-13895: Terminated
srun: error: frontier06425: tasks 11048-11054: Terminated
srun: error: frontier07946: task 13603: Terminated
srun: error: frontier03311: tasks 5808-5812,5814-5815: Terminated
srun: error: frontier01381: task 2422: Terminated
srun: error: frontier00798: tasks 1368-1373,1375: Terminated
srun: error: frontier04686: tasks 8112,8114-8119: Terminated
srun: error: frontier08213: tasks 14056-14060,14062-14063: Terminated
srun: error: frontier02851: tasks 5008-5010,5012-5015: Terminated
srun: error: frontier05296: task 9162: Terminated
srun: error: frontier01096: tasks 2000-2005,2007: Terminated
srun: error: frontier05156: tasks 8912-8918: Terminated
srun: error: frontier03787: tasks 6608-6611,6613-6615: Terminated
srun: error: frontier07138: task 12270: Terminated
srun: error: frontier07757: tasks 13352-13353,13355-13359: Terminated
srun: error: frontier05780: task 9965: Terminated
srun: error: frontier06535: tasks 11216-11218,11220-11223: Terminated
srun: error: frontier06878: tasks 11848-11849,11851-11855: Terminated
srun: error: frontier03040: task 5355: Terminated
srun: error: frontier02561: tasks 4472-4478: Terminated
srun: error: frontier01250: tasks 2168-2169,2171-2175: Terminated
srun: error: frontier08653: tasks 14856,14858-14863: Terminated
srun: error: frontier00054: task 114: Terminated
srun: error: frontier05936: tasks 10248-10249,10251-10255: Terminated
srun: error: frontier05637: tasks 9712-9715,9717-9719: Terminated
srun: error: frontier04253: tasks 7408-7412,7414-7415: Terminated
srun: error: frontier08240: tasks 14152-14156,14158-14159: Terminated
srun: error: frontier06050: tasks 10416-10421,10423: Terminated
srun: error: frontier02701: task 4721: Terminated
srun: error: frontier09136: tasks 15656-15662: Terminated
srun: error: frontier08373: task 14405: Terminated
srun: error: frontier00396: tasks 664-670: Terminated
srun: error: frontier02455: tasks 4304-4309,4311: Terminated
srun: error: frontier01700: tasks 2968-2969,2971-2975: Terminated
srun: error: frontier00543: task 917: Terminated
srun: error: frontier06094: tasks 10512-10514,10516-10519: Terminated
srun: error: frontier04389: task 7662: Terminated
srun: error: frontier07495: task 12901: Terminated
srun: error: frontier04903: task 8460: Terminated
srun: error: frontier00939: task 1619: Terminated
srun: error: frontier08852: tasks 15120-15121,15123-15127: Terminated
srun: error: frontier03013: tasks 5272-5278: Terminated
srun: error: frontier06232: task 10767: Terminated
srun: error: frontier06986: tasks 12016,12018-12023: Terminated
srun: error: frontier00819: tasks 1465-1471: Terminated
srun: error: frontier08886: task 15207: Terminated
srun: error: frontier03857: tasks 6704-6705,6707-6711: Terminated
srun: error: frontier01847: task 3222: Terminated
srun: error: frontier09226: tasks 15752-15754,15756-15759: Terminated
srun: error: frontier02907: tasks 5104-5105,5107-5111: Terminated
srun: error: frontier06595: tasks 11312-11315,11317-11319: Terminated
srun: error: frontier08737: tasks 14952-14954,14956-14959: Terminated
srun: error: frontier09366: task 16004: Terminated
srun: error: frontier03929: tasks 6872-6873,6875-6879: Terminated
srun: error: frontier02605: tasks 4568-4571,4573-4575: Terminated
srun: error: frontier03608: task 6322: Terminated
srun: error: frontier05302: tasks 9176-9178,9180-9183: Terminated
srun: error: frontier09280: tasks 15920-15921,15923-15927: Terminated
srun: error: frontier07957: tasks 13616-13618,13620-13623: Terminated
srun: error: frontier03358: tasks 5904-5905,5907-5911: Terminated
srun: error: frontier05684: tasks 9808-9811,9813-9815: Terminated
srun: error: frontier03501: task 6153: Terminated
srun: error: frontier05202: tasks 9008-9013,9015: Terminated
srun: error: frontier00065: tasks 128-131,133-135: Terminated
srun: error: frontier05338: task 9260: Terminated
srun: error: frontier07593: task 13070: Terminated
srun: error: frontier07463: tasks 12816-12819,12821-12823: Terminated
srun: error: frontier08994: task 15368: Terminated
srun: error: frontier04741: tasks 8208-8209,8211-8215: Terminated
srun: error: frontier05788: tasks 9976-9982: Terminated
srun: error: frontier00428: tasks 760-763,765-767: Terminated
srun: error: frontier03469: tasks 6072-6073,6075-6079: Terminated
srun: error: frontier07068: tasks 12112-12117,12119: Terminated
srun: error: frontier01870: tasks 3232,3234-3239: Terminated
srun: error: frontier07501: tasks 12912-12915,12917-12919: Terminated
srun: error: frontier01760: tasks 3064-3067,3069-3071: Terminated
srun: error: frontier02748: task 4823: Terminated
srun: error: frontier06234: tasks 10776-10778,10780-10783: Terminated
srun: error: frontier06715: task 11563: Terminated
srun: error: frontier04906: tasks 8472-8477,8479: Terminated
srun: error: frontier00545: tasks 928-932,934-935: Terminated
srun: error: frontier08098: task 13867: Terminated
srun: error: frontier00082: task 209: Terminated
srun: error: frontier04102: task 7125: Terminated
srun: error: frontier08376: tasks 14416,14418-14423: Terminated
srun: error: frontier03510: tasks 6168-6174: Terminated
srun: error: frontier06627: tasks 11408-11413,11415: Terminated
srun: error: frontier05806: task 10057: Terminated
srun: error: frontier03075: tasks 5368-5371,5373-5375: Terminated
srun: error: frontier02286: task 4021: Terminated
srun: error: frontier00959: task 1714: Terminated
srun: error: frontier02307: tasks 4032-4037,4039: Terminated
srun: error: frontier08537: task 14668: Terminated
srun: error: frontier07355: tasks 12648-12652,12654-12655: Terminated
srun: error: frontier06176: tasks 10608-10610,10612-10615: Terminated
srun: error: frontier03989: tasks 6968-6970,6972-6975: Terminated
srun: error: frontier02660: tasks 4664-4665,4667-4671: Terminated
srun: error: frontier03986: task 6955: Terminated
srun: error: frontier05451: task 9431: Terminated
srun: error: frontier04405: tasks 7672-7673,7675-7679: Terminated
srun: error: frontier08480: tasks 14512,14514-14519: Terminated
srun: error: frontier00961: tasks 1729-1735: Terminated
srun: error: frontier02764: tasks 4832-4836,4838-4839: Terminated
srun: error: frontier08889: tasks 15216-15221,15223: Terminated
srun: error: frontier01466: tasks 2528-2529,2531-2535: Terminated
srun: error: frontier02197: tasks 3864,3866-3871: Terminated
srun: error: frontier05809: tasks 10072-10075,10077-10079: Terminated
srun: error: frontier08100: tasks 13880-13885,13887: Terminated
srun: error: frontier04492: tasks 7768-7771,7773-7775: Terminated
srun: error: frontier00561: task 1014: Terminated
srun: error: frontier02152: tasks 3768-3773,3775: Terminated
srun: error: frontier01435: task 2519: Terminated
srun: error: frontier09372: tasks 16016-16022: Terminated
srun: error: frontier05382: tasks 9272-9273,9275-9279: Terminated
srun: error: frontier06312: task 10863: Terminated
srun: error: frontier01893: task 3319: Terminated
srun: error: frontier06317: tasks 10872-10874,10876-10879: Terminated
srun: error: frontier00129: tasks 224-226,228-231: Terminated
srun: error: frontier05926: task 10226: Terminated
srun: error: frontier07977: tasks 13712-13716,13718-13719: Terminated
srun: error: frontier07213: task 12367: Terminated
srun: error: frontier04561: task 7920: Terminated
srun: error: frontier03219: tasks 5632-5637,5639: Terminated
srun: error: frontier03216: task 5620: Terminated
srun: error: frontier01895: tasks 3328-3331,3333-3335: Terminated
srun: error: frontier06726: tasks 11576-11580,11582-11583: Terminated
srun: error: frontier00181: task 380: Terminated
srun: error: frontier08932: tasks 15312-15313,15315-15319: Terminated
srun: error: frontier03667: tasks 6432-6436,6438-6439: Terminated
srun: error: frontier05030: task 8722: Terminated
srun: error: frontier05046: tasks 8736-8741,8743: Terminated
srun: error: frontier04564: tasks 7936-7941,7943: Terminated
srun: error: frontier08587: tasks 14680-14685,14687: Terminated
srun: error: frontier06414: task 11027: Terminated
srun: error: frontier05422: tasks 9368-9373,9375: Terminated
srun: error: frontier07691: tasks 13176-13179,13181-13183: Terminated
srun: error: frontier10151: tasks 16280-16283,16285-16287: Terminated
srun: error: frontier01090: tasks 1992-1998: Terminated
srun: error: frontier02013: task 3487: Terminated
srun: error: frontier06874: tasks 11840-11842,11844-11847: Terminated
srun: error: frontier04952: tasks 8568-8569,8571-8575: Terminated
srun: error: frontier04152: tasks 7232-7233,7235-7239: Terminated
srun: error: frontier02818: tasks 4928-4933,4935: Terminated
srun: error: frontier05531: tasks 9536-9541,9543: Terminated
srun: error: frontier03118: tasks 5464-5465,5467-5471: Terminated
srun: error: frontier09012: task 15465: Terminated
srun: error: frontier07215: tasks 12376-12381,12383: Terminated
srun: error: frontier02395: tasks 4128-4129,4131-4135: Terminated
srun: error: frontier01596: tasks 2792-2798: Terminated
srun: error: frontier01087: task 1978: Terminated
srun: error: frontier06790: task 11660: Terminated
srun: error: frontier09436: task 16172: Terminated
srun: error: frontier07686: task 13163: Terminated
srun: error: frontier10149: task 16270: Terminated
srun: error: frontier02443: task 4285: Terminated
srun: error: frontier09018: tasks 15480-15486: Terminated
srun: error: frontier07354: tasks 12640-12643,12645-12647: Terminated
srun: error: frontier03279: tasks 5728,5730-5735: Terminated
srun: error: frontier05982: tasks 10336-10341,10343: Terminated
srun: error: frontier00678: task 1182: Terminated
srun: error: frontier02336: task 4113: Terminated
srun: error: frontier01054: tasks 1824-1827,1829-1831: Terminated
srun: error: frontier06867: task 11827: Terminated
srun: error: frontier03664: task 6423: Terminated
srun: error: frontier00704: tasks 1288-1293,1295: Terminated
srun: error: frontier00285: tasks 488-490,492-495: Terminated
srun: error: frontier02065: tasks 3592-3594,3596-3599: Terminated
srun: error: frontier06797: tasks 11672-11673,11675-11679: Terminated
srun: error: frontier02784: task 4914: Terminated
srun: error: frontier08125: tasks 13976-13980,13982-13983: Terminated
srun: error: frontier04629: tasks 8032-8033,8035-8039: Terminated
srun: error: frontier05525: task 9526: Terminated
srun: error: frontier03729: tasks 6528-6532,6534-6535: Terminated
srun: error: frontier01947: tasks 3424-3425,3427-3431: Terminated
srun: error: frontier02900: task 5087: Terminated
srun: error: frontier01566: task 2778: Terminated
srun: error: frontier01182: tasks 2088-2093,2095: Terminated
srun: error: frontier08120: task 13965: Terminated
srun: error: frontier01506: tasks 2624,2626-2631: Terminated
srun: error: frontier05091: tasks 8832-8837,8839: Terminated
srun: error: frontier02527: tasks 4392-4397,4399: Terminated
srun: error: frontier05580: tasks 9632-9638: Terminated
srun: error: frontier07255: tasks 12472-12473,12475-12479: Terminated
srun: error: frontier08622: tasks 14776-14782: Terminated
srun: error: frontier00563: tasks 1025-1031: Terminated
srun: error: frontier08237: task 14129: Terminated
srun: error: frontier09100: tasks 15576-15581,15583: Terminated
srun: error: frontier04226: tasks 7328-7333,7335: Terminated
srun: error: frontier03855: tasks 6696-6702: Terminated
srun: error: frontier07723: tasks 13272-13278: Terminated
srun: error: frontier06955: tasks 11936-11939,11941-11943: Terminated
srun: error: frontier07848: tasks 13440-13441,13443-13447: Terminated
srun: error: frontier04627: task 8019: Terminated
srun: error: frontier00281: task 473: Terminated
srun: error: frontier01645: tasks 2888-2889,2891-2895: Terminated
srun: error: frontier10173: tasks 16376-16381,16383: Terminated
srun: error: frontier00306: tasks 584-586,588-591: Terminated
srun: error: frontier04304: tasks 7496-7497,7499-7503: Terminated
srun: error: frontier04150: task 7218: Terminated
srun: error: frontier00425: tasks 752-755,757-759: Terminated
srun: error: frontier06053: tasks 10432-10435,10437-10439: Terminated
srun: error: frontier03271: task 5716: Terminated
srun: error: frontier04688: tasks 8128-8130,8132-8135: Terminated
srun: error: frontier08218: tasks 14072-14074,14076-14079: Terminated
srun: error: frontier00802: tasks 1385-1391: Terminated
srun: error: frontier04772: tasks 8296-8298,8300-8303: Terminated
srun: error: frontier02059: task 3578: Terminated
srun: error: frontier03421: tasks 5992-5993,5995-5999: Terminated
srun: error: frontier00701: task 1273: Terminated
srun: error: frontier08619: task 14763: Terminated
srun: error: frontier08329: tasks 14240-14244,14246-14247: Terminated
srun: error: frontier07340: task 12631: Terminated
srun: error: frontier06453: task 11121: Terminated
srun: error: frontier08732: task 14934: Terminated
srun: error: frontier06545: tasks 11232-11234,11236-11239: Terminated
srun: error: frontier02134: tasks 3688-3689,3691-3695: Terminated
srun: error: frontier04697: task 8191: Terminated
srun: error: frontier02967: tasks 5192-5197,5199: Terminated
srun: error: frontier00834: tasks 1552-1553,1555-1559: Terminated
srun: error: frontier05089: task 8819: Terminated
srun: error: frontier05976: task 10324: Terminated
srun: error: frontier01252: tasks 2184-2190: Terminated
srun: error: frontier03892: tasks 6792-6797,6799: Terminated
srun: error: frontier06174: tasks 10600-10606: Terminated
srun: error: frontier09098: task 15563: Terminated
srun: error: frontier07437: tasks 12736-12737,12739-12743: Terminated
srun: error: frontier01357: tasks 2352-2358: Terminated
srun: error: frontier05172: task 8990: Terminated
srun: error: frontier03028: tasks 5288-5290,5292-5295: Terminated
srun: error: frontier07846: task 13427: Terminated
srun: error: frontier08760: tasks 15040-15045,15047: Terminated
srun: error: frontier02657: tasks 4656-4659,4661-4663: Terminated
srun: error: frontier03347: task 5882: Terminated
srun: error: frontier07886: tasks 13536-13537,13539-13543: Terminated
srun: error: frontier09251: tasks 15840-15842,15844-15847: Terminated
srun: error: frontier04368: tasks 7592-7596,7598-7599: Terminated
srun: error: frontier01814: tasks 3152-3158: Terminated
srun: error: frontier06464: tasks 11136-11141,11143: Terminated
srun: error: frontier06995: tasks 12032,12034-12039: Terminated
srun: error: frontier06625: tasks 11400-11402,11404-11407: Terminated
srun: error: frontier03843: task 6682: Terminated
srun: error: frontier00451: tasks 848-851,853-855: Terminated
srun: error: frontier00029: tasks 48-52,54-55: Terminated
srun: error: frontier07469: tasks 12832-12835,12837-12839: Terminated
srun: error: frontier05577: task 9623: Terminated
srun: error: frontier06200: tasks 10696-10702: Terminated
srun: error: frontier03357: tasks 5896-5898,5900-5903: Terminated
srun: error: frontier04828: tasks 8392-8396,8398-8399: Terminated
srun: error: frontier05276: tasks 9096-9099,9101-9103: Terminated
srun: error: frontier09177: task 15730: Terminated
srun: error: frontier03100: tasks 5456-5462: Terminated
srun: error: frontier07094: tasks 12200-12201,12203-12207: Terminated
srun: error: frontier02266: tasks 3952-3957,3959: Terminated
srun: error: frontier01289: task 2243: Terminated
srun: error: frontier06939: task 11923: Terminated
srun: error: frontier02525: task 4383: Terminated
srun: error: frontier00951: tasks 1648,1650-1655: Terminated
srun: error: frontier03931: tasks 6888-6890,6892-6895: Terminated
srun: error: frontier08351: tasks 14336-14339,14341-14343: Terminated
srun: error: frontier02965: task 5180: Terminated
srun: error: frontier05675: task 9790: Terminated
srun: error: frontier03471: tasks 6088-6090,6092-6095: Terminated
srun: error: frontier01640: task 2874: Terminated
srun: error: frontier07577: tasks 13000-13001,13003-13007: Terminated
srun: error: frontier04053: tasks 7056-7062: Terminated
srun: error: frontier05419: tasks 9360-9363,9365-9367: Terminated
srun: error: frontier08858: tasks 15136-15137,15139-15143: Terminated
srun: error: frontier00068: tasks 144-150: Terminated
srun: error: frontier08931: tasks 15304-15309,15311: Terminated
srun: error: frontier08264: task 14228: Terminated
srun: error: frontier02709: tasks 4752-4755,4757-4759: Terminated
srun: error: frontier05790: tasks 9992-9997,9999: Terminated
srun: error: frontier03590: tasks 6256-6260,6262-6263: Terminated
srun: error: frontier00423: task 736: Terminated
srun: error: frontier06700: tasks 11496-11498,11500-11503: Terminated
srun: error: frontier00168: tasks 312-318: Terminated
srun: error: frontier07384: task 12722: Terminated
srun: error: frontier01386: tasks 2448-2450,2452-2455: Terminated
srun: error: frontier01757: task 3044: Terminated
srun: error: frontier05902: tasks 10160-10165,10167: Terminated
srun: error: frontier05308: tasks 9192-9198: Terminated
srun: error: frontier04520: tasks 7856-7859,7861-7863: Terminated
srun: error: frontier09286: tasks 15936-15941,15943: Terminated
srun: error: frontier01882: tasks 3248-3250,3252-3255: Terminated
srun: error: frontier00547: tasks 944-949,951: Terminated
srun: error: frontier09395: tasks 16104-16108,16110-16111: Terminated
srun: error: frontier07062: task 12095: Terminated
srun: error: frontier00662: tasks 1112-1113,1115-1119: Terminated
srun: error: frontier03419: task 5981: Terminated
srun: error: frontier02099: task 3677: Terminated
srun: error: frontier04302: task 7487: Terminated
srun: error: frontier07999: tasks 13800-13803,13805-13807: Terminated
srun: error: frontier08517: tasks 14600-14605,14607: Terminated
srun: error: frontier03645: tasks 6352-6354,6356-6359: Terminated
srun: error: frontier05016: tasks 8656-8662: Terminated
srun: error: frontier07171: tasks 12296-12299,12301-12303: Terminated
srun: error: frontier02319: tasks 4048-4051,4053-4055: Terminated
srun: error: frontier02192: task 3841: Terminated
srun: error: frontier04763: task 8284: Terminated
srun: error: frontier00830: task 1541: Terminated
srun: error: frontier01077: tasks 1912-1913,1915-1919: Terminated
srun: error: frontier09248: task 15827: Terminated
srun: error: frontier02564: tasks 4488-4490,4492-4495: Terminated
srun: error: frontier07600: tasks 13096-13102: Terminated
srun: error: frontier01945: tasks 3417-3423: Terminated
srun: error: frontier08755: task 15028: Terminated
srun: error: frontier06284: tasks 10792-10793,10795-10799: Terminated
srun: error: frontier06826: tasks 11760-11761,11763-11767: Terminated
srun: error: frontier08108: tasks 13896-13899,13901-13903: Terminated
srun: error: frontier07480: task 12893: Terminated
srun: error: frontier03889: task 6780: Terminated
srun: error: frontier03161: tasks 5552-5558: Terminated
srun: error: frontier06358: tasks 10960-10961,10963-10967: Terminated
srun: error: frontier01178: task 2079: Terminated
srun: error: frontier00193: tasks 408-414: Terminated
srun: error: frontier08999: tasks 15400-15404,15406-15407: Terminated
srun: error: frontier06162: task 10588: Terminated
srun: error: frontier05719: tasks 9896-9900,9902-9903: Terminated
srun: error: frontier02413: tasks 4216-4222: Terminated
srun: error: frontier04567: tasks 7952-7956,7958-7959: Terminated
srun: error: frontier01553: tasks 2712-2717,2719: Terminated
srun: error: frontier10129: tasks 16200-16206: Terminated
srun: error: frontier02655: task 4642: Terminated
srun: error: frontier05937: tasks 10256-10257,10259-10263: Terminated
srun: error: frontier00023: task 37: Terminated
srun: error: frontier07878: task 13526: Terminated
srun: error: frontier07319: tasks 12560-12561,12563-12567: Terminated
srun: error: frontier04687: tasks 8120-8122,8124-8127: Terminated
srun: error: frontier04114: tasks 7152-7156,7158-7159: Terminated
srun: error: frontier03489: task 6146: Terminated
srun: error: frontier03985: task 6947: Terminated
srun: error: frontier04182: tasks 7320-7321,7323-7327: Terminated
srun: error: frontier05273: task 9085: Terminated
srun: error: frontier00686: tasks 1208-1212,1214-1215: Terminated
srun: error: frontier01354: task 2339: Terminated
srun: error: frontier08217: tasks 14064-14067,14069-14071: Terminated
srun: error: frontier07088: task 12191: Terminated
srun: error: frontier06426: tasks 11056,11058-11063: Terminated
srun: error: frontier03334: tasks 5816,5818-5823: Terminated
srun: error: frontier04366: task 7578: Terminated
srun: error: frontier02774: tasks 4848-4850,4852-4855: Terminated
srun: error: frontier05058: tasks 8752-8753,8755-8759: Terminated
srun: error: frontier06623: task 11387: Terminated
srun: error: frontier05457: tasks 9456-9459,9461-9463: Terminated
srun: error: frontier05157: tasks 8920-8923,8925-8927: Terminated
srun: error: frontier00081: task 206: Terminated
srun: error: frontier08349: task 14321: Terminated
srun: error: frontier07968: task 13692: Terminated
srun: error: frontier01153: tasks 2008-2010,2012-2015: Terminated
srun: error: frontier02458: tasks 4312-4313,4315-4319: Terminated
srun: error: frontier02854: tasks 5016-5020,5022-5023: Terminated
srun: error: frontier06879: tasks 11856-11860,11862-11863: Terminated
srun: error: frontier05536: tasks 9552-9555,9557-9559: Terminated
srun: error: frontier06993: tasks 12024-12029,12031: Terminated
srun: error: frontier09030: tasks 15496-15497,15499-15503: Terminated
srun: error: frontier08655: tasks 14864-14866,14868-14871: Terminated
srun: error: frontier01805: task 3139: Terminated
srun: error: frontier02019: tasks 3512-3518: Terminated
srun: error: frontier05649: tasks 9720-9725,9727: Terminated
srun: error: frontier01251: tasks 2176-2181,2183: Terminated
srun: error: frontier00448: task 837: Terminated
srun: error: frontier04444: task 7750: Terminated
srun: error: frontier05717: task 9886: Terminated
srun: error: frontier03095: task 5441: Terminated
srun: error: frontier08471: task 14490: Terminated
srun: error: frontier03791: tasks 6616-6617,6619-6623: Terminated
srun: error: frontier09139: tasks 15664-15665,15667-15671: Terminated
srun: error: frontier01701: tasks 2976-2979,2981-2983: Terminated
srun: error: frontier07758: tasks 13360-13366: Terminated
srun: error: frontier00397: tasks 672-675,677-679: Terminated
srun: error: frontier03368: tasks 5912-5913,5915-5919: Terminated
srun: error: frontier04255: tasks 7416-7421,7423: Terminated
srun: error: frontier02908: tasks 5112-5117,5119: Terminated
srun: error: frontier04745: tasks 8216-8219,8221-8223: Terminated
srun: error: frontier01612: tasks 2808,2810-2815: Terminated
srun: error: frontier04825: task 8376: Terminated
srun: error: frontier02071: tasks 3608-3614: Terminated
srun: error: frontier07575: task 12990: Terminated
srun: error: frontier07356: tasks 12656-12659,12661-12663: Terminated
srun: error: frontier08241: tasks 14160-14165,14167: Terminated
srun: error: frontier00821: tasks 1473-1479: Terminated
srun: error: frontier03470: tasks 6080-6081,6083-6087: Terminated
srun: error: frontier07852: tasks 13456-13458,13460-13463: Terminated
srun: error: frontier06095: tasks 10520-10526: Terminated
srun: error: frontier06195: task 10684: Terminated
srun: error: frontier00947: task 1633: Terminated
srun: error: frontier04924: task 8551: Terminated
srun: error: frontier00560: task 1006: Terminated
srun: error: frontier02155: tasks 3776-3780,3782-3783: Terminated
srun: error: frontier06310: task 10852: Terminated
srun: error: frontier06599: tasks 11320-11325,11327: Terminated
srun: error: frontier05203: tasks 9016-9020,9022-9023: Terminated
srun: error: frontier08738: tasks 14960-14964,14966-14967: Terminated
srun: error: frontier03859: tasks 6712-6713,6715-6719: Terminated
srun: error: frontier01297: tasks 2272,2274-2279: Terminated
srun: error: frontier07466: tasks 12824-12826,12828-12831: Terminated
srun: error: frontier02612: tasks 4576-4578,4580-4583: Terminated
srun: error: frontier06693: task 11481: Terminated
srun: error: frontier07722: tasks 13264-13267,13269-13271: Terminated
srun: error: frontier07958: tasks 13624-13631: Terminated
srun: error: frontier03930: tasks 6880-6884,6886-6887: Terminated
srun: error: frontier03553: task 6245: Terminated
srun: error: frontier08915: task 15294: Terminated
srun: error: frontier05685: tasks 9816-9822: Terminated
srun: error: frontier00066: tasks 136-137,139-143: Terminated
srun: error: frontier02226: task 3937: Terminated
srun: error: frontier04310: tasks 7512-7514,7516-7519: Terminated
srun: error: frontier00799: tasks 1376-1381,1383: Terminated
srun: error: frontier01049: task 1803: Terminated
srun: error: frontier09227: tasks 15760-15763,15765-15767: Terminated
srun: error: frontier08601: tasks 14696-14699,14701-14703: Terminated
srun: error: frontier01762: tasks 3072-3075,3077-3079: Terminated
srun: error: frontier00431: tasks 768-773,775: Terminated
srun: error: frontier07503: tasks 12920-12922,12924-12927: Terminated
srun: error: frontier01384: task 2438: Terminated
srun: error: frontier05416: task 9351: Terminated
srun: error: frontier09392: task 16093: Terminated
srun: error: frontier06177: tasks 10616-10617,10619-10623: Terminated
srun: error: frontier04795: tasks 8312-8313,8315-8319: Terminated
srun: error: frontier04047: task 7042: Terminated
srun: error: frontier04908: tasks 8480-8484,8486-8487: Terminated
srun: error: frontier00920: tasks 1568,1570-1575: Terminated
srun: error: frontier02703: task 4742: Terminated
srun: error: frontier00546: tasks 936,938-943: Terminated
srun: error: frontier07990: task 13787: Terminated
srun: error: frontier02783: task 4907: Terminated
srun: error: frontier03076: tasks 5376-5381,5383: Terminated
srun: error: frontier07140: task 12286: Terminated
srun: error: frontier08378: tasks 14424-14427,14429-14431: Terminated
srun: error: frontier07069: tasks 12120-12122,12124-12127: Terminated
srun: error: frontier03511: tasks 6176-6182: Terminated
srun: error: frontier00962: tasks 1736-1742: Terminated
srun: error: frontier02198: tasks 3872-3876,3878-3879: Terminated
srun: error: frontier04434: tasks 7680-7682,7684-7687: Terminated
srun: error: frontier09376: tasks 16024-16030: Terminated
srun: error: frontier03990: tasks 6976-6979,6981-6983: Terminated
srun: error: frontier01501: task 2603: Terminated
srun: error: frontier06787: task 11650: Terminated
srun: error: frontier00165: task 296: Terminated
srun: error: frontier01362: tasks 2369-2375: Terminated
srun: error: frontier05384: tasks 9280-9282,9284-9287: Terminated
srun: error: frontier08892: tasks 15224,15226-15231: Terminated
srun: error: frontier06280: tasks 10784-10786,10788-10791: Terminated
srun: error: frontier02770: tasks 4840-4844,4846-4847: Terminated
srun: error: frontier06628: tasks 11416-11421,11423: Terminated
srun: error: frontier00132: tasks 233-239: Terminated
srun: error: frontier01470: tasks 2536-2538,2540-2543: Terminated
srun: error: frontier07598: task 13085: Terminated
srun: error: frontier04493: tasks 7776-7780,7782-7783: Terminated
srun: error: frontier03120: tasks 5472-5478: Terminated
srun: error: frontier07103: tasks 12216-12221,12223: Terminated
srun: error: frontier00577: task 1098: Terminated
srun: error: frontier07978: tasks 13720-13727: Terminated
srun: error: frontier00566: tasks 1032-1036,1038-1039: Terminated
srun: error: frontier08498: task 14588: Terminated
srun: error: frontier01942: task 3405: Terminated
srun: error: frontier02661: tasks 4672-4677,4679: Terminated
srun: error: frontier01897: tasks 3336-3342: Terminated
srun: error: frontier07239: task 12450: Terminated
srun: error: frontier06727: tasks 11584-11589,11591: Terminated
srun: error: frontier04512: task 7842: Terminated
srun: error: frontier03598: tasks 6272-6274,6276-6279: Terminated
srun: error: frontier05013: task 8646: Terminated
srun: error: frontier03220: tasks 5640-5645,5647: Terminated
srun: error: frontier03625: task 6338: Terminated
srun: error: frontier08599: tasks 14688-14690,14692-14695: Terminated
srun: error: frontier08481: tasks 14520-14523,14525-14527: Terminated
srun: error: frontier03158: task 5539: Terminated
srun: error: frontier01055: tasks 1832-1836,1838-1839: Terminated
srun: error: frontier05057: tasks 8744-8748,8750-8751: Terminated
srun: error: frontier05900: task 10149: Terminated
srun: error: frontier03256: task 5707: Terminated
srun: error: frontier07694: tasks 13184-13186,13188-13191: Terminated
srun: error: frontier07216: tasks 12384-12388,12390-12391: Terminated
srun: error: frontier05423: tasks 9376-9381,9383: Terminated
srun: error: frontier05841: tasks 10080-10085,10087: Terminated
srun: error: frontier03668: tasks 6440-6444,6446-6447: Terminated
srun: error: frontier09400: tasks 16120-16124,16126-16127: Terminated
srun: error: frontier04955: tasks 8576-8580,8582-8583: Terminated
srun: error: frontier06803: tasks 11680-11682,11684-11687: Terminated
srun: error: frontier04153: tasks 7240-7242,7244-7247: Terminated
srun: error: frontier09097: task 15554: Terminated
srun: error: frontier02410: task 4206: Terminated
srun: error: frontier08997: task 15391: Terminated
srun: error: frontier09027: tasks 15488-15489,15491-15495: Terminated
srun: error: frontier10126: task 16187: Terminated
srun: error: frontier02831: tasks 4936-4939,4941-4943: Terminated
srun: error: frontier08973: tasks 15320-15324,15326-15327: Terminated
srun: error: frontier00171: tasks 328-329,331-335: Terminated
srun: error: frontier02398: tasks 4136-4137,4139-4143: Terminated
srun: error: frontier07257: tasks 12480-12481,12483-12487: Terminated
srun: error: frontier06318: tasks 10880-10884,10886-10887: Terminated
srun: error: frontier06346: task 10946: Terminated
srun: error: frontier10152: tasks 16288-16290,16292-16295: Terminated
srun: error: frontier00286: tasks 496-499,501-503: Terminated
srun: error: frontier10168: task 16359: Terminated
srun: error: frontier05532: tasks 9544-9548,9550-9551: Terminated
srun: error: frontier04630: tasks 8040-8041,8043-8047: Terminated
srun: error: frontier07707: task 13252: Terminated
srun: error: frontier05908: tasks 10176-10177,10179-10183: Terminated
srun: error: frontier08131: tasks 13984-13988,13990-13991: Terminated
srun: error: frontier01948: tasks 3433-3439: Terminated
srun: error: frontier04107: task 7143: Terminated
srun: error: frontier03726: task 6509: Terminated
srun: error: frontier02068: tasks 3600-3605,3607: Terminated
srun: error: frontier00707: tasks 1296-1298,1300-1303: Terminated
srun: error: frontier05455: task 9446: Terminated
srun: error: frontier04180: task 7310: Terminated
srun: error: frontier03287: tasks 5736,5738-5743: Terminated
srun: error: frontier02842: task 5007: Terminated
srun: error: frontier06822: task 11746: Terminated
srun: error: frontier05124: tasks 8840-8843,8845-8847: Terminated
srun: error: frontier09102: tasks 15584-15588,15590-15591: Terminated
srun: error: frontier03733: tasks 6536-6540,6542-6543: Terminated
srun: error: frontier02417: tasks 4232-4233,4235-4239: Terminated
srun: error: frontier05987: tasks 10344,10346-10351: Terminated
srun: error: frontier01507: tasks 2632-2636,2638-2639: Terminated
srun: error: frontier01606: tasks 2800-2804,2806-2807: Terminated
srun: error: frontier01545: task 2700: Terminated
srun: error: frontier01074: task 1898: Terminated
srun: error: frontier07851: tasks 13448-13452,13454-13455: Terminated
srun: error: frontier04229: tasks 7336-7339,7341-7343: Terminated
srun: error: frontier06956: tasks 11944-11949,11951: Terminated
srun: error: frontier08623: tasks 14784-14786,14788-14791: Terminated
srun: error: frontier07307: task 12547: Terminated
srun: error: frontier06363: tasks 10976-10979,10981-10983: Terminated
srun: error: frontier05560: task 9611: Terminated
srun: error: frontier00302: task 567: Terminated
srun: error: frontier08209: task 14053: Terminated
srun: error: frontier06465: tasks 11144-11149,11151: Terminated
srun: error: frontier00191: task 398: Terminated
srun: error: frontier00307: tasks 592-593,595-599: Terminated
srun: error: frontier05582: tasks 9640-9642,9644-9647: Terminated
srun: error: frontier02968: tasks 5200-5205,5207: Terminated
srun: error: frontier01646: tasks 2896,2898-2903: Terminated
srun: error: frontier04658: task 8111: Terminated
srun: error: frontier07724: tasks 13280,13282-13287: Terminated
srun: error: frontier05935: task 10242: Terminated
srun: error: frontier08331: tasks 14248-14254: Terminated
srun: error: frontier08652: task 14855: Terminated
srun: error: frontier00682: task 1193: Terminated
srun: error: frontier03299: task 5805: Terminated
srun: error: frontier02532: tasks 4400-4403,4405-4407: Terminated
srun: error: frontier04306: tasks 7504,7506-7511: Terminated
srun: error: frontier07438: tasks 12744-12748,12750-12751: Terminated
srun: error: frontier08219: tasks 14080-14082,14084-14087: Terminated
srun: error: frontier04690: tasks 8136-8141,8143: Terminated
srun: error: frontier02017: task 3500: Terminated
srun: error: frontier01184: tasks 2097-2103: Terminated
srun: error: frontier00796: task 1362: Terminated
srun: error: frontier06057: tasks 10440-10446: Terminated
srun: error: frontier03893: tasks 6800-6805,6807: Terminated
srun: error: frontier08668: tasks 14880-14886: Terminated
srun: error: frontier01256: tasks 2192-2193,2195-2199: Terminated
srun: error: frontier08763: tasks 15048-15052,15054-15055: Terminated
srun: error: frontier05164: tasks 8936-8939,8941-8943: Terminated
srun: error: frontier09252: tasks 15848-15852,15854-15855: Terminated
srun: error: frontier04786: tasks 8304-8309,8311: Terminated
srun: error: frontier03784: task 6603: Terminated
srun: error: frontier06049: task 10409: Terminated
srun: error: frontier05655: tasks 9737-9743: Terminated
srun: error: frontier07887: tasks 13544,13546-13551: Terminated
srun: error: frontier06499: task 11215: Terminated
srun: error: frontier05151: task 8910: Terminated
srun: error: frontier06424: task 11042: Terminated
srun: error: frontier00036: tasks 56-58,60-63: Terminated
srun: error: frontier09133: task 15652: Terminated
srun: error: frontier01359: tasks 2361-2367: Terminated
srun: error: frontier04372: tasks 7600-7602,7604-7607: Terminated
srun: error: frontier03029: tasks 5296-5300,5302-5303: Terminated
srun: error: frontier02454: task 4297: Terminated
srun: error: frontier02092: task 3665: Terminated
srun: error: frontier01740: tasks 2992-2994,2996-2999: Terminated
srun: error: frontier07756: task 13348: Terminated
srun: error: frontier01246: task 2166: Terminated
srun: error: frontier07470: tasks 12840-12846: Terminated
srun: error: frontier02137: tasks 3696-3701,3703: Terminated
srun: error: frontier02544: task 4468: Terminated
srun: error: frontier03422: tasks 6000-6006: Terminated
srun: error: frontier05280: tasks 9104-9110: Terminated
srun: error: frontier08352: tasks 14345-14351: Terminated
srun: error: frontier06996: tasks 12040-12041,12043-12047: Terminated
srun: error: frontier04832: tasks 8400-8403,8405-8407: Terminated
srun: error: frontier00452: tasks 857-863: Terminated
srun: error: frontier06557: tasks 11240-11244,11246-11247: Terminated
srun: error: frontier06971: task 12014: Terminated
srun: error: frontier02574: tasks 4496-4500,4502-4503: Terminated
srun: error: frontier05635: task 9708: Terminated
srun: error: frontier07876: task 13519: Terminated
srun: error: frontier03472: tasks 6096-6097,6099-6103: Terminated
srun: error: frontier02158: tasks 3792-3794,3796-3799: Terminated
srun: error: frontier01815: tasks 3160,3162-3167: Terminated
srun: error: frontier04252: task 7401: Terminated
srun: error: frontier02906: task 5098: Terminated
srun: error: frontier00952: tasks 1656-1657,1659-1663: Terminated
srun: error: frontier03969: tasks 6896-6901,6903: Terminated
srun: error: frontier08081: tasks 13808-13813,13815: Terminated
srun: error: frontier07095: tasks 12208-12211,12213-12215: Terminated
srun: error: frontier05722: tasks 9904-9906,9908-9911: Terminated
srun: error: frontier08866: tasks 15144-15149,15151: Terminated
srun: error: frontier07578: tasks 13008-13009,13011-13015: Terminated
srun: error: frontier08239: task 14150: Terminated
srun: error: frontier06204: tasks 10704-10709,10711: Terminated
srun: error: frontier00071: tasks 152-158: Terminated
srun: error: frontier04059: tasks 7064-7070: Terminated
srun: error: frontier00320: task 663: Terminated
srun: error: frontier01415: tasks 2456-2461,2463: Terminated
srun: error: frontier03597: tasks 6264-6265,6267-6271: Terminated
srun: error: frontier02710: tasks 4760-4766: Terminated
srun: error: frontier04436: tasks 7696-7700,7702-7703: Terminated
srun: error: frontier06701: tasks 11504-11509,11511: Terminated
srun: error: frontier07961: tasks 13640-13644,13646-13647: Terminated
srun: error: frontier07175: tasks 12304-12310: Terminated
srun: error: frontier00170: tasks 320-325,327: Terminated
srun: error: frontier07462: task 12811: Terminated
srun: error: frontier09287: tasks 15944-15945,15947-15951: Terminated
srun: error: frontier02270: tasks 3960-3961,3963-3967: Terminated
srun: error: frontier00919: tasks 1560-1562,1564-1567: Terminated
srun: error: frontier04521: tasks 7864-7867,7869-7871: Terminated
srun: error: frontier04363: task 7573: Terminated
srun: error: frontier03011: task 5266: Terminated
srun: error: frontier01883: tasks 3256-3262: Terminated
srun: error: frontier08348: task 14318: Terminated
srun: error: frontier02870: tasks 5032-5036,5038-5039: Terminated
srun: error: frontier00548: tasks 952-956,958-959: Terminated
srun: error: frontier05310: tasks 9200-9206: Terminated
srun: error: frontier09179: task 15749: Terminated
srun: error: frontier04740: task 8200: Terminated
srun: error: frontier00803: tasks 1392,1394-1399: Terminated
srun: error: frontier00818: task 1457: Terminated
srun: error: frontier09399: tasks 16112-16115,16117-16119: Terminated
srun: error: frontier06359: tasks 10968-10972,10974-10975: Terminated
srun: error: frontier02150: task 3766: Terminated
srun: error: frontier00964: tasks 1752-1753,1755-1759: Terminated
srun: error: frontier05017: tasks 8664,8666-8671: Terminated
srun: error: frontier08736: task 14949: Terminated
srun: error: frontier08521: tasks 14608-14609,14611-14615: Terminated
srun: error: frontier02322: tasks 4056-4059,4061-4063: Terminated
srun: error: frontier07601: tasks 13104-13105,13107-13111: Terminated
srun: error: frontier03164: tasks 5560-5566: Terminated
srun: error: frontier04824: task 8374: Terminated
srun: error: frontier06291: tasks 10800-10803,10805-10807: Terminated
srun: error: frontier05904: tasks 10168-10170,10172-10175: Terminated
srun: error: frontier09000: tasks 15408-15410,15412-15415: Terminated
srun: error: frontier05791: tasks 10000-10005,10007: Terminated
srun: error: frontier05187: task 9002: Terminated
srun: error: frontier00666: tasks 1121-1127: Terminated
srun: error: frontier02415: tasks 4224-4230: Terminated
srun: error: frontier05461: tasks 9464-9466,9468-9471: Terminated
srun: error: frontier04116: tasks 7160-7161,7163-7167: Terminated
srun: error: frontier06592: task 11310: Terminated
srun: error: frontier07220: tasks 12400,12402-12407: Terminated
srun: error: frontier02776: tasks 4856-4859,4861-4863: Terminated
srun: error: frontier06836: tasks 11768-11769,11771-11775: Terminated
srun: error: frontier00941: task 1626: Terminated
srun: error: frontier08850: task 15114: Terminated
srun: error: frontier00195: tasks 416,418-423: Terminated
srun: error: frontier09278: task 15919: Terminated
srun: error: frontier01078: tasks 1920-1924,1926-1927: Terminated
srun: error: frontier03466: task 6071: Terminated
srun: error: frontier05938: tasks 10264-10269,10271: Terminated
srun: error: frontier03928: task 6869: Terminated
srun: error: frontier10132: tasks 16208-16210,16212-16215: Terminated
srun: error: frontier02585: task 4563: Terminated
srun: error: frontier07322: tasks 12568-12573,12575: Terminated
srun: error: frontier07066: task 12108: Terminated
srun: error: frontier00687: tasks 1216-1218,1220-1223: Terminated
srun: error: frontier01293: task 2261: Terminated
srun: error: frontier06736: tasks 11600-11601,11603-11607: Terminated
srun: error: frontier03338: tasks 5824-5829,5831: Terminated
srun: error: frontier01382: task 2431: Terminated
srun: error: frontier08110: tasks 13904-13907,13909-13911: Terminated
srun: error: frontier05059: tasks 8760-8763,8765-8767: Terminated
srun: error: frontier04569: tasks 7960-7965,7967: Terminated
srun: error: frontier03222: tasks 5656-5661,5663: Terminated
srun: error: frontier07956: task 13611: Terminated
srun: error: frontier01690: task 2966: Terminated
srun: error: frontier05301: task 9175: Terminated
srun: error: frontier03678: tasks 6456-6458,6460-6463: Terminated
srun: error: frontier07760: tasks 13368-13371,13373-13375: Terminated
srun: error: frontier02021: tasks 3520-3526: Terminated
srun: error: frontier03792: tasks 6624-6627,6629-6631: Terminated
srun: error: frontier00064: task 127: Terminated
srun: error: frontier05677: task 9807: Terminated
srun: error: frontier08603: tasks 14704-14705,14707-14711: Terminated
srun: error: frontier01554: tasks 2720-2724,2726-2727: Terminated
srun: error: frontier05158: tasks 8928-8933,8935: Terminated
srun: error: frontier08249: tasks 14168-14174: Terminated
srun: error: frontier10155: tasks 16304-16309,16311: Terminated
srun: error: frontier06917: tasks 11864-11870: Terminated
srun: error: frontier02862: tasks 5024-5029,5031: Terminated
srun: error: frontier01154: tasks 2016-2021,2023: Terminated
srun: error: frontier08659: tasks 14872-14876,14878-14879: Terminated
srun: error: frontier03041: task 5362: Terminated
srun: error: frontier07139: task 12277: Terminated
srun: error: frontier08375: task 14413: Terminated
srun: error: frontier01614: tasks 2816-2821,2823: Terminated
srun: error: frontier09033: tasks 15504-15510: Terminated
srun: error: frontier08888: task 15211: Terminated
srun: error: frontier00288: tasks 512-514,516-519: Terminated
srun: error: frontier04263: tasks 7424-7428,7430-7431: Terminated
srun: error: frontier06432: tasks 11064-11067,11069-11071: Terminated
srun: error: frontier02460: tasks 4320,4322-4327: Terminated
srun: error: frontier00544: task 924: Terminated
srun: error: frontier05545: tasks 9560-9566: Terminated
srun: error: frontier04404: task 7667: Terminated
srun: error: frontier01848: task 3225: Terminated
srun: error: frontier09144: tasks 15672-15676,15678-15679: Terminated
srun: error: frontier01713: tasks 2984-2986,2988-2991: Terminated
srun: error: frontier00409: tasks 680-682,684-687: Terminated
srun: error: frontier04752: tasks 8224-8228,8230-8231: Terminated
srun: error: frontier07594: task 13077: Terminated
srun: error: frontier05787: task 9973: Terminated
srun: error: frontier06233: task 10774: Terminated
srun: error: frontier02072: tasks 3616-3622: Terminated
srun: error: frontier05652: tasks 9728-9734: Terminated
srun: error: frontier03380: tasks 5920-5925,5927: Terminated
srun: error: frontier04904: task 8471: Terminated
srun: error: frontier00822: tasks 1480-1486: Terminated
srun: error: frontier02157: tasks 3784-3786,3788-3791: Terminated
srun: error: frontier03509: task 6162: Terminated
srun: error: frontier09371: task 16013: Terminated
srun: error: frontier02910: tasks 5120-5123,5125-5127: Terminated
srun: error: frontier02534: tasks 4416-4418,4420-4423: Terminated
srun: error: frontier07362: tasks 12664-12670: Terminated
srun: error: frontier02196: task 3859: Terminated
srun: error: frontier03646: tasks 6360-6365,6367: Terminated
srun: error: frontier01759: task 3060: Terminated
srun: error: frontier06024: tasks 10360-10365,10367: Terminated
srun: error: frontier06486: tasks 11160-11166: Terminated
srun: error: frontier06096: tasks 10528-10532,10534-10535: Terminated
srun: error: frontier07972: task 13710: Terminated
srun: error: frontier00960: task 1725: Terminated
srun: error: frontier02613: tasks 4585-4591: Terminated
srun: error: frontier01300: tasks 2280-2285,2287: Terminated
srun: error: frontier08739: tasks 14968-14971,14973-14975: Terminated
srun: error: frontier02979: tasks 5216-5219,5221-5223: Terminated
srun: error: frontier07959: tasks 13632-13637,13639: Terminated
srun: error: frontier07853: tasks 13464-13465,13467-13471: Terminated
srun: error: frontier04312: tasks 7520-7526: Terminated
srun: error: frontier06601: tasks 11328-11330,11332-11335: Terminated
srun: error: frontier08386: tasks 14432-14436,14438-14439: Terminated
srun: error: frontier03987: task 6966: Terminated
srun: error: frontier03609: task 6335: Terminated
srun: error: frontier06721: task 11572: Terminated
srun: error: frontier03081: tasks 5384-5386,5388-5391: Terminated
srun: error: frontier02306: task 4031: Terminated
srun: error: frontier09228: tasks 15768,15770-15775: Terminated
srun: error: frontier05339: task 9267: Terminated
srun: error: frontier07070: tasks 12128-12134: Terminated
srun: error: frontier05204: tasks 9024,9026-9031: Terminated
srun: error: frontier01763: tasks 3080-3085,3087: Terminated
srun: error: frontier02760: task 4826: Terminated
srun: error: frontier05697: tasks 9824-9827,9829-9831: Terminated
srun: error: frontier00432: tasks 776-777,779-783: Terminated
srun: error: frontier02199: tasks 3880-3885,3887: Terminated
srun: error: frontier03861: tasks 6720-6726: Terminated
srun: error: frontier08335: tasks 14264-14271: Terminated
srun: error: frontier00923: tasks 1576-1581,1583: Terminated
srun: error: frontier04104: task 7129: Terminated
srun: error: frontier03513: tasks 6184-6190: Terminated
srun: error: frontier01465: task 2523: Terminated
srun: error: frontier08099: task 13878: Terminated
srun: error: frontier00083: task 219: Terminated
srun: error: frontier00963: tasks 1744-1745,1747-1751: Terminated
srun: error: frontier05808: task 10065: Terminated
srun: error: frontier04435: tasks 7688-7692,7694-7695: Terminated
srun: error: frontier04796: tasks 8320-8324,8326-8327: Terminated
srun: error: frontier08478: task 14511: Terminated
srun: error: frontier04485: task 7764: Terminated
srun: error: frontier07505: tasks 12928-12934: Terminated
srun: error: frontier08585: task 14677: Terminated
srun: error: frontier06629: tasks 11424-11429,11431: Terminated
srun: error: frontier04007: tasks 6984-6986,6988-6991: Terminated
srun: error: frontier08776: tasks 15064-15065,15067-15071: Terminated
srun: error: frontier05394: tasks 9288-9289,9291-9295: Terminated
srun: error: frontier02662: tasks 4680-4685,4687: Terminated
srun: error: frontier00183: task 387: Terminated
srun: error: frontier08482: tasks 14528-14532,14534-14535: Terminated
srun: error: frontier06735: tasks 11592-11594,11596-11599: Terminated
srun: error: frontier06179: tasks 10624-10625,10627-10631: Terminated
srun: error: frontier08896: tasks 15232-15236,15238-15239: Terminated
srun: error: frontier01482: tasks 2544-2547,2549-2551: Terminated
srun: error: frontier07496: task 12908: Terminated
srun: error: frontier07119: tasks 12224-12230: Terminated
srun: error: frontier04909: tasks 8488,8490-8495: Terminated
srun: error: frontier00153: tasks 240-243,245-247: Terminated
srun: error: frontier04563: task 7930: Terminated
srun: error: frontier05843: tasks 10088-10089,10091-10095: Terminated
srun: error: frontier05284: tasks 9120-9121,9123-9127: Terminated
srun: error: frontier04494: tasks 7784-7787,7789-7791: Terminated
srun: error: frontier00562: task 1022: Terminated
srun: error: frontier03221: tasks 5648-5653,5655: Terminated
srun: error: frontier09377: tasks 16032-16035,16037-16039: Terminated
srun: error: frontier00570: tasks 1040-1045,1047: Terminated
srun: error: frontier06322: tasks 10888-10890,10892-10895: Terminated
srun: error: frontier04950: task 8563: Terminated
srun: error: frontier07214: task 12373: Terminated
srun: error: frontier03128: tasks 5480-5483,5485-5487: Terminated
srun: error: frontier00679: task 1186: Terminated
srun: error: frontier04957: tasks 8584,8586-8591: Terminated
srun: error: frontier03218: task 5627: Terminated
srun: error: frontier07979: tasks 13728-13735: Terminated
srun: error: frontier01817: tasks 3176-3179,3181-3183: Terminated
srun: error: frontier01894: task 3323: Terminated
srun: error: frontier03676: tasks 6448-6450,6452-6455: Terminated
srun: error: frontier02399: tasks 4144-4148,4150-4151: Terminated
srun: error: frontier07580: tasks 13024-13026,13028-13031: Terminated
srun: error: frontier05431: tasks 9384-9389,9391: Terminated
srun: error: frontier05045: task 8734: Terminated
srun: error: frontier02351: task 4121: Terminated
srun: error: frontier07217: tasks 12392-12396,12398-12399: Terminated
srun: error: frontier03600: tasks 6280-6281,6283-6287: Terminated
srun: error: frontier07695: tasks 13192-13197,13199: Terminated
srun: error: frontier01056: tasks 1840,1842-1847: Terminated
srun: error: frontier08984: tasks 15328-15329,15331-15335: Terminated
srun: error: frontier01903: tasks 3344-3350: Terminated
srun: error: frontier02832: tasks 4944-4945,4947-4951: Terminated
srun: error: frontier00172: tasks 336-337,339-343: Terminated
srun: error: frontier07689: task 13172: Terminated
srun: error: frontier01052: task 1822: Terminated
srun: error: frontier01088: task 1987: Terminated
srun: error: frontier04525: tasks 7880-7881,7883-7887: Terminated
srun: error: frontier10153: tasks 16296-16301,16303: Terminated
srun: error: frontier09013: task 15478: Terminated
srun: error: frontier00287: tasks 504-511: Terminated
srun: error: frontier06421: task 11038: Terminated
srun: error: frontier06793: task 11669: Terminated
srun: error: frontier06018: tasks 10352-10353,10355-10359: Terminated
srun: error: frontier03288: tasks 5744-5747,5749-5751: Terminated
srun: error: frontier01952: tasks 3440-3442,3444-3447: Terminated
srun: error: frontier00669: tasks 1136-1138,1140-1143: Terminated
srun: error: frontier04632: tasks 8048-8053,8055: Terminated
srun: error: frontier05910: tasks 10184-10189,10191: Terminated
srun: error: frontier03666: task 6425: Terminated
srun: error: frontier08089: tasks 13824-13830: Terminated
srun: error: frontier06869: task 11837: Terminated
srun: error: frontier01505: task 2622: Terminated
srun: error: frontier07725: tasks 13288-13290,13292-13295: Terminated
srun: error: frontier01508: tasks 2640-2643,2645-2647: Terminated
srun: error: frontier09401: tasks 16128-16130,16132-16135: Terminated
srun: error: frontier06805: tasks 11688-11689,11691-11695: Terminated
srun: error: frontier04173: tasks 7248-7252,7254-7255: Terminated
srun: error: frontier08141: tasks 13992-13995,13997-13999: Terminated
srun: error: frontier00708: tasks 1304-1307,1309-1311: Terminated
srun: error: frontier03734: tasks 6544-6547,6549-6551: Terminated
srun: error: frontier07253: task 12468: Terminated
srun: error: frontier01081: tasks 1936-1941,1943: Terminated
srun: error: frontier05127: tasks 8848-8854: Terminated
srun: error: frontier01185: tasks 2104-2108,2110-2111: Terminated
srun: error: frontier06838: tasks 11784-11785,11787-11791: Terminated
srun: error: frontier10150: task 16277: Terminated
srun: error: frontier02904: task 5090: Terminated
srun: error: frontier06364: tasks 10984-10989,10991: Terminated
srun: error: frontier08625: tasks 14792-14798: Terminated
srun: error: frontier02817: task 4927: Terminated
srun: error: frontier02533: tasks 4408-4413,4415: Terminated
srun: error: frontier07264: tasks 12488-12492,12494-12495: Terminated
srun: error: frontier02418: tasks 4240-4246: Terminated
srun: error: frontier04231: tasks 7344-7347,7349-7351: Terminated
srun: error: frontier08124: task 13975: Terminated
srun: error: frontier06958: tasks 11952-11958: Terminated
srun: error: frontier01369: tasks 2376-2378,2380-2383: Terminated
srun: error: frontier04151: task 7226: Terminated
srun: error: frontier05586: tasks 9648-9650,9652-9655: Terminated
srun: error: frontier01595: task 2787: Terminated
srun: error: frontier04628: task 8026: Terminated
srun: error: frontier05527: task 9534: Terminated
srun: error: frontier07343: task 12635: Terminated
srun: error: frontier05980: task 10332: Terminated
srun: error: frontier02971: tasks 5208-5209,5211-5215: Terminated
srun: error: frontier09103: tasks 15592-15595,15597-15599: Terminated
srun: error: frontier06316: task 10870: Terminated
srun: error: frontier00309: tasks 600-606: Terminated
srun: error: frontier09099: task 15573: Terminated
srun: error: frontier06482: tasks 11152-11158: Terminated
srun: error: frontier01668: tasks 2904-2908,2910-2911: Terminated
srun: error: frontier04691: tasks 8144-8148,8150-8151: Terminated
srun: error: frontier08621: task 14774: Terminated
srun: error: frontier04064: tasks 7080-7084,7086-7087: Terminated
srun: error: frontier08333: tasks 14256-14260,14262-14263: Terminated
srun: error: frontier08220: tasks 14088-14093,14095: Terminated
srun: error: frontier00805: tasks 1400-1402,1404-1407: Terminated
srun: error: frontier02062: task 3590: Terminated
srun: error: frontier06060: tasks 10448-10453,10455: Terminated
srun: error: frontier00702: task 1284: Terminated
srun: error: frontier06564: tasks 11248-11249,11251-11255: Terminated
srun: error: frontier07847: task 13434: Terminated
srun: error: frontier08734: task 14938: Terminated
srun: error: frontier03341: tasks 5840-5842,5844-5847: Terminated
srun: error: frontier08714: tasks 14888-14893,14895: Terminated
srun: error: frontier06463: task 11131: Terminated
srun: error: frontier00284: task 486: Terminated
srun: error: frontier02874: tasks 5040-5045,5047: Terminated
srun: error: frontier03896: tasks 6808,6810-6815: Terminated
srun: error: frontier02575: tasks 4504-4506,4508-4511: Terminated
srun: error: frontier01258: tasks 2200-2206: Terminated
srun: error: frontier05090: task 8828: Terminated
srun: error: frontier07000: tasks 12048-12054: Terminated
srun: error: frontier05667: tasks 9744-9745,9747-9751: Terminated
srun: error: frontier09168: tasks 15688-15690,15692-15695: Terminated
srun: error: frontier03272: task 5722: Terminated
srun: error: frontier07445: tasks 12752-12755,12757-12759: Terminated
srun: error: frontier03799: tasks 6640-6641,6643-6647: Terminated
srun: error: frontier07890: tasks 13552-13558: Terminated
srun: error: frontier02140: tasks 3704-3710: Terminated
srun: error: frontier09255: tasks 15856-15857,15859-15863: Terminated
srun: error: frontier03348: task 5895: Terminated
srun: error: frontier05186: task 8996: Terminated
srun: error: frontier03849: task 6690: Terminated
srun: error: frontier03423: tasks 6008-6012,6014-6015: Terminated
srun: error: frontier10172: task 16371: Terminated
srun: error: frontier09178: task 15743: Terminated
srun: error: frontier08769: tasks 15056-15061,15063: Terminated
srun: error: frontier00414: tasks 696-702: Terminated
srun: error: frontier03031: tasks 5304-5308,5310-5311: Terminated
srun: error: frontier01749: tasks 3000-3005,3007: Terminated
srun: error: frontier02526: task 4388: Terminated
srun: error: frontier05165: tasks 8944-8949,8951: Terminated
srun: error: frontier00041: tasks 64-68,70-71: Terminated
srun: error: frontier01816: tasks 3168-3172,3174-3175: Terminated
srun: error: frontier08279: task 14239: Terminated
srun: error: frontier05283: tasks 9112-9115,9117-9119: Terminated
srun: error: frontier00453: tasks 864-869,871: Terminated
srun: error: frontier08357: tasks 14352-14353,14355-14359: Terminated
srun: error: frontier02178: tasks 3800-3803,3805-3807: Terminated
srun: error: frontier06205: tasks 10712-10713,10715-10719: Terminated
srun: error: frontier06100: tasks 10544-10549,10551: Terminated
srun: error: frontier06950: task 11931: Terminated
srun: error: frontier03473: tasks 6104-6109,6111: Terminated
srun: error: frontier01179: task 2081: Terminated
srun: error: frontier07474: tasks 12848-12853,12855: Terminated
srun: error: frontier09296: tasks 15952-15955,15957-15959: Terminated
srun: error: frontier05723: tasks 9912-9915,9917-9919: Terminated
srun: error: frontier03728: task 6521: Terminated
srun: error: frontier08871: tasks 15152-15156,15158-15159: Terminated
srun: error: frontier03980: tasks 6904-6906,6908-6911: Terminated
srun: error: frontier04373: tasks 7608-7613,7615: Terminated
srun: error: frontier02271: tasks 3968-3970,3972-3975: Terminated
srun: error: frontier00953: tasks 1664-1670: Terminated
srun: error: frontier02624: tasks 4600-4606: Terminated
srun: error: frontier04871: tasks 8408-8413,8415: Terminated
srun: error: frontier02966: task 5188: Terminated
srun: error: frontier01642: task 2883: Terminated
srun: error: frontier00305: task 578: Terminated
srun: error: frontier05311: tasks 9208-9213,9215: Terminated
srun: error: frontier02711: tasks 4768-4772,4774-4775: Terminated
srun: error: frontier04063: tasks 7072-7074,7076-7079: Terminated
srun: error: frontier04303: task 7489: Terminated
srun: error: frontier04437: tasks 7704-7705,7707-7711: Terminated
srun: error: frontier01416: tasks 2464-2470: Terminated
srun: error: frontier00424: task 751: Terminated
srun: error: frontier00073: tasks 161-167: Terminated
srun: error: frontier07579: tasks 13016-13019,13021-13023: Terminated
srun: error: frontier01758: task 3054: Terminated
srun: error: frontier08088: tasks 13816,13818-13823: Terminated
srun: error: frontier07182: tasks 12312-12313,12315-12319: Terminated
srun: error: frontier05578: task 9626: Terminated
srun: error: frontier03167: tasks 5568-5572,5574-5575: Terminated
srun: error: frontier05676: task 9796: Terminated
srun: error: frontier00553: tasks 960-963,965-967: Terminated
srun: error: frontier04523: tasks 7872-7878: Terminated
srun: error: frontier08428: tasks 14448-14454: Terminated
srun: error: frontier04765: task 8289: Terminated
srun: error: frontier06294: tasks 10808-10813,10815: Terminated
srun: error: frontier07962: tasks 13648-13649,13651-13655: Terminated
srun: error: frontier00668: tasks 1128,1130-1135: Terminated
srun: error: frontier06052: task 10427: Terminated
srun: error: frontier03420: task 5991: Terminated
srun: error: frontier04913: tasks 8504-8508,8510-8511: Terminated
srun: error: frontier05792: tasks 10008-10012,10014-10015: Terminated
srun: error: frontier08523: tasks 14616-14618,14620-14623: Terminated
srun: error: frontier02123: task 3683: Terminated
srun: error: frontier05018: tasks 8672-8678: Terminated
srun: error: frontier06702: tasks 11512-11513,11515-11519: Terminated
srun: error: frontier03656: tasks 6368-6369,6371-6375: Terminated
srun: error: frontier07436: task 12733: Terminated
srun: error: frontier00831: task 1544: Terminated
srun: error: frontier00967: tasks 1760-1765,1767: Terminated
srun: error: frontier08900: tasks 15248-15249,15251-15255: Terminated
srun: error: frontier08759: task 15035: Terminated
srun: error: frontier06165: task 10593: Terminated
srun: error: frontier05404: tasks 9304-9309,9311: Terminated
srun: error: frontier06536: task 11231: Terminated
srun: error: frontier02777: tasks 4864-4866,4868-4871: Terminated
srun: error: frontier06739: tasks 11608-11613,11615: Terminated
srun: error: frontier06624: task 11398: Terminated
srun: error: frontier01080: tasks 1928,1930-1935: Terminated
srun: error: frontier07602: tasks 13112-13117,13119: Terminated
srun: error: frontier03891: task 6791: Terminated
srun: error: frontier07971: task 13703: Terminated
srun: error: frontier01490: tasks 2561-2567: Terminated
srun: error: frontier09001: tasks 15416-15418,15420-15423: Terminated
srun: error: frontier00200: tasks 424-425,427-431: Terminated
srun: error: frontier01884: tasks 3264-3270: Terminated
srun: error: frontier02323: tasks 4064,4066-4071: Terminated
srun: error: frontier10136: tasks 16216-16218,16220-16223: Terminated
srun: error: frontier07884: task 13534: Terminated
srun: error: frontier08111: tasks 13912-13913,13915-13919: Terminated
srun: error: frontier04570: tasks 7968-7969,7971-7975: Terminated
srun: error: frontier02194: task 3854: Terminated
srun: error: frontier05462: tasks 9472-9478: Terminated
srun: error: frontier05939: tasks 10272-10277,10279: Terminated
srun: error: frontier09250: task 15835: Terminated
srun: error: frontier06837: tasks 11776-11780,11782-11783: Terminated
srun: error: frontier01356: task 2349: Terminated
srun: error: frontier04118: tasks 7168-7171,7173-7175: Terminated
srun: error: frontier02562: task 4481: Terminated
srun: error: frontier00027: task 45: Terminated
srun: error: frontier02022: tasks 3528-3530,3532-3535: Terminated
srun: error: frontier00688: tasks 1224-1225,1227-1231: Terminated
srun: error: frontier03715: tasks 6464,6466-6471: Terminated
srun: error: frontier06436: tasks 11072-11074,11076-11079: Terminated
srun: error: frontier05060: tasks 8768-8774: Terminated
srun: error: frontier04367: task 7589: Terminated
srun: error: frontier07229: tasks 12408-12410,12412-12415: Terminated
srun: error: frontier08477: task 14503: Terminated
srun: error: frontier05275: task 9091: Terminated
srun: error: frontier07323: tasks 12576-12579,12581-12583: Terminated
srun: error: frontier07813: tasks 13376-13382: Terminated
srun: error: frontier02656: task 4654: Terminated
srun: error: frontier01155: tasks 2024-2025,2027-2031: Terminated
srun: error: frontier05718: task 9893: Terminated
srun: error: frontier01932: tasks 3360-3362,3364-3367: Terminated
srun: error: frontier03339: tasks 5832-5837,5839: Terminated
srun: error: frontier03019: task 5286: Terminated
srun: error: frontier03225: tasks 5664-5668,5670-5671: Terminated
srun: error: frontier08606: tasks 14712-14717,14719: Terminated
srun: error: frontier09051: tasks 15512-15514,15516-15519: Terminated
srun: error: frontier01558: tasks 2728-2729,2731-2735: Terminated
srun: error: frontier01813: task 3151: Terminated
srun: error: frontier03794: tasks 6632-6633,6635-6639: Terminated
srun: error: frontier05547: tasks 9568-9570,9572-9575: Terminated
srun: error: frontier08350: task 14330: Terminated
srun: error: frontier00291: tasks 520-526: Terminated
srun: error: frontier04445: task 7758: Terminated
srun: error: frontier03096: task 5450: Terminated
srun: error: frontier07701: tasks 13208-13209,13211-13215: Terminated
srun: error: frontier06919: tasks 11872-11875,11877-11879: Terminated
srun: error: frontier10158: tasks 16312-16317,16319: Terminated
srun: error: frontier02461: tasks 4328-4334: Terminated
srun: error: frontier00413: tasks 688-692,694-695: Terminated
srun: error: frontier08250: tasks 14176-14181,14183: Terminated
srun: error: frontier09145: tasks 15680-15686: Terminated
srun: error: frontier04175: tasks 7264,7266-7271: Terminated
srun: error: frontier01615: tasks 2824-2828,2830-2831: Terminated
srun: error: frontier04826: task 8387: Terminated
srun: error: frontier04636: tasks 8064-8070: Terminated
srun: error: frontier07089: task 12198: Terminated
srun: error: frontier04267: tasks 7432-7437,7439: Terminated
srun: error: frontier04755: tasks 8232-8236,8238-8239: Terminated
srun: error: frontier06491: tasks 11168-11173,11175: Terminated
srun: error: frontier06026: tasks 10368-10374: Terminated
srun: error: frontier00824: tasks 1488-1492,1494-1495: Terminated
srun: error: frontier04947: task 8557: Terminated
srun: error: frontier02073: tasks 3624-3630: Terminated
srun: error: frontier05205: tasks 9032-9038: Terminated
srun: error: frontier00950: task 1645: Terminated
srun: error: frontier00710: tasks 1320-1326: Terminated
srun: error: frontier03589: task 6251: Terminated
srun: error: frontier00449: task 846: Terminated
srun: error: frontier02535: tasks 4424-4427,4429-4431: Terminated
srun: error: frontier06602: tasks 11336-11339,11341-11343: Terminated
srun: error: frontier08854: task 15135: Terminated
srun: error: frontier06199: task 10692: Terminated
srun: error: frontier01187: tasks 2120-2123,2125-2127: Terminated
srun: error: frontier02250: task 3947: Terminated
srun: error: frontier03863: tasks 6728-6733,6735: Terminated
srun: error: frontier07576: task 12994: Terminated
srun: error: frontier07363: tasks 12672-12677,12679: Terminated
srun: error: frontier06698: task 11491: Terminated
srun: error: frontier06098: tasks 10536-10539,10541-10543: Terminated
srun: error: frontier02623: tasks 4592-4598: Terminated
srun: error: frontier08746: tasks 14976-14981,14983: Terminated
srun: error: frontier01306: tasks 2288-2293,2295: Terminated
srun: error: frontier03381: tasks 5928-5929,5931-5935: Terminated
srun: error: frontier01051: task 1815: Terminated
srun: error: frontier02981: tasks 5224-5227,5229-5231: Terminated
srun: error: frontier07072: tasks 12136-12138,12140-12143: Terminated
srun: error: frontier08916: task 15298: Terminated
srun: error: frontier06962: tasks 11968-11970,11972-11975: Terminated
srun: error: frontier07854: tasks 13472-13478: Terminated
srun: error: frontier03084: tasks 5392-5394,5396-5399: Terminated
srun: error: frontier00433: tasks 785-791: Terminated
srun: error: frontier04050: task 7049: Terminated
srun: error: frontier09233: tasks 15776-15781,15783: Terminated
srun: error: frontier01385: task 2444: Terminated
srun: error: frontier09284: task 15933: Terminated
srun: error: frontier01765: tasks 3088-3089,3091-3095: Terminated
srun: error: frontier05698: tasks 9832-9834,9836-9839: Terminated
srun: error: frontier07998: task 13795: Terminated
srun: error: frontier02708: task 4749: Terminated
srun: error: frontier03426: tasks 6024-6025,6027-6031: Terminated
srun: error: frontier07508: tasks 12936-12940,12942-12943: Terminated
srun: error: frontier06181: tasks 10632-10634,10636-10639: Terminated
srun: error: frontier08337: tasks 14272-14278: Terminated
srun: error: frontier05303: task 9185: Terminated
srun: error: frontier04910: tasks 8496-8499,8501-8503: Terminated
srun: error: frontier04313: tasks 7528-7531,7533-7535: Terminated
srun: error: frontier02912: tasks 5128-5130,5132-5135: Terminated
srun: error: frontier05789: task 9988: Terminated
srun: error: frontier08508: task 14596: Terminated
srun: error: frontier09394: task 16102: Terminated
srun: error: frontier03515: tasks 6192-6195,6197-6199: Terminated
srun: error: frontier00167: task 306: Terminated
srun: error: frontier08398: tasks 14440-14445,14447: Terminated
srun: error: frontier09268: tasks 15872,15874-15879: Terminated
srun: error: frontier04797: tasks 8328-8334: Terminated
srun: error: frontier05288: tasks 9128-9131,9133-9135: Terminated
srun: error: frontier02664: tasks 4688-4693,4695: Terminated
srun: error: frontier01373: tasks 2384-2388,2390-2391: Terminated
srun: error: frontier05417: task 9357: Terminated
srun: error: frontier00046: tasks 80-82,84-87: Terminated
srun: error: frontier02200: tasks 3888-3889,3891-3895: Terminated
srun: error: frontier05901: task 10159: Terminated
srun: error: frontier07141: task 12292: Terminated
srun: error: frontier08779: tasks 15072-15078: Terminated
srun: error: frontier05403: tasks 9296-9299,9301-9303: Terminated
srun: error: frontier03160: task 5546: Terminated
srun: error: frontier08897: tasks 15240,15242-15247: Terminated
srun: error: frontier09378: tasks 16040-16044,16046-16047: Terminated
srun: error: frontier04514: task 7853: Terminated
srun: error: frontier06662: tasks 11432-11436,11438-11439: Terminated
srun: error: frontier05844: tasks 10096-10102: Terminated
srun: error: frontier01874: task 3242: Terminated
srun: error: frontier01504: task 2614: Terminated
srun: error: frontier00924: tasks 1584,1586-1591: Terminated
srun: error: frontier04500: tasks 7792,7794-7799: Terminated
srun: error: frontier07599: task 13090: Terminated
srun: error: frontier01484: tasks 2552-2554,2556-2559: Terminated
srun: error: frontier07127: tasks 12232-12237,12239: Terminated
srun: error: frontier03129: tasks 5488,5490-5495: Terminated
srun: error: frontier00571: tasks 1048-1052,1054-1055: Terminated
srun: error: frontier00156: tasks 248-251,253-255: Terminated
srun: error: frontier07980: tasks 13736-13742: Terminated
srun: error: frontier00578: task 1109: Terminated
srun: error: frontier08488: tasks 14536-14538,14540-14543: Terminated
srun: error: frontier06328: tasks 10896-10902: Terminated
srun: error: frontier06223: tasks 10728-10733,10735: Terminated
srun: error: frontier02279: tasks 3984-3990: Terminated
srun: error: frontier01944: task 3413: Terminated
srun: error: frontier03601: tasks 6288,6290-6295: Terminated
srun: error: frontier04016: tasks 6992-6993,6995-6999: Terminated
srun: error: frontier05014: task 8653: Terminated
srun: error: frontier07240: task 12460: Terminated
srun: error: frontier03644: task 6344: Terminated
srun: error: frontier07699: tasks 13200-13204,13206-13207: Terminated
srun: error: frontier06350: task 10959: Terminated
srun: error: frontier01057: tasks 1848-1850,1852-1855: Terminated
srun: error: frontier05767: tasks 9928-9931,9933-9935: Terminated
srun: error: frontier04964: tasks 8592-8596,8598-8599: Terminated
srun: error: frontier08988: tasks 15336,15338-15343: Terminated
srun: error: frontier04065: tasks 7088,7090-7095: Terminated
srun: error: frontier02717: tasks 4784,4786-4791: Terminated
srun: error: frontier07717: task 13258: Terminated
srun: error: frontier01075: task 1909: Terminated
srun: error: frontier04174: tasks 7256-7261,7263: Terminated
srun: error: frontier03727: task 6515: Terminated
srun: error: frontier10127: task 16195: Terminated
srun: error: frontier01818: tasks 3184-3188,3190-3191: Terminated
srun: error: frontier00173: tasks 344-347,349-351: Terminated
srun: error: frontier08998: task 15397: Terminated
srun: error: frontier02400: tasks 4152-4158: Terminated
srun: error: frontier02318: task 4046: Terminated
srun: error: frontier07584: tasks 13032-13038: Terminated
srun: error: frontier01929: tasks 3352-3357,3359: Terminated
srun: error: frontier06825: task 11758: Terminated
srun: error: frontier04531: tasks 7888-7893,7895: Terminated
srun: error: frontier04110: task 7151: Terminated
srun: error: frontier05456: task 9453: Terminated
srun: error: frontier04633: tasks 8056-8058,8060-8063: Terminated
srun: error: frontier08090: tasks 13833-13839: Terminated
srun: error: frontier07265: tasks 12496-12502: Terminated
srun: error: frontier03289: tasks 5752-5753,5755-5759: Terminated
srun: error: frontier08532: tasks 14632-14636,14638-14639: Terminated
srun: error: frontier09402: tasks 16136-16139,16141-16143: Terminated
srun: error: frontier06365: tasks 10992-10997,10999: Terminated
srun: error: frontier05020: tasks 8688-8689,8691-8695: Terminated
srun: error: frontier10170: task 16366: Terminated
srun: error: frontier00709: tasks 1313-1319: Terminated
srun: error: frontier06809: tasks 11696-11697,11699-11703: Terminated
srun: error: frontier02411: task 4215: Terminated
srun: error: frontier04181: task 7316: Terminated
srun: error: frontier05917: tasks 10192-10194,10196-10199: Terminated
srun: error: frontier00192: task 403: Terminated
srun: error: frontier05434: tasks 9392-9397,9399: Terminated
srun: error: frontier00672: tasks 1144-1145,1147-1151: Terminated
srun: error: frontier08106: task 13892: Terminated
srun: error: frontier01082: tasks 1944-1950: Terminated
srun: error: frontier08145: tasks 14000-14004,14006-14007: Terminated
srun: error: frontier05130: tasks 8856-8858,8860-8863: Terminated
srun: error: frontier01994: tasks 3448-3449,3451-3455: Terminated
srun: error: frontier03736: tasks 6552-6556,6558-6559: Terminated
srun: error: frontier01186: tasks 2112-2118: Terminated
srun: error: frontier07316: task 12557: Terminated
srun: error: frontier01509: tasks 2648-2652,2654-2655: Terminated
srun: error: frontier01547: task 2711: Terminated
srun: error: frontier08627: tasks 14800-14806: Terminated
srun: error: frontier04566: task 7946: Terminated
srun: error: frontier09115: tasks 15600-15606: Terminated
srun: error: frontier08213: task 14061: Terminated
srun: error: frontier05595: tasks 9656-9657,9659-9663: Terminated
srun: error: frontier06839: tasks 11792-11794,11796-11799: Terminated
srun: error: frontier02435: tasks 4248-4250,4252-4255: Terminated
srun: error: frontier04233: tasks 7352-7357,7359: Terminated
srun: error: frontier00304: task 575: Terminated
srun: error: frontier06959: tasks 11960-11961,11963-11967: Terminated
srun: error: frontier01562: tasks 2744-2747,2749-2751: Terminated
srun: error: frontier02851: task 5011: Terminated
srun: error: frontier07328: tasks 12592-12593,12595-12599: Terminated
srun: error: frontier02878: tasks 5048-5050,5052-5055: Terminated
srun: error: frontier02018: task 3511: Terminated
srun: error: frontier01679: tasks 2912-2917,2919: Terminated
srun: error: frontier00685: task 1205: Terminated
srun: error: frontier03342: tasks 5848,5850-5855: Terminated
srun: error: frontier00312: tasks 608-612,614-615: Terminated
srun: error: frontier03311: task 5813: Terminated
srun: error: frontier04686: task 8113: Terminated
srun: error: frontier00806: tasks 1409-1415: Terminated
srun: error: frontier06425: task 11055: Terminated
srun: error: frontier04692: tasks 8152-8156,8158-8159: Terminated
srun: error: frontier08221: tasks 14096-14098,14100-14103: Terminated
srun: error: frontier08653: task 14857: Terminated
srun: error: frontier02141: tasks 3712-3713,3715-3719: Terminated
srun: error: frontier05166: tasks 8952,8954-8959: Terminated
srun: error: frontier09267: tasks 15864-15870: Terminated
srun: error: frontier00798: task 1374: Terminated
srun: error: frontier02833: tasks 4952-4956,4958-4959: Terminated
srun: error: frontier06568: tasks 11256-11258,11260-11263: Terminated
srun: error: frontier05936: task 10250: Terminated
srun: error: frontier07757: task 13354: Terminated
srun: error: frontier03917: tasks 6816-6818,6820-6823: Terminated
srun: error: frontier02576: tasks 4512-4514,4516-4519: Terminated
srun: error: frontier03801: tasks 6648-6651,6653-6655: Terminated
srun: error: frontier07446: tasks 12760-12762,12764-12767: Terminated
srun: error: frontier05156: task 8919: Terminated
srun: error: frontier06050: task 10422: Terminated
srun: error: frontier01096: task 2006: Terminated
srun: error: frontier09170: tasks 15696-15700,15702-15703: Terminated
srun: error: frontier03787: task 6612: Terminated
srun: error: frontier08715: tasks 14896,14898-14903: Terminated
srun: error: frontier06535: task 11219: Terminated
srun: error: frontier07728: tasks 13296-13298,13300-13303: Terminated
srun: error: frontier00042: tasks 73-79: Terminated
srun: error: frontier06062: tasks 10456-10462: Terminated
srun: error: frontier07817: tasks 13392,13394-13399: Terminated
srun: error: frontier04377: tasks 7616-7622: Terminated
srun: error: frontier02028: tasks 3544,3546-3551: Terminated
srun: error: frontier06878: task 11850: Terminated
srun: error: frontier09136: task 15663: Terminated
srun: error: frontier01753: tasks 3008,3010-3015: Terminated
srun: error: frontier05763: tasks 9920-9922,9924-9927: Terminated
srun: error: frontier02561: task 4479: Terminated
srun: error: frontier00417: tasks 704,706-711: Terminated
srun: error: frontier01250: task 2170: Terminated
srun: error: frontier01259: tasks 2208-2212,2214-2215: Terminated
srun: error: frontier03033: tasks 5312-5317,5319: Terminated
srun: error: frontier03425: tasks 6016,6018-6023: Terminated
srun: error: frontier06101: tasks 10552-10555,10557-10559: Terminated
srun: error: frontier07002: tasks 12056-12062: Terminated
srun: error: frontier08240: task 14157: Terminated
srun: error: frontier07891: tasks 13560-13563,13565-13567: Terminated
srun: error: frontier02455: task 4310: Terminated
srun: error: frontier00454: tasks 873-879: Terminated
srun: error: frontier08358: tasks 14360-14363,14365-14367: Terminated
srun: error: frontier02182: tasks 3808-3814: Terminated
srun: error: frontier05637: task 9716: Terminated
srun: error: frontier05668: tasks 9752-9756,9758-9759: Terminated
srun: error: frontier00826: tasks 1504-1510: Terminated
srun: error: frontier04253: task 7413: Terminated
srun: error: frontier03474: tasks 6112-6113,6115-6119: Terminated
srun: error: frontier06607: tasks 11352-11357,11359: Terminated
srun: error: frontier02278: tasks 3976-3982: Terminated
srun: error: frontier04269: tasks 7448-7451,7453-7455: Terminated
srun: error: frontier04892: tasks 8416-8420,8422-8423: Terminated
srun: error: frontier05312: tasks 9216,9218-9223: Terminated
srun: error: frontier07476: tasks 12856-12861,12863: Terminated
srun: error: frontier03981: tasks 6912-6915,6917-6919: Terminated
srun: error: frontier07076: tasks 12152,12154-12159: Terminated
srun: error: frontier00954: tasks 1673-1679: Terminated
srun: error: frontier00396: task 671: Terminated
srun: error: frontier08881: tasks 15160-15161,15163-15167: Terminated
srun: error: frontier06222: tasks 10720-10723,10725-10727: Terminated
srun: error: frontier01429: tasks 2472,2474-2479: Terminated
srun: error: frontier09297: tasks 15960,15962-15967: Terminated
srun: error: frontier01700: task 2970: Terminated
srun: error: frontier02712: tasks 4776,4778-4783: Terminated
srun: error: frontier05793: tasks 10016,10018-10023: Terminated
srun: error: frontier00074: tasks 168-170,172-175: Terminated
srun: error: frontier06094: task 10515: Terminated
srun: error: frontier07964: tasks 13656-13657,13659-13663: Terminated
srun: error: frontier06986: task 12017: Terminated
srun: error: frontier03013: task 5279: Terminated
srun: error: frontier02625: tasks 4609-4615: Terminated
srun: error: frontier01295: tasks 2265-2271: Terminated
srun: error: frontier02907: task 5106: Terminated
srun: error: frontier01887: tasks 3272-3273,3275-3279: Terminated
srun: error: frontier08852: task 15122: Terminated
srun: error: frontier06703: tasks 11520,11522-11527: Terminated
srun: error: frontier06296: tasks 10816-10817,10819-10823: Terminated
srun: error: frontier08737: task 14955: Terminated
srun: error: frontier04915: tasks 8512-8515,8517-8519: Terminated
srun: error: frontier08458: tasks 14456-14458,14460-14463: Terminated
srun: error: frontier05019: tasks 8680-8684,8686-8687: Terminated
srun: error: frontier03540: tasks 6208-6209,6211-6215: Terminated
srun: error: frontier04438: tasks 7712-7718: Terminated
srun: error: frontier00968: tasks 1768-1773,1775: Terminated
srun: error: frontier00819: task 1464: Terminated
srun: error: frontier03658: tasks 6376-6377,6379-6383: Terminated
srun: error: frontier09226: task 15755: Terminated
srun: error: frontier07612: tasks 13120-13123,13125-13127: Terminated
srun: error: frontier03168: tasks 5576-5582: Terminated
srun: error: frontier02328: tasks 4072-4074,4076-4079: Terminated
srun: error: frontier03358: task 5906: Terminated
srun: error: frontier03857: task 6706: Terminated
srun: error: frontier03087: tasks 5408-5413,5415: Terminated
srun: error: frontier06595: task 11316: Terminated
srun: error: frontier07191: tasks 12320-12325,12327: Terminated
srun: error: frontier07463: task 12820: Terminated
srun: error: frontier08531: tasks 14624-14629,14631: Terminated
srun: error: frontier02779: tasks 4872-4875,4877-4879: Terminated
srun: error: frontier00159: tasks 264-270: Terminated
srun: error: frontier00554: tasks 968-969,971-975: Terminated
srun: error: frontier09280: task 15922: Terminated
srun: error: frontier08901: tasks 15256-15259,15261-15263: Terminated
srun: error: frontier05846: tasks 10112-10114,10116-10119: Terminated
srun: error: frontier04741: task 8210: Terminated
srun: error: frontier07957: task 13619: Terminated
srun: error: frontier09002: tasks 15424-15429,15431: Terminated
srun: error: frontier01561: tasks 2736,2738-2743: Terminated
srun: error: frontier00201: tasks 432-435,437-439: Terminated
srun: error: frontier02605: task 4572: Terminated
srun: error: frontier03929: task 6874: Terminated
srun: error: frontier05202: task 9014: Terminated
srun: error: frontier05302: task 9179: Terminated
srun: error: frontier10138: tasks 16224-16230: Terminated
srun: error: frontier09383: tasks 16056-16060,16062-16063: Terminated
srun: error: frontier06740: tasks 11616-11618,11620-11623: Terminated
srun: error: frontier04609: tasks 7976-7977,7979-7983: Terminated
srun: error: frontier03469: task 6074: Terminated
srun: error: frontier07355: task 12653: Terminated
srun: error: frontier07703: tasks 13216-13221,13223: Terminated
srun: error: frontier03233: tasks 5672-5675,5677-5679: Terminated
srun: error: frontier05684: task 9812: Terminated
srun: error: frontier00689: tasks 1232-1233,1235-1239: Terminated
srun: error: frontier04120: tasks 7176-7177,7179-7183: Terminated
srun: error: frontier05405: tasks 9312,9314-9319: Terminated
srun: error: frontier06437: tasks 11080,11082-11087: Terminated
srun: error: frontier08112: tasks 13920-13924,13926-13927: Terminated
srun: error: frontier00065: task 132: Terminated
srun: error: frontier05074: tasks 8776-8779,8781-8783: Terminated
srun: error: frontier07326: tasks 12584-12587,12589-12591: Terminated
srun: error: frontier05463: tasks 9480-9486: Terminated
srun: error: frontier08608: tasks 14720-14725,14727: Terminated
srun: error: frontier07230: tasks 12416-12422: Terminated
srun: error: frontier01492: tasks 2569-2575: Terminated
srun: error: frontier07068: task 12118: Terminated
srun: error: frontier02023: tasks 3536-3541,3543: Terminated
srun: error: frontier01166: tasks 2033-2039: Terminated
srun: error: frontier05788: task 9983: Terminated
srun: error: frontier03716: tasks 6472-6477,6479: Terminated
srun: error: frontier09052: tasks 15520-15525,15527: Terminated
srun: error: frontier00428: task 764: Terminated
srun: error: frontier05965: tasks 10280,10282-10287: Terminated
srun: error: frontier08376: task 14417: Terminated
srun: error: frontier08167: tasks 14016-14022: Terminated
srun: error: frontier02402: tasks 4168-4173,4175: Terminated
srun: error: frontier01625: tasks 2832-2837,2839: Terminated
srun: error: frontier01933: tasks 3368-3369,3371-3375: Terminated
srun: error: frontier01760: task 3068: Terminated
srun: error: frontier02914: tasks 5136-5139,5141-5143: Terminated
srun: error: frontier01870: task 3233: Terminated
srun: error: frontier04646: tasks 8073-8079: Terminated
srun: error: frontier00295: tasks 528-531,533-535: Terminated
srun: error: frontier02462: tasks 4336-4339,4341-4343: Terminated
srun: error: frontier07816: tasks 13384-13389,13391: Terminated
srun: error: frontier02152: task 3774: Terminated
srun: error: frontier02837: tasks 4968-4974: Terminated
srun: error: frontier07501: task 12916: Terminated
srun: error: frontier03075: task 5372: Terminated
srun: error: frontier06234: task 10779: Terminated
srun: error: frontier06923: tasks 11880-11885,11887: Terminated
srun: error: frontier02074: tasks 3632-3635,3637-3639: Terminated
srun: error: frontier00545: task 933: Terminated
srun: error: frontier10161: tasks 16320-16324,16326-16327: Terminated
srun: error: frontier06492: tasks 11176-11181,11183: Terminated
srun: error: frontier04906: task 8478: Terminated
srun: error: frontier00712: tasks 1329-1335: Terminated
srun: error: frontier03394: tasks 5936,5938-5943: Terminated
srun: error: frontier04405: task 7674: Terminated
srun: error: frontier05147: tasks 8872-8875,8877-8879: Terminated
srun: error: frontier06176: task 10611: Terminated
srun: error: frontier03510: task 6175: Terminated
srun: error: frontier04176: tasks 7272,7274-7279: Terminated
srun: error: frontier08253: tasks 14184-14188,14190-14191: Terminated
srun: error: frontier00825: tasks 1496-1500,1502-1503: Terminated
srun: error: frontier05549: tasks 9576-9578,9580-9583: Terminated
srun: error: frontier08630: tasks 14816-14819,14821-14823: Terminated
srun: error: frontier06627: task 11414: Terminated
srun: error: frontier01188: tasks 2128-2129,2131-2135: Terminated
srun: error: frontier05209: tasks 9040-9046: Terminated
srun: error: frontier07366: tasks 12680-12682,12684-12687: Terminated
srun: error: frontier09236: tasks 15784-15789,15791: Terminated
srun: error: frontier06603: tasks 11344-11347,11349-11351: Terminated
srun: error: frontier06032: tasks 10376-10378,10380-10383: Terminated
srun: error: frontier08889: task 15222: Terminated
srun: error: frontier08749: tasks 14984-14987,14989-14991: Terminated
srun: error: frontier04268: tasks 7441-7447: Terminated
srun: error: frontier01310: tasks 2297-2303: Terminated
srun: error: frontier02307: task 4038: Terminated
srun: error: frontier06966: tasks 11976-11979,11981-11983: Terminated
srun: error: frontier04757: tasks 8240-8245,8247: Terminated
srun: error: frontier02991: tasks 5232-5235,5237-5239: Terminated
srun: error: frontier02197: task 3865: Terminated
srun: error: frontier03989: task 6971: Terminated
srun: error: frontier01685: tasks 2928,2930-2935: Terminated
srun: error: frontier04314: tasks 7536-7540,7542-7543: Terminated
srun: error: frontier01767: tasks 3096-3102: Terminated
srun: error: frontier00961: task 1728: Terminated
srun: error: frontier07451: tasks 12776-12777,12779-12783: Terminated
srun: error: frontier07857: tasks 13480,13482-13487: Terminated
srun: error: frontier02660: task 4666: Terminated
srun: error: frontier03864: tasks 6736-6738,6740-6743: Terminated
srun: error: frontier03085: tasks 5400-5401,5403-5407: Terminated
srun: error: frontier02536: tasks 4432,4434-4439: Terminated
srun: error: frontier08480: task 14513: Terminated
srun: error: frontier08100: task 13886: Terminated
srun: error: frontier09372: task 16023: Terminated
srun: error: frontier07561: tasks 12944-12945,12947-12951: Terminated
srun: error: frontier08340: tasks 14280-14282,14284-14287: Terminated
srun: error: frontier04803: tasks 8336-8339,8341-8343: Terminated
srun: error: frontier07894: tasks 13576,13578-13583: Terminated
srun: error: frontier02764: task 4837: Terminated
srun: error: frontier00435: tasks 793-799: Terminated
srun: error: frontier00925: tasks 1593-1599: Terminated
srun: error: frontier01466: task 2530: Terminated
srun: error: frontier07977: task 13717: Terminated
srun: error: frontier05382: task 9274: Terminated
srun: error: frontier09382: tasks 16048-16051,16053-16055: Terminated
srun: error: frontier06184: tasks 10640-10641,10643-10647: Terminated
srun: error: frontier05809: task 10076: Terminated
srun: error: frontier03459: tasks 6032-6035,6037-6039: Terminated
srun: error: frontier05705: tasks 9840,9842-9847: Terminated
srun: error: frontier02201: tasks 3896-3902: Terminated
srun: error: frontier04492: task 7772: Terminated
srun: error: frontier07075: tasks 12144-12145,12147-12151: Terminated
srun: error: frontier05290: tasks 9136-9141,9143: Terminated
srun: error: frontier00049: tasks 88-91,93-95: Terminated
srun: error: frontier04021: tasks 7000-7001,7003-7007: Terminated
srun: error: frontier06726: task 11581: Terminated
srun: error: frontier01376: tasks 2392-2398: Terminated
srun: error: frontier04379: tasks 7632-7636,7638-7639: Terminated
srun: error: frontier00129: task 227: Terminated
srun: error: frontier08784: tasks 15080-15086: Terminated
srun: error: frontier03924: tasks 6832-6833,6835-6839: Terminated
srun: error: frontier03524: tasks 6200,6202-6207: Terminated
srun: error: frontier09270: tasks 15880-15886: Terminated
srun: error: frontier00158: tasks 256-259,261-263: Terminated
srun: error: frontier05845: tasks 10104-10107,10109-10111: Terminated
srun: error: frontier00524: tasks 888,890-895: Terminated
srun: error: frontier03139: tasks 5496-5498,5500-5503: Terminated
srun: error: frontier07128: tasks 12240-12245,12247: Terminated
srun: error: frontier03219: task 5638: Terminated
srun: error: frontier06317: task 10875: Terminated
srun: error: frontier08587: task 14686: Terminated
srun: error: frontier08932: task 15314: Terminated
srun: error: frontier01895: task 3332: Terminated
srun: error: frontier07585: tasks 13040-13045,13047: Terminated
srun: error: frontier00572: tasks 1056,1058-1063: Terminated
srun: error: frontier07982: tasks 13744-13746,13748-13751: Terminated
srun: error: frontier04968: tasks 8600-8603,8605-8607: Terminated
srun: error: frontier04564: task 7942: Terminated
srun: error: frontier03602: tasks 6296-6301,6303: Terminated
srun: error: frontier04501: tasks 7800-7804,7806-7807: Terminated
srun: error: frontier06333: tasks 10904-10909,10911: Terminated
srun: error: frontier08091: tasks 13840-13845,13847: Terminated
srun: error: frontier08489: tasks 14544-14546,14548-14551: Terminated
srun: error: frontier07691: task 13180: Terminated
srun: error: frontier02690: tasks 4696-4700,4702-4703: Terminated
srun: error: frontier03118: task 5466: Terminated
srun: error: frontier09405: tasks 16144-16150: Terminated
srun: error: frontier07215: task 12382: Terminated
srun: error: frontier01826: tasks 3193-3199: Terminated
srun: error: frontier05046: task 8742: Terminated
srun: error: frontier03667: task 6437: Terminated
srun: error: frontier05436: tasks 9400,9402-9407: Terminated
srun: error: frontier04952: task 8570: Terminated
srun: error: frontier06711: tasks 11536-11541,11543: Terminated
srun: error: frontier06227: tasks 10736-10741,10743: Terminated
srun: error: frontier05422: task 9374: Terminated
srun: error: frontier10151: task 16284: Terminated
srun: error: frontier08991: tasks 15344-15348,15350-15351: Terminated
srun: error: frontier01059: tasks 1856-1862: Terminated
srun: error: frontier02281: tasks 3992-3996,3998-3999: Terminated
srun: error: frontier00956: tasks 1688-1690,1692-1695: Terminated
srun: error: frontier09018: task 15487: Terminated
srun: error: frontier06812: tasks 11704-11707,11709-11711: Terminated
srun: error: frontier01090: task 1999: Terminated
srun: error: frontier07269: tasks 12504-12505,12507-12511: Terminated
srun: error: frontier01510: tasks 2656-2660,2662-2663: Terminated
srun: error: frontier02395: task 4130: Terminated
srun: error: frontier02401: tasks 4160,4162-4167: Terminated
srun: error: frontier06874: task 11843: Terminated
srun: error: frontier04554: tasks 7896-7897,7899-7903: Terminated
srun: error: frontier03211: tasks 5592-5596,5598-5599: Terminated
srun: error: frontier02726: tasks 4792,4794-4799: Terminated
srun: error: frontier04152: task 7234: Terminated
srun: error: frontier02818: task 4934: Terminated
srun: error: frontier07730: tasks 13304-13310: Terminated
srun: error: frontier00175: tasks 353-359: Terminated
srun: error: frontier05026: tasks 8696,8698-8703: Terminated
srun: error: frontier05531: task 9542: Terminated
srun: error: frontier01054: task 1828: Terminated
srun: error: frontier05920: tasks 10200-10206: Terminated
srun: error: frontier08146: tasks 14008-14010,14012-14015: Terminated
srun: error: frontier05146: tasks 8864-8866,8868-8871: Terminated
srun: error: frontier06667: tasks 11440-11443,11445-11447: Terminated
srun: error: frontier04067: tasks 7096-7099,7101-7103: Terminated
srun: error: frontier02834: tasks 4960-4961,4963-4967: Terminated
srun: error: frontier06797: task 11674: Terminated
srun: error: frontier01084: tasks 1952-1958: Terminated
srun: error: frontier01596: task 2799: Terminated
srun: error: frontier08125: task 13981: Terminated
srun: error: frontier03292: tasks 5760-5762,5764-5767: Terminated
srun: error: frontier09007: tasks 15440-15441,15443-15447: Terminated
srun: error: frontier08629: tasks 14808-14810,14812-14815: Terminated
srun: error: frontier03757: tasks 6560-6565,6567: Terminated
srun: error: frontier00675: tasks 1153-1159: Terminated
srun: error: frontier08533: tasks 14640,14642-14647: Terminated
srun: error: frontier05517: tasks 9496-9499,9501-9503: Terminated
srun: error: frontier00563: task 1024: Terminated
srun: error: frontier01563: tasks 2752-2753,2755-2759: Terminated
srun: error: frontier02010: tasks 3456-3460,3462-3463: Terminated
srun: error: frontier09118: tasks 15608-15611,15613-15615: Terminated
srun: error: frontier04242: tasks 7360-7363,7365-7367: Terminated
srun: error: frontier07354: task 12644: Terminated
srun: error: frontier06404: tasks 11000-11004,11006-11007: Terminated
srun: error: frontier05982: task 10342: Terminated
srun: error: frontier00272: tasks 448-453,455: Terminated
srun: error: frontier00285: task 491: Terminated
srun: error: frontier07330: tasks 12600-12601,12603-12607: Terminated
srun: error: frontier03279: task 5729: Terminated
srun: error: frontier02436: tasks 4257-4263: Terminated
srun: error: frontier00314: tasks 616,618-623: Terminated
srun: error: frontier01506: task 2625: Terminated
srun: error: frontier04629: task 8034: Terminated
srun: error: frontier05773: tasks 9936-9942: Terminated
srun: error: frontier02029: tasks 3552-3557,3559: Terminated
srun: error: frontier00704: task 1294: Terminated
srun: error: frontier05596: tasks 9664-9665,9667-9671: Terminated
srun: error: frontier10146: tasks 16240,16242-16247: Terminated
srun: error: frontier07255: task 12474: Terminated
srun: error: frontier06840: tasks 11801-11807: Terminated
srun: error: frontier02065: task 3595: Terminated
srun: error: frontier01680: tasks 2920,2922-2927: Terminated
srun: error: frontier08622: task 14783: Terminated
srun: error: frontier08230: tasks 14104,14106-14111: Terminated
srun: error: frontier00807: tasks 1417-1423: Terminated
srun: error: frontier01947: task 3426: Terminated
srun: error: frontier05167: tasks 8960-8962,8964-8967: Terminated
srun: error: frontier02879: tasks 5056-5059,5061-5063: Terminated
srun: error: frontier06569: tasks 11264-11266,11268-11271: Terminated
srun: error: frontier02142: tasks 3721-3727: Terminated
srun: error: frontier06063: tasks 10464-10465,10467-10471: Terminated
srun: error: frontier05970: tasks 10296-10299,10301-10303: Terminated
srun: error: frontier03343: tasks 5856,5858-5863: Terminated
srun: error: frontier07892: tasks 13568-13572,13574-13575: Terminated
srun: error: frontier04693: tasks 8160-8166: Terminated
srun: error: frontier03729: task 6533: Terminated
srun: error: frontier09100: task 15582: Terminated
srun: error: frontier08716: tasks 14904-14909,14911: Terminated
srun: error: frontier01260: tasks 2216,2218-2223: Terminated
srun: error: frontier07003: tasks 12064-12069,12071: Terminated
srun: error: frontier05669: tasks 9760-9763,9765-9767: Terminated
srun: error: frontier05091: task 8838: Terminated
srun: error: frontier07450: tasks 12768-12774: Terminated
srun: error: frontier07723: task 13279: Terminated
srun: error: frontier02518: tasks 4352-4358: Terminated
srun: error: frontier01182: task 2094: Terminated
srun: error: frontier04378: tasks 7624-7627,7629-7631: Terminated
srun: error: frontier09171: tasks 15704-15706,15708-15711: Terminated
srun: error: frontier00418: tasks 712-717,719: Terminated
srun: error: frontier02527: task 4398: Terminated
srun: error: frontier03803: tasks 6657-6663: Terminated
srun: error: frontier07829: tasks 13400-13401,13403-13407: Terminated
srun: error: frontier07848: task 13442: Terminated
srun: error: frontier04274: tasks 7456-7457,7459-7463: Terminated
srun: error: frontier05580: task 9639: Terminated
srun: error: frontier03855: task 6703: Terminated
srun: error: frontier08256: tasks 14200-14205,14207: Terminated
srun: error: frontier03035: tasks 5320-5321,5323-5327: Terminated
srun: error: frontier01754: tasks 3016-3022: Terminated
srun: error: frontier08882: tasks 15168-15174: Terminated
srun: error: frontier00827: tasks 1512-1515,1517-1519: Terminated
srun: error: frontier10173: task 16382: Terminated
srun: error: frontier02183: tasks 3816-3818,3820-3823: Terminated
srun: error: frontier04226: task 7334: Terminated
srun: error: frontier03475: tasks 6120-6123,6125-6127: Terminated
srun: error: frontier07477: tasks 12864-12867,12869-12871: Terminated
srun: error: frontier06955: task 11940: Terminated
srun: error: frontier02577: tasks 4520-4521,4523-4527: Terminated
srun: error: frontier08752: tasks 15000-15005,15007: Terminated
srun: error: frontier06108: tasks 10560-10565,10567: Terminated
srun: error: frontier04760: tasks 8256,8258-8263: Terminated
srun: error: frontier04893: tasks 8424-8427,8429-8431: Terminated
srun: error: frontier08364: tasks 14368-14374: Terminated
srun: error: frontier03922: tasks 6824-6829,6831: Terminated
srun: error: frontier08218: task 14075: Terminated
srun: error: frontier03982: tasks 6920,6922-6927: Terminated
srun: error: frontier09354: tasks 15968-15969,15971-15975: Terminated
srun: error: frontier00455: tasks 880-886: Terminated
srun: error: frontier01312: tasks 2312,2314-2319: Terminated
srun: error: frontier01645: task 2890: Terminated
srun: error: frontier00306: task 587: Terminated
srun: error: frontier07965: tasks 13664-13665,13667-13671: Terminated
srun: error: frontier04304: task 7498: Terminated
srun: error: frontier00955: tasks 1680-1684,1686-1687: Terminated
srun: error: frontier01431: tasks 2480-2481,2483-2487: Terminated
srun: error: frontier08329: task 14245: Terminated
srun: error: frontier00076: tasks 176-181,183: Terminated
srun: error: frontier06053: task 10436: Terminated
srun: error: frontier05798: tasks 10024,10026-10031: Terminated
srun: error: frontier06619: tasks 11360,11362-11367: Terminated
srun: error: frontier00425: task 756: Terminated
srun: error: frontier04688: task 8131: Terminated
srun: error: frontier03090: tasks 5416-5418,5420-5423: Terminated
srun: error: frontier01769: tasks 3112-3115,3117-3119: Terminated
srun: error: frontier05255: tasks 9056-9057,9059-9063: Terminated
srun: error: frontier02967: task 5198: Terminated
srun: error: frontier07569: tasks 12960-12964,12966-12967: Terminated
srun: error: frontier06464: task 11142: Terminated
srun: error: frontier04772: task 8299: Terminated
srun: error: frontier00802: task 1384: Terminated
srun: error: frontier03541: tasks 6216-6219,6221-6223: Terminated
srun: error: frontier03357: task 5899: Terminated
srun: error: frontier03421: task 5994: Terminated
srun: error: frontier03170: tasks 5584-5589,5591: Terminated
srun: error: frontier02134: task 3690: Terminated
srun: error: frontier05315: tasks 9224-9228,9230-9231: Terminated
srun: error: frontier07437: task 12738: Terminated
srun: error: frontier08460: tasks 14464-14466,14468-14471: Terminated
srun: error: frontier00970: tasks 1776-1780,1782-1783: Terminated
srun: error: frontier06302: tasks 10824-10830: Terminated
srun: error: frontier06704: tasks 11528-11529,11531-11535: Terminated
srun: error: frontier00557: tasks 977-983: Terminated
srun: error: frontier07082: tasks 12160-12165,12167: Terminated
srun: error: frontier04028: tasks 7016,7018-7023: Terminated
srun: error: frontier02628: tasks 4617-4623: Terminated
srun: error: frontier04439: tasks 7720,7722-7727: Terminated
srun: error: frontier06545: task 11235: Terminated
srun: error: frontier08760: task 15046: Terminated
srun: error: frontier06174: task 10607: Terminated
srun: error: frontier02329: tasks 4080-4082,4084-4087: Terminated
srun: error: frontier08903: tasks 15264,15266-15271: Terminated
srun: error: frontier00834: task 1554: Terminated
srun: error: frontier09003: tasks 15432-15435,15437-15439: Terminated
srun: error: frontier04124: tasks 7184,7186-7191: Terminated
srun: error: frontier01888: tasks 3280-3282,3284-3287: Terminated
srun: error: frontier03659: tasks 6384-6385,6387-6391: Terminated
srun: error: frontier03892: task 6798: Terminated
srun: error: frontier05406: tasks 9320-9325,9327: Terminated
srun: error: frontier00267: tasks 440-441,443-447: Terminated
srun: error: frontier10142: tasks 16232-16238: Terminated
srun: error: frontier01493: tasks 2576-2581,2583: Terminated
srun: error: frontier09251: task 15843: Terminated
srun: error: frontier07615: tasks 13128-13133,13135: Terminated
srun: error: frontier07886: task 13538: Terminated
srun: error: frontier09386: tasks 16064-16066,16068-16071: Terminated
srun: error: frontier06741: tasks 11624-11630: Terminated
srun: error: frontier00574: tasks 1072-1073,1075-1079: Terminated
srun: error: frontier04611: tasks 7984-7990: Terminated
srun: error: frontier00691: tasks 1240-1242,1244-1247: Terminated
srun: error: frontier01357: task 2359: Terminated
srun: error: frontier02780: tasks 4880-4883,4885-4887: Terminated
srun: error: frontier05847: tasks 10120,10122-10127: Terminated
srun: error: frontier06625: task 11403: Terminated
srun: error: frontier06440: tasks 11088-11090,11092-11095: Terminated
srun: error: frontier08113: tasks 13928-13930,13932-13935: Terminated
srun: error: frontier02657: task 4660: Terminated
srun: error: frontier03028: task 5291: Terminated
srun: error: frontier01063: tasks 1872-1874,1876-1879: Terminated
srun: error: frontier03717: tasks 6480-6481,6483-6487: Terminated
srun: error: frontier10162: tasks 16328-16334: Terminated
srun: error: frontier05075: tasks 8784-8785,8787-8791: Terminated
srun: error: frontier05511: tasks 9488-9489,9491-9495: Terminated
srun: error: frontier04368: task 7597: Terminated
srun: error: frontier03234: tasks 5680-5685,5687: Terminated
srun: error: frontier02477: tasks 4344-4346,4348-4351: Terminated
srun: error: frontier00160: tasks 272-274,276-279: Terminated
srun: error: frontier06995: task 12033: Terminated
srun: error: frontier09057: tasks 15528-15533,15535: Terminated
srun: error: frontier05276: task 9100: Terminated
srun: error: frontier08609: tasks 14728,14730-14735: Terminated
srun: error: frontier05966: tasks 10288-10290,10292-10295: Terminated
srun: error: frontier01170: tasks 2040-2045,2047: Terminated
srun: error: frontier07231: tasks 12424-12426,12428-12431: Terminated
srun: error: frontier00029: task 53: Terminated
srun: error: frontier04177: tasks 7280-7281,7283-7287: Terminated
srun: error: frontier06926: tasks 11888-11894: Terminated
srun: error: frontier04917: tasks 8520,8522-8527: Terminated
srun: error: frontier01934: tasks 3376,3378-3383: Terminated
srun: error: frontier01814: task 3159: Terminated
srun: error: frontier07469: task 12836: Terminated
srun: error: frontier08351: task 14340: Terminated
srun: error: frontier06335: tasks 10920,10922-10927: Terminated
srun: error: frontier02956: tasks 5144-5148,5150-5151: Terminated
srun: error: frontier07704: tasks 13224-13229,13231: Terminated
srun: error: frontier07094: task 12202: Terminated
srun: error: frontier00451: task 852: Terminated
srun: error: frontier02403: tasks 4176-4182: Terminated
srun: error: frontier06817: tasks 11720-11725,11727: Terminated
srun: error: frontier06200: task 10703: Terminated
srun: error: frontier01630: tasks 2840-2846: Terminated
srun: error: frontier08202: tasks 14024-14028,14030-14031: Terminated
srun: error: frontier03100: task 5463: Terminated
srun: error: frontier00776: tasks 1336-1337,1339-1343: Terminated
srun: error: frontier04828: task 8397: Terminated
srun: error: frontier02075: tasks 3640-3645,3647: Terminated
srun: error: frontier05550: tasks 9584-9590: Terminated
srun: error: frontier02838: tasks 4976-4981,4983: Terminated
srun: error: frontier07193: tasks 12328,12330-12335: Terminated
srun: error: frontier01252: task 2191: Terminated
srun: error: frontier06033: tasks 10384-10387,10389-10391: Terminated
srun: error: frontier08255: tasks 14192-14197,14199: Terminated
srun: error: frontier04648: tasks 8080-8086: Terminated
srun: error: frontier08858: task 15138: Terminated
srun: error: frontier01189: tasks 2136-2137,2139-2143: Terminated
srun: error: frontier02266: task 3958: Terminated
srun: error: frontier03471: task 6091: Terminated
srun: error: frontier07577: task 13002: Terminated
srun: error: frontier06496: tasks 11184-11185,11187-11191: Terminated
srun: error: frontier09120: tasks 15624-15630: Terminated
srun: error: frontier00951: task 1649: Terminated
srun: error: frontier08931: task 15310: Terminated
srun: error: frontier02538: tasks 4440-4443,4445-4447: Terminated
srun: error: frontier08635: tasks 14824-14829,14831: Terminated
srun: error: frontier07873: tasks 13488-13494: Terminated
srun: error: frontier05148: tasks 8880,8882-8887: Terminated
srun: error: frontier03931: task 6891: Terminated
srun: error: frontier00296: tasks 536-541,543: Terminated
srun: error: frontier08750: tasks 14992-14995,14997-14999: Terminated
srun: error: frontier01311: tasks 2304-2309,2311: Terminated
srun: error: frontier04759: tasks 8248-8251,8253-8255: Terminated
srun: error: frontier02564: task 4491: Terminated
srun: error: frontier07372: tasks 12688-12694: Terminated
srun: error: frontier09238: tasks 15792-15794,15796-15799: Terminated
srun: error: frontier04353: tasks 7544-7548,7550-7551: Terminated
srun: error: frontier03590: task 6261: Terminated
srun: error: frontier05210: tasks 9048-9051,9053-9055: Terminated
srun: error: frontier01686: tasks 2936-2941,2943: Terminated
srun: error: frontier03397: tasks 5945-5951: Terminated
srun: error: frontier00436: tasks 800,802-807: Terminated
srun: error: frontier04053: task 7063: Terminated
srun: error: frontier05419: task 9364: Terminated
srun: error: frontier09286: task 15942: Terminated
srun: error: frontier06700: task 11499: Terminated
srun: error: frontier08344: tasks 14288-14293,14295: Terminated
srun: error: frontier02999: tasks 5240-5246: Terminated
srun: error: frontier06968: tasks 11984,11986-11991: Terminated
srun: error: frontier00068: task 151: Terminated
srun: error: frontier00005: tasks 0-3,5-7: Terminated
srun: error: frontier05308: task 9199: Terminated
srun: error: frontier02709: task 4756: Terminated
srun: error: frontier03865: tasks 6744,6746-6751: Terminated
srun: error: frontier09395: task 16109: Terminated
srun: error: frontier01768: tasks 3104-3110: Terminated
srun: error: frontier05790: task 9998: Terminated
srun: error: frontier01386: task 2451: Terminated
srun: error: frontier02202: tasks 3904-3909,3911: Terminated
srun: error: frontier03460: tasks 6040-6041,6043-6047: Terminated
srun: error: frontier00930: tasks 1600-1603,1605-1607: Terminated
srun: error: frontier07999: task 13804: Terminated
srun: error: frontier06682: tasks 11448-11452,11454-11455: Terminated
srun: error: frontier05713: tasks 9848,9850-9855: Terminated
srun: error: frontier05719: task 9901: Terminated
srun: error: frontier05598: tasks 9680-9685,9687: Terminated
srun: error: frontier03925: tasks 6840-6842,6844-6847: Terminated
srun: error: frontier00168: task 319: Terminated
srun: error: frontier02579: tasks 4536,4538-4543: Terminated
srun: error: frontier04804: tasks 8344-8345,8347-8351: Terminated
srun: error: frontier08785: tasks 15088-15094: Terminated
srun: error: frontier00051: tasks 97-103: Terminated
srun: error: frontier06066: tasks 10480,10482-10487: Terminated
srun: error: frontier05902: task 10166: Terminated
srun: error: frontier02696: tasks 4704-4709,4711: Terminated
srun: error: frontier06187: tasks 10648-10649,10651-10655: Terminated
srun: error: frontier01377: tasks 2400-2402,2404-2407: Terminated
srun: error: frontier07452: tasks 12784-12785,12787-12791: Terminated
srun: error: frontier04383: tasks 7640-7641,7643-7647: Terminated
srun: error: frontier04026: tasks 7008-7010,7012-7015: Terminated
srun: error: frontier08517: task 14606: Terminated
srun: error: frontier07129: tasks 12248-12253,12255: Terminated
srun: error: frontier07564: tasks 12952-12958: Terminated
srun: error: frontier03296: tasks 5776-5779,5781-5783: Terminated
srun: error: frontier04520: task 7860: Terminated
srun: error: frontier09271: tasks 15888-15893,15895: Terminated
srun: error: frontier01829: tasks 3200,3202-3207: Terminated
srun: error: frontier01882: task 3251: Terminated
srun: error: frontier07897: tasks 13584-13589,13591: Terminated
srun: error: frontier00539: tasks 897-903: Terminated
srun: error: frontier04502: tasks 7808-7811,7813-7815: Terminated
srun: error: frontier07171: task 12300: Terminated
srun: error: frontier02144: tasks 3736-3739,3741-3743: Terminated
srun: error: frontier00573: tasks 1064-1070: Terminated
srun: error: frontier00662: task 1114: Terminated
srun: error: frontier08490: tasks 14552-14555,14557-14559: Terminated
srun: error: frontier04898: tasks 8440-8446: Terminated
srun: error: frontier08992: tasks 15352-15354,15356-15359: Terminated
srun: error: frontier00547: task 950: Terminated
srun: error: frontier05775: tasks 9944-9950: Terminated
srun: error: frontier03144: tasks 5504-5507,5509-5511: Terminated
srun: error: frontier05016: task 8663: Terminated
srun: error: frontier03645: task 6355: Terminated
srun: error: frontier05291: tasks 9144-9146,9148-9151: Terminated
srun: error: frontier02282: tasks 4000-4002,4004-4007: Terminated
srun: error: frontier08369: tasks 14384-14388,14390-14391: Terminated
srun: error: frontier07984: tasks 13752-13757,13759: Terminated
srun: error: frontier07600: task 13103: Terminated
srun: error: frontier03161: task 5559: Terminated
srun: error: frontier03603: tasks 6304-6310: Terminated
srun: error: frontier06284: task 10794: Terminated
srun: error: frontier02319: task 4052: Terminated
srun: error: frontier01945: task 3416: Terminated
srun: error: frontier07586: tasks 13048-13054: Terminated
srun: error: frontier01060: tasks 1864-1865,1867-1871: Terminated
srun: error: frontier06334: tasks 10912,10914-10919: Terminated
srun: error: frontier04068: tasks 7104-7108,7110-7111: Terminated
srun: error: frontier08999: task 15405: Terminated
srun: error: frontier04970: tasks 8608,8610-8615: Terminated
srun: error: frontier02742: tasks 4800-4804,4806-4807: Terminated
srun: error: frontier06228: tasks 10744-10745,10747-10751: Terminated
srun: error: frontier01077: task 1914: Terminated
srun: error: frontier00177: tasks 361-367: Terminated
srun: error: frontier06358: task 10962: Terminated
srun: error: frontier08108: task 13900: Terminated
srun: error: frontier06712: tasks 11544-11550: Terminated
srun: error: frontier00957: tasks 1696-1697,1699-1703: Terminated
srun: error: frontier04555: tasks 7904-7910: Terminated
srun: error: frontier06815: tasks 11712-11718: Terminated
srun: error: frontier03212: tasks 5600-5602,5604-5607: Terminated
srun: error: frontier09415: tasks 16152-16153,16155-16159: Terminated
srun: error: frontier06826: task 11762: Terminated
srun: error: frontier03293: tasks 5768-5771,5773-5775: Terminated
srun: error: frontier08095: tasks 13848-13852,13854-13855: Terminated
srun: error: frontier05442: tasks 9408-9412,9414-9415: Terminated
srun: error: frontier01511: tasks 2664-2670: Terminated
srun: error: frontier10129: task 16207: Terminated
srun: error: frontier02413: task 4223: Terminated
srun: error: frontier06409: tasks 11008-11014: Terminated
srun: error: frontier05028: tasks 8704-8709,8711: Terminated
srun: error: frontier00676: tasks 1160-1161,1163-1167: Terminated
srun: error: frontier09009: tasks 15448-15449,15451-15455: Terminated
srun: error: frontier00193: task 415: Terminated
srun: error: frontier01433: tasks 2497-2503: Terminated
srun: error: frontier07196: tasks 12344-12347,12349-12351: Terminated
srun: error: frontier08535: tasks 14648-14651,14653-14655: Terminated
srun: error: frontier04114: task 7157: Terminated
srun: error: frontier01553: task 2718: Terminated
srun: error: frontier07731: tasks 13312-13314,13316-13319: Terminated
srun: error: frontier08217: task 14068: Terminated
srun: error: frontier03662: tasks 6400-6405,6407: Terminated
srun: error: frontier04567: task 7957: Terminated
srun: error: frontier05924: tasks 10209-10215: Terminated
srun: error: frontier02011: tasks 3464-3469,3471: Terminated
srun: error: frontier04182: task 7322: Terminated
srun: error: frontier07298: tasks 12512-12514,12516-12519: Terminated
srun: error: frontier05937: task 10258: Terminated
srun: error: frontier02774: task 4851: Terminated
srun: error: frontier07319: task 12562: Terminated
srun: error: frontier05457: task 9460: Terminated
srun: error: frontier09119: tasks 15616-15620,15622-15623: Terminated
srun: error: frontier07620: tasks 13144-13149,13151: Terminated
srun: error: frontier04687: task 8123: Terminated
srun: error: frontier02854: task 5021: Terminated
srun: error: frontier00686: task 1213: Terminated
srun: error: frontier03334: task 5817: Terminated
srun: error: frontier06426: task 11057: Terminated
srun: error: frontier05058: task 8754: Terminated
srun: error: frontier08655: task 14867: Terminated
srun: error: frontier09030: task 15498: Terminated
srun: error: frontier05157: task 8924: Terminated
srun: error: frontier02019: task 3519: Terminated
srun: error: frontier01153: task 2011: Terminated
srun: error: frontier07722: task 13268: Terminated
srun: error: frontier02458: task 4314: Terminated
srun: error: frontier06879: task 11861: Terminated
srun: error: frontier09139: task 15666: Terminated
srun: error: frontier05536: task 9556: Terminated
srun: error: frontier07758: task 13367: Terminated
srun: error: frontier03791: task 6618: Terminated
srun: error: frontier06993: task 12030: Terminated
srun: error: frontier01251: task 2182: Terminated
srun: error: frontier05649: task 9726: Terminated
srun: error: frontier08601: task 14700: Terminated
srun: error: frontier08241: task 14166: Terminated
srun: error: frontier04255: task 7422: Terminated
srun: error: frontier02908: task 5118: Terminated
srun: error: frontier01701: task 2980: Terminated
srun: error: frontier01612: task 2809: Terminated
srun: error: frontier00397: task 676: Terminated
srun: error: frontier07356: task 12660: Terminated
srun: error: frontier03368: task 5914: Terminated
srun: error: frontier04745: task 8220: Terminated
srun: error: frontier00799: task 1382: Terminated
srun: error: frontier02071: task 3615: Terminated
srun: error: frontier08738: task 14965: Terminated
srun: error: frontier06095: task 10527: Terminated
srun: error: frontier07852: task 13459: Terminated
srun: error: frontier03470: task 6082: Terminated
srun: error: frontier00821: task 1472: Terminated
srun: error: frontier07466: task 12827: Terminated
srun: error: frontier02155: task 3781: Terminated
srun: error: frontier06599: task 11326: Terminated
srun: error: frontier05203: task 9021: Terminated
srun: error: frontier03859: task 6714: Terminated
srun: error: frontier09227: task 15764: Terminated
srun: error: frontier01297: task 2273: Terminated
srun: error: frontier02612: task 4579: Terminated
srun: error: frontier03930: task 6885: Terminated
srun: error: frontier05685: task 9823: Terminated
srun: error: frontier04310: task 7515: Terminated
srun: error: frontier00066: task 138: Terminated
srun: error: frontier01762: task 3076: Terminated
srun: error: frontier00431: task 774: Terminated
srun: error: frontier08378: task 14428: Terminated
srun: error: frontier07069: task 12123: Terminated
srun: error: frontier07503: task 12923: Terminated
srun: error: frontier06177: task 10618: Terminated
srun: error: frontier04795: task 8314: Terminated
srun: error: frontier03076: task 5382: Terminated
srun: error: frontier04434: task 7683: Terminated
srun: error: frontier00546: task 937: Terminated
srun: error: frontier04908: task 8485: Terminated
srun: error: frontier00920: task 1569: Terminated
srun: error: frontier03511: task 6183: Terminated
srun: error: frontier08892: task 15225: Terminated
srun: error: frontier02198: task 3877: Terminated
srun: error: frontier09376: task 16031: Terminated
srun: error: frontier06280: task 10787: Terminated
srun: error: frontier06628: task 11422: Terminated
srun: error: frontier03990: task 6980: Terminated
srun: error: frontier05384: task 9283: Terminated
srun: error: frontier01362: task 2368: Terminated
srun: error: frontier02770: task 4845: Terminated
srun: error: frontier00132: task 232: Terminated
srun: error: frontier01470: task 2539: Terminated
srun: error: frontier07103: task 12222: Terminated
srun: error: frontier06727: task 11590: Terminated
srun: error: frontier02661: task 4678: Terminated
srun: error: frontier04493: task 7781: Terminated
srun: error: frontier03120: task 5479: Terminated
srun: error: frontier08481: task 14524: Terminated
srun: error: frontier00566: task 1037: Terminated
srun: error: frontier08599: task 14691: Terminated
srun: error: frontier01897: task 3343: Terminated
srun: error: frontier07216: task 12389: Terminated
srun: error: frontier03220: task 5646: Terminated
srun: error: frontier00962: task 1743: Terminated
srun: error: frontier05841: task 10086: Terminated
srun: error: frontier03598: task 6275: Terminated
srun: error: frontier07694: task 13187: Terminated
srun: error: frontier05057: task 8749: Terminated
srun: error: frontier08973: task 15325: Terminated
srun: error: frontier01055: task 1837: Terminated
srun: error: frontier04955: task 8581: Terminated
srun: error: frontier09400: task 16125: Terminated
srun: error: frontier09027: task 15490: Terminated
srun: error: frontier03668: task 6445: Terminated
srun: error: frontier05423: task 9382: Terminated
srun: error: frontier06318: task 10885: Terminated
srun: error: frontier06803: task 11683: Terminated
srun: error: frontier02398: task 4138: Terminated
srun: error: frontier04153: task 7243: Terminated
srun: error: frontier10152: task 16291: Terminated
srun: error: frontier02831: task 4940: Terminated
srun: error: frontier00171: task 330: Terminated
srun: error: frontier08131: task 13989: Terminated
srun: error: frontier05532: task 9549: Terminated
srun: error: frontier07257: task 12482: Terminated
srun: error: frontier05908: task 10178: Terminated
srun: error: frontier00286: task 500: Terminated
srun: error: frontier04630: task 8042: Terminated
srun: error: frontier01948: task 3432: Terminated
srun: error: frontier01507: task 2637: Terminated
srun: error: frontier03287: task 5737: Terminated
srun: error: frontier02068: task 3606: Terminated
srun: error: frontier01606: task 2805: Terminated
srun: error: frontier00707: task 1299: Terminated
srun: error: frontier05987: task 10345: Terminated
srun: error: frontier09102: task 15589: Terminated
srun: error: frontier08623: task 14787: Terminated
srun: error: frontier05124: task 8844: Terminated
srun: error: frontier03733: task 6541: Terminated
srun: error: frontier02417: task 4234: Terminated
srun: error: frontier06363: task 10980: Terminated
srun: error: frontier07851: task 13453: Terminated
srun: error: frontier07724: task 13281: Terminated
srun: error: frontier06465: task 11150: Terminated
srun: error: frontier04229: task 7340: Terminated
srun: error: frontier06956: task 11950: Terminated
srun: error: frontier05582: task 9643: Terminated
srun: error: frontier02532: task 4404: Terminated
srun: error: frontier08331: task 14255: Terminated
srun: error: frontier00307: task 594: Terminated
srun: error: frontier02968: task 5206: Terminated
srun: error: frontier08219: task 14083: Terminated
srun: error: frontier01184: task 2096: Terminated
srun: error: frontier04306: task 7505: Terminated
srun: error: frontier07438: task 12749: Terminated
srun: error: frontier08668: task 14887: Terminated
srun: error: frontier04690: task 8142: Terminated
srun: error: frontier06057: task 10447: Terminated
srun: error: frontier08763: task 15053: Terminated
srun: error: frontier04786: task 8310: Terminated
srun: error: frontier09252: task 15853: Terminated
srun: error: frontier05164: task 8940: Terminated
srun: error: frontier03893: task 6806: Terminated
srun: error: frontier07887: task 13545: Terminated
srun: error: frontier03422: task 6007: Terminated
srun: error: frontier02137: task 3702: Terminated
srun: error: frontier01646: task 2897: Terminated
srun: error: frontier05655: task 9736: Terminated
srun: error: frontier06557: task 11245: Terminated
srun: error: frontier00036: task 59: Terminated
srun: error: frontier05280: task 9111: Terminated
srun: error: frontier01359: task 2360: Terminated
srun: error: frontier04372: task 7603: Terminated
srun: error: frontier08352: task 14344: Terminated
srun: error: frontier06996: task 12042: Terminated
srun: error: frontier03029: task 5301: Terminated
srun: error: frontier01740: task 2995: Terminated
srun: error: frontier02574: task 4501: Terminated
srun: error: frontier02870: task 5037: Terminated
srun: error: frontier07470: task 12847: Terminated
srun: error: frontier00452: task 856: Terminated
srun: error: frontier07095: task 12212: Terminated
srun: error: frontier04832: task 8404: Terminated
srun: error: frontier05722: task 9907: Terminated
srun: error: frontier01815: task 3161: Terminated
srun: error: frontier00803: task 1393: Terminated
srun: error: frontier08866: task 15150: Terminated
srun: error: frontier03472: task 6098: Terminated
srun: error: frontier02158: task 3795: Terminated
srun: error: frontier01256: task 2194: Terminated
srun: error: frontier07578: task 13010: Terminated
srun: error: frontier00952: task 1658: Terminated
srun: error: frontier06204: task 10710: Terminated
srun: error: frontier08081: task 13814: Terminated
srun: error: frontier03969: task 6902: Terminated
srun: error: frontier03597: task 6266: Terminated
srun: error: frontier07961: task 13645: Terminated
srun: error: frontier09287: task 15946: Terminated
srun: error: frontier06701: task 11510: Terminated
srun: error: frontier04059: task 7071: Terminated
srun: error: frontier02270: task 3962: Terminated
srun: error: frontier00071: task 159: Terminated
srun: error: frontier01415: task 2462: Terminated
srun: error: frontier02710: task 4767: Terminated
srun: error: frontier04436: task 7701: Terminated
srun: error: frontier05310: task 9207: Terminated
srun: error: frontier07175: task 12311: Terminated
srun: error: frontier09399: task 16116: Terminated
srun: error: frontier00170: task 326: Terminated
srun: error: frontier00919: task 1563: Terminated
srun: error: frontier04521: task 7868: Terminated
srun: error: frontier01883: task 3263: Terminated
srun: error: frontier00548: task 957: Terminated
srun: error: frontier08521: task 14610: Terminated
srun: error: frontier05791: task 10006: Terminated
srun: error: frontier03164: task 5567: Terminated
srun: error: frontier05904: task 10171: Terminated
srun: error: frontier07601: task 13106: Terminated
srun: error: frontier06359: task 10973: Terminated
srun: error: frontier05017: task 8665: Terminated
srun: error: frontier06291: task 10804: Terminated
srun: error: frontier00964: task 1754: Terminated
srun: error: frontier09000: task 15411: Terminated
srun: error: frontier02322: task 4060: Terminated
srun: error: frontier00666: task 1120: Terminated
srun: error: frontier02415: task 4231: Terminated
srun: error: frontier05461: task 9467: Terminated
srun: error: frontier04116: task 7162: Terminated
srun: error: frontier10132: task 16211: Terminated
srun: error: frontier02776: task 4860: Terminated
srun: error: frontier06836: task 11770: Terminated
srun: error: frontier01078: task 1925: Terminated
srun: error: frontier07220: task 12401: Terminated
srun: error: frontier06736: task 11602: Terminated
srun: error: frontier08110: task 13908: Terminated
srun: error: frontier00195: task 417: Terminated
srun: error: frontier05938: task 10270: Terminated
srun: error: frontier07322: task 12574: Terminated
srun: error: frontier08603: task 14706: Terminated
srun: error: frontier04569: task 7966: Terminated
srun: error: frontier00687: task 1219: Terminated
srun: error: frontier03222: task 5662: Terminated
srun: error: frontier03338: task 5830: Terminated
srun: error: frontier01554: task 2725: Terminated
srun: error: frontier02862: task 5030: Terminated
srun: error: frontier05059: task 8764: Terminated
srun: error: frontier02021: task 3527: Terminated
srun: error: frontier08659: task 14877: Terminated
srun: error: frontier03678: task 6459: Terminated
srun: error: frontier07760: task 13372: Terminated
srun: error: frontier03646: task 6366: Terminated
srun: error: frontier09033: task 15511: Terminated
srun: error: frontier03792: task 6628: Terminated
srun: error: frontier10155: task 16310: Terminated
srun: error: frontier05158: task 8934: Terminated
srun: error: frontier08249: task 14175: Terminated
srun: error: frontier06432: task 11068: Terminated
srun: error: frontier01154: task 2022: Terminated
srun: error: frontier06917: task 11871: Terminated
srun: error: frontier09144: task 15677: Terminated
srun: error: frontier02460: task 4321: Terminated
srun: error: frontier05545: task 9567: Terminated
srun: error: frontier01614: task 2822: Terminated
srun: error: frontier04263: task 7429: Terminated
srun: error: frontier00288: task 515: Terminated
srun: error: frontier05652: task 9735: Terminated
srun: error: frontier01713: task 2987: Terminated
srun: error: frontier00409: task 683: Terminated
srun: error: frontier02910: task 5124: Terminated
srun: error: frontier04752: task 8229: Terminated
srun: error: frontier02072: task 3623: Terminated
srun: error: frontier03380: task 5926: Terminated
srun: error: frontier07362: task 12671: Terminated
srun: error: frontier06024: task 10366: Terminated
srun: error: frontier00822: task 1487: Terminated
srun: error: frontier08739: task 14972: Terminated
srun: error: frontier02157: task 3787: Terminated
srun: error: frontier06096: task 10533: Terminated
srun: error: frontier06486: task 11167: Terminated
srun: error: frontier02534: task 4419: Terminated
srun: error: frontier07853: task 13466: Terminated
srun: error: frontier07959: task 13638: Terminated
srun: error: frontier09228: task 15769: Terminated
srun: error: frontier06601: task 11331: Terminated
srun: error: frontier02613: task 4584: Terminated
srun: error: frontier01300: task 2286: Terminated
srun: error: frontier02979: task 5220: Terminated
srun: error: frontier05204: task 9025: Terminated
srun: error: frontier04312: task 7527: Terminated
srun: error: frontier08386: task 14437: Terminated
srun: error: frontier03861: task 6727: Terminated
srun: error: frontier07070: task 12135: Terminated
srun: error: frontier03081: task 5387: Terminated
srun: error: frontier05697: task 9828: Terminated
srun: error: frontier01763: task 3086: Terminated
srun: error: frontier00432: task 778: Terminated
srun: error: frontier04435: task 7693: Terminated
srun: error: frontier08776: task 15066: Terminated
srun: error: frontier02199: task 3886: Terminated
srun: error: frontier04796: task 8325: Terminated
srun: error: frontier07505: task 12935: Terminated
srun: error: frontier03513: task 6191: Terminated
srun: error: frontier00923: task 1582: Terminated
srun: error: frontier06179: task 10626: Terminated
srun: error: frontier00963: task 1746: Terminated
srun: error: frontier08896: task 15237: Terminated
srun: error: frontier06629: task 11430: Terminated
srun: error: frontier04909: task 8489: Terminated
srun: error: frontier04007: task 6987: Terminated
srun: error: frontier05394: task 9290: Terminated
srun: error: frontier02662: task 4686: Terminated
srun: error: frontier06735: task 11595: Terminated
srun: error: frontier05284: task 9122: Terminated
srun: error: frontier08482: task 14533: Terminated
srun: error: frontier09377: task 16036: Terminated
srun: error: frontier07119: task 12231: Terminated
srun: error: frontier00153: task 244: Terminated
srun: error: frontier05843: task 10090: Terminated
srun: error: frontier04494: task 7788: Terminated
srun: error: frontier03128: task 5484: Terminated
srun: error: frontier03221: task 5654: Terminated
srun: error: frontier00570: task 1046: Terminated
srun: error: frontier01817: task 3180: Terminated
srun: error: frontier06322: task 10891: Terminated
srun: error: frontier07217: task 12397: Terminated
srun: error: frontier04957: task 8585: Terminated
srun: error: frontier07580: task 13027: Terminated
srun: error: frontier08984: task 15330: Terminated
srun: error: frontier01903: task 3351: Terminated
srun: error: frontier03600: task 6282: Terminated
srun: error: frontier07695: task 13198: Terminated
srun: error: frontier03676: task 6451: Terminated
srun: error: frontier02399: task 4149: Terminated
srun: error: frontier05431: task 9390: Terminated
srun: error: frontier01056: task 1841: Terminated
srun: error: frontier01482: task 2548: Terminated
srun: error: frontier10153: task 16302: Terminated
srun: error: frontier01369: task 2379: Terminated
srun: error: frontier02832: task 4946: Terminated
srun: error: frontier00172: task 338: Terminated
srun: error: frontier08089: task 13831: Terminated
srun: error: frontier09401: task 16131: Terminated
srun: error: frontier04525: task 7882: Terminated
srun: error: frontier06805: task 11690: Terminated
srun: error: frontier08141: task 13996: Terminated
srun: error: frontier05910: task 10190: Terminated
srun: error: frontier06018: task 10354: Terminated
srun: error: frontier01508: task 2644: Terminated
srun: error: frontier04173: task 7253: Terminated
srun: error: frontier03288: task 5748: Terminated
srun: error: frontier01952: task 3443: Terminated
srun: error: frontier00669: task 1139: Terminated
srun: error: frontier04632: task 8054: Terminated
srun: error: frontier07725: task 13291: Terminated
srun: error: frontier08625: task 14799: Terminated
srun: error: frontier07264: task 12493: Terminated
srun: error: frontier00708: task 1308: Terminated
srun: error: frontier04064: task 7085: Terminated
srun: error: frontier06364: task 10990: Terminated
srun: error: frontier03734: task 6548: Terminated
srun: error: frontier01081: task 1942: Terminated
srun: error: frontier05127: task 8855: Terminated
srun: error: frontier06838: task 11786: Terminated
srun: error: frontier09103: task 15596: Terminated
srun: error: frontier01185: task 2109: Terminated
srun: error: frontier02418: task 4247: Terminated
srun: error: frontier02533: task 4414: Terminated
srun: error: frontier06482: task 11159: Terminated
srun: error: frontier06958: task 11959: Terminated
srun: error: frontier04231: task 7348: Terminated
srun: error: frontier05586: task 9651: Terminated
srun: error: frontier08220: task 14094: Terminated
srun: error: frontier02971: task 5210: Terminated
srun: error: frontier08333: task 14261: Terminated
srun: error: frontier00309: task 607: Terminated
srun: error: frontier01668: task 2909: Terminated
srun: error: frontier04691: task 8149: Terminated
srun: error: frontier06060: task 10454: Terminated
srun: error: frontier02874: task 5046: Terminated
srun: error: frontier08714: task 14894: Terminated
srun: error: frontier00805: task 1403: Terminated
srun: error: frontier03341: task 5843: Terminated
srun: error: frontier07445: task 12756: Terminated
srun: error: frontier06564: task 11250: Terminated
srun: error: frontier09168: task 15691: Terminated
srun: error: frontier08769: task 15062: Terminated
srun: error: frontier02140: task 3711: Terminated
srun: error: frontier03896: task 6809: Terminated
srun: error: frontier02575: task 4507: Terminated
srun: error: frontier03423: task 6013: Terminated
srun: error: frontier07890: task 13559: Terminated
srun: error: frontier03799: task 6642: Terminated
srun: error: frontier09255: task 15858: Terminated
srun: error: frontier01258: task 2207: Terminated
srun: error: frontier07000: task 12055: Terminated
srun: error: frontier05667: task 9746: Terminated
srun: error: frontier05165: task 8950: Terminated
srun: error: frontier05283: task 9116: Terminated
srun: error: frontier00041: task 69: Terminated
srun: error: frontier00414: task 703: Terminated
srun: error: frontier03031: task 5309: Terminated
srun: error: frontier08357: task 14354: Terminated
srun: error: frontier01749: task 3006: Terminated
srun: error: frontier01816: task 3173: Terminated
srun: error: frontier05723: task 9916: Terminated
srun: error: frontier00453: task 870: Terminated
srun: error: frontier06100: task 10550: Terminated
srun: error: frontier04373: task 7614: Terminated
srun: error: frontier07474: task 12854: Terminated
srun: error: frontier02178: task 3804: Terminated
srun: error: frontier08871: task 15157: Terminated
srun: error: frontier06205: task 10714: Terminated
srun: error: frontier03473: task 6110: Terminated
srun: error: frontier09296: task 15956: Terminated
srun: error: frontier04871: task 8414: Terminated
srun: error: frontier02271: task 3971: Terminated
srun: error: frontier00953: task 1671: Terminated
srun: error: frontier03980: task 6907: Terminated
srun: error: frontier07579: task 13020: Terminated
srun: error: frontier02624: task 4607: Terminated
srun: error: frontier05311: task 9214: Terminated
srun: error: frontier08088: task 13817: Terminated
srun: error: frontier02711: task 4773: Terminated
srun: error: frontier04063: task 7075: Terminated
srun: error: frontier07962: task 13650: Terminated
srun: error: frontier01416: task 2471: Terminated
srun: error: frontier04437: task 7706: Terminated
srun: error: frontier00073: task 160: Terminated
srun: error: frontier08428: task 14455: Terminated
srun: error: frontier07182: task 12314: Terminated
srun: error: frontier06702: task 11514: Terminated
srun: error: frontier03167: task 5573: Terminated
srun: error: frontier08523: task 14619: Terminated
srun: error: frontier04523: task 7879: Terminated
srun: error: frontier00553: task 964: Terminated
srun: error: frontier05792: task 10013: Terminated
srun: error: frontier06294: task 10814: Terminated
srun: error: frontier00668: task 1129: Terminated
srun: error: frontier04913: task 8509: Terminated
srun: error: frontier08900: task 15250: Terminated
srun: error: frontier05018: task 8679: Terminated
srun: error: frontier00967: task 1766: Terminated
srun: error: frontier07602: task 13118: Terminated
srun: error: frontier01884: task 3271: Terminated
srun: error: frontier09001: task 15419: Terminated
srun: error: frontier05404: task 9310: Terminated
srun: error: frontier06739: task 11614: Terminated
srun: error: frontier01080: task 1929: Terminated
srun: error: frontier02323: task 4065: Terminated
srun: error: frontier02777: task 4867: Terminated
srun: error: frontier10136: task 16219: Terminated
srun: error: frontier08111: task 13914: Terminated
srun: error: frontier01490: task 2560: Terminated
srun: error: frontier05462: task 9479: Terminated
srun: error: frontier00200: task 426: Terminated
srun: error: frontier06837: task 11781: Terminated
srun: error: frontier04118: task 7172: Terminated
srun: error: frontier04570: task 7970: Terminated
srun: error: frontier05939: task 10278: Terminated
srun: error: frontier07229: task 12411: Terminated
srun: error: frontier03656: task 6370: Terminated
srun: error: frontier02022: task 3531: Terminated
srun: error: frontier07323: task 12580: Terminated
srun: error: frontier08606: task 14718: Terminated
srun: error: frontier00688: task 1226: Terminated
srun: error: frontier01558: task 2730: Terminated
srun: error: frontier01932: task 3363: Terminated
srun: error: frontier06436: task 11075: Terminated
srun: error: frontier03715: task 6465: Terminated
srun: error: frontier03225: task 5669: Terminated
srun: error: frontier05060: task 8775: Terminated
srun: error: frontier03339: task 5838: Terminated
srun: error: frontier07813: task 13383: Terminated
srun: error: frontier09051: task 15515: Terminated
srun: error: frontier01155: task 2026: Terminated
srun: error: frontier07701: task 13210: Terminated
srun: error: frontier03794: task 6634: Terminated
srun: error: frontier09145: task 15687: Terminated
srun: error: frontier10158: task 16318: Terminated
srun: error: frontier05547: task 9571: Terminated
srun: error: frontier02461: task 4335: Terminated
srun: error: frontier06919: task 11876: Terminated
srun: error: frontier08250: task 14182: Terminated
srun: error: frontier00291: task 527: Terminated
srun: error: frontier04175: task 7265: Terminated
srun: error: frontier01615: task 2829: Terminated
srun: error: frontier04267: task 7438: Terminated
srun: error: frontier00413: task 693: Terminated
srun: error: frontier04636: task 8071: Terminated
srun: error: frontier06026: task 10375: Terminated
srun: error: frontier04755: task 8237: Terminated
srun: error: frontier02073: task 3631: Terminated
srun: error: frontier06491: task 11174: Terminated
srun: error: frontier07363: task 12678: Terminated
srun: error: frontier00710: task 1327: Terminated
srun: error: frontier08746: task 14982: Terminated
srun: error: frontier00824: task 1493: Terminated
srun: error: frontier06098: task 10540: Terminated
srun: error: frontier05205: task 9039: Terminated
srun: error: frontier03381: task 5930: Terminated
srun: error: frontier02535: task 4428: Terminated
srun: error: frontier06602: task 11340: Terminated
srun: error: frontier03863: task 6734: Terminated
srun: error: frontier01187: task 2124: Terminated
srun: error: frontier02912: task 5131: Terminated
srun: error: frontier07854: task 13479: Terminated
srun: error: frontier09233: task 15782: Terminated
srun: error: frontier02623: task 4599: Terminated
srun: error: frontier01306: task 2294: Terminated
srun: error: frontier06962: task 11971: Terminated
srun: error: frontier07072: task 12139: Terminated
srun: error: frontier02981: task 5228: Terminated
srun: error: frontier08337: task 14279: Terminated
srun: error: frontier05698: task 9835: Terminated
srun: error: frontier03084: task 5395: Terminated
srun: error: frontier00433: task 784: Terminated
srun: error: frontier01765: task 3090: Terminated
srun: error: frontier04313: task 7532: Terminated
srun: error: frontier08398: task 14446: Terminated
srun: error: frontier07508: task 12941: Terminated
srun: error: frontier06181: task 10635: Terminated
srun: error: frontier03426: task 6026: Terminated
srun: error: frontier04910: task 8500: Terminated
srun: error: frontier04797: task 8335: Terminated
srun: error: frontier03515: task 6196: Terminated
srun: error: frontier08779: task 15079: Terminated
srun: error: frontier09268: task 15873: Terminated
srun: error: frontier08897: task 15241: Terminated
srun: error: frontier05288: task 9132: Terminated
srun: error: frontier02200: task 3890: Terminated
srun: error: frontier09378: task 16045: Terminated
srun: error: frontier02664: task 4694: Terminated
srun: error: frontier00924: task 1585: Terminated
srun: error: frontier01373: task 2389: Terminated
srun: error: frontier06662: task 11437: Terminated
srun: error: frontier00046: task 83: Terminated
srun: error: frontier05403: task 9300: Terminated
srun: error: frontier07980: task 13743: Terminated
srun: error: frontier07127: task 12238: Terminated
srun: error: frontier01484: task 2555: Terminated
srun: error: frontier05844: task 10103: Terminated
srun: error: frontier04500: task 7793: Terminated
srun: error: frontier08488: task 14539: Terminated
srun: error: frontier00156: task 252: Terminated
srun: error: frontier04016: task 6994: Terminated
srun: error: frontier03129: task 5489: Terminated
srun: error: frontier05767: task 9932: Terminated
srun: error: frontier00571: task 1053: Terminated
srun: error: frontier06223: task 10734: Terminated
srun: error: frontier06328: task 10903: Terminated
srun: error: frontier02279: task 3991: Terminated
srun: error: frontier03601: task 6289: Terminated
srun: error: frontier08988: task 15337: Terminated
srun: error: frontier07699: task 13205: Terminated
srun: error: frontier01818: task 3189: Terminated
srun: error: frontier04964: task 8597: Terminated
srun: error: frontier07584: task 13039: Terminated
srun: error: frontier01057: task 1851: Terminated
srun: error: frontier01929: task 3358: Terminated
srun: error: frontier04065: task 7089: Terminated
srun: error: frontier02717: task 4785: Terminated
srun: error: frontier02400: task 4159: Terminated
srun: error: frontier08090: task 13832: Terminated
srun: error: frontier04174: task 7262: Terminated
srun: error: frontier09402: task 16140: Terminated
srun: error: frontier00173: task 348: Terminated
srun: error: frontier08532: task 14637: Terminated
srun: error: frontier04531: task 7894: Terminated
srun: error: frontier06809: task 11698: Terminated
srun: error: frontier07265: task 12503: Terminated
srun: error: frontier05434: task 9398: Terminated
srun: error: frontier08145: task 14005: Terminated
srun: error: frontier04633: task 8059: Terminated
srun: error: frontier03289: task 5754: Terminated
srun: error: frontier05917: task 10195: Terminated
srun: error: frontier01509: task 2653: Terminated
srun: error: frontier06365: task 10998: Terminated
srun: error: frontier05020: task 8690: Terminated
srun: error: frontier00709: task 1312: Terminated
srun: error: frontier08627: task 14807: Terminated
srun: error: frontier00672: task 1146: Terminated
srun: error: frontier01994: task 3450: Terminated
srun: error: frontier01082: task 1951: Terminated
srun: error: frontier09115: task 15607: Terminated
srun: error: frontier05130: task 8859: Terminated
srun: error: frontier03736: task 6557: Terminated
srun: error: frontier02833: task 4957: Terminated
srun: error: frontier01186: task 2119: Terminated
srun: error: frontier02435: task 4251: Terminated
srun: error: frontier06839: task 11795: Terminated
srun: error: frontier05595: task 9658: Terminated
srun: error: frontier06959: task 11962: Terminated
srun: error: frontier04233: task 7358: Terminated
srun: error: frontier01562: task 2748: Terminated
srun: error: frontier02878: task 5051: Terminated
srun: error: frontier08221: task 14099: Terminated
srun: error: frontier07328: task 12594: Terminated
srun: error: frontier01679: task 2918: Terminated
srun: error: frontier07728: task 13299: Terminated
srun: error: frontier00312: task 613: Terminated
srun: error: frontier03342: task 5849: Terminated
srun: error: frontier04692: task 8157: Terminated
srun: error: frontier00806: task 1408: Terminated
srun: error: frontier08715: task 14897: Terminated
srun: error: frontier02141: task 3714: Terminated
srun: error: frontier07446: task 12763: Terminated
srun: error: frontier09267: task 15871: Terminated
srun: error: frontier05166: task 8953: Terminated
srun: error: frontier06568: task 11259: Terminated
srun: error: frontier09170: task 15701: Terminated
srun: error: frontier06062: task 10463: Terminated
srun: error: frontier03801: task 6652: Terminated
srun: error: frontier02028: task 3545: Terminated
srun: error: frontier07817: task 13393: Terminated
srun: error: frontier03917: task 6819: Terminated
srun: error: frontier02576: task 4515: Terminated
srun: error: frontier03425: task 6017: Terminated
srun: error: frontier07891: task 13564: Terminated
srun: error: frontier00042: task 72: Terminated
srun: error: frontier01259: task 2213: Terminated
srun: error: frontier04377: task 7623: Terminated
srun: error: frontier07002: task 12063: Terminated
srun: error: frontier01753: task 3009: Terminated
srun: error: frontier08358: task 14364: Terminated
srun: error: frontier00417: task 705: Terminated
srun: error: frontier03033: task 5318: Terminated
srun: error: frontier05668: task 9757: Terminated
srun: error: frontier06101: task 10556: Terminated
srun: error: frontier04269: task 7452: Terminated
srun: error: frontier00454: task 872: Terminated
srun: error: frontier02182: task 3815: Terminated
srun: error: frontier00826: task 1511: Terminated
srun: error: frontier07476: task 12862: Terminated
srun: error: frontier03474: task 6114: Terminated
srun: error: frontier08881: task 15162: Terminated
srun: error: frontier04892: task 8421: Terminated
srun: error: frontier06607: task 11358: Terminated
srun: error: frontier02278: task 3983: Terminated
srun: error: frontier06222: task 10724: Terminated
srun: error: frontier00954: task 1672: Terminated
srun: error: frontier05312: task 9217: Terminated
srun: error: frontier09297: task 15961: Terminated
srun: error: frontier03981: task 6916: Terminated
srun: error: frontier07964: task 13658: Terminated
srun: error: frontier07076: task 12153: Terminated
srun: error: frontier05763: task 9923: Terminated
srun: error: frontier02625: task 4608: Terminated
srun: error: frontier01429: task 2473: Terminated
srun: error: frontier02712: task 4777: Terminated
srun: error: frontier06703: task 11521: Terminated
srun: error: frontier00074: task 171: Terminated
srun: error: frontier05793: task 10017: Terminated
srun: error: frontier08458: task 14459: Terminated
srun: error: frontier01887: task 3274: Terminated
srun: error: frontier04438: task 7719: Terminated
srun: error: frontier06296: task 10818: Terminated
srun: error: frontier04915: task 8516: Terminated
srun: error: frontier07191: task 12326: Terminated
srun: error: frontier03087: task 5414: Terminated
srun: error: frontier08531: task 14630: Terminated
srun: error: frontier03168: task 5583: Terminated
srun: error: frontier03540: task 6210: Terminated
srun: error: frontier05019: task 8685: Terminated
srun: error: frontier07612: task 13124: Terminated
srun: error: frontier08901: task 15260: Terminated
srun: error: frontier00968: task 1774: Terminated
srun: error: frontier03658: task 6378: Terminated
srun: error: frontier00554: task 970: Terminated
srun: error: frontier02328: task 4075: Terminated
srun: error: frontier09002: task 15430: Terminated
srun: error: frontier09383: task 16061: Terminated
srun: error: frontier02779: task 4876: Terminated
srun: error: frontier10138: task 16231: Terminated
srun: error: frontier00159: task 271: Terminated
srun: error: frontier06740: task 11619: Terminated
srun: error: frontier05846: task 10115: Terminated
srun: error: frontier01561: task 2737: Terminated
srun: error: frontier08112: task 13925: Terminated
srun: error: frontier05405: task 9313: Terminated
srun: error: frontier00201: task 436: Terminated
srun: error: frontier04120: task 7178: Terminated
srun: error: frontier04609: task 7978: Terminated
srun: error: frontier05463: task 9487: Terminated
srun: error: frontier01492: task 2568: Terminated
srun: error: frontier03233: task 5676: Terminated
srun: error: frontier07230: task 12423: Terminated
srun: error: frontier08608: task 14726: Terminated
srun: error: frontier07703: task 13222: Terminated
srun: error: frontier07326: task 12588: Terminated
srun: error: frontier00689: task 1234: Terminated
srun: error: frontier06437: task 11081: Terminated
srun: error: frontier05074: task 8780: Terminated
srun: error: frontier05965: task 10281: Terminated
srun: error: frontier02023: task 3542: Terminated
srun: error: frontier09052: task 15526: Terminated
srun: error: frontier01933: task 3370: Terminated
srun: error: frontier03716: task 6478: Terminated
srun: error: frontier01166: task 2032: Terminated
srun: error: frontier02402: task 4174: Terminated
srun: error: frontier08167: task 14023: Terminated
srun: error: frontier07816: task 13390: Terminated
srun: error: frontier02462: task 4340: Terminated
srun: error: frontier10161: task 16325: Terminated
srun: error: frontier06923: task 11886: Terminated
srun: error: frontier01625: task 2838: Terminated
srun: error: frontier02837: task 4975: Terminated
srun: error: frontier02914: task 5140: Terminated
srun: error: frontier00295: task 532: Terminated
srun: error: frontier04646: task 8072: Terminated
srun: error: frontier08253: task 14189: Terminated
srun: error: frontier04176: task 7273: Terminated
srun: error: frontier05549: task 9579: Terminated
srun: error: frontier08630: task 14820: Terminated
srun: error: frontier02074: task 3636: Terminated
srun: error: frontier00712: task 1328: Terminated
srun: error: frontier03394: task 5937: Terminated
srun: error: frontier06492: task 11182: Terminated
srun: error: frontier07366: task 12683: Terminated
srun: error: frontier04268: task 7440: Terminated
srun: error: frontier08749: task 14988: Terminated
srun: error: frontier06032: task 10379: Terminated
srun: error: frontier05147: task 8876: Terminated
srun: error: frontier00825: task 1501: Terminated
srun: error: frontier09236: task 15790: Terminated
srun: error: frontier04757: task 8246: Terminated
srun: error: frontier05209: task 9047: Terminated
srun: error: frontier01188: task 2130: Terminated
srun: error: frontier06603: task 11348: Terminated
srun: error: frontier07857: task 13481: Terminated
srun: error: frontier06966: task 11980: Terminated
srun: error: frontier01310: task 2296: Terminated
srun: error: frontier03864: task 6739: Terminated
srun: error: frontier02536: task 4433: Terminated
srun: error: frontier02991: task 5236: Terminated
srun: error: frontier01685: task 2929: Terminated
srun: error: frontier04314: task 7541: Terminated
srun: error: frontier08340: task 14283: Terminated
srun: error: frontier07451: task 12778: Terminated
srun: error: frontier01767: task 3103: Terminated
srun: error: frontier03085: task 5402: Terminated
srun: error: frontier07561: task 12946: Terminated
srun: error: frontier00435: task 792: Terminated
srun: error: frontier04803: task 8340: Terminated
srun: error: frontier05705: task 9841: Terminated
srun: error: frontier07075: task 12146: Terminated
srun: error: frontier07894: task 13577: Terminated
srun: error: frontier06184: task 10642: Terminated
srun: error: frontier03459: task 6036: Terminated
srun: error: frontier00925: task 1592: Terminated
srun: error: frontier08784: task 15087: Terminated
srun: error: frontier09382: task 16052: Terminated
srun: error: frontier02201: task 3903: Terminated
srun: error: frontier05290: task 9142: Terminated
srun: error: frontier09270: task 15887: Terminated
srun: error: frontier03524: task 6201: Terminated
srun: error: frontier03924: task 6834: Terminated
srun: error: frontier00049: task 92: Terminated
srun: error: frontier04021: task 7002: Terminated
srun: error: frontier01376: task 2399: Terminated
srun: error: frontier04379: task 7637: Terminated
srun: error: frontier07982: task 13747: Terminated
srun: error: frontier00158: task 260: Terminated
srun: error: frontier07128: task 12246: Terminated
srun: error: frontier05845: task 10108: Terminated
srun: error: frontier03139: task 5499: Terminated
srun: error: frontier00524: task 889: Terminated
srun: error: frontier02690: task 4701: Terminated
srun: error: frontier08489: task 14547: Terminated
srun: error: frontier07585: task 13046: Terminated
srun: error: frontier04501: task 7805: Terminated
srun: error: frontier00572: task 1057: Terminated
srun: error: frontier01826: task 3192: Terminated
srun: error: frontier04968: task 8604: Terminated
srun: error: frontier03602: task 6302: Terminated
srun: error: frontier06333: task 10910: Terminated
srun: error: frontier06227: task 10742: Terminated
srun: error: frontier08091: task 13846: Terminated
srun: error: frontier06667: task 11444: Terminated
srun: error: frontier09405: task 16151: Terminated
srun: error: frontier08991: task 15349: Terminated
srun: error: frontier06711: task 11542: Terminated
srun: error: frontier05436: task 9401: Terminated
srun: error: frontier02281: task 3997: Terminated
srun: error: frontier00956: task 1691: Terminated
srun: error: frontier01059: task 1863: Terminated
srun: error: frontier06812: task 11708: Terminated
srun: error: frontier02401: task 4161: Terminated
srun: error: frontier02726: task 4793: Terminated
srun: error: frontier07269: task 12506: Terminated
srun: error: frontier01510: task 2661: Terminated
srun: error: frontier05773: task 9943: Terminated
srun: error: frontier08146: task 14011: Terminated
srun: error: frontier04554: task 7898: Terminated
srun: error: frontier04067: task 7100: Terminated
srun: error: frontier00175: task 352: Terminated
srun: error: frontier03211: task 5597: Terminated
srun: error: frontier05920: task 10207: Terminated
srun: error: frontier02834: task 4962: Terminated
srun: error: frontier07730: task 13311: Terminated
srun: error: frontier08533: task 14641: Terminated
srun: error: frontier08629: task 14811: Terminated
srun: error: frontier05026: task 8697: Terminated
srun: error: frontier09007: task 15442: Terminated
srun: error: frontier03292: task 5763: Terminated
srun: error: frontier05146: task 8867: Terminated
srun: error: frontier00675: task 1152: Terminated
srun: error: frontier02010: task 3461: Terminated
srun: error: frontier01084: task 1959: Terminated
srun: error: frontier09118: task 15612: Terminated
srun: error: frontier03757: task 6566: Terminated
srun: error: frontier06404: task 11005: Terminated
srun: error: frontier05517: task 9500: Terminated
srun: error: frontier02436: task 4256: Terminated
srun: error: frontier01563: task 2754: Terminated
srun: error: frontier10146: task 16241: Terminated
srun: error: frontier04242: task 7364: Terminated
srun: error: frontier00272: task 454: Terminated
srun: error: frontier07330: task 12602: Terminated
srun: error: frontier06840: task 11800: Terminated
srun: error: frontier08230: task 14105: Terminated
srun: error: frontier05596: task 9666: Terminated
srun: error: frontier00314: task 617: Terminated
srun: error: frontier02879: task 5060: Terminated
srun: error: frontier01680: task 2921: Terminated
srun: error: frontier02029: task 3558: Terminated
srun: error: frontier05970: task 10300: Terminated
srun: error: frontier08716: task 14910: Terminated
srun: error: frontier06063: task 10466: Terminated
srun: error: frontier00807: task 1416: Terminated
srun: error: frontier03343: task 5857: Terminated
srun: error: frontier04693: task 8167: Terminated
srun: error: frontier02142: task 3720: Terminated
srun: error: frontier05167: task 8963: Terminated
srun: error: frontier06569: task 11267: Terminated
srun: error: frontier07450: task 12775: Terminated
srun: error: frontier07892: task 13573: Terminated
srun: error: frontier09171: task 15707: Terminated
srun: error: frontier07829: task 13402: Terminated
srun: error: frontier02518: task 4359: Terminated
srun: error: frontier01260: task 2217: Terminated
srun: error: frontier03803: task 6656: Terminated
srun: error: frontier07003: task 12070: Terminated
srun: error: frontier05669: task 9764: Terminated
srun: error: frontier08256: task 14206: Terminated
srun: error: frontier04378: task 7628: Terminated
srun: error: frontier04274: task 7458: Terminated
srun: error: frontier00418: task 718: Terminated
srun: error: frontier02577: task 4522: Terminated
srun: error: frontier03035: task 5322: Terminated
srun: error: frontier01754: task 3023: Terminated
srun: error: frontier03922: task 6830: Terminated
srun: error: frontier08752: task 15006: Terminated
srun: error: frontier08882: task 15175: Terminated
srun: error: frontier08364: task 14375: Terminated
srun: error: frontier07477: task 12868: Terminated
srun: error: frontier00827: task 1516: Terminated
srun: error: frontier06108: task 10566: Terminated
srun: error: frontier04760: task 8257: Terminated
srun: error: frontier02183: task 3819: Terminated
srun: error: frontier03475: task 6124: Terminated
srun: error: frontier04893: task 8428: Terminated
srun: error: frontier00455: task 887: Terminated
srun: error: frontier09354: task 15970: Terminated
srun: error: frontier07965: task 13666: Terminated
srun: error: frontier00955: task 1685: Terminated
srun: error: frontier03982: task 6921: Terminated
srun: error: frontier01312: task 2313: Terminated
srun: error: frontier06619: task 11361: Terminated
srun: error: frontier05255: task 9058: Terminated
srun: error: frontier01431: task 2482: Terminated
srun: error: frontier00076: task 182: Terminated
srun: error: frontier05798: task 10025: Terminated
srun: error: frontier03090: task 5419: Terminated
srun: error: frontier01769: task 3116: Terminated
srun: error: frontier05315: task 9229: Terminated
srun: error: frontier06704: task 11530: Terminated
srun: error: frontier07569: task 12965: Terminated
srun: error: frontier08460: task 14467: Terminated
srun: error: frontier02628: task 4616: Terminated
srun: error: frontier07082: task 12166: Terminated
srun: error: frontier03170: task 5590: Terminated
srun: error: frontier03541: task 6220: Terminated
srun: error: frontier04439: task 7721: Terminated
srun: error: frontier00557: task 976: Terminated
srun: error: frontier06302: task 10831: Terminated
srun: error: frontier08903: task 15265: Terminated
srun: error: frontier00970: task 1781: Terminated
srun: error: frontier01888: task 3283: Terminated
srun: error: frontier09003: task 15436: Terminated
srun: error: frontier02329: task 4083: Terminated
srun: error: frontier04028: task 7017: Terminated
srun: error: frontier07615: task 13134: Terminated
srun: error: frontier03659: task 6386: Terminated
srun: error: frontier05406: task 9326: Terminated
srun: error: frontier10142: task 16239: Terminated
srun: error: frontier09386: task 16067: Terminated
srun: error: frontier04124: task 7185: Terminated
srun: error: frontier06741: task 11631: Terminated
srun: error: frontier01493: task 2582: Terminated
srun: error: frontier00267: task 442: Terminated
srun: error: frontier08113: task 13931: Terminated
srun: error: frontier02780: task 4884: Terminated
srun: error: frontier05847: task 10121: Terminated
srun: error: frontier04917: task 8521: Terminated
srun: error: frontier07193: task 12329: Terminated
srun: error: frontier04611: task 7991: Terminated
srun: error: frontier00574: task 1074: Terminated
srun: error: frontier05511: task 9490: Terminated
srun: error: frontier00160: task 275: Terminated
srun: error: frontier00691: task 1243: Terminated
srun: error: frontier08609: task 14729: Terminated
srun: error: frontier03234: task 5686: Terminated
srun: error: frontier07231: task 12427: Terminated
srun: error: frontier06440: task 11091: Terminated
srun: error: frontier05966: task 10291: Terminated
srun: error: frontier09057: task 15534: Terminated
srun: error: frontier03717: task 6482: Terminated
srun: error: frontier01063: task 1875: Terminated
srun: error: frontier05075: task 8786: Terminated
srun: error: frontier10162: task 16335: Terminated
srun: error: frontier01934: task 3377: Terminated
srun: error: frontier06335: task 10921: Terminated
srun: error: frontier02477: task 4347: Terminated
srun: error: frontier07704: task 13230: Terminated
srun: error: frontier01170: task 2046: Terminated
srun: error: frontier02403: task 4183: Terminated
srun: error: frontier04177: task 7282: Terminated
srun: error: frontier06926: task 11895: Terminated
srun: error: frontier06817: task 11726: Terminated
srun: error: frontier08202: task 14029: Terminated
srun: error: frontier02956: task 5149: Terminated
srun: error: frontier05550: task 9591: Terminated
srun: error: frontier02838: task 4982: Terminated
srun: error: frontier01630: task 2847: Terminated
srun: error: frontier08255: task 14198: Terminated
srun: error: frontier00776: task 1338: Terminated
srun: error: frontier06033: task 10388: Terminated
srun: error: frontier08635: task 14830: Terminated
srun: error: frontier02075: task 3646: Terminated
srun: error: frontier04648: task 8087: Terminated
srun: error: frontier00296: task 542: Terminated
srun: error: frontier09120: task 15631: Terminated
srun: error: frontier08750: task 14996: Terminated
srun: error: frontier06496: task 11186: Terminated
srun: error: frontier07372: task 12695: Terminated
srun: error: frontier07873: task 13495: Terminated
srun: error: frontier04759: task 8252: Terminated
srun: error: frontier01189: task 2138: Terminated
srun: error: frontier05148: task 8881: Terminated
srun: error: frontier02538: task 4444: Terminated
srun: error: frontier09238: task 15795: Terminated
srun: error: frontier03397: task 5944: Terminated
srun: error: frontier05210: task 9052: Terminated
srun: error: frontier01311: task 2310: Terminated
srun: error: frontier08344: task 14294: Terminated
srun: error: frontier04353: task 7549: Terminated
srun: error: frontier03865: task 6745: Terminated
srun: error: frontier06968: task 11985: Terminated
srun: error: frontier01686: task 2942: Terminated
srun: error: frontier00005: task 4: Terminated
srun: error: frontier02999: task 5247: Terminated
srun: error: frontier03296: task 5780: Terminated
srun: error: frontier00436: task 801: Terminated
srun: error: frontier05598: task 9686: Terminated
srun: error: frontier05713: task 9849: Terminated
srun: error: frontier01768: task 3111: Terminated
srun: error: frontier03460: task 6042: Terminated
srun: error: frontier08785: task 15095: Terminated
srun: error: frontier06066: task 10481: Terminated
srun: error: frontier02202: task 3910: Terminated
srun: error: frontier07452: task 12786: Terminated
srun: error: frontier04804: task 8346: Terminated
srun: error: frontier00930: task 1604: Terminated
srun: error: frontier06682: task 11453: Terminated
srun: error: frontier06187: task 10650: Terminated
srun: error: frontier03925: task 6843: Terminated
srun: error: frontier07564: task 12959: Terminated
srun: error: frontier02579: task 4537: Terminated
srun: error: frontier09271: task 15894: Terminated
srun: error: frontier07897: task 13590: Terminated
srun: error: frontier02144: task 3740: Terminated
srun: error: frontier00051: task 96: Terminated
srun: error: frontier02696: task 4710: Terminated
srun: error: frontier01377: task 2403: Terminated
srun: error: frontier04026: task 7011: Terminated
srun: error: frontier04383: task 7642: Terminated
srun: error: frontier07129: task 12254: Terminated
srun: error: frontier05291: task 9147: Terminated
srun: error: frontier07984: task 13758: Terminated
srun: error: frontier08490: task 14556: Terminated
srun: error: frontier01829: task 3201: Terminated
srun: error: frontier08369: task 14389: Terminated
srun: error: frontier00539: task 896: Terminated
srun: error: frontier05775: task 9951: Terminated
srun: error: frontier03144: task 5508: Terminated
srun: error: frontier08992: task 15355: Terminated
srun: error: frontier00573: task 1071: Terminated
srun: error: frontier04898: task 8447: Terminated
srun: error: frontier07586: task 13055: Terminated
srun: error: frontier02282: task 4003: Terminated
srun: error: frontier06228: task 10746: Terminated
srun: error: frontier03603: task 6311: Terminated
srun: error: frontier06334: task 10913: Terminated
srun: error: frontier04970: task 8609: Terminated
srun: error: frontier01060: task 1866: Terminated
srun: error: frontier00957: task 1698: Terminated
srun: error: frontier06712: task 11551: Terminated
srun: error: frontier04068: task 7109: Terminated
srun: error: frontier02742: task 4805: Terminated
srun: error: frontier09415: task 16154: Terminated
srun: error: frontier08095: task 13853: Terminated
srun: error: frontier06815: task 11719: Terminated
srun: error: frontier00177: task 360: Terminated
srun: error: frontier04502: task 7812: Terminated
srun: error: frontier05442: task 9413: Terminated
srun: error: frontier04555: task 7911: Terminated
srun: error: frontier03212: task 5603: Terminated
srun: error: frontier01511: task 2671: Terminated
srun: error: frontier01433: task 2496: Terminated
srun: error: frontier07196: task 12348: Terminated
srun: error: frontier03293: task 5772: Terminated
srun: error: frontier08535: task 14652: Terminated
srun: error: frontier09009: task 15450: Terminated
srun: error: frontier00676: task 1162: Terminated
srun: error: frontier06409: task 11015: Terminated
srun: error: frontier05924: task 10208: Terminated
srun: error: frontier05028: task 8710: Terminated
srun: error: frontier07298: task 12515: Terminated
srun: error: frontier07731: task 13315: Terminated
srun: error: frontier02011: task 3470: Terminated
srun: error: frontier03662: task 6406: Terminated
srun: error: frontier07620: task 13150: Terminated
srun: error: frontier09119: task 15621: Terminated
srun: Force Terminated StepId=4365302.2
+ for i in $(seq 1 5)
+ srun -N 2048 -n 16384 -c 7 --ntasks-per-node=8 --gpus-per-node=8 --gpu-bind=closest /lustre/orion/stf243/world-shared/hagertnl/CUG26/benchmark_builds/pynamic/pynamic-pyMPI-2.6a1_util_495_280//pynamic-bigexe-mpi4py pynamic_driver_mpi4py.py
+ grep -v 'rank -'
srun: Step created for StepId=4365302.3
Thu Apr  9 19:31:50 2026: [PE_6072]:inet_connect:inet_connect: connect from frontier03469 to frontier03466 failed after 300 attempts
Thu Apr  9 19:31:50 2026: [PE_6072]:conn_to_controller:inet_connect failed
Thu Apr  9 19:31:50 2026: [PE_6072]:control_nets_join:_pmi_inet_setup (full) returned -1
pynamic-bigexe-mpi4py: ../src/mpid/common/cray/cray_pmi_utils.c:364: mpid_cray_pmi_init: Assertion `PMI2_Initialized()' failed.
Thu Apr  9 19:31:50 2026: [PE_2864]:inet_connect:inet_connect: connect from frontier01633 to frontier01492 failed after 300 attempts
Thu Apr  9 19:31:50 2026: [PE_2864]:conn_to_controller:inet_connect failed
Thu Apr  9 19:31:50 2026: [PE_2864]:control_nets_join:_pmi_inet_setup (full) returned -1
pynamic-bigexe-mpi4py: ../src/mpid/common/cray/cray_pmi_utils.c:364: mpid_cray_pmi_init: Assertion `PMI2_Initialized()' failed.
Thu Apr  9 19:31:50 2026: [PE_2872]:inet_recv:inet_recv: recv error on frontier01640 from frontier01633 (fd=3) Connection reset by peer
Thu Apr  9 19:31:50 2026: [PE_2872]:_pmi_network_barrier:_pmi_inet_recv from target 0 failed pmi errno -1
Thu Apr  9 19:31:50 2026: [PE_2872]:control_nets_join:network_barrier failed
Thu Apr  9 19:31:50 2026: [PE_2873]:control_nets_join:_pmi_smp_barrier failed -1
Thu Apr  9 19:31:50 2026: [PE_2874]:control_nets_join:_pmi_smp_barrier failed -1
Thu Apr  9 19:31:50 2026: [PE_2875]:control_nets_join:_pmi_smp_barrier failed -1
Thu Apr  9 19:31:50 2026: [PE_2876]:control_nets_join:_pmi_smp_barrier failed -1
Thu Apr  9 19:31:50 2026: [PE_2877]:control_nets_join:_pmi_smp_barrier failed -1
Thu Apr  9 19:31:50 2026: [PE_2878]:control_nets_join:_pmi_smp_barrier failed -1
Thu Apr  9 19:31:50 2026: [PE_2879]:control_nets_join:_pmi_smp_barrier failed -1
pynamic-bigexe-mpi4py: ../src/mpid/common/cray/cray_pmi_utils.c:364: mpid_cray_pmi_init: Assertion `PMI2_Initialized()' failed.
pynamic-bigexe-mpi4py: ../src/mpid/common/cray/cray_pmi_utils.c:364: mpid_cray_pmi_init: Assertion `PMI2_Initialized()' failed.
pynamic-bigexe-mpi4py: ../src/mpid/common/cray/cray_pmi_utils.c:364: mpid_cray_pmi_init: Assertion `PMI2_Initialized()' failed.
pynamic-bigexe-mpi4py: ../src/mpid/common/cray/cray_pmi_utils.c:364: mpid_cray_pmi_init: Assertion `PMI2_Initialized()' failed.
pynamic-bigexe-mpi4py: ../src/mpid/common/cray/cray_pmi_utils.c:364: mpid_cray_pmi_init: Assertion `PMI2_Initialized()' failed.
pynamic-bigexe-mpi4py: ../src/mpid/common/cray/cray_pmi_utils.c:364: mpid_cray_pmi_init: Assertion `PMI2_Initialized()' failed.
pynamic-bigexe-mpi4py: ../src/mpid/common/cray/cray_pmi_utils.c:364: mpid_cray_pmi_init: Assertion `PMI2_Initialized()' failed.
pynamic-bigexe-mpi4py: ../src/mpid/common/cray/cray_pmi_utils.c:364: mpid_cray_pmi_init: Assertion `PMI2_Initialized()' failed.
Thu Apr  9 19:31:51 2026: [PE_2640]:inet_connect:inet_connect: connect from frontier01508 to frontier01492 failed after 300 attempts
Thu Apr  9 19:31:51 2026: [PE_2640]:conn_to_controller:inet_connect failed
Thu Apr  9 19:31:51 2026: [PE_2640]:control_nets_join:_pmi_inet_setup (full) returned -1
pynamic-bigexe-mpi4py: ../src/mpid/common/cray/cray_pmi_utils.c:364: mpid_cray_pmi_init: Assertion `PMI2_Initialized()' failed.
Thu Apr  9 19:31:51 2026: [PE_2648]:inet_recv:inet_recv: recv error on frontier01509 from frontier01508 (fd=3) Connection reset by peer
Thu Apr  9 19:31:51 2026: [PE_2648]:_pmi_network_barrier:_pmi_inet_recv from target 0 failed pmi errno -1
Thu Apr  9 19:31:51 2026: [PE_2648]:control_nets_join:network_barrier failed
Thu Apr  9 19:31:51 2026: [PE_2649]:control_nets_join:_pmi_smp_barrier failed -1
Thu Apr  9 19:31:51 2026: [PE_2650]:control_nets_join:_pmi_smp_barrier failed -1
srun: error: frontier01633: task 2864: Aborted (core dumped)
Thu Apr  9 19:31:51 2026: [PE_2651]:control_nets_join:_pmi_smp_barrier failed -1
srun: Terminating StepId=4365302.3
Thu Apr  9 19:31:51 2026: [PE_2652]:control_nets_join:_pmi_smp_barrier failed -1
Thu Apr  9 19:31:51 2026: [PE_2653]:control_nets_join:_pmi_smp_barrier failed -1
Thu Apr  9 19:31:51 2026: [PE_2654]:control_nets_join:_pmi_smp_barrier failed -1
Thu Apr  9 19:31:51 2026: [PE_2655]:control_nets_join:_pmi_smp_barrier failed -1
pynamic-bigexe-mpi4py: ../src/mpid/common/cray/cray_pmi_utils.c:364: mpid_cray_pmi_init: Assertion `PMI2_Initialized()' failed.
pynamic-bigexe-mpi4py: ../src/mpid/common/cray/cray_pmi_utils.c:364: mpid_cray_pmi_init: Assertion `PMI2_Initialized()' failed.
pynamic-bigexe-mpi4py: ../src/mpid/common/cray/cray_pmi_utils.c:364: mpid_cray_pmi_init: Assertion `PMI2_Initialized()' failed.
pynamic-bigexe-mpi4py: ../src/mpid/common/cray/cray_pmi_utils.c:364: mpid_cray_pmi_init: Assertion `PMI2_Initialized()' failed.
pynamic-bigexe-mpi4py: ../src/mpid/common/cray/cray_pmi_utils.c:364: mpid_cray_pmi_init: Assertion `PMI2_Initialized()' failed.
pynamic-bigexe-mpi4py: ../src/mpid/common/cray/cray_pmi_utils.c:364: mpid_cray_pmi_init: Assertion `PMI2_Initialized()' failed.
pynamic-bigexe-mpi4py: ../src/mpid/common/cray/cray_pmi_utils.c:364: mpid_cray_pmi_init: Assertion `PMI2_Initialized()' failed.
pynamic-bigexe-mpi4py: ../src/mpid/common/cray/cray_pmi_utils.c:364: mpid_cray_pmi_init: Assertion `PMI2_Initialized()' failed.
[2026-04-09T19:31:51.590] error: *** STEP 4365302.3 ON frontier00005 CANCELLED AT 2026-04-09T19:31:51 DUE TO TASK FAILURE ***
srun: error: frontier08233: tasks 14112-14116,14118-14119: Terminated
srun: error: frontier03760: tasks 6568-6570,6572-6575: Terminated
srun: error: frontier02438: tasks 4264-4268,4270-4271: Terminated
srun: error: frontier01085: tasks 1960-1961,1963-1967: Terminated
srun: error: frontier06858: tasks 11808-11809,11811-11815: Terminated
srun: error: frontier04248: tasks 7368-7371,7373-7375: Terminated
srun: error: frontier02885: tasks 5064-5067,5069-5071: Terminated
srun: error: frontier05972: tasks 10304-10310: Terminated
srun: error: frontier10147: tasks 16248,16250-16255: Terminated
srun: error: frontier00273: tasks 456-459,461-463: Terminated
srun: error: frontier01085: task 1962: Terminated
srun: error: frontier00316: tasks 624-626,628-631: Terminated
srun: error: frontier01564: tasks 2760-2762,2764-2767: Terminated
srun: error: frontier02030: tasks 3560-3566: Terminated
srun: error: frontier06064: tasks 10472-10473,10475-10479: Terminated
srun: error: frontier00693: tasks 1256-1262: Terminated
srun: error: frontier05597: tasks 9672-9675,9677-9679: Terminated
srun: error: frontier08717: tasks 14912-14918: Terminated
srun: error: frontier00808: tasks 1424-1427,1429-1431: Terminated
srun: error: frontier04248: task 7372: Terminated
srun: error: frontier07331: tasks 12608-12609,12611-12615: Terminated
srun: error: frontier10147: task 16249: Terminated
srun: error: frontier06446: tasks 11104-11105,11107-11111: Terminated
srun: error: frontier09172: tasks 15712-15713,15715-15719: Terminated
srun: error: frontier02885: task 5068: Terminated
srun: error: frontier06571: tasks 11273-11279: Terminated
srun: error: frontier04136: tasks 7200-7204,7206-7207: Terminated
srun: error: frontier05168: tasks 8968,8970-8975: Terminated
srun: error: frontier06935: tasks 11904-11905,11907-11911: Terminated
srun: error: frontier05518: tasks 9504-9510: Terminated
srun: error: frontier04694: tasks 8168-8170,8172-8175: Terminated
srun: error: frontier02143: tasks 3728-3732,3734-3735: Terminated
srun: error: frontier03344: tasks 5864-5867,5869-5871: Terminated
srun: error: frontier03760: task 6571: Terminated
srun: error: frontier02578: tasks 4528-4534: Terminated
srun: error: frontier02438: task 4269: Terminated
srun: error: frontier02523: tasks 4360-4363,4365-4367: Terminated
srun: error: frontier05972: task 10311: Terminated
srun: error: frontier08257: tasks 14208-14214: Terminated
srun: error: frontier05673: tasks 9768-9769,9771-9775: Terminated
srun: error: frontier04290: tasks 7464-7465,7467-7471: Terminated
srun: error: frontier07831: tasks 13408-13409,13411-13415: Terminated
srun: error: frontier01261: tasks 2224-2226,2228-2231: Terminated
srun: error: frontier03036: tasks 5328-5329,5331-5335: Terminated
srun: error: frontier08753: tasks 15008-15013,15015: Terminated
srun: error: frontier08366: tasks 14376-14382: Terminated
srun: error: frontier00420: tasks 720-721,723-727: Terminated
srun: error: frontier02030: task 3567: Terminated
srun: error: frontier06153: tasks 10568-10569,10571-10575: Terminated
srun: error: frontier01755: tasks 3024-3029,3031: Terminated
srun: error: frontier03805: tasks 6664-6670: Terminated
srun: error: frontier05518: task 9511: Terminated
srun: error: frontier09241: tasks 15808-15809,15811-15815: Terminated
srun: error: frontier08883: tasks 15176-15178,15180-15183: Terminated
srun: error: frontier08717: task 14919: Terminated
srun: error: frontier06858: task 11810: Terminated
srun: error: frontier07966: tasks 13672,13674-13679: Terminated
srun: error: frontier01564: task 2763: Terminated
srun: error: frontier06446: task 11106: Terminated
srun: error: frontier09355: tasks 15976-15979,15981-15983: Terminated
srun: error: frontier00828: tasks 1520-1526: Terminated
srun: error: frontier06064: task 10474: Terminated
srun: error: frontier07331: task 12610: Terminated
srun: error: frontier06621: tasks 11368-11372,11374-11375: Terminated
srun: error: frontier07010: tasks 12072-12075,12077-12079: Terminated
srun: error: frontier09172: task 15714: Terminated
srun: error: frontier02958: tasks 5160-5162,5164-5167: Terminated
srun: error: frontier08233: task 14117: Terminated
srun: error: frontier02184: tasks 3824-3827,3829-3831: Terminated
srun: error: frontier03983: tasks 6928-6933,6935: Terminated
srun: error: frontier04694: task 8171: Terminated
srun: error: frontier03344: task 5868: Terminated
srun: error: frontier08469: tasks 14472-14478: Terminated
srun: error: frontier05597: task 9676: Terminated
srun: error: frontier00273: task 460: Terminated
srun: error: frontier02637: tasks 4624-4627,4629-4631: Terminated
srun: error: frontier04761: tasks 8264-8269,8271: Terminated
srun: error: frontier00019: tasks 16,18-23: Terminated
srun: error: frontier03409: tasks 5960-5966: Terminated
srun: error: frontier07478: tasks 12872-12878: Terminated
srun: error: frontier04897: tasks 8432-8438: Terminated
srun: error: frontier05715: tasks 9864-9867,9869-9871: Terminated
srun: error: frontier03476: tasks 6128,6130-6135: Terminated
srun: error: frontier05168: task 8969: Terminated
srun: error: frontier05801: tasks 10032-10038: Terminated
srun: error: frontier01432: tasks 2488-2492,2494-2495: Terminated
srun: error: frontier04441: tasks 7728-7731,7733-7735: Terminated
srun: error: frontier00079: tasks 184-190: Terminated
srun: error: frontier03091: tasks 5424,5426-5431: Terminated
srun: error: frontier00316: task 627: Terminated
srun: error: frontier02143: task 3733: Terminated
srun: error: frontier07831: task 13410: Terminated
srun: error: frontier00808: task 1428: Terminated
srun: error: frontier08257: task 14215: Terminated
srun: error: frontier01890: tasks 3288-3291,3293-3295: Terminated
srun: error: frontier00693: task 1263: Terminated
srun: error: frontier06571: task 11272: Terminated
srun: error: frontier07194: tasks 12336-12339,12341-12343: Terminated
srun: error: frontier04136: task 7205: Terminated
srun: error: frontier05267: tasks 9064-9067,9069-9071: Terminated
srun: error: frontier02216: tasks 3920-3926: Terminated
srun: error: frontier06304: tasks 10832-10835,10837-10839: Terminated
srun: error: frontier03550: tasks 6224-6229,6231: Terminated
srun: error: frontier01323: tasks 2320-2322,2324-2327: Terminated
srun: error: frontier05320: tasks 9232-9238: Terminated
srun: error: frontier07083: tasks 12168-12172,12174-12175: Terminated
srun: error: frontier01261: task 2227: Terminated
srun: error: frontier03661: tasks 6392-6395,6397-6399: Terminated
srun: error: frontier04290: task 7466: Terminated
srun: error: frontier02330: tasks 4088-4089,4091-4095: Terminated
srun: error: frontier05410: tasks 9328-9332,9334-9335: Terminated
srun: error: frontier03805: task 6671: Terminated
srun: error: frontier06935: task 11906: Terminated
srun: error: frontier02523: task 4364: Terminated
srun: error: frontier01770: tasks 3120-3122,3124-3127: Terminated
srun: error: frontier02578: task 4535: Terminated
srun: error: frontier08366: task 14383: Terminated
srun: error: frontier05673: task 9770: Terminated
srun: error: frontier00558: tasks 984-985,987-991: Terminated
srun: error: frontier08904: tasks 15272-15278: Terminated
srun: error: frontier08753: task 15014: Terminated
srun: error: frontier07570: tasks 12968-12969,12971-12975: Terminated
srun: error: frontier06746: tasks 11632-11637,11639: Terminated
srun: error: frontier04126: tasks 7192-7196,7198-7199: Terminated
srun: error: frontier07986: tasks 13768-13769,13771-13775: Terminated
srun: error: frontier03036: task 5330: Terminated
srun: error: frontier01494: tasks 2584,2586-2591: Terminated
srun: error: frontier00161: tasks 280-286: Terminated
srun: error: frontier00420: task 722: Terminated
srun: error: frontier08114: tasks 13936-13941,13943: Terminated
srun: error: frontier04505: tasks 7824-7825,7827-7831: Terminated
srun: error: frontier01755: task 3030: Terminated
srun: error: frontier09390: tasks 16072-16076,16078-16079: Terminated
srun: error: frontier07010: task 12076: Terminated
srun: error: frontier04620: tasks 7992-7995,7997-7999: Terminated
srun: error: frontier08495: tasks 14568-14569,14571-14575: Terminated
srun: error: frontier06153: task 10570: Terminated
srun: error: frontier04919: tasks 8528-8535: Terminated
srun: error: frontier02958: task 5163: Terminated
srun: error: frontier08883: task 15179: Terminated
srun: error: frontier07617: tasks 13136-13143: Terminated
srun: error: frontier04031: tasks 7024-7030: Terminated
srun: error: frontier01036: tasks 1784-1789,1791: Terminated
srun: error: frontier03246: tasks 5688-5694: Terminated
srun: error: frontier00575: tasks 1080-1083,1085-1087: Terminated
srun: error: frontier00692: tasks 1249-1255: Terminated
srun: error: frontier09241: task 15810: Terminated
srun: error: frontier02781: tasks 4888-4892,4894-4895: Terminated
srun: error: frontier05848: tasks 10128-10134: Terminated
srun: error: frontier01940: tasks 3384-3388,3390-3391: Terminated
srun: error: frontier06443: tasks 11096-11101,11103: Terminated
srun: error: frontier06339: tasks 10928-10931,10933-10935: Terminated
srun: error: frontier08610: tasks 14736-14737,14739-14743: Terminated
srun: error: frontier03722: tasks 6488-6491,6493-6495: Terminated
srun: error: frontier05006: tasks 8624-8627,8629-8631: Terminated
srun: error: frontier00828: task 1527: Terminated
srun: error: frontier09355: task 15980: Terminated
srun: error: frontier07705: tasks 13232-13234,13236-13239: Terminated
srun: error: frontier07966: task 13673: Terminated
srun: error: frontier08203: tasks 14032-14037,14039: Terminated
srun: error: frontier04761: task 8270: Terminated
srun: error: frontier06621: task 11373: Terminated
srun: error: frontier02184: task 3828: Terminated
srun: error: frontier07232: tasks 12432-12437,12439: Terminated
srun: error: frontier06929: tasks 11896-11898,11900-11903: Terminated
srun: error: frontier01174: tasks 2048,2050-2055: Terminated
srun: error: frontier04178: tasks 7288-7291,7293-7295: Terminated
srun: error: frontier03409: task 5967: Terminated
srun: error: frontier07478: task 12879: Terminated
srun: error: frontier05557: tasks 9592-9596,9598-9599: Terminated
srun: error: frontier01065: tasks 1880-1883,1885-1887: Terminated
srun: error: frontier10164: tasks 16336-16337,16339-16343: Terminated
srun: error: frontier01631: tasks 2848-2853,2855: Terminated
srun: error: frontier00298: tasks 545-551: Terminated
srun: error: frontier02957: tasks 5152-5158: Terminated
srun: error: frontier09093: tasks 15536-15539,15541-15543: Terminated
srun: error: frontier03476: task 6129: Terminated
srun: error: frontier03983: task 6934: Terminated
srun: error: frontier04651: tasks 8088-8090,8092-8095: Terminated
srun: error: frontier07375: tasks 12696-12701,12703: Terminated
srun: error: frontier02839: tasks 4984-4987,4989-4991: Terminated
srun: error: frontier05077: tasks 8792-8796,8798-8799: Terminated
srun: error: frontier08469: task 14479: Terminated
srun: error: frontier06819: tasks 11728-11730,11732-11735: Terminated
srun: error: frontier06046: tasks 10392-10395,10397-10399: Terminated
srun: error: frontier02637: task 4628: Terminated
srun: error: frontier03297: tasks 5784-5790: Terminated
srun: error: frontier00019: task 17: Terminated
srun: error: frontier02404: tasks 4184-4188,4190-4191: Terminated
srun: error: frontier03408: tasks 5952-5955,5957-5959: Terminated
srun: error: frontier09125: tasks 15632-15635,15637-15639: Terminated
srun: error: frontier02076: tasks 3648-3652,3654-3655: Terminated
srun: error: frontier00787: tasks 1344-1346,1348-1351: Terminated
srun: error: frontier03782: tasks 6584-6587,6589-6591: Terminated
srun: error: frontier05267: task 9068: Terminated
srun: error: frontier06497: tasks 11192-11193,11195-11199: Terminated
srun: error: frontier05715: task 9868: Terminated
srun: error: frontier01538: tasks 2680,2682-2687: Terminated
srun: error: frontier09240: tasks 15800-15804,15806-15807: Terminated
srun: error: frontier08636: tasks 14832-14833,14835-14839: Terminated
srun: error: frontier07874: tasks 13496-13497,13499-13503: Terminated
srun: error: frontier07740: tasks 13328-13330,13332-13335: Terminated
srun: error: frontier01217: tasks 2145-2151: Terminated
srun: error: frontier07303: tasks 12528-12534: Terminated
srun: error: frontier02541: tasks 4448,4450-4455: Terminated
srun: error: frontier00014: tasks 8-12,14-15: Terminated
srun: error: frontier05801: task 10039: Terminated
srun: error: frontier01432: task 2493: Terminated
srun: error: frontier04441: task 7732: Terminated
srun: error: frontier00079: task 191: Terminated
srun: error: frontier06969: tasks 11992-11998: Terminated
srun: error: frontier03866: tasks 6752-6758: Terminated
srun: error: frontier05714: tasks 9856-9862: Terminated
srun: error: frontier01323: task 2323: Terminated
srun: error: frontier03091: task 5425: Terminated
srun: error: frontier05320: task 9239: Terminated
srun: error: frontier03000: tasks 5248-5253,5255: Terminated
srun: error: frontier01687: tasks 2944-2949,2951: Terminated
srun: error: frontier07194: task 12340: Terminated
srun: error: frontier07083: task 12173: Terminated
srun: error: frontier05149: tasks 8888-8889,8891-8895: Terminated
srun: error: frontier04359: tasks 7552-7558: Terminated
srun: error: frontier07453: tasks 12792-12793,12795-12799: Terminated
srun: error: frontier01890: task 3292: Terminated
srun: error: frontier00318: tasks 640-642,644-647: Terminated
srun: error: frontier04250: tasks 7384-7389,7391: Terminated
srun: error: frontier08346: tasks 14296-14302: Terminated
srun: error: frontier02145: tasks 3744-3747,3749-3751: Terminated
srun: error: frontier06188: tasks 10656-10659,10661-10663: Terminated
srun: error: frontier03464: tasks 6048-6050,6052-6055: Terminated
srun: error: frontier01770: task 3123: Terminated
srun: error: frontier02216: task 3927: Terminated
srun: error: frontier06304: task 10836: Terminated
srun: error: frontier08793: tasks 15096-15102: Terminated
srun: error: frontier03550: task 6230: Terminated
srun: error: frontier05599: tasks 9688-9694: Terminated
srun: error: frontier02208: tasks 3912,3914-3919: Terminated
srun: error: frontier06574: tasks 11288-11294: Terminated
srun: error: frontier00815: tasks 1440-1445,1447: Terminated
srun: error: frontier08904: task 15279: Terminated
srun: error: frontier04897: task 8439: Terminated
srun: error: frontier02582: tasks 4544-4547,4549-4551: Terminated
srun: error: frontier06067: tasks 10488-10494: Terminated
srun: error: frontier07570: task 12970: Terminated
srun: error: frontier00558: task 986: Terminated
srun: error: frontier03926: tasks 6848,6850-6855: Terminated
srun: error: frontier06683: tasks 11456-11459,11461-11463: Terminated
srun: error: frontier00938: tasks 1608-1609,1611-1615: Terminated
srun: error: frontier08370: tasks 14392-14397,14399: Terminated
srun: error: frontier00053: tasks 104-108,110-111: Terminated
srun: error: frontier07943: tasks 13592-13595,13597-13599: Terminated
srun: error: frontier03661: task 6396: Terminated
srun: error: frontier02330: task 4090: Terminated
srun: error: frontier08493: tasks 14560-14563,14565-14567: Terminated
srun: error: frontier05410: task 9333: Terminated
srun: error: frontier05292: tasks 9152-9156,9158-9159: Terminated
srun: error: frontier00438: tasks 808-811,813-815: Terminated
srun: error: frontier04820: tasks 8353-8359: Terminated
srun: error: frontier07986: task 13770: Terminated
srun: error: frontier09272: tasks 15896,15898-15903: Terminated
srun: error: frontier04503: tasks 7816-7819,7821-7823: Terminated
srun: error: frontier04388: tasks 7648-7650,7652-7655: Terminated
srun: error: frontier01839: tasks 3208-3212,3214-3215: Terminated
srun: error: frontier07134: tasks 12256-12259,12261-12263: Terminated
srun: error: frontier00540: tasks 904-910: Terminated
srun: error: frontier09390: task 16077: Terminated
srun: error: frontier06746: task 11638: Terminated
srun: error: frontier03039: tasks 5344-5350: Terminated
srun: error: frontier03145: tasks 5512-5517,5519: Terminated
srun: error: frontier08114: task 13942: Terminated
srun: error: frontier05778: tasks 9952-9954,9956-9959: Terminated
srun: error: frontier07592: tasks 13056-13057,13059-13063: Terminated
srun: error: frontier03606: tasks 6312-6317,6319: Terminated
srun: error: frontier04126: task 7197: Terminated
srun: error: frontier02285: tasks 4008-4011,4013-4015: Terminated
srun: error: frontier08885: tasks 15192-15196,15198-15199: Terminated
srun: error: frontier00958: tasks 1704-1708,1710-1711: Terminated
srun: error: frontier01036: task 1790: Terminated
srun: error: frontier09363: tasks 15992-15994,15996-15999: Terminated
srun: error: frontier01494: task 2585: Terminated
srun: error: frontier02700: tasks 4712-4715,4717-4719: Terminated
srun: error: frontier00161: task 287: Terminated
srun: error: frontier01378: tasks 2408-2413,2415: Terminated
srun: error: frontier08495: task 14570: Terminated
srun: error: frontier04031: task 7031: Terminated
srun: error: frontier08097: tasks 13856,13858-13863: Terminated
srun: error: frontier04900: tasks 8448-8449,8451-8455: Terminated
srun: error: frontier04505: task 7826: Terminated
srun: error: frontier04971: tasks 8616-8619,8621-8623: Terminated
srun: error: frontier06231: tasks 10752-10759: Terminated
srun: error: frontier02744: tasks 4808-4812,4814-4815: Terminated
srun: error: frontier06714: tasks 11552-11556,11558-11559: Terminated
srun: error: frontier00179: tasks 368-374: Terminated
srun: error: frontier02781: task 4893: Terminated
srun: error: frontier04620: task 7996: Terminated
srun: error: frontier01512: tasks 2672-2675,2677-2679: Terminated
srun: error: frontier07301: tasks 12520-12525,12527: Terminated
srun: error: frontier08993: tasks 15360-15361,15363-15367: Terminated
srun: error: frontier01892: tasks 3304-3307,3309-3311: Terminated
srun: error: frontier05925: tasks 10216-10218,10220-10223: Terminated
srun: error: frontier05804: tasks 10048-10054: Terminated
srun: error: frontier05848: task 10135: Terminated
srun: error: frontier08536: tasks 14656-14662: Terminated
srun: error: frontier04098: tasks 7112-7113,7115-7119: Terminated
srun: error: frontier07985: tasks 13760-13767: Terminated
srun: error: frontier00575: task 1084: Terminated
srun: error: frontier03213: tasks 5608-5611,5613-5615: Terminated
srun: error: frontier03246: task 5695: Terminated
srun: error: frontier08610: task 14738: Terminated
srun: error: frontier05337: tasks 9248-9252,9254-9255: Terminated
srun: error: frontier09010: tasks 15456-15458,15460-15463: Terminated
srun: error: frontier06410: tasks 11016-11019,11021-11023: Terminated
srun: error: frontier01434: tasks 2505-2511: Terminated
srun: error: frontier00677: tasks 1168-1174: Terminated
srun: error: frontier07732: tasks 13320-13324,13326-13327: Terminated
srun: error: frontier01940: task 3389: Terminated
srun: error: frontier09434: tasks 16160-16165,16167: Terminated
srun: error: frontier02012: tasks 3472-3478: Terminated
srun: error: frontier07232: task 12438: Terminated
srun: error: frontier05029: tasks 8713-8719: Terminated
srun: error: frontier05444: tasks 9416-9418,9420-9423: Terminated
srun: error: frontier03663: tasks 6408-6413,6415: Terminated
srun: error: frontier06339: task 10932: Terminated
srun: error: frontier07197: tasks 12352-12356,12358-12359: Terminated
srun: error: frontier02335: tasks 4104-4107,4109-4111: Terminated
srun: error: frontier08234: tasks 14120-14125,14127: Terminated
srun: error: frontier05006: task 8628: Terminated
srun: error: frontier07627: tasks 13152-13156,13158-13159: Terminated
srun: error: frontier06443: task 11102: Terminated
srun: error: frontier02439: tasks 4272,4274-4279: Terminated
srun: error: frontier07705: task 13235: Terminated
srun: error: frontier00692: task 1248: Terminated
srun: error: frontier05524: tasks 9512-9514,9516-9519: Terminated
srun: error: frontier04137: tasks 7208-7213,7215: Terminated
srun: error: frontier04556: tasks 7912-7917,7919: Terminated
srun: error: frontier01565: tasks 2768-2770,2772-2775: Terminated
srun: error: frontier10148: tasks 16256-16257,16259-16263: Terminated
srun: error: frontier01086: tasks 1968-1971,1973-1975: Terminated
srun: error: frontier03722: task 6492: Terminated
srun: error: frontier08614: tasks 14753-14759: Terminated
srun: error: frontier09093: task 15540: Terminated
srun: error: frontier00274: tasks 464-467,469-471: Terminated
srun: error: frontier02888: tasks 5072-5076,5078-5079: Terminated
srun: error: frontier08203: task 14038: Terminated
srun: error: frontier05974: tasks 10312-10314,10316-10319: Terminated
srun: error: frontier04624: tasks 8008-8014: Terminated
srun: error: frontier01065: task 1884: Terminated
srun: error: frontier00317: tasks 632-634,636-639: Terminated
srun: error: frontier06865: tasks 11816-11822: Terminated
srun: error: frontier10164: task 16338: Terminated
srun: error: frontier08117: tasks 13952-13956,13958-13959: Terminated
srun: error: frontier01174: task 2049: Terminated
srun: error: frontier03346: tasks 5872,5874-5879: Terminated
srun: error: frontier06929: task 11899: Terminated
srun: error: frontier04695: tasks 8176-8182: Terminated
srun: error: frontier07845: tasks 13416-13421,13423: Terminated
srun: error: frontier03761: tasks 6576-6580,6582-6583: Terminated
srun: error: frontier04178: task 7292: Terminated
srun: error: frontier06450: tasks 11112-11114,11116-11119: Terminated
srun: error: frontier05077: task 8797: Terminated
srun: error: frontier05557: task 9597: Terminated
srun: error: frontier00812: tasks 1432-1435,1437-1439: Terminated
srun: error: frontier04249: tasks 7376-7382: Terminated
srun: error: frontier05088: tasks 8808-8810,8812-8815: Terminated
srun: error: frontier07332: tasks 12616-12621,12623: Terminated
srun: error: frontier01176: tasks 2064-2067,2069-2071: Terminated
srun: error: frontier06819: task 11731: Terminated
srun: error: frontier02404: task 4189: Terminated
srun: error: frontier02031: tasks 3568-3573,3575: Terminated
srun: error: frontier03807: tasks 6672-6677,6679: Terminated
srun: error: frontier02524: tasks 4368-4373,4375: Terminated
srun: error: frontier06573: tasks 11280-11286: Terminated
srun: error: frontier01631: task 2854: Terminated
srun: error: frontier08725: tasks 14920-14923,14925-14927: Terminated
srun: error: frontier02839: task 4988: Terminated
srun: error: frontier00298: task 544: Terminated
srun: error: frontier09176: tasks 15720-15726: Terminated
srun: error: frontier02957: task 5159: Terminated
srun: error: frontier08263: tasks 14216-14218,14220-14223: Terminated
srun: error: frontier01283: tasks 2232-2233,2235-2239: Terminated
srun: error: frontier00698: tasks 1264-1267,1269-1271: Terminated
srun: error: frontier02961: tasks 5168-5169,5171-5175: Terminated
srun: error: frontier05674: tasks 9776-9783: Terminated
srun: error: frontier04651: task 8091: Terminated
srun: error: frontier07375: task 12702: Terminated
srun: error: frontier05171: tasks 8976-8982: Terminated
srun: error: frontier06046: task 10396: Terminated
srun: error: frontier03038: tasks 5336-5341,5343: Terminated
srun: error: frontier08754: tasks 15016,15018-15023: Terminated
srun: error: frontier00422: tasks 728-732,734-735: Terminated
srun: error: frontier08884: tasks 15184-15187,15189-15191: Terminated
srun: error: frontier06937: tasks 11912-11918: Terminated
srun: error: frontier01538: task 2681: Terminated
srun: error: frontier03297: task 5791: Terminated
srun: error: frontier07052: tasks 12080-12085,12087: Terminated
srun: error: frontier07479: tasks 12880-12886: Terminated
srun: error: frontier06158: tasks 10576-10579,10581-10583: Terminated
srun: error: frontier08636: task 14834: Terminated
srun: error: frontier03417: tasks 5968-5969,5971-5975: Terminated
srun: error: frontier09125: task 15636: Terminated
srun: error: frontier04294: tasks 7472-7475,7477-7479: Terminated
srun: error: frontier01756: tasks 3032-3038: Terminated
srun: error: frontier03408: task 5956: Terminated
srun: error: frontier01633: tasks 2865,2867-2871: Terminated
srun: error: frontier01640: tasks 2872-2879: Aborted (core dumped)
srun: error: frontier07303: task 12535: Terminated
srun: error: frontier00829: tasks 1528-1531,1533-1535: Terminated
srun: error: frontier02076: task 3653: Terminated
srun: error: frontier07967: tasks 13680-13686: Terminated
srun: error: frontier00787: task 1347: Terminated
srun: error: frontier06622: tasks 11376-11382: Terminated
srun: error: frontier03782: task 6588: Terminated
srun: error: frontier06497: task 11194: Terminated
srun: error: frontier07740: task 13331: Terminated
srun: error: frontier07379: tasks 12712-12719: Terminated
srun: error: frontier09242: tasks 15816-15817,15819-15823: Terminated
srun: error: frontier04762: tasks 8272-8278: Terminated
srun: error: frontier02186: tasks 3832-3837,3839: Terminated
srun: error: frontier03984: tasks 6936-6942: Terminated
srun: error: frontier09361: tasks 15984,15986-15991: Terminated
srun: error: frontier01345: tasks 2328-2333,2335: Terminated
srun: error: frontier09240: task 15805: Terminated
srun: error: frontier08470: tasks 14480-14482,14484-14487: Terminated
srun: error: frontier07874: task 13498: Terminated
srun: error: frontier02650: tasks 4632,4634-4639: Terminated
srun: error: frontier05716: tasks 9872-9878: Terminated
srun: error: frontier00080: tasks 192-194,196-199: Terminated
srun: error: frontier03876: tasks 6768-6771,6773-6775: Terminated
srun: error: frontier03093: tasks 5432-5436,5438-5439: Terminated
srun: error: frontier01217: task 2144: Terminated
srun: error: frontier00447: tasks 824,826-831: Terminated
srun: error: frontier02541: task 4449: Terminated
srun: error: frontier05272: tasks 9072-9075,9077-9079: Terminated
srun: error: frontier06190: tasks 10672-10673,10675-10679: Terminated
srun: error: frontier07084: tasks 12176-12180,12182-12183: Terminated
srun: error: frontier05149: task 8890: Terminated
srun: error: frontier00021: tasks 24-27,29-31: Terminated
srun: error: frontier01802: tasks 3128-3134: Terminated
srun: error: frontier01891: tasks 3296-3301,3303: Terminated
srun: error: frontier03866: task 6759: Terminated
srun: error: frontier00014: task 13: Terminated
srun: error: frontier03552: tasks 6232-6236,6238-6239: Terminated
srun: error: frontier04442: tasks 7736-7739,7741-7743: Terminated
srun: error: frontier06308: tasks 10840-10845,10847: Terminated
srun: error: frontier05336: tasks 9240,9242-9247: Terminated
srun: error: frontier00559: tasks 992-997,999: Terminated
srun: error: frontier07987: tasks 13776-13780,13782-13783: Terminated
srun: error: frontier06969: task 11999: Terminated
srun: error: frontier04920: tasks 8536,8538-8543: Terminated
srun: error: frontier05803: tasks 10040-10043,10045-10047: Terminated
srun: error: frontier05714: task 9863: Terminated
srun: error: frontier01048: tasks 1792-1795,1797-1799: Terminated
srun: error: frontier07574: tasks 12976-12980,12982-12983: Terminated
srun: error: frontier05415: tasks 9336-9341,9343: Terminated
srun: error: frontier03000: task 5254: Terminated
srun: error: frontier04250: task 7390: Terminated
srun: error: frontier01687: task 2950: Terminated
srun: error: frontier09391: tasks 16080-16083,16085-16087: Terminated
srun: error: frontier02332: tasks 4096-4097,4099-4103: Terminated
srun: error: frontier04043: tasks 7032-7036,7038-7039: Terminated
srun: error: frontier08346: task 14303: Terminated
srun: error: frontier02702: tasks 4728-4732,4734-4735: Terminated
srun: error: frontier04359: task 7559: Terminated
srun: error: frontier06687: tasks 11472-11475,11477-11479: Terminated
srun: error: frontier08496: tasks 14576-14579,14581-14583: Terminated
srun: error: frontier05599: task 9695: Terminated
srun: error: frontier07453: task 12794: Terminated
srun: error: frontier08913: tasks 15280-15285,15287: Terminated
srun: error: frontier00318: task 643: Terminated
srun: error: frontier01495: tasks 2592-2595,2597-2599: Terminated
srun: error: frontier00164: tasks 288-294: Terminated
srun: error: frontier07233: tasks 12440,12442-12447: Terminated
srun: error: frontier02217: tasks 3928-3929,3931-3935: Terminated
srun: error: frontier05895: tasks 10136-10140,10142-10143: Terminated
srun: error: frontier04509: tasks 7832-7836,7838-7839: Terminated
srun: error: frontier03477: tasks 6136-6143: Terminated
srun: error: frontier08793: task 15103: Terminated
srun: error: frontier00576: tasks 1088-1092,1094-1095: Terminated
srun: error: frontier01941: tasks 3392-3397,3399: Terminated
srun: error: frontier02145: task 3748: Terminated
srun: error: frontier06188: task 10660: Terminated
srun: error: frontier04623: tasks 8000-8002,8004-8007: Terminated
srun: error: frontier03464: task 6051: Terminated
srun: error: frontier06341: tasks 10936-10937,10939-10943: Terminated
srun: error: frontier06750: tasks 11640-11643,11645-11647: Terminated
srun: error: frontier06067: task 10495: Terminated
srun: error: frontier03255: tasks 5696-5698,5700-5703: Terminated
srun: error: frontier08116: tasks 13944-13946,13948-13951: Terminated
srun: error: frontier08613: tasks 14744-14748,14750-14751: Terminated
srun: error: frontier03152: tasks 5528-5530,5532-5535: Terminated
srun: error: frontier05085: tasks 8800-8802,8804-8807: Terminated
srun: error: frontier00815: task 1446: Terminated
srun: error: frontier02782: tasks 4896-4899,4901-4903: Terminated
srun: error: frontier01067: tasks 1888-1889,1891-1895: Terminated
srun: error: frontier08996: tasks 15376,15378-15383: Terminated
srun: error: frontier03724: tasks 6496-6500,6502-6503: Terminated
srun: error: frontier09444: tasks 16176-16177,16179-16183: Terminated
srun: error: frontier09096: tasks 15544-15549,15551: Terminated
srun: error: frontier02208: task 3913: Terminated
srun: error: frontier10167: tasks 16344-16345,16347-16351: Terminated
srun: error: frontier06574: task 11295: Terminated
srun: error: frontier07706: tasks 13240,13242-13247: Terminated
srun: error: frontier08208: tasks 14040-14045,14047: Terminated
srun: error: frontier04179: tasks 7296-7297,7299-7303: Terminated
srun: error: frontier00438: task 812: Terminated
srun: error: frontier05558: tasks 9600-9606: Terminated
srun: error: frontier02582: task 4548: Terminated
srun: error: frontier02841: tasks 4992-4994,4996-4999: Terminated
srun: error: frontier00938: task 1610: Terminated
srun: error: frontier05010: tasks 8632-8634,8636-8639: Terminated
srun: error: frontier06683: task 11460: Terminated
srun: error: frontier07943: task 13596: Terminated
srun: error: frontier05929: tasks 10232-10237,10239: Terminated
srun: error: frontier03926: task 6849: Terminated
srun: error: frontier02408: tasks 4192-4197,4199: Terminated
srun: error: frontier04820: task 8352: Terminated
srun: error: frontier01632: tasks 2856-2862: Terminated
srun: error: frontier01175: tasks 2056-2059,2061-2063: Terminated
srun: error: frontier09272: task 15897: Terminated
srun: error: frontier05453: tasks 9432-9434,9436-9439: Terminated
srun: error: frontier04653: tasks 8096-8100,8102-8103: Terminated
srun: error: frontier01539: tasks 2688-2694: Terminated
srun: error: frontier08370: task 14398: Terminated
srun: error: frontier07376: tasks 12704-12710: Terminated
srun: error: frontier07306: tasks 12536-12539,12541-12543: Terminated
srun: error: frontier05292: task 9157: Terminated
srun: error: frontier07743: tasks 13336-13339,13341-13343: Terminated
srun: error: frontier06048: tasks 10400-10403,10405-10407: Terminated
srun: error: frontier00053: task 109: Terminated
srun: error: frontier06820: tasks 11736-11742: Terminated
srun: error: frontier03783: tasks 6592-6594,6596-6599: Terminated
srun: error: frontier09132: tasks 15640-15644,15646-15647: Terminated
srun: error: frontier02016: tasks 3488-3492,3494-3495: Terminated
srun: error: frontier08493: task 14564: Terminated
srun: error: frontier00301: tasks 552-556,558-559: Terminated
srun: error: frontier06498: tasks 11200-11203,11205-11207: Terminated
srun: error: frontier03298: tasks 5792-5795,5797-5799: Terminated
srun: error: frontier03867: tasks 6760-6761,6763-6767: Terminated
srun: error: frontier01243: tasks 2152-2159: Terminated
srun: error: frontier02542: tasks 4456-4462: Terminated
srun: error: frontier04388: task 7651: Terminated
srun: error: frontier08638: tasks 14840-14845,14847: Terminated
srun: error: frontier05600: tasks 9696-9699,9701-9703: Terminated
srun: error: frontier07134: task 12260: Terminated
srun: error: frontier06970: tasks 12000-12003,12005-12007: Terminated
srun: error: frontier07875: tasks 13504-13507,13509-13511: Terminated
srun: error: frontier03039: task 5351: Terminated
srun: error: frontier04503: task 7820: Terminated
srun: error: frontier00795: tasks 1352,1354-1359: Terminated
srun: error: frontier02079: tasks 3656-3658,3660-3663: Terminated
srun: error: frontier05778: task 9955: Terminated
srun: error: frontier01839: task 3213: Terminated
srun: error: frontier03001: tasks 5256-5259,5261-5263: Terminated
srun: error: frontier01689: tasks 2952-2955,2957-2959: Terminated
srun: error: frontier00540: task 911: Terminated
srun: error: frontier02700: task 4716: Terminated
srun: error: frontier00319: tasks 648-650,652-655: Terminated
srun: error: frontier01378: task 2414: Terminated
srun: error: frontier03145: task 5518: Terminated
srun: error: frontier06090: tasks 10496-10500,10502-10503: Terminated
srun: error: frontier04737: tasks 8192-8195,8197-8199: Terminated
srun: error: frontier07455: tasks 12800-12803,12805-12807: Terminated
srun: error: frontier08885: task 15197: Terminated
srun: error: frontier00442: tasks 816-822: Terminated
srun: error: frontier02450: tasks 4288-4291,4293-4295: Terminated
srun: error: frontier05150: tasks 8896-8899,8901-8903: Terminated
srun: error: frontier04251: tasks 7392-7396,7398-7399: Terminated
srun: error: frontier07592: task 13058: Terminated
srun: error: frontier08238: tasks 14136-14139,14141-14143: Terminated
srun: error: frontier04823: tasks 8360-8366: Terminated
srun: error: frontier04360: tasks 7560-7566: Terminated
srun: error: frontier00816: tasks 1448-1452,1454-1455: Terminated
srun: error: frontier02148: tasks 3752-3757,3759: Terminated
srun: error: frontier09277: tasks 15904-15906,15908-15911: Terminated
srun: error: frontier07946: tasks 13600-13605,13607: Terminated
srun: error: frontier03606: task 6318: Terminated
srun: error: frontier08347: tasks 14304-14308,14310-14311: Terminated
srun: error: frontier00939: tasks 1617-1623: Terminated
srun: error: frontier09363: task 15995: Terminated
srun: error: frontier04900: task 8450: Terminated
srun: error: frontier02285: task 4012: Terminated
srun: error: frontier06684: tasks 11464-11469,11471: Terminated
srun: error: frontier03927: tasks 6856-6858,6860-6863: Terminated
srun: error: frontier00958: task 1709: Terminated
srun: error: frontier01290: tasks 2248-2251,2253-2255: Terminated
srun: error: frontier08842: tasks 15104,15106-15111: Terminated
srun: error: frontier06575: tasks 11296-11297,11299-11303: Terminated
srun: error: frontier01381: tasks 2416-2420,2422-2423: Terminated
srun: error: frontier00054: tasks 112-114,116-119: Terminated
srun: error: frontier06189: tasks 10664-10667,10669-10671: Terminated
srun: error: frontier04971: task 8620: Terminated
srun: error: frontier08097: task 13857: Terminated
srun: error: frontier07138: tasks 12264-12268,12270-12271: Terminated
srun: error: frontier04389: tasks 7656-7660,7662-7663: Terminated
srun: error: frontier08993: task 15362: Terminated
srun: error: frontier05780: tasks 9960-9961,9963-9967: Terminated
srun: error: frontier03040: tasks 5352-5357,5359: Terminated
srun: error: frontier07065: tasks 12096-12099,12101-12103: Terminated
srun: error: frontier03465: tasks 6056-6063: Terminated
srun: error: frontier02583: tasks 4552-4559: Terminated
srun: error: frontier01847: tasks 3216-3221,3223: Terminated
srun: error: frontier06714: task 11557: Terminated
srun: error: frontier00543: tasks 912-918: Terminated
srun: error: frontier05296: tasks 9160-9165,9167: Terminated
srun: error: frontier03501: tasks 6153-6159: Terminated
srun: error: frontier02744: task 4813: Terminated
srun: error: frontier09366: tasks 16000-16004,16006-16007: Terminated
srun: error: frontier08373: tasks 14400-14401,14403-14407: Terminated
srun: error: frontier08886: tasks 15200-15201,15203-15207: Terminated
srun: error: frontier02701: tasks 4720-4721,4723-4727: Terminated
srun: error: frontier08098: tasks 13864-13865,13867-13871: Terminated
srun: error: frontier03146: tasks 5520-5526: Terminated
srun: error: frontier05337: task 9253: Terminated
srun: error: frontier05338: tasks 9256-9261,9263: Terminated
srun: error: frontier00179: task 375: Terminated
srun: error: frontier06232: tasks 10760-10766: Terminated
srun: error: frontier08994: tasks 15369-15375: Terminated
srun: error: frontier01512: task 2676: Terminated
srun: error: frontier07593: tasks 13064-13070: Terminated
srun: error: frontier05804: task 10055: Terminated
srun: error: frontier07301: task 12526: Terminated
srun: error: frontier04903: tasks 8456-8463: Terminated
srun: error: frontier06715: tasks 11560-11563,11565-11567: Terminated
srun: error: frontier04098: task 7114: Terminated
srun: error: frontier09434: task 16166: Terminated
srun: error: frontier03986: tasks 6952-6955,6957-6959: Terminated
srun: error: frontier01435: tasks 2512-2514,2516-2519: Terminated
srun: error: frontier05451: tasks 9424-9430: Terminated
srun: error: frontier07495: tasks 12896-12901,12903: Terminated
srun: error: frontier08536: task 14663: Terminated
srun: error: frontier05806: tasks 10056-10062: Terminated
srun: error: frontier01434: task 2504: Terminated
srun: error: frontier00082: tasks 208-209,211-215: Terminated
srun: error: frontier03469: task 6072: Aborted (core dumped)
srun: error: frontier05925: task 10219: Terminated
srun: error: frontier00181: tasks 376-379,381-383: Terminated
srun: error: frontier03213: task 5612: Terminated
srun: error: frontier05444: task 9419: Terminated
srun: error: frontier01892: task 3308: Terminated
srun: error: frontier02286: tasks 4016,4018-4023: Terminated
srun: error: frontier04102: tasks 7120-7127: Terminated
srun: error: frontier07213: tasks 12361-12367: Terminated
srun: error: frontier05926: tasks 10224-10225,10227-10231: Terminated
srun: error: frontier00561: tasks 1008-1012,1014-1015: Terminated
srun: error: frontier00959: tasks 1712-1714,1716-1719: Terminated
srun: error: frontier09436: tasks 16168-16171,16173-16175: Terminated
srun: error: frontier03608: tasks 6320-6325,6327: Terminated
srun: error: frontier06312: tasks 10856-10859,10861-10863: Terminated
srun: error: frontier07197: task 12357: Terminated
srun: error: frontier09010: task 15459: Terminated
srun: error: frontier02748: tasks 4816-4822: Terminated
srun: error: frontier03216: tasks 5616-5619,5621-5623: Terminated
srun: error: frontier00678: tasks 1176-1180,1182-1183: Terminated
srun: error: frontier06410: task 11020: Terminated
srun: error: frontier06414: tasks 11024-11025,11027-11031: Terminated
srun: error: frontier02012: task 3479: Terminated
srun: error: frontier01893: tasks 3312-3315,3317-3319: Terminated
srun: error: frontier04561: tasks 7920-7922,7924-7927: Terminated
srun: error: frontier07732: task 13325: Terminated
srun: error: frontier05030: tasks 8720-8724,8726-8727: Terminated
srun: error: frontier08120: tasks 13960-13963,13965-13967: Terminated
srun: error: frontier01087: tasks 1976-1977,1979-1983: Terminated
srun: error: frontier09012: tasks 15464-15467,15469-15471: Terminated
srun: error: frontier04556: task 7918: Terminated
srun: error: frontier07627: task 13157: Terminated
srun: error: frontier05029: task 8712: Terminated
srun: error: frontier06867: tasks 11824-11827,11829-11831: Terminated
srun: error: frontier03663: task 6414: Terminated
srun: error: frontier02335: task 4108: Terminated
srun: error: frontier10149: tasks 16264-16268,16270-16271: Terminated
srun: error: frontier03664: tasks 6416-6421,6423: Terminated
srun: error: frontier05525: tasks 9520-9524,9526-9527: Terminated
srun: error: frontier04150: tasks 7216-7219,7221-7223: Terminated
srun: error: frontier01566: tasks 2777-2783: Terminated
srun: error: frontier00281: tasks 472-476,478-479: Terminated
srun: error: frontier08237: tasks 14128-14129,14131-14135: Terminated
srun: error: frontier07686: tasks 13160,13162-13167: Terminated
srun: error: frontier02443: tasks 4280-4283,4285-4287: Terminated
srun: error: frontier04627: tasks 8016-8021,8023: Terminated
srun: error: frontier02439: task 4273: Terminated
srun: error: frontier08234: task 14126: Terminated
srun: error: frontier02900: tasks 5080-5083,5085-5087: Terminated
srun: error: frontier02013: tasks 3480-3485,3487: Terminated
srun: error: frontier10148: task 16258: Terminated
srun: error: frontier05524: task 9515: Terminated
srun: error: frontier02784: tasks 4912-4918: Terminated
srun: error: frontier02059: tasks 3576-3579,3581-3583: Terminated
srun: error: frontier03271: tasks 5712-5717,5719: Terminated
srun: error: frontier01086: task 1972: Terminated
srun: error: frontier02336: tasks 4112-4117,4119: Terminated
srun: error: frontier04137: task 7214: Terminated
srun: error: frontier06453: tasks 11120-11125,11127: Terminated
srun: error: frontier08117: task 13957: Terminated
srun: error: frontier08619: tasks 14760-14762,14764-14767: Terminated
srun: error: frontier08537: tasks 14664-14671: Terminated
srun: error: frontier01565: task 2771: Terminated
srun: error: frontier00701: tasks 1272-1278: Terminated
srun: error: frontier08614: task 14752: Terminated
srun: error: frontier03843: tasks 6680-6681,6683-6687: Terminated
srun: error: frontier06865: task 11823: Terminated
srun: error: frontier07340: tasks 12624-12627,12629-12631: Terminated
srun: error: frontier03761: task 6581: Terminated
srun: error: frontier02888: task 5077: Terminated
srun: error: frontier09098: tasks 15560-15563,15565-15567: Terminated
srun: error: frontier05577: tasks 9616-9620,9622-9623: Terminated
srun: error: frontier07846: tasks 13424-13428,13430-13431: Terminated
srun: error: frontier00274: task 468: Terminated
srun: error: frontier09177: tasks 15728-15733,15735: Terminated
srun: error: frontier06939: tasks 11920-11923,11925-11927: Terminated
srun: error: frontier05974: task 10315: Terminated
srun: error: frontier08732: tasks 14928-14934: Terminated
srun: error: frontier04624: task 8015: Terminated
srun: error: frontier03347: tasks 5880-5885,5887: Terminated
srun: error: frontier00677: task 1175: Terminated
srun: error: frontier00317: task 635: Terminated
srun: error: frontier01178: tasks 2072-2078: Terminated
srun: error: frontier02525: tasks 4376-4382: Terminated
srun: error: frontier07384: tasks 12720,12722-12727: Terminated
srun: error: frontier00423: tasks 736-738,740-743: Terminated
srun: error: frontier04249: task 7383: Terminated
srun: error: frontier05675: tasks 9784-9787,9789-9791: Terminated
srun: error: frontier01289: tasks 2240,2242-2247: Terminated
srun: error: frontier06162: tasks 10584-10590: Terminated
srun: error: frontier06790: tasks 11656-11660,11662-11663: Terminated
srun: error: frontier03346: task 5873: Terminated
srun: error: frontier02099: tasks 3672-3676,3678-3679: Terminated
srun: error: frontier04695: task 8183: Terminated
srun: error: frontier01757: tasks 3040-3041,3043-3047: Terminated
srun: error: frontier02965: tasks 5176-5178,5180-5183: Terminated
srun: error: frontier05172: tasks 8984-8987,8989-8991: Terminated
srun: error: frontier07332: task 12622: Terminated
srun: error: frontier07845: task 13422: Terminated
srun: error: frontier04763: tasks 8280-8281,8283-8287: Terminated
srun: error: frontier02192: tasks 3840-3844,3846-3847: Terminated
srun: error: frontier07878: tasks 13520-13525,13527: Terminated
srun: error: frontier08264: tasks 14224-14231: Terminated
srun: error: frontier09248: tasks 15824,15826-15831: Terminated
srun: error: frontier06450: task 11115: Terminated
srun: error: frontier08725: task 14924: Terminated
srun: error: frontier05273: tasks 9080-9082,9084-9087: Terminated
srun: error: frontier00830: tasks 1536-1539,1541-1543: Terminated
srun: error: frontier03489: tasks 6144-6145,6147-6151: Terminated
srun: error: frontier05976: tasks 10320-10327: Terminated
srun: error: frontier00812: task 1436: Terminated
srun: error: frontier02031: task 3574: Terminated
srun: error: frontier05088: task 8811: Terminated
srun: error: frontier04302: tasks 7480-7481,7483-7487: Terminated
srun: error: frontier07968: tasks 13688-13692,13694-13695: Terminated
srun: error: frontier00023: tasks 32-37,39: Terminated
srun: error: frontier07062: tasks 12088-12095: Terminated
srun: error: frontier03419: tasks 5976-5980,5982-5983: Terminated
srun: error: frontier08755: tasks 15024-15025,15027-15031: Terminated
srun: error: frontier03889: tasks 6776-6779,6781-6783: Terminated
srun: error: frontier01176: task 2068: Terminated
srun: error: frontier06623: tasks 11384-11389,11391: Terminated
srun: error: frontier03985: tasks 6944-6949,6951: Terminated
srun: error: frontier03807: task 6678: Terminated
srun: error: frontier07088: tasks 12184-12187,12189-12191: Terminated
srun: error: frontier07480: tasks 12888-12894: Terminated
srun: error: frontier00698: task 1268: Terminated
srun: error: frontier09176: task 15727: Terminated
srun: error: frontier04697: tasks 8184-8191: Terminated
srun: error: frontier01805: tasks 3136-3141,3143: Terminated
srun: error: frontier00448: tasks 832-835,837-839: Terminated
srun: error: frontier04444: tasks 7744-7748,7750-7751: Terminated
srun: error: frontier05089: tasks 8816-8821,8823: Terminated
srun: error: frontier02524: task 4374: Terminated
srun: error: frontier01354: tasks 2336-2342: Terminated
srun: error: frontier03095: tasks 5440-5443,5445-5447: Terminated
srun: error: frontier05171: task 8983: Terminated
srun: error: frontier08263: task 14219: Terminated
srun: error: frontier01283: task 2234: Terminated
srun: error: frontier00081: tasks 200-204,206-207: Terminated
srun: error: frontier08349: tasks 14320-14323,14325-14327: Terminated
srun: error: frontier06573: task 11287: Terminated
srun: error: frontier04825: tasks 8376-8379,8381-8383: Terminated
srun: error: frontier05717: tasks 9880-9882,9884-9887: Terminated
srun: error: frontier06693: tasks 11480-11482,11484-11487: Terminated
srun: error: frontier02961: task 5170: Terminated
srun: error: frontier06195: tasks 10680-10684,10686-10687: Terminated
srun: error: frontier04366: tasks 7576-7579,7581-7583: Terminated
srun: error: frontier07990: tasks 13784-13788,13790-13791: Terminated
srun: error: frontier08471: tasks 14488-14493,14495: Terminated
srun: error: frontier08915: tasks 15288-15289,15291-15295: Terminated
srun: error: frontier06937: task 11919: Terminated
srun: error: frontier03553: tasks 6240-6242,6244-6247: Terminated
srun: error: frontier02226: tasks 3936-3941,3943: Terminated
srun: error: frontier06310: tasks 10848-10853,10855: Terminated
srun: error: frontier07052: task 12086: Terminated
srun: error: frontier05416: tasks 9344-9349,9351: Terminated
srun: error: frontier08754: task 15017: Terminated
srun: error: frontier00947: tasks 1632-1638: Terminated
srun: error: frontier06787: tasks 11648-11649,11651-11655: Terminated
srun: error: frontier01049: tasks 1800-1801,1803-1807: Terminated
srun: error: frontier03038: task 5342: Terminated
srun: error: frontier07140: tasks 12280-12285,12287: Terminated
srun: error: frontier02703: tasks 4736-4739,4741-4743: Terminated
srun: error: frontier04924: tasks 8544-8549,8551: Terminated
srun: error: frontier00560: tasks 1000-1004,1006-1007: Terminated
srun: error: frontier01384: tasks 2432-2435,2437-2439: Terminated
srun: error: frontier00422: task 733: Terminated
srun: error: frontier08884: task 15188: Terminated
srun: error: frontier02783: tasks 4904-4910: Terminated
srun: error: frontier01633: task 2866: Terminated
srun: error: frontier05900: tasks 10144-10146,10148-10151: Terminated
srun: error: frontier01501: tasks 2600-2605,2607: Terminated
srun: error: frontier04294: task 7476: Terminated
srun: error: frontier07575: tasks 12984-12990: Terminated
srun: error: frontier09392: tasks 16088-16093,16095: Terminated
srun: error: frontier00165: tasks 296-297,299-303: Terminated
srun: error: frontier00577: tasks 1096-1097,1099-1103: Terminated
srun: error: frontier03417: task 5970: Terminated
srun: error: frontier07479: task 12887: Terminated
srun: error: frontier04047: tasks 7040-7044,7046-7047: Terminated
srun: error: frontier03256: tasks 5704-5710: Terminated
srun: error: frontier06158: task 10580: Terminated
srun: error: frontier04512: tasks 7840-7841,7843-7847: Terminated
srun: error: frontier01756: task 3039: Terminated
srun: error: frontier01942: tasks 3400-3401,3403-3407: Terminated
srun: error: frontier07598: tasks 13080-13086: Terminated
srun: error: frontier05013: tasks 8640-8642,8644-8647: Terminated
srun: error: frontier03625: tasks 6336-6339,6341-6343: Terminated
srun: error: frontier02655: tasks 4640-4647: Terminated
srun: error: frontier07707: tasks 13248-13254: Terminated
srun: error: frontier10126: tasks 16184-16186,16188-16191: Terminated
srun: error: frontier07239: tasks 12448-12454: Terminated
srun: error: frontier00829: task 1532: Terminated
srun: error: frontier08997: tasks 15384-15389,15391: Terminated
srun: error: frontier03726: tasks 6504-6508,6510-6511: Terminated
srun: error: frontier04762: task 8279: Terminated
srun: error: frontier03158: tasks 5536-5538,5540-5543: Terminated
srun: error: frontier08498: tasks 14584-14587,14589-14591: Terminated
srun: error: frontier07967: task 13687: Terminated
srun: error: frontier09242: task 15818: Terminated
srun: error: frontier02410: tasks 4200-4202,4204-4207: Terminated
srun: error: frontier10168: tasks 16352-16358: Terminated
srun: error: frontier06346: tasks 10944,10946-10951: Terminated
srun: error: frontier06622: task 11383: Terminated
srun: error: frontier02186: task 3838: Terminated
srun: error: frontier09097: tasks 15552-15557,15559: Terminated
srun: error: frontier04180: tasks 7304-7308,7310-7311: Terminated
srun: error: frontier02842: tasks 5000-5005,5007: Terminated
srun: error: frontier01545: tasks 2696-2701,2703: Terminated
srun: error: frontier00191: tasks 392-398: Terminated
srun: error: frontier09361: task 15985: Terminated
srun: error: frontier04107: tasks 7136-7140,7142-7143: Terminated
srun: error: frontier05935: tasks 10240-10245,10247: Terminated
srun: error: frontier05560: tasks 9608-9612,9614-9615: Terminated
srun: error: frontier00302: tasks 560-564,566-567: Terminated
srun: error: frontier03984: task 6943: Terminated
srun: error: frontier05455: tasks 9440-9446: Terminated
srun: error: frontier03299: tasks 5800-5806: Terminated
srun: error: frontier06822: tasks 11744-11750: Terminated
srun: error: frontier02017: tasks 3496-3502: Terminated
srun: error: frontier06049: tasks 10408-10409,10411-10415: Terminated
srun: error: frontier00682: tasks 1192-1196,1198-1199: Terminated
srun: error: frontier01074: tasks 1896-1900,1902-1903: Terminated
srun: error: frontier04658: tasks 8104-8109,8111: Terminated
srun: error: frontier03876: task 6772: Terminated
srun: error: frontier08209: tasks 14048-14055: Terminated
srun: error: frontier06424: tasks 11040-11044,11046-11047: Terminated
srun: error: frontier05272: task 9076: Terminated
srun: error: frontier07307: tasks 12544-12546,12548-12551: Terminated
srun: error: frontier01345: task 2334: Terminated
srun: error: frontier07756: tasks 13344-13350: Terminated
srun: error: frontier08470: task 14483: Terminated
srun: error: frontier07876: tasks 13512-13515,13517-13519: Terminated
srun: error: frontier02650: task 4633: Terminated
srun: error: frontier05716: task 9879: Terminated
srun: error: frontier05151: tasks 8904-8909,8911: Terminated
srun: error: frontier00796: tasks 1361-1367: Terminated
srun: error: frontier00021: task 28: Terminated
srun: error: frontier08239: tasks 14144-14148,14150-14151: Terminated
srun: error: frontier00080: task 195: Terminated
srun: error: frontier06499: tasks 11208-11214: Terminated
srun: error: frontier02092: tasks 3664-3667,3669-3671: Terminated
srun: error: frontier02544: tasks 4464-4467,4469-4471: Terminated
srun: error: frontier08652: tasks 14848-14852,14854-14855: Terminated
srun: error: frontier05635: tasks 9704-9708,9710-9711: Terminated
srun: error: frontier07084: task 12181: Terminated
srun: error: frontier02454: tasks 4296-4298,4300-4303: Terminated
srun: error: frontier03093: task 5437: Terminated
srun: error: frontier05336: task 9241: Terminated
srun: error: frontier06971: tasks 12008-12013,12015: Terminated
srun: error: frontier00447: task 825: Terminated
srun: error: frontier08348: tasks 14312-14316,14318-14319: Terminated
srun: error: frontier01802: task 3135: Terminated
srun: error: frontier06190: task 10674: Terminated
srun: error: frontier09133: tasks 15648-15655: Terminated
srun: error: frontier01690: tasks 2960-2964,2966-2967: Terminated
srun: error: frontier04363: tasks 7568-7571,7573-7575: Terminated
srun: error: frontier04442: task 7740: Terminated
srun: error: frontier00320: tasks 656-658,660-663: Terminated
srun: error: frontier01891: task 3302: Terminated
srun: error: frontier03784: tasks 6600-6602,6604-6607: Terminated
srun: error: frontier05803: task 10044: Terminated
srun: error: frontier04740: tasks 8201-8207: Terminated
srun: error: frontier06093: tasks 10504-10510: Terminated
srun: error: frontier09179: tasks 15744-15750: Terminated
srun: error: frontier00559: task 998: Terminated
srun: error: frontier03552: task 6237: Terminated
srun: error: frontier00818: tasks 1456-1458,1460-1463: Terminated
srun: error: frontier09278: tasks 15912-15914,15916-15919: Terminated
srun: error: frontier06308: task 10846: Terminated
srun: error: frontier07956: tasks 13608-13612,13614-13615: Terminated
srun: error: frontier05187: tasks 9000-9004,9006-9007: Terminated
srun: error: frontier07462: tasks 12808-12814: Terminated
srun: error: frontier01246: tasks 2160-2166: Terminated
srun: error: frontier07574: task 12981: Terminated
srun: error: frontier02906: tasks 5096-5102: Terminated
srun: error: frontier04252: tasks 7400-7404,7406-7407: Terminated
srun: error: frontier03466: tasks 6064-6069,6071: Terminated
srun: error: frontier04920: task 8537: Terminated
srun: error: frontier02150: tasks 3760-3765,3767: Terminated
srun: error: frontier07987: task 13781: Terminated
srun: error: frontier05301: tasks 9168-9169,9171-9175: Terminated
srun: error: frontier00941: tasks 1624-1625,1627-1631: Terminated
srun: error: frontier03928: tasks 6864-6870: Terminated
srun: error: frontier07066: tasks 12104,12106-12111: Terminated
srun: error: frontier03011: tasks 5264-5267,5269-5271: Terminated
srun: error: frontier04824: tasks 8368-8373,8375: Terminated
srun: error: frontier08913: task 15286: Terminated
srun: error: frontier08736: tasks 14944-14948,14950-14951: Terminated
srun: error: frontier01382: tasks 2424,2426-2431: Terminated
srun: error: frontier01048: task 1796: Terminated
srun: error: frontier09391: task 16084: Terminated
srun: error: frontier08850: tasks 15112-15118: Terminated
srun: error: frontier05415: task 9342: Terminated
srun: error: frontier04404: tasks 7664-7665,7667-7671: Terminated
srun: error: frontier06687: task 11476: Terminated
srun: error: frontier03041: tasks 5360-5361,5363-5367: Terminated
srun: error: frontier07139: tasks 12272-12274,12276-12279: Terminated
srun: error: frontier01759: tasks 3056-3062: Terminated
srun: error: frontier02332: task 4098: Terminated
srun: error: frontier08888: tasks 15208-15211,15213-15215: Terminated
srun: error: frontier02217: task 3930: Terminated
srun: error: frontier04043: task 7037: Terminated
srun: error: frontier05677: tasks 9800-9805,9807: Terminated
srun: error: frontier05787: tasks 9968-9970,9972-9975: Terminated
srun: error: frontier01848: tasks 3224-3227,3229-3231: Terminated
srun: error: frontier00544: tasks 920-925,927: Terminated
srun: error: frontier02702: task 4733: Terminated
srun: error: frontier06592: tasks 11304-11310: Terminated
srun: error: frontier08375: tasks 14408-14413,14415: Terminated
srun: error: frontier02585: tasks 4560-4564,4566-4567: Terminated
srun: error: frontier06233: tasks 10768-10773,10775: Terminated
srun: error: frontier08496: task 14580: Terminated
srun: error: frontier03509: tasks 6160-6161,6163-6167: Terminated
srun: error: frontier04904: tasks 8464-8471: Terminated
srun: error: frontier07972: tasks 13704-13705,13707-13711: Terminated
srun: error: frontier00064: tasks 120-122,124-127: Terminated
srun: error: frontier03609: tasks 6328-6334: Terminated
srun: error: frontier01495: task 2596: Terminated
srun: error: frontier01293: tasks 2256-2257,2259-2263: Terminated
srun: error: frontier03987: tasks 6960-6965,6967: Terminated
srun: error: frontier00164: task 295: Terminated
srun: error: frontier07233: task 12441: Terminated
srun: error: frontier06750: task 11644: Terminated
srun: error: frontier08478: tasks 14504-14509,14511: Terminated
srun: error: frontier07594: tasks 13072-13079: Terminated
srun: error: frontier05895: task 10141: Terminated
srun: error: frontier08116: task 13947: Terminated
srun: error: frontier06721: tasks 11568-11574: Terminated
srun: error: frontier02306: tasks 4024,4026-4031: Terminated
srun: error: frontier02760: tasks 4824-4829,4831: Terminated
srun: error: frontier02196: tasks 3856-3857,3859-3863: Terminated
srun: error: frontier08099: tasks 13872-13878: Terminated
srun: error: frontier07496: tasks 12904-12910: Terminated
srun: error: frontier04104: tasks 7128-7129,7131-7135: Terminated
srun: error: frontier04509: task 7837: Terminated
srun: error: frontier00960: tasks 1720-1726: Terminated
srun: error: frontier00183: tasks 384-387,389-391: Terminated
srun: error: frontier05808: tasks 10064-10066,10068-10071: Terminated
srun: error: frontier04485: tasks 7760-7762,7764-7767: Terminated
srun: error: frontier08585: tasks 14672-14673,14675-14679: Terminated
srun: error: frontier05339: tasks 9264-9270: Terminated
srun: error: frontier04563: tasks 7928,7930-7935: Terminated
srun: error: frontier03152: task 5531: Terminated
srun: error: frontier00576: task 1093: Terminated
srun: error: frontier02782: task 4900: Terminated
srun: error: frontier04623: task 8003: Terminated
srun: error: frontier03218: tasks 5624,5626-5631: Terminated
srun: error: frontier09371: tasks 16008-16014: Terminated
srun: error: frontier08613: task 14749: Terminated
srun: error: frontier00562: tasks 1016-1017,1019-1023: Terminated
srun: error: frontier01465: tasks 2520-2521,2523-2527: Terminated
srun: error: frontier03255: task 5699: Terminated
srun: error: frontier00083: tasks 216-218,220-223: Terminated
srun: error: frontier06341: task 10938: Terminated
srun: error: frontier01941: task 3398: Terminated
srun: error: frontier04950: tasks 8560-8567: Terminated
srun: error: frontier07689: tasks 13168-13173,13175: Terminated
srun: error: frontier08996: task 15377: Terminated
srun: error: frontier02351: tasks 4120-4124,4126-4127: Terminated
srun: error: frontier06316: tasks 10864,10866-10871: Terminated
srun: error: frontier06793: tasks 11664-11665,11667-11671: Terminated
srun: error: frontier01894: tasks 3320-3323,3325-3327: Terminated
srun: error: frontier01088: tasks 1984-1987,1989-1991: Terminated
srun: error: frontier09096: task 15550: Terminated
srun: error: frontier05085: task 8803: Terminated
srun: error: frontier07214: tasks 12368-12369,12371-12375: Terminated
srun: error: frontier09013: tasks 15472-15478: Terminated
srun: error: frontier04151: tasks 7224-7226,7228-7231: Terminated
srun: error: frontier09444: task 16178: Terminated
srun: error: frontier07706: task 13241: Terminated
srun: error: frontier01505: tasks 2616-2617,2619-2623: Terminated
srun: error: frontier05527: tasks 9528-9530,9532-9535: Terminated
srun: error: frontier05045: tasks 8728-8729,8731-8735: Terminated
srun: error: frontier06869: tasks 11832-11833,11835-11839: Terminated
srun: error: frontier01067: task 1890: Terminated
srun: error: frontier03724: task 6501: Terminated
srun: error: frontier05010: task 8635: Terminated
srun: error: frontier01052: tasks 1816-1820,1822-1823: Terminated
srun: error: frontier00679: tasks 1184-1189,1191: Terminated
srun: error: frontier06421: tasks 11032-11035,11037-11039: Terminated
srun: error: frontier10167: task 16346: Terminated
srun: error: frontier02904: tasks 5088-5093,5095: Terminated
srun: error: frontier05980: tasks 10328-10331,10333-10335: Terminated
srun: error: frontier01595: tasks 2784-2788,2790-2791: Terminated
srun: error: frontier02817: tasks 4920-4925,4927: Terminated
srun: error: frontier03272: tasks 5720-5722,5724-5727: Terminated
srun: error: frontier03666: tasks 6424-6427,6429-6431: Terminated
srun: error: frontier08208: task 14046: Terminated
srun: error: frontier02408: task 4198: Terminated
srun: error: frontier10150: tasks 16272-16279: Terminated
srun: error: frontier04628: tasks 8024-8026,8028-8031: Terminated
srun: error: frontier00284: tasks 480-485,487: Terminated
srun: error: frontier04179: task 7298: Terminated
srun: error: frontier09178: tasks 15736-15742: Terminated
srun: error: frontier05090: tasks 8824-8829,8831: Terminated
srun: error: frontier07343: tasks 12632-12638: Terminated
srun: error: frontier05558: task 9607: Terminated
srun: error: frontier08621: tasks 14768-14774: Terminated
srun: error: frontier07847: tasks 13432-13438: Terminated
srun: error: frontier07253: tasks 12464-12466,12468-12471: Terminated
srun: error: frontier09099: tasks 15568-15572,15574-15575: Terminated
srun: error: frontier06463: tasks 11128-11133,11135: Terminated
srun: error: frontier05453: task 9435: Terminated
srun: error: frontier02841: task 4995: Terminated
srun: error: frontier03728: tasks 6520-6524,6526-6527: Terminated
srun: error: frontier01175: task 2060: Terminated
srun: error: frontier02062: tasks 3584-3588,3590-3591: Terminated
srun: error: frontier02526: tasks 4384-4390: Terminated
srun: error: frontier05929: task 10238: Terminated
srun: error: frontier06820: task 11743: Terminated
srun: error: frontier01539: task 2695: Terminated
srun: error: frontier06950: tasks 11928-11933,11935: Terminated
srun: error: frontier05186: tasks 8992-8997,8999: Terminated
srun: error: frontier01632: task 2863: Terminated
srun: error: frontier08734: tasks 14936-14942: Terminated
srun: error: frontier00702: tasks 1280-1283,1285-1287: Terminated
srun: error: frontier07306: task 12540: Terminated
srun: error: frontier01179: tasks 2080-2085,2087: Terminated
srun: error: frontier01642: tasks 2880-2881,2883-2887: Terminated
srun: error: frontier03849: tasks 6688-6691,6693-6695: Terminated
srun: error: frontier04303: tasks 7488-7493,7495: Terminated
srun: error: frontier03348: tasks 5888-5893,5895: Terminated
srun: error: frontier04653: task 8101: Terminated
srun: error: frontier00305: tasks 576-580,582-583: Terminated
srun: error: frontier08759: tasks 15032-15037,15039: Terminated
srun: error: frontier07376: task 12711: Terminated
srun: error: frontier00424: tasks 744-747,749-751: Terminated
srun: error: frontier06052: tasks 10424-10427,10429-10431: Terminated
srun: error: frontier10172: tasks 16368-16370,16372-16375: Terminated
srun: error: frontier05578: tasks 9624,9626-9631: Terminated
srun: error: frontier02966: tasks 5184-5186,5188-5191: Terminated
srun: error: frontier06048: task 10404: Terminated
srun: error: frontier08279: tasks 14232-14237,14239: Terminated
srun: error: frontier08124: tasks 13968-13975: Terminated
srun: error: frontier07743: task 13340: Terminated
srun: error: frontier01758: tasks 3048-3053,3055: Terminated
srun: error: frontier08638: task 14846: Terminated
srun: error: frontier05676: tasks 9792-9795,9797-9799: Terminated
srun: error: frontier00301: task 557: Terminated
srun: error: frontier06536: tasks 11224-11225,11227-11231: Terminated
srun: error: frontier02016: task 3493: Terminated
srun: error: frontier02194: tasks 3848-3851,3853-3855: Terminated
srun: error: frontier09132: task 15645: Terminated
srun: error: frontier03298: task 5796: Terminated
srun: error: frontier07884: tasks 13528-13532,13534-13535: Terminated
srun: error: frontier02123: tasks 3680-3684,3686-3687: Terminated
srun: error: frontier06624: tasks 11392-11395,11397-11399: Terminated
srun: error: frontier03783: task 6595: Terminated
srun: error: frontier03891: tasks 6784-6790: Terminated
srun: error: frontier06498: task 11204: Terminated
srun: error: frontier04765: tasks 8288-8290,8292-8295: Terminated
srun: error: frontier02562: tasks 4480-4483,4485-4487: Terminated
srun: error: frontier01356: tasks 2344-2349,2351: Terminated
srun: error: frontier07436: tasks 12728-12735: Terminated
srun: error: frontier07971: tasks 13696-13701,13703: Terminated
srun: error: frontier04367: tasks 7584-7586,7588-7591: Terminated
srun: error: frontier08477: tasks 14496-14497,14499-14503: Terminated
srun: error: frontier03019: tasks 5281-5287: Terminated
srun: error: frontier07875: task 13508: Terminated
srun: error: frontier02079: task 3659: Terminated
srun: error: frontier03867: task 6762: Terminated
srun: error: frontier00795: task 1353: Terminated
srun: error: frontier06165: tasks 10592-10595,10597-10599: Terminated
srun: error: frontier03420: tasks 5984-5988,5990-5991: Terminated
srun: error: frontier02542: task 4463: Terminated
srun: error: frontier09250: tasks 15832-15839: Terminated
srun: error: frontier01813: tasks 3144-3150: Terminated
srun: error: frontier00449: tasks 840-845,847: Terminated
srun: error: frontier04445: tasks 7752-7754,7756-7759: Terminated
srun: error: frontier00831: tasks 1544-1546,1548-1551: Terminated
srun: error: frontier08350: tasks 14328,14330-14335: Terminated
srun: error: frontier08854: tasks 15128-15131,15133-15135: Terminated
srun: error: frontier06199: tasks 10688-10689,10691-10695: Terminated
srun: error: frontier05600: task 9700: Terminated
srun: error: frontier05275: tasks 9088-9089,9091-9095: Terminated
srun: error: frontier03096: tasks 5448-5454: Terminated
srun: error: frontier06970: task 12004: Terminated
srun: error: frontier09284: tasks 15928,15930-15935: Terminated
srun: error: frontier02250: tasks 3944-3949,3951: Terminated
srun: error: frontier05718: tasks 9888-9889,9891-9895: Terminated
srun: error: frontier05150: task 8900: Terminated
srun: error: frontier06698: tasks 11488-11491,11493-11495: Terminated
srun: error: frontier02450: task 4292: Terminated
srun: error: frontier00027: tasks 40-45,47: Terminated
srun: error: frontier08916: tasks 15296-15298,15300-15303: Terminated
srun: error: frontier02656: tasks 4648-4654: Terminated
srun: error: frontier05303: tasks 9184-9185,9187-9191: Terminated
srun: error: frontier08238: task 14140: Terminated
srun: error: frontier01051: tasks 1809-1815: Terminated
srun: error: frontier03001: task 5260: Terminated
srun: error: frontier01689: task 2956: Terminated
srun: error: frontier04826: tasks 8384-8387,8389-8391: Terminated
srun: error: frontier02708: tasks 4744-4749,4751: Terminated
srun: error: frontier00319: task 651: Terminated
srun: error: frontier04050: tasks 7048-7050,7052-7055: Terminated
srun: error: frontier04251: task 7397: Terminated
srun: error: frontier06090: task 10501: Terminated
srun: error: frontier07576: tasks 12992-12999: Terminated
srun: error: frontier07455: task 12804: Terminated
srun: error: frontier04737: task 8196: Terminated
srun: error: frontier00167: tasks 304-307,309-311: Terminated
srun: error: frontier03589: tasks 6248-6251,6253-6255: Terminated
srun: error: frontier08347: task 14309: Terminated
srun: error: frontier05417: tasks 9352-9355,9357-9359: Terminated
srun: error: frontier05901: tasks 10152-10159: Terminated
srun: error: frontier04360: task 7567: Terminated
srun: error: frontier03160: tasks 5544-5548,5550-5551: Terminated
srun: error: frontier00442: task 823: Terminated
srun: error: frontier01874: tasks 3240-3241,3243-3247: Terminated
srun: error: frontier00950: tasks 1640-1646: Terminated
srun: error: frontier04947: tasks 8552-8553,8555-8559: Terminated
srun: error: frontier05789: tasks 9984,9986-9991: Terminated
srun: error: frontier07998: tasks 13792-13793,13795-13799: Terminated
srun: error: frontier08998: tasks 15392-15396,15398-15399: Terminated
srun: error: frontier09394: tasks 16096-16097,16099-16103: Terminated
srun: error: frontier01385: tasks 2440-2441,2443-2447: Terminated
srun: error: frontier04823: task 8367: Terminated
srun: error: frontier07717: tasks 13256-13259,13261-13263: Terminated
srun: error: frontier01504: tasks 2608-2614: Terminated
srun: error: frontier07141: tasks 12288-12291,12293-12295: Terminated
srun: error: frontier04514: tasks 7848-7851,7853-7855: Terminated
srun: error: frontier01944: tasks 3408-3413,3415: Terminated
srun: error: frontier10127: tasks 16192-16194,16196-16199: Terminated
srun: error: frontier05014: tasks 8648-8650,8652-8655: Terminated
srun: error: frontier00816: task 1453: Terminated
srun: error: frontier09277: task 15907: Terminated
srun: error: frontier08508: tasks 14592-14594,14596-14599: Terminated
srun: error: frontier07089: tasks 12192-12199: Terminated
srun: error: frontier02318: tasks 4040-4041,4043-4047: Terminated
srun: error: frontier02148: task 3758: Terminated
srun: error: frontier06825: tasks 11752-11755,11757-11759: Terminated
srun: error: frontier00578: tasks 1104-1107,1109-1111: Terminated
srun: error: frontier03644: tasks 6344-6347,6349-6351: Terminated
srun: error: frontier07946: task 13606: Terminated
srun: error: frontier06350: tasks 10952-10955,10957-10959: Terminated
srun: error: frontier08842: task 15105: Terminated
srun: error: frontier03727: tasks 6512,6514-6519: Terminated
srun: error: frontier06189: task 10668: Terminated
srun: error: frontier07599: tasks 13088-13089,13091-13095: Terminated
srun: error: frontier00192: tasks 400-405,407: Terminated
srun: error: frontier07240: tasks 12456,12458-12463: Terminated
srun: error: frontier06684: task 11470: Terminated
srun: error: frontier05456: tasks 9448-9451,9453-9455: Terminated
srun: error: frontier01075: tasks 1904-1906,1908-1911: Terminated
srun: error: frontier00939: task 1616: Terminated
srun: error: frontier06575: task 11298: Terminated
srun: error: frontier04566: tasks 7944-7945,7947-7951: Terminated
srun: error: frontier04181: tasks 7312-7314,7316-7319: Terminated
srun: error: frontier01290: task 2252: Terminated
srun: error: frontier00304: tasks 568-571,573-575: Terminated
srun: error: frontier04110: tasks 7144-7148,7150-7151: Terminated
srun: error: frontier05936: tasks 10248-10249,10251-10255: Terminated
srun: error: frontier03927: task 6859: Terminated
srun: error: frontier07316: tasks 12552,12554-12559: Terminated
srun: error: frontier04686: tasks 8112-8115,8117-8119: Terminated
srun: error: frontier03311: tasks 5808-5814: Terminated
srun: error: frontier01381: task 2421: Terminated
srun: error: frontier02411: tasks 4208-4213,4215: Terminated
srun: error: frontier00685: tasks 1201-1207: Terminated
srun: error: frontier07757: tasks 13352-13357,13359: Terminated
srun: error: frontier08213: tasks 14056-14057,14059-14063: Terminated
srun: error: frontier06425: tasks 11048-11053,11055: Terminated
srun: error: frontier06050: tasks 10416-10421,10423: Terminated
srun: error: frontier00054: task 115: Terminated
srun: error: frontier08106: tasks 13888-13893,13895: Terminated
srun: error: frontier02851: tasks 5008-5012,5014-5015: Terminated
srun: error: frontier00798: tasks 1368-1369,1371-1375: Terminated
srun: error: frontier07065: task 12100: Terminated
srun: error: frontier04389: task 7661: Terminated
srun: error: frontier02455: tasks 4304,4306-4311: Terminated
srun: error: frontier10170: tasks 16360-16365,16367: Terminated
srun: error: frontier05296: task 9166: Terminated
srun: error: frontier07138: task 12269: Terminated
srun: error: frontier01096: tasks 2000-2002,2004-2007: Terminated
srun: error: frontier01547: tasks 2705-2711: Terminated
srun: error: frontier05156: tasks 8912-8918: Terminated
srun: error: frontier05780: task 9962: Terminated
srun: error: frontier08653: tasks 14857-14863: Terminated
srun: error: frontier01250: tasks 2168-2169,2171-2175: Terminated
srun: error: frontier03040: task 5358: Terminated
srun: error: frontier05637: tasks 9712-9714,9716-9719: Terminated
srun: error: frontier09136: tasks 15656-15660,15662-15663: Terminated
srun: error: frontier04253: tasks 7408-7413,7415: Terminated
srun: error: frontier08240: tasks 14152-14156,14158-14159: Terminated
srun: error: frontier02018: tasks 3504-3511: Terminated
srun: error: frontier03787: tasks 6608-6612,6614-6615: Terminated
srun: error: frontier08373: task 14402: Terminated
srun: error: frontier01847: task 3222: Terminated
srun: error: frontier06878: tasks 11848,11850-11855: Terminated
srun: error: frontier06535: tasks 11216-11218,11220-11223: Terminated
srun: error: frontier00543: task 919: Terminated
srun: error: frontier02701: task 4722: Terminated
srun: error: frontier01700: tasks 2968-2969,2971-2975: Terminated
srun: error: frontier00396: tasks 664-670: Terminated
srun: error: frontier08852: tasks 15120-15126: Terminated
srun: error: frontier02561: tasks 4472-4478: Terminated
srun: error: frontier08886: task 15202: Terminated
srun: error: frontier03013: tasks 5272-5278: Terminated
srun: error: frontier06094: tasks 10512-10514,10516-10519: Terminated
srun: error: frontier06986: tasks 12016-12019,12021-12023: Terminated
srun: error: frontier03501: task 6152: Terminated
srun: error: frontier02152: tasks 3768-3771,3773-3775: Terminated
srun: error: frontier02907: tasks 5104-5108,5110-5111: Terminated
srun: error: frontier03146: task 5527: Terminated
srun: error: frontier03358: tasks 5904-5908,5910-5911: Terminated
srun: error: frontier00819: tasks 1464-1470: Terminated
srun: error: frontier09366: task 16005: Terminated
srun: error: frontier08994: task 15368: Terminated
srun: error: frontier06232: task 10767: Terminated
srun: error: frontier08737: tasks 14952-14955,14957-14959: Terminated
srun: error: frontier07593: task 13071: Terminated
srun: error: frontier07355: tasks 12648-12653,12655: Terminated
srun: error: frontier07495: task 12902: Terminated
srun: error: frontier05302: tasks 9176-9180,9182-9183: Terminated
srun: error: frontier09226: tasks 15752-15757,15759: Terminated
srun: error: frontier02605: tasks 4568-4569,4571-4575: Terminated
srun: error: frontier01295: tasks 2264-2267,2269-2271: Terminated
srun: error: frontier07463: tasks 12816-12821,12823: Terminated
srun: error: frontier08098: task 13866: Terminated
srun: error: frontier05684: tasks 9808-9814: Terminated
srun: error: frontier00065: tasks 128-129,131-135: Terminated
srun: error: frontier06595: tasks 11312-11318: Terminated
srun: error: frontier04741: tasks 8208-8214: Terminated
srun: error: frontier05338: task 9262: Terminated
srun: error: frontier03075: tasks 5368-5373,5375: Terminated
srun: error: frontier00428: tasks 760-761,763-767: Terminated
srun: error: frontier04405: tasks 7673-7679: Terminated
srun: error: frontier03857: tasks 6704-6709,6711: Terminated
srun: error: frontier05202: tasks 9008-9012,9014-9015: Terminated
srun: error: frontier03986: task 6956: Terminated
srun: error: frontier09280: tasks 15920-15925,15927: Terminated
srun: error: frontier06715: task 11564: Terminated
srun: error: frontier06176: tasks 10608-10611,10613-10615: Terminated
srun: error: frontier01760: tasks 3064-3067,3069-3071: Terminated
srun: error: frontier07068: tasks 12112-12113,12115-12119: Terminated
srun: error: frontier01870: tasks 3232-3237,3239: Terminated
srun: error: frontier07501: tasks 12912-12916,12918-12919: Terminated
srun: error: frontier02286: task 4017: Terminated
srun: error: frontier00545: tasks 928,930-935: Terminated
srun: error: frontier02197: tasks 3864-3870: Terminated
srun: error: frontier01435: task 2515: Terminated
srun: error: frontier05451: task 9431: Terminated
srun: error: frontier08889: tasks 15216-15221,15223: Terminated
srun: error: frontier04906: tasks 8472-8477,8479: Terminated
srun: error: frontier03929: tasks 6872-6877,6879: Terminated
srun: error: frontier05788: tasks 9976-9980,9982-9983: Terminated
srun: error: frontier00961: tasks 1728-1734: Terminated
srun: error: frontier06627: tasks 11408-11410,11412-11415: Terminated
srun: error: frontier03608: task 6326: Terminated
srun: error: frontier09372: tasks 16016,16018-16023: Terminated
srun: error: frontier00082: task 210: Terminated
srun: error: frontier02307: tasks 4032-4036,4038-4039: Terminated
srun: error: frontier03510: tasks 6168-6171,6173-6175: Terminated
srun: error: frontier00959: task 1715: Terminated
srun: error: frontier09436: task 16172: Terminated
srun: error: frontier00181: task 380: Terminated
srun: error: frontier05806: task 10063: Terminated
srun: error: frontier03989: tasks 6968-6974: Terminated
srun: error: frontier08100: tasks 13880-13885,13887: Terminated
srun: error: frontier08376: tasks 14416-14420,14422-14423: Terminated
srun: error: frontier07213: task 12360: Terminated
srun: error: frontier02660: tasks 4664-4671: Terminated
srun: error: frontier00129: tasks 224-228,230-231: Terminated
srun: error: frontier02748: task 4823: Terminated
srun: error: frontier01466: tasks 2529-2535: Terminated
srun: error: frontier05926: task 10226: Terminated
srun: error: frontier05809: tasks 10072-10077,10079: Terminated
srun: error: frontier08480: tasks 14512-14518: Terminated
srun: error: frontier08587: tasks 14680-14685,14687: Terminated
srun: error: frontier03118: tasks 5464-5467,5469-5471: Terminated
srun: error: frontier07957: tasks 13616-13618,13620-13623: Terminated
srun: error: frontier00561: task 1013: Terminated
srun: error: frontier02764: tasks 4832-4838: Terminated
srun: error: frontier04492: tasks 7768-7774: Terminated
srun: error: frontier03219: tasks 5632-5637,5639: Terminated
srun: error: frontier03216: task 5620: Terminated
srun: error: frontier08932: tasks 15312-15313,15315-15319: Terminated
srun: error: frontier05382: tasks 9272-9276,9278-9279: Terminated
srun: error: frontier06312: task 10860: Terminated
srun: error: frontier07977: tasks 13712-13717,13719: Terminated
srun: error: frontier04561: task 7923: Terminated
srun: error: frontier01893: task 3316: Terminated
srun: error: frontier00678: task 1181: Terminated
srun: error: frontier03667: tasks 6432-6433,6435-6439: Terminated
srun: error: frontier06726: tasks 11576-11580,11582-11583: Terminated
srun: error: frontier07691: tasks 13176-13177,13179-13183: Terminated
srun: error: frontier01054: tasks 1824-1829,1831: Terminated
srun: error: frontier06414: task 11026: Terminated
srun: error: frontier09012: task 15468: Terminated
srun: error: frontier05422: tasks 9368-9370,9372-9375: Terminated
srun: error: frontier10151: tasks 16280-16282,16284-16287: Terminated
srun: error: frontier02395: tasks 4128-4130,4132-4135: Terminated
srun: error: frontier01090: tasks 1993-1999: Terminated
srun: error: frontier00563: tasks 1024-1026,1028-1031: Terminated
srun: error: frontier05030: task 8725: Terminated
srun: error: frontier07215: tasks 12376-12381,12383: Terminated
srun: error: frontier08125: tasks 13976-13977,13979-13983: Terminated
srun: error: frontier04152: tasks 7232-7238: Terminated
srun: error: frontier06874: tasks 11840-11842,11844-11847: Terminated
srun: error: frontier04952: tasks 8568-8571,8573-8575: Terminated
srun: error: frontier06797: tasks 11672-11677,11679: Terminated
srun: error: frontier07686: task 13161: Terminated
srun: error: frontier05046: tasks 8736-8740,8742-8743: Terminated
srun: error: frontier08120: task 13964: Terminated
srun: error: frontier06317: tasks 10872-10876,10878-10879: Terminated
srun: error: frontier01506: tasks 2624-2629,2631: Terminated
srun: error: frontier04564: tasks 7937-7943: Terminated
srun: error: frontier10149: task 16269: Terminated
srun: error: frontier00285: tasks 488-494: Terminated
srun: error: frontier03664: task 6422: Terminated
srun: error: frontier01895: tasks 3328-3335: Terminated
srun: error: frontier05531: tasks 9536-9537,9539-9543: Terminated
srun: error: frontier01087: task 1978: Terminated
srun: error: frontier02013: task 3486: Terminated
srun: error: frontier04629: tasks 8032,8034-8039: Terminated
srun: error: frontier06867: task 11828: Terminated
srun: error: frontier07354: tasks 12640-12646: Terminated
srun: error: frontier01596: tasks 2792-2796,2798-2799: Terminated
srun: error: frontier06234: tasks 10776-10783: Terminated
srun: error: frontier05982: tasks 10336-10339,10341-10343: Terminated
srun: error: frontier05525: task 9525: Terminated
srun: error: frontier00704: tasks 1289-1295: Terminated
srun: error: frontier01947: tasks 3424,3426-3431: Terminated
srun: error: frontier07848: tasks 13440,13442-13447: Terminated
srun: error: frontier02065: tasks 3592,3594-3599: Terminated
srun: error: frontier04150: task 7220: Terminated
srun: error: frontier08237: task 14130: Terminated
srun: error: frontier02443: task 4284: Terminated
srun: error: frontier05091: tasks 8832-8836,8838-8839: Terminated
srun: error: frontier02818: tasks 4928-4932,4934-4935: Terminated
srun: error: frontier02336: task 4118: Terminated
srun: error: frontier03729: tasks 6528-6530,6532-6535: Terminated
srun: error: frontier01566: task 2776: Terminated
srun: error: frontier03357: tasks 5896-5900,5902-5903: Terminated
srun: error: frontier07255: tasks 12472,12474-12479: Terminated
srun: error: frontier08218: tasks 14072-14077,14079: Terminated
srun: error: frontier01182: tasks 2088-2090,2092-2095: Terminated
srun: error: frontier00281: task 477: Terminated
srun: error: frontier03855: tasks 6696-6700,6702-6703: Terminated
srun: error: frontier10173: tasks 16376-16377,16379-16383: Terminated
srun: error: frontier03279: tasks 5728-5734: Terminated
srun: error: frontier02527: tasks 4392-4395,4397-4399: Terminated
srun: error: frontier08622: tasks 14776-14779,14781-14783: Terminated
srun: error: frontier05580: tasks 9632-9636,9638-9639: Terminated
srun: error: frontier09100: tasks 15576-15579,15581-15583: Terminated
srun: error: frontier04226: tasks 7328-7329,7331-7335: Terminated
srun: error: frontier06464: tasks 11136-11137,11139-11143: Terminated
srun: error: frontier07723: tasks 13272-13274,13276-13279: Terminated
srun: error: frontier06955: tasks 11936-11937,11939-11943: Terminated
srun: error: frontier02900: task 5084: Terminated
srun: error: frontier09018: tasks 15480-15487: Terminated
srun: error: frontier02784: task 4919: Terminated
srun: error: frontier04627: task 8022: Terminated
srun: error: frontier08329: tasks 14240-14243,14245-14247: Terminated
srun: error: frontier00306: tasks 584-589,591: Terminated
srun: error: frontier04304: tasks 7496-7500,7502-7503: Terminated
srun: error: frontier08619: task 14763: Terminated
srun: error: frontier00425: tasks 753-759: Terminated
srun: error: frontier06053: tasks 10432-10435,10437-10439: Terminated
srun: error: frontier01645: tasks 2888-2889,2891-2895: Terminated
srun: error: frontier03271: task 5718: Terminated
srun: error: frontier02967: tasks 5192-5198: Terminated
srun: error: frontier02059: task 3580: Terminated
srun: error: frontier03421: tasks 5992-5998: Terminated
srun: error: frontier02134: tasks 3688-3691,3693-3695: Terminated
srun: error: frontier07340: task 12628: Terminated
srun: error: frontier09251: tasks 15840,15842-15847: Terminated
srun: error: frontier06790: task 11661: Terminated
srun: error: frontier06453: task 11126: Terminated
srun: error: frontier00701: task 1279: Terminated
srun: error: frontier08760: tasks 15040-15041,15043-15047: Terminated
srun: error: frontier09098: task 15564: Terminated
srun: error: frontier04688: tasks 8128-8132,8134-8135: Terminated
srun: error: frontier07886: tasks 13536-13540,13542-13543: Terminated
srun: error: frontier08732: task 14935: Terminated
srun: error: frontier01252: tasks 2185-2191: Terminated
srun: error: frontier07437: tasks 12736-12743: Terminated
srun: error: frontier02564: tasks 4488,4490-4495: Terminated
srun: error: frontier05276: tasks 9096-9099,9101-9103: Terminated
srun: error: frontier00834: tasks 1552-1556,1558-1559: Terminated
srun: error: frontier06174: tasks 10600-10605,10607: Terminated
srun: error: frontier00802: tasks 1384-1389,1391: Terminated
srun: error: frontier03347: task 5886: Terminated
srun: error: frontier00029: tasks 48-52,54-55: Terminated
srun: error: frontier03843: task 6682: Terminated
srun: error: frontier02657: tasks 4656-4657,4659-4663: Terminated
srun: error: frontier09177: task 15734: Terminated
srun: error: frontier01357: tasks 2352-2358: Terminated
srun: error: frontier07846: task 13429: Terminated
srun: error: frontier04368: tasks 7592-7596,7598-7599: Terminated
srun: error: frontier03028: tasks 5288-5290,5292-5295: Terminated
srun: error: frontier06545: tasks 11232-11233,11235-11239: Terminated
srun: error: frontier03892: tasks 6792-6797,6799: Terminated
srun: error: frontier05719: tasks 9896-9901,9903: Terminated
srun: error: frontier06995: tasks 12032-12036,12038-12039: Terminated
srun: error: frontier04772: tasks 8296-8303: Terminated
srun: error: frontier06625: tasks 11400-11402,11404-11407: Terminated
srun: error: frontier08351: tasks 14336-14340,14342-14343: Terminated
srun: error: frontier05577: task 9621: Terminated
srun: error: frontier06939: task 11924: Terminated
srun: error: frontier07577: tasks 13000-13001,13003-13007: Terminated
srun: error: frontier01178: task 2079: Terminated
srun: error: frontier02525: task 4383: Terminated
srun: error: frontier03100: tasks 5456-5462: Terminated
srun: error: frontier03590: tasks 6256-6258,6260-6263: Terminated
srun: error: frontier00951: tasks 1649-1655: Terminated
srun: error: frontier07999: tasks 13800-13802,13804-13807: Terminated
srun: error: frontier09395: tasks 16104,16106-16111: Terminated
srun: error: frontier01814: tasks 3152-3158: Terminated
srun: error: frontier03931: tasks 6888-6889,6891-6895: Terminated
srun: error: frontier05172: task 8988: Terminated
srun: error: frontier05308: tasks 9192,9194-9199: Terminated
srun: error: frontier01289: task 2241: Terminated
srun: error: frontier07094: tasks 12200-12203,12205-12207: Terminated
srun: error: frontier08858: tasks 15136-15140,15142-15143: Terminated
srun: error: frontier05675: task 9788: Terminated
srun: error: frontier07469: tasks 12832-12836,12838-12839: Terminated
srun: error: frontier07384: task 12721: Terminated
srun: error: frontier00068: tasks 144,146-151: Terminated
srun: error: frontier06700: tasks 11496-11499,11501-11503: Terminated
srun: error: frontier03471: tasks 6088-6093,6095: Terminated
srun: error: frontier07171: tasks 12296-12301,12303: Terminated
srun: error: frontier02965: task 5179: Terminated
srun: error: frontier06200: tasks 10696-10702: Terminated
srun: error: frontier00423: task 739: Terminated
srun: error: frontier00168: tasks 312-313,315-319: Terminated
srun: error: frontier08931: tasks 15304-15310: Terminated
srun: error: frontier05902: tasks 10160-10165,10167: Terminated
srun: error: frontier03161: tasks 5552-5558: Terminated
srun: error: frontier04828: tasks 8392-8397,8399: Terminated
srun: error: frontier09286: tasks 15936-15941,15943: Terminated
srun: error: frontier01882: tasks 3248-3249,3251-3255: Terminated
srun: error: frontier06162: task 10591: Terminated
srun: error: frontier01757: task 3042: Terminated
srun: error: frontier02266: tasks 3952-3958: Terminated
srun: error: frontier02099: task 3677: Terminated
srun: error: frontier04520: tasks 7856-7860,7862-7863: Terminated
srun: error: frontier05419: tasks 9360-9363,9365-9367: Terminated
srun: error: frontier01945: tasks 3416-3417,3419-3423: Terminated
srun: error: frontier04763: task 8282: Terminated
srun: error: frontier00662: tasks 1112-1115,1117-1119: Terminated
srun: error: frontier05089: task 8822: Terminated
srun: error: frontier04302: task 7482: Terminated
srun: error: frontier02709: tasks 4752-4758: Terminated
srun: error: frontier03645: tasks 6352-6355,6357-6359: Terminated
srun: error: frontier05016: tasks 8656-8658,8660-8663: Terminated
srun: error: frontier07878: task 13526: Terminated
srun: error: frontier08108: tasks 13896-13897,13899-13903: Terminated
srun: error: frontier08517: tasks 14600-14601,14603-14607: Terminated
srun: error: frontier09248: task 15825: Terminated
srun: error: frontier02192: task 3845: Terminated
srun: error: frontier04053: tasks 7056-7057,7059-7063: Terminated
srun: error: frontier08999: tasks 15400-15406: Terminated
srun: error: frontier01386: tasks 2448-2449,2451-2455: Terminated
srun: error: frontier01077: tasks 1912-1917,1919: Terminated
srun: error: frontier08755: task 15026: Terminated
srun: error: frontier00547: tasks 944-950: Terminated
srun: error: frontier05790: tasks 9992-9994,9996-9999: Terminated
srun: error: frontier06826: tasks 11760-11766: Terminated
srun: error: frontier06284: tasks 10792-10795,10797-10799: Terminated
srun: error: frontier00830: task 1540: Terminated
srun: error: frontier03419: task 5981: Terminated
srun: error: frontier05273: task 9083: Terminated
srun: error: frontier00451: tasks 848-855: Terminated
srun: error: frontier04114: tasks 7152-7154,7156-7159: Terminated
srun: error: frontier03489: task 6146: Terminated
srun: error: frontier04182: tasks 7320-7324,7326-7327: Terminated
srun: error: frontier02319: tasks 4048-4050,4052-4055: Terminated
srun: error: frontier01553: tasks 2712-2717,2719: Terminated
srun: error: frontier07600: tasks 13096-13103: Terminated
srun: error: frontier00193: tasks 408-412,414-415: Terminated
srun: error: frontier07480: task 12895: Terminated
srun: error: frontier07722: tasks 13264-13268,13270-13271: Terminated
srun: error: frontier07968: task 13693: Terminated
srun: error: frontier04567: tasks 7952,7954-7959: Terminated
srun: error: frontier05937: tasks 10256-10259,10261-10263: Terminated
srun: error: frontier10129: tasks 16200-16202,16204-16207: Terminated
srun: error: frontier03889: task 6780: Terminated
srun: error: frontier06358: tasks 10960-10961,10963-10967: Terminated
srun: error: frontier09030: tasks 15496-15497,15499-15503: Terminated
srun: error: frontier06623: task 11390: Terminated
srun: error: frontier02413: tasks 4216,4218-4223: Terminated
srun: error: frontier05457: tasks 9456-9463: Terminated
srun: error: frontier02774: tasks 4848-4854: Terminated
srun: error: frontier02019: tasks 3512,3514-3519: Terminated
srun: error: frontier00686: tasks 1209-1215: Terminated
srun: error: frontier00799: tasks 1376-1378,1380-1383: Terminated
srun: error: frontier00023: task 38: Terminated
srun: error: frontier06426: tasks 11056,11058-11063: Terminated
srun: error: frontier03985: task 6950: Terminated
srun: error: frontier07758: tasks 13360-13365,13367: Terminated
srun: error: frontier03334: tasks 5816-5818,5820-5823: Terminated
srun: error: frontier07088: task 12188: Terminated
srun: error: frontier04687: tasks 8120-8124,8126-8127: Terminated
srun: error: frontier08217: tasks 14064-14066,14068-14071: Terminated
srun: error: frontier05157: tasks 8920-8925,8927: Terminated
srun: error: frontier07319: tasks 12560-12565,12567: Terminated
srun: error: frontier09139: tasks 15664-15666,15668-15671: Terminated
srun: error: frontier02854: tasks 5016-5020,5022-5023: Terminated
srun: error: frontier08601: tasks 14696-14702: Terminated
srun: error: frontier01153: tasks 2008-2014: Terminated
srun: error: frontier08241: tasks 14160-14161,14163-14167: Terminated
srun: error: frontier01251: tasks 2176-2182: Terminated
srun: error: frontier08349: task 14324: Terminated
srun: error: frontier05536: tasks 9552-9553,9555-9559: Terminated
srun: error: frontier01354: task 2343: Terminated
srun: error: frontier01805: task 3142: Terminated
srun: error: frontier01612: tasks 2808-2809,2811-2815: Terminated
srun: error: frontier08655: tasks 14864-14868,14870-14871: Terminated
srun: error: frontier05649: tasks 9720-9721,9723-9727: Terminated
srun: error: frontier05058: tasks 8752-8758: Terminated
srun: error: frontier06879: tasks 11856-11862: Terminated
srun: error: frontier00448: task 836: Terminated
srun: error: frontier04444: task 7749: Terminated
srun: error: frontier02458: tasks 4312-4316,4318-4319: Terminated
srun: error: frontier04255: tasks 7416-7419,7421-7423: Terminated
srun: error: frontier00081: task 205: Terminated
srun: error: frontier01701: tasks 2976-2982: Terminated
srun: error: frontier05717: task 9883: Terminated
srun: error: frontier03095: task 5444: Terminated
srun: error: frontier04366: task 7580: Terminated
srun: error: frontier08471: task 14494: Terminated
srun: error: frontier03791: tasks 6616-6621,6623: Terminated
srun: error: frontier04745: tasks 8216-8221,8223: Terminated
srun: error: frontier00397: tasks 672-677,679: Terminated
srun: error: frontier03368: tasks 5912-5915,5917-5919: Terminated
srun: error: frontier02071: tasks 3608-3613,3615: Terminated
srun: error: frontier06993: tasks 12024-12026,12028-12031: Terminated
srun: error: frontier07852: tasks 13456-13461,13463: Terminated
srun: error: frontier04825: task 8380: Terminated
srun: error: frontier06195: task 10685: Terminated
srun: error: frontier00821: tasks 1472-1473,1475-1479: Terminated
srun: error: frontier08915: task 15290: Terminated
srun: error: frontier02155: tasks 3776-3778,3780-3783: Terminated
srun: error: frontier03470: tasks 6080-6086: Terminated
srun: error: frontier06599: tasks 11320-11323,11325-11327: Terminated
srun: error: frontier06095: tasks 10520-10523,10525-10527: Terminated
srun: error: frontier03859: tasks 6712-6717,6719: Terminated
srun: error: frontier06693: task 11483: Terminated
srun: error: frontier02908: tasks 5113-5119: Terminated
srun: error: frontier01297: tasks 2272,2274-2279: Terminated
srun: error: frontier07356: tasks 12656-12658,12660-12663: Terminated
srun: error: frontier03930: tasks 6880-6887: Terminated
srun: error: frontier07990: task 13789: Terminated
srun: error: frontier03553: task 6243: Terminated
srun: error: frontier08738: tasks 14960-14965,14967: Terminated
srun: error: frontier06310: task 10854: Terminated
srun: error: frontier07069: tasks 12120-12123,12125-12127: Terminated
srun: error: frontier07466: tasks 12824-12826,12828-12831: Terminated
srun: error: frontier02226: task 3942: Terminated
srun: error: frontier05685: tasks 9816-9821,9823: Terminated
srun: error: frontier00066: tasks 136-138,140-143: Terminated
srun: error: frontier00947: task 1639: Terminated
srun: error: frontier09227: tasks 15760-15761,15763-15767: Terminated
srun: error: frontier00560: task 1005: Terminated
srun: error: frontier07575: task 12991: Terminated
srun: error: frontier04924: task 8550: Terminated
srun: error: frontier01762: tasks 3072-3077,3079: Terminated
srun: error: frontier03076: tasks 5376-5382: Terminated
srun: error: frontier04434: tasks 7680-7682,7684-7687: Terminated
srun: error: frontier08378: tasks 14424-14427,14429-14431: Terminated
srun: error: frontier05416: task 9350: Terminated
srun: error: frontier01049: task 1802: Terminated
srun: error: frontier08892: tasks 15224-15229,15231: Terminated
srun: error: frontier06177: tasks 10616-10617,10619-10623: Terminated
srun: error: frontier05203: tasks 9016-9017,9019-9023: Terminated
srun: error: frontier06787: task 11650: Terminated
srun: error: frontier07958: tasks 13624-13628,13630-13631: Terminated
srun: error: frontier06280: tasks 10784-10787,10789-10791: Terminated
srun: error: frontier03511: tasks 6176-6179,6181-6183: Terminated
srun: error: frontier00920: tasks 1568-1574: Terminated
srun: error: frontier04908: tasks 8480-8486: Terminated
srun: error: frontier02703: task 4740: Terminated
srun: error: frontier01384: task 2436: Terminated
srun: error: frontier02612: tasks 4576-4583: Terminated
srun: error: frontier07140: task 12286: Terminated
srun: error: frontier09392: task 16094: Terminated
srun: error: frontier07978: tasks 13720-13725,13727: Terminated
srun: error: frontier04795: tasks 8312-8316,8318-8319: Terminated
srun: error: frontier00431: tasks 768-774: Terminated
srun: error: frontier07503: tasks 12920-12922,12924-12927: Terminated
srun: error: frontier00546: tasks 936-941,943: Terminated
srun: error: frontier04310: tasks 7512-7514,7516-7519: Terminated
srun: error: frontier02783: task 4911: Terminated
srun: error: frontier04047: task 7045: Terminated
srun: error: frontier09376: tasks 16024-16027,16029-16031: Terminated
srun: error: frontier01501: task 2606: Terminated
srun: error: frontier02661: tasks 4673-4679: Terminated
srun: error: frontier05900: task 10147: Terminated
srun: error: frontier00165: task 298: Terminated
srun: error: frontier07103: tasks 12216-12220,12222-12223: Terminated
srun: error: frontier00962: tasks 1737-1743: Terminated
srun: error: frontier02770: tasks 4840,4842-4847: Terminated
srun: error: frontier00132: tasks 232-235,237-239: Terminated
srun: error: frontier02198: tasks 3872-3877,3879: Terminated
srun: error: frontier01362: tasks 2368-2372,2374-2375: Terminated
srun: error: frontier04493: tasks 7776-7782: Terminated
srun: error: frontier03120: tasks 5472-5477,5479: Terminated
srun: error: frontier05384: tasks 9280-9285,9287: Terminated
srun: error: frontier04512: task 7842: Terminated
srun: error: frontier06628: tasks 11416-11419,11421-11423: Terminated
srun: error: frontier00577: task 1098: Terminated
srun: error: frontier03220: tasks 5640-5643,5645-5647: Terminated
srun: error: frontier08973: tasks 15320-15325,15327: Terminated
srun: error: frontier03256: task 5711: Terminated
srun: error: frontier06727: tasks 11584-11590: Terminated
srun: error: frontier09027: tasks 15488-15491,15493-15495: Terminated
srun: error: frontier08498: task 14588: Terminated
srun: error: frontier07598: task 13087: Terminated
srun: error: frontier07239: task 12455: Terminated
srun: error: frontier01942: task 3402: Terminated
srun: error: frontier03990: tasks 6976-6980,6982-6983: Terminated
srun: error: frontier05841: tasks 10080-10083,10085-10087: Terminated
srun: error: frontier00566: tasks 1032-1035,1037-1039: Terminated
srun: error: frontier03598: tasks 6272-6279: Terminated
srun: error: frontier01470: tasks 2536-2537,2539-2543: Terminated
srun: error: frontier03158: task 5539: Terminated
srun: error: frontier07694: tasks 13184-13186,13188-13191: Terminated
srun: error: frontier08997: task 15390: Terminated
srun: error: frontier09400: tasks 16120-16125,16127: Terminated
srun: error: frontier05013: task 8643: Terminated
srun: error: frontier08481: tasks 14520-14523,14525-14527: Terminated
srun: error: frontier01055: tasks 1832-1834,1836-1839: Terminated
srun: error: frontier03625: task 6340: Terminated
srun: error: frontier07707: task 13255: Terminated
srun: error: frontier03668: tasks 6440-6443,6445-6447: Terminated
srun: error: frontier07216: tasks 12384-12388,12390-12391: Terminated
srun: error: frontier05423: tasks 9376-9378,9380-9383: Terminated
srun: error: frontier05057: tasks 8744-8748,8750-8751: Terminated
srun: error: frontier08599: tasks 14688-14690,14692-14695: Terminated
srun: error: frontier10126: task 16187: Terminated
srun: error: frontier01897: tasks 3336-3342: Terminated
srun: error: frontier04955: tasks 8576-8580,8582-8583: Terminated
srun: error: frontier04153: tasks 7240-7243,7245-7247: Terminated
srun: error: frontier06318: tasks 10880-10882,10884-10887: Terminated
srun: error: frontier09097: task 15558: Terminated
srun: error: frontier06346: task 10945: Terminated
srun: error: frontier03726: task 6509: Terminated
srun: error: frontier00171: tasks 328-334: Terminated
srun: error: frontier05908: tasks 10176-10178,10180-10183: Terminated
srun: error: frontier02398: tasks 4136-4141,4143: Terminated
srun: error: frontier02410: task 4203: Terminated
srun: error: frontier10152: tasks 16288-16290,16292-16295: Terminated
srun: error: frontier00286: tasks 496-499,501-503: Terminated
srun: error: frontier08131: tasks 13984-13989,13991: Terminated
srun: error: frontier06803: tasks 11680-11685,11687: Terminated
srun: error: frontier05987: tasks 10344-10350: Terminated
srun: error: frontier02831: tasks 4936-4937,4939-4943: Terminated
srun: error: frontier10168: task 16359: Terminated
srun: error: frontier05532: tasks 9544-9549,9551: Terminated
srun: error: frontier03287: tasks 5736-5739,5741-5743: Terminated
srun: error: frontier01948: tasks 3432-3433,3435-3439: Terminated
srun: error: frontier06363: tasks 10976-10977,10979-10983: Terminated
srun: error: frontier02068: tasks 3600-3603,3605-3607: Terminated
srun: error: frontier07257: tasks 12480-12483,12485-12487: Terminated
srun: error: frontier04107: task 7141: Terminated
srun: error: frontier01606: tasks 2800-2803,2805-2807: Terminated
srun: error: frontier04180: task 7309: Terminated
srun: error: frontier06465: tasks 11144,11146-11151: Terminated
srun: error: frontier04630: tasks 8040-8046: Terminated
srun: error: frontier02842: task 5006: Terminated
srun: error: frontier01507: tasks 2632,2634-2639: Terminated
srun: error: frontier05124: tasks 8840-8841,8843-8847: Terminated
srun: error: frontier06822: task 11751: Terminated
srun: error: frontier05455: task 9447: Terminated
srun: error: frontier01074: task 1901: Terminated
srun: error: frontier01545: task 2702: Terminated
srun: error: frontier00191: task 399: Terminated
srun: error: frontier08623: tasks 14784-14788,14790-14791: Terminated
srun: error: frontier05560: task 9613: Terminated
srun: error: frontier00707: tasks 1296,1298-1303: Terminated
srun: error: frontier05935: task 10246: Terminated
srun: error: frontier05582: tasks 9640-9644,9646-9647: Terminated
srun: error: frontier08219: tasks 14080-14084,14086-14087: Terminated
srun: error: frontier01184: tasks 2097-2103: Terminated
srun: error: frontier07851: tasks 13448-13453,13455: Terminated
srun: error: frontier08331: tasks 14248-14252,14254-14255: Terminated
srun: error: frontier02417: tasks 4232-4233,4235-4239: Terminated
srun: error: frontier07724: tasks 13280,13282-13287: Terminated
srun: error: frontier00302: task 565: Terminated
srun: error: frontier06956: tasks 11944,11946-11951: Terminated
srun: error: frontier02968: tasks 5200-5204,5206-5207: Terminated
srun: error: frontier09102: tasks 15584-15585,15587-15591: Terminated
srun: error: frontier04229: tasks 7336-7342: Terminated
srun: error: frontier01646: tasks 2897-2903: Terminated
srun: error: frontier04306: tasks 7504,7506-7511: Terminated
srun: error: frontier03733: tasks 6536-6541,6543: Terminated
srun: error: frontier02017: task 3503: Terminated
srun: error: frontier06049: task 10410: Terminated
srun: error: frontier06057: tasks 10440-10444,10446-10447: Terminated
srun: error: frontier07307: task 12547: Terminated
srun: error: frontier04690: tasks 8136-8142: Terminated
srun: error: frontier08763: tasks 15048-15049,15051-15055: Terminated
srun: error: frontier03299: task 5807: Terminated
srun: error: frontier00682: task 1197: Terminated
srun: error: frontier04658: task 8110: Terminated
srun: error: frontier00803: tasks 1392-1393,1395-1399: Terminated
srun: error: frontier07438: tasks 12744-12746,12748-12751: Terminated
srun: error: frontier06557: tasks 11240,11242-11247: Terminated
srun: error: frontier08652: task 14853: Terminated
srun: error: frontier08668: tasks 14880-14886: Terminated
srun: error: frontier07887: tasks 13544,13546-13551: Terminated
srun: error: frontier02532: tasks 4400-4402,4404-4407: Terminated
srun: error: frontier06424: task 11045: Terminated
srun: error: frontier02870: tasks 5032-5037,5039: Terminated
srun: error: frontier07756: task 13351: Terminated
srun: error: frontier04786: tasks 8304-8307,8309-8311: Terminated
srun: error: frontier03893: tasks 6800-6802,6804-6807: Terminated
srun: error: frontier01256: tasks 2192-2198: Terminated
srun: error: frontier05164: tasks 8936-8940,8942-8943: Terminated
srun: error: frontier09252: tasks 15848-15851,15853-15855: Terminated
srun: error: frontier07876: task 13516: Terminated
srun: error: frontier00796: task 1360: Terminated
srun: error: frontier05655: tasks 9736-9737,9739-9743: Terminated
srun: error: frontier02137: tasks 3696-3701,3703: Terminated
srun: error: frontier00036: tasks 56-62: Terminated
srun: error: frontier03422: tasks 6000-6005,6007: Terminated
srun: error: frontier02092: task 3668: Terminated
srun: error: frontier01359: tasks 2360-2362,2364-2367: Terminated
srun: error: frontier05151: task 8910: Terminated
srun: error: frontier00919: tasks 1560-1563,1565-1567: Terminated
srun: error: frontier06499: task 11215: Terminated
srun: error: frontier01740: tasks 2992-2998: Terminated
srun: error: frontier05722: tasks 9904-9905,9907-9911: Terminated
srun: error: frontier08239: task 14149: Terminated
srun: error: frontier05280: tasks 9104-9110: Terminated
srun: error: frontier01815: tasks 3160-3163,3165-3167: Terminated
srun: error: frontier07470: tasks 12840-12843,12845-12847: Terminated
srun: error: frontier07095: tasks 12208-12214: Terminated
srun: error: frontier02544: task 4468: Terminated
srun: error: frontier06996: tasks 12040-12045,12047: Terminated
srun: error: frontier07578: tasks 13008-13013,13015: Terminated
srun: error: frontier04832: tasks 8400-8404,8406-8407: Terminated
srun: error: frontier00452: tasks 856-862: Terminated
srun: error: frontier08352: tasks 14344-14345,14347-14351: Terminated
srun: error: frontier03472: tasks 6096-6101,6103: Terminated
srun: error: frontier02574: tasks 4496-4497,4499-4503: Terminated
srun: error: frontier04372: tasks 7600-7603,7605-7607: Terminated
srun: error: frontier03784: task 6603: Terminated
srun: error: frontier05635: task 9709: Terminated
srun: error: frontier09287: tasks 15944,15946-15951: Terminated
srun: error: frontier03029: tasks 5296-5300,5302-5303: Terminated
srun: error: frontier08348: task 14317: Terminated
srun: error: frontier06971: task 12014: Terminated
srun: error: frontier08866: tasks 15144-15151: Terminated
srun: error: frontier03597: tasks 6264-6268,6270-6271: Terminated
srun: error: frontier02270: tasks 3960-3966: Terminated
srun: error: frontier00952: tasks 1656-1662: Terminated
srun: error: frontier06701: tasks 11504-11505,11507-11511: Terminated
srun: error: frontier09399: tasks 16112-16118: Terminated
srun: error: frontier04363: task 7572: Terminated
srun: error: frontier02158: tasks 3792-3795,3797-3799: Terminated
srun: error: frontier03969: tasks 6896-6899,6901-6903: Terminated
srun: error: frontier01690: task 2965: Terminated
srun: error: frontier00307: tasks 592-597,599: Terminated
srun: error: frontier00320: task 659: Terminated
srun: error: frontier08081: tasks 13808-13809,13811-13815: Terminated
srun: error: frontier01415: tasks 2456-2459,2461-2463: Terminated
srun: error: frontier04436: tasks 7696-7700,7702-7703: Terminated
srun: error: frontier07175: tasks 12304-12307,12309-12311: Terminated
srun: error: frontier01246: task 2167: Terminated
srun: error: frontier00071: tasks 152-157,159: Terminated
srun: error: frontier08521: tasks 14608-14613,14615: Terminated
srun: error: frontier06204: tasks 10704-10708,10710-10711: Terminated
srun: error: frontier05904: tasks 10168-10170,10172-10175: Terminated
srun: error: frontier01883: tasks 3256-3261,3263: Terminated
srun: error: frontier04252: task 7405: Terminated
srun: error: frontier06093: task 10511: Terminated
srun: error: frontier07961: tasks 13640-13645,13647: Terminated
srun: error: frontier02906: task 5103: Terminated
srun: error: frontier04740: task 8200: Terminated
srun: error: frontier04521: tasks 7864-7865,7867-7871: Terminated
srun: error: frontier00548: tasks 952-953,955-959: Terminated
srun: error: frontier02710: tasks 4760-4766: Terminated
srun: error: frontier00170: tasks 320-322,324-327: Terminated
srun: error: frontier07462: task 12815: Terminated
srun: error: frontier05310: tasks 9200-9201,9203-9207: Terminated
srun: error: frontier09179: task 15751: Terminated
srun: error: frontier06359: tasks 10968-10971,10973-10975: Terminated
srun: error: frontier00818: task 1459: Terminated
srun: error: frontier00666: tasks 1120-1122,1124-1127: Terminated
srun: error: frontier05791: tasks 10000-10001,10003-10007: Terminated
srun: error: frontier03164: tasks 5560,5562-5567: Terminated
srun: error: frontier09278: task 15915: Terminated
srun: error: frontier03011: task 5268: Terminated
srun: error: frontier08110: tasks 13904,13906-13911: Terminated
srun: error: frontier08736: task 14949: Terminated
srun: error: frontier03646: tasks 6360-6364,6366-6367: Terminated
srun: error: frontier02322: tasks 4056-4057,4059-4063: Terminated
srun: error: frontier10132: tasks 16208-16210,16212-16215: Terminated
srun: error: frontier05187: task 9005: Terminated
srun: error: frontier05017: tasks 8664-8668,8670-8671: Terminated
srun: error: frontier02454: task 4299: Terminated
srun: error: frontier04059: tasks 7064-7067,7069-7071: Terminated
srun: error: frontier07956: task 13613: Terminated
srun: error: frontier01078: tasks 1920-1921,1923-1927: Terminated
srun: error: frontier02415: tasks 4224-4230: Terminated
srun: error: frontier06291: tasks 10800-10806: Terminated
srun: error: frontier03466: task 6070: Terminated
srun: error: frontier09000: tasks 15408-15414: Terminated
srun: error: frontier02150: task 3766: Terminated
srun: error: frontier07601: tasks 13104-13107,13109-13111: Terminated
srun: error: frontier04824: task 8374: Terminated
srun: error: frontier05461: tasks 9464-9465,9467-9471: Terminated
srun: error: frontier06736: tasks 11600-11605,11607: Terminated
srun: error: frontier08850: task 15119: Terminated
srun: error: frontier00964: tasks 1752-1756,1758-1759: Terminated
srun: error: frontier02776: tasks 4856-4858,4860-4863: Terminated
srun: error: frontier00195: tasks 416-421,423: Terminated
srun: error: frontier00941: task 1626: Terminated
srun: error: frontier07322: tasks 12568-12571,12573-12575: Terminated
srun: error: frontier05301: task 9170: Terminated
srun: error: frontier04116: tasks 7160-7163,7165-7167: Terminated
srun: error: frontier05938: tasks 10264-10267,10269-10271: Terminated
srun: error: frontier04569: tasks 7960-7961,7963-7967: Terminated
srun: error: frontier03222: tasks 5656-5661,5663: Terminated
srun: error: frontier03928: task 6871: Terminated
srun: error: frontier00687: tasks 1216-1222: Terminated
srun: error: frontier01554: tasks 2720-2722,2724-2727: Terminated
srun: error: frontier03338: tasks 5824-5829,5831: Terminated
srun: error: frontier07220: tasks 12400-12404,12406-12407: Terminated
srun: error: frontier07066: task 12105: Terminated
srun: error: frontier02021: tasks 3520-3522,3524-3527: Terminated
srun: error: frontier05059: tasks 8760-8764,8766-8767: Terminated
srun: error: frontier08603: tasks 14704-14711: Terminated
srun: error: frontier07760: tasks 13368-13373,13375: Terminated
srun: error: frontier01382: task 2425: Terminated
srun: error: frontier08659: tasks 14872-14877,14879: Terminated
srun: error: frontier02862: tasks 5024-5027,5029-5031: Terminated
srun: error: frontier03678: tasks 6456-6458,6460-6463: Terminated
srun: error: frontier06592: task 11311: Terminated
srun: error: frontier10155: tasks 16304-16305,16307-16311: Terminated
srun: error: frontier09033: tasks 15504-15509,15511: Terminated
srun: error: frontier05677: task 9806: Terminated
srun: error: frontier02460: tasks 4320-4326: Terminated
srun: error: frontier04404: task 7666: Terminated
srun: error: frontier06917: tasks 11864-11868,11870-11871: Terminated
srun: error: frontier08249: tasks 14168-14170,14172-14175: Terminated
srun: error: frontier02585: task 4565: Terminated
srun: error: frontier03041: task 5362: Terminated
srun: error: frontier07139: task 12275: Terminated
srun: error: frontier08375: task 14414: Terminated
srun: error: frontier05545: tasks 9560-9566: Terminated
srun: error: frontier01759: task 3063: Terminated
srun: error: frontier05787: task 9971: Terminated
srun: error: frontier05652: tasks 9728-9732,9734-9735: Terminated
srun: error: frontier01614: tasks 2817-2823: Terminated
srun: error: frontier08888: task 15212: Terminated
srun: error: frontier02910: tasks 5120,5122-5127: Terminated
srun: error: frontier05158: tasks 8928-8934: Terminated
srun: error: frontier08739: tasks 14968-14974: Terminated
srun: error: frontier01293: task 2258: Terminated
srun: error: frontier06432: tasks 11064-11067,11069-11071: Terminated
srun: error: frontier01713: tasks 2984-2990: Terminated
srun: error: frontier07362: tasks 12664-12668,12670-12671: Terminated
srun: error: frontier06024: tasks 10360-10362,10364-10367: Terminated
srun: error: frontier00064: task 123: Terminated
srun: error: frontier01848: task 3228: Terminated
srun: error: frontier00288: tasks 512-517,519: Terminated
srun: error: frontier09144: tasks 15672-15678: Terminated
srun: error: frontier00544: task 926: Terminated
srun: error: frontier03380: tasks 5920-5923,5925-5927: Terminated
srun: error: frontier02072: tasks 3616-3618,3620-3623: Terminated
srun: error: frontier06096: tasks 10528-10533,10535: Terminated
srun: error: frontier01154: tasks 2016-2017,2019-2023: Terminated
srun: error: frontier03792: tasks 6624-6625,6627-6631: Terminated
srun: error: frontier06233: task 10774: Terminated
srun: error: frontier00822: tasks 1480-1483,1485-1487: Terminated
srun: error: frontier03509: task 6162: Terminated
srun: error: frontier02157: tasks 3784-3788,3790-3791: Terminated
srun: error: frontier06601: tasks 11328-11330,11332-11335: Terminated
srun: error: frontier07972: task 13706: Terminated
srun: error: frontier05204: tasks 9024,9026-9031: Terminated
srun: error: frontier06836: tasks 11768-11775: Terminated
srun: error: frontier06486: tasks 11160-11166: Terminated
srun: error: frontier04263: tasks 7424-7426,7428-7431: Terminated
srun: error: frontier04752: tasks 8224-8227,8229-8231: Terminated
srun: error: frontier03609: task 6335: Terminated
srun: error: frontier07496: task 12911: Terminated
srun: error: frontier09228: tasks 15768-15772,15774-15775: Terminated
srun: error: frontier08386: tasks 14432-14435,14437-14439: Terminated
srun: error: frontier07070: tasks 12128-12129,12131-12135: Terminated
srun: error: frontier01300: tasks 2280-2286: Terminated
srun: error: frontier02979: tasks 5216-5222: Terminated
srun: error: frontier02196: task 3858: Terminated
srun: error: frontier00409: tasks 680-683,685-687: Terminated
srun: error: frontier03987: task 6966: Terminated
srun: error: frontier03861: tasks 6720-6726: Terminated
srun: error: frontier02306: task 4025: Terminated
srun: error: frontier08776: tasks 15064-15070: Terminated
srun: error: frontier08335: tasks 14264-14270: Terminated
srun: error: frontier04312: tasks 7520-7524,7526-7527: Terminated
srun: error: frontier01763: tasks 3080-3081,3083-3087: Terminated
srun: error: frontier08478: task 14510: Terminated
srun: error: frontier00432: tasks 776-782: Terminated
srun: error: frontier06721: task 11575: Terminated
srun: error: frontier02534: tasks 4416-4420,4422-4423: Terminated
srun: error: frontier00960: task 1727: Terminated
srun: error: frontier08896: tasks 15233-15239: Terminated
srun: error: frontier08099: task 13879: Terminated
srun: error: frontier07959: tasks 13632-13633,13635-13639: Terminated
srun: error: frontier04796: tasks 8320-8326: Terminated
srun: error: frontier02613: tasks 4584-4590: Terminated
srun: error: frontier09371: task 16015: Terminated
srun: error: frontier02760: task 4830: Terminated
srun: error: frontier03513: tasks 6184-6185,6187-6191: Terminated
srun: error: frontier02199: tasks 3880-3886: Terminated
srun: error: frontier04104: task 7130: Terminated
srun: error: frontier05697: tasks 9824-9825,9827-9831: Terminated
srun: error: frontier05339: task 9271: Terminated
srun: error: frontier07979: tasks 13728,13730-13735: Terminated
srun: error: frontier05284: tasks 9120-9124,9126-9127: Terminated
srun: error: frontier00963: tasks 1744-1745,1747-1751: Terminated
srun: error: frontier03469: tasks 6073-6079: Terminated
srun: error: frontier06179: tasks 10624-10625,10627-10631: Terminated
srun: error: frontier05394: tasks 9288-9292,9294-9295: Terminated
srun: error: frontier04007: tasks 6984-6989,6991: Terminated
srun: error: frontier04435: tasks 7689-7695: Terminated
srun: error: frontier03081: tasks 5384-5386,5388-5391: Terminated
srun: error: frontier01369: tasks 2376,2378-2383: Terminated
srun: error: frontier00183: task 388: Terminated
srun: error: frontier05808: task 10067: Terminated
srun: error: frontier07119: tasks 12224-12227,12229-12231: Terminated
srun: error: frontier04485: task 7763: Terminated
srun: error: frontier08585: task 14674: Terminated
srun: error: frontier06735: tasks 11592-11595,11597-11599: Terminated
srun: error: frontier07853: tasks 13464-13471: Terminated
srun: error: frontier01465: task 2522: Terminated
srun: error: frontier01482: tasks 2544-2548,2550-2551: Terminated
srun: error: frontier00083: task 219: Terminated
srun: error: frontier04909: tasks 8488-8489,8491-8495: Terminated
srun: error: frontier00153: tasks 240-246: Terminated
srun: error: frontier04563: task 7929: Terminated
srun: error: frontier01817: tasks 3176,3178-3183: Terminated
srun: error: frontier05843: tasks 10088-10092,10094-10095: Terminated
srun: error: frontier03218: task 5625: Terminated
srun: error: frontier04494: tasks 7784-7787,7789-7791: Terminated
srun: error: frontier00562: task 1018: Terminated
srun: error: frontier03221: tasks 5648-5654: Terminated
srun: error: frontier07217: tasks 12392-12394,12396-12399: Terminated
srun: error: frontier00923: tasks 1576-1582: Terminated
srun: error: frontier06629: tasks 11424-11427,11429-11431: Terminated
srun: error: frontier08984: tasks 15328-15329,15331-15335: Terminated
srun: error: frontier09377: tasks 16032-16039: Terminated
srun: error: frontier02662: tasks 4680-4682,4684-4687: Terminated
srun: error: frontier06322: tasks 10888-10891,10893-10895: Terminated
srun: error: frontier07580: tasks 13024-13026,13028-13031: Terminated
srun: error: frontier04957: tasks 8584-8587,8589-8591: Terminated
srun: error: frontier08482: tasks 14528-14535: Terminated
srun: error: frontier03600: tasks 6280-6281,6283-6287: Terminated
srun: error: frontier07689: task 13174: Terminated
srun: error: frontier07695: tasks 13192-13198: Terminated
srun: error: frontier06316: task 10865: Terminated
srun: error: frontier07214: task 12370: Terminated
srun: error: frontier02399: tasks 4144-4147,4149-4151: Terminated
srun: error: frontier01056: tasks 1840-1843,1845-1847: Terminated
srun: error: frontier01894: task 3324: Terminated
srun: error: frontier01508: task 2640: Aborted (core dumped)
srun: error: frontier03676: tasks 6448-6451,6453-6455: Terminated
srun: error: frontier08089: tasks 13824-13829,13831: Terminated
srun: error: frontier05431: tasks 9384-9385,9387-9391: Terminated
srun: error: frontier10153: tasks 16296-16302: Terminated
srun: error: frontier02351: task 4125: Terminated
srun: error: frontier00570: tasks 1040-1043,1045-1047: Terminated
srun: error: frontier01903: tasks 3344,3346-3351: Terminated
srun: error: frontier03128: tasks 5480-5486: Terminated
srun: error: frontier06805: tasks 11688-11692,11694-11695: Terminated
srun: error: frontier02832: tasks 4944-4950: Terminated
srun: error: frontier06793: task 11666: Terminated
srun: error: frontier09013: task 15479: Terminated
srun: error: frontier05910: tasks 10184,10186-10191: Terminated
srun: error: frontier09401: tasks 16128-16133,16135: Terminated
srun: error: frontier05045: task 8730: Terminated
srun: error: frontier00679: task 1190: Terminated
srun: error: frontier01088: task 1988: Terminated
srun: error: frontier04525: tasks 7880-7886: Terminated
srun: error: frontier00172: tasks 336-342: Terminated
srun: error: frontier04064: tasks 7080-7084,7086-7087: Terminated
srun: error: frontier01052: task 1821: Terminated
srun: error: frontier07264: tasks 12488-12493,12495: Terminated
srun: error: frontier06421: task 11036: Terminated
srun: error: frontier06018: tasks 10352,10354-10359: Terminated
srun: error: frontier08141: tasks 13992-13994,13996-13999: Terminated
srun: error: frontier03288: tasks 5744-5749,5751: Terminated
srun: error: frontier01952: tasks 3440-3443,3445-3447: Terminated
srun: error: frontier04632: tasks 8048-8049,8051-8055: Terminated
srun: error: frontier04151: task 7227: Terminated
srun: error: frontier04173: tasks 7248-7254: Terminated
srun: error: frontier00287: tasks 504-505,507-511: Terminated
srun: error: frontier01505: task 2618: Terminated
srun: error: frontier05527: task 9531: Terminated
srun: error: frontier06869: task 11834: Terminated
srun: error: frontier07505: tasks 12928-12935: Terminated
srun: error: frontier03666: task 6428: Terminated
srun: error: frontier00708: tasks 1304-1308,1310-1311: Terminated
srun: error: frontier07725: tasks 13288-13291,13293-13295: Terminated
srun: error: frontier01081: tasks 1937-1943: Terminated
srun: error: frontier06364: tasks 10984-10988,10990-10991: Terminated
srun: error: frontier08625: tasks 14792-14796,14798-14799: Terminated
srun: error: frontier02817: task 4926: Terminated
srun: error: frontier09103: tasks 15592,15594-15599: Terminated
srun: error: frontier06838: tasks 11784-11791: Terminated
srun: error: frontier08220: tasks 14088-14092,14094-14095: Terminated
srun: error: frontier01185: tasks 2104-2105,2107-2111: Terminated
srun: error: frontier05127: tasks 8848-8851,8853-8855: Terminated
srun: error: frontier02904: task 5094: Terminated
srun: error: frontier05586: tasks 9648-9649,9651-9655: Terminated
srun: error: frontier01595: task 2789: Terminated
srun: error: frontier00669: tasks 1136-1138,1140-1143: Terminated
srun: error: frontier04231: tasks 7344-7346,7348-7351: Terminated
srun: error: frontier06958: tasks 11952-11957,11959: Terminated
srun: error: frontier05980: task 10332: Terminated
srun: error: frontier08714: tasks 14888-14889,14891-14895: Terminated
srun: error: frontier06482: tasks 11152-11153,11155-11159: Terminated
srun: error: frontier02971: tasks 5208-5213,5215: Terminated
srun: error: frontier01668: tasks 2904-2907,2909-2911: Terminated
srun: error: frontier03272: task 5723: Terminated
srun: error: frontier00309: tasks 600-603,605-607: Terminated
srun: error: frontier02418: tasks 4240-4243,4245-4247: Terminated
srun: error: frontier00284: task 486: Terminated
srun: error: frontier08621: task 14775: Terminated
srun: error: frontier03734: tasks 6544-6550: Terminated
srun: error: frontier07253: task 12467: Terminated
srun: error: frontier04628: task 8027: Terminated
srun: error: frontier06060: tasks 10448-10449,10451-10455: Terminated
srun: error: frontier04691: tasks 8144-8149,8151: Terminated
srun: error: frontier07343: task 12639: Terminated
srun: error: frontier08333: tasks 14256-14258,14260-14263: Terminated
srun: error: frontier03423: tasks 6008-6013,6015: Terminated
srun: error: frontier00805: tasks 1400-1405,1407: Terminated
srun: error: frontier02533: tasks 4408-4413,4415: Terminated
srun: error: frontier02874: tasks 5040-5043,5045-5047: Terminated
srun: error: frontier09099: task 15573: Terminated
srun: error: frontier09178: task 15743: Terminated
srun: error: frontier05090: task 8830: Terminated
srun: error: frontier07847: task 13439: Terminated
srun: error: frontier08734: task 14943: Terminated
srun: error: frontier08769: tasks 15056-15060,15062-15063: Terminated
srun: error: frontier02575: tasks 4504-4507,4509-4511: Terminated
srun: error: frontier03799: tasks 6640-6646: Terminated
srun: error: frontier02062: task 3589: Terminated
srun: error: frontier09168: tasks 15688-15693,15695: Terminated
srun: error: frontier03341: tasks 5840-5846: Terminated
srun: error: frontier06463: task 11134: Terminated
srun: error: frontier01258: tasks 2200-2202,2204-2207: Terminated
srun: error: frontier05283: tasks 9112-9118: Terminated
srun: error: frontier08357: tasks 14352-14358: Terminated
srun: error: frontier02140: tasks 3704-3711: Terminated
srun: error: frontier03728: task 6525: Terminated
srun: error: frontier05165: tasks 8944-8949,8951: Terminated
srun: error: frontier07445: tasks 12752-12757,12759: Terminated
srun: error: frontier00702: task 1284: Terminated
srun: error: frontier09255: tasks 15856-15863: Terminated
srun: error: frontier04373: tasks 7608-7614: Terminated
srun: error: frontier01749: tasks 3000-3007: Terminated
srun: error: frontier05723: tasks 9912-9915,9917-9919: Terminated
srun: error: frontier03348: task 5894: Terminated
srun: error: frontier05186: task 8998: Terminated
srun: error: frontier05667: tasks 9744-9746,9748-9751: Terminated
srun: error: frontier03031: tasks 5304-5306,5308-5311: Terminated
srun: error: frontier06100: tasks 10544-10549,10551: Terminated
srun: error: frontier02526: task 4391: Terminated
srun: error: frontier00414: tasks 696-699,701-703: Terminated
srun: error: frontier01816: tasks 3168-3174: Terminated
srun: error: frontier06950: task 11934: Terminated
srun: error: frontier01179: task 2086: Terminated
srun: error: frontier07890: tasks 13552-13553,13555-13559: Terminated
srun: error: frontier03849: task 6692: Terminated
srun: error: frontier06564: tasks 11248-11251,11253-11255: Terminated
srun: error: frontier03896: tasks 6808-6810,6812-6815: Terminated
srun: error: frontier07579: tasks 13016,13018-13023: Terminated
srun: error: frontier00041: tasks 64-67,69-71: Terminated
srun: error: frontier09296: tasks 15952-15953,15955-15959: Terminated
srun: error: frontier03473: tasks 6104-6105,6107-6111: Terminated
srun: error: frontier07000: tasks 12048-12054: Terminated
srun: error: frontier02178: tasks 3800-3803,3805-3807: Terminated
srun: error: frontier02271: tasks 3968-3974: Terminated
srun: error: frontier10172: task 16371: Terminated
srun: error: frontier08871: tasks 15152-15156,15158-15159: Terminated
srun: error: frontier01642: task 2882: Terminated
srun: error: frontier04303: task 7494: Terminated
srun: error: frontier00953: tasks 1664-1668,1670-1671: Terminated
srun: error: frontier03980: tasks 6904-6906,6908-6911: Terminated
srun: error: frontier08088: tasks 13816-13819,13821-13823: Terminated
srun: error: frontier05578: task 9625: Terminated
srun: error: frontier08279: task 14238: Terminated
srun: error: frontier04871: tasks 8408-8410,8412-8415: Terminated
srun: error: frontier00453: tasks 864-870: Terminated
srun: error: frontier00305: task 581: Terminated
srun: error: frontier07962: tasks 13648-13649,13651-13655: Terminated
srun: error: frontier08759: task 15038: Terminated
srun: error: frontier06205: tasks 10712-10717,10719: Terminated
srun: error: frontier01416: tasks 2464-2470: Terminated
srun: error: frontier02966: task 5187: Terminated
srun: error: frontier07474: tasks 12848-12851,12853-12855: Terminated
srun: error: frontier00073: tasks 160-163,165-167: Terminated
srun: error: frontier00424: task 748: Terminated
srun: error: frontier06052: task 10428: Terminated
srun: error: frontier04437: tasks 7704-7708,7710-7711: Terminated
srun: error: frontier04063: tasks 7072-7075,7077-7079: Terminated
srun: error: frontier05792: tasks 10008-10009,10011-10015: Terminated
srun: error: frontier05676: task 9796: Terminated
srun: error: frontier08900: tasks 15248,15250-15255: Terminated
srun: error: frontier03167: tasks 5568,5570-5575: Terminated
srun: error: frontier07182: tasks 12312-12315,12317-12319: Terminated
srun: error: frontier02624: tasks 4600-4607: Terminated
srun: error: frontier01884: tasks 3264-3265,3267-3271: Terminated
srun: error: frontier01758: task 3054: Terminated
srun: error: frontier04523: tasks 7872-7877,7879: Terminated
srun: error: frontier06702: tasks 11512-11515,11517-11519: Terminated
srun: error: frontier09001: tasks 15416-15422: Terminated
srun: error: frontier07602: tasks 13112-13113,13115-13119: Terminated
srun: error: frontier00668: tasks 1128-1129,1131-1135: Terminated
srun: error: frontier02711: tasks 4768-4775: Terminated
srun: error: frontier08428: tasks 14448-14451,14453-14455: Terminated
srun: error: frontier03656: tasks 6368-6374: Terminated
srun: error: frontier06536: task 11226: Terminated
srun: error: frontier02123: task 3685: Terminated
srun: error: frontier07884: task 13533: Terminated
srun: error: frontier02194: task 3852: Terminated
srun: error: frontier00553: tasks 960-964,966-967: Terminated
srun: error: frontier04765: task 8291: Terminated
srun: error: frontier08523: tasks 14616-14618,14620-14623: Terminated
srun: error: frontier01080: tasks 1928-1934: Terminated
srun: error: frontier10136: tasks 16216,16218-16223: Terminated
srun: error: frontier06294: tasks 10808-10815: Terminated
srun: error: frontier05404: tasks 9304-9309,9311: Terminated
srun: error: frontier05462: tasks 9472-9474,9476-9479: Terminated
srun: error: frontier04118: tasks 7168-7172,7174-7175: Terminated
srun: error: frontier06624: task 11396: Terminated
srun: error: frontier03891: task 6791: Terminated
srun: error: frontier02323: tasks 4064,4066-4071: Terminated
srun: error: frontier00967: tasks 1761-1767: Terminated
srun: error: frontier06165: task 10596: Terminated
srun: error: frontier00200: tasks 424-425,427-431: Terminated
srun: error: frontier03420: task 5989: Terminated
srun: error: frontier04913: tasks 8504-8507,8509-8511: Terminated
srun: error: frontier02562: task 4484: Terminated
srun: error: frontier07323: tasks 12576-12582: Terminated
srun: error: frontier05939: tasks 10272-10274,10276-10279: Terminated
srun: error: frontier04570: tasks 7968-7973,7975: Terminated
srun: error: frontier07971: task 13702: Terminated
srun: error: frontier06739: tasks 11608-11614: Terminated
srun: error: frontier01932: tasks 3360-3364,3366-3367: Terminated
srun: error: frontier05018: tasks 8672-8673,8675-8679: Terminated
srun: error: frontier08111: tasks 13912-13914,13916-13919: Terminated
srun: error: frontier01490: tasks 2560-2565,2567: Terminated
srun: error: frontier08606: tasks 14712-14717,14719: Terminated
srun: error: frontier01356: task 2350: Terminated
srun: error: frontier06837: tasks 11776-11778,11780-11783: Terminated
srun: error: frontier02022: tasks 3528-3529,3531-3535: Terminated
srun: error: frontier00688: tasks 1224-1228,1230-1231: Terminated
srun: error: frontier03339: tasks 5832-5835,5837-5839: Terminated
srun: error: frontier08477: task 14498: Terminated
srun: error: frontier00831: task 1547: Terminated
srun: error: frontier03715: tasks 6464-6468,6470-6471: Terminated
srun: error: frontier07813: tasks 13376-13378,13380-13383: Terminated
srun: error: frontier04367: task 7587: Terminated
srun: error: frontier02777: tasks 4864-4865,4867-4871: Terminated
srun: error: frontier03019: task 5280: Terminated
srun: error: frontier05275: task 9090: Terminated
srun: error: frontier07229: tasks 12408-12414: Terminated
srun: error: frontier08350: task 14329: Terminated
srun: error: frontier01155: tasks 2024-2029,2031: Terminated
srun: error: frontier01558: tasks 2728-2733,2735: Terminated
srun: error: frontier10158: tasks 16312-16316,16318-16319: Terminated
srun: error: frontier03225: tasks 5664-5668,5670-5671: Terminated
srun: error: frontier05311: tasks 9208-9215: Terminated
srun: error: frontier05060: tasks 8768-8771,8773-8775: Terminated
srun: error: frontier05547: tasks 9568-9569,9571-9575: Terminated
srun: error: frontier04175: tasks 7264-7265,7267-7271: Terminated
srun: error: frontier08250: tasks 14176-14180,14182-14183: Terminated
srun: error: frontier09051: tasks 15512-15513,15515-15519: Terminated
srun: error: frontier01813: task 3151: Terminated
srun: error: frontier03794: tasks 6632-6634,6636-6639: Terminated
srun: error: frontier06919: tasks 11872-11874,11876-11879: Terminated
srun: error: frontier00027: task 46: Terminated
srun: error: frontier01615: tasks 2824-2829,2831: Terminated
srun: error: frontier07701: tasks 13208-13212,13214-13215: Terminated
srun: error: frontier00449: task 846: Terminated
srun: error: frontier00291: tasks 520-521,523-527: Terminated
srun: error: frontier04445: task 7755: Terminated
srun: error: frontier04267: tasks 7432-7437,7439: Terminated
srun: error: frontier08854: task 15132: Terminated
srun: error: frontier06026: tasks 10368-10370,10372-10375: Terminated
srun: error: frontier04636: tasks 8064-8066,8068-8071: Terminated
srun: error: frontier02656: task 4655: Terminated
srun: error: frontier09145: tasks 15680-15684,15686-15687: Terminated
srun: error: frontier05718: task 9890: Terminated
srun: error: frontier03096: task 5455: Terminated
srun: error: frontier00413: tasks 689-695: Terminated
srun: error: frontier06199: task 10690: Terminated
srun: error: frontier08746: tasks 14976-14979,14981-14983: Terminated
srun: error: frontier02461: tasks 4328-4334: Terminated
srun: error: frontier06098: tasks 10536-10540,10542-10543: Terminated
srun: error: frontier02912: tasks 5128-5129,5131-5135: Terminated
srun: error: frontier07854: tasks 13472-13477,13479: Terminated
srun: error: frontier06491: tasks 11168-11172,11174-11175: Terminated
srun: error: frontier02073: tasks 3624-3625,3627-3631: Terminated
srun: error: frontier00710: tasks 1320-1322,1324-1327: Terminated
srun: error: frontier09233: tasks 15776-15781,15783: Terminated
srun: error: frontier05205: tasks 9032-9033,9035-9039: Terminated
srun: error: frontier09284: task 15929: Terminated
srun: error: frontier00824: tasks 1488-1491,1493-1495: Terminated
srun: error: frontier08916: task 15299: Terminated
srun: error: frontier07363: tasks 12672-12679: Terminated
srun: error: frontier02535: tasks 4424-4425,4427-4431: Terminated
srun: error: frontier04755: tasks 8232-8235,8237-8239: Terminated
srun: error: frontier01187: tasks 2121-2127: Terminated
srun: error: frontier03381: tasks 5928-5929,5931-5935: Terminated
srun: error: frontier04826: task 8388: Terminated
srun: error: frontier06698: task 11492: Terminated
srun: error: frontier02250: task 3950: Terminated
srun: error: frontier03863: tasks 6728-6732,6734-6735: Terminated
srun: error: frontier07072: tasks 12136-12141,12143: Terminated
srun: error: frontier02623: tasks 4592-4598: Terminated
srun: error: frontier08337: tasks 14272-14276,14278-14279: Terminated
srun: error: frontier01306: tasks 2288-2293,2295: Terminated
srun: error: frontier08398: tasks 14440-14443,14445-14447: Terminated
srun: error: frontier02981: tasks 5224-5227,5229-5231: Terminated
srun: error: frontier01051: task 1808: Terminated
srun: error: frontier05303: task 9186: Terminated
srun: error: frontier04313: tasks 7528-7534: Terminated
srun: error: frontier03589: task 6252: Terminated
srun: error: frontier06962: tasks 11968-11974: Terminated
srun: error: frontier08897: tasks 15240-15244,15246-15247: Terminated
srun: error: frontier03084: tasks 5392-5398: Terminated
srun: error: frontier00433: tasks 784-788,790-791: Terminated
srun: error: frontier04050: task 7051: Terminated
srun: error: frontier02708: task 4750: Terminated
srun: error: frontier06181: tasks 10632-10636,10638-10639: Terminated
srun: error: frontier05698: tasks 9832-9833,9835-9839: Terminated
srun: error: frontier00950: task 1647: Terminated
srun: error: frontier04947: task 8554: Terminated
srun: error: frontier06602: tasks 11336-11338,11340-11343: Terminated
srun: error: frontier05417: task 9356: Terminated
srun: error: frontier04910: tasks 8496-8499,8501-8503: Terminated
srun: error: frontier03515: tasks 6192-6195,6197-6199: Terminated
srun: error: frontier04797: tasks 8328-8330,8332-8335: Terminated
srun: error: frontier07998: task 13794: Terminated
srun: error: frontier02200: tasks 3888-3894: Terminated
srun: error: frontier08779: tasks 15072-15077,15079: Terminated
srun: error: frontier09268: tasks 15872-15876,15878-15879: Terminated
srun: error: frontier06662: tasks 11432-11437,11439: Terminated
srun: error: frontier09394: task 16098: Terminated
srun: error: frontier00167: task 308: Terminated
srun: error: frontier07980: tasks 13736-13740,13742-13743: Terminated
srun: error: frontier05403: tasks 9296-9301,9303: Terminated
srun: error: frontier06436: tasks 11072-11079: Terminated
srun: error: frontier03426: tasks 6024-6030: Terminated
srun: error: frontier00046: tasks 80-84,86-87: Terminated
srun: error: frontier04016: tasks 6992-6997,6999: Terminated
srun: error: frontier05288: tasks 9128-9129,9131-9135: Terminated
srun: error: frontier07508: tasks 12936-12942: Terminated
srun: error: frontier05789: task 9985: Terminated
srun: error: frontier01385: task 2442: Terminated
srun: error: frontier03160: task 5549: Terminated
srun: error: frontier08488: tasks 14536-14538,14540-14543: Terminated
srun: error: frontier01874: task 3242: Terminated
srun: error: frontier02664: tasks 4688-4690,4692-4695: Terminated
srun: error: frontier01373: tasks 2384-2390: Terminated
srun: error: frontier09378: tasks 16040-16042,16044-16047: Terminated
srun: error: frontier07141: task 12292: Terminated
srun: error: frontier03129: tasks 5488-5492,5494-5495: Terminated
srun: error: frontier01818: tasks 3184-3186,3188-3191: Terminated
srun: error: frontier05844: tasks 10096-10099,10101-10103: Terminated
srun: error: frontier01504: task 2615: Terminated
srun: error: frontier00924: tasks 1584-1588,1590-1591: Terminated
srun: error: frontier08508: task 14595: Terminated
srun: error: frontier08998: task 15397: Terminated
srun: error: frontier01929: tasks 3353-3359: Terminated
srun: error: frontier00571: tasks 1048,1050-1055: Terminated
srun: error: frontier07127: tasks 12232-12233,12235-12239: Terminated
srun: error: frontier04514: task 7852: Terminated
srun: error: frontier05767: tasks 9928,9930-9935: Terminated
srun: error: frontier07699: tasks 13200-13203,13205-13207: Terminated
srun: error: frontier01484: tasks 2552-2557,2559: Terminated
srun: error: frontier00156: tasks 248-250,252-255: Terminated
srun: error: frontier07717: task 13260: Terminated
srun: error: frontier04500: tasks 7792-7794,7796-7799: Terminated
srun: error: frontier01944: task 3414: Terminated
srun: error: frontier09402: tasks 16136-16138,16140-16143: Terminated
srun: error: frontier06223: tasks 10728-10732,10734-10735: Terminated
srun: error: frontier01057: tasks 1848-1853,1855: Terminated
srun: error: frontier08988: tasks 15336-15342: Terminated
srun: error: frontier05014: task 8651: Terminated
srun: error: frontier07240: task 12457: Terminated
srun: error: frontier05434: tasks 9392-9397,9399: Terminated
srun: error: frontier02279: tasks 3984-3990: Terminated
srun: error: frontier01765: tasks 3088-3089,3091-3095: Terminated
srun: error: frontier07599: task 13090: Terminated
srun: error: frontier10127: task 16195: Terminated
srun: error: frontier00578: task 1108: Terminated
srun: error: frontier03601: tasks 6288-6293,6295: Terminated
srun: error: frontier04065: tasks 7088-7094: Terminated
srun: error: frontier02717: tasks 4784-4790: Terminated
srun: error: frontier00173: tasks 344-345,347-351: Terminated
srun: error: frontier04174: tasks 7256-7258,7260-7263: Terminated
srun: error: frontier03644: task 6348: Terminated
srun: error: frontier08532: tasks 14632-14635,14637-14639: Terminated
srun: error: frontier02318: task 4042: Terminated
srun: error: frontier06350: task 10956: Terminated
srun: error: frontier07584: tasks 13032-13038: Terminated
srun: error: frontier02400: tasks 4152-4155,4157-4159: Terminated
srun: error: frontier04964: tasks 8592-8594,8596-8599: Terminated
srun: error: frontier06809: tasks 11696-11702: Terminated
srun: error: frontier06825: task 11756: Terminated
srun: error: frontier03727: task 6513: Terminated
srun: error: frontier05917: tasks 10192-10197,10199: Terminated
srun: error: frontier06328: tasks 10896-10900,10902-10903: Terminated
srun: error: frontier08090: tasks 13832-13837,13839: Terminated
srun: error: frontier00672: tasks 1144-1146,1148-1151: Terminated
srun: error: frontier01075: task 1907: Terminated
srun: error: frontier06365: tasks 10992-10993,10995-10999: Terminated
srun: error: frontier09115: tasks 15600-15602,15604-15607: Terminated
srun: error: frontier02833: tasks 4952-4957,4959: Terminated
srun: error: frontier07728: tasks 13296-13299,13301-13303: Terminated
srun: error: frontier05020: tasks 8688-8692,8694-8695: Terminated
srun: error: frontier03289: tasks 5752-5755,5757-5759: Terminated
srun: error: frontier00709: tasks 1312-1317,1319: Terminated
srun: error: frontier04531: tasks 7888-7892,7894-7895: Terminated
srun: error: frontier01994: tasks 3448,3450-3455: Terminated
srun: error: frontier03736: tasks 6552,6554-6559: Terminated
srun: error: frontier00192: task 406: Terminated
srun: error: frontier01082: tasks 1944-1949,1951: Terminated
srun: error: frontier08145: tasks 14000-14005,14007: Terminated
srun: error: frontier04110: task 7149: Terminated
srun: error: frontier01186: tasks 2112-2114,2116-2119: Terminated
srun: error: frontier02411: task 4214: Terminated
srun: error: frontier04181: task 7315: Terminated
srun: error: frontier06839: tasks 11792-11795,11797-11799: Terminated
srun: error: frontier07265: tasks 12496-12498,12500-12503: Terminated
srun: error: frontier04633: tasks 8056-8057,8059-8063: Terminated
srun: error: frontier08627: tasks 14800-14801,14803-14807: Terminated
srun: error: frontier05595: tasks 9656-9659,9661-9663: Terminated
srun: error: frontier04566: task 7946: Terminated
srun: error: frontier08106: task 13894: Terminated
srun: error: frontier08213: task 14058: Terminated
srun: error: frontier08221: tasks 14096-14097,14099-14103: Terminated
srun: error: frontier04233: tasks 7352-7356,7358-7359: Terminated
srun: error: frontier07316: task 12553: Terminated
srun: error: frontier07328: tasks 12592-12594,12596-12599: Terminated
srun: error: frontier00304: task 572: Terminated
srun: error: frontier02878: tasks 5048-5049,5051-5055: Terminated
srun: error: frontier05130: tasks 8856-8861,8863: Terminated
srun: error: frontier05936: task 10250: Terminated
srun: error: frontier01562: tasks 2744-2748,2750-2751: Terminated
srun: error: frontier02435: tasks 4248-4252,4254-4255: Terminated
srun: error: frontier01679: tasks 2912-2914,2916-2919: Terminated
srun: error: frontier10170: task 16366: Terminated
srun: error: frontier00312: tasks 608-611,613-615: Terminated
srun: error: frontier07446: tasks 12760-12762,12764-12767: Terminated
srun: error: frontier06062: tasks 10456-10460,10462-10463: Terminated
srun: error: frontier02851: task 5013: Terminated
srun: error: frontier04686: task 8116: Terminated
srun: error: frontier03311: task 5815: Terminated
srun: error: frontier03342: tasks 5848,5850-5855: Terminated
srun: error: frontier00685: task 1200: Terminated
srun: error: frontier01547: task 2704: Terminated
srun: error: frontier06050: task 10422: Terminated
srun: error: frontier00806: tasks 1408-1412,1414-1415: Terminated
srun: error: frontier07757: task 13358: Terminated
srun: error: frontier09267: tasks 15864-15870: Terminated
srun: error: frontier06425: task 11054: Terminated
srun: error: frontier08653: task 14856: Terminated
srun: error: frontier08715: tasks 14896-14902: Terminated
srun: error: frontier07817: tasks 13392-13395,13397-13399: Terminated
srun: error: frontier07891: tasks 13560-13561,13563-13567: Terminated
srun: error: frontier03425: tasks 6016-6021,6023: Terminated
srun: error: frontier06568: tasks 11256-11257,11259-11263: Terminated
srun: error: frontier06959: tasks 11960-11962,11964-11967: Terminated
srun: error: frontier00798: task 1370: Terminated
srun: error: frontier04692: tasks 8152-8157,8159: Terminated
srun: error: frontier03801: tasks 6649-6655: Terminated
srun: error: frontier01259: tasks 2209-2215: Terminated
srun: error: frontier05166: tasks 8952-8957,8959: Terminated
srun: error: frontier09170: tasks 15696-15699,15701-15703: Terminated
srun: error: frontier02455: task 4305: Terminated
srun: error: frontier08358: tasks 14360-14362,14364-14367: Terminated
srun: error: frontier09136: task 15661: Terminated
srun: error: frontier05456: task 9452: Terminated
srun: error: frontier01096: task 2003: Terminated
srun: error: frontier05156: task 8919: Terminated
srun: error: frontier05763: tasks 9920-9926: Terminated
srun: error: frontier02028: tasks 3544-3551: Terminated
srun: error: frontier00417: tasks 704-708,710-711: Terminated
srun: error: frontier04377: tasks 7616-7619,7621-7623: Terminated
srun: error: frontier01753: tasks 3009-3015: Terminated
srun: error: frontier02576: tasks 4512-4516,4518-4519: Terminated
srun: error: frontier00042: tasks 73-79: Terminated
srun: error: frontier05668: tasks 9752-9753,9755-9759: Terminated
srun: error: frontier06101: tasks 10552-10557,10559: Terminated
srun: error: frontier03787: task 6613: Terminated
srun: error: frontier01250: task 2170: Terminated
srun: error: frontier03917: tasks 6816-6821,6823: Terminated
srun: error: frontier08240: task 14157: Terminated
srun: error: frontier06535: task 11219: Terminated
srun: error: frontier00454: tasks 872-875,877-879: Terminated
srun: error: frontier05637: task 9715: Terminated
srun: error: frontier06878: task 11849: Terminated
srun: error: frontier07964: tasks 13656-13660,13662-13663: Terminated
srun: error: frontier09297: tasks 15960-15964,15966-15967: Terminated
srun: error: frontier08881: tasks 15160-15165,15167: Terminated
srun: error: frontier04253: task 7414: Terminated
srun: error: frontier03474: tasks 6112-6114,6116-6119: Terminated
srun: error: frontier06607: tasks 11352-11356,11358-11359: Terminated
srun: error: frontier03033: tasks 5312-5316,5318-5319: Terminated
srun: error: frontier02561: task 4479: Terminated
srun: error: frontier07002: tasks 12056-12063: Terminated
srun: error: frontier03981: tasks 6912-6917,6919: Terminated
srun: error: frontier02278: tasks 3976-3979,3981-3983: Terminated
srun: error: frontier04269: tasks 7448-7450,7452-7455: Terminated
srun: error: frontier05312: tasks 9216-9218,9220-9223: Terminated
srun: error: frontier06986: task 12020: Terminated
srun: error: frontier04892: tasks 8416,8418-8423: Terminated
srun: error: frontier01429: tasks 2472-2477,2479: Terminated
srun: error: frontier00826: tasks 1504-1508,1510-1511: Terminated
srun: error: frontier06703: tasks 11520-11521,11523-11527: Terminated
srun: error: frontier01700: task 2970: Terminated
srun: error: frontier02182: tasks 3808-3814: Terminated
srun: error: frontier06222: tasks 10720-10724,10726-10727: Terminated
srun: error: frontier00074: tasks 168-172,174-175: Terminated
srun: error: frontier02141: tasks 3712-3719: Terminated
srun: error: frontier02907: task 5109: Terminated
srun: error: frontier00954: tasks 1672-1676,1678-1679: Terminated
srun: error: frontier00396: task 671: Terminated
srun: error: frontier05793: tasks 10016-10019,10021-10023: Terminated
srun: error: frontier03013: task 5279: Terminated
srun: error: frontier07476: tasks 12856-12863: Terminated
srun: error: frontier06094: task 10515: Terminated
srun: error: frontier03087: tasks 5408-5409,5411-5415: Terminated
srun: error: frontier08852: task 15127: Terminated
srun: error: frontier02625: tasks 4608-4612,4614-4615: Terminated
srun: error: frontier08531: tasks 14624-14629,14631: Terminated
srun: error: frontier08737: task 14956: Terminated
srun: error: frontier01887: tasks 3272-3276,3278-3279: Terminated
srun: error: frontier03540: tasks 6208-6211,6213-6215: Terminated
srun: error: frontier03358: task 5909: Terminated
srun: error: frontier03168: tasks 5576-5582: Terminated
srun: error: frontier07076: tasks 12152-12156,12158-12159: Terminated
srun: error: frontier07355: task 12654: Terminated
srun: error: frontier08458: tasks 14456-14459,14461-14463: Terminated
srun: error: frontier02152: task 3772: Terminated
srun: error: frontier08901: tasks 15256-15259,15261-15263: Terminated
srun: error: frontier07191: tasks 12320-12322,12324-12327: Terminated
srun: error: frontier04438: tasks 7712,7714-7719: Terminated
srun: error: frontier00968: tasks 1768-1770,1772-1775: Terminated
srun: error: frontier00819: task 1471: Terminated
srun: error: frontier02712: tasks 4776-4782: Terminated
srun: error: frontier10138: tasks 16224-16231: Terminated
srun: error: frontier05019: tasks 8680-8687: Terminated
srun: error: frontier06740: tasks 11616-11619,11621-11623: Terminated
srun: error: frontier00554: tasks 968-970,972-975: Terminated
srun: error: frontier07463: task 12822: Terminated
srun: error: frontier09226: task 15758: Terminated
srun: error: frontier09002: tasks 15424-15429,15431: Terminated
srun: error: frontier06296: tasks 10816-10823: Terminated
srun: error: frontier03658: tasks 6376-6381,6383: Terminated
srun: error: frontier04741: task 8215: Terminated
srun: error: frontier04120: tasks 7176-7177,7179-7183: Terminated
srun: error: frontier04915: tasks 8512-8517,8519: Terminated
srun: error: frontier00201: tasks 432-437,439: Terminated
srun: error: frontier05302: task 9181: Terminated
srun: error: frontier01561: tasks 2736-2739,2741-2743: Terminated
srun: error: frontier09383: tasks 16056-16061,16063: Terminated
srun: error: frontier05965: tasks 10280-10282,10284-10287: Terminated
srun: error: frontier02605: task 4570: Terminated
srun: error: frontier06595: task 11319: Terminated
srun: error: frontier04609: tasks 7976-7983: Terminated
srun: error: frontier05405: tasks 9312-9315,9317-9319: Terminated
srun: error: frontier01295: task 2268: Terminated
srun: error: frontier00159: tasks 265-271: Terminated
srun: error: frontier02328: tasks 4072-4075,4077-4079: Terminated
srun: error: frontier08112: tasks 13920-13922,13924-13927: Terminated
srun: error: frontier00689: tasks 1232-1233,1235-1239: Terminated
srun: error: frontier05202: task 9013: Terminated
srun: error: frontier09280: task 15926: Terminated
srun: error: frontier03857: task 6710: Terminated
srun: error: frontier05463: tasks 9480-9487: Terminated
srun: error: frontier02023: tasks 3536-3537,3539-3543: Terminated
srun: error: frontier03716: tasks 6472-6476,6478-6479: Terminated
srun: error: frontier07816: tasks 13384-13387,13389-13391: Terminated
srun: error: frontier02779: tasks 4872-4877,4879: Terminated
srun: error: frontier00065: task 130: Terminated
srun: error: frontier05846: tasks 10112-10117,10119: Terminated
srun: error: frontier05074: tasks 8776-8777,8779-8783: Terminated
srun: error: frontier09052: tasks 15520-15526: Terminated
srun: error: frontier01492: tasks 2568-2570,2572-2575: Terminated
srun: error: frontier08608: tasks 14720-14727: Terminated
srun: error: frontier03233: tasks 5672-5679: Terminated
srun: error: frontier07326: tasks 12584-12586,12588-12591: Terminated
srun: error: frontier01509: tasks 2648-2655: Aborted (core dumped)
srun: error: frontier07230: tasks 12416-12417,12419-12423: Terminated
srun: error: frontier07068: task 12114: Terminated
srun: error: frontier08253: tasks 14184-14186,14188-14191: Terminated
srun: error: frontier04405: task 7672: Terminated
srun: error: frontier06923: tasks 11880-11883,11885-11887: Terminated
srun: error: frontier03075: task 5374: Terminated
srun: error: frontier01933: tasks 3368-3370,3372-3375: Terminated
srun: error: frontier02402: tasks 4168-4170,4172-4175: Terminated
srun: error: frontier07612: tasks 13120-13127: Terminated
srun: error: frontier00428: task 762: Terminated
srun: error: frontier01625: tasks 2832-2837,2839: Terminated
srun: error: frontier07703: tasks 13216-13221,13223: Terminated
srun: error: frontier01760: task 3068: Terminated
srun: error: frontier03929: task 6878: Terminated
srun: error: frontier06032: tasks 10376-10383: Terminated
srun: error: frontier06437: tasks 11080-11083,11085-11087: Terminated
srun: error: frontier04646: tasks 8072-8076,8078-8079: Terminated
srun: error: frontier00295: tasks 528-530,532-535: Terminated
srun: error: frontier08749: tasks 14984-14985,14987-14991: Terminated
srun: error: frontier02462: tasks 4336-4339,4341-4343: Terminated
srun: error: frontier08167: tasks 14016-14020,14022-14023: Terminated
srun: error: frontier05549: tasks 9577-9583: Terminated
srun: error: frontier07366: tasks 12680-12681,12683-12687: Terminated
srun: error: frontier05788: task 9981: Terminated
srun: error: frontier04176: tasks 7272-7279: Terminated
srun: error: frontier08889: task 15222: Terminated
srun: error: frontier01870: task 3238: Terminated
srun: error: frontier10161: tasks 16320-16321,16323-16327: Terminated
srun: error: frontier07501: task 12917: Terminated
srun: error: frontier02074: tasks 3632-3638: Terminated
srun: error: frontier07957: task 13619: Terminated
srun: error: frontier00545: task 929: Terminated
srun: error: frontier06176: task 10612: Terminated
srun: error: frontier00712: tasks 1328-1334: Terminated
srun: error: frontier01166: tasks 2033-2039: Terminated
srun: error: frontier02914: tasks 5136-5139,5141-5143: Terminated
srun: error: frontier01188: tasks 2128-2129,2131-2135: Terminated
srun: error: frontier02197: task 3871: Terminated
srun: error: frontier03394: tasks 5936-5941,5943: Terminated
srun: error: frontier05209: tasks 9040-9042,9044-9047: Terminated
srun: error: frontier00825: tasks 1497-1503: Terminated
srun: error: frontier02837: tasks 4968-4974: Terminated
srun: error: frontier06492: tasks 11176-11182: Terminated
srun: error: frontier04906: task 8478: Terminated
srun: error: frontier08376: task 14421: Terminated
srun: error: frontier06603: tasks 11344,11346-11351: Terminated
srun: error: frontier00961: task 1735: Terminated
srun: error: frontier08630: tasks 14816-14818,14820-14823: Terminated
srun: error: frontier06627: task 11411: Terminated
srun: error: frontier09372: task 16017: Terminated
srun: error: frontier04268: tasks 7440-7445,7447: Terminated
srun: error: frontier05147: tasks 8872-8875,8877-8879: Terminated
srun: error: frontier09236: tasks 15784-15787,15789-15791: Terminated
srun: error: frontier03510: task 6172: Terminated
srun: error: frontier04757: tasks 8240-8242,8244-8247: Terminated
srun: error: frontier07857: tasks 13480-13483,13485-13487: Terminated
srun: error: frontier07075: tasks 12144-12146,12148-12151: Terminated
srun: error: frontier01685: tasks 2929-2935: Terminated
srun: error: frontier02307: task 4037: Terminated
srun: error: frontier06966: tasks 11976-11982: Terminated
srun: error: frontier01767: tasks 3096-3102: Terminated
srun: error: frontier07451: tasks 12776-12778,12780-12783: Terminated
srun: error: frontier03989: task 6975: Terminated
srun: error: frontier00435: tasks 792-798: Terminated
srun: error: frontier08100: task 13886: Terminated
srun: error: frontier03085: tasks 5400-5402,5404-5407: Terminated
srun: error: frontier02536: tasks 4432-4437,4439: Terminated
srun: error: frontier03864: tasks 6736-6742: Terminated
srun: error: frontier06184: tasks 10640-10643,10645-10647: Terminated
srun: error: frontier02991: tasks 5232-5238: Terminated
srun: error: frontier08340: tasks 14280-14282,14284-14287: Terminated
srun: error: frontier03459: tasks 6032-6033,6035-6039: Terminated
srun: error: frontier01310: tasks 2296-2300,2302-2303: Terminated
srun: error: frontier08480: task 14519: Terminated
srun: error: frontier04803: tasks 8336-8340,8342-8343: Terminated
srun: error: frontier02201: tasks 3896-3901,3903: Terminated
srun: error: frontier01466: task 2528: Terminated
srun: error: frontier00129: task 229: Terminated
srun: error: frontier07977: task 13718: Terminated
srun: error: frontier00925: tasks 1592-1593,1595-1599: Terminated
srun: error: frontier06667: tasks 11440-11441,11443-11447: Terminated
srun: error: frontier03924: tasks 6832-6834,6836-6839: Terminated
srun: error: frontier03524: tasks 6200-6205,6207: Terminated
srun: error: frontier02764: task 4839: Terminated
srun: error: frontier05809: task 10078: Terminated
srun: error: frontier05705: tasks 9840-9845,9847: Terminated
srun: error: frontier08587: task 14686: Terminated
srun: error: frontier05382: task 9277: Terminated
srun: error: frontier09270: tasks 15880,15882-15887: Terminated
srun: error: frontier07561: tasks 12944-12950: Terminated
srun: error: frontier03118: task 5468: Terminated
srun: error: frontier04314: tasks 7536-7542: Terminated
srun: error: frontier00049: tasks 88,90-95: Terminated
srun: error: frontier04021: tasks 7000-7003,7005-7007: Terminated
srun: error: frontier04492: task 7775: Terminated
srun: error: frontier06726: task 11581: Terminated
srun: error: frontier07982: tasks 13744-13746,13748-13751: Terminated
srun: error: frontier05290: tasks 9136-9137,9139-9143: Terminated
srun: error: frontier02690: tasks 4696-4701,4703: Terminated
srun: error: frontier07894: tasks 13576-13580,13582-13583: Terminated
srun: error: frontier08932: task 15314: Terminated
srun: error: frontier07128: tasks 12240-12242,12244-12247: Terminated
srun: error: frontier09382: tasks 16048-16053,16055: Terminated
srun: error: frontier03219: task 5638: Terminated
srun: error: frontier01826: tasks 3192-3198: Terminated
srun: error: frontier04501: tasks 7800-7803,7805-7807: Terminated
srun: error: frontier04379: tasks 7632-7637,7639: Terminated
srun: error: frontier00524: tasks 888-891,893-895: Terminated
srun: error: frontier05845: tasks 10104-10105,10107-10111: Terminated
srun: error: frontier00572: tasks 1056-1061,1063: Terminated
srun: error: frontier07585: tasks 13040-13042,13044-13047: Terminated
srun: error: frontier07215: task 12382: Terminated
srun: error: frontier03602: tasks 6296-6300,6302-6303: Terminated
srun: error: frontier04968: tasks 8600-8607: Terminated
srun: error: frontier02281: tasks 3992-3997,3999: Terminated
srun: error: frontier00956: tasks 1689-1695: Terminated
srun: error: frontier08489: tasks 14544-14550: Terminated
srun: error: frontier07691: task 13178: Terminated
srun: error: frontier05684: task 9815: Terminated
srun: error: frontier09405: tasks 16144-16147,16149-16151: Terminated
srun: error: frontier03139: tasks 5496-5497,5499-5503: Terminated
srun: error: frontier01059: tasks 1856-1857,1859-1863: Terminated
srun: error: frontier08991: tasks 15344-15349,15351: Terminated
srun: error: frontier06333: tasks 10904-10909,10911: Terminated
srun: error: frontier00563: task 1027: Terminated
srun: error: frontier03667: task 6434: Terminated
srun: error: frontier08784: tasks 15080-15087: Terminated
srun: error: frontier05773: tasks 9936-9942: Terminated
srun: error: frontier01054: task 1830: Terminated
srun: error: frontier02395: task 4131: Terminated
srun: error: frontier04067: tasks 7096-7097,7099-7103: Terminated
srun: error: frontier04952: task 8572: Terminated
srun: error: frontier04564: task 7936: Terminated
srun: error: frontier05422: task 9371: Terminated
srun: error: frontier10151: task 16283: Terminated
srun: error: frontier06227: tasks 10737-10743: Terminated
srun: error: frontier08533: tasks 14640-14641,14643-14647: Terminated
srun: error: frontier06317: task 10877: Terminated
srun: error: frontier01510: tasks 2656-2659,2661-2663: Terminated
srun: error: frontier00175: tasks 352-354,356-359: Terminated
srun: error: frontier06812: tasks 11704-11710: Terminated
srun: error: frontier08125: task 13978: Terminated
srun: error: frontier05920: tasks 10200-10205,10207: Terminated
srun: error: frontier08091: tasks 13840,13842-13847: Terminated
srun: error: frontier03211: tasks 5592-5594,5596-5599: Terminated
srun: error: frontier05046: task 8741: Terminated
srun: error: frontier01090: task 1992: Terminated
srun: error: frontier04554: tasks 7896-7899,7901-7903: Terminated
srun: error: frontier05436: tasks 9400-9404,9406-9407: Terminated
srun: error: frontier09007: tasks 15440-15443,15445-15447: Terminated
srun: error: frontier06797: task 11678: Terminated
srun: error: frontier00675: tasks 1153-1159: Terminated
srun: error: frontier04152: task 7239: Terminated
srun: error: frontier02010: tasks 3456-3459,3461-3463: Terminated
srun: error: frontier06874: task 11843: Terminated
srun: error: frontier06711: tasks 11536-11541,11543: Terminated
srun: error: frontier02726: tasks 4792-4793,4795-4799: Terminated
srun: error: frontier02401: tasks 4160-4167: Terminated
srun: error: frontier03292: tasks 5760-5766: Terminated
srun: error: frontier08146: tasks 14008-14011,14013-14015: Terminated
srun: error: frontier01376: tasks 2392-2399: Terminated
srun: error: frontier01506: task 2630: Terminated
srun: error: frontier00158: tasks 256-263: Terminated
srun: error: frontier08629: tasks 14808,14810-14815: Terminated
srun: error: frontier01084: tasks 1952-1957,1959: Terminated
srun: error: frontier05531: task 9538: Terminated
srun: error: frontier06840: tasks 11800-11805,11807: Terminated
srun: error: frontier02834: tasks 4960-4964,4966-4967: Terminated
srun: error: frontier05517: tasks 9496-9501,9503: Terminated
srun: error: frontier03757: tasks 6560-6566: Terminated
srun: error: frontier07269: tasks 12504-12508,12510-12511: Terminated
srun: error: frontier00285: task 495: Terminated
srun: error: frontier08230: tasks 14104-14107,14109-14111: Terminated
srun: error: frontier09118: tasks 15608-15610,15612-15615: Terminated
srun: error: frontier06404: tasks 11000-11001,11003-11007: Terminated
srun: error: frontier01563: tasks 2752-2754,2756-2759: Terminated
srun: error: frontier01596: task 2797: Terminated
srun: error: frontier05026: tasks 8696-8701,8703: Terminated
srun: error: frontier00272: tasks 448-449,451-455: Terminated
srun: error: frontier02818: task 4933: Terminated
srun: error: frontier04629: task 8033: Terminated
srun: error: frontier04242: tasks 7360-7366: Terminated
srun: error: frontier07354: task 12647: Terminated
srun: error: frontier05970: tasks 10296-10299,10301-10303: Terminated
srun: error: frontier02436: tasks 4256-4260,4262-4263: Terminated
srun: error: frontier01680: tasks 2920-2923,2925-2927: Terminated
srun: error: frontier05982: task 10340: Terminated
srun: error: frontier07730: tasks 13304-13311: Terminated
srun: error: frontier05146: tasks 8864-8869,8871: Terminated
srun: error: frontier00314: tasks 616-622: Terminated
srun: error: frontier05596: tasks 9664-9665,9667-9671: Terminated
srun: error: frontier07255: task 12473: Terminated
srun: error: frontier08716: tasks 14904-14909,14911: Terminated
srun: error: frontier06063: tasks 10464-10468,10470-10471: Terminated
srun: error: frontier01947: task 3425: Terminated
srun: error: frontier00807: tasks 1416-1422: Terminated
srun: error: frontier10146: tasks 16240-16242,16244-16247: Terminated
srun: error: frontier07330: tasks 12600-12601,12603-12607: Terminated
srun: error: frontier00704: task 1288: Terminated
srun: error: frontier07829: tasks 13400-13402,13404-13407: Terminated
srun: error: frontier07848: task 13441: Terminated
srun: error: frontier02065: task 3593: Terminated
srun: error: frontier02142: tasks 3720-3723,3725-3727: Terminated
srun: error: frontier08622: task 14780: Terminated
srun: error: frontier02029: tasks 3552-3556,3558-3559: Terminated
srun: error: frontier02518: tasks 4352-4356,4358-4359: Terminated
srun: error: frontier06569: tasks 11264-11270: Terminated
srun: error: frontier03357: task 5901: Terminated
srun: error: frontier03279: task 5735: Terminated
srun: error: frontier05091: task 8837: Terminated
srun: error: frontier02879: tasks 5056-5062: Terminated
srun: error: frontier04693: tasks 8160-8161,8163-8167: Terminated
srun: error: frontier07450: tasks 12768,12770-12775: Terminated
srun: error: frontier01260: tasks 2216-2218,2220-2223: Terminated
srun: error: frontier09171: tasks 15704,15706-15711: Terminated
srun: error: frontier03729: task 6531: Terminated
srun: error: frontier08256: tasks 14200-14205,14207: Terminated
srun: error: frontier07003: tasks 12064-12065,12067-12071: Terminated
srun: error: frontier09100: task 15580: Terminated
srun: error: frontier05167: tasks 8960-8965,8967: Terminated
srun: error: frontier05669: tasks 9760-9765,9767: Terminated
srun: error: frontier07723: task 13275: Terminated
srun: error: frontier08752: tasks 15000-15001,15003-15007: Terminated
srun: error: frontier08364: tasks 14368-14372,14374-14375: Terminated
srun: error: frontier08218: task 14078: Terminated
srun: error: frontier03343: tasks 5856-5863: Terminated
srun: error: frontier01182: task 2091: Terminated
srun: error: frontier04378: tasks 7624-7627,7629-7631: Terminated
srun: error: frontier10173: task 16378: Terminated
srun: error: frontier01754: tasks 3016-3019,3021-3023: Terminated
srun: error: frontier00418: tasks 712-714,716-719: Terminated
srun: error: frontier06464: task 11138: Terminated
srun: error: frontier07892: tasks 13568-13570,13572-13575: Terminated
srun: error: frontier03855: task 6701: Terminated
srun: error: frontier02577: tasks 4520-4521,4523-4527: Terminated
srun: error: frontier03803: tasks 6656-6659,6661-6663: Terminated
srun: error: frontier03035: tasks 5320-5326: Terminated
srun: error: frontier04274: tasks 7456-7458,7460-7463: Terminated
srun: error: frontier06108: tasks 10560-10563,10565-10567: Terminated
srun: error: frontier02527: task 4396: Terminated
srun: error: frontier05580: task 9637: Terminated
srun: error: frontier03475: tasks 6120-6125,6127: Terminated
srun: error: frontier04226: task 7330: Terminated
srun: error: frontier00827: tasks 1512-1513,1515-1519: Terminated
srun: error: frontier06955: task 11938: Terminated
srun: error: frontier08329: task 14244: Terminated
srun: error: frontier00455: tasks 881-887: Terminated
srun: error: frontier03922: tasks 6824-6828,6830-6831: Terminated
srun: error: frontier05315: tasks 9225-9231: Terminated
srun: error: frontier06619: tasks 11360,11362-11367: Terminated
srun: error: frontier00955: tasks 1680-1686: Terminated
srun: error: frontier06704: tasks 11528-11531,11533-11535: Terminated
srun: error: frontier04304: task 7501: Terminated
srun: error: frontier02183: tasks 3816-3820,3822-3823: Terminated
srun: error: frontier00306: task 590: Terminated
srun: error: frontier08460: tasks 14464-14465,14467-14471: Terminated
srun: error: frontier08882: tasks 15168-15173,15175: Terminated
srun: error: frontier07477: tasks 12864-12868,12870-12871: Terminated
srun: error: frontier04893: tasks 8424-8428,8430-8431: Terminated
srun: error: frontier04760: tasks 8256-8257,8259-8263: Terminated
srun: error: frontier01431: tasks 2480-2486: Terminated
srun: error: frontier01645: task 2890: Terminated
srun: error: frontier01312: tasks 2312-2318: Terminated
srun: error: frontier01769: tasks 3112-3115,3117-3119: Terminated
srun: error: frontier00425: task 752: Terminated
srun: error: frontier06053: task 10436: Terminated
srun: error: frontier07965: tasks 13664-13671: Terminated
srun: error: frontier03090: tasks 5416-5422: Terminated
srun: error: frontier05255: tasks 9056-9057,9059-9063: Terminated
srun: error: frontier07082: tasks 12160-12165,12167: Terminated
srun: error: frontier04439: tasks 7720-7727: Terminated
srun: error: frontier08760: task 15042: Terminated
srun: error: frontier03421: task 5999: Terminated
srun: error: frontier00076: tasks 176-181,183: Terminated
srun: error: frontier03982: tasks 6920-6923,6925-6927: Terminated
srun: error: frontier02134: task 3692: Terminated
srun: error: frontier09003: tasks 15433-15439: Terminated
srun: error: frontier04688: task 8133: Terminated
srun: error: frontier04917: tasks 8520-8525,8527: Terminated
srun: error: frontier05798: tasks 10024-10028,10030-10031: Terminated
srun: error: frontier09251: task 15841: Terminated
srun: error: frontier03659: tasks 6384-6386,6388-6391: Terminated
srun: error: frontier02329: tasks 4080-4085,4087: Terminated
srun: error: frontier02628: tasks 4617-4623: Terminated
srun: error: frontier00970: tasks 1776-1781,1783: Terminated
srun: error: frontier05406: tasks 9320-9321,9323-9327: Terminated
srun: error: frontier00557: tasks 976-981,983: Terminated
srun: error: frontier08903: tasks 15264-15269,15271: Terminated
srun: error: frontier01888: tasks 3280-3287: Terminated
srun: error: frontier03170: tasks 5584-5588,5590-5591: Terminated
srun: error: frontier07886: task 13541: Terminated
srun: error: frontier06302: tasks 10824-10825,10827-10831: Terminated
srun: error: frontier06174: task 10606: Terminated
srun: error: frontier03541: tasks 6216-6219,6221-6223: Terminated
srun: error: frontier07193: tasks 12328-12332,12334-12335: Terminated
srun: error: frontier00802: task 1390: Terminated
srun: error: frontier04028: tasks 7016-7019,7021-7023: Terminated
srun: error: frontier01493: tasks 2576-2579,2581-2583: Terminated
srun: error: frontier07569: tasks 12961-12967: Terminated
srun: error: frontier01252: task 2184: Terminated
srun: error: frontier05847: tasks 10120-10126: Terminated
srun: error: frontier00834: task 1557: Terminated
srun: error: frontier05511: tasks 9488-9494: Terminated
srun: error: frontier02564: task 4489: Terminated
srun: error: frontier07615: tasks 13128-13129,13131-13135: Terminated
srun: error: frontier05276: task 9100: Terminated
srun: error: frontier06741: tasks 11624-11630: Terminated
srun: error: frontier10142: tasks 16232-16233,16235-16239: Terminated
srun: error: frontier06545: task 11234: Terminated
srun: error: frontier05966: tasks 10288-10292,10294-10295: Terminated
srun: error: frontier07231: tasks 12424-12427,12429-12431: Terminated
srun: error: frontier02780: tasks 4880-4883,4885-4887: Terminated
srun: error: frontier03234: tasks 5680-5681,5683-5687: Terminated
srun: error: frontier00574: tasks 1072-1078: Terminated
srun: error: frontier00267: tasks 440-442,444-447: Terminated
srun: error: frontier08113: tasks 13928-13932,13934-13935: Terminated
srun: error: frontier04611: tasks 7984-7987,7989-7991: Terminated
srun: error: frontier00691: tasks 1240-1241,1243-1247: Terminated
srun: error: frontier03892: task 6798: Terminated
srun: error: frontier04124: tasks 7184-7187,7189-7191: Terminated
srun: error: frontier00029: task 53: Terminated
srun: error: frontier06440: tasks 11088-11090,11092-11095: Terminated
srun: error: frontier02657: task 4658: Terminated
srun: error: frontier08609: tasks 14728-14734: Terminated
srun: error: frontier01357: task 2359: Terminated
srun: error: frontier02967: task 5199: Terminated
srun: error: frontier06625: task 11403: Terminated
srun: error: frontier01063: tasks 1872-1877,1879: Terminated
srun: error: frontier05075: tasks 8784-8790: Terminated
srun: error: frontier06995: task 12037: Terminated
srun: error: frontier04368: task 7597: Terminated
srun: error: frontier02403: tasks 4176-4182: Terminated
srun: error: frontier09354: tasks 15968-15975: Terminated
srun: error: frontier07704: tasks 13224-13226,13228-13231: Terminated
srun: error: frontier02477: tasks 4344-4345,4347-4351: Terminated
srun: error: frontier03028: task 5291: Terminated
srun: error: frontier08351: task 14341: Terminated
srun: error: frontier05719: task 9902: Terminated
srun: error: frontier00160: tasks 272-279: Terminated
srun: error: frontier01934: tasks 3376-3381,3383: Terminated
srun: error: frontier06817: tasks 11720-11724,11726-11727: Terminated
srun: error: frontier09057: tasks 15528-15530,15532-15535: Terminated
srun: error: frontier06335: tasks 10920-10926: Terminated
srun: error: frontier03717: tasks 6480-6486: Terminated
srun: error: frontier05550: tasks 9584-9589,9591: Terminated
srun: error: frontier01630: tasks 2840-2844,2846-2847: Terminated
srun: error: frontier06926: tasks 11888-11892,11894-11895: Terminated
srun: error: frontier01170: tasks 2040-2044,2046-2047: Terminated
srun: error: frontier06033: tasks 10385-10391: Terminated
srun: error: frontier10162: tasks 16328-16329,16331-16335: Terminated
srun: error: frontier00296: tasks 536-537,539-543: Terminated
srun: error: frontier09386: tasks 16064-16065,16067-16071: Terminated
srun: error: frontier04177: tasks 7280-7285,7287: Terminated
srun: error: frontier08202: tasks 14024-14026,14028-14031: Terminated
srun: error: frontier03296: tasks 5776-5779,5781-5783: Terminated
srun: error: frontier03100: task 5463: Terminated
srun: error: frontier07094: task 12204: Terminated
srun: error: frontier08750: tasks 14992-14995,14997-14999: Terminated
srun: error: frontier07577: task 13002: Terminated
srun: error: frontier01814: task 3159: Terminated
srun: error: frontier07873: tasks 13488-13494: Terminated
srun: error: frontier08858: task 15141: Terminated
srun: error: frontier04648: tasks 8080-8083,8085-8087: Terminated
srun: error: frontier02956: tasks 5144-5146,5148-5151: Terminated
srun: error: frontier08635: tasks 14824,14826-14831: Terminated
srun: error: frontier07469: task 12837: Terminated
srun: error: frontier03590: task 6259: Terminated
srun: error: frontier08255: tasks 14192-14194,14196-14199: Terminated
srun: error: frontier02838: tasks 4976-4981,4983: Terminated
srun: error: frontier05148: tasks 8880-8883,8885-8887: Terminated
srun: error: frontier05210: tasks 9048-9054: Terminated
srun: error: frontier06496: tasks 11184-11190: Terminated
srun: error: frontier00951: task 1648: Terminated
srun: error: frontier01189: tasks 2136-2137,2139-2143: Terminated
srun: error: frontier06968: tasks 11984-11987,11989-11991: Terminated
srun: error: frontier07999: task 13803: Terminated
srun: error: frontier05598: tasks 9680-9685,9687: Terminated
srun: error: frontier09395: task 16105: Terminated
srun: error: frontier09238: tasks 15792-15794,15796-15799: Terminated
srun: error: frontier06200: task 10703: Terminated
srun: error: frontier03397: tasks 5944-5950: Terminated
srun: error: frontier03471: task 6094: Terminated
srun: error: frontier04759: tasks 8248,8250-8255: Terminated
srun: error: frontier00005: tasks 0-1,3-7: Terminated
srun: error: frontier03931: task 6890: Terminated
srun: error: frontier09120: tasks 15624-15628,15630-15631: Terminated
srun: error: frontier08931: task 15311: Terminated
srun: error: frontier01311: tasks 2304,2306-2311: Terminated
srun: error: frontier05308: task 9193: Terminated
srun: error: frontier07372: tasks 12688-12691,12693-12695: Terminated
srun: error: frontier02999: tasks 5240-5245,5247: Terminated
srun: error: frontier04828: task 8398: Terminated
srun: error: frontier01686: tasks 2936-2937,2939-2943: Terminated
srun: error: frontier00776: tasks 1336-1340,1342-1343: Terminated
srun: error: frontier04353: tasks 7544-7546,7548-7551: Terminated
srun: error: frontier09286: task 15942: Terminated
srun: error: frontier06700: task 11500: Terminated
srun: error: frontier01768: tasks 3104-3105,3107-3111: Terminated
srun: error: frontier08785: tasks 15088-15091,15093-15095: Terminated
srun: error: frontier06187: tasks 10648-10653,10655: Terminated
srun: error: frontier05713: tasks 9848-9849,9851-9855: Terminated
srun: error: frontier00068: task 145: Terminated
srun: error: frontier02266: task 3959: Terminated
srun: error: frontier04804: tasks 8344-8348,8350-8351: Terminated
srun: error: frontier02538: tasks 4440-4447: Terminated
srun: error: frontier07897: tasks 13584-13586,13588-13591: Terminated
srun: error: frontier07564: tasks 12952-12957,12959: Terminated
srun: error: frontier03865: tasks 6744-6749,6751: Terminated
srun: error: frontier07171: task 12302: Terminated
srun: error: frontier00930: tasks 1600-1601,1603-1607: Terminated
srun: error: frontier08344: tasks 14288-14294: Terminated
srun: error: frontier03460: tasks 6040-6046: Terminated
srun: error: frontier06066: tasks 10480-10481,10483-10487: Terminated
srun: error: frontier00168: task 314: Terminated
srun: error: frontier05291: tasks 9144-9145,9147-9151: Terminated
srun: error: frontier07984: tasks 13752-13757,13759: Terminated
srun: error: frontier05419: task 9364: Terminated
srun: error: frontier03925: tasks 6840,6842-6847: Terminated
srun: error: frontier07452: tasks 12784-12788,12790-12791: Terminated
srun: error: frontier04026: tasks 7008-7013,7015: Terminated
srun: error: frontier05902: task 10166: Terminated
srun: error: frontier02696: tasks 4704-4706,4708-4711: Terminated
srun: error: frontier03161: task 5559: Terminated
srun: error: frontier00436: tasks 800-803,805-807: Terminated
srun: error: frontier02709: task 4759: Terminated
srun: error: frontier04383: tasks 7640-7643,7645-7647: Terminated
srun: error: frontier08490: tasks 14552-14553,14555-14559: Terminated
srun: error: frontier01882: task 3250: Terminated
srun: error: frontier02075: tasks 3640-3645,3647: Terminated
srun: error: frontier07129: tasks 12248-12249,12251-12255: Terminated
srun: error: frontier05775: tasks 9944-9945,9947-9951: Terminated
srun: error: frontier04053: task 7058: Terminated
srun: error: frontier08369: tasks 14384-14389,14391: Terminated
srun: error: frontier04520: task 7861: Terminated
srun: error: frontier02144: tasks 3736-3739,3741-3743: Terminated
srun: error: frontier03144: tasks 5504-5508,5510-5511: Terminated
srun: error: frontier01386: task 2450: Terminated
srun: error: frontier08517: task 14602: Terminated
srun: error: frontier04502: tasks 7808-7811,7813-7815: Terminated
srun: error: frontier01829: tasks 3200-3205,3207: Terminated
srun: error: frontier02202: tasks 3904-3911: Terminated
srun: error: frontier00573: tasks 1064-1065,1067-1071: Terminated
srun: error: frontier09271: tasks 15888-15893,15895: Terminated
srun: error: frontier06682: tasks 11448-11450,11452-11455: Terminated
srun: error: frontier04898: tasks 8440-8444,8446-8447: Terminated
srun: error: frontier00539: tasks 896,898-903: Terminated
srun: error: frontier01945: task 3418: Terminated
srun: error: frontier05790: task 9995: Terminated
srun: error: frontier02579: tasks 4536-4539,4541-4543: Terminated
srun: error: frontier00662: task 1116: Terminated
srun: error: frontier00051: tasks 97-103: Terminated
srun: error: frontier03603: tasks 6304-6305,6307-6311: Terminated
srun: error: frontier02282: tasks 4000-4004,4006-4007: Terminated
srun: error: frontier06334: tasks 10912,10914-10919: Terminated
srun: error: frontier00547: task 951: Terminated
srun: error: frontier08999: task 15407: Terminated
srun: error: frontier04970: tasks 8608,8610-8615: Terminated
srun: error: frontier05016: task 8659: Terminated
srun: error: frontier08095: tasks 13848-13851,13853-13855: Terminated
srun: error: frontier03645: task 6356: Terminated
srun: error: frontier06712: tasks 11544-11546,11548-11551: Terminated
srun: error: frontier09415: tasks 16152-16155,16157-16159: Terminated
srun: error: frontier01377: tasks 2400-2405,2407: Terminated
srun: error: frontier05442: tasks 9408-9409,9411-9415: Terminated
srun: error: frontier06284: task 10796: Terminated
srun: error: frontier08108: task 13898: Terminated
srun: error: frontier01060: tasks 1864-1867,1869-1871: Terminated
srun: error: frontier07586: tasks 13048,13050-13055: Terminated
srun: error: frontier00957: tasks 1696-1699,1701-1703: Terminated
srun: error: frontier08535: tasks 14648-14650,14652-14655: Terminated
srun: error: frontier01077: task 1918: Terminated
srun: error: frontier01511: tasks 2664-2669,2671: Terminated
srun: error: frontier06815: tasks 11712-11713,11715-11719: Terminated
srun: error: frontier08992: tasks 15352-15354,15356-15359: Terminated
srun: error: frontier00177: tasks 360-366: Terminated
srun: error: frontier06228: tasks 10744-10745,10747-10751: Terminated
srun: error: frontier01433: tasks 2496-2497,2499-2503: Terminated
srun: error: frontier05924: tasks 10208-10213,10215: Terminated
srun: error: frontier06826: task 11767: Terminated
srun: error: frontier07722: task 13269: Terminated
srun: error: frontier02319: task 4051: Terminated
srun: error: frontier04555: tasks 7904-7906,7908-7911: Terminated
srun: error: frontier03293: tasks 5768-5774: Terminated
srun: error: frontier03212: tasks 5600,5602-5607: Terminated
srun: error: frontier06358: task 10962: Terminated
srun: error: frontier02011: tasks 3464-3466,3468-3471: Terminated
srun: error: frontier04114: task 7155: Terminated
srun: error: frontier10129: task 16203: Terminated
srun: error: frontier09009: tasks 15448-15452,15454-15455: Terminated
srun: error: frontier06409: tasks 11008-11012,11014-11015: Terminated
srun: error: frontier04068: tasks 7104-7106,7108-7111: Terminated
srun: error: frontier03662: tasks 6400-6402,6404-6407: Terminated
srun: error: frontier04182: task 7325: Terminated
srun: error: frontier00676: tasks 1160-1163,1165-1167: Terminated
srun: error: frontier07620: tasks 13144-13149,13151: Terminated
srun: error: frontier02413: task 4217: Terminated
srun: error: frontier02742: tasks 4800-4806: Terminated
srun: error: frontier01553: task 2718: Terminated
srun: error: frontier07196: tasks 12344-12350: Terminated
srun: error: frontier00193: task 413: Terminated
srun: error: frontier02774: task 4855: Terminated
srun: error: frontier05028: tasks 8704-8706,8708-8711: Terminated
srun: error: frontier07298: tasks 12512-12513,12515-12519: Terminated
srun: error: frontier04567: task 7953: Terminated
srun: error: frontier09119: tasks 15616-15619,15621-15623: Terminated
srun: error: frontier07731: tasks 13312-13319: Terminated
srun: error: frontier05937: task 10260: Terminated
srun: error: frontier08217: task 14067: Terminated
srun: error: frontier09030: task 15498: Terminated
srun: error: frontier08601: task 14703: Terminated
srun: error: frontier02019: task 3513: Terminated
srun: error: frontier02854: task 5021: Terminated
srun: error: frontier00686: task 1208: Terminated
srun: error: frontier07319: task 12566: Terminated
srun: error: frontier03334: task 5819: Terminated
srun: error: frontier04687: task 8125: Terminated
srun: error: frontier06426: task 11057: Terminated
srun: error: frontier07758: task 13366: Terminated
srun: error: frontier00799: task 1379: Terminated
srun: error: frontier08655: task 14869: Terminated
srun: error: frontier09139: task 15667: Terminated
srun: error: frontier05157: task 8926: Terminated
srun: error: frontier01153: task 2015: Terminated
srun: error: frontier05058: task 8759: Terminated
srun: error: frontier08241: task 14162: Terminated
srun: error: frontier05536: task 9554: Terminated
srun: error: frontier01251: task 2183: Terminated
srun: error: frontier02458: task 4317: Terminated
srun: error: frontier06879: task 11863: Terminated
srun: error: frontier03791: task 6622: Terminated
srun: error: frontier05649: task 9722: Terminated
srun: error: frontier01612: task 2810: Terminated
srun: error: frontier04255: task 7420: Terminated
srun: error: frontier06993: task 12027: Terminated
srun: error: frontier01701: task 2983: Terminated
srun: error: frontier00397: task 678: Terminated
srun: error: frontier04745: task 8222: Terminated
srun: error: frontier03368: task 5916: Terminated
srun: error: frontier02071: task 3614: Terminated
srun: error: frontier02908: task 5112: Terminated
srun: error: frontier07852: task 13462: Terminated
srun: error: frontier07356: task 12659: Terminated
srun: error: frontier06095: task 10524: Terminated
srun: error: frontier08738: task 14966: Terminated
srun: error: frontier00821: task 1474: Terminated
srun: error: frontier02155: task 3779: Terminated
srun: error: frontier03470: task 6087: Terminated
srun: error: frontier07466: task 12827: Terminated
srun: error: frontier06599: task 11324: Terminated
srun: error: frontier03859: task 6718: Terminated
srun: error: frontier09227: task 15762: Terminated
srun: error: frontier01297: task 2273: Terminated
srun: error: frontier07069: task 12124: Terminated
srun: error: frontier07958: task 13629: Terminated
srun: error: frontier05203: task 9018: Terminated
srun: error: frontier05685: task 9822: Terminated
srun: error: frontier00066: task 139: Terminated
srun: error: frontier08378: task 14428: Terminated
srun: error: frontier01762: task 3078: Terminated
srun: error: frontier04434: task 7683: Terminated
srun: error: frontier03076: task 5383: Terminated
srun: error: frontier08892: task 15230: Terminated
srun: error: frontier06177: task 10618: Terminated
srun: error: frontier04310: task 7515: Terminated
srun: error: frontier00431: task 775: Terminated
srun: error: frontier06280: task 10788: Terminated
srun: error: frontier03511: task 6180: Terminated
srun: error: frontier04795: task 8317: Terminated
srun: error: frontier07503: task 12923: Terminated
srun: error: frontier00920: task 1575: Terminated
srun: error: frontier04908: task 8487: Terminated
srun: error: frontier00546: task 942: Terminated
srun: error: frontier07978: task 13726: Terminated
srun: error: frontier09376: task 16028: Terminated
srun: error: frontier02198: task 3878: Terminated
srun: error: frontier00962: task 1736: Terminated
srun: error: frontier02661: task 4672: Terminated
srun: error: frontier06628: task 11420: Terminated
srun: error: frontier07103: task 12221: Terminated
srun: error: frontier01362: task 2373: Terminated
srun: error: frontier02770: task 4841: Terminated
srun: error: frontier05384: task 9286: Terminated
srun: error: frontier00132: task 236: Terminated
srun: error: frontier06727: task 11591: Terminated
srun: error: frontier03990: task 6981: Terminated
srun: error: frontier04493: task 7783: Terminated
srun: error: frontier03120: task 5478: Terminated
srun: error: frontier08973: task 15326: Terminated
srun: error: frontier01470: task 2538: Terminated
srun: error: frontier08481: task 14524: Terminated
srun: error: frontier05841: task 10084: Terminated
srun: error: frontier03220: task 5644: Terminated
srun: error: frontier09027: task 15492: Terminated
srun: error: frontier00566: task 1036: Terminated
srun: error: frontier07216: task 12389: Terminated
srun: error: frontier08599: task 14691: Terminated
srun: error: frontier07694: task 13187: Terminated
srun: error: frontier01897: task 3343: Terminated
srun: error: frontier09400: task 16126: Terminated
srun: error: frontier01055: task 1835: Terminated
srun: error: frontier04955: task 8581: Terminated
srun: error: frontier03668: task 6444: Terminated
srun: error: frontier06318: task 10883: Terminated
srun: error: frontier05057: task 8749: Terminated
srun: error: frontier05423: task 9379: Terminated
srun: error: frontier02398: task 4142: Terminated
srun: error: frontier10152: task 16291: Terminated
srun: error: frontier04153: task 7244: Terminated
srun: error: frontier08131: task 13990: Terminated
srun: error: frontier06803: task 11686: Terminated
srun: error: frontier00171: task 335: Terminated
srun: error: frontier05908: task 10179: Terminated
srun: error: frontier05532: task 9550: Terminated
srun: error: frontier02831: task 4938: Terminated
srun: error: frontier00286: task 500: Terminated
srun: error: frontier05987: task 10351: Terminated
srun: error: frontier07257: task 12484: Terminated
srun: error: frontier01507: task 2633: Terminated
srun: error: frontier03287: task 5740: Terminated
srun: error: frontier01606: task 2804: Terminated
srun: error: frontier01948: task 3434: Terminated
srun: error: frontier08623: task 14789: Terminated
srun: error: frontier04630: task 8047: Terminated
srun: error: frontier06363: task 10978: Terminated
srun: error: frontier02068: task 3604: Terminated
srun: error: frontier06465: task 11145: Terminated
srun: error: frontier05124: task 8842: Terminated
srun: error: frontier00707: task 1297: Terminated
srun: error: frontier07724: task 13281: Terminated
srun: error: frontier07851: task 13454: Terminated
srun: error: frontier09102: task 15586: Terminated
srun: error: frontier08219: task 14085: Terminated
srun: error: frontier02417: task 4234: Terminated
srun: error: frontier05582: task 9645: Terminated
srun: error: frontier01184: task 2096: Terminated
srun: error: frontier08331: task 14253: Terminated
srun: error: frontier03733: task 6542: Terminated
srun: error: frontier06956: task 11945: Terminated
srun: error: frontier04229: task 7343: Terminated
srun: error: frontier02968: task 5205: Terminated
srun: error: frontier01646: task 2896: Terminated
srun: error: frontier04306: task 7505: Terminated
srun: error: frontier02532: task 4403: Terminated
srun: error: frontier06057: task 10445: Terminated
srun: error: frontier08763: task 15050: Terminated
srun: error: frontier08668: task 14887: Terminated
srun: error: frontier02870: task 5038: Terminated
srun: error: frontier04690: task 8143: Terminated
srun: error: frontier07438: task 12747: Terminated
srun: error: frontier00803: task 1394: Terminated
srun: error: frontier06557: task 11241: Terminated
srun: error: frontier04786: task 8308: Terminated
srun: error: frontier07887: task 13545: Terminated
srun: error: frontier02137: task 3702: Terminated
srun: error: frontier09252: task 15852: Terminated
srun: error: frontier05164: task 8941: Terminated
srun: error: frontier03422: task 6006: Terminated
srun: error: frontier03893: task 6803: Terminated
srun: error: frontier01256: task 2199: Terminated
srun: error: frontier00919: task 1564: Terminated
srun: error: frontier05655: task 9738: Terminated
srun: error: frontier05280: task 9111: Terminated
srun: error: frontier00036: task 63: Terminated
srun: error: frontier01359: task 2363: Terminated
srun: error: frontier00307: task 598: Terminated
srun: error: frontier01740: task 2999: Terminated
srun: error: frontier05722: task 9906: Terminated
srun: error: frontier06996: task 12046: Terminated
srun: error: frontier02574: task 4498: Terminated
srun: error: frontier08352: task 14346: Terminated
srun: error: frontier07095: task 12215: Terminated
srun: error: frontier07470: task 12844: Terminated
srun: error: frontier01815: task 3164: Terminated
srun: error: frontier04372: task 7604: Terminated
srun: error: frontier00452: task 863: Terminated
srun: error: frontier03029: task 5301: Terminated
srun: error: frontier07578: task 13014: Terminated
srun: error: frontier04832: task 8405: Terminated
srun: error: frontier03472: task 6102: Terminated
srun: error: frontier09287: task 15945: Terminated
srun: error: frontier03597: task 6269: Terminated
srun: error: frontier02158: task 3796: Terminated
srun: error: frontier02270: task 3967: Terminated
srun: error: frontier00952: task 1663: Terminated
srun: error: frontier09399: task 16119: Terminated
srun: error: frontier06701: task 11506: Terminated
srun: error: frontier06204: task 10709: Terminated
srun: error: frontier03969: task 6900: Terminated
srun: error: frontier08081: task 13810: Terminated
srun: error: frontier07961: task 13646: Terminated
srun: error: frontier01415: task 2460: Terminated
srun: error: frontier00071: task 158: Terminated
srun: error: frontier04436: task 7701: Terminated
srun: error: frontier07175: task 12308: Terminated
srun: error: frontier05310: task 9202: Terminated
srun: error: frontier08521: task 14614: Terminated
srun: error: frontier02710: task 4767: Terminated
srun: error: frontier05904: task 10171: Terminated
srun: error: frontier01883: task 3262: Terminated
srun: error: frontier00170: task 323: Terminated
srun: error: frontier04521: task 7866: Terminated
srun: error: frontier00548: task 954: Terminated
srun: error: frontier05791: task 10002: Terminated
srun: error: frontier04059: task 7068: Terminated
srun: error: frontier03164: task 5561: Terminated
srun: error: frontier00666: task 1123: Terminated
srun: error: frontier06359: task 10972: Terminated
srun: error: frontier03646: task 6365: Terminated
srun: error: frontier06291: task 10807: Terminated
srun: error: frontier09000: task 15415: Terminated
srun: error: frontier02322: task 4058: Terminated
srun: error: frontier05017: task 8669: Terminated
srun: error: frontier08110: task 13905: Terminated
srun: error: frontier07601: task 13108: Terminated
srun: error: frontier10132: task 16211: Terminated
srun: error: frontier02415: task 4231: Terminated
srun: error: frontier01078: task 1922: Terminated
srun: error: frontier00964: task 1757: Terminated
srun: error: frontier06736: task 11606: Terminated
srun: error: frontier05461: task 9466: Terminated
srun: error: frontier02776: task 4859: Terminated
srun: error: frontier04116: task 7164: Terminated
srun: error: frontier00195: task 422: Terminated
srun: error: frontier07322: task 12572: Terminated
srun: error: frontier05938: task 10268: Terminated
srun: error: frontier01554: task 2723: Terminated
srun: error: frontier07220: task 12405: Terminated
srun: error: frontier04569: task 7962: Terminated
srun: error: frontier03222: task 5662: Terminated
srun: error: frontier02862: task 5028: Terminated
srun: error: frontier08659: task 14878: Terminated
srun: error: frontier00687: task 1223: Terminated
srun: error: frontier03338: task 5830: Terminated
srun: error: frontier02021: task 3523: Terminated
srun: error: frontier05059: task 8765: Terminated
srun: error: frontier09033: task 15510: Terminated
srun: error: frontier07760: task 13374: Terminated
srun: error: frontier03678: task 6459: Terminated
srun: error: frontier10155: task 16306: Terminated
srun: error: frontier02460: task 4327: Terminated
srun: error: frontier06917: task 11869: Terminated
srun: error: frontier08249: task 14171: Terminated
srun: error: frontier06432: task 11068: Terminated
srun: error: frontier05545: task 9567: Terminated
srun: error: frontier05158: task 8935: Terminated
srun: error: frontier09144: task 15679: Terminated
srun: error: frontier05652: task 9733: Terminated
srun: error: frontier02910: task 5121: Terminated
srun: error: frontier01614: task 2816: Terminated
srun: error: frontier03792: task 6626: Terminated
srun: error: frontier01154: task 2018: Terminated
srun: error: frontier08739: task 14975: Terminated
srun: error: frontier07362: task 12669: Terminated
srun: error: frontier00288: task 518: Terminated
srun: error: frontier01713: task 2991: Terminated
srun: error: frontier06024: task 10363: Terminated
srun: error: frontier03380: task 5924: Terminated
srun: error: frontier02072: task 3619: Terminated
srun: error: frontier06096: task 10534: Terminated
srun: error: frontier04263: task 7427: Terminated
srun: error: frontier00822: task 1484: Terminated
srun: error: frontier02157: task 3789: Terminated
srun: error: frontier04752: task 8228: Terminated
srun: error: frontier06486: task 11167: Terminated
srun: error: frontier00409: task 684: Terminated
srun: error: frontier06601: task 11331: Terminated
srun: error: frontier09228: task 15773: Terminated
srun: error: frontier05204: task 9025: Terminated
srun: error: frontier03861: task 6727: Terminated
srun: error: frontier01300: task 2287: Terminated
srun: error: frontier08386: task 14436: Terminated
srun: error: frontier08335: task 14271: Terminated
srun: error: frontier07070: task 12130: Terminated
srun: error: frontier07959: task 13634: Terminated
srun: error: frontier02534: task 4421: Terminated
srun: error: frontier02979: task 5223: Terminated
srun: error: frontier08776: task 15071: Terminated
srun: error: frontier04312: task 7525: Terminated
srun: error: frontier02613: task 4591: Terminated
srun: error: frontier01763: task 3082: Terminated
srun: error: frontier00432: task 783: Terminated
srun: error: frontier05697: task 9826: Terminated
srun: error: frontier08896: task 15232: Terminated
srun: error: frontier04796: task 8327: Terminated
srun: error: frontier03513: task 6186: Terminated
srun: error: frontier04435: task 7688: Terminated
srun: error: frontier02199: task 3887: Terminated
srun: error: frontier03081: task 5387: Terminated
srun: error: frontier06179: task 10626: Terminated
srun: error: frontier07979: task 13729: Terminated
srun: error: frontier05284: task 9125: Terminated
srun: error: frontier00963: task 1746: Terminated
srun: error: frontier04909: task 8490: Terminated
srun: error: frontier05394: task 9293: Terminated
srun: error: frontier04007: task 6990: Terminated
srun: error: frontier01369: task 2377: Terminated
srun: error: frontier06735: task 11596: Terminated
srun: error: frontier07119: task 12228: Terminated
srun: error: frontier00923: task 1583: Terminated
srun: error: frontier06629: task 11428: Terminated
srun: error: frontier01482: task 2549: Terminated
srun: error: frontier00153: task 247: Terminated
srun: error: frontier05843: task 10093: Terminated
srun: error: frontier02662: task 4683: Terminated
srun: error: frontier01817: task 3177: Terminated
srun: error: frontier04494: task 7788: Terminated
srun: error: frontier07217: task 12395: Terminated
srun: error: frontier03221: task 5655: Terminated
srun: error: frontier08984: task 15330: Terminated
srun: error: frontier07580: task 13027: Terminated
srun: error: frontier06322: task 10892: Terminated
srun: error: frontier04957: task 8588: Terminated
srun: error: frontier07695: task 13199: Terminated
srun: error: frontier03600: task 6282: Terminated
srun: error: frontier03128: task 5487: Terminated
srun: error: frontier00570: task 1044: Terminated
srun: error: frontier01903: task 3345: Terminated
srun: error: frontier02399: task 4148: Terminated
srun: error: frontier01056: task 1844: Terminated
srun: error: frontier08089: task 13830: Terminated
srun: error: frontier03676: task 6452: Terminated
srun: error: frontier10153: task 16303: Terminated
srun: error: frontier05431: task 9386: Terminated
srun: error: frontier09401: task 16134: Terminated
srun: error: frontier01508: tasks 2641-2645,2647: Terminated
srun: error: frontier06805: task 11693: Terminated
srun: error: frontier04064: task 7085: Terminated
srun: error: frontier02832: task 4951: Terminated
srun: error: frontier08141: task 13995: Terminated
srun: error: frontier05910: task 10185: Terminated
srun: error: frontier00172: task 343: Terminated
srun: error: frontier04525: task 7887: Terminated
srun: error: frontier07264: task 12494: Terminated
srun: error: frontier04173: task 7255: Terminated
srun: error: frontier06018: task 10353: Terminated
srun: error: frontier03288: task 5750: Terminated
srun: error: frontier00287: task 506: Terminated
srun: error: frontier04632: task 8050: Terminated
srun: error: frontier01952: task 3444: Terminated
srun: error: frontier08625: task 14797: Terminated
srun: error: frontier07725: task 13292: Terminated
srun: error: frontier00708: task 1309: Terminated
srun: error: frontier06364: task 10989: Terminated
srun: error: frontier09103: task 15593: Terminated
srun: error: frontier01081: task 1936: Terminated
srun: error: frontier00669: task 1139: Terminated
srun: error: frontier05127: task 8852: Terminated
srun: error: frontier08220: task 14093: Terminated
srun: error: frontier01185: task 2106: Terminated
srun: error: frontier06482: task 11154: Terminated
srun: error: frontier05586: task 9650: Terminated
srun: error: frontier03734: task 6551: Terminated
srun: error: frontier06958: task 11958: Terminated
srun: error: frontier04231: task 7347: Terminated
srun: error: frontier08714: task 14890: Terminated
srun: error: frontier02971: task 5214: Terminated
srun: error: frontier08333: task 14259: Terminated
srun: error: frontier01668: task 2908: Terminated
srun: error: frontier02533: task 4414: Terminated
srun: error: frontier00309: task 604: Terminated
srun: error: frontier02874: task 5044: Terminated
srun: error: frontier06060: task 10450: Terminated
srun: error: frontier04691: task 8150: Terminated
srun: error: frontier03423: task 6014: Terminated
srun: error: frontier00805: task 1406: Terminated
srun: error: frontier08769: task 15061: Terminated
srun: error: frontier03341: task 5847: Terminated
srun: error: frontier09168: task 15694: Terminated
srun: error: frontier07445: task 12758: Terminated
srun: error: frontier03799: task 6647: Terminated
srun: error: frontier02418: task 4244: Terminated
srun: error: frontier02575: task 4508: Terminated
srun: error: frontier05165: task 8950: Terminated
srun: error: frontier05283: task 9119: Terminated
srun: error: frontier01258: task 2203: Terminated
srun: error: frontier08357: task 14359: Terminated
srun: error: frontier07890: task 13554: Terminated
srun: error: frontier06564: task 11252: Terminated
srun: error: frontier05667: task 9747: Terminated
srun: error: frontier04373: task 7615: Terminated
srun: error: frontier03896: task 6811: Terminated
srun: error: frontier05723: task 9916: Terminated
srun: error: frontier03031: task 5307: Terminated
srun: error: frontier00414: task 700: Terminated
srun: error: frontier00041: task 68: Terminated
srun: error: frontier07000: task 12055: Terminated
srun: error: frontier06100: task 10550: Terminated
srun: error: frontier01816: task 3175: Terminated
srun: error: frontier08871: task 15157: Terminated
srun: error: frontier07579: task 13017: Terminated
srun: error: frontier03473: task 6106: Terminated
srun: error: frontier02178: task 3804: Terminated
srun: error: frontier09296: task 15954: Terminated
srun: error: frontier00453: task 871: Terminated
srun: error: frontier07474: task 12852: Terminated
srun: error: frontier04871: task 8411: Terminated
srun: error: frontier02271: task 3975: Terminated
srun: error: frontier06205: task 10718: Terminated
srun: error: frontier00953: task 1669: Terminated
srun: error: frontier07962: task 13650: Terminated
srun: error: frontier03980: task 6907: Terminated
srun: error: frontier08088: task 13820: Terminated
srun: error: frontier01416: task 2471: Terminated
srun: error: frontier00073: task 164: Terminated
srun: error: frontier04063: task 7076: Terminated
srun: error: frontier06702: task 11516: Terminated
srun: error: frontier04437: task 7709: Terminated
srun: error: frontier05792: task 10010: Terminated
srun: error: frontier07182: task 12316: Terminated
srun: error: frontier08900: task 15249: Terminated
srun: error: frontier08428: task 14452: Terminated
srun: error: frontier03167: task 5569: Terminated
srun: error: frontier01884: task 3266: Terminated
srun: error: frontier04523: task 7878: Terminated
srun: error: frontier09001: task 15423: Terminated
srun: error: frontier07602: task 13114: Terminated
srun: error: frontier08523: task 14619: Terminated
srun: error: frontier00668: task 1130: Terminated
srun: error: frontier00553: task 965: Terminated
srun: error: frontier03656: task 6375: Terminated
srun: error: frontier04913: task 8508: Terminated
srun: error: frontier10136: task 16217: Terminated
srun: error: frontier02323: task 4065: Terminated
srun: error: frontier01080: task 1935: Terminated
srun: error: frontier00967: task 1760: Terminated
srun: error: frontier05404: task 9310: Terminated
srun: error: frontier05462: task 9475: Terminated
srun: error: frontier04118: task 7173: Terminated
srun: error: frontier05018: task 8674: Terminated
srun: error: frontier06739: task 11615: Terminated
srun: error: frontier08111: task 13915: Terminated
srun: error: frontier00200: task 426: Terminated
srun: error: frontier01490: task 2566: Terminated
srun: error: frontier06837: task 11779: Terminated
srun: error: frontier07323: task 12583: Terminated
srun: error: frontier05939: task 10275: Terminated
srun: error: frontier08606: task 14718: Terminated
srun: error: frontier04570: task 7974: Terminated
srun: error: frontier02777: task 4866: Terminated
srun: error: frontier01932: task 3365: Terminated
srun: error: frontier07229: task 12415: Terminated
srun: error: frontier02022: task 3530: Terminated
srun: error: frontier01558: task 2734: Terminated
srun: error: frontier03339: task 5836: Terminated
srun: error: frontier00688: task 1229: Terminated
srun: error: frontier03225: task 5669: Terminated
srun: error: frontier07813: task 13379: Terminated
srun: error: frontier03715: task 6469: Terminated
srun: error: frontier09051: task 15514: Terminated
srun: error: frontier05060: task 8772: Terminated
srun: error: frontier10158: task 16317: Terminated
srun: error: frontier07701: task 13213: Terminated
srun: error: frontier01155: task 2030: Terminated
srun: error: frontier03794: task 6635: Terminated
srun: error: frontier05547: task 9570: Terminated
srun: error: frontier08250: task 14181: Terminated
srun: error: frontier09145: task 15685: Terminated
srun: error: frontier04175: task 7266: Terminated
srun: error: frontier06919: task 11875: Terminated
srun: error: frontier02461: task 4335: Terminated
srun: error: frontier01615: task 2830: Terminated
srun: error: frontier04267: task 7438: Terminated
srun: error: frontier00291: task 522: Terminated
srun: error: frontier06026: task 10371: Terminated
srun: error: frontier04636: task 8067: Terminated
srun: error: frontier02912: task 5130: Terminated
srun: error: frontier00413: task 688: Terminated
srun: error: frontier06098: task 10541: Terminated
srun: error: frontier02073: task 3626: Terminated
srun: error: frontier07854: task 13478: Terminated
srun: error: frontier06491: task 11173: Terminated
srun: error: frontier00710: task 1323: Terminated
srun: error: frontier09233: task 15782: Terminated
srun: error: frontier04755: task 8236: Terminated
srun: error: frontier03381: task 5930: Terminated
srun: error: frontier00824: task 1492: Terminated
srun: error: frontier05205: task 9034: Terminated
srun: error: frontier02535: task 4426: Terminated
srun: error: frontier01187: task 2120: Terminated
srun: error: frontier03863: task 6733: Terminated
srun: error: frontier08337: task 14277: Terminated
srun: error: frontier02623: task 4599: Terminated
srun: error: frontier07072: task 12142: Terminated
srun: error: frontier01306: task 2294: Terminated
srun: error: frontier08398: task 14444: Terminated
srun: error: frontier06962: task 11975: Terminated
srun: error: frontier06602: task 11339: Terminated
srun: error: frontier08746: task 14980: Terminated
srun: error: frontier04313: task 7535: Terminated
srun: error: frontier02981: task 5228: Terminated
srun: error: frontier05698: task 9834: Terminated
srun: error: frontier03084: task 5399: Terminated
srun: error: frontier08897: task 15245: Terminated
srun: error: frontier00433: task 789: Terminated
srun: error: frontier06181: task 10637: Terminated
srun: error: frontier08779: task 15078: Terminated
srun: error: frontier04797: task 8331: Terminated
srun: error: frontier04910: task 8500: Terminated
srun: error: frontier03515: task 6196: Terminated
srun: error: frontier09268: task 15877: Terminated
srun: error: frontier02200: task 3895: Terminated
srun: error: frontier03426: task 6031: Terminated
srun: error: frontier07508: task 12943: Terminated
srun: error: frontier07980: task 13741: Terminated
srun: error: frontier06662: task 11438: Terminated
srun: error: frontier05288: task 9130: Terminated
srun: error: frontier05403: task 9302: Terminated
srun: error: frontier04016: task 6998: Terminated
srun: error: frontier09378: task 16043: Terminated
srun: error: frontier00046: task 85: Terminated
srun: error: frontier00924: task 1589: Terminated
srun: error: frontier02664: task 4691: Terminated
srun: error: frontier01373: task 2391: Terminated
srun: error: frontier08488: task 14539: Terminated
srun: error: frontier01765: task 3090: Terminated
srun: error: frontier03129: task 5493: Terminated
srun: error: frontier05844: task 10100: Terminated
srun: error: frontier07127: task 12234: Terminated
srun: error: frontier01818: task 3187: Terminated
srun: error: frontier05767: task 9929: Terminated
srun: error: frontier01484: task 2558: Terminated
srun: error: frontier00156: task 251: Terminated
srun: error: frontier01929: task 3352: Terminated
srun: error: frontier00571: task 1049: Terminated
srun: error: frontier04500: task 7795: Terminated
srun: error: frontier07699: task 13204: Terminated
srun: error: frontier06223: task 10733: Terminated
srun: error: frontier08988: task 15343: Terminated
srun: error: frontier09402: task 16139: Terminated
srun: error: frontier02279: task 3991: Terminated
srun: error: frontier07584: task 13039: Terminated
srun: error: frontier01057: task 1854: Terminated
srun: error: frontier03601: task 6294: Terminated
srun: error: frontier05434: task 9398: Terminated
srun: error: frontier04964: task 8595: Terminated
srun: error: frontier04065: task 7095: Terminated
srun: error: frontier06328: task 10901: Terminated
srun: error: frontier02400: task 4156: Terminated
srun: error: frontier02717: task 4791: Terminated
srun: error: frontier08090: task 13838: Terminated
srun: error: frontier06809: task 11703: Terminated
srun: error: frontier04174: task 7259: Terminated
srun: error: frontier08532: task 14636: Terminated
srun: error: frontier00173: task 346: Terminated
srun: error: frontier05917: task 10198: Terminated
srun: error: frontier02833: task 4958: Terminated
srun: error: frontier08145: task 14006: Terminated
srun: error: frontier00672: task 1147: Terminated
srun: error: frontier04531: task 7893: Terminated
srun: error: frontier06365: task 10994: Terminated
srun: error: frontier03289: task 5756: Terminated
srun: error: frontier09115: task 15603: Terminated
srun: error: frontier07728: task 13300: Terminated
srun: error: frontier07265: task 12499: Terminated
srun: error: frontier05020: task 8693: Terminated
srun: error: frontier01994: task 3449: Terminated
srun: error: frontier08627: task 14802: Terminated
srun: error: frontier00709: task 1318: Terminated
srun: error: frontier04633: task 8058: Terminated
srun: error: frontier03736: task 6553: Terminated
srun: error: frontier01082: task 1950: Terminated
srun: error: frontier06839: task 11796: Terminated
srun: error: frontier01186: task 2115: Terminated
srun: error: frontier08221: task 14098: Terminated
srun: error: frontier05130: task 8862: Terminated
srun: error: frontier02435: task 4253: Terminated
srun: error: frontier05595: task 9660: Terminated
srun: error: frontier04233: task 7357: Terminated
srun: error: frontier02878: task 5050: Terminated
srun: error: frontier07328: task 12595: Terminated
srun: error: frontier01562: task 2749: Terminated
srun: error: frontier01679: task 2915: Terminated
srun: error: frontier00312: task 612: Terminated
srun: error: frontier07446: task 12763: Terminated
srun: error: frontier06062: task 10461: Terminated
srun: error: frontier06959: task 11963: Terminated
srun: error: frontier03342: task 5849: Terminated
srun: error: frontier08715: task 14903: Terminated
srun: error: frontier00806: task 1413: Terminated
srun: error: frontier07817: task 13396: Terminated
srun: error: frontier04692: task 8158: Terminated
srun: error: frontier09267: task 15871: Terminated
srun: error: frontier03425: task 6022: Terminated
srun: error: frontier07891: task 13562: Terminated
srun: error: frontier06568: task 11258: Terminated
srun: error: frontier09170: task 15700: Terminated
srun: error: frontier03801: task 6648: Terminated
srun: error: frontier05166: task 8958: Terminated
srun: error: frontier01259: task 2208: Terminated
srun: error: frontier08358: task 14363: Terminated
srun: error: frontier02576: task 4517: Terminated
srun: error: frontier03917: task 6822: Terminated
srun: error: frontier05763: task 9927: Terminated
srun: error: frontier05668: task 9754: Terminated
srun: error: frontier00417: task 709: Terminated
srun: error: frontier00042: task 72: Terminated
srun: error: frontier04377: task 7620: Terminated
srun: error: frontier01753: task 3008: Terminated
srun: error: frontier06101: task 10558: Terminated
srun: error: frontier00454: task 876: Terminated
srun: error: frontier08881: task 15166: Terminated
srun: error: frontier04269: task 7451: Terminated
srun: error: frontier03033: task 5317: Terminated
srun: error: frontier03474: task 6115: Terminated
srun: error: frontier07964: task 13661: Terminated
srun: error: frontier09297: task 15965: Terminated
srun: error: frontier06607: task 11357: Terminated
srun: error: frontier04892: task 8417: Terminated
srun: error: frontier02278: task 3980: Terminated
srun: error: frontier00826: task 1509: Terminated
srun: error: frontier03981: task 6918: Terminated
srun: error: frontier06222: task 10725: Terminated
srun: error: frontier02182: task 3815: Terminated
srun: error: frontier05312: task 9219: Terminated
srun: error: frontier06703: task 11522: Terminated
srun: error: frontier00954: task 1677: Terminated
srun: error: frontier01429: task 2478: Terminated
srun: error: frontier00074: task 173: Terminated
srun: error: frontier02625: task 4613: Terminated
srun: error: frontier05793: task 10020: Terminated
srun: error: frontier07076: task 12157: Terminated
srun: error: frontier08531: task 14630: Terminated
srun: error: frontier03087: task 5410: Terminated
srun: error: frontier08458: task 14460: Terminated
srun: error: frontier02712: task 4783: Terminated
srun: error: frontier07191: task 12323: Terminated
srun: error: frontier04438: task 7713: Terminated
srun: error: frontier01887: task 3277: Terminated
srun: error: frontier03168: task 5583: Terminated
srun: error: frontier08901: task 15260: Terminated
srun: error: frontier03540: task 6212: Terminated
srun: error: frontier00554: task 971: Terminated
srun: error: frontier09002: task 15430: Terminated
srun: error: frontier00968: task 1771: Terminated
srun: error: frontier04915: task 8518: Terminated
srun: error: frontier06740: task 11620: Terminated
srun: error: frontier03658: task 6382: Terminated
srun: error: frontier09383: task 16062: Terminated
srun: error: frontier04120: task 7178: Terminated
srun: error: frontier02328: task 4076: Terminated
srun: error: frontier05405: task 9316: Terminated
srun: error: frontier08112: task 13923: Terminated
srun: error: frontier00201: task 438: Terminated
srun: error: frontier01561: task 2740: Terminated
srun: error: frontier00159: task 264: Terminated
srun: error: frontier05965: task 10283: Terminated
srun: error: frontier02779: task 4878: Terminated
srun: error: frontier01492: task 2571: Terminated
srun: error: frontier05846: task 10118: Terminated
srun: error: frontier00689: task 1234: Terminated
srun: error: frontier07230: task 12418: Terminated
srun: error: frontier02023: task 3538: Terminated
srun: error: frontier07326: task 12587: Terminated
srun: error: frontier09052: task 15527: Terminated
srun: error: frontier07816: task 13388: Terminated
srun: error: frontier03716: task 6477: Terminated
srun: error: frontier05074: task 8778: Terminated
srun: error: frontier01933: task 3371: Terminated
srun: error: frontier07703: task 13222: Terminated
srun: error: frontier02402: task 4171: Terminated
srun: error: frontier08253: task 14187: Terminated
srun: error: frontier06437: task 11084: Terminated
srun: error: frontier06923: task 11884: Terminated
srun: error: frontier08167: task 14021: Terminated
srun: error: frontier02462: task 4340: Terminated
srun: error: frontier10161: task 16322: Terminated
srun: error: frontier01625: task 2838: Terminated
srun: error: frontier05549: task 9576: Terminated
srun: error: frontier01166: task 2032: Terminated
srun: error: frontier00295: task 531: Terminated
srun: error: frontier08749: task 14986: Terminated
srun: error: frontier04646: task 8077: Terminated
srun: error: frontier07366: task 12682: Terminated
srun: error: frontier02837: task 4975: Terminated
srun: error: frontier02914: task 5140: Terminated
srun: error: frontier08630: task 14819: Terminated
srun: error: frontier02074: task 3639: Terminated
srun: error: frontier04268: task 7446: Terminated
srun: error: frontier00712: task 1335: Terminated
srun: error: frontier03394: task 5942: Terminated
srun: error: frontier06492: task 11183: Terminated
srun: error: frontier00825: task 1496: Terminated
srun: error: frontier01188: task 2130: Terminated
srun: error: frontier05209: task 9043: Terminated
srun: error: frontier04757: task 8243: Terminated
srun: error: frontier09236: task 15788: Terminated
srun: error: frontier05147: task 8876: Terminated
srun: error: frontier06603: task 11345: Terminated
srun: error: frontier07857: task 13484: Terminated
srun: error: frontier06966: task 11983: Terminated
srun: error: frontier03864: task 6743: Terminated
srun: error: frontier02536: task 4438: Terminated
srun: error: frontier07075: task 12147: Terminated
srun: error: frontier01685: task 2928: Terminated
srun: error: frontier08340: task 14283: Terminated
srun: error: frontier07451: task 12779: Terminated
srun: error: frontier01767: task 3103: Terminated
srun: error: frontier01310: task 2301: Terminated
srun: error: frontier02991: task 5239: Terminated
srun: error: frontier00435: task 799: Terminated
srun: error: frontier03085: task 5403: Terminated
srun: error: frontier06184: task 10644: Terminated
srun: error: frontier05705: task 9846: Terminated
srun: error: frontier03459: task 6034: Terminated
srun: error: frontier04314: task 7543: Terminated
srun: error: frontier04803: task 8341: Terminated
srun: error: frontier02201: task 3902: Terminated
srun: error: frontier07561: task 12951: Terminated
srun: error: frontier00925: task 1594: Terminated
srun: error: frontier03524: task 6206: Terminated
srun: error: frontier09270: task 15881: Terminated
srun: error: frontier06667: task 11442: Terminated
srun: error: frontier03924: task 6835: Terminated
srun: error: frontier07982: task 13747: Terminated
srun: error: frontier05290: task 9138: Terminated
srun: error: frontier04021: task 7004: Terminated
srun: error: frontier09382: task 16054: Terminated
srun: error: frontier00049: task 89: Terminated
srun: error: frontier02690: task 4702: Terminated
srun: error: frontier07128: task 12243: Terminated
srun: error: frontier04379: task 7638: Terminated
srun: error: frontier01826: task 3199: Terminated
srun: error: frontier04501: task 7804: Terminated
srun: error: frontier05845: task 10106: Terminated
srun: error: frontier00524: task 892: Terminated
srun: error: frontier08489: task 14551: Terminated
srun: error: frontier07585: task 13043: Terminated
srun: error: frontier00572: task 1062: Terminated
srun: error: frontier05773: task 9943: Terminated
srun: error: frontier03139: task 5498: Terminated
srun: error: frontier03602: task 6301: Terminated
srun: error: frontier08991: task 15350: Terminated
srun: error: frontier02281: task 3998: Terminated
srun: error: frontier07894: task 13581: Terminated
srun: error: frontier00956: task 1688: Terminated
srun: error: frontier06333: task 10910: Terminated
srun: error: frontier09405: task 16148: Terminated
srun: error: frontier06227: task 10736: Terminated
srun: error: frontier01059: task 1858: Terminated
srun: error: frontier04067: task 7098: Terminated
srun: error: frontier08091: task 13841: Terminated
srun: error: frontier06812: task 11711: Terminated
srun: error: frontier08533: task 14642: Terminated
srun: error: frontier06711: task 11542: Terminated
srun: error: frontier01510: task 2660: Terminated
srun: error: frontier05436: task 9405: Terminated
srun: error: frontier00175: task 355: Terminated
srun: error: frontier05920: task 10206: Terminated
srun: error: frontier08146: task 14012: Terminated
srun: error: frontier02726: task 4794: Terminated
srun: error: frontier03211: task 5595: Terminated
srun: error: frontier04554: task 7900: Terminated
srun: error: frontier09007: task 15444: Terminated
srun: error: frontier00675: task 1152: Terminated
srun: error: frontier02010: task 3460: Terminated
srun: error: frontier08629: task 14809: Terminated
srun: error: frontier02834: task 4965: Terminated
srun: error: frontier03292: task 5767: Terminated
srun: error: frontier07269: task 12509: Terminated
srun: error: frontier09118: task 15611: Terminated
srun: error: frontier06404: task 11002: Terminated
srun: error: frontier01084: task 1958: Terminated
srun: error: frontier03757: task 6567: Terminated
srun: error: frontier05026: task 8702: Terminated
srun: error: frontier06840: task 11806: Terminated
srun: error: frontier05517: task 9502: Terminated
srun: error: frontier08230: task 14108: Terminated
srun: error: frontier02436: task 4261: Terminated
srun: error: frontier05146: task 8870: Terminated
srun: error: frontier01563: task 2755: Terminated
srun: error: frontier10146: task 16243: Terminated
srun: error: frontier04242: task 7367: Terminated
srun: error: frontier00272: task 450: Terminated
srun: error: frontier05970: task 10300: Terminated
srun: error: frontier05596: task 9666: Terminated
srun: error: frontier01680: task 2924: Terminated
srun: error: frontier08716: task 14910: Terminated
srun: error: frontier00314: task 623: Terminated
srun: error: frontier07330: task 12602: Terminated
srun: error: frontier06063: task 10469: Terminated
srun: error: frontier02879: task 5063: Terminated
srun: error: frontier02029: task 3557: Terminated
srun: error: frontier07829: task 13403: Terminated
srun: error: frontier00807: task 1423: Terminated
srun: error: frontier04693: task 8162: Terminated
srun: error: frontier07450: task 12769: Terminated
srun: error: frontier02142: task 3724: Terminated
srun: error: frontier09171: task 15705: Terminated
srun: error: frontier02518: task 4357: Terminated
srun: error: frontier06569: task 11271: Terminated
srun: error: frontier05167: task 8966: Terminated
srun: error: frontier08256: task 14206: Terminated
srun: error: frontier01260: task 2219: Terminated
srun: error: frontier07892: task 13571: Terminated
srun: error: frontier07003: task 12066: Terminated
srun: error: frontier05669: task 9766: Terminated
srun: error: frontier03803: task 6660: Terminated
srun: error: frontier08364: task 14373: Terminated
srun: error: frontier02577: task 4522: Terminated
srun: error: frontier08752: task 15002: Terminated
srun: error: frontier04378: task 7628: Terminated
srun: error: frontier04274: task 7459: Terminated
srun: error: frontier01754: task 3020: Terminated
srun: error: frontier00418: task 715: Terminated
srun: error: frontier03035: task 5327: Terminated
srun: error: frontier03922: task 6829: Terminated
srun: error: frontier06108: task 10564: Terminated
srun: error: frontier03475: task 6126: Terminated
srun: error: frontier00455: task 880: Terminated
srun: error: frontier00827: task 1514: Terminated
srun: error: frontier08882: task 15174: Terminated
srun: error: frontier07477: task 12869: Terminated
srun: error: frontier02183: task 3821: Terminated
srun: error: frontier06619: task 11361: Terminated
srun: error: frontier04760: task 8258: Terminated
srun: error: frontier05315: task 9224: Terminated
srun: error: frontier00955: task 1687: Terminated
srun: error: frontier04893: task 8429: Terminated
srun: error: frontier06704: task 11532: Terminated
srun: error: frontier08460: task 14466: Terminated
srun: error: frontier05255: task 9058: Terminated
srun: error: frontier01312: task 2319: Terminated
srun: error: frontier01431: task 2487: Terminated
srun: error: frontier07082: task 12166: Terminated
srun: error: frontier03982: task 6924: Terminated
srun: error: frontier01769: task 3116: Terminated
srun: error: frontier03090: task 5423: Terminated
srun: error: frontier00076: task 182: Terminated
srun: error: frontier02628: task 4616: Terminated
srun: error: frontier05798: task 10029: Terminated
srun: error: frontier09003: task 15432: Terminated
srun: error: frontier04917: task 8526: Terminated
srun: error: frontier08903: task 15270: Terminated
srun: error: frontier07193: task 12333: Terminated
srun: error: frontier00557: task 982: Terminated
srun: error: frontier03170: task 5589: Terminated
srun: error: frontier03659: task 6387: Terminated
srun: error: frontier02329: task 4086: Terminated
srun: error: frontier06302: task 10826: Terminated
srun: error: frontier07569: task 12960: Terminated
srun: error: frontier00970: task 1782: Terminated
srun: error: frontier03541: task 6220: Terminated
srun: error: frontier05406: task 9322: Terminated
srun: error: frontier07615: task 13130: Terminated
srun: error: frontier04028: task 7020: Terminated
srun: error: frontier06741: task 11631: Terminated
srun: error: frontier10142: task 16234: Terminated
srun: error: frontier01493: task 2580: Terminated
srun: error: frontier05511: task 9495: Terminated
srun: error: frontier05847: task 10127: Terminated
srun: error: frontier08113: task 13933: Terminated
srun: error: frontier02780: task 4884: Terminated
srun: error: frontier07231: task 12428: Terminated
srun: error: frontier04124: task 7188: Terminated
srun: error: frontier05966: task 10293: Terminated
srun: error: frontier00267: task 443: Terminated
srun: error: frontier03234: task 5682: Terminated
srun: error: frontier08609: task 14735: Terminated
srun: error: frontier00574: task 1079: Terminated
srun: error: frontier04611: task 7988: Terminated
srun: error: frontier09386: task 16066: Terminated
srun: error: frontier00691: task 1242: Terminated
srun: error: frontier06440: task 11091: Terminated
srun: error: frontier07704: task 13227: Terminated
srun: error: frontier01934: task 3382: Terminated
srun: error: frontier05075: task 8791: Terminated
srun: error: frontier01063: task 1878: Terminated
srun: error: frontier02403: task 4183: Terminated
srun: error: frontier09057: task 15531: Terminated
srun: error: frontier06335: task 10927: Terminated
srun: error: frontier02477: task 4346: Terminated
srun: error: frontier03717: task 6487: Terminated
srun: error: frontier06817: task 11725: Terminated
srun: error: frontier10162: task 16330: Terminated
srun: error: frontier01170: task 2045: Terminated
srun: error: frontier05550: task 9590: Terminated
srun: error: frontier06926: task 11893: Terminated
srun: error: frontier08202: task 14027: Terminated
srun: error: frontier01630: task 2845: Terminated
srun: error: frontier04177: task 7286: Terminated
srun: error: frontier00296: task 538: Terminated
srun: error: frontier06033: task 10384: Terminated
srun: error: frontier08255: task 14195: Terminated
srun: error: frontier08750: task 14996: Terminated
srun: error: frontier08635: task 14825: Terminated
srun: error: frontier03296: task 5780: Terminated
srun: error: frontier02838: task 4982: Terminated
srun: error: frontier02956: task 5147: Terminated
srun: error: frontier04648: task 8084: Terminated
srun: error: frontier07873: task 13495: Terminated
srun: error: frontier06496: task 11191: Terminated
srun: error: frontier05148: task 8884: Terminated
srun: error: frontier07372: task 12692: Terminated
srun: error: frontier03397: task 5951: Terminated
srun: error: frontier04759: task 8249: Terminated
srun: error: frontier09120: task 15629: Terminated
srun: error: frontier09238: task 15795: Terminated
srun: error: frontier05210: task 9055: Terminated
srun: error: frontier01189: task 2138: Terminated
srun: error: frontier00776: task 1341: Terminated
srun: error: frontier06968: task 11988: Terminated
srun: error: frontier05598: task 9686: Terminated
srun: error: frontier00005: task 2: Terminated
srun: error: frontier01311: task 2305: Terminated
srun: error: frontier02999: task 5246: Terminated
srun: error: frontier04353: task 7547: Terminated
srun: error: frontier01686: task 2938: Terminated
srun: error: frontier03865: task 6750: Terminated
srun: error: frontier05713: task 9850: Terminated
srun: error: frontier08344: task 14295: Terminated
srun: error: frontier02075: task 3646: Terminated
srun: error: frontier08785: task 15092: Terminated
srun: error: frontier01768: task 3106: Terminated
srun: error: frontier06187: task 10654: Terminated
srun: error: frontier04804: task 8349: Terminated
srun: error: frontier07564: task 12958: Terminated
srun: error: frontier06066: task 10482: Terminated
srun: error: frontier07897: task 13587: Terminated
srun: error: frontier07452: task 12789: Terminated
srun: error: frontier03460: task 6047: Terminated
srun: error: frontier00930: task 1602: Terminated
srun: error: frontier00436: task 804: Terminated
srun: error: frontier05291: task 9146: Terminated
srun: error: frontier07984: task 13758: Terminated
srun: error: frontier03925: task 6841: Terminated
srun: error: frontier02144: task 3740: Terminated
srun: error: frontier04026: task 7014: Terminated
srun: error: frontier02696: task 4707: Terminated
srun: error: frontier09271: task 15894: Terminated
srun: error: frontier08369: task 14390: Terminated
srun: error: frontier08490: task 14554: Terminated
srun: error: frontier04383: task 7644: Terminated
srun: error: frontier06682: task 11451: Terminated
srun: error: frontier07129: task 12250: Terminated
srun: error: frontier05775: task 9946: Terminated
srun: error: frontier02579: task 4540: Terminated
srun: error: frontier03144: task 5509: Terminated
srun: error: frontier00051: task 96: Terminated
srun: error: frontier04502: task 7812: Terminated
srun: error: frontier01829: task 3206: Terminated
srun: error: frontier01377: task 2406: Terminated
srun: error: frontier00539: task 897: Terminated
srun: error: frontier04898: task 8445: Terminated
srun: error: frontier00573: task 1066: Terminated
srun: error: frontier03603: task 6306: Terminated
srun: error: frontier06334: task 10913: Terminated
srun: error: frontier02282: task 4005: Terminated
srun: error: frontier04970: task 8609: Terminated
srun: error: frontier07586: task 13049: Terminated
srun: error: frontier08095: task 13852: Terminated
srun: error: frontier08992: task 15355: Terminated
srun: error: frontier09415: task 16156: Terminated
srun: error: frontier06712: task 11547: Terminated
srun: error: frontier06228: task 10746: Terminated
srun: error: frontier00957: task 1700: Terminated
srun: error: frontier01060: task 1868: Terminated
srun: error: frontier05442: task 9410: Terminated
srun: error: frontier06815: task 11714: Terminated
srun: error: frontier08535: task 14651: Terminated
srun: error: frontier01433: task 2498: Terminated
srun: error: frontier00177: task 367: Terminated
srun: error: frontier01508: task 2646: Terminated
srun: error: frontier04068: task 7107: Terminated
srun: error: frontier05924: task 10214: Terminated
srun: error: frontier04555: task 7907: Terminated
srun: error: frontier02742: task 4807: Terminated
srun: error: frontier03212: task 5601: Terminated
srun: error: frontier03293: task 5775: Terminated
srun: error: frontier07196: task 12351: Terminated
srun: error: frontier09009: task 15453: Terminated
srun: error: frontier02011: task 3467: Terminated
srun: error: frontier07620: task 13150: Terminated
srun: error: frontier06409: task 11013: Terminated
srun: error: frontier00676: task 1164: Terminated
srun: error: frontier07298: task 12514: Terminated
srun: error: frontier03662: task 6403: Terminated
srun: error: frontier05028: task 8707: Terminated
srun: error: frontier09119: task 15620: Terminated
srun: error: frontier01511: task 2670: Terminated
srun: Force Terminated StepId=4365302.3
+ for i in $(seq 1 5)
+ srun -N 2048 -n 16384 -c 7 --ntasks-per-node=8 --gpus-per-node=8 --gpu-bind=closest /lustre/orion/stf243/world-shared/hagertnl/CUG26/benchmark_builds/pynamic/pynamic-pyMPI-2.6a1_util_495_280//pynamic-bigexe-mpi4py pynamic_driver_mpi4py.py
+ grep -v 'rank -'
Thu Apr  9 19:42:12 2026: [PE_15896]:inet_connect:inet_connect: connect from frontier09272 to frontier09271 failed after 300 attempts
Thu Apr  9 19:42:12 2026: [PE_15896]:conn_to_controller:inet_connect failed
Thu Apr  9 19:42:12 2026: [PE_15896]:control_nets_join:_pmi_inet_setup (full) returned -1
pynamic-bigexe-mpi4py: ../src/mpid/common/cray/cray_pmi_utils.c:364: mpid_cray_pmi_init: Assertion `PMI2_Initialized()' failed.
Thu Apr  9 19:42:13 2026: [PE_2264]:inet_connect:inet_connect: connect from frontier01295 to frontier01293 failed after 300 attempts
Thu Apr  9 19:42:13 2026: [PE_2264]:conn_to_controller:inet_connect failed
Thu Apr  9 19:42:13 2026: [PE_2264]:control_nets_join:_pmi_inet_setup (full) returned -1
pynamic-bigexe-mpi4py: ../src/mpid/common/cray/cray_pmi_utils.c:364: mpid_cray_pmi_init: Assertion `PMI2_Initialized()' failed.
srun: error: frontier09272: task 15896: Aborted (core dumped)
srun: Terminating StepId=4365302.4
[2026-04-09T19:42:13.683] error: *** STEP 4365302.4 ON frontier00005 CANCELLED AT 2026-04-09T19:42:13 DUE TO TASK FAILURE ***
srun: error: frontier01085: tasks 1960-1963,1965-1967: Terminated
srun: error: frontier03760: tasks 6568-6569,6571-6575: Terminated
srun: error: frontier08233: tasks 14112-14113,14115-14119: Terminated
srun: error: frontier04136: tasks 7200-7201,7203-7207: Terminated
srun: error: frontier03760: task 6570: Terminated
srun: error: frontier04248: tasks 7368-7369,7371-7375: Terminated
srun: error: frontier01564: tasks 2760-2764,2766-2767: Terminated
srun: error: frontier02885: tasks 5064-5070: Terminated
srun: error: frontier00273: tasks 457-463: Terminated
srun: error: frontier10147: tasks 16248-16251,16253-16255: Terminated
srun: error: frontier07331: tasks 12608-12613,12615: Terminated
srun: error: frontier05972: tasks 10304-10310: Terminated
srun: error: frontier05518: tasks 9504-9507,9509-9511: Terminated
srun: error: frontier00316: tasks 624-630: Terminated
srun: error: frontier05597: tasks 9672-9674,9676-9679: Terminated
srun: error: frontier02030: tasks 3560-3562,3564-3567: Terminated
srun: error: frontier06064: tasks 10472-10477,10479: Terminated
srun: error: frontier00693: tasks 1256-1263: Terminated
srun: error: frontier06446: tasks 11104-11110: Terminated
srun: error: frontier02438: tasks 4264-4266,4268-4271: Terminated
srun: error: frontier01564: task 2765: Terminated
srun: error: frontier10147: task 16252: Terminated
srun: error: frontier06571: tasks 11272,11274-11279: Terminated
srun: error: frontier06858: tasks 11808-11810,11812-11815: Terminated
srun: error: frontier00273: task 456: Terminated
srun: error: frontier02523: tasks 4360-4364,4366-4367: Terminated
srun: error: frontier06935: tasks 11904-11909,11911: Terminated
srun: error: frontier02143: tasks 3728-3735: Terminated
srun: error: frontier07831: tasks 13408-13412,13414-13415: Terminated
srun: error: frontier02578: tasks 4528-4532,4534-4535: Terminated
srun: error: frontier01261: tasks 2224-2226,2228-2231: Terminated
srun: error: frontier04694: tasks 8168-8173,8175: Terminated
srun: error: frontier03344: tasks 5864-5867,5869-5871: Terminated
srun: error: frontier08717: tasks 14912-14917,14919: Terminated
srun: error: frontier09172: tasks 15712-15719: Terminated
srun: error: frontier08257: tasks 14208-14212,14214-14215: Terminated
srun: error: frontier08233: task 14114: Terminated
srun: error: frontier01085: task 1964: Terminated
srun: error: frontier02885: task 5071: Terminated
srun: error: frontier08753: tasks 15008-15015: Terminated
srun: error: frontier03036: tasks 5328,5330-5335: Terminated
srun: error: frontier02958: tasks 5160-5162,5164-5167: Terminated
srun: error: frontier00420: tasks 720-723,725-727: Terminated
srun: error: frontier02030: task 3563: Terminated
srun: error: frontier03805: tasks 6664-6671: Terminated
srun: error: frontier05673: tasks 9768-9771,9773-9775: Terminated
srun: error: frontier01755: tasks 3024-3025,3027-3031: Terminated
srun: error: frontier05168: tasks 8968-8971,8973-8975: Terminated
srun: error: frontier00808: tasks 1424-1428,1430-1431: Terminated
srun: error: frontier03409: tasks 5960-5967: Terminated
srun: error: frontier04248: task 7370: Terminated
srun: error: frontier04290: tasks 7464-7469,7471: Terminated
srun: error: frontier06153: tasks 10568-10570,10572-10575: Terminated
srun: error: frontier07010: tasks 12072-12073,12075-12079: Terminated
srun: error: frontier02184: tasks 3824,3826-3831: Terminated
srun: error: frontier07478: tasks 12872-12876,12878-12879: Terminated
srun: error: frontier04897: tasks 8432-8433,8435-8439: Terminated
srun: error: frontier05518: task 9508: Terminated
srun: error: frontier06621: tasks 11368-11374: Terminated
srun: error: frontier08717: task 14918: Terminated
srun: error: frontier00828: tasks 1520-1523,1525-1527: Terminated
srun: error: frontier07966: tasks 13672-13677,13679: Terminated
srun: error: frontier03476: tasks 6128,6130-6135: Terminated
srun: error: frontier03344: task 5868: Terminated
srun: error: frontier05597: task 9675: Terminated
srun: error: frontier03983: tasks 6928-6929,6931-6935: Terminated
srun: error: frontier06064: task 10478: Terminated
srun: error: frontier07331: task 12614: Terminated
srun: error: frontier04694: task 8174: Terminated
srun: error: frontier06571: task 11273: Terminated
srun: error: frontier00019: tasks 16-17,19-23: Terminated
srun: error: frontier08469: tasks 14472-14474,14476-14479: Terminated
srun: error: frontier06858: task 11811: Terminated
srun: error: frontier02637: tasks 4624-4625,4627-4631: Terminated
srun: error: frontier02523: task 4365: Terminated
srun: error: frontier00316: task 631: Terminated
srun: error: frontier04761: tasks 8264-8267,8269-8271: Terminated
srun: error: frontier08883: tasks 15176-15182: Terminated
srun: error: frontier01432: tasks 2488-2494: Terminated
srun: error: frontier07831: task 13413: Terminated
srun: error: frontier05801: tasks 10032-10036,10038-10039: Terminated
srun: error: frontier09355: tasks 15976-15982: Terminated
srun: error: frontier04441: tasks 7728-7734: Terminated
srun: error: frontier05715: tasks 9864-9870: Terminated
srun: error: frontier01770: tasks 3120-3125,3127: Terminated
srun: error: frontier01323: tasks 2320-2322,2324-2327: Terminated
srun: error: frontier03091: tasks 5424-5426,5428-5431: Terminated
srun: error: frontier05320: tasks 9232-9236,9238-9239: Terminated
srun: error: frontier05972: task 10311: Terminated
srun: error: frontier06446: task 11111: Terminated
srun: error: frontier01261: task 2227: Terminated
srun: error: frontier01890: tasks 3288-3293,3295: Terminated
srun: error: frontier06935: task 11910: Terminated
srun: error: frontier07194: tasks 12336-12342: Terminated
srun: error: frontier09241: tasks 15809-15815: Terminated
srun: error: frontier08257: task 14213: Terminated
srun: error: frontier06304: tasks 10832-10834,10836-10839: Terminated
srun: error: frontier04919: tasks 8528-8531,8533-8535: Terminated
srun: error: frontier00558: tasks 984-986,988-991: Terminated
srun: error: frontier03550: tasks 6224-6229,6231: Terminated
srun: error: frontier00808: task 1429: Terminated
srun: error: frontier07617: tasks 13136-13143: Terminated
srun: error: frontier07083: tasks 12168-12174: Terminated
srun: error: frontier02216: tasks 3920-3923,3925-3927: Terminated
srun: error: frontier00079: tasks 184-191: Terminated
srun: error: frontier04136: task 7202: Terminated
srun: error: frontier07986: tasks 13768-13771,13773-13775: Terminated
srun: error: frontier05168: task 8972: Terminated
srun: error: frontier02578: task 4533: Terminated
srun: error: frontier02438: task 4267: Terminated
srun: error: frontier03661: tasks 6392-6399: Terminated
srun: error: frontier02330: tasks 4088-4089,4091-4095: Terminated
srun: error: frontier02958: task 5163: Terminated
srun: error: frontier05410: tasks 9328-9329,9331-9335: Terminated
srun: error: frontier01036: tasks 1784-1787,1789-1791: Terminated
srun: error: frontier04031: tasks 7024-7027,7029-7031: Terminated
srun: error: frontier07570: tasks 12968,12970-12975: Terminated
srun: error: frontier02781: tasks 4888-4893,4895: Terminated
srun: error: frontier05673: task 9772: Terminated
srun: error: frontier03036: task 5329: Terminated
srun: error: frontier08114: tasks 13936,13938-13943: Terminated
srun: error: frontier04126: tasks 7192,7194-7199: Terminated
srun: error: frontier08495: tasks 14568-14575: Terminated
srun: error: frontier08904: tasks 15272,15274-15279: Terminated
srun: error: frontier01494: tasks 2584-2590: Terminated
srun: error: frontier04290: task 7470: Terminated
srun: error: frontier00161: tasks 280-285,287: Terminated
srun: error: frontier07010: task 12074: Terminated
srun: error: frontier09390: tasks 16072-16075,16077-16079: Terminated
srun: error: frontier04505: tasks 7824-7830: Terminated
srun: error: frontier01755: task 3026: Terminated
srun: error: frontier08366: tasks 14376-14383: Terminated
srun: error: frontier06746: tasks 11632-11633,11635-11639: Terminated
srun: error: frontier00420: task 724: Terminated
srun: error: frontier00575: tasks 1080-1083,1085-1087: Terminated
srun: error: frontier04620: tasks 7992-7994,7996-7999: Terminated
srun: error: frontier03246: tasks 5688-5695: Terminated
srun: error: frontier06153: task 10571: Terminated
srun: error: frontier05006: tasks 8624-8628,8630-8631: Terminated
srun: error: frontier07478: task 12877: Terminated
srun: error: frontier01940: tasks 3384,3386-3391: Terminated
srun: error: frontier03722: tasks 6488-6489,6491-6495: Terminated
srun: error: frontier07705: tasks 13232-13235,13237-13239: Terminated
srun: error: frontier02184: task 3825: Terminated
srun: error: frontier06443: tasks 11096-11103: Terminated
srun: error: frontier04897: task 8434: Terminated
srun: error: frontier05848: tasks 10128-10133,10135: Terminated
srun: error: frontier00692: tasks 1248-1255: Terminated
srun: error: frontier06819: tasks 11728-11732,11734-11735: Terminated
srun: error: frontier07232: tasks 12432-12439: Terminated
srun: error: frontier10164: tasks 16336-16337,16339-16343: Terminated
srun: error: frontier04761: task 8268: Terminated
srun: error: frontier06621: task 11375: Terminated
srun: error: frontier08883: task 15183: Terminated
srun: error: frontier00828: task 1524: Terminated
srun: error: frontier03476: task 6129: Terminated
srun: error: frontier08610: tasks 14736-14743: Terminated
srun: error: frontier04178: tasks 7288,7290-7295: Terminated
srun: error: frontier07966: task 13678: Terminated
srun: error: frontier05267: tasks 9064-9071: Terminated
srun: error: frontier05557: tasks 9592-9594,9596-9599: Terminated
srun: error: frontier01174: tasks 2048-2053,2055: Terminated
srun: error: frontier02839: tasks 4984-4987,4989-4991: Terminated
srun: error: frontier06339: tasks 10928-10932,10934-10935: Terminated
srun: error: frontier01538: tasks 2680-2684,2686-2687: Terminated
srun: error: frontier01631: tasks 2848-2853,2855: Terminated
srun: error: frontier00298: tasks 544,546-551: Terminated
srun: error: frontier09093: tasks 15536-15542: Terminated
srun: error: frontier03983: task 6930: Terminated
srun: error: frontier07303: tasks 12528-12529,12531-12535: Terminated
srun: error: frontier04651: tasks 8088-8090,8092-8095: Terminated
srun: error: frontier08203: tasks 14032-14035,14037-14039: Terminated
srun: error: frontier00019: task 18: Terminated
srun: error: frontier02404: tasks 4184-4190: Terminated
srun: error: frontier09355: task 15983: Terminated
srun: error: frontier02637: task 4626: Terminated
srun: error: frontier09241: task 15808: Terminated
srun: error: frontier05077: tasks 8792-8795,8797-8799: Terminated
srun: error: frontier02957: tasks 5152-5157,5159: Terminated
srun: error: frontier08469: task 14475: Terminated
srun: error: frontier06929: tasks 11896-11900,11902-11903: Terminated
srun: error: frontier00787: tasks 1344-1345,1347-1351: Terminated
srun: error: frontier02076: tasks 3648-3655: Terminated
srun: error: frontier03297: tasks 5784,5786-5791: Terminated
srun: error: frontier07874: tasks 13496-13497,13499-13503: Terminated
srun: error: frontier06497: tasks 11192-11195,11197-11199: Terminated
srun: error: frontier03782: tasks 6584-6586,6588-6591: Terminated
srun: error: frontier01432: task 2495: Terminated
srun: error: frontier01323: task 2323: Terminated
srun: error: frontier05149: tasks 8888-8890,8892-8895: Terminated
srun: error: frontier07375: tasks 12696-12701,12703: Terminated
srun: error: frontier03408: tasks 5952,5954-5959: Terminated
srun: error: frontier05715: task 9871: Terminated
srun: error: frontier05320: task 9237: Terminated
srun: error: frontier08636: tasks 14832-14835,14837-14839: Terminated
srun: error: frontier05801: task 10037: Terminated
srun: error: frontier02541: tasks 4448-4449,4451-4455: Terminated
srun: error: frontier04441: task 7735: Terminated
srun: error: frontier01770: task 3126: Terminated
srun: error: frontier00014: tasks 8-9,11-15: Terminated
srun: error: frontier04250: tasks 7384-7391: Terminated
srun: error: frontier06046: tasks 10392,10394-10399: Terminated
srun: error: frontier09125: tasks 15632-15638: Terminated
srun: error: frontier03091: task 5427: Terminated
srun: error: frontier06969: tasks 11992-11995,11997-11999: Terminated
srun: error: frontier07083: task 12175: Terminated
srun: error: frontier01687: tasks 2944-2948,2950-2951: Terminated
srun: error: frontier03866: tasks 6752-6753,6755-6759: Terminated
srun: error: frontier05714: tasks 9856-9857,9859-9863: Terminated
srun: error: frontier07194: task 12343: Terminated
srun: error: frontier07453: tasks 12792-12794,12796-12799: Terminated
srun: error: frontier07740: tasks 13328-13331,13333-13335: Terminated
srun: error: frontier00318: tasks 641-647: Terminated
srun: error: frontier01890: task 3294: Terminated
srun: error: frontier09240: tasks 15800-15801,15803-15807: Terminated
srun: error: frontier01065: tasks 1880-1887: Terminated
srun: error: frontier08346: tasks 14296-14299,14301-14303: Terminated
srun: error: frontier00558: task 987: Terminated
srun: error: frontier06188: tasks 10656,10658-10663: Terminated
srun: error: frontier00815: tasks 1440-1447: Terminated
srun: error: frontier06304: task 10835: Terminated
srun: error: frontier03464: tasks 6048-6052,6054-6055: Terminated
srun: error: frontier04919: task 8532: Terminated
srun: error: frontier02145: tasks 3744,3746-3751: Terminated
srun: error: frontier03550: task 6230: Terminated
srun: error: frontier00438: tasks 808-813,815: Terminated
srun: error: frontier00938: tasks 1609-1615: Terminated
srun: error: frontier01217: tasks 2144-2145,2147-2151: Terminated
srun: error: frontier02208: tasks 3912-3918: Terminated
srun: error: frontier02216: task 3924: Terminated
srun: error: frontier06574: tasks 11288-11293,11295: Terminated
srun: error: frontier05599: tasks 9688-9694: Terminated
srun: error: frontier07570: task 12969: Terminated
srun: error: frontier08793: tasks 15096,15098-15103: Terminated
srun: error: frontier03926: tasks 6848-6852,6854-6855: Terminated
srun: error: frontier07986: task 13772: Terminated
srun: error: frontier02582: tasks 4544-4547,4549-4551: Terminated
srun: error: frontier08904: task 15273: Terminated
srun: error: frontier06067: tasks 10488-10495: Terminated
srun: error: frontier04359: tasks 7552-7555,7557-7559: Terminated
srun: error: frontier00053: tasks 104-105,107-111: Terminated
srun: error: frontier08370: tasks 14392-14393,14395-14399: Terminated
srun: error: frontier07943: tasks 13592-13593,13595-13599: Terminated
srun: error: frontier02330: task 4090: Terminated
srun: error: frontier01036: task 1788: Terminated
srun: error: frontier03039: tasks 5344-5345,5347-5351: Terminated
srun: error: frontier05410: task 9330: Terminated
srun: error: frontier02700: tasks 4712-4719: Terminated
srun: error: frontier05292: tasks 9152-9153,9155-9159: Terminated
srun: error: frontier09272: tasks 15897-15898,15900-15903: Terminated
srun: error: frontier04820: tasks 8352-8358: Terminated
srun: error: frontier04031: task 7028: Terminated
srun: error: frontier05778: tasks 9952-9958: Terminated
srun: error: frontier03145: tasks 5512,5514-5519: Terminated
srun: error: frontier01839: tasks 3208-3210,3212-3215: Terminated
srun: error: frontier08114: task 13937: Terminated
srun: error: frontier00540: tasks 905-911: Terminated
srun: error: frontier04503: tasks 7816-7823: Terminated
srun: error: frontier07985: tasks 13760,13762-13767: Terminated
srun: error: frontier06231: tasks 10752-10757,10759: Terminated
srun: error: frontier06683: tasks 11456-11459,11461-11463: Terminated
srun: error: frontier09390: task 16076: Terminated
srun: error: frontier07592: tasks 13056,13058-13063: Terminated
srun: error: frontier02781: task 4894: Terminated
srun: error: frontier08493: tasks 14560-14563,14565-14567: Terminated
srun: error: frontier03606: tasks 6312-6316,6318-6319: Terminated
srun: error: frontier09363: tasks 15992-15995,15997-15999: Terminated
srun: error: frontier04126: task 7193: Terminated
srun: error: frontier04388: tasks 7648-7655: Terminated
srun: error: frontier03000: tasks 5248-5255: Terminated
srun: error: frontier01494: task 2591: Terminated
srun: error: frontier07134: tasks 12256-12259,12261-12263: Terminated
srun: error: frontier02285: tasks 4008-4012,4014-4015: Terminated
srun: error: frontier06746: task 11634: Terminated
srun: error: frontier01378: tasks 2409-2415: Terminated
srun: error: frontier04900: tasks 8448-8455: Terminated
srun: error: frontier00161: task 286: Terminated
srun: error: frontier08885: tasks 15192-15197,15199: Terminated
srun: error: frontier04505: task 7831: Terminated
srun: error: frontier00958: tasks 1704-1706,1708-1711: Terminated
srun: error: frontier08097: tasks 13856-13861,13863: Terminated
srun: error: frontier01434: tasks 2504-2509,2511: Terminated
srun: error: frontier04971: tasks 8616-8623: Terminated
srun: error: frontier00179: tasks 368-374: Terminated
srun: error: frontier01512: tasks 2672-2678: Terminated
srun: error: frontier08993: tasks 15360-15364,15366-15367: Terminated
srun: error: frontier04620: task 7995: Terminated
srun: error: frontier07301: tasks 12520-12523,12525-12527: Terminated
srun: error: frontier06714: tasks 11552-11553,11555-11559: Terminated
srun: error: frontier04556: tasks 7912-7916,7918-7919: Terminated
srun: error: frontier00575: task 1084: Terminated
srun: error: frontier03213: tasks 5608-5612,5614-5615: Terminated
srun: error: frontier04098: tasks 7112-7117,7119: Terminated
srun: error: frontier05925: tasks 10216-10221,10223: Terminated
srun: error: frontier05848: task 10134: Terminated
srun: error: frontier01892: tasks 3304-3306,3308-3311: Terminated
srun: error: frontier01940: task 3385: Terminated
srun: error: frontier09434: tasks 16160-16165,16167: Terminated
srun: error: frontier05006: task 8629: Terminated
srun: error: frontier05804: tasks 10048-10054: Terminated
srun: error: frontier00677: tasks 1168,1170-1175: Terminated
srun: error: frontier02744: tasks 4808-4814: Terminated
srun: error: frontier05029: tasks 8713-8719: Terminated
srun: error: frontier03663: tasks 6408-6414: Terminated
srun: error: frontier07197: tasks 12352-12356,12358-12359: Terminated
srun: error: frontier02335: tasks 4105-4111: Terminated
srun: error: frontier05444: tasks 9416-9420,9422-9423: Terminated
srun: error: frontier07705: task 13236: Terminated
srun: error: frontier08536: tasks 14656-14657,14659-14663: Terminated
srun: error: frontier05337: tasks 9248-9250,9252-9255: Terminated
srun: error: frontier06410: tasks 11016-11020,11022-11023: Terminated
srun: error: frontier10148: tasks 16256-16261,16263: Terminated
srun: error: frontier02439: tasks 4272-4274,4276-4279: Terminated
srun: error: frontier03722: task 6490: Terminated
srun: error: frontier04137: tasks 7208,7210-7215: Terminated
srun: error: frontier06865: tasks 11816,11818-11823: Terminated
srun: error: frontier08614: tasks 14752-14757,14759: Terminated
srun: error: frontier02012: tasks 3472-3479: Terminated
srun: error: frontier03761: tasks 6576-6582: Terminated
srun: error: frontier04249: tasks 7376-7377,7379-7383: Terminated
srun: error: frontier01565: tasks 2768-2775: Terminated
srun: error: frontier06819: task 11733: Terminated
srun: error: frontier00274: tasks 464-470: Terminated
srun: error: frontier10164: task 16338: Terminated
srun: error: frontier06339: task 10933: Terminated
srun: error: frontier09093: task 15543: Terminated
srun: error: frontier07627: tasks 13152-13157,13159: Terminated
srun: error: frontier07332: tasks 12616,12618-12623: Terminated
srun: error: frontier01086: tasks 1968-1970,1972-1975: Terminated
srun: error: frontier05974: tasks 10312-10313,10315-10319: Terminated
srun: error: frontier04624: tasks 8008-8011,8013-8015: Terminated
srun: error: frontier08117: tasks 13952-13955,13957-13959: Terminated
srun: error: frontier07732: tasks 13320-13321,13323-13327: Terminated
srun: error: frontier00317: tasks 633-639: Terminated
srun: error: frontier09010: tasks 15456-15463: Terminated
srun: error: frontier08234: tasks 14120-14124,14126-14127: Terminated
srun: error: frontier03346: tasks 5872-5875,5877-5879: Terminated
srun: error: frontier04178: task 7289: Terminated
srun: error: frontier02031: tasks 3568,3570-3575: Terminated
srun: error: frontier05524: tasks 9512-9514,9516-9519: Terminated
srun: error: frontier00698: tasks 1264-1267,1269-1271: Terminated
srun: error: frontier04695: tasks 8176-8177,8179-8183: Terminated
srun: error: frontier01174: task 2054: Terminated
srun: error: frontier07845: tasks 13416-13422: Terminated
srun: error: frontier02404: task 4191: Terminated
srun: error: frontier06450: tasks 11112-11116,11118-11119: Terminated
srun: error: frontier02839: task 4988: Terminated
srun: error: frontier05077: task 8796: Terminated
srun: error: frontier05088: tasks 8808-8810,8812-8815: Terminated
srun: error: frontier09176: tasks 15720-15721,15723-15727: Terminated
srun: error: frontier08203: task 14036: Terminated
srun: error: frontier05557: task 9595: Terminated
srun: error: frontier01176: tasks 2064-2068,2070-2071: Terminated
srun: error: frontier00812: tasks 1432-1438: Terminated
srun: error: frontier08725: tasks 14920-14922,14924-14927: Terminated
srun: error: frontier02524: tasks 4368-4372,4374-4375: Terminated
srun: error: frontier01538: task 2685: Terminated
srun: error: frontier01631: task 2854: Terminated
srun: error: frontier08263: tasks 14216-14220,14222-14223: Terminated
srun: error: frontier07303: task 12530: Terminated
srun: error: frontier01283: tasks 2232-2233,2235-2239: Terminated
srun: error: frontier00298: task 545: Terminated
srun: error: frontier06937: tasks 11912-11915,11917-11919: Terminated
srun: error: frontier02888: tasks 5072-5077,5079: Terminated
srun: error: frontier06573: tasks 11280,11282-11287: Terminated
srun: error: frontier02961: tasks 5168-5172,5174-5175: Terminated
srun: error: frontier03807: tasks 6672-6675,6677-6679: Terminated
srun: error: frontier05674: tasks 9776-9780,9782-9783: Terminated
srun: error: frontier04651: task 8091: Terminated
srun: error: frontier06929: task 11901: Terminated
srun: error: frontier04294: tasks 7472,7474-7479: Terminated
srun: error: frontier01756: tasks 3032-3038: Terminated
srun: error: frontier02957: task 5158: Terminated
srun: error: frontier00422: tasks 728,730-735: Terminated
srun: error: frontier08754: tasks 15016-15018,15020-15023: Terminated
srun: error: frontier05171: tasks 8976-8982: Terminated
srun: error: frontier03297: task 5785: Terminated
srun: error: frontier03417: tasks 5968-5975: Terminated
srun: error: frontier08636: task 14836: Terminated
srun: error: frontier03038: tasks 5336-5338,5340-5343: Terminated
srun: error: frontier04762: tasks 8272-8278: Terminated
srun: error: frontier02186: tasks 3832-3838: Terminated
srun: error: frontier07375: task 12702: Terminated
srun: error: frontier07052: tasks 12080-12087: Terminated
srun: error: frontier00829: tasks 1528-1534: Terminated
srun: error: frontier00787: task 1346: Terminated
srun: error: frontier03477: tasks 6136-6142: Terminated
srun: error: frontier03876: tasks 6768-6772,6774-6775: Terminated
srun: error: frontier07874: task 13498: Terminated
srun: error: frontier06497: task 11196: Terminated
srun: error: frontier03408: task 5953: Terminated
srun: error: frontier06158: tasks 10576-10583: Terminated
srun: error: frontier03782: task 6587: Terminated
srun: error: frontier06046: task 10393: Terminated
srun: error: frontier08884: tasks 15184-15187,15189-15191: Terminated
srun: error: frontier05149: task 8891: Terminated
srun: error: frontier07479: tasks 12880-12886: Terminated
srun: error: frontier05336: tasks 9240-9247: Terminated
srun: error: frontier00021: tasks 24,26-31: Terminated
srun: error: frontier01633: tasks 2864-2870: Terminated
srun: error: frontier09125: task 15639: Terminated
srun: error: frontier07379: tasks 12712-12718: Terminated
srun: error: frontier09361: tasks 15984-15986,15988-15991: Terminated
srun: error: frontier01345: tasks 2328-2334: Terminated
srun: error: frontier03984: tasks 6936-6943: Terminated
srun: error: frontier02541: task 4450: Terminated
srun: error: frontier04442: tasks 7736-7741,7743: Terminated
srun: error: frontier01802: tasks 3128-3134: Terminated
srun: error: frontier00447: tasks 824-831: Terminated
srun: error: frontier07740: task 13332: Terminated
srun: error: frontier03093: tasks 5432-5436,5438-5439: Terminated
srun: error: frontier06622: tasks 11376-11381,11383: Terminated
srun: error: frontier02650: tasks 4632-4633,4635-4639: Terminated
srun: error: frontier09242: tasks 15816-15821,15823: Terminated
srun: error: frontier06190: tasks 10673-10679: Terminated
srun: error: frontier01891: tasks 3296-3302: Terminated
srun: error: frontier07967: tasks 13680-13684,13686-13687: Terminated
srun: error: frontier06308: tasks 10840-10844,10846-10847: Terminated
srun: error: frontier03866: task 6754: Terminated
srun: error: frontier00559: tasks 992-995,997-999: Terminated
srun: error: frontier09240: task 15802: Terminated
srun: error: frontier00014: task 10: Terminated
srun: error: frontier03552: tasks 6232,6234-6239: Terminated
srun: error: frontier05272: tasks 9072-9079: Terminated
srun: error: frontier06969: task 11996: Terminated
srun: error: frontier07987: tasks 13776-13782: Terminated
srun: error: frontier05803: tasks 10040-10045,10047: Terminated
srun: error: frontier06687: tasks 11472-11478: Terminated
srun: error: frontier01048: tasks 1793-1799: Terminated
srun: error: frontier00080: tasks 192-195,197-199: Terminated
srun: error: frontier04920: tasks 8536,8538-8543: Terminated
srun: error: frontier02332: tasks 4096-4097,4099-4103: Terminated
srun: error: frontier08470: tasks 14480-14484,14486-14487: Terminated
srun: error: frontier07084: tasks 12176-12181,12183: Terminated
srun: error: frontier02217: tasks 3928-3933,3935: Terminated
srun: error: frontier01687: task 2949: Terminated
srun: error: frontier05714: task 9858: Terminated
srun: error: frontier05716: tasks 9872-9878: Terminated
srun: error: frontier07574: tasks 12976-12981,12983: Terminated
srun: error: frontier07453: task 12795: Terminated
srun: error: frontier01217: task 2146: Terminated
srun: error: frontier08346: task 14300: Terminated
srun: error: frontier09391: tasks 16080-16087: Terminated
srun: error: frontier00164: tasks 288-291,293-295: Terminated
srun: error: frontier00318: task 640: Terminated
srun: error: frontier08913: tasks 15280-15287: Terminated
srun: error: frontier01495: tasks 2592-2594,2596-2599: Terminated
srun: error: frontier07233: tasks 12440-12442,12444-12447: Terminated
srun: error: frontier04509: tasks 7832-7837,7839: Terminated
srun: error: frontier03152: tasks 5528,5530-5535: Terminated
srun: error: frontier05599: task 9695: Terminated
srun: error: frontier02782: tasks 4897-4903: Terminated
srun: error: frontier04043: tasks 7032-7035,7037-7039: Terminated
srun: error: frontier05415: tasks 9336-9339,9341-9343: Terminated
srun: error: frontier02702: tasks 4728-4735: Terminated
srun: error: frontier01941: tasks 3393-3399: Terminated
srun: error: frontier00576: tasks 1088-1089,1091-1095: Terminated
srun: error: frontier04623: tasks 8000-8003,8005-8007: Terminated
srun: error: frontier08116: tasks 13944-13948,13950-13951: Terminated
srun: error: frontier03255: tasks 5696-5697,5699-5703: Terminated
srun: error: frontier06188: task 10657: Terminated
srun: error: frontier00438: task 814: Terminated
srun: error: frontier03464: task 6053: Terminated
srun: error: frontier06341: tasks 10936-10937,10939-10943: Terminated
srun: error: frontier08793: task 15097: Terminated
srun: error: frontier08496: tasks 14576-14579,14581-14583: Terminated
srun: error: frontier02145: task 3745: Terminated
srun: error: frontier04359: task 7556: Terminated
srun: error: frontier09444: tasks 16176-16178,16180-16183: Terminated
srun: error: frontier05085: tasks 8800-8805,8807: Terminated
srun: error: frontier01067: tasks 1888-1892,1894-1895: Terminated
srun: error: frontier06750: tasks 11640-11641,11643-11647: Terminated
srun: error: frontier03724: tasks 6496-6500,6502-6503: Terminated
srun: error: frontier02408: tasks 4192-4195,4197-4199: Terminated
srun: error: frontier05895: tasks 10136-10142: Terminated
srun: error: frontier02208: task 3919: Terminated
srun: error: frontier00938: task 1608: Terminated
srun: error: frontier06574: task 11294: Terminated
srun: error: frontier09096: tasks 15544-15549,15551: Terminated
srun: error: frontier05453: tasks 9432,9434-9439: Terminated
srun: error: frontier05010: tasks 8632-8637,8639: Terminated
srun: error: frontier10167: tasks 16344-16345,16347-16351: Terminated
srun: error: frontier08613: tasks 14744-14748,14750-14751: Terminated
srun: error: frontier01539: tasks 2688-2691,2693-2695: Terminated
srun: error: frontier01175: tasks 2056-2060,2062-2063: Terminated
srun: error: frontier08996: tasks 15376-15379,15381-15383: Terminated
srun: error: frontier05558: tasks 9600-9604,9606-9607: Terminated
srun: error: frontier07943: task 13594: Terminated
srun: error: frontier03926: task 6853: Terminated
srun: error: frontier05929: tasks 10232-10239: Terminated
srun: error: frontier02582: task 4548: Terminated
srun: error: frontier01632: tasks 2856-2862: Terminated
srun: error: frontier04820: task 8359: Terminated
srun: error: frontier07706: tasks 13240-13244,13246-13247: Terminated
srun: error: frontier04179: tasks 7296-7301,7303: Terminated
srun: error: frontier09272: task 15899: Terminated
srun: error: frontier04653: tasks 8096-8101,8103: Terminated
srun: error: frontier02016: tasks 3488-3491,3493-3495: Terminated
srun: error: frontier03298: tasks 5792-5793,5795-5799: Terminated
srun: error: frontier08370: task 14394: Terminated
srun: error: frontier08208: tasks 14040-14046: Terminated
srun: error: frontier00053: task 106: Terminated
srun: error: frontier05292: task 9154: Terminated
srun: error: frontier00795: tasks 1352-1353,1355-1359: Terminated
srun: error: frontier07743: tasks 13336-13339,13341-13343: Terminated
srun: error: frontier02841: tasks 4992-4995,4997-4999: Terminated
srun: error: frontier06820: tasks 11736-11743: Terminated
srun: error: frontier07376: tasks 12704-12705,12707-12711: Terminated
srun: error: frontier08638: tasks 14840,14842-14847: Terminated
srun: error: frontier07306: tasks 12536-12537,12539-12543: Terminated
srun: error: frontier06498: tasks 11200-11201,11203-11207: Terminated
srun: error: frontier07985: task 13761: Terminated
srun: error: frontier03783: tasks 6592,6594-6599: Terminated
srun: error: frontier07875: tasks 13504-13506,13508-13511: Terminated
srun: error: frontier00301: tasks 552-559: Terminated
srun: error: frontier06683: task 11460: Terminated
srun: error: frontier03039: task 5346: Terminated
srun: error: frontier05150: tasks 8896-8898,8900-8903: Terminated
srun: error: frontier09132: tasks 15640-15643,15645-15647: Terminated
srun: error: frontier05778: task 9959: Terminated
srun: error: frontier05600: tasks 9696,9698-9703: Terminated
srun: error: frontier01243: tasks 2152,2154-2159: Terminated
srun: error: frontier02079: tasks 3656-3662: Terminated
srun: error: frontier06048: tasks 10400-10407: Terminated
srun: error: frontier03145: task 5513: Terminated
srun: error: frontier02450: tasks 4288,4290-4295: Terminated
srun: error: frontier08493: task 14564: Terminated
srun: error: frontier06970: tasks 12000-12003,12005-12007: Terminated
srun: error: frontier03001: tasks 5256-5258,5260-5263: Terminated
srun: error: frontier01839: task 3211: Terminated
srun: error: frontier00540: task 904: Terminated
srun: error: frontier00319: tasks 648-650,652-655: Terminated
srun: error: frontier07455: tasks 12800-12806: Terminated
srun: error: frontier01378: task 2408: Terminated
srun: error: frontier04251: tasks 7392-7399: Terminated
srun: error: frontier07134: task 12260: Terminated
srun: error: frontier06090: tasks 10496-10500,10502-10503: Terminated
srun: error: frontier08238: tasks 14136-14140,14142-14143: Terminated
srun: error: frontier00442: tasks 817-823: Terminated
srun: error: frontier04737: tasks 8192-8199: Terminated
srun: error: frontier06231: task 10758: Terminated
srun: error: frontier08347: tasks 14304-14305,14307-14311: Terminated
srun: error: frontier02148: tasks 3752-3753,3755-3759: Terminated
srun: error: frontier07592: task 13057: Terminated
srun: error: frontier04360: tasks 7560-7566: Terminated
srun: error: frontier00816: tasks 1448-1449,1451-1455: Terminated
srun: error: frontier09277: tasks 15904-15908,15910-15911: Terminated
srun: error: frontier03867: tasks 6760-6762,6764-6767: Terminated
srun: error: frontier02542: tasks 4456-4463: Terminated
srun: error: frontier08885: task 15198: Terminated
srun: error: frontier09363: task 15996: Terminated
srun: error: frontier03465: tasks 6056-6057,6059-6063: Terminated
srun: error: frontier00939: tasks 1616,1618-1623: Terminated
srun: error: frontier03606: task 6317: Terminated
srun: error: frontier06684: tasks 11464-11470: Terminated
srun: error: frontier02583: tasks 4552-4555,4557-4559: Terminated
srun: error: frontier01689: tasks 2952-2958: Terminated
srun: error: frontier05296: tasks 9160-9165,9167: Terminated
srun: error: frontier03927: tasks 6856-6859,6861-6863: Terminated
srun: error: frontier04823: tasks 8360,8362-8367: Terminated
srun: error: frontier02285: task 4013: Terminated
srun: error: frontier08373: tasks 14400-14404,14406-14407: Terminated
srun: error: frontier08842: tasks 15104-15107,15109-15111: Terminated
srun: error: frontier06189: tasks 10664-10668,10670-10671: Terminated
srun: error: frontier02701: tasks 4721-4727: Terminated
srun: error: frontier01290: tasks 2248-2249,2251-2255: Terminated
srun: error: frontier08993: task 15365: Terminated
srun: error: frontier06575: tasks 11296-11303: Terminated
srun: error: frontier00958: task 1707: Terminated
srun: error: frontier04389: tasks 7656-7663: Terminated
srun: error: frontier00054: tasks 112-119: Terminated
srun: error: frontier03040: tasks 5352-5354,5356-5359: Terminated
srun: error: frontier08097: task 13862: Terminated
srun: error: frontier01381: tasks 2416-2421,2423: Terminated
srun: error: frontier03146: tasks 5520-5526: Terminated
srun: error: frontier01847: tasks 3216-3221,3223: Terminated
srun: error: frontier07946: tasks 13600-13604,13606-13607: Terminated
srun: error: frontier07065: tasks 12096-12103: Terminated
srun: error: frontier06232: tasks 10760-10763,10765-10767: Terminated
srun: error: frontier00543: tasks 913-919: Terminated
srun: error: frontier05780: tasks 9960-9963,9965-9967: Terminated
srun: error: frontier01434: task 2510: Terminated
srun: error: frontier04903: tasks 8456-8462: Terminated
srun: error: frontier03501: tasks 6152-6155,6157-6159: Terminated
srun: error: frontier06714: task 11554: Terminated
srun: error: frontier09434: task 16166: Terminated
srun: error: frontier03608: tasks 6320-6324,6326-6327: Terminated
srun: error: frontier02286: tasks 4016-4019,4021-4023: Terminated
srun: error: frontier07138: tasks 12264-12270: Terminated
srun: error: frontier00179: task 375: Terminated
srun: error: frontier04098: task 7118: Terminated
srun: error: frontier09436: tasks 16168,16170-16175: Terminated
srun: error: frontier03986: tasks 6952-6957,6959: Terminated
srun: error: frontier01512: task 2679: Terminated
srun: error: frontier09366: tasks 16000,16002-16007: Terminated
srun: error: frontier05338: tasks 9256-9260,9262-9263: Terminated
srun: error: frontier06715: tasks 11560-11562,11564-11567: Terminated
srun: error: frontier07593: tasks 13064-13069,13071: Terminated
srun: error: frontier07301: task 12524: Terminated
srun: error: frontier07495: tasks 12896-12901,12903: Terminated
srun: error: frontier08994: tasks 15368-15369,15371-15375: Terminated
srun: error: frontier02748: tasks 4816-4821,4823: Terminated
srun: error: frontier08886: tasks 15200-15207: Terminated
srun: error: frontier00082: tasks 208-215: Terminated
srun: error: frontier05337: task 9251: Terminated
srun: error: frontier02744: task 4815: Terminated
srun: error: frontier04556: task 7917: Terminated
srun: error: frontier03213: task 5613: Terminated
srun: error: frontier05444: task 9421: Terminated
srun: error: frontier05925: task 10222: Terminated
srun: error: frontier01892: task 3307: Terminated
srun: error: frontier00181: tasks 376-379,381-383: Terminated
srun: error: frontier07197: task 12357: Terminated
srun: error: frontier00959: tasks 1712-1715,1717-1719: Terminated
srun: error: frontier08536: task 14658: Terminated
srun: error: frontier08537: tasks 14664-14667,14669-14671: Terminated
srun: error: frontier05926: tasks 10224,10226-10231: Terminated
srun: error: frontier00561: tasks 1009-1015: Terminated
srun: error: frontier04561: tasks 7920,7922-7927: Terminated
srun: error: frontier04102: tasks 7120-7124,7126-7127: Terminated
srun: error: frontier05451: tasks 9424-9431: Terminated
srun: error: frontier02013: tasks 3480-3484,3486-3487: Terminated
srun: error: frontier00677: task 1169: Terminated
srun: error: frontier07213: tasks 12360-12364,12366-12367: Terminated
srun: error: frontier00678: tasks 1176-1177,1179-1183: Terminated
srun: error: frontier06312: tasks 10856-10862: Terminated
srun: error: frontier05806: tasks 10056-10058,10060-10063: Terminated
srun: error: frontier05030: tasks 8720-8722,8724-8727: Terminated
srun: error: frontier01435: tasks 2512-2518: Terminated
srun: error: frontier05029: task 8712: Terminated
srun: error: frontier03663: task 6415: Terminated
srun: error: frontier01893: tasks 3312-3314,3316-3319: Terminated
srun: error: frontier07686: tasks 13160-13164,13166-13167: Terminated
srun: error: frontier10149: tasks 16264,16266-16271: Terminated
srun: error: frontier06414: tasks 11024-11030: Terminated
srun: error: frontier02335: task 4104: Terminated
srun: error: frontier02443: tasks 4281-4287: Terminated
srun: error: frontier02336: tasks 4112-4113,4115-4119: Terminated
srun: error: frontier06410: task 11021: Terminated
srun: error: frontier06867: tasks 11824-11827,11829-11831: Terminated
srun: error: frontier09012: tasks 15464-15471: Terminated
srun: error: frontier04150: tasks 7216-7218,7220-7223: Terminated
srun: error: frontier10148: task 16262: Terminated
srun: error: frontier02784: tasks 4912-4913,4915-4919: Terminated
srun: error: frontier03216: tasks 5616-5620,5622-5623: Terminated
srun: error: frontier07627: task 13158: Terminated
srun: error: frontier02439: task 4275: Terminated
srun: error: frontier01566: tasks 2776-2778,2780-2783: Terminated
srun: error: frontier06790: tasks 11656-11661,11663: Terminated
srun: error: frontier00281: tasks 472-475,477-479: Terminated
srun: error: frontier03664: tasks 6416,6418-6423: Terminated
srun: error: frontier07340: tasks 12624-12626,12628-12631: Terminated
srun: error: frontier08619: tasks 14760-14765,14767: Terminated
srun: error: frontier04627: tasks 8016-8018,8020-8023: Terminated
srun: error: frontier06865: task 11817: Terminated
srun: error: frontier05525: tasks 9520-9527: Terminated
srun: error: frontier01087: tasks 1976,1978-1983: Terminated
srun: error: frontier02900: tasks 5080-5084,5086-5087: Terminated
srun: error: frontier04137: task 7209: Terminated
srun: error: frontier03347: tasks 5880-5886: Terminated
srun: error: frontier03761: task 6583: Terminated
srun: error: frontier08098: tasks 13864-13871: Terminated
srun: error: frontier03271: tasks 5712-5718: Terminated
srun: error: frontier00701: tasks 1272-1279: Terminated
srun: error: frontier07732: task 13322: Terminated
srun: error: frontier04697: tasks 8184-8188,8190-8191: Terminated
srun: error: frontier08237: tasks 14128-14129,14131-14135: Terminated
srun: error: frontier05804: task 10055: Terminated
srun: error: frontier08732: tasks 14928,14930-14935: Terminated
srun: error: frontier08117: task 13956: Terminated
srun: error: frontier08120: tasks 13960-13964,13966-13967: Terminated
srun: error: frontier01086: task 1971: Terminated
srun: error: frontier08614: task 14758: Terminated
srun: error: frontier05172: tasks 8984-8986,8988-8991: Terminated
srun: error: frontier03843: tasks 6680-6684,6686-6687: Terminated
srun: error: frontier04249: task 7378: Terminated
srun: error: frontier09177: tasks 15728-15733,15735: Terminated
srun: error: frontier06453: tasks 11120-11124,11126-11127: Terminated
srun: error: frontier00274: task 471: Terminated
srun: error: frontier02059: tasks 3577-3583: Terminated
srun: error: frontier07846: tasks 13424-13430: Terminated
srun: error: frontier08234: task 14125: Terminated
srun: error: frontier05577: tasks 9616-9622: Terminated
srun: error: frontier01289: tasks 2240-2246: Terminated
srun: error: frontier07332: task 12617: Terminated
srun: error: frontier05524: task 9515: Terminated
srun: error: frontier05974: task 10314: Terminated
srun: error: frontier05089: tasks 8816-8821,8823: Terminated
srun: error: frontier05976: tasks 10320-10327: Terminated
srun: error: frontier02965: tasks 5176-5181,5183: Terminated
srun: error: frontier04624: task 8012: Terminated
srun: error: frontier01640: tasks 2872-2879: Terminated
srun: error: frontier07062: tasks 12088-12092,12094-12095: Terminated
srun: error: frontier09098: tasks 15560-15562,15564-15567: Terminated
srun: error: frontier08264: tasks 14224-14227,14229-14231: Terminated
srun: error: frontier00317: task 632: Terminated
srun: error: frontier07384: tasks 12720-12722,12724-12727: Terminated
srun: error: frontier05675: tasks 9784-9786,9788-9791: Terminated
srun: error: frontier01757: tasks 3040-3041,3043-3047: Terminated
srun: error: frontier00423: tasks 736-740,742-743: Terminated
srun: error: frontier06939: tasks 11920-11926: Terminated
srun: error: frontier02099: tasks 3672-3678: Terminated
srun: error: frontier03346: task 5876: Terminated
srun: error: frontier02031: task 3569: Terminated
srun: error: frontier07480: tasks 12888-12892,12894-12895: Terminated
srun: error: frontier09248: tasks 15824-15826,15828-15831: Terminated
srun: error: frontier01178: tasks 2072-2074,2076-2079: Terminated
srun: error: frontier04695: task 8178: Terminated
srun: error: frontier04763: tasks 8280-8282,8284-8287: Terminated
srun: error: frontier02192: tasks 3840-3846: Terminated
srun: error: frontier08725: task 14923: Terminated
srun: error: frontier00698: task 1268: Terminated
srun: error: frontier03489: tasks 6144-6149,6151: Terminated
srun: error: frontier00830: tasks 1536-1537,1539-1543: Terminated
srun: error: frontier02525: tasks 4377-4383: Terminated
srun: error: frontier02888: task 5078: Terminated
srun: error: frontier07845: task 13423: Terminated
srun: error: frontier06450: task 11117: Terminated
srun: error: frontier03889: tasks 6776-6780,6782-6783: Terminated
srun: error: frontier03419: tasks 5976-5977,5979-5983: Terminated
srun: error: frontier05273: tasks 9080-9084,9086-9087: Terminated
srun: error: frontier09176: task 15722: Terminated
srun: error: frontier05088: task 8811: Terminated
srun: error: frontier04302: tasks 7480-7486: Terminated
srun: error: frontier06623: tasks 11384-11388,11390-11391: Terminated
srun: error: frontier07968: tasks 13688-13695: Terminated
srun: error: frontier08471: tasks 14489-14495: Terminated
srun: error: frontier00812: task 1439: Terminated
srun: error: frontier03985: tasks 6944-6945,6947-6951: Terminated
srun: error: frontier07878: tasks 13520-13524,13526-13527: Terminated
srun: error: frontier08755: tasks 15024-15025,15027-15031: Terminated
srun: error: frontier06162: tasks 10584-10591: Terminated
srun: error: frontier01354: tasks 2337-2343: Terminated
srun: error: frontier01176: task 2069: Terminated
srun: error: frontier00023: tasks 32-38: Terminated
srun: error: frontier08349: tasks 14320-14323,14325-14327: Terminated
srun: error: frontier02524: task 4373: Terminated
srun: error: frontier01805: tasks 3136-3140,3142-3143: Terminated
srun: error: frontier08263: task 14221: Terminated
srun: error: frontier00448: tasks 832-837,839: Terminated
srun: error: frontier04444: tasks 7744-7749,7751: Terminated
srun: error: frontier06573: task 11281: Terminated
srun: error: frontier04825: tasks 8376-8379,8381-8383: Terminated
srun: error: frontier03807: task 6676: Terminated
srun: error: frontier02655: tasks 4640-4647: Terminated
srun: error: frontier00081: tasks 200-202,204-207: Terminated
srun: error: frontier06937: task 11916: Terminated
srun: error: frontier03095: tasks 5440-5447: Terminated
srun: error: frontier07088: tasks 12184-12189,12191: Terminated
srun: error: frontier01283: task 2234: Terminated
srun: error: frontier00560: tasks 1001-1007: Terminated
srun: error: frontier05171: task 8983: Terminated
srun: error: frontier03553: tasks 6240-6246: Terminated
srun: error: frontier02226: tasks 3936-3941,3943: Terminated
srun: error: frontier04924: tasks 8544-8548,8550-8551: Terminated
srun: error: frontier06310: tasks 10848-10852,10854-10855: Terminated
srun: error: frontier02961: task 5173: Terminated
srun: error: frontier05717: tasks 9880-9887: Terminated
srun: error: frontier01049: tasks 1801-1807: Terminated
srun: error: frontier05674: task 9781: Terminated
srun: error: frontier09392: tasks 16088-16089,16091-16095: Terminated
srun: error: frontier07990: tasks 13784-13789,13791: Terminated
srun: error: frontier06693: tasks 11480-11485,11487: Terminated
srun: error: frontier08915: tasks 15288-15293,15295: Terminated
srun: error: frontier04294: task 7473: Terminated
srun: error: frontier04366: tasks 7576-7578,7580-7583: Terminated
srun: error: frontier06195: tasks 10680-10686: Terminated
srun: error: frontier01384: tasks 2432-2435,2437-2439: Terminated
srun: error: frontier00947: tasks 1632-1633,1635-1639: Terminated
srun: error: frontier02703: tasks 4736-4742: Terminated
srun: error: frontier06787: tasks 11648-11649,11651-11655: Terminated
srun: error: frontier00422: task 729: Terminated
srun: error: frontier05416: tasks 9344-9347,9349-9351: Terminated
srun: error: frontier02783: tasks 4904-4910: Terminated
srun: error: frontier04047: tasks 7040-7042,7044-7047: Terminated
srun: error: frontier08754: task 15019: Terminated
srun: error: frontier07140: tasks 12280-12284,12286-12287: Terminated
srun: error: frontier01756: task 3039: Terminated
srun: error: frontier00165: tasks 296-302: Terminated
srun: error: frontier03158: tasks 5536-5543: Terminated
srun: error: frontier05900: tasks 10144-10146,10148-10151: Terminated
srun: error: frontier03038: task 5339: Terminated
srun: error: frontier01501: tasks 2600-2601,2603-2607: Terminated
srun: error: frontier04512: tasks 7840-7841,7843-7847: Terminated
srun: error: frontier01942: tasks 3400-3405,3407: Terminated
srun: error: frontier04762: task 8279: Terminated
srun: error: frontier00577: tasks 1096-1098,1100-1103: Terminated
srun: error: frontier07598: tasks 13080-13083,13085-13087: Terminated
srun: error: frontier05013: tasks 8640-8646: Terminated
srun: error: frontier03625: tasks 6336-6339,6341-6343: Terminated
srun: error: frontier01633: task 2871: Terminated
srun: error: frontier10126: tasks 16184-16189,16191: Terminated
srun: error: frontier08884: task 15188: Terminated
srun: error: frontier03726: tasks 6504-6505,6507-6511: Terminated
srun: error: frontier07379: task 12719: Terminated
srun: error: frontier00829: task 1535: Terminated
srun: error: frontier03256: tasks 5704-5710: Terminated
srun: error: frontier03477: task 6143: Terminated
srun: error: frontier02410: tasks 4200-4203,4205-4207: Terminated
srun: error: frontier07479: task 12887: Terminated
srun: error: frontier08498: tasks 14585-14591: Terminated
srun: error: frontier04107: tasks 7136-7139,7141-7143: Terminated
srun: error: frontier08997: tasks 15384-15391: Terminated
srun: error: frontier03876: task 6773: Terminated
srun: error: frontier06346: tasks 10944-10945,10947-10951: Terminated
srun: error: frontier05455: tasks 9440-9446: Terminated
srun: error: frontier07239: tasks 12448-12449,12451-12455: Terminated
srun: error: frontier04180: tasks 7304-7306,7308-7311: Terminated
srun: error: frontier02842: tasks 5000-5001,5003-5007: Terminated
srun: error: frontier01545: tasks 2696-2701,2703: Terminated
srun: error: frontier05560: tasks 9608-9613,9615: Terminated
srun: error: frontier07575: tasks 12984-12991: Terminated
srun: error: frontier09361: task 15987: Terminated
srun: error: frontier07707: tasks 13248-13253,13255: Terminated
srun: error: frontier00302: tasks 560-563,565-567: Terminated
srun: error: frontier06822: tasks 11744-11750: Terminated
srun: error: frontier01074: tasks 1896-1903: Terminated
srun: error: frontier00191: tasks 392-395,397-399: Terminated
srun: error: frontier07307: tasks 12544-12546,12548-12551: Terminated
srun: error: frontier00021: task 25: Terminated
srun: error: frontier02017: tasks 3496-3500,3502-3503: Terminated
srun: error: frontier04658: tasks 8104-8111: Terminated
srun: error: frontier05935: tasks 10240-10241,10243-10247: Terminated
srun: error: frontier09242: task 15822: Terminated
srun: error: frontier06622: task 11382: Terminated
srun: error: frontier00682: tasks 1192-1199: Terminated
srun: error: frontier01345: task 2335: Terminated
srun: error: frontier06049: tasks 10408-10410,10412-10415: Terminated
srun: error: frontier09133: tasks 15648-15650,15652-15655: Terminated
srun: error: frontier02092: tasks 3664-3665,3667-3671: Terminated
srun: error: frontier06424: tasks 11040-11043,11045-11047: Terminated
srun: error: frontier10168: tasks 16352-16353,16355-16359: Terminated
srun: error: frontier06499: tasks 11208-11210,11212-11215: Terminated
srun: error: frontier07967: task 13685: Terminated
srun: error: frontier03784: tasks 6600-6605,6607: Terminated
srun: error: frontier07876: tasks 13512-13518: Terminated
srun: error: frontier02650: task 4634: Terminated
srun: error: frontier02454: tasks 4296-4299,4301-4303: Terminated
srun: error: frontier08209: tasks 14048-14055: Terminated
srun: error: frontier08239: tasks 14144-14145,14147-14151: Terminated
srun: error: frontier04442: task 7742: Terminated
srun: error: frontier01246: tasks 2160-2162,2164-2167: Terminated
srun: error: frontier08652: tasks 14848-14852,14854-14855: Terminated
srun: error: frontier01802: task 3135: Terminated
srun: error: frontier03093: task 5437: Terminated
srun: error: frontier00796: tasks 1360-1361,1363-1367: Terminated
srun: error: frontier02906: tasks 5096-5100,5102-5103: Terminated
srun: error: frontier02544: tasks 4464-4466,4468-4471: Terminated
srun: error: frontier07756: tasks 13344-13345,13347-13351: Terminated
srun: error: frontier04363: tasks 7568-7574: Terminated
srun: error: frontier02186: task 3839: Terminated
srun: error: frontier03011: tasks 5264-5269,5271: Terminated
srun: error: frontier01690: tasks 2960-2964,2966-2967: Terminated
srun: error: frontier03299: tasks 5800-5807: Terminated
srun: error: frontier06190: task 10672: Terminated
srun: error: frontier05151: tasks 8905-8911: Terminated
srun: error: frontier01891: task 3303: Terminated
srun: error: frontier08348: tasks 14312-14318: Terminated
srun: error: frontier08470: task 14485: Terminated
srun: error: frontier05803: task 10046: Terminated
srun: error: frontier06093: tasks 10504,10506-10511: Terminated
srun: error: frontier00080: task 196: Terminated
srun: error: frontier07084: task 12182: Terminated
srun: error: frontier09179: tasks 15744-15749,15751: Terminated
srun: error: frontier00559: task 996: Terminated
srun: error: frontier08850: tasks 15112-15115,15117-15119: Terminated
srun: error: frontier06308: task 10845: Terminated
srun: error: frontier05716: task 9879: Terminated
srun: error: frontier02150: tasks 3760-3765,3767: Terminated
srun: error: frontier09097: tasks 15552-15559: Terminated
srun: error: frontier00818: tasks 1456-1463: Terminated
srun: error: frontier04252: tasks 7400-7404,7406-7407: Terminated
srun: error: frontier03552: task 6233: Terminated
srun: error: frontier05187: tasks 9000-9002,9004-9007: Terminated
srun: error: frontier06971: tasks 12008-12010,12012-12015: Terminated
srun: error: frontier00320: tasks 656-663: Terminated
srun: error: frontier05635: tasks 9704-9707,9709-9711: Terminated
srun: error: frontier07987: task 13783: Terminated
srun: error: frontier07574: task 12982: Terminated
srun: error: frontier04920: task 8537: Terminated
srun: error: frontier06687: task 11479: Terminated
srun: error: frontier08736: tasks 14944-14947,14949-14951: Terminated
srun: error: frontier02217: task 3934: Terminated
srun: error: frontier07066: tasks 12104-12106,12108-12111: Terminated
srun: error: frontier01048: task 1792: Terminated
srun: error: frontier07462: tasks 12808-12814: Terminated
srun: error: frontier00941: tasks 1624-1625,1627-1631: Terminated
srun: error: frontier00064: tasks 120-124,126-127: Terminated
srun: error: frontier05677: tasks 9800-9806: Terminated
srun: error: frontier03466: tasks 6064-6069,6071: Terminated
srun: error: frontier06592: tasks 11304-11309,11311: Terminated
srun: error: frontier02332: task 4098: Terminated
srun: error: frontier04824: tasks 8368-8375: Terminated
srun: error: frontier05301: tasks 9168-9173,9175: Terminated
srun: error: frontier01759: tasks 3056-3062: Terminated
srun: error: frontier09278: tasks 15912-15918: Terminated
srun: error: frontier03928: tasks 6864-6867,6869-6871: Terminated
srun: error: frontier02585: tasks 4560-4561,4563-4567: Terminated
srun: error: frontier01848: tasks 3224-3227,3229-3231: Terminated
srun: error: frontier00544: tasks 920-922,924-927: Terminated
srun: error: frontier01382: tasks 2424-2425,2427-2431: Terminated
srun: error: frontier06233: tasks 10768-10773,10775: Terminated
srun: error: frontier07956: tasks 13608-13611,13613-13615: Terminated
srun: error: frontier07496: tasks 12904-12905,12907-12911: Terminated
srun: error: frontier03041: tasks 5360-5366: Terminated
srun: error: frontier04904: tasks 8464-8466,8468-8471: Terminated
srun: error: frontier08375: tasks 14408,14410-14415: Terminated
srun: error: frontier03509: tasks 6160-6164,6166-6167: Terminated
srun: error: frontier05415: task 9340: Terminated
srun: error: frontier02196: tasks 3856-3857,3859-3863: Terminated
srun: error: frontier04404: tasks 7664-7668,7670-7671: Terminated
srun: error: frontier03609: tasks 6328,6330-6335: Terminated
srun: error: frontier04043: task 7036: Terminated
srun: error: frontier09371: tasks 16008-16014: Terminated
srun: error: frontier01293: tasks 2256-2259,2261-2263: Terminated
srun: error: frontier07139: tasks 12272-12273,12275-12279: Terminated
srun: error: frontier00164: task 292: Terminated
srun: error: frontier05787: tasks 9968-9972,9974-9975: Terminated
srun: error: frontier07594: tasks 13072-13076,13078-13079: Terminated
srun: error: frontier07233: task 12443: Terminated
srun: error: frontier02782: task 4896: Terminated
srun: error: frontier01495: task 2595: Terminated
srun: error: frontier04509: task 7838: Terminated
srun: error: frontier07972: tasks 13704-13711: Terminated
srun: error: frontier05339: tasks 9264-9265,9267-9271: Terminated
srun: error: frontier00960: tasks 1721-1727: Terminated
srun: error: frontier02760: tasks 4824-4826,4828-4831: Terminated
srun: error: frontier03152: task 5529: Terminated
srun: error: frontier03987: tasks 6960-6963,6965-6967: Terminated
srun: error: frontier01465: tasks 2520-2522,2524-2527: Terminated
srun: error: frontier08116: task 13949: Terminated
srun: error: frontier04104: tasks 7128-7132,7134-7135: Terminated
srun: error: frontier04740: tasks 8201-8207: Terminated
srun: error: frontier00183: tasks 385-391: Terminated
srun: error: frontier08888: tasks 15208-15213,15215: Terminated
srun: error: frontier08099: tasks 13872-13879: Terminated
srun: error: frontier08496: task 14580: Terminated
srun: error: frontier04485: tasks 7760-7764,7766-7767: Terminated
srun: error: frontier06750: task 11642: Terminated
srun: error: frontier07214: tasks 12368-12369,12371-12375: Terminated
srun: error: frontier04563: tasks 7928-7933,7935: Terminated
srun: error: frontier00576: task 1090: Terminated
srun: error: frontier04623: task 8004: Terminated
srun: error: frontier03218: tasks 5624-5627,5629-5631: Terminated
srun: error: frontier02306: tasks 4024-4031: Terminated
srun: error: frontier01941: task 3392: Terminated
srun: error: frontier00562: tasks 1016-1020,1022-1023: Terminated
srun: error: frontier08478: tasks 14504-14509,14511: Terminated
srun: error: frontier00679: tasks 1184-1188,1190-1191: Terminated
srun: error: frontier05895: task 10143: Terminated
srun: error: frontier03255: task 5698: Terminated
srun: error: frontier06721: tasks 11568-11571,11573-11575: Terminated
srun: error: frontier08585: tasks 14672-14679: Terminated
srun: error: frontier06341: task 10938: Terminated
srun: error: frontier05045: tasks 8728,8730-8735: Terminated
srun: error: frontier06316: tasks 10864-10867,10869-10871: Terminated
srun: error: frontier03666: tasks 6424-6425,6427-6431: Terminated
srun: error: frontier08613: task 14749: Terminated
srun: error: frontier02351: tasks 4120-4122,4124-4127: Terminated
srun: error: frontier09444: task 16179: Terminated
srun: error: frontier06421: tasks 11032-11033,11035-11039: Terminated
srun: error: frontier05808: tasks 10064-10067,10069-10071: Terminated
srun: error: frontier07689: tasks 13168-13174: Terminated
srun: error: frontier09096: task 15550: Terminated
srun: error: frontier05085: task 8806: Terminated
srun: error: frontier00083: tasks 216-223: Terminated
srun: error: frontier08996: task 15380: Terminated
srun: error: frontier04950: tasks 8560-8565,8567: Terminated
srun: error: frontier06793: tasks 11664-11669,11671: Terminated
srun: error: frontier05010: task 8638: Terminated
srun: error: frontier02408: task 4196: Terminated
srun: error: frontier02817: tasks 4920-4927: Terminated
srun: error: frontier06869: tasks 11832-11835,11837-11839: Terminated
srun: error: frontier01067: task 1893: Terminated
srun: error: frontier01505: tasks 2617-2623: Terminated
srun: error: frontier03724: task 6501: Terminated
srun: error: frontier05527: tasks 9528,9530-9535: Terminated
srun: error: frontier09013: tasks 15472-15479: Terminated
srun: error: frontier07253: tasks 12464-12465,12467-12471: Terminated
srun: error: frontier01595: tasks 2784-2791: Terminated
srun: error: frontier00284: tasks 481-487: Terminated
srun: error: frontier05453: task 9433: Terminated
srun: error: frontier07706: task 13245: Terminated
srun: error: frontier01088: tasks 1985-1991: Terminated
srun: error: frontier04628: tasks 8025-8031: Terminated
srun: error: frontier10167: task 16346: Terminated
srun: error: frontier07343: tasks 12632-12635,12637-12639: Terminated
srun: error: frontier05980: tasks 10328-10332,10334-10335: Terminated
srun: error: frontier08734: tasks 14936-14941,14943: Terminated
srun: error: frontier01175: task 2061: Terminated
srun: error: frontier02904: tasks 5088-5095: Terminated
srun: error: frontier04151: tasks 7225-7231: Terminated
srun: error: frontier03348: tasks 5888-5890,5892-5895: Terminated
srun: error: frontier08124: tasks 13968-13975: Terminated
srun: error: frontier00702: tasks 1280-1283,1285-1287: Terminated
srun: error: frontier10150: tasks 16272-16277,16279: Terminated
srun: error: frontier06463: tasks 11128-11130,11132-11135: Terminated
srun: error: frontier02062: tasks 3585-3591: Terminated
srun: error: frontier01539: task 2692: Terminated
srun: error: frontier05558: task 9605: Terminated
srun: error: frontier08621: tasks 14768-14771,14773-14775: Terminated
srun: error: frontier03728: tasks 6520-6526: Terminated
srun: error: frontier09099: tasks 15568,15570-15575: Terminated
srun: error: frontier05090: tasks 8824-8825,8827-8831: Terminated
srun: error: frontier08208: task 14047: Terminated
srun: error: frontier01179: tasks 2080-2085,2087: Terminated
srun: error: frontier04179: task 7302: Terminated
srun: error: frontier02526: tasks 4384-4389,4391: Terminated
srun: error: frontier01632: task 2863: Terminated
srun: error: frontier08279: tasks 14232-14236,14238-14239: Terminated
srun: error: frontier09178: tasks 15736-15739,15741-15743: Terminated
srun: error: frontier05186: tasks 8992-8998: Terminated
srun: error: frontier10172: tasks 16368-16371,16373-16375: Terminated
srun: error: frontier03849: tasks 6688-6689,6691-6695: Terminated
srun: error: frontier02841: task 4996: Terminated
srun: error: frontier01642: tasks 2880-2886: Terminated
srun: error: frontier04653: task 8102: Terminated
srun: error: frontier02016: task 3492: Terminated
srun: error: frontier03298: task 5794: Terminated
srun: error: frontier08638: task 14841: Terminated
srun: error: frontier01758: tasks 3048-3051,3053-3055: Terminated
srun: error: frontier07306: task 12538: Terminated
srun: error: frontier01894: tasks 3320-3325,3327: Terminated
srun: error: frontier06950: tasks 11928-11930,11932-11935: Terminated
srun: error: frontier07436: tasks 12728,12730-12735: Terminated
srun: error: frontier04765: tasks 8288-8294: Terminated
srun: error: frontier07376: task 12706: Terminated
srun: error: frontier00424: tasks 744-751: Terminated
srun: error: frontier07743: task 13340: Terminated
srun: error: frontier00795: task 1354: Terminated
srun: error: frontier07884: tasks 13528,13530-13535: Terminated
srun: error: frontier02194: tasks 3848-3853,3855: Terminated
srun: error: frontier06052: tasks 10424-10428,10430-10431: Terminated
srun: error: frontier06536: tasks 11224-11228,11230-11231: Terminated
srun: error: frontier05578: tasks 9624-9630: Terminated
srun: error: frontier06624: tasks 11392-11393,11395-11399: Terminated
srun: error: frontier01052: tasks 1816-1823: Terminated
srun: error: frontier00305: tasks 576,578-583: Terminated
srun: error: frontier02562: tasks 4480-4484,4486-4487: Terminated
srun: error: frontier02966: tasks 5184-5188,5190-5191: Terminated
srun: error: frontier05676: tasks 9792-9795,9797-9799: Terminated
srun: error: frontier03891: tasks 6784-6787,6789-6791: Terminated
srun: error: frontier04303: tasks 7488-7490,7492-7495: Terminated
srun: error: frontier07971: tasks 13696-13698,13700-13703: Terminated
srun: error: frontier09250: tasks 15832-15839: Terminated
srun: error: frontier00027: tasks 40,42-47: Terminated
srun: error: frontier03783: task 6593: Terminated
srun: error: frontier07875: task 13507: Terminated
srun: error: frontier09132: task 15644: Terminated
srun: error: frontier06498: task 11202: Terminated
srun: error: frontier03272: tasks 5720-5727: Terminated
srun: error: frontier08759: tasks 15032-15034,15036-15039: Terminated
srun: error: frontier06165: tasks 10592-10599: Terminated
srun: error: frontier04367: tasks 7584-7585,7587-7591: Terminated
srun: error: frontier00831: tasks 1544-1546,1548-1551: Terminated
srun: error: frontier02656: tasks 4648-4655: Terminated
srun: error: frontier02079: task 3663: Terminated
srun: error: frontier02123: tasks 3680,3682-3687: Terminated
srun: error: frontier05718: tasks 9888-9892,9894-9895: Terminated
srun: error: frontier01356: tasks 2344-2346,2348-2351: Terminated
srun: error: frontier05150: task 8899: Terminated
srun: error: frontier01813: tasks 3144-3147,3149-3151: Terminated
srun: error: frontier01243: task 2153: Terminated
srun: error: frontier03019: tasks 5280-5282,5284-5287: Terminated
srun: error: frontier03420: tasks 5984-5989,5991: Terminated
srun: error: frontier05275: tasks 9088-9093,9095: Terminated
srun: error: frontier02450: task 4289: Terminated
srun: error: frontier03096: tasks 5448-5450,5452-5455: Terminated
srun: error: frontier07847: tasks 13432-13439: Terminated
srun: error: frontier08477: tasks 14496-14500,14502-14503: Terminated
srun: error: frontier05600: task 9697: Terminated
srun: error: frontier04445: tasks 7752-7755,7757-7759: Terminated
srun: error: frontier09284: tasks 15928-15933,15935: Terminated
srun: error: frontier02250: tasks 3944-3945,3947-3951: Terminated
srun: error: frontier00950: tasks 1640-1646: Terminated
srun: error: frontier04947: tasks 8552-8553,8555-8559: Terminated
srun: error: frontier08238: task 14141: Terminated
srun: error: frontier06698: tasks 11488-11489,11491-11495: Terminated
srun: error: frontier07089: tasks 12192-12198: Terminated
srun: error: frontier08350: tasks 14328-14335: Terminated
srun: error: frontier06970: task 12004: Terminated
srun: error: frontier08854: tasks 15128-15130,15132-15135: Terminated
srun: error: frontier03589: tasks 6248-6253,6255: Terminated
srun: error: frontier03001: task 5259: Terminated
srun: error: frontier00449: tasks 840-846: Terminated
srun: error: frontier04050: tasks 7048-7050,7052-7055: Terminated
srun: error: frontier02708: tasks 4744-4748,4750-4751: Terminated
srun: error: frontier07998: tasks 13792-13796,13798-13799: Terminated
srun: error: frontier01051: tasks 1808-1815: Terminated
srun: error: frontier04826: tasks 8384-8387,8389-8391: Terminated
srun: error: frontier08347: task 14306: Terminated
srun: error: frontier03867: task 6763: Terminated
srun: error: frontier00319: task 651: Terminated
srun: error: frontier07455: task 12807: Terminated
srun: error: frontier06090: task 10501: Terminated
srun: error: frontier01504: tasks 2608-2610,2612-2615: Terminated
srun: error: frontier07141: tasks 12288-12294: Terminated
srun: error: frontier07576: tasks 12992-12994,12996-12999: Terminated
srun: error: frontier09394: tasks 16096-16097,16099-16103: Terminated
srun: error: frontier00167: tasks 305-311: Terminated
srun: error: frontier06199: tasks 10688-10691,10693-10695: Terminated
srun: error: frontier00442: task 816: Terminated
srun: error: frontier01874: tasks 3240-3246: Terminated
srun: error: frontier08916: tasks 15296-15303: Terminated
srun: error: frontier05303: tasks 9184-9185,9187-9191: Terminated
srun: error: frontier04514: tasks 7848-7851,7853-7855: Terminated
srun: error: frontier04360: task 7567: Terminated
srun: error: frontier05789: tasks 9984-9990: Terminated
srun: error: frontier07599: tasks 13088-13089,13091-13095: Terminated
srun: error: frontier01385: tasks 2440-2443,2445-2447: Terminated
srun: error: frontier05417: tasks 9352-9357,9359: Terminated
srun: error: frontier00578: tasks 1104-1109,1111: Terminated
srun: error: frontier01944: tasks 3409-3415: Terminated
srun: error: frontier00816: task 1450: Terminated
srun: error: frontier08508: tasks 14592-14599: Terminated
srun: error: frontier05901: tasks 10152-10153,10155-10159: Terminated
srun: error: frontier07717: tasks 13256-13262: Terminated
srun: error: frontier01689: task 2959: Terminated
srun: error: frontier02318: tasks 4040-4047: Terminated
srun: error: frontier06350: tasks 10952-10958: Terminated
srun: error: frontier02148: task 3754: Terminated
srun: error: frontier09277: task 15909: Terminated
srun: error: frontier03465: task 6058: Terminated
srun: error: frontier08842: task 15108: Terminated
srun: error: frontier03727: tasks 6512,6514-6519: Terminated
srun: error: frontier05014: tasks 8648,8650-8655: Terminated
srun: error: frontier06825: tasks 11752-11758: Terminated
srun: error: frontier03160: tasks 5544-5551: Terminated
srun: error: frontier04823: task 8361: Terminated
srun: error: frontier01295: task 2264: Aborted (core dumped)
srun: error: frontier00939: task 1617: Terminated
srun: error: frontier06189: task 10669: Terminated
srun: error: frontier02411: tasks 4208-4211,4213-4215: Terminated
srun: error: frontier07240: tasks 12456-12462: Terminated
srun: error: frontier06684: task 11471: Terminated
srun: error: frontier08998: tasks 15392-15395,15397-15399: Terminated
srun: error: frontier00192: tasks 400-402,404-407: Terminated
srun: error: frontier02583: task 4556: Terminated
srun: error: frontier02851: tasks 5008-5011,5013-5015: Terminated
srun: error: frontier01547: tasks 2704-2710: Terminated
srun: error: frontier04566: tasks 7944-7950: Terminated
srun: error: frontier04181: tasks 7312-7318: Terminated
srun: error: frontier08106: tasks 13888,13890-13895: Terminated
srun: error: frontier07316: tasks 12552-12558: Terminated
srun: error: frontier05296: task 9166: Terminated
srun: error: frontier03927: task 6860: Terminated
srun: error: frontier03644: tasks 6344,6346-6351: Terminated
srun: error: frontier05456: tasks 9448-9455: Terminated
srun: error: frontier01075: tasks 1904-1905,1907-1911: Terminated
srun: error: frontier02018: tasks 3504-3505,3507-3511: Terminated
srun: error: frontier01290: task 2250: Terminated
srun: error: frontier10170: tasks 16360-16363,16365-16367: Terminated
srun: error: frontier00304: tasks 568-570,572-575: Terminated
srun: error: frontier04110: tasks 7144-7148,7150-7151: Terminated
srun: error: frontier08373: task 14405: Terminated
srun: error: frontier03311: tasks 5808-5814: Terminated
srun: error: frontier04686: tasks 8112-8116,8118-8119: Terminated
srun: error: frontier02701: task 4720: Terminated
srun: error: frontier00798: tasks 1368-1369,1371-1375: Terminated
srun: error: frontier06425: tasks 11048,11050-11055: Terminated
srun: error: frontier00685: tasks 1201-1207: Terminated
srun: error: frontier08213: tasks 14056-14060,14062-14063: Terminated
srun: error: frontier03787: tasks 6608-6611,6613-6615: Terminated
srun: error: frontier09136: tasks 15656-15663: Terminated
srun: error: frontier01096: tasks 2000-2001,2003-2007: Terminated
srun: error: frontier05156: tasks 8912,8914-8919: Terminated
srun: error: frontier01381: task 2422: Terminated
srun: error: frontier02455: tasks 4304-4307,4309-4311: Terminated
srun: error: frontier03040: task 5355: Terminated
srun: error: frontier01250: tasks 2168,2170-2175: Terminated
srun: error: frontier06878: tasks 11848-11849,11851-11855: Terminated
srun: error: frontier08653: tasks 14856,14858-14863: Terminated
srun: error: frontier06050: tasks 10416-10422: Terminated
srun: error: frontier05936: tasks 10248-10255: Terminated
srun: error: frontier05637: tasks 9712-9718: Terminated
srun: error: frontier04253: tasks 7408-7410,7412-7415: Terminated
srun: error: frontier07757: tasks 13352-13358: Terminated
srun: error: frontier05780: task 9964: Terminated
srun: error: frontier03146: task 5527: Terminated
srun: error: frontier02561: tasks 4472-4476,4478-4479: Terminated
srun: error: frontier01847: task 3222: Terminated
srun: error: frontier03013: tasks 5272-5273,5275-5279: Terminated
srun: error: frontier00396: tasks 665-671: Terminated
srun: error: frontier00543: task 912: Terminated
srun: error: frontier07138: task 12271: Terminated
srun: error: frontier03358: tasks 5904-5905,5907-5911: Terminated
srun: error: frontier06232: task 10764: Terminated
srun: error: frontier06094: tasks 10512-10517,10519: Terminated
srun: error: frontier01700: tasks 2968-2975: Terminated
srun: error: frontier06535: tasks 11216-11223: Terminated
srun: error: frontier09226: tasks 15752,15754-15759: Terminated
srun: error: frontier04903: task 8463: Terminated
srun: error: frontier03501: task 6156: Terminated
srun: error: frontier00819: tasks 1464-1471: Terminated
srun: error: frontier08240: tasks 14152-14154,14156-14159: Terminated
srun: error: frontier03469: tasks 6072-6074,6076-6079: Terminated
srun: error: frontier02152: tasks 3768,3770-3775: Terminated
srun: error: frontier09280: tasks 15920-15922,15924-15927: Terminated
srun: error: frontier07957: tasks 13616-13617,13619-13623: Terminated
srun: error: frontier07355: tasks 12648-12655: Terminated
srun: error: frontier06986: tasks 12016-12023: Terminated
srun: error: frontier10127: tasks 16192-16199: Terminated
srun: error: frontier03608: task 6325: Terminated
srun: error: frontier08737: tasks 14952-14953,14955-14959: Terminated
srun: error: frontier07495: task 12902: Terminated
srun: error: frontier08852: tasks 15120-15126: Terminated
srun: error: frontier07463: tasks 12816-12820,12822-12823: Terminated
srun: error: frontier02605: tasks 4568,4570-4575: Terminated
srun: error: frontier09366: task 16001: Terminated
srun: error: frontier05302: tasks 9176-9180,9182-9183: Terminated
srun: error: frontier02907: tasks 5104-5107,5109-5111: Terminated
srun: error: frontier07593: task 13070: Terminated
srun: error: frontier09436: task 16169: Terminated
srun: error: frontier03857: tasks 6704-6708,6710-6711: Terminated
srun: error: frontier05684: tasks 9808-9814: Terminated
srun: error: frontier07946: task 13605: Terminated
srun: error: frontier02286: task 4020: Terminated
srun: error: frontier03986: task 6958: Terminated
srun: error: frontier00065: tasks 128-134: Terminated
srun: error: frontier08994: task 15370: Terminated
srun: error: frontier05338: task 9261: Terminated
srun: error: frontier00428: tasks 761-767: Terminated
srun: error: frontier01760: tasks 3064-3068,3070-3071: Terminated
srun: error: frontier04741: tasks 8208-8212,8214-8215: Terminated
srun: error: frontier05788: tasks 9976-9977,9979-9983: Terminated
srun: error: frontier03075: tasks 5368,5370-5375: Terminated
srun: error: frontier06595: tasks 11312-11315,11317-11319: Terminated
srun: error: frontier01870: tasks 3232-3235,3237-3239: Terminated
srun: error: frontier00545: tasks 929-935: Terminated
srun: error: frontier00959: task 1716: Terminated
srun: error: frontier05202: tasks 9008-9015: Terminated
srun: error: frontier04906: tasks 8472-8473,8475-8479: Terminated
srun: error: frontier02748: task 4822: Terminated
srun: error: frontier06234: tasks 10776,10778-10783: Terminated
srun: error: frontier02197: tasks 3864,3866-3871: Terminated
srun: error: frontier03929: tasks 6872-6879: Terminated
srun: error: frontier09372: tasks 16016-16020,16022-16023: Terminated
srun: error: frontier02307: tasks 4032-4037,4039: Terminated
srun: error: frontier07068: tasks 12112-12115,12117-12119: Terminated
srun: error: frontier06176: tasks 10608-10613,10615: Terminated
srun: error: frontier03510: tasks 6168-6172,6174-6175: Terminated
srun: error: frontier08537: task 14668: Terminated
srun: error: frontier08376: tasks 14416-14422: Terminated
srun: error: frontier03989: tasks 6968-6973,6975: Terminated
srun: error: frontier02660: tasks 4664,4666-4671: Terminated
srun: error: frontier04102: task 7125: Terminated
srun: error: frontier00181: task 380: Terminated
srun: error: frontier06627: tasks 11408-11412,11414-11415: Terminated
srun: error: frontier08100: tasks 13880-13881,13883-13887: Terminated
srun: error: frontier05382: tasks 9272-9276,9278-9279: Terminated
srun: error: frontier08889: tasks 15216-15223: Terminated
srun: error: frontier04405: tasks 7672-7677,7679: Terminated
srun: error: frontier00961: tasks 1728-1732,1734-1735: Terminated
srun: error: frontier01466: tasks 2528-2530,2532-2535: Terminated
srun: error: frontier00129: tasks 224,226-231: Terminated
srun: error: frontier05926: task 10225: Terminated
srun: error: frontier04561: task 7921: Terminated
srun: error: frontier01435: task 2519: Terminated
srun: error: frontier07501: tasks 12912-12917,12919: Terminated
srun: error: frontier07213: task 12365: Terminated
srun: error: frontier05806: task 10059: Terminated
srun: error: frontier00561: task 1008: Terminated
srun: error: frontier00563: tasks 1024-1029,1031: Terminated
srun: error: frontier07977: tasks 13712-13716,13718-13719: Terminated
srun: error: frontier03219: tasks 5632-5635,5637-5639: Terminated
srun: error: frontier02764: tasks 4832-4833,4835-4839: Terminated
srun: error: frontier04564: tasks 7936-7939,7941-7943: Terminated
srun: error: frontier02013: task 3485: Terminated
srun: error: frontier00678: task 1178: Terminated
srun: error: frontier06312: task 10863: Terminated
srun: error: frontier01893: task 3315: Terminated
srun: error: frontier08480: tasks 14512-14519: Terminated
srun: error: frontier05809: tasks 10072-10078: Terminated
srun: error: frontier07686: task 13165: Terminated
srun: error: frontier06726: tasks 11576-11582: Terminated
srun: error: frontier05046: tasks 8736-8741,8743: Terminated
srun: error: frontier03667: tasks 6432-6437,6439: Terminated
srun: error: frontier03118: tasks 5464-5468,5470-5471: Terminated
srun: error: frontier02395: tasks 4128-4133,4135: Terminated
srun: error: frontier05030: task 8723: Terminated
srun: error: frontier04492: tasks 7768,7770-7775: Terminated
srun: error: frontier06715: task 11563: Terminated
srun: error: frontier05422: tasks 9368-9372,9374-9375: Terminated
srun: error: frontier03216: task 5621: Terminated
srun: error: frontier08587: tasks 14680-14683,14685-14687: Terminated
srun: error: frontier07215: tasks 12376-12377,12379-12383: Terminated
srun: error: frontier06414: task 11031: Terminated
srun: error: frontier01895: tasks 3328-3334: Terminated
srun: error: frontier01090: tasks 1992-1994,1996-1999: Terminated
srun: error: frontier04152: tasks 7232-7233,7235-7239: Terminated
srun: error: frontier10149: task 16265: Terminated
srun: error: frontier06874: tasks 11840-11842,11844-11847: Terminated
srun: error: frontier01506: tasks 2624-2625,2627-2631: Terminated
srun: error: frontier05531: tasks 9536-9538,9540-9543: Terminated
srun: error: frontier04952: tasks 8568-8574: Terminated
srun: error: frontier01596: tasks 2792-2793,2795-2799: Terminated
srun: error: frontier02818: tasks 4928-4933,4935: Terminated
srun: error: frontier02443: task 4280: Terminated
srun: error: frontier06317: tasks 10872-10879: Terminated
srun: error: frontier06797: tasks 11672-11675,11677-11679: Terminated
srun: error: frontier09018: tasks 15480-15487: Terminated
srun: error: frontier01054: tasks 1825-1831: Terminated
srun: error: frontier00285: tasks 488-489,491-495: Terminated
srun: error: frontier08932: tasks 15312-15319: Terminated
srun: error: frontier05982: tasks 10336-10338,10340-10343: Terminated
srun: error: frontier07691: tasks 13176-13183: Terminated
srun: error: frontier04629: tasks 8032-8038: Terminated
srun: error: frontier06867: task 11828: Terminated
srun: error: frontier08125: tasks 13976-13983: Terminated
srun: error: frontier03664: task 6417: Terminated
srun: error: frontier06790: task 11662: Terminated
srun: error: frontier01947: tasks 3424,3426-3431: Terminated
srun: error: frontier04150: task 7219: Terminated
srun: error: frontier03357: tasks 5896-5902: Terminated
srun: error: frontier02784: task 4914: Terminated
srun: error: frontier10151: tasks 16280-16283,16285-16287: Terminated
srun: error: frontier02065: tasks 3593-3599: Terminated
srun: error: frontier03279: tasks 5728-5735: Terminated
srun: error: frontier07354: tasks 12640-12644,12646-12647: Terminated
srun: error: frontier07255: tasks 12472-12475,12477-12479: Terminated
srun: error: frontier09100: tasks 15576-15577,15579-15583: Terminated
srun: error: frontier00704: tasks 1288-1293,1295: Terminated
srun: error: frontier01566: task 2779: Terminated
srun: error: frontier05091: tasks 8832-8835,8837-8839: Terminated
srun: error: frontier01087: task 1977: Terminated
srun: error: frontier03729: tasks 6528-6530,6532-6535: Terminated
srun: error: frontier07848: tasks 13440-13447: Terminated
srun: error: frontier00281: task 476: Terminated
srun: error: frontier03855: tasks 6696-6700,6702-6703: Terminated
srun: error: frontier08619: task 14766: Terminated
srun: error: frontier01182: tasks 2088-2095: Terminated
srun: error: frontier08120: task 13965: Terminated
srun: error: frontier10173: tasks 16376-16380,16382-16383: Terminated
srun: error: frontier08622: tasks 14776-14783: Terminated
srun: error: frontier05580: tasks 9632-9635,9637-9639: Terminated
srun: error: frontier08237: task 14130: Terminated
srun: error: frontier04226: tasks 7328-7333,7335: Terminated
srun: error: frontier06464: tasks 11136-11138,11140-11143: Terminated
srun: error: frontier07340: task 12627: Terminated
srun: error: frontier02900: task 5085: Terminated
srun: error: frontier04627: task 8019: Terminated
srun: error: frontier01645: tasks 2888-2889,2891-2895: Terminated
srun: error: frontier02527: tasks 4392-4398: Terminated
srun: error: frontier04304: tasks 7496-7501,7503: Terminated
srun: error: frontier06053: tasks 10432-10433,10435-10439: Terminated
srun: error: frontier07723: tasks 13272-13279: Terminated
srun: error: frontier00306: tasks 585-591: Terminated
srun: error: frontier00425: tasks 753-759: Terminated
srun: error: frontier03271: task 5719: Terminated
srun: error: frontier08732: task 14929: Terminated
srun: error: frontier04688: tasks 8128-8130,8132-8135: Terminated
srun: error: frontier06955: tasks 11936-11943: Terminated
srun: error: frontier03347: task 5887: Terminated
srun: error: frontier06174: tasks 10600-10601,10603-10607: Terminated
srun: error: frontier03421: tasks 5992-5998: Terminated
srun: error: frontier00802: tasks 1384-1387,1389-1391: Terminated
srun: error: frontier02134: tasks 3688-3689,3691-3695: Terminated
srun: error: frontier04697: task 8189: Terminated
srun: error: frontier02336: task 4114: Terminated
srun: error: frontier08329: tasks 14240-14244,14246-14247: Terminated
srun: error: frontier06545: tasks 11232-11237,11239: Terminated
srun: error: frontier07886: tasks 13536-13541,13543: Terminated
srun: error: frontier00834: tasks 1553-1559: Terminated
srun: error: frontier02967: tasks 5192-5196,5198-5199: Terminated
srun: error: frontier07437: tasks 12736-12740,12742-12743: Terminated
srun: error: frontier02564: tasks 4488-4493,4495: Terminated
srun: error: frontier01252: tasks 2184-2191: Terminated
srun: error: frontier02059: task 3576: Terminated
srun: error: frontier09177: task 15734: Terminated
srun: error: frontier06453: task 11125: Terminated
srun: error: frontier06995: tasks 12032-12036,12038-12039: Terminated
srun: error: frontier07846: task 13431: Terminated
srun: error: frontier02657: tasks 4656-4659,4661-4663: Terminated
srun: error: frontier05172: task 8987: Terminated
srun: error: frontier00029: tasks 49-55: Terminated
srun: error: frontier01357: tasks 2352-2358: Terminated
srun: error: frontier03843: task 6685: Terminated
srun: error: frontier08760: tasks 15040-15045,15047: Terminated
srun: error: frontier05089: task 8822: Terminated
srun: error: frontier04772: tasks 8296-8298,8300-8303: Terminated
srun: error: frontier09251: tasks 15840-15842,15844-15847: Terminated
srun: error: frontier01814: tasks 3152-3156,3158-3159: Terminated
srun: error: frontier06625: tasks 11400-11401,11403-11407: Terminated
srun: error: frontier00451: tasks 848-855: Terminated
srun: error: frontier03892: tasks 6792-6796,6798-6799: Terminated
srun: error: frontier05577: task 9623: Terminated
srun: error: frontier05276: tasks 9096-9098,9100-9103: Terminated
srun: error: frontier03471: tasks 6088-6095: Terminated
srun: error: frontier07577: tasks 13000-13004,13006-13007: Terminated
srun: error: frontier07469: tasks 12832-12838: Terminated
srun: error: frontier01289: task 2247: Terminated
srun: error: frontier09286: tasks 15936-15938,15940-15943: Terminated
srun: error: frontier08931: tasks 15304-15310: Terminated
srun: error: frontier05719: tasks 9896-9902: Terminated
srun: error: frontier08264: task 14228: Terminated
srun: error: frontier03028: tasks 5288-5295: Terminated
srun: error: frontier02266: tasks 3952-3958: Terminated
srun: error: frontier08351: tasks 14336-14343: Terminated
srun: error: frontier00951: tasks 1648,1650-1655: Terminated
srun: error: frontier03931: tasks 6888-6895: Terminated
srun: error: frontier02965: task 5182: Terminated
srun: error: frontier04368: tasks 7592,7594-7599: Terminated
srun: error: frontier07062: task 12093: Terminated
srun: error: frontier03590: tasks 6256-6260,6262-6263: Terminated
srun: error: frontier04828: tasks 8392-8398: Terminated
srun: error: frontier06939: task 11927: Terminated
srun: error: frontier09395: tasks 16104-16108,16110-16111: Terminated
srun: error: frontier01178: task 2075: Terminated
srun: error: frontier05675: task 9787: Terminated
srun: error: frontier07094: tasks 12200-12202,12204-12207: Terminated
srun: error: frontier04053: tasks 7056-7061,7063: Terminated
srun: error: frontier03100: tasks 5456,5458-5463: Terminated
srun: error: frontier08218: tasks 14072-14079: Terminated
srun: error: frontier08858: tasks 15136-15141,15143: Terminated
srun: error: frontier06200: tasks 10696-10699,10701-10703: Terminated
srun: error: frontier05419: tasks 9360-9364,9366-9367: Terminated
srun: error: frontier06700: tasks 11496-11502: Terminated
srun: error: frontier02525: task 4376: Terminated
srun: error: frontier02709: tasks 4752-4753,4755-4759: Terminated
srun: error: frontier07384: task 12723: Terminated
srun: error: frontier01386: tasks 2449-2455: Terminated
srun: error: frontier00423: task 741: Terminated
srun: error: frontier00068: tasks 144-149,151: Terminated
srun: error: frontier05308: tasks 9192-9196,9198-9199: Terminated
srun: error: frontier01757: task 3042: Terminated
srun: error: frontier00168: tasks 312-316,318-319: Terminated
srun: error: frontier03161: tasks 5552-5553,5555-5559: Terminated
srun: error: frontier01882: tasks 3248-3254: Terminated
srun: error: frontier05902: tasks 10160-10166: Terminated
srun: error: frontier02099: task 3679: Terminated
srun: error: frontier00547: tasks 944-947,949-951: Terminated
srun: error: frontier04520: tasks 7856,7858-7863: Terminated
srun: error: frontier07600: tasks 13096,13098-13103: Terminated
srun: error: frontier00662: tasks 1112-1113,1115-1119: Terminated
srun: error: frontier06284: tasks 10792-10799: Terminated
srun: error: frontier07480: task 12893: Terminated
srun: error: frontier04302: task 7487: Terminated
srun: error: frontier01945: tasks 3416-3419,3421-3423: Terminated
srun: error: frontier09248: task 15827: Terminated
srun: error: frontier04763: task 8283: Terminated
srun: error: frontier07999: tasks 13800-13803,13805-13807: Terminated
srun: error: frontier05016: tasks 8656-8661,8663: Terminated
srun: error: frontier09098: task 15563: Terminated
srun: error: frontier08517: tasks 14600-14605,14607: Terminated
srun: error: frontier03645: tasks 6352-6356,6358-6359: Terminated
srun: error: frontier07171: tasks 12297-12303: Terminated
srun: error: frontier02192: task 3847: Terminated
srun: error: frontier02413: tasks 4216-4219,4221-4223: Terminated
srun: error: frontier03419: task 5978: Terminated
srun: error: frontier08108: tasks 13896-13897,13899-13903: Terminated
srun: error: frontier08755: task 15026: Terminated
srun: error: frontier02319: tasks 4048-4053,4055: Terminated
srun: error: frontier03489: task 6150: Terminated
srun: error: frontier05790: tasks 9992-9995,9997-9999: Terminated
srun: error: frontier06826: tasks 11760-11766: Terminated
srun: error: frontier00830: task 1538: Terminated
srun: error: frontier01077: tasks 1912-1915,1917-1919: Terminated
srun: error: frontier04114: tasks 7152-7153,7155-7159: Terminated
srun: error: frontier05273: task 9085: Terminated
srun: error: frontier05457: tasks 9456-9463: Terminated
srun: error: frontier07722: tasks 13264-13268,13270-13271: Terminated
srun: error: frontier03889: task 6781: Terminated
srun: error: frontier06623: task 11389: Terminated
srun: error: frontier04182: tasks 7320-7325,7327: Terminated
srun: error: frontier01553: tasks 2713-2719: Terminated
srun: error: frontier07878: task 13525: Terminated
srun: error: frontier08999: tasks 15400-15403,15405-15407: Terminated
srun: error: frontier07319: tasks 12560-12566: Terminated
srun: error: frontier04567: tasks 7952-7954,7956-7959: Terminated
srun: error: frontier05937: tasks 10256-10260,10262-10263: Terminated
srun: error: frontier06358: tasks 10960-10962,10964-10967: Terminated
srun: error: frontier04687: tasks 8120-8121,8123-8127: Terminated
srun: error: frontier00686: tasks 1208-1212,1214-1215: Terminated
srun: error: frontier03985: task 6946: Terminated
srun: error: frontier02019: tasks 3512-3514,3516-3519: Terminated
srun: error: frontier08601: tasks 14696-14701,14703: Terminated
srun: error: frontier10129: tasks 16200-16207: Terminated
srun: error: frontier08471: task 14488: Terminated
srun: error: frontier06426: tasks 11056-11062: Terminated
srun: error: frontier00193: tasks 408-409,411-415: Terminated
srun: error: frontier05058: tasks 8752-8753,8755-8759: Terminated
srun: error: frontier08217: tasks 14064-14071: Terminated
srun: error: frontier00799: tasks 1376-1377,1379-1383: Terminated
srun: error: frontier00023: task 39: Terminated
srun: error: frontier08349: task 14324: Terminated
srun: error: frontier01354: task 2336: Terminated
srun: error: frontier03334: tasks 5816-5817,5819-5823: Terminated
srun: error: frontier02774: tasks 4848,4850-4855: Terminated
srun: error: frontier02854: tasks 5016-5021,5023: Terminated
srun: error: frontier01153: tasks 2008-2009,2011-2015: Terminated
srun: error: frontier05157: tasks 8920-8927: Terminated
srun: error: frontier08655: tasks 14864-14870: Terminated
srun: error: frontier05536: tasks 9552,9554-9559: Terminated
srun: error: frontier09030: tasks 15496-15503: Terminated
srun: error: frontier02458: tasks 4312-4315,4317-4319: Terminated
srun: error: frontier01805: task 3141: Terminated
srun: error: frontier09139: tasks 15664,15666-15671: Terminated
srun: error: frontier04255: tasks 7416-7418,7420-7423: Terminated
srun: error: frontier06993: tasks 12024-12029,12031: Terminated
srun: error: frontier01612: tasks 2809-2815: Terminated
srun: error: frontier05649: tasks 9720-9721,9723-9727: Terminated
srun: error: frontier07088: task 12190: Terminated
srun: error: frontier04444: task 7750: Terminated
srun: error: frontier00081: task 203: Terminated
srun: error: frontier07758: tasks 13360-13361,13363-13367: Terminated
srun: error: frontier02908: tasks 5112-5115,5117-5119: Terminated
srun: error: frontier03791: tasks 6616-6619,6621-6623: Terminated
srun: error: frontier04825: task 8380: Terminated
srun: error: frontier00448: task 838: Terminated
srun: error: frontier01701: tasks 2976-2979,2981-2983: Terminated
srun: error: frontier07356: tasks 12656-12662: Terminated
srun: error: frontier00397: tasks 672-677,679: Terminated
srun: error: frontier03368: tasks 5912-5913,5915-5919: Terminated
srun: error: frontier07466: tasks 12824-12827,12829-12831: Terminated
srun: error: frontier02071: tasks 3608-3613,3615: Terminated
srun: error: frontier04745: tasks 8216-8220,8222-8223: Terminated
srun: error: frontier04366: task 7579: Terminated
srun: error: frontier07852: tasks 13456-13458,13460-13463: Terminated
srun: error: frontier01251: tasks 2176-2179,2181-2183: Terminated
srun: error: frontier00560: task 1000: Terminated
srun: error: frontier08241: tasks 14160-14164,14166-14167: Terminated
srun: error: frontier02155: tasks 3776-3777,3779-3783: Terminated
srun: error: frontier08738: tasks 14960-14962,14964-14967: Terminated
srun: error: frontier03470: tasks 6080-6087: Terminated
srun: error: frontier03553: task 6247: Terminated
srun: error: frontier08915: task 15294: Terminated
srun: error: frontier02226: task 3942: Terminated
srun: error: frontier04924: task 8549: Terminated
srun: error: frontier06310: task 10853: Terminated
srun: error: frontier06095: tasks 10520-10524,10526-10527: Terminated
srun: error: frontier06195: task 10687: Terminated
srun: error: frontier05203: tasks 9016-9023: Terminated
srun: error: frontier01297: tasks 2272-2276,2278-2279: Terminated
srun: error: frontier00821: tasks 1472-1478: Terminated
srun: error: frontier09392: task 16090: Terminated
srun: error: frontier03930: tasks 6880-6887: Terminated
srun: error: frontier07990: task 13790: Terminated
srun: error: frontier01049: task 1800: Terminated
srun: error: frontier06693: task 11486: Terminated
srun: error: frontier07069: tasks 12120-12122,12124-12127: Terminated
srun: error: frontier00947: task 1634: Terminated
srun: error: frontier06599: tasks 11320-11327: Terminated
srun: error: frontier09227: tasks 15760-15762,15764-15767: Terminated
srun: error: frontier05685: tasks 9816-9817,9819-9823: Terminated
srun: error: frontier04434: tasks 7680-7685,7687: Terminated
srun: error: frontier00066: tasks 136-137,139-143: Terminated
srun: error: frontier07503: tasks 12920-12926: Terminated
srun: error: frontier00431: tasks 768-769,771-775: Terminated
srun: error: frontier01384: task 2436: Terminated
srun: error: frontier04795: tasks 8312,8314-8319: Terminated
srun: error: frontier07958: tasks 13624-13631: Terminated
srun: error: frontier02703: task 4743: Terminated
srun: error: frontier06787: task 11650: Terminated
srun: error: frontier05416: task 9348: Terminated
srun: error: frontier02612: tasks 4576-4583: Terminated
srun: error: frontier04908: tasks 8480-8485,8487: Terminated
srun: error: frontier02198: tasks 3872-3876,3878-3879: Terminated
srun: error: frontier04047: task 7043: Terminated
srun: error: frontier03511: tasks 6176-6177,6179-6183: Terminated
srun: error: frontier00920: tasks 1568-1571,1573-1575: Terminated
srun: error: frontier00546: tasks 936,938-943: Terminated
srun: error: frontier01762: tasks 3072-3073,3075-3079: Terminated
srun: error: frontier02783: task 4911: Terminated
srun: error: frontier07140: task 12285: Terminated
srun: error: frontier04310: tasks 7512-7519: Terminated
srun: error: frontier07978: tasks 13720-13723,13725-13727: Terminated
srun: error: frontier00962: tasks 1736-1740,1742-1743: Terminated
srun: error: frontier03076: tasks 5376-5380,5382-5383: Terminated
srun: error: frontier08378: tasks 14424-14428,14430-14431: Terminated
srun: error: frontier06879: tasks 11856-11863: Terminated
srun: error: frontier00165: task 303: Terminated
srun: error: frontier03990: tasks 6976-6980,6982-6983: Terminated
srun: error: frontier01501: task 2602: Terminated
srun: error: frontier02661: tasks 4672-4678: Terminated
srun: error: frontier01362: tasks 2368,2370-2375: Terminated
srun: error: frontier08892: tasks 15224-15229,15231: Terminated
srun: error: frontier05900: task 10147: Terminated
srun: error: frontier06177: tasks 10616-10617,10619-10623: Terminated
srun: error: frontier02770: tasks 4840-4845,4847: Terminated
srun: error: frontier09376: tasks 16024,16026-16031: Terminated
srun: error: frontier00132: tasks 232-234,236-239: Terminated
srun: error: frontier06628: tasks 11416-11417,11419-11423: Terminated
srun: error: frontier01470: tasks 2536-2538,2540-2543: Terminated
srun: error: frontier04512: task 7842: Terminated
srun: error: frontier04493: tasks 7776-7778,7780-7783: Terminated
srun: error: frontier03120: tasks 5472-5473,5475-5479: Terminated
srun: error: frontier01942: task 3406: Terminated
srun: error: frontier07598: task 13084: Terminated
srun: error: frontier08498: task 14584: Terminated
srun: error: frontier00577: task 1099: Terminated
srun: error: frontier00566: tasks 1032-1036,1038-1039: Terminated
srun: error: frontier01897: tasks 3336-3337,3339-3343: Terminated
srun: error: frontier06727: tasks 11584-11589,11591: Terminated
srun: error: frontier04955: tasks 8576-8577,8579-8583: Terminated
srun: error: frontier05013: task 8647: Terminated
srun: error: frontier03598: tasks 6272-6276,6278-6279: Terminated
srun: error: frontier03625: task 6340: Terminated
srun: error: frontier07216: tasks 12384-12390: Terminated
srun: error: frontier08481: tasks 14520,14522-14527: Terminated
srun: error: frontier05057: tasks 8744-8746,8748-8751: Terminated
srun: error: frontier03256: task 5711: Terminated
srun: error: frontier09400: tasks 16120-16126: Terminated
srun: error: frontier07239: task 12450: Terminated
srun: error: frontier01055: tasks 1832-1833,1835-1839: Terminated
srun: error: frontier03859: tasks 6712-6719: Terminated
srun: error: frontier03668: tasks 6440-6446: Terminated
srun: error: frontier05384: tasks 9280-9285,9287: Terminated
srun: error: frontier10126: task 16190: Terminated
srun: error: frontier05423: tasks 9376-9379,9381-9383: Terminated
srun: error: frontier07103: tasks 12216-12222: Terminated
srun: error: frontier08599: tasks 14688-14693,14695: Terminated
srun: error: frontier05841: tasks 10080-10084,10086-10087: Terminated
srun: error: frontier10152: tasks 16288,16290-16295: Terminated
srun: error: frontier03220: tasks 5640-5643,5645-5647: Terminated
srun: error: frontier08973: tasks 15320-15322,15324-15327: Terminated
srun: error: frontier06346: task 10946: Terminated
srun: error: frontier03726: task 6506: Terminated
srun: error: frontier09027: tasks 15488-15494: Terminated
srun: error: frontier04153: tasks 7240-7245,7247: Terminated
srun: error: frontier02410: task 4204: Terminated
srun: error: frontier02831: tasks 4936-4937,4939-4943: Terminated
srun: error: frontier00171: tasks 328-333,335: Terminated
srun: error: frontier07257: tasks 12480-12481,12483-12487: Terminated
srun: error: frontier00286: tasks 496-499,501-503: Terminated
srun: error: frontier07707: task 13254: Terminated
srun: error: frontier06318: tasks 10880-10887: Terminated
srun: error: frontier02398: tasks 4136-4141,4143: Terminated
srun: error: frontier05455: task 9447: Terminated
srun: error: frontier04107: task 7140: Terminated
srun: error: frontier07694: tasks 13184-13190: Terminated
srun: error: frontier04630: tasks 8040-8041,8043-8047: Terminated
srun: error: frontier06803: tasks 11680-11684,11686-11687: Terminated
srun: error: frontier01948: tasks 3432-3433,3435-3439: Terminated
srun: error: frontier06280: tasks 10784-10791: Terminated
srun: error: frontier07724: tasks 13280-13285,13287: Terminated
srun: error: frontier08131: tasks 13984-13989,13991: Terminated
srun: error: frontier03287: tasks 5737-5743: Terminated
srun: error: frontier06363: tasks 10976,10978-10983: Terminated
srun: error: frontier05987: tasks 10344-10350: Terminated
srun: error: frontier01606: tasks 2800-2807: Terminated
srun: error: frontier04180: task 7307: Terminated
srun: error: frontier02068: tasks 3600-3606: Terminated
srun: error: frontier02842: task 5002: Terminated
srun: error: frontier05908: tasks 10176-10183: Terminated
srun: error: frontier05532: tasks 9544-9549,9551: Terminated
srun: error: frontier00707: tasks 1296-1298,1300-1303: Terminated
srun: error: frontier07851: tasks 13448-13454: Terminated
srun: error: frontier06822: task 11751: Terminated
srun: error: frontier06465: tasks 11144-11151: Terminated
srun: error: frontier01507: tasks 2632-2634,2636-2639: Terminated
srun: error: frontier05124: tasks 8840-8843,8845-8847: Terminated
srun: error: frontier01545: task 2702: Terminated
srun: error: frontier05560: task 9614: Terminated
srun: error: frontier03733: tasks 6536-6542: Terminated
srun: error: frontier05582: tasks 9640-9641,9643-9647: Terminated
srun: error: frontier01184: tasks 2096-2102: Terminated
srun: error: frontier00191: task 396: Terminated
srun: error: frontier06956: tasks 11944-11948,11950-11951: Terminated
srun: error: frontier08623: tasks 14784-14790: Terminated
srun: error: frontier04229: tasks 7336-7337,7339-7343: Terminated
srun: error: frontier07307: task 12547: Terminated
srun: error: frontier10168: task 16354: Terminated
srun: error: frontier00302: task 564: Terminated
srun: error: frontier09102: tasks 15584-15591: Terminated
srun: error: frontier05935: task 10242: Terminated
srun: error: frontier04306: tasks 7504,7506-7511: Terminated
srun: error: frontier02968: tasks 5200-5203,5205-5207: Terminated
srun: error: frontier02417: tasks 4232-4233,4235-4239: Terminated
srun: error: frontier01646: tasks 2896-2899,2901-2903: Terminated
srun: error: frontier07438: tasks 12744-12749,12751: Terminated
srun: error: frontier02017: task 3501: Terminated
srun: error: frontier06057: tasks 10440-10442,10444-10447: Terminated
srun: error: frontier02870: tasks 5032-5033,5035-5039: Terminated
srun: error: frontier06049: task 10411: Terminated
srun: error: frontier08331: tasks 14248-14252,14254-14255: Terminated
srun: error: frontier08763: tasks 15048-15053,15055: Terminated
srun: error: frontier04690: tasks 8136-8137,8139-8143: Terminated
srun: error: frontier02137: tasks 3696-3697,3699-3703: Terminated
srun: error: frontier00803: tasks 1392-1395,1397-1399: Terminated
srun: error: frontier04786: tasks 8304-8309,8311: Terminated
srun: error: frontier09252: tasks 15848-15853,15855: Terminated
srun: error: frontier08652: task 14853: Terminated
srun: error: frontier09133: task 15651: Terminated
srun: error: frontier02532: tasks 4400-4406: Terminated
srun: error: frontier08219: tasks 14080-14085,14087: Terminated
srun: error: frontier05164: tasks 8936-8940,8942-8943: Terminated
srun: error: frontier06424: task 11044: Terminated
srun: error: frontier07887: tasks 13544-13547,13549-13551: Terminated
srun: error: frontier00919: tasks 1560-1565,1567: Terminated
srun: error: frontier02092: task 3666: Terminated
srun: error: frontier06557: tasks 11240-11243,11245-11247: Terminated
srun: error: frontier00307: tasks 592-598: Terminated
srun: error: frontier02574: tasks 4496-4498,4500-4503: Terminated
srun: error: frontier08668: tasks 14880-14881,14883-14887: Terminated
srun: error: frontier01256: tasks 2192-2197,2199: Terminated
srun: error: frontier03784: task 6606: Terminated
srun: error: frontier07876: task 13519: Terminated
srun: error: frontier06499: task 11211: Terminated
srun: error: frontier00036: tasks 56-62: Terminated
srun: error: frontier02454: task 4300: Terminated
srun: error: frontier01359: tasks 2360-2366: Terminated
srun: error: frontier00796: task 1362: Terminated
srun: error: frontier07756: task 13346: Terminated
srun: error: frontier01740: tasks 2992-2997,2999: Terminated
srun: error: frontier08239: task 14146: Terminated
srun: error: frontier05280: tasks 9104-9105,9107-9111: Terminated
srun: error: frontier07470: tasks 12840-12842,12844-12847: Terminated
srun: error: frontier01246: task 2163: Terminated
srun: error: frontier03422: tasks 6000-6006: Terminated
srun: error: frontier03029: tasks 5297-5303: Terminated
srun: error: frontier00452: tasks 856-861,863: Terminated
srun: error: frontier08352: tasks 14344-14347,14349-14351: Terminated
srun: error: frontier02544: task 4467: Terminated
srun: error: frontier06996: tasks 12040-12044,12046-12047: Terminated
srun: error: frontier07095: tasks 12208-12209,12211-12215: Terminated
srun: error: frontier03472: tasks 6096-6099,6101-6103: Terminated
srun: error: frontier05655: tasks 9736-9741,9743: Terminated
srun: error: frontier05151: task 8904: Terminated
srun: error: frontier04372: tasks 7600,7602-7607: Terminated
srun: error: frontier02906: task 5101: Terminated
srun: error: frontier07578: tasks 13008-13014: Terminated
srun: error: frontier03597: tasks 6264-6269,6271: Terminated
srun: error: frontier02270: tasks 3960-3962,3964-3967: Terminated
srun: error: frontier04832: tasks 8400-8404,8406-8407: Terminated
srun: error: frontier00952: tasks 1656-1657,1659-1663: Terminated
srun: error: frontier01815: tasks 3160,3162-3167: Terminated
srun: error: frontier09399: tasks 16112-16113,16115-16119: Terminated
srun: error: frontier03969: tasks 6896-6898,6900-6903: Terminated
srun: error: frontier08081: tasks 13808-13814: Terminated
srun: error: frontier08348: task 14319: Terminated
srun: error: frontier04363: task 7575: Terminated
srun: error: frontier05722: tasks 9904-9908,9910-9911: Terminated
srun: error: frontier06204: tasks 10704-10706,10708-10711: Terminated
srun: error: frontier03011: task 5270: Terminated
srun: error: frontier07961: tasks 13640-13641,13643-13647: Terminated
srun: error: frontier01415: tasks 2456-2462: Terminated
srun: error: frontier08866: tasks 15144-15151: Terminated
srun: error: frontier04436: tasks 7696-7699,7701-7703: Terminated
srun: error: frontier04059: tasks 7064-7070: Terminated
srun: error: frontier06701: tasks 11504-11506,11508-11511: Terminated
srun: error: frontier04252: task 7405: Terminated
srun: error: frontier07175: tasks 12304-12306,12308-12311: Terminated
srun: error: frontier06093: task 10505: Terminated
srun: error: frontier06971: task 12011: Terminated
srun: error: frontier00170: tasks 320-325,327: Terminated
srun: error: frontier02158: tasks 3792-3797,3799: Terminated
srun: error: frontier01883: tasks 3256-3261,3263: Terminated
srun: error: frontier08850: task 15116: Terminated
srun: error: frontier05791: tasks 10000-10007: Terminated
srun: error: frontier05635: task 9708: Terminated
srun: error: frontier09287: tasks 15944-15946,15948-15951: Terminated
srun: error: frontier05904: tasks 10168-10175: Terminated
srun: error: frontier00548: tasks 952-953,955-959: Terminated
srun: error: frontier04521: tasks 7864-7867,7869-7871: Terminated
srun: error: frontier00666: tasks 1120-1124,1126-1127: Terminated
srun: error: frontier06291: tasks 10800-10803,10805-10807: Terminated
srun: error: frontier08521: tasks 14608-14613,14615: Terminated
srun: error: frontier05310: tasks 9200-9206: Terminated
srun: error: frontier09179: task 15750: Terminated
srun: error: frontier05017: tasks 8664-8665,8667-8671: Terminated
srun: error: frontier00071: tasks 153-159: Terminated
srun: error: frontier03893: tasks 6800-6807: Terminated
srun: error: frontier06359: tasks 10968-10970,10972-10975: Terminated
srun: error: frontier02150: task 3766: Terminated
srun: error: frontier00964: tasks 1752-1757,1759: Terminated
srun: error: frontier08736: task 14948: Terminated
srun: error: frontier02322: tasks 4056-4063: Terminated
srun: error: frontier03164: tasks 5560-5561,5563-5567: Terminated
srun: error: frontier09000: tasks 15408,15410-15415: Terminated
srun: error: frontier05187: task 9003: Terminated
srun: error: frontier07462: task 12815: Terminated
srun: error: frontier02415: tasks 4224-4225,4227-4231: Terminated
srun: error: frontier01078: tasks 1920-1924,1926-1927: Terminated
srun: error: frontier10132: tasks 16208-16215: Terminated
srun: error: frontier08110: tasks 13904-13905,13907-13911: Terminated
srun: error: frontier02776: tasks 4856-4859,4861-4863: Terminated
srun: error: frontier06836: tasks 11768-11769,11771-11775: Terminated
srun: error: frontier05461: tasks 9464,9466-9471: Terminated
srun: error: frontier07220: tasks 12400-12402,12404-12407: Terminated
srun: error: frontier03646: tasks 6360-6367: Terminated
srun: error: frontier04116: tasks 7160-7167: Terminated
srun: error: frontier03466: task 6070: Terminated
srun: error: frontier01554: tasks 2720-2724,2726-2727: Terminated
srun: error: frontier03222: tasks 5656-5658,5660-5663: Terminated
srun: error: frontier07601: tasks 13104-13111: Terminated
srun: error: frontier00941: task 1626: Terminated
srun: error: frontier05938: tasks 10264-10268,10270-10271: Terminated
srun: error: frontier06592: task 11310: Terminated
srun: error: frontier00195: tasks 416-418,420-423: Terminated
srun: error: frontier09278: task 15919: Terminated
srun: error: frontier00687: tasks 1216-1222: Terminated
srun: error: frontier07066: task 12107: Terminated
srun: error: frontier02021: tasks 3520,3522-3527: Terminated
srun: error: frontier09033: tasks 15504-15508,15510-15511: Terminated
srun: error: frontier06432: tasks 11064,11066-11071: Terminated
srun: error: frontier01690: task 2965: Terminated
srun: error: frontier06736: tasks 11600-11602,11604-11607: Terminated
srun: error: frontier03338: tasks 5824-5831: Terminated
srun: error: frontier05677: task 9807: Terminated
srun: error: frontier07956: task 13612: Terminated
srun: error: frontier05301: task 9174: Terminated
srun: error: frontier03678: tasks 6456-6460,6462-6463: Terminated
srun: error: frontier02710: tasks 4760-4767: Terminated
srun: error: frontier02585: task 4562: Terminated
srun: error: frontier00064: task 125: Terminated
srun: error: frontier05059: tasks 8760-8766: Terminated
srun: error: frontier08603: tasks 14704-14706,14708-14711: Terminated
srun: error: frontier03928: task 6868: Terminated
srun: error: frontier02460: tasks 4320,4322-4327: Terminated
srun: error: frontier05545: tasks 9560-9561,9563-9567: Terminated
srun: error: frontier08659: tasks 14872-14877,14879: Terminated
srun: error: frontier02862: tasks 5024,5026-5031: Terminated
srun: error: frontier01382: task 2426: Terminated
srun: error: frontier07322: tasks 12568-12575: Terminated
srun: error: frontier04740: task 8200: Terminated
srun: error: frontier01759: task 3063: Terminated
srun: error: frontier08375: task 14409: Terminated
srun: error: frontier05652: tasks 9728,9730-9735: Terminated
srun: error: frontier01614: tasks 2816-2822: Terminated
srun: error: frontier06917: tasks 11864-11866,11868-11871: Terminated
srun: error: frontier08249: tasks 14168-14171,14173-14175: Terminated
srun: error: frontier00288: tasks 513-519: Terminated
srun: error: frontier01848: task 3228: Terminated
srun: error: frontier10155: tasks 16304-16311: Terminated
srun: error: frontier01293: task 2260: Terminated
srun: error: frontier06024: tasks 10360-10365,10367: Terminated
srun: error: frontier03041: task 5367: Terminated
srun: error: frontier07760: tasks 13368-13370,13372-13375: Terminated
srun: error: frontier05158: tasks 8928-8929,8931-8935: Terminated
srun: error: frontier07496: task 12906: Terminated
srun: error: frontier00544: task 923: Terminated
srun: error: frontier04752: tasks 8224,8226-8231: Terminated
srun: error: frontier00409: tasks 680-682,684-687: Terminated
srun: error: frontier04404: task 7669: Terminated
srun: error: frontier09144: tasks 15672-15676,15678-15679: Terminated
srun: error: frontier01713: tasks 2984-2991: Terminated
srun: error: frontier02910: tasks 5120-5127: Terminated
srun: error: frontier03792: tasks 6624,6626-6631: Terminated
srun: error: frontier06233: task 10774: Terminated
srun: error: frontier06486: tasks 11160-11165,11167: Terminated
srun: error: frontier02072: tasks 3616-3623: Terminated
srun: error: frontier04263: tasks 7424-7430: Terminated
srun: error: frontier07139: task 12274: Terminated
srun: error: frontier01154: tasks 2016,2018-2023: Terminated
srun: error: frontier05787: task 9973: Terminated
srun: error: frontier02157: tasks 3784,3786-3791: Terminated
srun: error: frontier07853: tasks 13464-13468,13470-13471: Terminated
srun: error: frontier03380: tasks 5920-5924,5926-5927: Terminated
srun: error: frontier00822: tasks 1480-1482,1484-1487: Terminated
srun: error: frontier04904: task 8467: Terminated
srun: error: frontier07362: tasks 12664-12670: Terminated
srun: error: frontier03509: task 6165: Terminated
srun: error: frontier07594: task 13077: Terminated
srun: error: frontier04569: tasks 7960-7967: Terminated
srun: error: frontier02196: task 3858: Terminated
srun: error: frontier05204: tasks 9024-9029,9031: Terminated
srun: error: frontier08739: tasks 14968-14973,14975: Terminated
srun: error: frontier09371: task 16015: Terminated
srun: error: frontier06096: tasks 10528,10530-10535: Terminated
srun: error: frontier07959: tasks 13632-13638: Terminated
srun: error: frontier06601: tasks 11328-11330,11332-11335: Terminated
srun: error: frontier02979: tasks 5216-5218,5220-5223: Terminated
srun: error: frontier08888: task 15214: Terminated
srun: error: frontier07070: tasks 12128-12132,12134-12135: Terminated
srun: error: frontier02613: tasks 4584-4589,4591: Terminated
srun: error: frontier03609: task 6329: Terminated
srun: error: frontier03861: tasks 6720-6724,6726-6727: Terminated
srun: error: frontier05697: tasks 9824-9829,9831: Terminated
srun: error: frontier01300: tasks 2280-2284,2286-2287: Terminated
srun: error: frontier02534: tasks 4416-4417,4419-4423: Terminated
srun: error: frontier08386: tasks 14432-14438: Terminated
srun: error: frontier00960: task 1720: Terminated
srun: error: frontier09228: tasks 15768-15771,15773-15775: Terminated
srun: error: frontier05339: task 9266: Terminated
srun: error: frontier04435: tasks 7688-7695: Terminated
srun: error: frontier08335: tasks 14264-14270: Terminated
srun: error: frontier04796: tasks 8320-8321,8323-8327: Terminated
srun: error: frontier03987: task 6964: Terminated
srun: error: frontier01763: tasks 3081-3087: Terminated
srun: error: frontier02760: task 4827: Terminated
srun: error: frontier02199: tasks 3880-3887: Terminated
srun: error: frontier04909: tasks 8488-8495: Terminated
srun: error: frontier06179: tasks 10624-10629,10631: Terminated
srun: error: frontier01465: task 2523: Terminated
srun: error: frontier04104: task 7133: Terminated
srun: error: frontier04312: tasks 7520-7521,7523-7527: Terminated
srun: error: frontier05284: tasks 9120-9124,9126-9127: Terminated
srun: error: frontier09377: tasks 16032-16039: Terminated
srun: error: frontier00432: tasks 776-783: Terminated
srun: error: frontier00963: tasks 1744-1750: Terminated
srun: error: frontier07505: tasks 12928-12930,12932-12935: Terminated
srun: error: frontier04007: tasks 6984,6986-6991: Terminated
srun: error: frontier06721: task 11572: Terminated
srun: error: frontier07979: tasks 13728-13733,13735: Terminated
srun: error: frontier05394: tasks 9288,9290-9295: Terminated
srun: error: frontier08478: task 14510: Terminated
srun: error: frontier04485: task 7765: Terminated
srun: error: frontier08776: tasks 15064-15070: Terminated
srun: error: frontier07214: task 12370: Terminated
srun: error: frontier00153: tasks 240-242,244-247: Terminated
srun: error: frontier02662: tasks 4680-4682,4684-4687: Terminated
srun: error: frontier06735: tasks 11592-11594,11596-11599: Terminated
srun: error: frontier04563: task 7934: Terminated
srun: error: frontier03513: tasks 6184-6186,6188-6191: Terminated
srun: error: frontier01817: tasks 3176-3179,3181-3183: Terminated
srun: error: frontier08896: tasks 15232-15234,15236-15239: Terminated
srun: error: frontier03218: task 5628: Terminated
srun: error: frontier00923: tasks 1576-1582: Terminated
srun: error: frontier04494: tasks 7784,7786-7791: Terminated
srun: error: frontier03128: tasks 5480-5481,5483-5487: Terminated
srun: error: frontier06629: tasks 11424-11429,11431: Terminated
srun: error: frontier03221: tasks 5648-5650,5652-5655: Terminated
srun: error: frontier00562: task 1021: Terminated
srun: error: frontier00570: tasks 1040-1046: Terminated
srun: error: frontier08482: tasks 14528-14533,14535: Terminated
srun: error: frontier08984: tasks 15328-15335: Terminated
srun: error: frontier07580: tasks 13024-13029,13031: Terminated
srun: error: frontier05808: task 10068: Terminated
srun: error: frontier00679: task 1189: Terminated
srun: error: frontier06322: tasks 10888-10891,10893-10895: Terminated
srun: error: frontier01369: tasks 2376-2378,2380-2383: Terminated
srun: error: frontier06316: task 10868: Terminated
srun: error: frontier07119: tasks 12224-12231: Terminated
srun: error: frontier03676: tasks 6448-6450,6452-6455: Terminated
srun: error: frontier04957: tasks 8584-8590: Terminated
srun: error: frontier05045: task 8729: Terminated
srun: error: frontier07689: task 13175: Terminated
srun: error: frontier10153: tasks 16296-16300,16302-16303: Terminated
srun: error: frontier05431: tasks 9384-9386,9388-9391: Terminated
srun: error: frontier03081: tasks 5384-5391: Terminated
srun: error: frontier08141: tasks 13992-13996,13998-13999: Terminated
srun: error: frontier07217: tasks 12392-12393,12395-12399: Terminated
srun: error: frontier06421: task 11034: Terminated
srun: error: frontier01482: tasks 2544-2549,2551: Terminated
srun: error: frontier03666: task 6426: Terminated
srun: error: frontier04950: task 8566: Terminated
srun: error: frontier02351: task 4123: Terminated
srun: error: frontier01903: tasks 3345-3351: Terminated
srun: error: frontier05843: tasks 10088-10095: Terminated
srun: error: frontier02832: tasks 4944-4945,4947-4951: Terminated
srun: error: frontier04173: tasks 7248-7255: Terminated
srun: error: frontier01508: tasks 2640-2646: Terminated
srun: error: frontier06805: tasks 11688-11691,11693-11695: Terminated
srun: error: frontier05910: tasks 10184-10188,10190-10191: Terminated
srun: error: frontier09401: tasks 16128-16129,16131-16135: Terminated
srun: error: frontier04525: tasks 7880-7886: Terminated
srun: error: frontier00172: tasks 336-341,343: Terminated
srun: error: frontier02399: tasks 4144-4147,4149-4151: Terminated
srun: error: frontier03600: tasks 6280,6282-6287: Terminated
srun: error: frontier00287: tasks 504-505,507-511: Terminated
srun: error: frontier06793: task 11670: Terminated
srun: error: frontier01952: tasks 3440-3441,3443-3447: Terminated
srun: error: frontier06018: tasks 10352-10354,10356-10359: Terminated
srun: error: frontier07264: tasks 12488-12495: Terminated
srun: error: frontier07695: tasks 13192-13193,13195-13199: Terminated
srun: error: frontier04632: tasks 8048-8051,8053-8055: Terminated
srun: error: frontier00183: task 384: Terminated
srun: error: frontier08089: tasks 13824-13828,13830-13831: Terminated
srun: error: frontier00669: tasks 1136-1143: Terminated
srun: error: frontier01056: tasks 1840-1847: Terminated
srun: error: frontier06869: task 11836: Terminated
srun: error: frontier03288: tasks 5744-5749,5751: Terminated
srun: error: frontier04064: tasks 7080-7082,7084-7087: Terminated
srun: error: frontier01505: task 2616: Terminated
srun: error: frontier05527: task 9529: Terminated
srun: error: frontier01088: task 1984: Terminated
srun: error: frontier00708: tasks 1304-1307,1309-1311: Terminated
srun: error: frontier03734: tasks 6544-6546,6548-6551: Terminated
srun: error: frontier07253: task 12466: Terminated
srun: error: frontier01081: tasks 1936,1938-1943: Terminated
srun: error: frontier06838: tasks 11785-11791: Terminated
srun: error: frontier07725: tasks 13288-13289,13291-13295: Terminated
srun: error: frontier06364: tasks 10984-10987,10989-10991: Terminated
srun: error: frontier10150: task 16278: Terminated
srun: error: frontier00284: task 480: Terminated
srun: error: frontier04151: task 7224: Terminated
srun: error: frontier06958: tasks 11952-11953,11955-11959: Terminated
srun: error: frontier08625: tasks 14792-14799: Terminated
srun: error: frontier04231: tasks 7344-7346,7348-7351: Terminated
srun: error: frontier06482: tasks 11152-11158: Terminated
srun: error: frontier04628: task 8024: Terminated
srun: error: frontier07343: task 12636: Terminated
srun: error: frontier08734: task 14942: Terminated
srun: error: frontier05980: task 10333: Terminated
srun: error: frontier02533: tasks 4408-4411,4413-4415: Terminated
srun: error: frontier01185: tasks 2104-2106,2108-2111: Terminated
srun: error: frontier02971: tasks 5208-5214: Terminated
srun: error: frontier01668: tasks 2904-2905,2907-2911: Terminated
srun: error: frontier01894: task 3326: Terminated
srun: error: frontier09103: tasks 15592-15599: Terminated
srun: error: frontier08333: tasks 14256,14258-14263: Terminated
srun: error: frontier00309: tasks 600,602-607: Terminated
srun: error: frontier08621: task 14772: Terminated
srun: error: frontier04691: tasks 8144-8145,8147-8151: Terminated
srun: error: frontier05127: tasks 8848-8853,8855: Terminated
srun: error: frontier03341: tasks 5840-5843,5845-5847: Terminated
srun: error: frontier07445: tasks 12753-12759: Terminated
srun: error: frontier03348: task 5891: Terminated
srun: error: frontier05586: tasks 9648-9653,9655: Terminated
srun: error: frontier02140: tasks 3704-3710: Terminated
srun: error: frontier08220: tasks 14088-14089,14091-14095: Terminated
srun: error: frontier02418: tasks 4240-4245,4247: Terminated
srun: error: frontier02874: tasks 5040,5042-5047: Terminated
srun: error: frontier00702: task 1284: Terminated
srun: error: frontier05165: tasks 8944-8946,8948-8951: Terminated
srun: error: frontier09099: task 15569: Terminated
srun: error: frontier02062: task 3584: Terminated
srun: error: frontier06463: task 11131: Terminated
srun: error: frontier06060: tasks 10448-10452,10454-10455: Terminated
srun: error: frontier06564: tasks 11248-11252,11254-11255: Terminated
srun: error: frontier08714: tasks 14888,14890-14895: Terminated
srun: error: frontier03728: task 6527: Terminated
srun: error: frontier02575: tasks 4505-4511: Terminated
srun: error: frontier00805: tasks 1400-1406: Terminated
srun: error: frontier09168: tasks 15688-15690,15692-15695: Terminated
srun: error: frontier05090: task 8826: Terminated
srun: error: frontier08357: tasks 14352-14356,14358-14359: Terminated
srun: error: frontier09178: task 15740: Terminated
srun: error: frontier03423: tasks 6008-6013,6015: Terminated
srun: error: frontier03896: tasks 6808-6809,6811-6815: Terminated
srun: error: frontier09255: tasks 15856-15857,15859-15863: Terminated
srun: error: frontier03799: tasks 6640,6642-6647: Terminated
srun: error: frontier07000: tasks 12048-12051,12053-12055: Terminated
srun: error: frontier01179: task 2086: Terminated
srun: error: frontier01749: tasks 3000-3005,3007: Terminated
srun: error: frontier02526: task 4390: Terminated
srun: error: frontier08769: tasks 15056-15063: Terminated
srun: error: frontier10172: task 16372: Terminated
srun: error: frontier08279: task 14237: Terminated
srun: error: frontier07890: tasks 13552-13555,13557-13559: Terminated
srun: error: frontier03849: task 6690: Terminated
srun: error: frontier05283: tasks 9112-9119: Terminated
srun: error: frontier00041: tasks 64-70: Terminated
srun: error: frontier00453: tasks 864-867,869-871: Terminated
srun: error: frontier01258: tasks 2200-2203,2205-2207: Terminated
srun: error: frontier03031: tasks 5304-5307,5309-5311: Terminated
srun: error: frontier02178: tasks 3800-3805,3807: Terminated
srun: error: frontier06205: tasks 10712-10715,10717-10719: Terminated
srun: error: frontier04871: tasks 8408-8412,8414-8415: Terminated
srun: error: frontier03473: tasks 6104-6108,6110-6111: Terminated
srun: error: frontier05723: tasks 9912-9913,9915-9919: Terminated
srun: error: frontier04373: tasks 7608-7613,7615: Terminated
srun: error: frontier05667: tasks 9744-9750: Terminated
srun: error: frontier02271: tasks 3968-3971,3973-3975: Terminated
srun: error: frontier06100: tasks 10544-10550: Terminated
srun: error: frontier08871: tasks 15152-15155,15157-15159: Terminated
srun: error: frontier01642: task 2887: Terminated
srun: error: frontier07474: tasks 12848-12855: Terminated
srun: error: frontier08088: tasks 13816-13819,13821-13823: Terminated
srun: error: frontier01816: tasks 3168-3174: Terminated
srun: error: frontier06950: task 11931: Terminated
srun: error: frontier02624: tasks 4600,4602-4607: Terminated
srun: error: frontier00414: tasks 696-703: Terminated
srun: error: frontier03980: tasks 6904-6909,6911: Terminated
srun: error: frontier00953: tasks 1664-1666,1668-1671: Terminated
srun: error: frontier07579: tasks 13016-13018,13020-13023: Terminated
srun: error: frontier01416: tasks 2464-2469,2471: Terminated
srun: error: frontier00073: tasks 160-164,166-167: Terminated
srun: error: frontier09296: tasks 15952-15958: Terminated
srun: error: frontier04063: tasks 7072-7079: Terminated
srun: error: frontier01758: task 3052: Terminated
srun: error: frontier05792: tasks 10008-10009,10011-10015: Terminated
srun: error: frontier04437: tasks 7704-7707,7709-7711: Terminated
srun: error: frontier05578: task 9631: Terminated
srun: error: frontier07436: task 12729: Terminated
srun: error: frontier07962: tasks 13648-13649,13651-13655: Terminated
srun: error: frontier03167: tasks 5568-5570,5572-5575: Terminated
srun: error: frontier08900: tasks 15248-15250,15252-15255: Terminated
srun: error: frontier01884: tasks 3264-3271: Terminated
srun: error: frontier00553: tasks 960-962,964-967: Terminated
srun: error: frontier04765: task 8295: Terminated
srun: error: frontier06052: task 10429: Terminated
srun: error: frontier06294: tasks 10808-10809,10811-10815: Terminated
srun: error: frontier00305: task 577: Terminated
srun: error: frontier04913: tasks 8504-8511: Terminated
srun: error: frontier05311: tasks 9208-9214: Terminated
srun: error: frontier07182: tasks 12312-12316,12318-12319: Terminated
srun: error: frontier02966: task 5189: Terminated
srun: error: frontier00668: tasks 1128-1135: Terminated
srun: error: frontier05676: task 9796: Terminated
srun: error: frontier04303: task 7491: Terminated
srun: error: frontier02711: tasks 4769-4775: Terminated
srun: error: frontier04523: tasks 7872-7875,7877-7879: Terminated
srun: error: frontier08428: tasks 14448-14453,14455: Terminated
srun: error: frontier07602: tasks 13112-13113,13115-13119: Terminated
srun: error: frontier07884: task 13529: Terminated
srun: error: frontier06702: tasks 11512-11519: Terminated
srun: error: frontier08523: tasks 14616-14622: Terminated
srun: error: frontier05404: tasks 9304,9306-9311: Terminated
srun: error: frontier05186: task 8999: Terminated
srun: error: frontier02194: task 3854: Terminated
srun: error: frontier01080: tasks 1928-1934: Terminated
srun: error: frontier06536: task 11229: Terminated
srun: error: frontier08759: task 15035: Terminated
srun: error: frontier06624: task 11394: Terminated
srun: error: frontier05018: tasks 8672-8673,8675-8679: Terminated
srun: error: frontier02777: tasks 4864,4866-4871: Terminated
srun: error: frontier08111: tasks 13912-13913,13915-13919: Terminated
srun: error: frontier04118: tasks 7168-7175: Terminated
srun: error: frontier00967: tasks 1760-1766: Terminated
srun: error: frontier01490: tasks 2560-2563,2565-2567: Terminated
srun: error: frontier02562: task 4485: Terminated
srun: error: frontier09001: tasks 15416-15423: Terminated
srun: error: frontier01558: tasks 2728-2732,2734-2735: Terminated
srun: error: frontier03891: task 6788: Terminated
srun: error: frontier06739: tasks 11608-11614: Terminated
srun: error: frontier07971: task 13699: Terminated
srun: error: frontier00200: tasks 424-428,430-431: Terminated
srun: error: frontier02123: task 3681: Terminated
srun: error: frontier07229: tasks 12408-12409,12411-12415: Terminated
srun: error: frontier10136: tasks 16216-16223: Terminated
srun: error: frontier01932: tasks 3360-3364,3366-3367: Terminated
srun: error: frontier03420: task 5990: Terminated
srun: error: frontier00831: task 1547: Terminated
srun: error: frontier05462: tasks 9472,9474-9479: Terminated
srun: error: frontier05939: tasks 10272-10277,10279: Terminated
srun: error: frontier04570: tasks 7968-7971,7973-7975: Terminated
srun: error: frontier07323: tasks 12576-12578,12580-12583: Terminated
srun: error: frontier02022: tasks 3528-3529,3531-3535: Terminated
srun: error: frontier00688: tasks 1224-1231: Terminated
srun: error: frontier03339: tasks 5832-5839: Terminated
srun: error: frontier09051: tasks 15512-15519: Terminated
srun: error: frontier00027: task 41: Terminated
srun: error: frontier06436: tasks 11072-11078: Terminated
srun: error: frontier05060: tasks 8768-8771,8773-8775: Terminated
srun: error: frontier08606: tasks 14712-14718: Terminated
srun: error: frontier06837: tasks 11776-11782: Terminated
srun: error: frontier05275: task 9094: Terminated
srun: error: frontier04367: task 7586: Terminated
srun: error: frontier01356: task 2347: Terminated
srun: error: frontier01155: tasks 2025-2031: Terminated
srun: error: frontier04175: tasks 7264-7268,7270-7271: Terminated
srun: error: frontier05718: task 9893: Terminated
srun: error: frontier03225: tasks 5664-5669,5671: Terminated
srun: error: frontier07813: tasks 13376-13377,13379-13383: Terminated
srun: error: frontier03019: task 5283: Terminated
srun: error: frontier07701: tasks 13208-13212,13214-13215: Terminated
srun: error: frontier03715: tasks 6464-6467,6469-6471: Terminated
srun: error: frontier08477: task 14501: Terminated
srun: error: frontier01813: task 3148: Terminated
srun: error: frontier10158: tasks 16312,16314-16319: Terminated
srun: error: frontier02323: tasks 4064-4071: Terminated
srun: error: frontier06026: tasks 10368-10374: Terminated
srun: error: frontier03656: tasks 6368-6375: Terminated
srun: error: frontier02461: tasks 4329-4335: Terminated
srun: error: frontier04636: tasks 8064-8068,8070-8071: Terminated
srun: error: frontier09145: tasks 15680-15683,15685-15687: Terminated
srun: error: frontier03096: task 5451: Terminated
srun: error: frontier07089: task 12199: Terminated
srun: error: frontier04445: task 7756: Terminated
srun: error: frontier07363: tasks 12672-12673,12675-12679: Terminated
srun: error: frontier03794: tasks 6633-6639: Terminated
srun: error: frontier02073: tasks 3624-3628,3630-3631: Terminated
srun: error: frontier00413: tasks 688-689,691-695: Terminated
srun: error: frontier08250: tasks 14176-14183: Terminated
srun: error: frontier06919: tasks 11872-11873,11875-11879: Terminated
srun: error: frontier04267: tasks 7432-7437,7439: Terminated
srun: error: frontier00710: tasks 1321-1327: Terminated
srun: error: frontier09284: task 15934: Terminated
srun: error: frontier00824: tasks 1488-1489,1491-1495: Terminated
srun: error: frontier06491: tasks 11168-11174: Terminated
srun: error: frontier08854: task 15131: Terminated
srun: error: frontier03863: tasks 6728-6734: Terminated
srun: error: frontier00449: task 847: Terminated
srun: error: frontier02250: task 3946: Terminated
srun: error: frontier08746: tasks 14976-14979,14981-14983: Terminated
srun: error: frontier05547: tasks 9568-9571,9573-9575: Terminated
srun: error: frontier02535: tasks 4424-4426,4428-4431: Terminated
srun: error: frontier02912: tasks 5129-5135: Terminated
srun: error: frontier06098: tasks 10536-10538,10540-10543: Terminated
srun: error: frontier00950: task 1647: Terminated
srun: error: frontier04947: task 8554: Terminated
srun: error: frontier04755: tasks 8232-8237,8239: Terminated
srun: error: frontier01187: tasks 2120-2127: Terminated
srun: error: frontier06698: task 11490: Terminated
srun: error: frontier01306: tasks 2288,2290-2295: Terminated
srun: error: frontier06962: tasks 11968-11970,11972-11975: Terminated
srun: error: frontier03589: task 6254: Terminated
srun: error: frontier04826: task 8388: Terminated
srun: error: frontier00291: tasks 520-521,523-527: Terminated
srun: error: frontier04313: tasks 7528,7530-7535: Terminated
srun: error: frontier07854: tasks 13472-13475,13477-13479: Terminated
srun: error: frontier02981: tasks 5224,5226-5231: Terminated
srun: error: frontier03381: tasks 5928-5929,5931-5935: Terminated
srun: error: frontier02623: tasks 4592-4595,4597-4599: Terminated
srun: error: frontier07576: task 12995: Terminated
srun: error: frontier09233: tasks 15776-15780,15782-15783: Terminated
srun: error: frontier06199: task 10692: Terminated
srun: error: frontier07998: task 13797: Terminated
srun: error: frontier07072: tasks 12136-12139,12141-12143: Terminated
srun: error: frontier06602: tasks 11336-11341,11343: Terminated
srun: error: frontier08398: tasks 14440-14445,14447: Terminated
srun: error: frontier00433: tasks 784-789,791: Terminated
srun: error: frontier04050: task 7051: Terminated
srun: error: frontier05698: tasks 9832-9837,9839: Terminated
srun: error: frontier06181: tasks 10632-10638: Terminated
srun: error: frontier03426: tasks 6024-6027,6029-6031: Terminated
srun: error: frontier07508: tasks 12936-12937,12939-12943: Terminated
srun: error: frontier02708: task 4749: Terminated
srun: error: frontier05205: tasks 9032-9039: Terminated
srun: error: frontier08337: tasks 14272-14279: Terminated
srun: error: frontier09394: task 16098: Terminated
srun: error: frontier03515: tasks 6192-6199: Terminated
srun: error: frontier09268: tasks 15872-15877,15879: Terminated
srun: error: frontier02200: tasks 3888-3889,3891-3895: Terminated
srun: error: frontier04910: tasks 8496-8497,8499-8503: Terminated
srun: error: frontier01615: tasks 2824,2826-2831: Terminated
srun: error: frontier03084: tasks 5392-5397,5399: Terminated
srun: error: frontier05303: task 9186: Terminated
srun: error: frontier07141: task 12295: Terminated
srun: error: frontier08779: tasks 15072-15077,15079: Terminated
srun: error: frontier04797: tasks 8328-8331,8333-8335: Terminated
srun: error: frontier01504: task 2611: Terminated
srun: error: frontier01765: tasks 3088-3095: Terminated
srun: error: frontier05403: tasks 9296,9298-9303: Terminated
srun: error: frontier06662: tasks 11432-11436,11438-11439: Terminated
srun: error: frontier00167: task 304: Terminated
srun: error: frontier01385: task 2444: Terminated
srun: error: frontier05417: task 9358: Terminated
srun: error: frontier00046: tasks 81-87: Terminated
srun: error: frontier04016: tasks 6992-6993,6995-6999: Terminated
srun: error: frontier01373: tasks 2384-2389,2391: Terminated
srun: error: frontier05789: task 9991: Terminated
srun: error: frontier08897: tasks 15240-15241,15243-15247: Terminated
srun: error: frontier01874: task 3247: Terminated
srun: error: frontier01484: tasks 2552-2559: Terminated
srun: error: frontier00924: tasks 1584-1591: Terminated
srun: error: frontier09378: tasks 16040,16042-16047: Terminated
srun: error: frontier07980: tasks 13736-13738,13740-13743: Terminated
srun: error: frontier05288: tasks 9128-9134: Terminated
srun: error: frontier04514: task 7852: Terminated
srun: error: frontier03129: tasks 5488,5490-5495: Terminated
srun: error: frontier01818: tasks 3184-3186,3188-3191: Terminated
srun: error: frontier07599: task 13090: Terminated
srun: error: frontier06223: tasks 10728,10730-10735: Terminated
srun: error: frontier00571: tasks 1048-1052,1054-1055: Terminated
srun: error: frontier05901: task 10154: Terminated
srun: error: frontier01929: tasks 3352-3358: Terminated
srun: error: frontier08488: tasks 14536-14537,14539-14543: Terminated
srun: error: frontier08988: tasks 15336-15342: Terminated
srun: error: frontier00578: task 1110: Terminated
srun: error: frontier03601: tasks 6288-6292,6294-6295: Terminated
srun: error: frontier07127: tasks 12232-12234,12236-12239: Terminated
srun: error: frontier00156: tasks 248-251,253-255: Terminated
srun: error: frontier01944: task 3408: Terminated
srun: error: frontier02664: tasks 4688-4692,4694-4695: Terminated
srun: error: frontier05844: tasks 10096-10100,10102-10103: Terminated
srun: error: frontier07717: task 13263: Terminated
srun: error: frontier04500: tasks 7792-7796,7798-7799: Terminated
srun: error: frontier07240: task 12463: Terminated
srun: error: frontier01057: tasks 1848-1849,1851-1855: Terminated
srun: error: frontier07699: tasks 13200-13205,13207: Terminated
srun: error: frontier06350: task 10959: Terminated
srun: error: frontier06328: tasks 10896-10898,10900-10903: Terminated
srun: error: frontier05767: tasks 9928-9932,9934-9935: Terminated
srun: error: frontier05014: task 8649: Terminated
srun: error: frontier05434: tasks 9392-9398: Terminated
srun: error: frontier04065: tasks 7088,7090-7095: Terminated
srun: error: frontier08998: task 15396: Terminated
srun: error: frontier02717: tasks 4784-4788,4790-4791: Terminated
srun: error: frontier02833: tasks 4952-4954,4956-4959: Terminated
srun: error: frontier01509: tasks 2648-2650,2652-2655: Terminated
srun: error: frontier09402: tasks 16136-16140,16142-16143: Terminated
srun: error: frontier03727: task 6513: Terminated
srun: error: frontier07584: tasks 13032-13037,13039: Terminated
srun: error: frontier05917: tasks 10192-10196,10198-10199: Terminated
srun: error: frontier00173: tasks 344-350: Terminated
srun: error: frontier02400: tasks 4152-4154,4156-4159: Terminated
srun: error: frontier07265: tasks 12496-12502: Terminated
srun: error: frontier06825: task 11759: Terminated
srun: error: frontier02411: task 4212: Terminated
srun: error: frontier04964: tasks 8592-8593,8595-8599: Terminated
srun: error: frontier06809: tasks 11696-11702: Terminated
srun: error: frontier04633: tasks 8056-8058,8060-8063: Terminated
srun: error: frontier08532: tasks 14632-14636,14638-14639: Terminated
srun: error: frontier08090: tasks 13832-13839: Terminated
srun: error: frontier00672: tasks 1144-1145,1147-1151: Terminated
srun: error: frontier03644: task 6345: Terminated
srun: error: frontier02279: tasks 3984-3991: Terminated
srun: error: frontier08106: task 13889: Terminated
srun: error: frontier07728: tasks 13296-13302: Terminated
srun: error: frontier08145: tasks 14000-14005,14007: Terminated
srun: error: frontier06365: tasks 10992,10994-10999: Terminated
srun: error: frontier05020: tasks 8688-8690,8692-8695: Terminated
srun: error: frontier03289: tasks 5752-5758: Terminated
srun: error: frontier00709: tasks 1312-1317,1319: Terminated
srun: error: frontier00192: task 403: Terminated
srun: error: frontier01075: task 1906: Terminated
srun: error: frontier02851: task 5012: Terminated
srun: error: frontier01082: tasks 1944-1950: Terminated
srun: error: frontier01994: tasks 3448-3452,3454-3455: Terminated
srun: error: frontier04181: task 7319: Terminated
srun: error: frontier10170: task 16364: Terminated
srun: error: frontier01547: task 2711: Terminated
srun: error: frontier02435: tasks 4248-4253,4255: Terminated
srun: error: frontier08627: tasks 14800-14807: Terminated
srun: error: frontier04174: tasks 7256-7263: Terminated
srun: error: frontier01186: tasks 2112-2119: Terminated
srun: error: frontier04110: task 7149: Terminated
srun: error: frontier04566: task 7951: Terminated
srun: error: frontier09115: tasks 15600-15607: Terminated
srun: error: frontier07316: task 12559: Terminated
srun: error: frontier04531: tasks 7888-7891,7893-7895: Terminated
srun: error: frontier06959: tasks 11960-11964,11966-11967: Terminated
srun: error: frontier08213: task 14061: Terminated
srun: error: frontier01562: tasks 2744-2745,2747-2751: Terminated
srun: error: frontier07328: tasks 12592-12593,12595-12599: Terminated
srun: error: frontier04233: tasks 7352-7359: Terminated
srun: error: frontier03736: tasks 6552-6558: Terminated
srun: error: frontier06839: tasks 11792,11794-11799: Terminated
srun: error: frontier01679: tasks 2912-2913,2915-2919: Terminated
srun: error: frontier00312: tasks 608-609,611-615: Terminated
srun: error: frontier02018: task 3506: Terminated
srun: error: frontier00304: task 571: Terminated
srun: error: frontier05130: tasks 8856-8862: Terminated
srun: error: frontier02878: tasks 5048-5055: Terminated
srun: error: frontier05595: tasks 9656-9660,9662-9663: Terminated
srun: error: frontier03311: task 5815: Terminated
srun: error: frontier08221: tasks 14096-14102: Terminated
srun: error: frontier03342: tasks 5848-5850,5852-5855: Terminated
srun: error: frontier00806: tasks 1408-1413,1415: Terminated
srun: error: frontier02028: tasks 3544-3546,3548-3551: Terminated
srun: error: frontier03425: tasks 6016-6019,6021-6023: Terminated
srun: error: frontier04686: task 8117: Terminated
srun: error: frontier04692: tasks 8152-8158: Terminated
srun: error: frontier02141: tasks 3712-3717,3719: Terminated
srun: error: frontier05166: tasks 8952-8956,8958-8959: Terminated
srun: error: frontier09267: tasks 15864-15869,15871: Terminated
srun: error: frontier08653: task 14857: Terminated
srun: error: frontier00685: task 1200: Terminated
srun: error: frontier06568: tasks 11256-11259,11261-11263: Terminated
srun: error: frontier00798: task 1370: Terminated
srun: error: frontier06425: task 11049: Terminated
srun: error: frontier03801: tasks 6648-6649,6651-6655: Terminated
srun: error: frontier01259: tasks 2209-2215: Terminated
srun: error: frontier02576: tasks 4512-4518: Terminated
srun: error: frontier06050: task 10423: Terminated
srun: error: frontier08715: tasks 14896-14902: Terminated
srun: error: frontier03787: task 6612: Terminated
srun: error: frontier08358: tasks 14360-14365,14367: Terminated
srun: error: frontier09170: tasks 15696-15702: Terminated
srun: error: frontier05156: task 8913: Terminated
srun: error: frontier04269: tasks 7448-7452,7454-7455: Terminated
srun: error: frontier00042: tasks 72-76,78-79: Terminated
srun: error: frontier06062: tasks 10456-10462: Terminated
srun: error: frontier02455: task 4308: Terminated
srun: error: frontier01096: task 2002: Terminated
srun: error: frontier07817: tasks 13392-13398: Terminated
srun: error: frontier00417: tasks 705-711: Terminated
srun: error: frontier04377: tasks 7616,7618-7623: Terminated
srun: error: frontier07891: tasks 13560-13561,13563-13567: Terminated
srun: error: frontier03033: tasks 5312-5313,5315-5319: Terminated
srun: error: frontier07757: task 13359: Terminated
srun: error: frontier05668: tasks 9752-9756,9758-9759: Terminated
srun: error: frontier06878: task 11850: Terminated
srun: error: frontier06101: tasks 10552-10556,10558-10559: Terminated
srun: error: frontier01250: task 2169: Terminated
srun: error: frontier07476: tasks 12856-12859,12861-12863: Terminated
srun: error: frontier00454: tasks 872,874-879: Terminated
srun: error: frontier06222: tasks 10720,10722-10727: Terminated
srun: error: frontier03917: tasks 6816-6818,6820-6823: Terminated
srun: error: frontier02182: tasks 3808-3814: Terminated
srun: error: frontier00826: tasks 1504-1509,1511: Terminated
srun: error: frontier02561: task 4477: Terminated
srun: error: frontier05637: task 9719: Terminated
srun: error: frontier04892: tasks 8416,8418-8423: Terminated
srun: error: frontier03474: tasks 6112-6113,6115-6119: Terminated
srun: error: frontier05763: tasks 9920-9927: Terminated
srun: error: frontier06607: tasks 11352-11353,11355-11359: Terminated
srun: error: frontier04253: task 7411: Terminated
srun: error: frontier00954: tasks 1672-1675,1677-1679: Terminated
srun: error: frontier07002: tasks 12056-12061,12063: Terminated
srun: error: frontier02625: tasks 4608-4615: Terminated
srun: error: frontier03981: tasks 6912-6917,6919: Terminated
srun: error: frontier01753: tasks 3008-3015: Terminated
srun: error: frontier05312: tasks 9216-9222: Terminated
srun: error: frontier07446: tasks 12760-12767: Terminated
srun: error: frontier08240: task 14155: Terminated
srun: error: frontier03013: task 5274: Terminated
srun: error: frontier08881: tasks 15160-15163,15165-15167: Terminated
srun: error: frontier07964: tasks 13656-13660,13662-13663: Terminated
srun: error: frontier00396: task 664: Terminated
srun: error: frontier01429: tasks 2472-2477,2479: Terminated
srun: error: frontier00074: tasks 168-169,171-175: Terminated
srun: error: frontier02712: tasks 4776-4778,4780-4783: Terminated
srun: error: frontier09297: tasks 15960-15967: Terminated
srun: error: frontier07191: tasks 12320-12326: Terminated
srun: error: frontier04438: tasks 7712-7715,7717-7719: Terminated
srun: error: frontier08531: tasks 14624,14626-14631: Terminated
srun: error: frontier02278: tasks 3976-3978,3980-3983: Terminated
srun: error: frontier03358: task 5906: Terminated
srun: error: frontier06094: task 10518: Terminated
srun: error: frontier00554: tasks 968,970-975: Terminated
srun: error: frontier03168: tasks 5576-5580,5582-5583: Terminated
srun: error: frontier06703: tasks 11520-11524,11526-11527: Terminated
srun: error: frontier07612: tasks 13120-13127: Terminated
srun: error: frontier03087: tasks 5408-5409,5411-5415: Terminated
srun: error: frontier09226: task 15753: Terminated
srun: error: frontier03540: tasks 6208-6210,6212-6215: Terminated
srun: error: frontier05793: tasks 10016-10022: Terminated
srun: error: frontier08737: task 14954: Terminated
srun: error: frontier02907: task 5108: Terminated
srun: error: frontier05019: tasks 8680-8687: Terminated
srun: error: frontier03658: tasks 6376,6378-6383: Terminated
srun: error: frontier02328: tasks 4072-4077,4079: Terminated
srun: error: frontier08458: tasks 14456-14461,14463: Terminated
srun: error: frontier07076: tasks 12152-12158: Terminated
srun: error: frontier06296: tasks 10816-10822: Terminated
srun: error: frontier03469: task 6075: Terminated
srun: error: frontier02152: task 3769: Terminated
srun: error: frontier00968: tasks 1768-1774: Terminated
srun: error: frontier10138: tasks 16224-16228,16230-16231: Terminated
srun: error: frontier07463: task 12821: Terminated
srun: error: frontier09280: task 15923: Terminated
srun: error: frontier08852: task 15127: Terminated
srun: error: frontier07957: task 13618: Terminated
srun: error: frontier01295: tasks 2265-2271: Terminated
srun: error: frontier04120: tasks 7177-7183: Terminated
srun: error: frontier09383: tasks 16056-16059,16061-16063: Terminated
srun: error: frontier09002: tasks 15424-15430: Terminated
srun: error: frontier00159: tasks 264-265,267-271: Terminated
srun: error: frontier08901: tasks 15256-15257,15259-15263: Terminated
srun: error: frontier04741: task 8213: Terminated
srun: error: frontier05405: tasks 9312-9316,9318-9319: Terminated
srun: error: frontier05846: tasks 10112-10113,10115-10119: Terminated
srun: error: frontier01561: tasks 2736-2739,2741-2743: Terminated
srun: error: frontier03857: task 6709: Terminated
srun: error: frontier04915: tasks 8512-8515,8517-8519: Terminated
srun: error: frontier04609: tasks 7976-7979,7981-7983: Terminated
srun: error: frontier05302: task 9181: Terminated
srun: error: frontier06740: tasks 11616-11620,11622-11623: Terminated
srun: error: frontier02605: task 4569: Terminated
srun: error: frontier03233: tasks 5672-5678: Terminated
srun: error: frontier05463: tasks 9480-9484,9486-9487: Terminated
srun: error: frontier07326: tasks 12584-12586,12588-12591: Terminated
srun: error: frontier02023: tasks 3536-3537,3539-3543: Terminated
srun: error: frontier01933: tasks 3369-3375: Terminated
srun: error: frontier06595: task 11316: Terminated
srun: error: frontier00689: tasks 1232-1239: Terminated
srun: error: frontier05965: tasks 10280,10282-10287: Terminated
srun: error: frontier02779: tasks 4872-4877,4879: Terminated
srun: error: frontier05684: task 9815: Terminated
srun: error: frontier07230: tasks 12416-12420,12422-12423: Terminated
srun: error: frontier06437: tasks 11080-11085,11087: Terminated
srun: error: frontier08112: tasks 13920-13925,13927: Terminated
srun: error: frontier03716: tasks 6472-6473,6475-6479: Terminated
srun: error: frontier00065: task 135: Terminated
srun: error: frontier08608: tasks 14720-14721,14723-14727: Terminated
srun: error: frontier00201: tasks 433-439: Terminated
srun: error: frontier02462: tasks 4336,4338-4343: Terminated
srun: error: frontier00428: task 760: Terminated
srun: error: frontier05074: tasks 8776-8780,8782-8783: Terminated
srun: error: frontier01760: task 3069: Terminated
srun: error: frontier05788: task 9978: Terminated
srun: error: frontier09052: tasks 15520-15521,15523-15527: Terminated
srun: error: frontier04176: tasks 7272,7274-7279: Terminated
srun: error: frontier01887: tasks 3272-3279: Terminated
srun: error: frontier05549: tasks 9576-9580,9582-9583: Terminated
srun: error: frontier07816: tasks 13384-13389,13391: Terminated
srun: error: frontier02402: tasks 4168-4175: Terminated
srun: error: frontier02837: tasks 4968,4970-4975: Terminated
srun: error: frontier03075: task 5369: Terminated
srun: error: frontier08167: tasks 14016-14021,14023: Terminated
srun: error: frontier07068: task 12116: Terminated
srun: error: frontier01625: tasks 2832-2833,2835-2839: Terminated
srun: error: frontier07703: tasks 13216-13223: Terminated
srun: error: frontier00295: tasks 528-532,534-535: Terminated
srun: error: frontier01870: task 3236: Terminated
srun: error: frontier00545: task 928: Terminated
srun: error: frontier08376: task 14423: Terminated
srun: error: frontier02914: tasks 5136-5143: Terminated
srun: error: frontier10161: tasks 16320-16323,16325-16327: Terminated
srun: error: frontier06923: tasks 11880-11883,11885-11887: Terminated
srun: error: frontier03394: tasks 5936-5939,5941-5943: Terminated
srun: error: frontier04906: task 8474: Terminated
srun: error: frontier06234: task 10777: Terminated
srun: error: frontier02074: tasks 3632-3634,3636-3639: Terminated
srun: error: frontier06032: tasks 10376,10378-10383: Terminated
srun: error: frontier02197: task 3865: Terminated
srun: error: frontier00712: tasks 1328,1330-1335: Terminated
srun: error: frontier06492: tasks 11176-11180,11182-11183: Terminated
srun: error: frontier06176: task 10614: Terminated
srun: error: frontier09236: tasks 15784-15785,15787-15791: Terminated
srun: error: frontier01166: tasks 2033-2039: Terminated
srun: error: frontier04405: task 7678: Terminated
srun: error: frontier00825: tasks 1496,1498-1503: Terminated
srun: error: frontier08630: tasks 14816-14821,14823: Terminated
srun: error: frontier05209: tasks 9040-9045,9047: Terminated
srun: error: frontier04646: tasks 8072-8076,8078-8079: Terminated
srun: error: frontier01188: tasks 2128-2134: Terminated
srun: error: frontier09372: task 16021: Terminated
srun: error: frontier04268: tasks 7440-7441,7443-7447: Terminated
srun: error: frontier03510: task 6173: Terminated
srun: error: frontier02536: tasks 4432-4435,4437-4439: Terminated
srun: error: frontier03864: tasks 6736-6741,6743: Terminated
srun: error: frontier02307: task 4038: Terminated
srun: error: frontier07366: tasks 12681-12687: Terminated
srun: error: frontier04757: tasks 8240-8241,8243-8247: Terminated
srun: error: frontier07857: tasks 13480-13481,13483-13487: Terminated
srun: error: frontier07501: task 12918: Terminated
srun: error: frontier08749: tasks 14984-14991: Terminated
srun: error: frontier06966: tasks 11976-11979,11981-11983: Terminated
srun: error: frontier06627: task 11413: Terminated
srun: error: frontier04314: tasks 7536-7541,7543: Terminated
srun: error: frontier01685: tasks 2928-2929,2931-2935: Terminated
srun: error: frontier02991: tasks 5232-5235,5237-5239: Terminated
srun: error: frontier03989: task 6974: Terminated
srun: error: frontier08100: task 13882: Terminated
srun: error: frontier02660: task 4665: Terminated
srun: error: frontier05147: tasks 8872-8879: Terminated
srun: error: frontier00961: task 1733: Terminated
srun: error: frontier00435: tasks 792-796,798-799: Terminated
srun: error: frontier05382: task 9277: Terminated
srun: error: frontier01492: tasks 2569-2575: Terminated
srun: error: frontier01767: tasks 3096-3099,3101-3103: Terminated
srun: error: frontier06184: tasks 10640-10643,10645-10647: Terminated
srun: error: frontier03459: tasks 6032-6035,6037-6039: Terminated
srun: error: frontier04803: tasks 8336,8338-8343: Terminated
srun: error: frontier08340: tasks 14280-14287: Terminated
srun: error: frontier03085: tasks 5400-5401,5403-5407: Terminated
srun: error: frontier07977: task 13717: Terminated
srun: error: frontier06603: tasks 11344-11346,11348-11351: Terminated
srun: error: frontier00925: tasks 1592-1597,1599: Terminated
srun: error: frontier01466: task 2531: Terminated
srun: error: frontier05705: tasks 9840-9847: Terminated
srun: error: frontier07451: tasks 12776,12778-12783: Terminated
srun: error: frontier00129: task 225: Terminated
srun: error: frontier01310: tasks 2297-2303: Terminated
srun: error: frontier03924: tasks 6832-6836,6838-6839: Terminated
srun: error: frontier07075: tasks 12144-12147,12149-12151: Terminated
srun: error: frontier05290: tasks 9136-9142: Terminated
srun: error: frontier07982: tasks 13744-13749,13751: Terminated
srun: error: frontier04021: tasks 7000-7005,7007: Terminated
srun: error: frontier07561: tasks 12944-12946,12948-12951: Terminated
srun: error: frontier09270: tasks 15880-15887: Terminated
srun: error: frontier06726: task 11583: Terminated
srun: error: frontier01376: tasks 2392-2396,2398-2399: Terminated
srun: error: frontier02764: task 4834: Terminated
srun: error: frontier07894: tasks 13576-13583: Terminated
srun: error: frontier02690: tasks 4696-4701,4703: Terminated
srun: error: frontier08784: tasks 15080-15087: Terminated
srun: error: frontier06667: tasks 11440,11442-11447: Terminated
srun: error: frontier02201: tasks 3896-3897,3899-3903: Terminated
srun: error: frontier04379: tasks 7632,7634-7639: Terminated
srun: error: frontier08253: tasks 14184-14191: Terminated
srun: error: frontier05773: tasks 9936-9939,9941-9943: Terminated
srun: error: frontier00563: task 1030: Terminated
srun: error: frontier03524: tasks 6200,6202-6207: Terminated
srun: error: frontier04564: task 7940: Terminated
srun: error: frontier05809: task 10079: Terminated
srun: error: frontier03219: task 5636: Terminated
srun: error: frontier00524: tasks 888-895: Terminated
srun: error: frontier03139: tasks 5496-5502: Terminated
srun: error: frontier01826: tasks 3192-3194,3196-3199: Terminated
srun: error: frontier07128: tasks 12240-12243,12245-12247: Terminated
srun: error: frontier03118: task 5469: Terminated
srun: error: frontier07585: tasks 13040-13045,13047: Terminated
srun: error: frontier00572: tasks 1056-1059,1061-1063: Terminated
srun: error: frontier00049: tasks 89-95: Terminated
srun: error: frontier08489: tasks 14544-14547,14549-14551: Terminated
srun: error: frontier04492: task 7769: Terminated
srun: error: frontier09382: tasks 16048-16053,16055: Terminated
srun: error: frontier08587: task 14684: Terminated
srun: error: frontier04968: tasks 8600-8606: Terminated
srun: error: frontier03602: tasks 6296-6302: Terminated
srun: error: frontier05845: tasks 10104-10106,10108-10111: Terminated
srun: error: frontier02281: tasks 3992-3993,3995-3999: Terminated
srun: error: frontier06333: tasks 10904-10905,10907-10911: Terminated
srun: error: frontier00158: tasks 256-262: Terminated
srun: error: frontier07215: task 12378: Terminated
srun: error: frontier02401: tasks 4160-4164,4166-4167: Terminated
srun: error: frontier05046: task 8742: Terminated
srun: error: frontier04501: tasks 7800-7804,7806-7807: Terminated
srun: error: frontier01895: task 3335: Terminated
srun: error: frontier03667: task 6438: Terminated
srun: error: frontier02395: task 4134: Terminated
srun: error: frontier04067: tasks 7096-7099,7101-7103: Terminated
srun: error: frontier06812: tasks 11704-11705,11707-11711: Terminated
srun: error: frontier06711: tasks 11536-11538,11540-11543: Terminated
srun: error: frontier01510: tasks 2656-2660,2662-2663: Terminated
srun: error: frontier05436: tasks 9400-9402,9404-9407: Terminated
srun: error: frontier04952: task 8575: Terminated
srun: error: frontier09405: tasks 16144-16151: Terminated
srun: error: frontier00175: tasks 352-358: Terminated
srun: error: frontier05422: task 9373: Terminated
srun: error: frontier08991: tasks 15344-15348,15350-15351: Terminated
srun: error: frontier00956: tasks 1688-1693,1695: Terminated
srun: error: frontier08091: tasks 13840-13847: Terminated
srun: error: frontier07269: tasks 12504-12511: Terminated
srun: error: frontier04554: tasks 7896-7900,7902-7903: Terminated
srun: error: frontier01090: task 1995: Terminated
srun: error: frontier02010: tasks 3456-3463: Terminated
srun: error: frontier01059: tasks 1856-1861,1863: Terminated
srun: error: frontier05920: tasks 10200-10206: Terminated
srun: error: frontier04152: task 7234: Terminated
srun: error: frontier00675: tasks 1153-1159: Terminated
srun: error: frontier02834: tasks 4960-4965,4967: Terminated
srun: error: frontier06404: tasks 11000-11004,11006-11007: Terminated
srun: error: frontier05026: tasks 8696,8698-8703: Terminated
srun: error: frontier01054: task 1824: Terminated
srun: error: frontier06874: task 11843: Terminated
srun: error: frontier01506: task 2626: Terminated
srun: error: frontier08146: tasks 14008,14010-14015: Terminated
srun: error: frontier06797: task 11676: Terminated
srun: error: frontier03211: tasks 5592-5597,5599: Terminated
srun: error: frontier02818: task 4934: Terminated
srun: error: frontier05531: task 9539: Terminated
srun: error: frontier05146: tasks 8864-8868,8870-8871: Terminated
srun: error: frontier08533: tasks 14640-14645,14647: Terminated
srun: error: frontier03757: tasks 6560-6563,6565-6567: Terminated
srun: error: frontier08629: tasks 14808-14809,14811-14815: Terminated
srun: error: frontier01596: task 2794: Terminated
srun: error: frontier10151: task 16284: Terminated
srun: error: frontier05517: tasks 9496-9499,9501-9503: Terminated
srun: error: frontier09118: tasks 15608-15613,15615: Terminated
srun: error: frontier06840: tasks 11800-11803,11805-11807: Terminated
srun: error: frontier00285: task 490: Terminated
srun: error: frontier09007: tasks 15440-15446: Terminated
srun: error: frontier04242: tasks 7360-7366: Terminated
srun: error: frontier07730: tasks 13304,13306-13311: Terminated
srun: error: frontier01563: tasks 2752-2757,2759: Terminated
srun: error: frontier05596: tasks 9664-9666,9668-9671: Terminated
srun: error: frontier06227: tasks 10736-10737,10739-10743: Terminated
srun: error: frontier05982: task 10339: Terminated
srun: error: frontier01680: tasks 2920-2923,2925-2927: Terminated
srun: error: frontier07330: tasks 12600-12603,12605-12607: Terminated
srun: error: frontier03292: tasks 5760,5762-5767: Terminated
srun: error: frontier04629: task 8039: Terminated
srun: error: frontier02436: tasks 4256-4263: Terminated
srun: error: frontier01084: tasks 1953-1959: Terminated
srun: error: frontier10146: tasks 16240-16247: Terminated
srun: error: frontier07255: task 12476: Terminated
srun: error: frontier06063: tasks 10464-10468,10470-10471: Terminated
srun: error: frontier01947: task 3425: Terminated
srun: error: frontier02029: tasks 3552-3559: Terminated
srun: error: frontier07354: task 12645: Terminated
srun: error: frontier00272: tasks 448-453,455: Terminated
srun: error: frontier08230: tasks 14104-14111: Terminated
srun: error: frontier00807: tasks 1416-1422: Terminated
srun: error: frontier03357: task 5903: Terminated
srun: error: frontier09171: tasks 15704-15707,15709-15711: Terminated
srun: error: frontier00314: tasks 616-620,622-623: Terminated
srun: error: frontier05167: tasks 8960-8965,8967: Terminated
srun: error: frontier09100: task 15578: Terminated
srun: error: frontier02065: task 3592: Terminated
srun: error: frontier02879: tasks 5056-5057,5059-5063: Terminated
srun: error: frontier02142: tasks 3720-3727: Terminated
srun: error: frontier07829: tasks 13400-13406: Terminated
srun: error: frontier03343: tasks 5856-5858,5860-5863: Terminated
srun: error: frontier07892: tasks 13568-13570,13572-13575: Terminated
srun: error: frontier00704: task 1294: Terminated
srun: error: frontier08256: tasks 14200-14204,14206-14207: Terminated
srun: error: frontier05970: tasks 10296-10303: Terminated
srun: error: frontier01260: tasks 2216-2219,2221-2223: Terminated
srun: error: frontier06569: tasks 11264,11266-11271: Terminated
srun: error: frontier02726: tasks 4792-4798: Terminated
srun: error: frontier07003: tasks 12064-12070: Terminated
srun: error: frontier08716: tasks 14904-14911: Terminated
srun: error: frontier05091: task 8836: Terminated
srun: error: frontier04693: tasks 8160-8163,8165-8167: Terminated
srun: error: frontier03729: task 6531: Terminated
srun: error: frontier07450: tasks 12768-12770,12772-12775: Terminated
srun: error: frontier02577: tasks 4520-4521,4523-4527: Terminated
srun: error: frontier02518: tasks 4352-4356,4358-4359: Terminated
srun: error: frontier04378: tasks 7624-7627,7629-7631: Terminated
srun: error: frontier06464: task 11139: Terminated
srun: error: frontier01754: tasks 3016-3023: Terminated
srun: error: frontier03803: tasks 6656,6658-6663: Terminated
srun: error: frontier03855: task 6701: Terminated
srun: error: frontier10173: task 16381: Terminated
srun: error: frontier00418: tasks 712-715,717-719: Terminated
srun: error: frontier04274: tasks 7456-7459,7461-7463: Terminated
srun: error: frontier04760: tasks 8256-8262: Terminated
srun: error: frontier05669: tasks 9760-9763,9765-9767: Terminated
srun: error: frontier06108: tasks 10560-10562,10564-10567: Terminated
srun: error: frontier05580: task 9636: Terminated
srun: error: frontier03035: tasks 5320-5322,5324-5327: Terminated
srun: error: frontier00455: tasks 880-883,885-887: Terminated
srun: error: frontier03475: tasks 6120-6123,6125-6127: Terminated
srun: error: frontier04226: task 7334: Terminated
srun: error: frontier07477: tasks 12864-12865,12867-12871: Terminated
srun: error: frontier04893: tasks 8424-8426,8428-8431: Terminated
srun: error: frontier02527: task 4399: Terminated
srun: error: frontier00827: tasks 1512-1519: Terminated
srun: error: frontier08364: tasks 14368,14370-14375: Terminated
srun: error: frontier03922: tasks 6824-6830: Terminated
srun: error: frontier08882: tasks 15168-15173,15175: Terminated
srun: error: frontier02183: tasks 3816-3822: Terminated
srun: error: frontier01645: task 2890: Terminated
srun: error: frontier08752: tasks 15000-15005,15007: Terminated
srun: error: frontier00955: tasks 1680-1683,1685-1687: Terminated
srun: error: frontier06619: tasks 11360-11364,11366-11367: Terminated
srun: error: frontier01312: tasks 2312-2315,2317-2319: Terminated
srun: error: frontier04304: task 7502: Terminated
srun: error: frontier05315: tasks 9224-9229,9231: Terminated
srun: error: frontier00306: task 584: Terminated
srun: error: frontier09354: tasks 15968-15970,15972-15975: Terminated
srun: error: frontier08329: task 14245: Terminated
srun: error: frontier06053: task 10434: Terminated
srun: error: frontier00076: tasks 176-182: Terminated
srun: error: frontier07965: tasks 13664,13666-13671: Terminated
srun: error: frontier00425: task 752: Terminated
srun: error: frontier04688: task 8131: Terminated
srun: error: frontier02628: tasks 4616-4618,4620-4623: Terminated
srun: error: frontier05798: tasks 10024-10025,10027-10031: Terminated
srun: error: frontier03982: tasks 6920-6924,6926-6927: Terminated
srun: error: frontier01769: tasks 3112-3116,3118-3119: Terminated
srun: error: frontier07082: tasks 12160-12163,12165-12167: Terminated
srun: error: frontier04439: tasks 7720-7721,7723-7727: Terminated
srun: error: frontier07193: tasks 12328,12330-12335: Terminated
srun: error: frontier02967: task 5197: Terminated
srun: error: frontier03170: tasks 5584-5588,5590-5591: Terminated
srun: error: frontier05255: tasks 9056-9062: Terminated
srun: error: frontier08903: tasks 15264-15267,15269-15271: Terminated
srun: error: frontier01888: tasks 3280-3281,3283-3287: Terminated
srun: error: frontier06174: task 10602: Terminated
srun: error: frontier00557: tasks 976-977,979-983: Terminated
srun: error: frontier00802: task 1388: Terminated
srun: error: frontier08460: tasks 14464-14469,14471: Terminated
srun: error: frontier03541: tasks 6216-6221,6223: Terminated
srun: error: frontier01431: tasks 2480,2482-2487: Terminated
srun: error: frontier03421: task 5999: Terminated
srun: error: frontier06302: tasks 10824-10828,10830-10831: Terminated
srun: error: frontier02134: task 3690: Terminated
srun: error: frontier04917: tasks 8520-8523,8525-8527: Terminated
srun: error: frontier07437: task 12741: Terminated
srun: error: frontier07615: tasks 13128-13132,13134-13135: Terminated
srun: error: frontier07886: task 13542: Terminated
srun: error: frontier06704: tasks 11528-11533,11535: Terminated
srun: error: frontier06545: task 11238: Terminated
srun: error: frontier09386: tasks 16064-16066,16068-16071: Terminated
srun: error: frontier05406: tasks 9320-9326: Terminated
srun: error: frontier10142: tasks 16232-16234,16236-16239: Terminated
srun: error: frontier04028: tasks 7016-7017,7019-7023: Terminated
srun: error: frontier00834: task 1552: Terminated
srun: error: frontier08760: task 15046: Terminated
srun: error: frontier02329: tasks 4080-4083,4085-4087: Terminated
srun: error: frontier08113: tasks 13928-13933,13935: Terminated
srun: error: frontier06741: tasks 11624-11626,11628-11631: Terminated
srun: error: frontier02780: tasks 4880-4883,4885-4887: Terminated
srun: error: frontier01493: tasks 2577-2583: Terminated
srun: error: frontier04772: task 8299: Terminated
srun: error: frontier00160: tasks 272-275,277-279: Terminated
srun: error: frontier09003: tasks 15432-15438: Terminated
srun: error: frontier02564: task 4494: Terminated
srun: error: frontier05847: tasks 10120-10124,10126-10127: Terminated
srun: error: frontier03659: tasks 6384-6387,6389-6391: Terminated
srun: error: frontier00267: tasks 440-447: Terminated
srun: error: frontier09251: task 15843: Terminated
srun: error: frontier00574: tasks 1072-1077,1079: Terminated
srun: error: frontier04611: tasks 7984-7987,7989-7991: Terminated
srun: error: frontier01934: tasks 3376-3377,3379-3383: Terminated
srun: error: frontier06995: task 12037: Terminated
srun: error: frontier00970: tasks 1776-1778,1780-1783: Terminated
srun: error: frontier03234: tasks 5680-5683,5685-5687: Terminated
srun: error: frontier05511: tasks 9488,9490-9495: Terminated
srun: error: frontier07231: tasks 12424-12425,12427-12431: Terminated
srun: error: frontier02657: task 4660: Terminated
srun: error: frontier00029: task 48: Terminated
srun: error: frontier01357: task 2359: Terminated
srun: error: frontier04124: tasks 7184-7191: Terminated
srun: error: frontier06625: task 11402: Terminated
srun: error: frontier00691: tasks 1241-1247: Terminated
srun: error: frontier06335: tasks 10920-10925,10927: Terminated
srun: error: frontier09057: tasks 15528,15530-15535: Terminated
srun: error: frontier06440: tasks 11088-11095: Terminated
srun: error: frontier05075: tasks 8784-8785,8787-8791: Terminated
srun: error: frontier03717: tasks 6480-6485,6487: Terminated
srun: error: frontier02403: tasks 4176-4181,4183: Terminated
srun: error: frontier05276: task 9099: Terminated
srun: error: frontier03892: task 6797: Terminated
srun: error: frontier10162: tasks 16328-16331,16333-16335: Terminated
srun: error: frontier08609: tasks 14728-14729,14731-14735: Terminated
srun: error: frontier06817: tasks 11720-11725,11727: Terminated
srun: error: frontier01063: tasks 1872-1873,1875-1879: Terminated
srun: error: frontier05966: tasks 10288-10290,10292-10295: Terminated
srun: error: frontier01170: tasks 2040,2042-2047: Terminated
srun: error: frontier02477: tasks 4344-4346,4348-4351: Terminated
srun: error: frontier07569: tasks 12960,12962-12967: Terminated
srun: error: frontier04177: tasks 7280-7287: Terminated
srun: error: frontier01814: task 3157: Terminated
srun: error: frontier08255: tasks 14192-14198: Terminated
srun: error: frontier01630: tasks 2840-2841,2843-2847: Terminated
srun: error: frontier03090: tasks 5416-5423: Terminated
srun: error: frontier07469: task 12839: Terminated
srun: error: frontier05719: task 9903: Terminated
srun: error: frontier07704: tasks 13224-13231: Terminated
srun: error: frontier03296: tasks 5776-5781,5783: Terminated
srun: error: frontier06033: tasks 10384-10389,10391: Terminated
srun: error: frontier06926: tasks 11888-11890,11892-11895: Terminated
srun: error: frontier04368: task 7593: Terminated
srun: error: frontier08202: tasks 14024-14030: Terminated
srun: error: frontier07577: task 13005: Terminated
srun: error: frontier08931: task 15311: Terminated
srun: error: frontier04648: tasks 8080,8082-8087: Terminated
srun: error: frontier03397: tasks 5944-5947,5949-5951: Terminated
srun: error: frontier04759: tasks 8248-8254: Terminated
srun: error: frontier07094: task 12203: Terminated
srun: error: frontier00776: tasks 1336-1337,1339-1343: Terminated
srun: error: frontier09286: task 15939: Terminated
srun: error: frontier05148: tasks 8880,8882-8887: Terminated
srun: error: frontier02075: tasks 3640-3642,3644-3647: Terminated
srun: error: frontier05550: tasks 9584,9586-9591: Terminated
srun: error: frontier02956: tasks 5144-5151: Terminated
srun: error: frontier08858: task 15142: Terminated
srun: error: frontier07873: tasks 13488-13494: Terminated
srun: error: frontier04828: task 8399: Terminated
srun: error: frontier02838: tasks 4976-4983: Terminated
srun: error: frontier03100: task 5457: Terminated
srun: error: frontier02266: task 3959: Terminated
srun: error: frontier00951: task 1649: Terminated
srun: error: frontier05210: tasks 9048-9055: Terminated
srun: error: frontier08635: tasks 14824-14828,14830-14831: Terminated
srun: error: frontier01189: tasks 2136-2141,2143: Terminated
srun: error: frontier02538: tasks 4440-4442,4444-4447: Terminated
srun: error: frontier06200: task 10700: Terminated
srun: error: frontier03590: task 6261: Terminated
srun: error: frontier06496: tasks 11184-11186,11188-11191: Terminated
srun: error: frontier00296: tasks 536-540,542-543: Terminated
srun: error: frontier08750: tasks 14992-14996,14998-14999: Terminated
srun: error: frontier01311: tasks 2305-2311: Terminated
srun: error: frontier06968: tasks 11984,11986-11991: Terminated
srun: error: frontier01686: tasks 2936-2939,2941-2943: Terminated
srun: error: frontier09395: task 16109: Terminated
srun: error: frontier07372: tasks 12688-12692,12694-12695: Terminated
srun: error: frontier09238: tasks 15792-15794,15796-15799: Terminated
srun: error: frontier04353: tasks 7544-7548,7550-7551: Terminated
srun: error: frontier05598: tasks 9680,9682-9687: Terminated
srun: error: frontier02999: tasks 5240,5242-5247: Terminated
srun: error: frontier09120: tasks 15624-15625,15627-15631: Terminated
srun: error: frontier00005: tasks 0-3,5-7: Terminated
srun: error: frontier01768: tasks 3104,3106-3111: Terminated
srun: error: frontier00436: tasks 801-807: Terminated
srun: error: frontier06700: task 11503: Terminated
srun: error: frontier03865: tasks 6744-6748,6750-6751: Terminated
srun: error: frontier04804: tasks 8344-8346,8348-8351: Terminated
srun: error: frontier04053: task 7062: Terminated
srun: error: frontier08344: tasks 14288-14290,14292-14295: Terminated
srun: error: frontier05713: tasks 9848-9851,9853-9855: Terminated
srun: error: frontier05419: task 9365: Terminated
srun: error: frontier03460: tasks 6041-6047: Terminated
srun: error: frontier05308: task 9197: Terminated
srun: error: frontier02202: tasks 3904-3907,3909-3911: Terminated
srun: error: frontier00930: tasks 1600-1601,1603-1607: Terminated
srun: error: frontier02709: task 4754: Terminated
srun: error: frontier01386: task 2448: Terminated
srun: error: frontier07452: tasks 12784-12790: Terminated
srun: error: frontier06187: tasks 10648-10653,10655: Terminated
srun: error: frontier00068: task 150: Terminated
srun: error: frontier03925: tasks 6840-6846: Terminated
srun: error: frontier02579: tasks 4536-4541,4543: Terminated
srun: error: frontier07999: task 13804: Terminated
srun: error: frontier06682: tasks 11448-11451,11453-11455: Terminated
srun: error: frontier08785: tasks 15088-15093,15095: Terminated
srun: error: frontier07564: tasks 12952-12954,12956-12959: Terminated
srun: error: frontier01377: tasks 2400-2404,2406-2407: Terminated
srun: error: frontier05291: tasks 9144-9150: Terminated
srun: error: frontier02696: tasks 4704-4708,4710-4711: Terminated
srun: error: frontier00168: task 317: Terminated
srun: error: frontier04026: tasks 7008-7009,7011-7015: Terminated
srun: error: frontier07897: tasks 13584-13589,13591: Terminated
srun: error: frontier00051: tasks 96-100,102-103: Terminated
srun: error: frontier06066: tasks 10480-10484,10486-10487: Terminated
srun: error: frontier03161: task 5554: Terminated
srun: error: frontier01882: task 3255: Terminated
srun: error: frontier05902: task 10167: Terminated
srun: error: frontier04383: tasks 7640-7645,7647: Terminated
srun: error: frontier00547: task 948: Terminated
srun: error: frontier04520: task 7857: Terminated
srun: error: frontier08517: task 14606: Terminated
srun: error: frontier01829: tasks 3200-3204,3206-3207: Terminated
srun: error: frontier02144: tasks 3736-3738,3740-3743: Terminated
srun: error: frontier03144: tasks 5504,5506-5511: Terminated
srun: error: frontier00539: tasks 896-902: Terminated
srun: error: frontier07171: task 12296: Terminated
srun: error: frontier07600: task 13097: Terminated
srun: error: frontier09271: tasks 15888-15889,15891-15895: Terminated
srun: error: frontier07984: tasks 13752-13758: Terminated
srun: error: frontier00573: tasks 1064,1066-1071: Terminated
srun: error: frontier06228: tasks 10744,10746-10751: Terminated
srun: error: frontier05775: tasks 9944,9946-9951: Terminated
srun: error: frontier05790: task 9996: Terminated
srun: error: frontier00662: task 1114: Terminated
srun: error: frontier01945: task 3420: Terminated
srun: error: frontier02282: tasks 4000-4001,4003-4007: Terminated
srun: error: frontier08490: tasks 14552-14553,14555-14559: Terminated
srun: error: frontier03603: tasks 6304-6310: Terminated
srun: error: frontier07129: tasks 12248-12252,12254-12255: Terminated
srun: error: frontier07586: tasks 13048-13051,13053-13055: Terminated
srun: error: frontier08095: tasks 13848,13850-13855: Terminated
srun: error: frontier05016: task 8662: Terminated
srun: error: frontier06334: tasks 10912-10916,10918-10919: Terminated
srun: error: frontier09415: tasks 16152-16155,16157-16159: Terminated
srun: error: frontier04898: tasks 8440-8444,8446-8447: Terminated
srun: error: frontier04502: tasks 7808-7814: Terminated
srun: error: frontier03645: task 6357: Terminated
srun: error: frontier02319: task 4054: Terminated
srun: error: frontier08108: task 13898: Terminated
srun: error: frontier08999: task 15404: Terminated
srun: error: frontier04970: tasks 8608-8610,8612-8615: Terminated
srun: error: frontier02413: task 4220: Terminated
srun: error: frontier01511: tasks 2664-2670: Terminated
srun: error: frontier00177: tasks 360-361,363-367: Terminated
srun: error: frontier01433: tasks 2496-2498,2500-2503: Terminated
srun: error: frontier06712: tasks 11544-11546,11548-11551: Terminated
srun: error: frontier08992: tasks 15352-15358: Terminated
srun: error: frontier07722: task 13269: Terminated
srun: error: frontier00957: tasks 1696-1700,1702-1703: Terminated
srun: error: frontier04555: tasks 7904-7907,7909-7911: Terminated
srun: error: frontier03212: tasks 5600-5607: Terminated
srun: error: frontier01077: task 1916: Terminated
srun: error: frontier05924: tasks 10208-10212,10214-10215: Terminated
srun: error: frontier06815: tasks 11712-11718: Terminated
srun: error: frontier06826: task 11767: Terminated
srun: error: frontier07620: tasks 13144,13146-13151: Terminated
srun: error: frontier04068: tasks 7104-7110: Terminated
srun: error: frontier03293: tasks 5768-5772,5774-5775: Terminated
srun: error: frontier06358: task 10963: Terminated
srun: error: frontier02011: tasks 3464-3471: Terminated
srun: error: frontier01060: tasks 1864-1871: Terminated
srun: error: frontier04114: task 7154: Terminated
srun: error: frontier07196: tasks 12344-12348,12350-12351: Terminated
srun: error: frontier05028: tasks 8704-8710: Terminated
srun: error: frontier00676: tasks 1160-1165,1167: Terminated
srun: error: frontier08535: tasks 14648,14650-14655: Terminated
srun: error: frontier03662: tasks 6400-6403,6405-6407: Terminated
srun: error: frontier08369: tasks 14385-14391: Terminated
srun: error: frontier02742: tasks 4800,4802-4807: Terminated
srun: error: frontier06409: tasks 11008-11011,11013-11015: Terminated
srun: error: frontier04182: task 7326: Terminated
srun: error: frontier05442: tasks 9408-9410,9412-9415: Terminated
srun: error: frontier07298: tasks 12512-12515,12517-12519: Terminated
srun: error: frontier01553: task 2712: Terminated
srun: error: frontier09009: tasks 15448,15450-15455: Terminated
srun: error: frontier07319: task 12567: Terminated
srun: error: frontier04567: task 7955: Terminated
srun: error: frontier05937: task 10261: Terminated
srun: error: frontier08601: task 14702: Terminated
srun: error: frontier07731: tasks 13312-13315,13317-13319: Terminated
srun: error: frontier09119: tasks 15616-15618,15620-15623: Terminated
srun: error: frontier02774: task 4849: Terminated
srun: error: frontier00193: task 410: Terminated
srun: error: frontier04687: task 8122: Terminated
srun: error: frontier00686: task 1213: Terminated
srun: error: frontier02019: task 3515: Terminated
srun: error: frontier02854: task 5022: Terminated
srun: error: frontier08655: task 14871: Terminated
srun: error: frontier06426: task 11063: Terminated
srun: error: frontier03334: task 5818: Terminated
srun: error: frontier05058: task 8754: Terminated
srun: error: frontier00799: task 1378: Terminated
srun: error: frontier09139: task 15665: Terminated
srun: error: frontier01153: task 2010: Terminated
srun: error: frontier07758: task 13362: Terminated
srun: error: frontier02458: task 4316: Terminated
srun: error: frontier05536: task 9553: Terminated
srun: error: frontier03791: task 6620: Terminated
srun: error: frontier06993: task 12030: Terminated
srun: error: frontier04255: task 7419: Terminated
srun: error: frontier05649: task 9722: Terminated
srun: error: frontier01612: task 2808: Terminated
srun: error: frontier02908: task 5116: Terminated
srun: error: frontier08241: task 14165: Terminated
srun: error: frontier01251: task 2180: Terminated
srun: error: frontier07356: task 12663: Terminated
srun: error: frontier01701: task 2980: Terminated
srun: error: frontier00397: task 678: Terminated
srun: error: frontier07466: task 12828: Terminated
srun: error: frontier03368: task 5914: Terminated
srun: error: frontier08738: task 14963: Terminated
srun: error: frontier04745: task 8221: Terminated
srun: error: frontier02071: task 3614: Terminated
srun: error: frontier07852: task 13459: Terminated
srun: error: frontier06095: task 10525: Terminated
srun: error: frontier02155: task 3778: Terminated
srun: error: frontier00821: task 1479: Terminated
srun: error: frontier09227: task 15763: Terminated
srun: error: frontier01297: task 2277: Terminated
srun: error: frontier07069: task 12123: Terminated
srun: error: frontier05685: task 9818: Terminated
srun: error: frontier00066: task 138: Terminated
srun: error: frontier04434: task 7686: Terminated
srun: error: frontier00431: task 770: Terminated
srun: error: frontier07503: task 12927: Terminated
srun: error: frontier04795: task 8313: Terminated
srun: error: frontier08378: task 14429: Terminated
srun: error: frontier01762: task 3074: Terminated
srun: error: frontier03076: task 5381: Terminated
srun: error: frontier04908: task 8486: Terminated
srun: error: frontier00546: task 937: Terminated
srun: error: frontier03511: task 6178: Terminated
srun: error: frontier02198: task 3877: Terminated
srun: error: frontier00920: task 1572: Terminated
srun: error: frontier08892: task 15230: Terminated
srun: error: frontier06177: task 10618: Terminated
srun: error: frontier07978: task 13724: Terminated
srun: error: frontier00962: task 1741: Terminated
srun: error: frontier09376: task 16025: Terminated
srun: error: frontier03990: task 6981: Terminated
srun: error: frontier02661: task 4679: Terminated
srun: error: frontier06628: task 11418: Terminated
srun: error: frontier01362: task 2369: Terminated
srun: error: frontier02770: task 4846: Terminated
srun: error: frontier00132: task 235: Terminated
srun: error: frontier01470: task 2539: Terminated
srun: error: frontier06727: task 11590: Terminated
srun: error: frontier04493: task 7779: Terminated
srun: error: frontier03120: task 5474: Terminated
srun: error: frontier08481: task 14521: Terminated
srun: error: frontier05384: task 9286: Terminated
srun: error: frontier00566: task 1037: Terminated
srun: error: frontier07216: task 12391: Terminated
srun: error: frontier01897: task 3338: Terminated
srun: error: frontier07103: task 12223: Terminated
srun: error: frontier04955: task 8578: Terminated
srun: error: frontier08599: task 14694: Terminated
srun: error: frontier03598: task 6277: Terminated
srun: error: frontier05841: task 10085: Terminated
srun: error: frontier09400: task 16127: Terminated
srun: error: frontier08973: task 15323: Terminated
srun: error: frontier05057: task 8747: Terminated
srun: error: frontier03220: task 5644: Terminated
srun: error: frontier01055: task 1834: Terminated
srun: error: frontier03668: task 6447: Terminated
srun: error: frontier09027: task 15495: Terminated
srun: error: frontier05423: task 9380: Terminated
srun: error: frontier10152: task 16289: Terminated
srun: error: frontier07694: task 13191: Terminated
srun: error: frontier02398: task 4142: Terminated
srun: error: frontier04153: task 7246: Terminated
srun: error: frontier02831: task 4938: Terminated
srun: error: frontier00171: task 334: Terminated
srun: error: frontier07257: task 12482: Terminated
srun: error: frontier08131: task 13990: Terminated
srun: error: frontier00286: task 500: Terminated
srun: error: frontier04630: task 8042: Terminated
srun: error: frontier05532: task 9550: Terminated
srun: error: frontier01948: task 3434: Terminated
srun: error: frontier03287: task 5736: Terminated
srun: error: frontier01507: task 2635: Terminated
srun: error: frontier05987: task 10351: Terminated
srun: error: frontier07724: task 13286: Terminated
srun: error: frontier06363: task 10977: Terminated
srun: error: frontier02068: task 3607: Terminated
srun: error: frontier08623: task 14791: Terminated
srun: error: frontier00707: task 1299: Terminated
srun: error: frontier07851: task 13455: Terminated
srun: error: frontier05124: task 8844: Terminated
srun: error: frontier03733: task 6543: Terminated
srun: error: frontier06803: task 11685: Terminated
srun: error: frontier01184: task 2103: Terminated
srun: error: frontier02417: task 4234: Terminated
srun: error: frontier05582: task 9642: Terminated
srun: error: frontier06956: task 11949: Terminated
srun: error: frontier04229: task 7338: Terminated
srun: error: frontier02870: task 5034: Terminated
srun: error: frontier04306: task 7505: Terminated
srun: error: frontier02968: task 5204: Terminated
srun: error: frontier08219: task 14086: Terminated
srun: error: frontier01646: task 2900: Terminated
srun: error: frontier02532: task 4407: Terminated
srun: error: frontier07438: task 12750: Terminated
srun: error: frontier06057: task 10443: Terminated
srun: error: frontier08763: task 15054: Terminated
srun: error: frontier04690: task 8138: Terminated
srun: error: frontier08668: task 14882: Terminated
srun: error: frontier02137: task 3698: Terminated
srun: error: frontier00307: task 599: Terminated
srun: error: frontier04786: task 8310: Terminated
srun: error: frontier00803: task 1396: Terminated
srun: error: frontier09252: task 15854: Terminated
srun: error: frontier05164: task 8941: Terminated
srun: error: frontier07887: task 13548: Terminated
srun: error: frontier06557: task 11244: Terminated
srun: error: frontier00919: task 1566: Terminated
srun: error: frontier02574: task 4499: Terminated
srun: error: frontier01256: task 2198: Terminated
srun: error: frontier03422: task 6007: Terminated
srun: error: frontier08331: task 14253: Terminated
srun: error: frontier05280: task 9106: Terminated
srun: error: frontier00036: task 63: Terminated
srun: error: frontier01359: task 2367: Terminated
srun: error: frontier08352: task 14348: Terminated
srun: error: frontier01740: task 2998: Terminated
srun: error: frontier06996: task 12045: Terminated
srun: error: frontier05655: task 9742: Terminated
srun: error: frontier03029: task 5296: Terminated
srun: error: frontier07470: task 12843: Terminated
srun: error: frontier07095: task 12210: Terminated
srun: error: frontier00452: task 862: Terminated
srun: error: frontier04372: task 7601: Terminated
srun: error: frontier03472: task 6100: Terminated
srun: error: frontier07578: task 13015: Terminated
srun: error: frontier05722: task 9909: Terminated
srun: error: frontier01815: task 3161: Terminated
srun: error: frontier04832: task 8405: Terminated
srun: error: frontier03597: task 6270: Terminated
srun: error: frontier02270: task 3963: Terminated
srun: error: frontier06204: task 10707: Terminated
srun: error: frontier00952: task 1658: Terminated
srun: error: frontier09399: task 16114: Terminated
srun: error: frontier07961: task 13642: Terminated
srun: error: frontier08081: task 13815: Terminated
srun: error: frontier03969: task 6899: Terminated
srun: error: frontier02158: task 3798: Terminated
srun: error: frontier09287: task 15947: Terminated
srun: error: frontier06701: task 11507: Terminated
srun: error: frontier01415: task 2463: Terminated
srun: error: frontier04059: task 7071: Terminated
srun: error: frontier04436: task 7700: Terminated
srun: error: frontier07175: task 12307: Terminated
srun: error: frontier05310: task 9207: Terminated
srun: error: frontier00170: task 326: Terminated
srun: error: frontier01883: task 3262: Terminated
srun: error: frontier00071: task 152: Terminated
srun: error: frontier08521: task 14614: Terminated
srun: error: frontier00548: task 954: Terminated
srun: error: frontier04521: task 7868: Terminated
srun: error: frontier06291: task 10804: Terminated
srun: error: frontier00666: task 1125: Terminated
srun: error: frontier03164: task 5562: Terminated
srun: error: frontier05017: task 8666: Terminated
srun: error: frontier09000: task 15409: Terminated
srun: error: frontier06359: task 10971: Terminated
srun: error: frontier00964: task 1758: Terminated
srun: error: frontier02415: task 4226: Terminated
srun: error: frontier08110: task 13906: Terminated
srun: error: frontier01078: task 1925: Terminated
srun: error: frontier02776: task 4860: Terminated
srun: error: frontier06836: task 11770: Terminated
srun: error: frontier05461: task 9465: Terminated
srun: error: frontier07220: task 12403: Terminated
srun: error: frontier06736: task 11603: Terminated
srun: error: frontier01554: task 2725: Terminated
srun: error: frontier03222: task 5659: Terminated
srun: error: frontier05938: task 10269: Terminated
srun: error: frontier00195: task 419: Terminated
srun: error: frontier08603: task 14707: Terminated
srun: error: frontier09033: task 15509: Terminated
srun: error: frontier00687: task 1223: Terminated
srun: error: frontier02021: task 3521: Terminated
srun: error: frontier06432: task 11065: Terminated
srun: error: frontier02862: task 5025: Terminated
srun: error: frontier08659: task 14878: Terminated
srun: error: frontier03678: task 6461: Terminated
srun: error: frontier05059: task 8767: Terminated
srun: error: frontier02460: task 4321: Terminated
srun: error: frontier05545: task 9562: Terminated
srun: error: frontier07760: task 13371: Terminated
srun: error: frontier09144: task 15677: Terminated
srun: error: frontier08249: task 14172: Terminated
srun: error: frontier06917: task 11867: Terminated
srun: error: frontier05158: task 8930: Terminated
srun: error: frontier05652: task 9729: Terminated
srun: error: frontier01614: task 2823: Terminated
srun: error: frontier03792: task 6625: Terminated
srun: error: frontier00288: task 512: Terminated
srun: error: frontier06024: task 10366: Terminated
srun: error: frontier01154: task 2017: Terminated
srun: error: frontier00409: task 683: Terminated
srun: error: frontier04263: task 7431: Terminated
srun: error: frontier04752: task 8225: Terminated
srun: error: frontier07362: task 12671: Terminated
srun: error: frontier06486: task 11166: Terminated
srun: error: frontier08739: task 14974: Terminated
srun: error: frontier03380: task 5925: Terminated
srun: error: frontier07853: task 13469: Terminated
srun: error: frontier02157: task 3785: Terminated
srun: error: frontier00822: task 1483: Terminated
srun: error: frontier05204: task 9030: Terminated
srun: error: frontier07959: task 13639: Terminated
srun: error: frontier06601: task 11331: Terminated
srun: error: frontier09228: task 15772: Terminated
srun: error: frontier03861: task 6725: Terminated
srun: error: frontier02534: task 4418: Terminated
srun: error: frontier02613: task 4590: Terminated
srun: error: frontier01300: task 2285: Terminated
srun: error: frontier07070: task 12133: Terminated
srun: error: frontier02979: task 5219: Terminated
srun: error: frontier05697: task 9830: Terminated
srun: error: frontier08335: task 14271: Terminated
srun: error: frontier08386: task 14439: Terminated
srun: error: frontier01763: task 3080: Terminated
srun: error: frontier04312: task 7522: Terminated
srun: error: frontier04796: task 8322: Terminated
srun: error: frontier06096: task 10529: Terminated
srun: error: frontier06179: task 10630: Terminated
srun: error: frontier08776: task 15071: Terminated
srun: error: frontier07505: task 12931: Terminated
srun: error: frontier05284: task 9125: Terminated
srun: error: frontier07979: task 13734: Terminated
srun: error: frontier00963: task 1751: Terminated
srun: error: frontier08896: task 15235: Terminated
srun: error: frontier04007: task 6985: Terminated
srun: error: frontier03513: task 6187: Terminated
srun: error: frontier05394: task 9289: Terminated
srun: error: frontier00923: task 1583: Terminated
srun: error: frontier02662: task 4683: Terminated
srun: error: frontier06735: task 11595: Terminated
srun: error: frontier06629: task 11430: Terminated
srun: error: frontier00153: task 243: Terminated
srun: error: frontier08482: task 14534: Terminated
srun: error: frontier01817: task 3180: Terminated
srun: error: frontier01369: task 2379: Terminated
srun: error: frontier04494: task 7785: Terminated
srun: error: frontier03128: task 5482: Terminated
srun: error: frontier03221: task 5651: Terminated
srun: error: frontier00570: task 1047: Terminated
srun: error: frontier07580: task 13030: Terminated
srun: error: frontier01482: task 2550: Terminated
srun: error: frontier06322: task 10892: Terminated
srun: error: frontier07217: task 12394: Terminated
srun: error: frontier04957: task 8591: Terminated
srun: error: frontier01903: task 3344: Terminated
srun: error: frontier03676: task 6451: Terminated
srun: error: frontier10153: task 16301: Terminated
srun: error: frontier05431: task 9387: Terminated
srun: error: frontier08141: task 13997: Terminated
srun: error: frontier09401: task 16130: Terminated
srun: error: frontier03600: task 6281: Terminated
srun: error: frontier07695: task 13194: Terminated
srun: error: frontier06805: task 11692: Terminated
srun: error: frontier02399: task 4148: Terminated
srun: error: frontier02832: task 4946: Terminated
srun: error: frontier08089: task 13829: Terminated
srun: error: frontier01508: task 2647: Terminated
srun: error: frontier00172: task 342: Terminated
srun: error: frontier05910: task 10189: Terminated
srun: error: frontier04525: task 7887: Terminated
srun: error: frontier04064: task 7083: Terminated
srun: error: frontier00287: task 506: Terminated
srun: error: frontier01952: task 3442: Terminated
srun: error: frontier06018: task 10355: Terminated
srun: error: frontier04632: task 8052: Terminated
srun: error: frontier03288: task 5750: Terminated
srun: error: frontier00708: task 1308: Terminated
srun: error: frontier07725: task 13290: Terminated
srun: error: frontier06364: task 10988: Terminated
srun: error: frontier03734: task 6547: Terminated
srun: error: frontier01081: task 1937: Terminated
srun: error: frontier06838: task 11784: Terminated
srun: error: frontier06482: task 11159: Terminated
srun: error: frontier06958: task 11954: Terminated
srun: error: frontier02533: task 4412: Terminated
srun: error: frontier04231: task 7347: Terminated
srun: error: frontier01185: task 2107: Terminated
srun: error: frontier05127: task 8854: Terminated
srun: error: frontier08333: task 14257: Terminated
srun: error: frontier02418: task 4246: Terminated
srun: error: frontier08220: task 14090: Terminated
srun: error: frontier02971: task 5215: Terminated
srun: error: frontier05586: task 9654: Terminated
srun: error: frontier00309: task 601: Terminated
srun: error: frontier02874: task 5041: Terminated
srun: error: frontier04691: task 8146: Terminated
srun: error: frontier07445: task 12752: Terminated
srun: error: frontier03341: task 5844: Terminated
srun: error: frontier06060: task 10453: Terminated
srun: error: frontier02140: task 3711: Terminated
srun: error: frontier05165: task 8947: Terminated
srun: error: frontier09168: task 15691: Terminated
srun: error: frontier06564: task 11253: Terminated
srun: error: frontier00805: task 1407: Terminated
srun: error: frontier03423: task 6014: Terminated
srun: error: frontier02575: task 4504: Terminated
srun: error: frontier09255: task 15858: Terminated
srun: error: frontier03799: task 6641: Terminated
srun: error: frontier08357: task 14357: Terminated
srun: error: frontier03896: task 6810: Terminated
srun: error: frontier07890: task 13556: Terminated
srun: error: frontier01668: task 2906: Terminated
srun: error: frontier07000: task 12052: Terminated
srun: error: frontier01258: task 2204: Terminated
srun: error: frontier01749: task 3006: Terminated
srun: error: frontier00041: task 71: Terminated
srun: error: frontier03031: task 5308: Terminated
srun: error: frontier05667: task 9751: Terminated
srun: error: frontier05723: task 9914: Terminated
srun: error: frontier00453: task 868: Terminated
srun: error: frontier04373: task 7614: Terminated
srun: error: frontier06205: task 10716: Terminated
srun: error: frontier04871: task 8413: Terminated
srun: error: frontier06100: task 10551: Terminated
srun: error: frontier02178: task 3806: Terminated
srun: error: frontier08871: task 15156: Terminated
srun: error: frontier03473: task 6109: Terminated
srun: error: frontier01816: task 3175: Terminated
srun: error: frontier02271: task 3972: Terminated
srun: error: frontier07579: task 13019: Terminated
srun: error: frontier08088: task 13820: Terminated
srun: error: frontier00953: task 1667: Terminated
srun: error: frontier09296: task 15959: Terminated
srun: error: frontier02624: task 4601: Terminated
srun: error: frontier03980: task 6910: Terminated
srun: error: frontier07962: task 13650: Terminated
srun: error: frontier08714: task 14889: Terminated
srun: error: frontier01416: task 2470: Terminated
srun: error: frontier00073: task 165: Terminated
srun: error: frontier05792: task 10010: Terminated
srun: error: frontier05311: task 9215: Terminated
srun: error: frontier04437: task 7708: Terminated
srun: error: frontier08900: task 15251: Terminated
srun: error: frontier02711: task 4768: Terminated
srun: error: frontier08428: task 14454: Terminated
srun: error: frontier03167: task 5571: Terminated
srun: error: frontier07182: task 12317: Terminated
srun: error: frontier00553: task 963: Terminated
srun: error: frontier08523: task 14623: Terminated
srun: error: frontier06294: task 10810: Terminated
srun: error: frontier04523: task 7876: Terminated
srun: error: frontier07602: task 13114: Terminated
srun: error: frontier05018: task 8674: Terminated
srun: error: frontier05404: task 9305: Terminated
srun: error: frontier01080: task 1935: Terminated
srun: error: frontier00967: task 1767: Terminated
srun: error: frontier08111: task 13914: Terminated
srun: error: frontier02777: task 4865: Terminated
srun: error: frontier06739: task 11615: Terminated
srun: error: frontier01490: task 2564: Terminated
srun: error: frontier05462: task 9473: Terminated
srun: error: frontier01558: task 2733: Terminated
srun: error: frontier07229: task 12410: Terminated
srun: error: frontier00200: task 429: Terminated
srun: error: frontier01932: task 3365: Terminated
srun: error: frontier05939: task 10278: Terminated
srun: error: frontier06837: task 11783: Terminated
srun: error: frontier07323: task 12579: Terminated
srun: error: frontier04570: task 7972: Terminated
srun: error: frontier08606: task 14719: Terminated
srun: error: frontier02022: task 3530: Terminated
srun: error: frontier03225: task 5670: Terminated
srun: error: frontier06436: task 11079: Terminated
srun: error: frontier05060: task 8772: Terminated
srun: error: frontier07701: task 13213: Terminated
srun: error: frontier07813: task 13378: Terminated
srun: error: frontier01155: task 2024: Terminated
srun: error: frontier03715: task 6468: Terminated
srun: error: frontier10158: task 16313: Terminated
srun: error: frontier04175: task 7269: Terminated
srun: error: frontier09145: task 15684: Terminated
srun: error: frontier02461: task 4328: Terminated
srun: error: frontier03794: task 6632: Terminated
srun: error: frontier06919: task 11874: Terminated
srun: error: frontier06026: task 10375: Terminated
srun: error: frontier04636: task 8069: Terminated
srun: error: frontier07363: task 12674: Terminated
srun: error: frontier04267: task 7438: Terminated
srun: error: frontier05547: task 9572: Terminated
srun: error: frontier00413: task 690: Terminated
srun: error: frontier02073: task 3629: Terminated
srun: error: frontier02912: task 5128: Terminated
srun: error: frontier08746: task 14980: Terminated
srun: error: frontier00710: task 1320: Terminated
srun: error: frontier00291: task 522: Terminated
srun: error: frontier06491: task 11175: Terminated
srun: error: frontier06098: task 10539: Terminated
srun: error: frontier00824: task 1490: Terminated
srun: error: frontier04755: task 8238: Terminated
srun: error: frontier03863: task 6735: Terminated
srun: error: frontier02535: task 4427: Terminated
srun: error: frontier03381: task 5930: Terminated
srun: error: frontier07854: task 13476: Terminated
srun: error: frontier09233: task 15781: Terminated
srun: error: frontier01615: task 2825: Terminated
srun: error: frontier06962: task 11971: Terminated
srun: error: frontier01306: task 2289: Terminated
srun: error: frontier06602: task 11342: Terminated
srun: error: frontier02623: task 4596: Terminated
srun: error: frontier04313: task 7529: Terminated
srun: error: frontier02981: task 5225: Terminated
srun: error: frontier07072: task 12140: Terminated
srun: error: frontier08398: task 14446: Terminated
srun: error: frontier05698: task 9838: Terminated
srun: error: frontier00433: task 790: Terminated
srun: error: frontier06181: task 10639: Terminated
srun: error: frontier07508: task 12938: Terminated
srun: error: frontier08779: task 15078: Terminated
srun: error: frontier03084: task 5398: Terminated
srun: error: frontier09268: task 15878: Terminated
srun: error: frontier04797: task 8332: Terminated
srun: error: frontier02200: task 3890: Terminated
srun: error: frontier04910: task 8498: Terminated
srun: error: frontier08897: task 15242: Terminated
srun: error: frontier06662: task 11437: Terminated
srun: error: frontier05403: task 9297: Terminated
srun: error: frontier09378: task 16041: Terminated
srun: error: frontier07980: task 13739: Terminated
srun: error: frontier04016: task 6994: Terminated
srun: error: frontier00046: task 80: Terminated
srun: error: frontier05288: task 9135: Terminated
srun: error: frontier01373: task 2390: Terminated
srun: error: frontier03426: task 6028: Terminated
srun: error: frontier03129: task 5489: Terminated
srun: error: frontier08488: task 14538: Terminated
srun: error: frontier02664: task 4693: Terminated
srun: error: frontier01818: task 3187: Terminated
srun: error: frontier07127: task 12235: Terminated
srun: error: frontier00156: task 252: Terminated
srun: error: frontier06223: task 10729: Terminated
srun: error: frontier08988: task 15343: Terminated
srun: error: frontier00571: task 1053: Terminated
srun: error: frontier01929: task 3359: Terminated
srun: error: frontier05767: task 9933: Terminated
srun: error: frontier05844: task 10101: Terminated
srun: error: frontier03601: task 6293: Terminated
srun: error: frontier07699: task 13206: Terminated
srun: error: frontier06328: task 10899: Terminated
srun: error: frontier07584: task 13038: Terminated
srun: error: frontier01057: task 1850: Terminated
srun: error: frontier09402: task 16141: Terminated
srun: error: frontier05434: task 9399: Terminated
srun: error: frontier04065: task 7089: Terminated
srun: error: frontier04964: task 8594: Terminated
srun: error: frontier02717: task 4789: Terminated
srun: error: frontier02400: task 4155: Terminated
srun: error: frontier02833: task 4955: Terminated
srun: error: frontier01509: task 2651: Terminated
srun: error: frontier06809: task 11703: Terminated
srun: error: frontier00173: task 351: Terminated
srun: error: frontier05917: task 10197: Terminated
srun: error: frontier08532: task 14637: Terminated
srun: error: frontier08145: task 14006: Terminated
srun: error: frontier07265: task 12503: Terminated
srun: error: frontier04500: task 7797: Terminated
srun: error: frontier04633: task 8059: Terminated
srun: error: frontier00672: task 1146: Terminated
srun: error: frontier07728: task 13303: Terminated
srun: error: frontier03289: task 5759: Terminated
srun: error: frontier05020: task 8691: Terminated
srun: error: frontier06365: task 10993: Terminated
srun: error: frontier01994: task 3453: Terminated
srun: error: frontier04531: task 7892: Terminated
srun: error: frontier00709: task 1318: Terminated
srun: error: frontier01082: task 1951: Terminated
srun: error: frontier02435: task 4254: Terminated
srun: error: frontier03736: task 6559: Terminated
srun: error: frontier05130: task 8863: Terminated
srun: error: frontier06959: task 11965: Terminated
srun: error: frontier06839: task 11793: Terminated
srun: error: frontier01562: task 2746: Terminated
srun: error: frontier08221: task 14103: Terminated
srun: error: frontier07328: task 12594: Terminated
srun: error: frontier05595: task 9661: Terminated
srun: error: frontier01679: task 2914: Terminated
srun: error: frontier00312: task 610: Terminated
srun: error: frontier03342: task 5851: Terminated
srun: error: frontier02028: task 3547: Terminated
srun: error: frontier04692: task 8159: Terminated
srun: error: frontier08715: task 14903: Terminated
srun: error: frontier00806: task 1414: Terminated
srun: error: frontier03425: task 6020: Terminated
srun: error: frontier02141: task 3718: Terminated
srun: error: frontier09267: task 15870: Terminated
srun: error: frontier05166: task 8957: Terminated
srun: error: frontier06062: task 10463: Terminated
srun: error: frontier06568: task 11260: Terminated
srun: error: frontier09170: task 15703: Terminated
srun: error: frontier03801: task 6650: Terminated
srun: error: frontier07817: task 13399: Terminated
srun: error: frontier01259: task 2208: Terminated
srun: error: frontier02576: task 4519: Terminated
srun: error: frontier07891: task 13562: Terminated
srun: error: frontier08358: task 14366: Terminated
srun: error: frontier04269: task 7453: Terminated
srun: error: frontier00042: task 77: Terminated
srun: error: frontier05668: task 9757: Terminated
srun: error: frontier04377: task 7617: Terminated
srun: error: frontier03917: task 6819: Terminated
srun: error: frontier00417: task 704: Terminated
srun: error: frontier03033: task 5314: Terminated
srun: error: frontier06101: task 10557: Terminated
srun: error: frontier07476: task 12860: Terminated
srun: error: frontier07002: task 12062: Terminated
srun: error: frontier00454: task 873: Terminated
srun: error: frontier06222: task 10721: Terminated
srun: error: frontier02182: task 3815: Terminated
srun: error: frontier00826: task 1510: Terminated
srun: error: frontier04892: task 8417: Terminated
srun: error: frontier03474: task 6114: Terminated
srun: error: frontier08881: task 15164: Terminated
srun: error: frontier06607: task 11354: Terminated
srun: error: frontier00954: task 1676: Terminated
srun: error: frontier07964: task 13661: Terminated
srun: error: frontier03981: task 6918: Terminated
srun: error: frontier05312: task 9223: Terminated
srun: error: frontier02278: task 3979: Terminated
srun: error: frontier01429: task 2478: Terminated
srun: error: frontier00074: task 170: Terminated
srun: error: frontier02712: task 4779: Terminated
srun: error: frontier06703: task 11525: Terminated
srun: error: frontier07191: task 12327: Terminated
srun: error: frontier08531: task 14625: Terminated
srun: error: frontier04438: task 7716: Terminated
srun: error: frontier00554: task 969: Terminated
srun: error: frontier08458: task 14462: Terminated
srun: error: frontier05793: task 10023: Terminated
srun: error: frontier03168: task 5581: Terminated
srun: error: frontier03087: task 5410: Terminated
srun: error: frontier07076: task 12159: Terminated
srun: error: frontier03540: task 6211: Terminated
srun: error: frontier06296: task 10823: Terminated
srun: error: frontier03658: task 6377: Terminated
srun: error: frontier08901: task 15258: Terminated
srun: error: frontier02328: task 4078: Terminated
srun: error: frontier09002: task 15431: Terminated
srun: error: frontier00968: task 1775: Terminated
srun: error: frontier09383: task 16060: Terminated
srun: error: frontier10138: task 16229: Terminated
srun: error: frontier04915: task 8516: Terminated
srun: error: frontier04120: task 7176: Terminated
srun: error: frontier05405: task 9317: Terminated
srun: error: frontier00159: task 266: Terminated
srun: error: frontier06740: task 11621: Terminated
srun: error: frontier05846: task 10114: Terminated
srun: error: frontier05463: task 9485: Terminated
srun: error: frontier01561: task 2740: Terminated
srun: error: frontier08112: task 13926: Terminated
srun: error: frontier02779: task 4878: Terminated
srun: error: frontier04609: task 7980: Terminated
srun: error: frontier03233: task 5679: Terminated
srun: error: frontier07326: task 12587: Terminated
srun: error: frontier07230: task 12421: Terminated
srun: error: frontier01933: task 3368: Terminated
srun: error: frontier08608: task 14722: Terminated
srun: error: frontier05965: task 10281: Terminated
srun: error: frontier02023: task 3538: Terminated
srun: error: frontier00201: task 432: Terminated
srun: error: frontier06437: task 11086: Terminated
srun: error: frontier09052: task 15522: Terminated
srun: error: frontier03716: task 6474: Terminated
srun: error: frontier05074: task 8781: Terminated
srun: error: frontier07816: task 13390: Terminated
srun: error: frontier02462: task 4337: Terminated
srun: error: frontier08167: task 14022: Terminated
srun: error: frontier05549: task 9581: Terminated
srun: error: frontier04176: task 7273: Terminated
srun: error: frontier02837: task 4969: Terminated
srun: error: frontier10161: task 16324: Terminated
srun: error: frontier01492: task 2568: Terminated
srun: error: frontier06923: task 11884: Terminated
srun: error: frontier01625: task 2834: Terminated
srun: error: frontier00295: task 533: Terminated
srun: error: frontier01166: task 2032: Terminated
srun: error: frontier06032: task 10377: Terminated
srun: error: frontier08630: task 14822: Terminated
srun: error: frontier03394: task 5940: Terminated
srun: error: frontier02074: task 3635: Terminated
srun: error: frontier04268: task 7442: Terminated
srun: error: frontier04646: task 8077: Terminated
srun: error: frontier00712: task 1329: Terminated
srun: error: frontier07366: task 12680: Terminated
srun: error: frontier09236: task 15786: Terminated
srun: error: frontier06492: task 11181: Terminated
srun: error: frontier00825: task 1497: Terminated
srun: error: frontier04757: task 8242: Terminated
srun: error: frontier05209: task 9046: Terminated
srun: error: frontier07857: task 13482: Terminated
srun: error: frontier01188: task 2135: Terminated
srun: error: frontier02536: task 4436: Terminated
srun: error: frontier03864: task 6742: Terminated
srun: error: frontier06966: task 11980: Terminated
srun: error: frontier04314: task 7542: Terminated
srun: error: frontier01685: task 2930: Terminated
srun: error: frontier02991: task 5236: Terminated
srun: error: frontier06603: task 11347: Terminated
srun: error: frontier00435: task 797: Terminated
srun: error: frontier01767: task 3100: Terminated
srun: error: frontier01310: task 2296: Terminated
srun: error: frontier03085: task 5402: Terminated
srun: error: frontier06184: task 10644: Terminated
srun: error: frontier07075: task 12148: Terminated
srun: error: frontier03459: task 6036: Terminated
srun: error: frontier04803: task 8337: Terminated
srun: error: frontier07451: task 12777: Terminated
srun: error: frontier00925: task 1598: Terminated
srun: error: frontier07561: task 12947: Terminated
srun: error: frontier03924: task 6837: Terminated
srun: error: frontier05290: task 9143: Terminated
srun: error: frontier07982: task 13750: Terminated
srun: error: frontier02201: task 3898: Terminated
srun: error: frontier04021: task 7006: Terminated
srun: error: frontier06667: task 11441: Terminated
srun: error: frontier03524: task 6201: Terminated
srun: error: frontier01376: task 2397: Terminated
srun: error: frontier02690: task 4702: Terminated
srun: error: frontier04379: task 7633: Terminated
srun: error: frontier05773: task 9940: Terminated
srun: error: frontier09382: task 16054: Terminated
srun: error: frontier00049: task 88: Terminated
srun: error: frontier07128: task 12244: Terminated
srun: error: frontier03139: task 5503: Terminated
srun: error: frontier08489: task 14548: Terminated
srun: error: frontier01826: task 3195: Terminated
srun: error: frontier07585: task 13046: Terminated
srun: error: frontier00158: task 263: Terminated
srun: error: frontier05845: task 10107: Terminated
srun: error: frontier00572: task 1060: Terminated
srun: error: frontier04501: task 7805: Terminated
srun: error: frontier04968: task 8607: Terminated
srun: error: frontier03602: task 6303: Terminated
srun: error: frontier06333: task 10906: Terminated
srun: error: frontier02281: task 3994: Terminated
srun: error: frontier08991: task 15349: Terminated
srun: error: frontier02401: task 4165: Terminated
srun: error: frontier06711: task 11539: Terminated
srun: error: frontier04067: task 7100: Terminated
srun: error: frontier00956: task 1694: Terminated
srun: error: frontier06812: task 11706: Terminated
srun: error: frontier05436: task 9403: Terminated
srun: error: frontier01510: task 2661: Terminated
srun: error: frontier01059: task 1862: Terminated
srun: error: frontier00175: task 359: Terminated
srun: error: frontier08146: task 14009: Terminated
srun: error: frontier04554: task 7901: Terminated
srun: error: frontier06227: task 10738: Terminated
srun: error: frontier02834: task 4966: Terminated
srun: error: frontier05920: task 10207: Terminated
srun: error: frontier08533: task 14646: Terminated
srun: error: frontier03211: task 5598: Terminated
srun: error: frontier00675: task 1152: Terminated
srun: error: frontier08629: task 14810: Terminated
srun: error: frontier06404: task 11005: Terminated
srun: error: frontier05026: task 8697: Terminated
srun: error: frontier09007: task 15447: Terminated
srun: error: frontier05146: task 8869: Terminated
srun: error: frontier09118: task 15614: Terminated
srun: error: frontier03757: task 6564: Terminated
srun: error: frontier07730: task 13305: Terminated
srun: error: frontier03292: task 5761: Terminated
srun: error: frontier05517: task 9500: Terminated
srun: error: frontier06840: task 11804: Terminated
srun: error: frontier02726: task 4799: Terminated
srun: error: frontier04242: task 7367: Terminated
srun: error: frontier01084: task 1952: Terminated
srun: error: frontier05596: task 9667: Terminated
srun: error: frontier01563: task 2758: Terminated
srun: error: frontier07330: task 12604: Terminated
srun: error: frontier01680: task 2924: Terminated
srun: error: frontier00272: task 454: Terminated
srun: error: frontier06063: task 10469: Terminated
srun: error: frontier02879: task 5058: Terminated
srun: error: frontier00314: task 621: Terminated
srun: error: frontier09171: task 15708: Terminated
srun: error: frontier00807: task 1423: Terminated
srun: error: frontier03343: task 5859: Terminated
srun: error: frontier07829: task 13407: Terminated
srun: error: frontier05167: task 8966: Terminated
srun: error: frontier07450: task 12771: Terminated
srun: error: frontier04693: task 8164: Terminated
srun: error: frontier07892: task 13571: Terminated
srun: error: frontier06569: task 11265: Terminated
srun: error: frontier08256: task 14205: Terminated
srun: error: frontier01260: task 2220: Terminated
srun: error: frontier02518: task 4357: Terminated
srun: error: frontier03803: task 6657: Terminated
srun: error: frontier02577: task 4522: Terminated
srun: error: frontier07003: task 12071: Terminated
srun: error: frontier04378: task 7628: Terminated
srun: error: frontier04274: task 7460: Terminated
srun: error: frontier05669: task 9764: Terminated
srun: error: frontier03922: task 6831: Terminated
srun: error: frontier00418: task 716: Terminated
srun: error: frontier08364: task 14369: Terminated
srun: error: frontier03035: task 5323: Terminated
srun: error: frontier04760: task 8263: Terminated
srun: error: frontier06108: task 10563: Terminated
srun: error: frontier07477: task 12866: Terminated
srun: error: frontier00455: task 884: Terminated
srun: error: frontier08752: task 15006: Terminated
srun: error: frontier08882: task 15174: Terminated
srun: error: frontier03475: task 6124: Terminated
srun: error: frontier04893: task 8427: Terminated
srun: error: frontier02183: task 3823: Terminated
srun: error: frontier06619: task 11365: Terminated
srun: error: frontier00955: task 1684: Terminated
srun: error: frontier09354: task 15971: Terminated
srun: error: frontier07965: task 13665: Terminated
srun: error: frontier05315: task 9230: Terminated
srun: error: frontier01312: task 2316: Terminated
srun: error: frontier02628: task 4619: Terminated
srun: error: frontier00076: task 183: Terminated
srun: error: frontier03982: task 6925: Terminated
srun: error: frontier05255: task 9063: Terminated
srun: error: frontier07082: task 12164: Terminated
srun: error: frontier05798: task 10026: Terminated
srun: error: frontier01769: task 3117: Terminated
srun: error: frontier04439: task 7722: Terminated
srun: error: frontier07193: task 12329: Terminated
srun: error: frontier08460: task 14470: Terminated
srun: error: frontier06704: task 11534: Terminated
srun: error: frontier01431: task 2481: Terminated
srun: error: frontier08903: task 15268: Terminated
srun: error: frontier03170: task 5589: Terminated
srun: error: frontier01888: task 3282: Terminated
srun: error: frontier00557: task 978: Terminated
srun: error: frontier03541: task 6222: Terminated
srun: error: frontier06302: task 10829: Terminated
srun: error: frontier04917: task 8524: Terminated
srun: error: frontier07615: task 13133: Terminated
srun: error: frontier09386: task 16067: Terminated
srun: error: frontier09003: task 15439: Terminated
srun: error: frontier05406: task 9327: Terminated
srun: error: frontier10142: task 16235: Terminated
srun: error: frontier02329: task 4084: Terminated
srun: error: frontier08113: task 13934: Terminated
srun: error: frontier04028: task 7018: Terminated
srun: error: frontier06741: task 11627: Terminated
srun: error: frontier03659: task 6388: Terminated
srun: error: frontier02780: task 4884: Terminated
srun: error: frontier00970: task 1779: Terminated
srun: error: frontier00160: task 276: Terminated
srun: error: frontier01493: task 2576: Terminated
srun: error: frontier07569: task 12961: Terminated
srun: error: frontier05847: task 10125: Terminated
srun: error: frontier05511: task 9489: Terminated
srun: error: frontier07231: task 12426: Terminated
srun: error: frontier04611: task 7988: Terminated
srun: error: frontier00574: task 1078: Terminated
srun: error: frontier01934: task 3378: Terminated
srun: error: frontier03234: task 5684: Terminated
srun: error: frontier08609: task 14730: Terminated
srun: error: frontier06335: task 10926: Terminated
srun: error: frontier09057: task 15529: Terminated
srun: error: frontier00691: task 1240: Terminated
srun: error: frontier05966: task 10291: Terminated
srun: error: frontier05075: task 8786: Terminated
srun: error: frontier03717: task 6486: Terminated
srun: error: frontier02403: task 4182: Terminated
srun: error: frontier10162: task 16332: Terminated
srun: error: frontier01063: task 1874: Terminated
srun: error: frontier06817: task 11726: Terminated
srun: error: frontier01170: task 2041: Terminated
srun: error: frontier02477: task 4347: Terminated
srun: error: frontier08255: task 14199: Terminated
srun: error: frontier08202: task 14031: Terminated
srun: error: frontier06926: task 11891: Terminated
srun: error: frontier01630: task 2842: Terminated
srun: error: frontier06033: task 10390: Terminated
srun: error: frontier03296: task 5782: Terminated
srun: error: frontier05550: task 9585: Terminated
srun: error: frontier04648: task 8081: Terminated
srun: error: frontier04759: task 8255: Terminated
srun: error: frontier03397: task 5948: Terminated
srun: error: frontier08635: task 14829: Terminated
srun: error: frontier00776: task 1338: Terminated
srun: error: frontier02075: task 3643: Terminated
srun: error: frontier05148: task 8881: Terminated
srun: error: frontier00296: task 541: Terminated
srun: error: frontier08750: task 14997: Terminated
srun: error: frontier07873: task 13495: Terminated
srun: error: frontier07372: task 12693: Terminated
srun: error: frontier06496: task 11187: Terminated
srun: error: frontier02538: task 4443: Terminated
srun: error: frontier01189: task 2142: Terminated
srun: error: frontier09120: task 15626: Terminated
srun: error: frontier09238: task 15795: Terminated
srun: error: frontier01311: task 2304: Terminated
srun: error: frontier06968: task 11985: Terminated
srun: error: frontier05598: task 9681: Terminated
srun: error: frontier03865: task 6749: Terminated
srun: error: frontier01686: task 2940: Terminated
srun: error: frontier00005: task 4: Terminated
srun: error: frontier04353: task 7549: Terminated
srun: error: frontier02999: task 5241: Terminated
srun: error: frontier08344: task 14291: Terminated
srun: error: frontier05713: task 9852: Terminated
srun: error: frontier01768: task 3105: Terminated
srun: error: frontier00436: task 800: Terminated
srun: error: frontier04804: task 8347: Terminated
srun: error: frontier07452: task 12791: Terminated
srun: error: frontier03460: task 6040: Terminated
srun: error: frontier08785: task 15094: Terminated
srun: error: frontier06187: task 10654: Terminated
srun: error: frontier02202: task 3908: Terminated
srun: error: frontier00930: task 1602: Terminated
srun: error: frontier07564: task 12955: Terminated
srun: error: frontier06066: task 10485: Terminated
srun: error: frontier03925: task 6847: Terminated
srun: error: frontier02579: task 4542: Terminated
srun: error: frontier06682: task 11452: Terminated
srun: error: frontier07897: task 13590: Terminated
srun: error: frontier05291: task 9151: Terminated
srun: error: frontier02144: task 3739: Terminated
srun: error: frontier01377: task 2405: Terminated
srun: error: frontier02696: task 4709: Terminated
srun: error: frontier09271: task 15890: Terminated
srun: error: frontier04026: task 7010: Terminated
srun: error: frontier00051: task 101: Terminated
srun: error: frontier07984: task 13759: Terminated
srun: error: frontier04383: task 7646: Terminated
srun: error: frontier01829: task 3205: Terminated
srun: error: frontier05775: task 9945: Terminated
srun: error: frontier03144: task 5505: Terminated
srun: error: frontier08490: task 14554: Terminated
srun: error: frontier00539: task 903: Terminated
srun: error: frontier07129: task 12253: Terminated
srun: error: frontier06228: task 10745: Terminated
srun: error: frontier00573: task 1065: Terminated
srun: error: frontier07586: task 13052: Terminated
srun: error: frontier04502: task 7815: Terminated
srun: error: frontier02282: task 4002: Terminated
srun: error: frontier04898: task 8445: Terminated
srun: error: frontier03603: task 6311: Terminated
srun: error: frontier06334: task 10917: Terminated
srun: error: frontier08095: task 13849: Terminated
srun: error: frontier09415: task 16156: Terminated
srun: error: frontier08992: task 15359: Terminated
srun: error: frontier08369: task 14384: Terminated
srun: error: frontier04970: task 8611: Terminated
srun: error: frontier00957: task 1701: Terminated
srun: error: frontier06712: task 11547: Terminated
srun: error: frontier01433: task 2499: Terminated
srun: error: frontier01511: task 2671: Terminated
srun: error: frontier00177: task 362: Terminated
srun: error: frontier06815: task 11719: Terminated
srun: error: frontier04068: task 7111: Terminated
srun: error: frontier04555: task 7908: Terminated
srun: error: frontier07196: task 12349: Terminated
srun: error: frontier05924: task 10213: Terminated
srun: error: frontier08535: task 14649: Terminated
srun: error: frontier02742: task 4801: Terminated
srun: error: frontier05442: task 9411: Terminated
srun: error: frontier07620: task 13145: Terminated
srun: error: frontier03293: task 5773: Terminated
srun: error: frontier07298: task 12516: Terminated
srun: error: frontier00676: task 1166: Terminated
srun: error: frontier05028: task 8711: Terminated
srun: error: frontier09009: task 15449: Terminated
srun: error: frontier03662: task 6404: Terminated
srun: error: frontier06409: task 11012: Terminated
srun: error: frontier07731: task 13316: Terminated
srun: error: frontier09119: task 15619: Terminated
srun: Force Terminated StepId=4365302.4
+ set +x
