+ '[' -z '' ']'
+ case "$-" in
+ __lmod_vx=x
+ '[' -n x ']'
+ set +x
Shell debugging temporarily silenced: export LMOD_SH_DBG_ON=1 for this output (/opt/cray/pe/lmod/lmod/init/bash)
Shell debugging restarted
+ unset __lmod_vx
+ cd /lustre/orion/stf243/world-shared/wcastil/Experiments/CUG26/copper_run/python-pytorch
+ module load ums ums046 copper
+ '[' -z '' ']'
+ case "$-" in
+ __lmod_sh_dbg=x
+ '[' -n x ']'
+ set +x
Shell debugging temporarily silenced: export LMOD_SH_DBG_ON=1 for Lmod's output
Copper loaded: use 'launch_copper_frontier' and 'stop_copper_frontier'.
COPPER_ROOT: /sw/frontier/ums/ums046/copper
launch_copper_frontier points to:
/sw/frontier/ums/ums046/copper/build/launch_copper_frontier.sh 
Shell debugging restarted
+ unset __lmod_sh_dbg
+ return 0
+ module list
+ '[' -z '' ']'
+ case "$-" in
+ __lmod_sh_dbg=x
+ '[' -n x ']'
+ set +x
Shell debugging temporarily silenced: export LMOD_SH_DBG_ON=1 for Lmod's output

Currently Loaded Modules:
  1) craype-x86-trento               12) PrgEnv-cray/8.6.0
  2) libfabric/1.22.0                13) Core/25.03
  3) craype-network-ofi              14) tmux/3.4
  4) perftools-base/24.11.0          15) darshan-runtime/3.4.6-mpi (E4S)
  5) xpmem/2.11.3-1.3_gdbda01a1eb3d  16) hsi/default
  6) cray-pmi/6.1.15                 17) lfs-wrapper/0.0.1
  7) cce/18.0.1                      18) DefApps
  8) craype/2.7.33                   19) ums/default
  9) cray-dsmml/0.3.0                20) ums046/default
 10) cray-mpich/8.1.31               21) copper/0.1
 11) cray-libsci/24.11.0

  Where:
   E4S:  E4S: Extreme-scale Scientific Software Stack (E4S) https://e4s.io/index.html

 

Shell debugging restarted
+ unset __lmod_sh_dbg
+ return 0
+ echo 4348844
4348844
+ echo 2048
2048
+ echo copper_spindle
copper_spindle
+ echo 'frontier[00002,00011-00012,00014,00020-00021,00023,00031-00036,00041-00042,00044,00057,00062-00063,00065,00068-00070,00074-00075,00077-00079,00082-00084,00129,00131-00132,00135-00138,00140-00143,00146-00147,00149,00153,00156-00163,00165,00167-00168,00170,00172-00175,00257-00258,00261-00264,00266-00269,00271-00273,00275,00277,00279,00281,00283-00289,00293-00296,00300,00302,00304,00388-00390,00392-00394,00397-00403,00405-00406,00409-00411,00413-00422,00425-00426,00430,00513,00515-00516,00518-00520,00524-00525,00527,00531,00536-00537,00539-00548,00551-00553,00555-00558,00560-00561,00641-00647,00649-00651,00653,00656-00657,00659,00661-00667,00670-00672,00674-00678,00682-00683,00770-00772,00774,00776-00783,00787-00795,00797-00800,00802-00804,00808-00810,00897-00898,00900,00902-00905,00907-00909,00913-00915,00917-00919,00922-00924,00926,00928-00930,00932,00934-00936,00938-00940,00944,01028-01029,01031,01034-01035,01039-01041,01043-01045,01049-01050,01052-01056,01060-01062,01064-01066,01070-01071,01073-01074,01076-01077,01081,01154-01155,01157,01159-01163,01165-01171,01174-01178,01180-01184,01186-01188,01190-01192,01281-01283,01285-01288,01291-01298,01301-01302,01304,01306-01310,01312-01318,01322,01409,01411-01414,01417-01419,01421-01423,01427-01428,01430,01432-01435,01438-01444,01446-01450,01537,01539-01540,01542-01545,01547-01549,01552-01561,01563-01571,01574,01665-01671,01673-01675,01677,01679-01680,01682-01686,01689-01696,01698-01701,01795-01803,01805-01808,01810-01813,01816-01822,01825-01830,01921-01928,01931-01934,01936-01939,01941-01948,01950,01952-01956,02049-02065,02067-02076,02078-02080,02177-02181,02183-02207,02305-02317,02319-02335,02435-02452,02455-02466,02561-02590,02689-02718,02817-02830,02833-02848,02945-02974,03073-03092,03095-03104,03201-03212,03215-03232,03329-03358,03457-03486,03585-03595,03597-03615,03713-03742,03841-03870,03969-03998,04097-04126,04225-04254,04353-04382,04481-04510,04609-04638,04737-04766,04865,04867-04895,04993-05002,05005-05024,05121-05150,05249-05278,05377-05406,05505-05534,05634-05663,05761-05790,05891,05896,05900-05901,05912,05915,05917,05921-05922,05924,05933,05936,05942-05943,05963-05964,06017,06020,06026,06029,06038,06043,06047-06048,06059,06064,06068-06069,06071,06080,06089-06090,06092,06101,06152-06153,06164,06169,06173-06174,06176,06185,06194-06195,06215-06216,06218,06227,06236,06274,06278-06279,06290,06295,06299-06300,06311,06320-06321,06332,06341-06342,06353,06362-06363,06404-06405,06416,06421,06425-06426,06437,06442,06446-06447,06458,06463,06467-06468,06479,06488-06489,06530-06531,06542,06551-06552,06554,06563,06568,06572-06573,06575,06584,06593-06594,06605,06614-06615,06657,06659,06668,06673,06677-06678,06680,06689,06694,06698-06699,06710,06719-06720,06731,06734,06736,06740-06741,06794,06799,06803-06804,06806,06815,06820,06824-06825,06836,06845-06846,06848,06857,06866-06867,06920,06929-06930,06941,06946,06950-06951,06962,06967,06971-06972,06974,06983,06992-06993,07004,07046,07055-07056,07067,07072,07076-07077,07079,07088,07097-07098,07100,07109,07114,07118-07119,07130,07172,07177,07181-07182,07184,07193,07202-07203,07223-07224,07226,07235,07244-07245,07256,07265-07266,07298,07303,07307-07308,07319,07328-07329,07334,07349-07350,07361,07366,07370-07371,07382,07391-07392,07403,07429,07433-07434,07445,07454-07455,07465,07475-07476,07487,07496-07497,07517-07518,07538-07539,07559-07560,07573,07580-07581,07592,07594,07597,07601-07602,07613,07615,07618,07622-07624,07628,07634,07643-07644,07658,07660,07664-07665,07685-07686,07692,07699,07702,07706-07709,07717,07723,07727-07728,07734,07737,07739,07742,07748-07749,07760-07761,07769-07770,07781,07784,07790,07811-07812,07816,07819,07824,07832-07833,07844,07849,07853-07855,07857,07866,07874-07875,07895-07896,07907,07916-07917,07937-07938,07942,07947,07950,07958-07961,07968,07970,07979-07980,07991,08000-08001,08003,08012,08021-08023,08027,08029,08033,08035,08040,08042-08043,08071,08075,08078,08084-08085,08090,08105-08106,08112,08117,08126-08127,08129,08131-08132,08135-08138,08147-08148,08150,08157,08168-08169,08194,08210,08214,08222,08229,08231-08233,08248,08252-08253,08264,08273-08274,08276,08278,08285-08287,08294-08296,08299,08306,08322,08336-08337,08342,08357-08358,08371,08378-08379,08382-08383,08385,08390-08391,08393,08399-08400,08402-08403,08411,08420-08421,08430,08432,08437,08449,08453,08455,08457,08462-08463,08470,08483-08484,08493,08504-08505,08508,08510,08514-08516,08521,08525-08526,08546-08547,08550,08558,08567-08568,08579,08588-08590,08594-08596,08599-08602,08609-08610,08612-08614,08617,08622-08623,08626,08630-08631,08638,08642,08651-08652,08655,08661,08670,08672,08714-08716,08720-08721,08726,08734-08737,08739,08741-08743,08747,08755-08757,08761,08766,08768-08769,08773,08777-08778,08780,08783,08789,08798-08799,08834,08836,08839-08845,08852-08853,08855,08859,08861-08862,08864,08869,08873-08877,08880,08882-08883,08885-08886,08891-08892,08894,08962,08966-08969,08971-08973,08975-08981,08983,08985-08990,08992-08994,08997,08999-09001,09008,09092-09093,09095-09097,09101,09103-09105,09107,09109,09113-09115,09119-09120,09124-09126,09128-09130,09134-09135,09137,09140,09146-09147,09149,09151,09217-09219,09221,09225,09230-09231,09233,09235,09239-09240,09242,09244-09246,09248,09250-09256,09260-09261,09263,09266,09272-09273,09275,09345-09348,09351-09352,09355-09357,09359,09361,09365-09369,09372-09373,09376-09378,09380,09384-09387,09389,09393,09398-09399,10114-10118,10121-10125,10127-10128,10132-10134,10138-10139,10141-10145,10154-10159,10163-10164]'
frontier[00002,00011-00012,00014,00020-00021,00023,00031-00036,00041-00042,00044,00057,00062-00063,00065,00068-00070,00074-00075,00077-00079,00082-00084,00129,00131-00132,00135-00138,00140-00143,00146-00147,00149,00153,00156-00163,00165,00167-00168,00170,00172-00175,00257-00258,00261-00264,00266-00269,00271-00273,00275,00277,00279,00281,00283-00289,00293-00296,00300,00302,00304,00388-00390,00392-00394,00397-00403,00405-00406,00409-00411,00413-00422,00425-00426,00430,00513,00515-00516,00518-00520,00524-00525,00527,00531,00536-00537,00539-00548,00551-00553,00555-00558,00560-00561,00641-00647,00649-00651,00653,00656-00657,00659,00661-00667,00670-00672,00674-00678,00682-00683,00770-00772,00774,00776-00783,00787-00795,00797-00800,00802-00804,00808-00810,00897-00898,00900,00902-00905,00907-00909,00913-00915,00917-00919,00922-00924,00926,00928-00930,00932,00934-00936,00938-00940,00944,01028-01029,01031,01034-01035,01039-01041,01043-01045,01049-01050,01052-01056,01060-01062,01064-01066,01070-01071,01073-01074,01076-01077,01081,01154-01155,01157,01159-01163,01165-01171,01174-01178,01180-01184,01186-01188,01190-01192,01281-01283,01285-01288,01291-01298,01301-01302,01304,01306-01310,01312-01318,01322,01409,01411-01414,01417-01419,01421-01423,01427-01428,01430,01432-01435,01438-01444,01446-01450,01537,01539-01540,01542-01545,01547-01549,01552-01561,01563-01571,01574,01665-01671,01673-01675,01677,01679-01680,01682-01686,01689-01696,01698-01701,01795-01803,01805-01808,01810-01813,01816-01822,01825-01830,01921-01928,01931-01934,01936-01939,01941-01948,01950,01952-01956,02049-02065,02067-02076,02078-02080,02177-02181,02183-02207,02305-02317,02319-02335,02435-02452,02455-02466,02561-02590,02689-02718,02817-02830,02833-02848,02945-02974,03073-03092,03095-03104,03201-03212,03215-03232,03329-03358,03457-03486,03585-03595,03597-03615,03713-03742,03841-03870,03969-03998,04097-04126,04225-04254,04353-04382,04481-04510,04609-04638,04737-04766,04865,04867-04895,04993-05002,05005-05024,05121-05150,05249-05278,05377-05406,05505-05534,05634-05663,05761-05790,05891,05896,05900-05901,05912,05915,05917,05921-05922,05924,05933,05936,05942-05943,05963-05964,06017,06020,06026,06029,06038,06043,06047-06048,06059,06064,06068-06069,06071,06080,06089-06090,06092,06101,06152-06153,06164,06169,06173-06174,06176,06185,06194-06195,06215-06216,06218,06227,06236,06274,06278-06279,06290,06295,06299-06300,06311,06320-06321,06332,06341-06342,06353,06362-06363,06404-06405,06416,06421,06425-06426,06437,06442,06446-06447,06458,06463,06467-06468,06479,06488-06489,06530-06531,06542,06551-06552,06554,06563,06568,06572-06573,06575,06584,06593-06594,06605,06614-06615,06657,06659,06668,06673,06677-06678,06680,06689,06694,06698-06699,06710,06719-06720,06731,06734,06736,06740-06741,06794,06799,06803-06804,06806,06815,06820,06824-06825,06836,06845-06846,06848,06857,06866-06867,06920,06929-06930,06941,06946,06950-06951,06962,06967,06971-06972,06974,06983,06992-06993,07004,07046,07055-07056,07067,07072,07076-07077,07079,07088,07097-07098,07100,07109,07114,07118-07119,07130,07172,07177,07181-07182,07184,07193,07202-07203,07223-07224,07226,07235,07244-07245,07256,07265-07266,07298,07303,07307-07308,07319,07328-07329,07334,07349-07350,07361,07366,07370-07371,07382,07391-07392,07403,07429,07433-07434,07445,07454-07455,07465,07475-07476,07487,07496-07497,07517-07518,07538-07539,07559-07560,07573,07580-07581,07592,07594,07597,07601-07602,07613,07615,07618,07622-07624,07628,07634,07643-07644,07658,07660,07664-07665,07685-07686,07692,07699,07702,07706-07709,07717,07723,07727-07728,07734,07737,07739,07742,07748-07749,07760-07761,07769-07770,07781,07784,07790,07811-07812,07816,07819,07824,07832-07833,07844,07849,07853-07855,07857,07866,07874-07875,07895-07896,07907,07916-07917,07937-07938,07942,07947,07950,07958-07961,07968,07970,07979-07980,07991,08000-08001,08003,08012,08021-08023,08027,08029,08033,08035,08040,08042-08043,08071,08075,08078,08084-08085,08090,08105-08106,08112,08117,08126-08127,08129,08131-08132,08135-08138,08147-08148,08150,08157,08168-08169,08194,08210,08214,08222,08229,08231-08233,08248,08252-08253,08264,08273-08274,08276,08278,08285-08287,08294-08296,08299,08306,08322,08336-08337,08342,08357-08358,08371,08378-08379,08382-08383,08385,08390-08391,08393,08399-08400,08402-08403,08411,08420-08421,08430,08432,08437,08449,08453,08455,08457,08462-08463,08470,08483-08484,08493,08504-08505,08508,08510,08514-08516,08521,08525-08526,08546-08547,08550,08558,08567-08568,08579,08588-08590,08594-08596,08599-08602,08609-08610,08612-08614,08617,08622-08623,08626,08630-08631,08638,08642,08651-08652,08655,08661,08670,08672,08714-08716,08720-08721,08726,08734-08737,08739,08741-08743,08747,08755-08757,08761,08766,08768-08769,08773,08777-08778,08780,08783,08789,08798-08799,08834,08836,08839-08845,08852-08853,08855,08859,08861-08862,08864,08869,08873-08877,08880,08882-08883,08885-08886,08891-08892,08894,08962,08966-08969,08971-08973,08975-08981,08983,08985-08990,08992-08994,08997,08999-09001,09008,09092-09093,09095-09097,09101,09103-09105,09107,09109,09113-09115,09119-09120,09124-09126,09128-09130,09134-09135,09137,09140,09146-09147,09149,09151,09217-09219,09221,09225,09230-09231,09233,09235,09239-09240,09242,09244-09246,09248,09250-09256,09260-09261,09263,09266,09272-09273,09275,09345-09348,09351-09352,09355-09357,09359,09361,09365-09369,09372-09373,09376-09378,09380,09384-09387,09389,09393,09398-09399,10114-10118,10121-10125,10127-10128,10132-10134,10138-10139,10141-10145,10154-10159,10163-10164]
+ LOGDIR=/lustre/orion/stf243/world-shared/wcastil/Experiments/CUG26/copper_run/logs
+ cd /lustre/orion/stf243/world-shared/wcastil/Experiments/CUG26/copper_run/logs
+ PACKAGE_ENV_LOCATION=/lustre/orion/stf243/world-shared/hagertnl/CUG26/benchmark_builds
+ source /lustre/orion/stf243/world-shared/hagertnl/CUG26/benchmark_builds/common_modules.sh
++ module load PrgEnv-amd
++ '[' -z '' ']'
++ case "$-" in
++ __lmod_sh_dbg=x
++ '[' -n x ']'
++ set +x
Shell debugging temporarily silenced: export LMOD_SH_DBG_ON=1 for Lmod's output

Lmod is automatically replacing "cce/18.0.1" with "amd/6.2.4".


Lmod is automatically replacing "PrgEnv-cray/8.6.0" with "PrgEnv-amd/8.6.0".


Due to MODULEPATH changes, the following have been reloaded:
  1) cray-libsci/24.11.0     2) cray-mpich/8.1.31     3) darshan-runtime/3.4.6-mpi

Shell debugging restarted
++ unset __lmod_sh_dbg
++ return 0
++ module load cpe/25.09
++ '[' -z '' ']'
++ case "$-" in
++ __lmod_sh_dbg=x
++ '[' -n x ']'
++ set +x
Shell debugging temporarily silenced: export LMOD_SH_DBG_ON=1 for Lmod's output

The following have been reloaded with a version change:
  1) amd/6.2.4 => amd/6.4.2
  2) cray-dsmml/0.3.0 => cray-dsmml/0.3.1
  3) cray-libsci/24.11.0 => cray-libsci/25.09.0
  4) cray-mpich/8.1.31 => cray-mpich/9.0.1
  5) cray-pmi/6.1.15 => cray-pmi/6.1.16
  6) craype/2.7.33 => craype/2.7.35
  7) darshan-runtime/3.4.6-mpi => darshan-runtime/3.4.7-mpi
  8) perftools-base/24.11.0 => perftools-base/25.09.0

Shell debugging restarted
++ unset __lmod_sh_dbg
++ return 0
++ module load amd/6.4.2
++ '[' -z '' ']'
++ case "$-" in
++ __lmod_sh_dbg=x
++ '[' -n x ']'
++ set +x
Shell debugging temporarily silenced: export LMOD_SH_DBG_ON=1 for Lmod's output
Shell debugging restarted
++ unset __lmod_sh_dbg
++ return 0
++ module load rocm/6.4.2
++ '[' -z '' ']'
++ case "$-" in
++ __lmod_sh_dbg=x
++ '[' -n x ']'
++ set +x
Shell debugging temporarily silenced: export LMOD_SH_DBG_ON=1 for Lmod's output
Shell debugging restarted
++ unset __lmod_sh_dbg
++ return 0
++ module load libfabric/1.22.0
++ '[' -z '' ']'
++ case "$-" in
++ __lmod_sh_dbg=x
++ '[' -n x ']'
++ set +x
Shell debugging temporarily silenced: export LMOD_SH_DBG_ON=1 for Lmod's output
Shell debugging restarted
++ unset __lmod_sh_dbg
++ return 0
++ module load craype-accel-amd-gfx90a
++ '[' -z '' ']'
++ case "$-" in
++ __lmod_sh_dbg=x
++ '[' -n x ']'
++ set +x
Shell debugging temporarily silenced: export LMOD_SH_DBG_ON=1 for Lmod's output
Shell debugging restarted
++ unset __lmod_sh_dbg
++ return 0
++ module load miniforge3/23.11.0-0
++ '[' -z '' ']'
++ case "$-" in
++ __lmod_sh_dbg=x
++ '[' -n x ']'
++ set +x
Shell debugging temporarily silenced: export LMOD_SH_DBG_ON=1 for Lmod's output
Shell debugging restarted
++ unset __lmod_sh_dbg
++ return 0
++ export LD_LIBRARY_PATH=/opt/cray/pe/mpich/9.0.1/ofi/amd/6.0/lib:/opt/cray/pe/mpich/9.0.1/gtl/lib:/opt/cray/pe/libsci/25.09.0/AMD/6.0/x86_64/lib:/opt/cray/pe/perftools/25.09.0/lib64:/opt/cray/pe/pmi/6.1.16/lib:/opt/cray/pe/dsmml/0.3.1/dsmml/lib:/opt/cray/libfabric/1.22.0/lib64:/opt/rocm-6.4.2/lib/roctracer:/opt/rocm-6.4.2/lib/rocprofiler:/opt/rocm-6.4.2/lib:/sw/frontier/spack-envs/cpe25.09-cpu/opt/llvm-amdgpu-6.4.2/darshan-runtime-3.4.7-tvdocpzv3jfj4y6ki5jvmmkics323gon/lib:/opt/rocm-6.4.2/llvm/lib:/opt/cray/pe/papi/7.2.0.2/lib64
++ LD_LIBRARY_PATH=/opt/cray/pe/mpich/9.0.1/ofi/amd/6.0/lib:/opt/cray/pe/mpich/9.0.1/gtl/lib:/opt/cray/pe/libsci/25.09.0/AMD/6.0/x86_64/lib:/opt/cray/pe/perftools/25.09.0/lib64:/opt/cray/pe/pmi/6.1.16/lib:/opt/cray/pe/dsmml/0.3.1/dsmml/lib:/opt/cray/libfabric/1.22.0/lib64:/opt/rocm-6.4.2/lib/roctracer:/opt/rocm-6.4.2/lib/rocprofiler:/opt/rocm-6.4.2/lib:/sw/frontier/spack-envs/cpe25.09-cpu/opt/llvm-amdgpu-6.4.2/darshan-runtime-3.4.7-tvdocpzv3jfj4y6ki5jvmmkics323gon/lib:/opt/rocm-6.4.2/llvm/lib:/opt/cray/pe/papi/7.2.0.2/lib64
++ [[ /var/spool/slurmd/job4348844/slurm_script == \/\l\u\s\t\r\e\/\o\r\i\o\n\/\s\t\f\2\4\3\/\w\o\r\l\d\-\s\h\a\r\e\d\/\h\a\g\e\r\t\n\l\/\C\U\G\2\6\/\b\e\n\c\h\m\a\r\k\_\b\u\i\l\d\s\/\c\o\m\m\o\n\_\m\o\d\u\l\e\s\.\s\h ]]
+ COPPER_MOUNT_PATH=/mnt/bb/wcastil/copper_mount
+ /lustre/orion/stf243/world-shared/wcastil/Experiments/CUG26/copper_run/launch_copper_frontier.sh -d /lustre/orion/stf243/world-shared/wcastil/Experiments/CUG26/copper_run/logs -v /mnt/bb/wcastil/copper_mount -M 220000000
+ '[' -z '' ']'
+ case "$-" in
+ __lmod_vx=x
+ '[' -n x ']'
+ set +x
Shell debugging temporarily silenced: export LMOD_SH_DBG_ON=1 for this output (/opt/cray/pe/lmod/lmod/init/bash)
Shell debugging restarted
+ unset __lmod_vx
+ echo 'Launching Copper Gracefully On All Nodes : Start'
Launching Copper Gracefully On All Nodes : Start
+ echo /sw/frontier/ums/ums046/copper
/sw/frontier/ums/ums046/copper
+ CUPATH=/sw/frontier/ums/ums046/copper/build/cu_fuse
+ DISCOVERY_HELPER=/sw/frontier/ums/ums046/copper/build/list_cxi_hsn_thallium
+ CU_FUSE_MNT_VIEWDIR=/tmp/wcastil/copper
+ facility_address_book=/sw/frontier/ums/ums046/copper/build/olcf_frontier_copper_addressbook.txt
+ address_book_source=facility
+ log_level=0
+ log_dir=/ccs/home/wcastil/copper-logs
+ log_type=file
+ trees=1
+ max_cacheable_byte_size=10485760
+ md_enoent_ttl_ms=2000
+ profile_metrics=0
+ profile_top_n=0
+ profile_paths_full=0
+ profile_snapshot_interval_s=0
+ sleeptime=10
+ physcpubind=1,2
+ net_type=cxi://cxi1
+ getopts l:t:d:T:M:E:PN:AI:s:b:F:a:n:v: opt
+ case ${opt} in
+ log_dir=/lustre/orion/stf243/world-shared/wcastil/Experiments/CUG26/copper_run/logs
+ getopts l:t:d:T:M:E:PN:AI:s:b:F:a:n:v: opt
+ case ${opt} in
+ CU_FUSE_MNT_VIEWDIR=/mnt/bb/wcastil/copper_mount
+ getopts l:t:d:T:M:E:PN:AI:s:b:F:a:n:v: opt
+ case ${opt} in
+ max_cacheable_byte_size=220000000
+ getopts l:t:d:T:M:E:PN:AI:s:b:F:a:n:v: opt
+ log_dir=/lustre/orion/stf243/world-shared/wcastil/Experiments/CUG26/copper_run/logs/4348844
+ logs_dir=/lustre/orion/stf243/world-shared/wcastil/Experiments/CUG26/copper_run/logs/4348844/logs
+ tables_dir=/lustre/orion/stf243/world-shared/wcastil/Experiments/CUG26/copper_run/logs/4348844/tables
+ profiling_dir=/lustre/orion/stf243/world-shared/wcastil/Experiments/CUG26/copper_run/logs/4348844/profiling
+ profiling_final_dir=/lustre/orion/stf243/world-shared/wcastil/Experiments/CUG26/copper_run/logs/4348844/profiling/final
+ profiling_cluster_dir=/lustre/orion/stf243/world-shared/wcastil/Experiments/CUG26/copper_run/logs/4348844/profiling/cluster
+ node_file_copy=/lustre/orion/stf243/world-shared/wcastil/Experiments/CUG26/copper_run/logs/4348844/logs/node_file.txt
+ prepared_address_book=/lustre/orion/stf243/world-shared/wcastil/Experiments/CUG26/copper_run/logs/4348844/logs/copper_address_book.txt
+ prepared_address_book_full_output=/lustre/orion/stf243/world-shared/wcastil/Experiments/CUG26/copper_run/logs/4348844/logs/copper_address_book_full_output.txt
+ prepare_address_book_awk=/lustre/orion/stf243/world-shared/wcastil/Experiments/CUG26/copper_run/logs/4348844/logs/prepare_address_book.awk
+ select_discovered_address_book_awk=/lustre/orion/stf243/world-shared/wcastil/Experiments/CUG26/copper_run/logs/4348844/logs/select_discovered_address_book.awk
+ echo 'log_level                  : 0'
log_level                  : 0
+ echo 'log_type                   : file'
log_type                   : file
+ echo 'trees                      : 1'
trees                      : 1
+ echo 'max_cacheable_byte_size    : 220000000'
max_cacheable_byte_size    : 220000000
+ echo 'md_enoent_ttl_ms           : 2000'
md_enoent_ttl_ms           : 2000
+ echo 'profile_metrics            : 0'
profile_metrics            : 0
+ echo 'profile_top_n              : 0'
profile_top_n              : 0
+ echo 'profile_paths_full         : 0'
profile_paths_full         : 0
+ echo 'profile_snapshot_interval_s: 0'
profile_snapshot_interval_s: 0
+ echo 'sleeptime                  : 10'
sleeptime                  : 10
+ echo 'CU_FUSE_MNT_VIEWDIR        : /mnt/bb/wcastil/copper_mount'
CU_FUSE_MNT_VIEWDIR        : /mnt/bb/wcastil/copper_mount
+ echo 'LOGDIR                     : /lustre/orion/stf243/world-shared/wcastil/Experiments/CUG26/copper_run/logs/4348844'
LOGDIR                     : /lustre/orion/stf243/world-shared/wcastil/Experiments/CUG26/copper_run/logs/4348844
+ echo 'logs_dir                   : /lustre/orion/stf243/world-shared/wcastil/Experiments/CUG26/copper_run/logs/4348844/logs'
logs_dir                   : /lustre/orion/stf243/world-shared/wcastil/Experiments/CUG26/copper_run/logs/4348844/logs
+ echo 'tables_dir                 : /lustre/orion/stf243/world-shared/wcastil/Experiments/CUG26/copper_run/logs/4348844/tables'
tables_dir                 : /lustre/orion/stf243/world-shared/wcastil/Experiments/CUG26/copper_run/logs/4348844/tables
+ echo 'profiling_final_dir        : /lustre/orion/stf243/world-shared/wcastil/Experiments/CUG26/copper_run/logs/4348844/profiling/final'
profiling_final_dir        : /lustre/orion/stf243/world-shared/wcastil/Experiments/CUG26/copper_run/logs/4348844/profiling/final
+ echo 'profiling_cluster_dir      : /lustre/orion/stf243/world-shared/wcastil/Experiments/CUG26/copper_run/logs/4348844/profiling/cluster'
profiling_cluster_dir      : /lustre/orion/stf243/world-shared/wcastil/Experiments/CUG26/copper_run/logs/4348844/profiling/cluster
+ echo 'SLURM_NODEFILE             : '
SLURM_NODEFILE             : 
+ echo 'physcpubind                : 1,2'
physcpubind                : 1,2
+ echo 'facility_address_book      : /sw/frontier/ums/ums046/copper/build/olcf_frontier_copper_addressbook.txt'
facility_address_book      : /sw/frontier/ums/ums046/copper/build/olcf_frontier_copper_addressbook.txt
+ echo 'address_book_source        : facility'
address_book_source        : facility
+ echo 'prepared_address_book      : /lustre/orion/stf243/world-shared/wcastil/Experiments/CUG26/copper_run/logs/4348844/logs/copper_address_book.txt'
prepared_address_book      : /lustre/orion/stf243/world-shared/wcastil/Experiments/CUG26/copper_run/logs/4348844/logs/copper_address_book.txt
+ echo 'prepared_address_book_full : /lustre/orion/stf243/world-shared/wcastil/Experiments/CUG26/copper_run/logs/4348844/logs/copper_address_book_full_output.txt'
prepared_address_book_full : /lustre/orion/stf243/world-shared/wcastil/Experiments/CUG26/copper_run/logs/4348844/logs/copper_address_book_full_output.txt
+ echo 'discovery_helper           : /sw/frontier/ums/ums046/copper/build/list_cxi_hsn_thallium'
discovery_helper           : /sw/frontier/ums/ums046/copper/build/list_cxi_hsn_thallium
+ echo 'net_type                   : cxi://cxi1'
net_type                   : cxi://cxi1
+ mkdir -p /lustre/orion/stf243/world-shared/wcastil/Experiments/CUG26/copper_run/logs/4348844/logs /lustre/orion/stf243/world-shared/wcastil/Experiments/CUG26/copper_run/logs/4348844/tables/final /lustre/orion/stf243/world-shared/wcastil/Experiments/CUG26/copper_run/logs/4348844/profiling/final /lustre/orion/stf243/world-shared/wcastil/Experiments/CUG26/copper_run/logs/4348844/profiling/cluster
+ scontrol show hostnames 'frontier[00002,00011-00012,00014,00020-00021,00023,00031-00036,00041-00042,00044,00057,00062-00063,00065,00068-00070,00074-00075,00077-00079,00082-00084,00129,00131-00132,00135-00138,00140-00143,00146-00147,00149,00153,00156-00163,00165,00167-00168,00170,00172-00175,00257-00258,00261-00264,00266-00269,00271-00273,00275,00277,00279,00281,00283-00289,00293-00296,00300,00302,00304,00388-00390,00392-00394,00397-00403,00405-00406,00409-00411,00413-00422,00425-00426,00430,00513,00515-00516,00518-00520,00524-00525,00527,00531,00536-00537,00539-00548,00551-00553,00555-00558,00560-00561,00641-00647,00649-00651,00653,00656-00657,00659,00661-00667,00670-00672,00674-00678,00682-00683,00770-00772,00774,00776-00783,00787-00795,00797-00800,00802-00804,00808-00810,00897-00898,00900,00902-00905,00907-00909,00913-00915,00917-00919,00922-00924,00926,00928-00930,00932,00934-00936,00938-00940,00944,01028-01029,01031,01034-01035,01039-01041,01043-01045,01049-01050,01052-01056,01060-01062,01064-01066,01070-01071,01073-01074,01076-01077,01081,01154-01155,01157,01159-01163,01165-01171,01174-01178,01180-01184,01186-01188,01190-01192,01281-01283,01285-01288,01291-01298,01301-01302,01304,01306-01310,01312-01318,01322,01409,01411-01414,01417-01419,01421-01423,01427-01428,01430,01432-01435,01438-01444,01446-01450,01537,01539-01540,01542-01545,01547-01549,01552-01561,01563-01571,01574,01665-01671,01673-01675,01677,01679-01680,01682-01686,01689-01696,01698-01701,01795-01803,01805-01808,01810-01813,01816-01822,01825-01830,01921-01928,01931-01934,01936-01939,01941-01948,01950,01952-01956,02049-02065,02067-02076,02078-02080,02177-02181,02183-02207,02305-02317,02319-02335,02435-02452,02455-02466,02561-02590,02689-02718,02817-02830,02833-02848,02945-02974,03073-03092,03095-03104,03201-03212,03215-03232,03329-03358,03457-03486,03585-03595,03597-03615,03713-03742,03841-03870,03969-03998,04097-04126,04225-04254,04353-04382,04481-04510,04609-04638,04737-04766,04865,04867-04895,04993-05002,05005-05024,05121-05150,05249-05278,05377-05406,05505-05534,05634-05663,05761-05790,05891,05896,05900-05901,05912,05915,05917,05921-05922,05924,05933,05936,05942-05943,05963-05964,06017,06020,06026,06029,06038,06043,06047-06048,06059,06064,06068-06069,06071,06080,06089-06090,06092,06101,06152-06153,06164,06169,06173-06174,06176,06185,06194-06195,06215-06216,06218,06227,06236,06274,06278-06279,06290,06295,06299-06300,06311,06320-06321,06332,06341-06342,06353,06362-06363,06404-06405,06416,06421,06425-06426,06437,06442,06446-06447,06458,06463,06467-06468,06479,06488-06489,06530-06531,06542,06551-06552,06554,06563,06568,06572-06573,06575,06584,06593-06594,06605,06614-06615,06657,06659,06668,06673,06677-06678,06680,06689,06694,06698-06699,06710,06719-06720,06731,06734,06736,06740-06741,06794,06799,06803-06804,06806,06815,06820,06824-06825,06836,06845-06846,06848,06857,06866-06867,06920,06929-06930,06941,06946,06950-06951,06962,06967,06971-06972,06974,06983,06992-06993,07004,07046,07055-07056,07067,07072,07076-07077,07079,07088,07097-07098,07100,07109,07114,07118-07119,07130,07172,07177,07181-07182,07184,07193,07202-07203,07223-07224,07226,07235,07244-07245,07256,07265-07266,07298,07303,07307-07308,07319,07328-07329,07334,07349-07350,07361,07366,07370-07371,07382,07391-07392,07403,07429,07433-07434,07445,07454-07455,07465,07475-07476,07487,07496-07497,07517-07518,07538-07539,07559-07560,07573,07580-07581,07592,07594,07597,07601-07602,07613,07615,07618,07622-07624,07628,07634,07643-07644,07658,07660,07664-07665,07685-07686,07692,07699,07702,07706-07709,07717,07723,07727-07728,07734,07737,07739,07742,07748-07749,07760-07761,07769-07770,07781,07784,07790,07811-07812,07816,07819,07824,07832-07833,07844,07849,07853-07855,07857,07866,07874-07875,07895-07896,07907,07916-07917,07937-07938,07942,07947,07950,07958-07961,07968,07970,07979-07980,07991,08000-08001,08003,08012,08021-08023,08027,08029,08033,08035,08040,08042-08043,08071,08075,08078,08084-08085,08090,08105-08106,08112,08117,08126-08127,08129,08131-08132,08135-08138,08147-08148,08150,08157,08168-08169,08194,08210,08214,08222,08229,08231-08233,08248,08252-08253,08264,08273-08274,08276,08278,08285-08287,08294-08296,08299,08306,08322,08336-08337,08342,08357-08358,08371,08378-08379,08382-08383,08385,08390-08391,08393,08399-08400,08402-08403,08411,08420-08421,08430,08432,08437,08449,08453,08455,08457,08462-08463,08470,08483-08484,08493,08504-08505,08508,08510,08514-08516,08521,08525-08526,08546-08547,08550,08558,08567-08568,08579,08588-08590,08594-08596,08599-08602,08609-08610,08612-08614,08617,08622-08623,08626,08630-08631,08638,08642,08651-08652,08655,08661,08670,08672,08714-08716,08720-08721,08726,08734-08737,08739,08741-08743,08747,08755-08757,08761,08766,08768-08769,08773,08777-08778,08780,08783,08789,08798-08799,08834,08836,08839-08845,08852-08853,08855,08859,08861-08862,08864,08869,08873-08877,08880,08882-08883,08885-08886,08891-08892,08894,08962,08966-08969,08971-08973,08975-08981,08983,08985-08990,08992-08994,08997,08999-09001,09008,09092-09093,09095-09097,09101,09103-09105,09107,09109,09113-09115,09119-09120,09124-09126,09128-09130,09134-09135,09137,09140,09146-09147,09149,09151,09217-09219,09221,09225,09230-09231,09233,09235,09239-09240,09242,09244-09246,09248,09250-09256,09260-09261,09263,09266,09272-09273,09275,09345-09348,09351-09352,09355-09357,09359,09361,09365-09369,09372-09373,09376-09378,09380,09384-09387,09389,09393,09398-09399,10114-10118,10121-10125,10127-10128,10132-10134,10138-10139,10141-10145,10154-10159,10163-10164]'
+ clush --hostfile /lustre/orion/stf243/world-shared/wcastil/Experiments/CUG26/copper_run/logs/4348844/logs/node_file.txt 'fusermount3 -u /mnt/bb/wcastil/copper_mount'
+ clush --hostfile /lustre/orion/stf243/world-shared/wcastil/Experiments/CUG26/copper_run/logs/4348844/logs/node_file.txt 'rm -rf /mnt/bb/wcastil/copper_mount'
+ clush --hostfile /lustre/orion/stf243/world-shared/wcastil/Experiments/CUG26/copper_run/logs/4348844/logs/node_file.txt 'mkdir -p /mnt/bb/wcastil/copper_mount'
+ rm -f /lustre/orion/stf243/world-shared/wcastil/Experiments/CUG26/copper_run/logs/4348844/logs/copper_address_book.txt /lustre/orion/stf243/world-shared/wcastil/Experiments/CUG26/copper_run/logs/4348844/logs/copper_address_book_full_output.txt /lustre/orion/stf243/world-shared/wcastil/Experiments/CUG26/copper_run/logs/4348844/logs/prepare_address_book.awk /lustre/orion/stf243/world-shared/wcastil/Experiments/CUG26/copper_run/logs/4348844/logs/select_discovered_address_book.awk
+ echo 'Preparing job-local address book once before full cu_fuse launch'
Preparing job-local address book once before full cu_fuse launch
++ date +%s
+ prepare_address_book_start_epoch=1775664454
+ prepare_address_book_rc=0
+ case "${address_book_source}" in
+ prepare_address_book_from_facility
+ cp /sw/frontier/ums/ums046/copper/build/olcf_frontier_copper_addressbook.txt /lustre/orion/stf243/world-shared/wcastil/Experiments/CUG26/copper_run/logs/4348844/logs/copper_address_book_full_output.txt
+ cat
+ srun --overlap -N 1 -n 1 --ntasks-per-node=1 env NODEFILE_PATH=/lustre/orion/stf243/world-shared/wcastil/Experiments/CUG26/copper_run/logs/4348844/logs/node_file.txt FACILITY_BOOK=/sw/frontier/ums/ums046/copper/build/olcf_frontier_copper_addressbook.txt OUTPUT_PATH=/lustre/orion/stf243/world-shared/wcastil/Experiments/CUG26/copper_run/logs/4348844/logs/copper_address_book.txt AWK_SCRIPT=/lustre/orion/stf243/world-shared/wcastil/Experiments/CUG26/copper_run/logs/4348844/logs/prepare_address_book.awk bash -lc 'awk -f "$AWK_SCRIPT" "$NODEFILE_PATH" "$FACILITY_BOOK" > "$OUTPUT_PATH"'
Deactivating conda environments
++ date +%s
+ prepare_address_book_end_epoch=1775664455
+ echo 'prepared address book generation took 1 s'
prepared address book generation took 1 s
+ '[' 0 -ne 0 ']'
+ '[' '!' -s /lustre/orion/stf243/world-shared/wcastil/Experiments/CUG26/copper_run/logs/4348844/logs/copper_address_book.txt ']'
+ profile_options=
+ '[' 0 -eq 1 ']'
+ '[' 0 -gt 0 ']'
+ '[' 0 -eq 1 ']'
+ '[' 0 -gt 0 ']'
+ options=' -f -tpath / -vpath /mnt/bb/wcastil/copper_mount -log_level 0 -log_type file -log_output_dir /lustre/orion/stf243/world-shared/wcastil/Experiments/CUG26/copper_run/logs/4348844 -net_type cxi://cxi1 -trees 1 -nf /lustre/orion/stf243/world-shared/wcastil/Experiments/CUG26/copper_run/logs/4348844/logs/node_file.txt -max_cacheable_byte_size 220000000 -md_enoent_ttl_ms 2000 -facility_address_book /lustre/orion/stf243/world-shared/wcastil/Experiments/CUG26/copper_run/logs/4348844/logs/copper_address_book.txt -prefiltered_address_book 1 -s /mnt/bb/wcastil/copper_mount'
+ echo 'sleeping for 10 s'
sleeping for 10 s
+ sleep 10s
+ srun --overlap -N 2048 --ntasks-per-node=1 --cpus-per-task=2 bash -c '
    echo "host=$(hostname)"
    echo "allowed=$(grep Cpus_allowed_list /proc/self/status | awk "{print \$2}")"
    echo "current_cpu=$(ps -o psr= -p $$)"
    exec /sw/frontier/ums/ums046/copper/build/cu_fuse  -f -tpath / -vpath /mnt/bb/wcastil/copper_mount -log_level 0 -log_type file -log_output_dir /lustre/orion/stf243/world-shared/wcastil/Experiments/CUG26/copper_run/logs/4348844 -net_type cxi://cxi1 -trees 1 -nf /lustre/orion/stf243/world-shared/wcastil/Experiments/CUG26/copper_run/logs/4348844/logs/node_file.txt -max_cacheable_byte_size 220000000 -md_enoent_ttl_ms 2000 -facility_address_book /lustre/orion/stf243/world-shared/wcastil/Experiments/CUG26/copper_run/logs/4348844/logs/copper_address_book.txt -prefiltered_address_book 1 -s /mnt/bb/wcastil/copper_mount
    '\''
  '
host=frontier03995
host=frontier01045
host=frontier00002
host=frontier06734
host=frontier03974
host=frontier04355
host=frontier02840
host=frontier02317
host=frontier02462
host=frontier01055
host=frontier09266
host=frontier08147
host=frontier04122
host=frontier04123
host=frontier06489
host=frontier02846
host=frontier02324
host=frontier01948
host=frontier03084
host=frontier00397
host=frontier01665
host=frontier00915
host=frontier04510
host=frontier02329
host=frontier01813
host=frontier01668
host=frontier01081
host=frontier05915
host=frontier04236
host=frontier02575
host=frontier04237
host=frontier03858
host=frontier01825
host=frontier01450
host=frontier03860
host=frontier02960
host=frontier06657
host=frontier04482
host=frontier02062
host=frontier04103
host=frontier04245
host=frontier02823
host=frontier01028
host=frontier03346
host=frontier01925
host=frontier02305
host=frontier00283
host=frontier04249
host=frontier02451
host=frontier02689
host=frontier03210
host=frontier04111
host=frontier00286
host=frontier00804
host=frontier01154
host=frontier01819
host=frontier09149
allowed=1-2
host=frontier05657
host=frontier00556
host=frontier02194
allowed=1-2
allowed=1-2
host=frontier10117
allowed=1-2
allowed=1-2
host=frontier02075
host=frontier04354
host=frontier04636
host=frontier01701
host=frontier00524
host=frontier05637
host=frontier03595
host=frontier09105
host=frontier04637
allowed=1-2
host=frontier00153
host=frontier01938
host=frontier00897
host=frontier03597
host=frontier05398
host=frontier00666
host=frontier02460
host=frontier02695
host=frontier00667
host=frontier09260
host=frontier04357
host=frontier09109
host=frontier01561
host=frontier02461
host=frontier07702
host=frontier00156
host=frontier05779
host=frontier00900
allowed=1-2
allowed=1-2
host=frontier01798
host=frontier01941
host=frontier05780
allowed=1-2
host=frontier03978
host=frontier04119
host=frontier01188
host=frontier04881
host=frontier09114
host=frontier01421
host=frontier02319
host=frontier06799
host=frontier04500
host=frontier03601
host=frontier03980
allowed=1-2
host=frontier03741
host=frontier05402
host=frontier10125
allowed=1-2
host=frontier03460
host=frontier01191
host=frontier00031
host=frontier02843
allowed=1-2
host=frontier04502
host=frontier01801
host=frontier03223
allowed=1-2
host=frontier09119
host=frontier05643
host=frontier04362
host=frontier02844
host=frontier05122
allowed=1-2
host=frontier03082
host=frontier02323
host=frontier06488
host=frontier08399
host=frontier04363
host=frontier05645
host=frontier00392
allowed=1-2
host=frontier00163
host=frontier03083
allowed=1-2
host=frontier01947
host=frontier05406
host=frontier04364
allowed=1-2
host=frontier01282
host=frontier01569
host=frontier02563
allowed=1-2
host=frontier05787
host=frontier04887
host=frontier01432
allowed=1-2
host=frontier00909
host=frontier04506
host=frontier01950
host=frontier02326
host=frontier02185
host=frontier00914
host=frontier00168
host=frontier03086
host=frontier02327
host=frontier04889
host=frontier01808
host=frontier02706
allowed=1-2
host=frontier09351
host=frontier05269
allowed=1-2
allowed=1-2
host=frontier02707
host=frontier06551
host=frontier02566
host=frontier01438
allowed=1-2
host=frontier06195
host=frontier01666
host=frontier04891
allowed=1-2
host=frontier07538
host=frontier05652
host=frontier04370
host=frontier02568
host=frontier00918
host=frontier08798
allowed=1-2
host=frontier04230
allowed=1-2
host=frontier02190
host=frontier02710
host=frontier02949
host=frontier00175
host=frontier01816
host=frontier04231
host=frontier04372
host=frontier01669
host=frontier04894
host=frontier02332
host=frontier02050
host=frontier02712
host=frontier07560
host=frontier03993
host=frontier03472
host=frontier05274
host=frontier00257
host=frontier02571
host=frontier09359
allowed=1-2
host=frontier05656
host=frontier02334
allowed=1-2
host=frontier06573
host=frontier03615
host=frontier05134
host=frontier01296
host=frontier01297
host=frontier01820
host=frontier02715
host=frontier01446
host=frontier05658
host=frontier09217
host=frontier03715
host=frontier05137
allowed=1-2
host=frontier09367
host=frontier01298
allowed=1-2
allowed=1-2
host=frontier08027
host=frontier08987
host=frontier01822
host=frontier03998
host=frontier02956
host=frontier02197
host=frontier00930
host=frontier03477
host=frontier02437
host=frontier00266
host=frontier00561
host=frontier02198
allowed=1-2
host=frontier08470
host=frontier00932
host=frontier09369
allowed=1-2
host=frontier00077
allowed=1-2
host=frontier00934
host=frontier03718
host=frontier05520
host=frontier00079
host=frontier03102
host=frontier09373
host=frontier06615
host=frontier04099
host=frontier00642
allowed=1-2
host=frontier05142
allowed=1-2
host=frontier06967
allowed=1-2
host=frontier00269
host=frontier04382
host=frontier00936
host=frontier02819
host=frontier01683
host=frontier00643
host=frontier04100
host=frontier00083
host=frontier00790
host=frontier04622
host=frontier01829
host=frontier02442
host=frontier08993
host=frontier02581
host=frontier05762
host=frontier00271
allowed=1-2
host=frontier04243
host=frontier05005
host=frontier05383
host=frontier00940
host=frontier05006
allowed=1-2
allowed=1-2
host=frontier06673
host=frontier01686
host=frontier01543
host=frontier01689
host=frontier03724
allowed=1-2
host=frontier00647
host=frontier05526
allowed=1-2
host=frontier00793
host=frontier05146
host=frontier00275
host=frontier01312
allowed=1-2
host=frontier02965
host=frontier02206
host=frontier00277
host=frontier02064
host=frontier02446
host=frontier04105
host=frontier00649
host=frontier03725
host=frontier04247
host=frontier05148
host=frontier01170
allowed=1-2
host=frontier05528
host=frontier04867
host=frontier03726
host=frontier03585
allowed=1-2
allowed=1-2
host=frontier06038
host=frontier02067
host=frontier04248
host=frontier08869
host=frontier00136
host=frontier05768
host=frontier07349
host=frontier04488
allowed=1-2
host=frontier02306
host=frontier03207
host=frontier02827
host=frontier01926
allowed=1-2
host=frontier02450
host=frontier03588
host=frontier01927
host=frontier02969
host=frontier04630
host=frontier02589
host=frontier03208
host=frontier02307
host=frontier01695
host=frontier03589
allowed=1-2
host=frontier03209
host=frontier02308
host=frontier01039
host=frontier01318
host=frontier07658
host=frontier00285
host=frontier01176
host=frontier04251
host=frontier06416
allowed=1-2
host=frontier03970
allowed=1-2
allowed=1-2
allowed=1-2
host=frontier01696
host=frontier08547
host=frontier01698
host=frontier03352
host=frontier07371
host=frontier01555
host=frontier02833
host=frontier04112
host=frontier09097
allowed=1-2
host=frontier01180
host=frontier06720
host=frontier08550
host=frontier05394
host=frontier01699
host=frontier05635
host=frontier04353
host=frontier05017
host=frontier00519
host=frontier02074
host=frontier09254
host=frontier02837
host=frontier05257
host=frontier07097
host=frontier06446
host=frontier01560
host=frontier04117
host=frontier04878
host=frontier00670
host=frontier03220
host=frontier09263
host=frontier06467
host=frontier05261
host=frontier05262
host=frontier09273
host=frontier01803
host=frontier02561
host=frontier03983
host=frontier00034
host=frontier02704
host=frontier05266
host=frontier05507
host=frontier01066
host=frontier02565
host=frontier05508
host=frontier03847
host=frontier05509
host=frontier03849
host=frontier04229
host=frontier03089
host=frontier00173
host=frontier01667
host=frontier02948
host=frontier06848
host=frontier04609
host=frontier01440
host=frontier04371
host=frontier03330
host=frontier00777
host=frontier05912
host=frontier02952
host=frontier03334
host=frontier04616
host=frontier02717
host=frontier02576
host=frontier03716
host=frontier03857
host=frontier01302
host=frontier03101
host=frontier02439
host=frontier05000
host=frontier02059
host=frontier00082
host=frontier02201
host=frontier05381
host=frontier00417
host=frontier09378
host=frontier02822
host=frontier04625
host=frontier04104
host=frontier02964
host=frontier09239
host=frontier01690
host=frontier04485
host=frontier00794
host=frontier09385
host=frontier06353
host=frontier01315
host=frontier09244
host=frontier04869
host=frontier04629
host=frontier06047
host=frontier04109
host=frontier05013
host=frontier09248
host=frontier02590
host=frontier04110
host=frontier01928
host=frontier02452
host=frontier01322
host=frontier00287
host=frontier02310
host=frontier04633
host=frontier09252
host=frontier06426
host=frontier04114
allowed=1-2
allowed=1-2
allowed=1-2
current_cpu=  2
allowed=1-2
host=frontier00779
allowed=1-2
allowed=1-2
host=frontier08248
host=frontier03474
host=frontier05515
current_cpu=  1
current_cpu=  2
allowed=1-2
current_cpu=  2
current_cpu=  2
host=frontier05636
allowed=1-2
allowed=1-2
allowed=1-2
host=frontier04876
allowed=1-2
allowed=1-2
host=frontier08885
allowed=1-2
allowed=1-2
allowed=1-2
host=frontier00149
host=frontier10118
host=frontier01414
host=frontier02076
allowed=1-2
host=frontier02694
current_cpu=  1
allowed=1-2
allowed=1-2
host=frontier10121
host=frontier08132
host=frontier01184
allowed=1-2
allowed=1-2
host=frontier09256
allowed=1-2
allowed=1-2
host=frontier07429
host=frontier07699
allowed=1-2
allowed=1-2
host=frontier02315
allowed=1-2
allowed=1-2
allowed=1-2
allowed=1-2
allowed=1-2
allowed=1-2
allowed=1-2
host=frontier01186
allowed=1-2
allowed=1-2
host=frontier00014
allowed=1-2
current_cpu=  2
current_cpu=  2
allowed=1-2
allowed=1-2
allowed=1-2
current_cpu=  1
host=frontier08755
allowed=1-2
host=frontier03599
allowed=1-2
allowed=1-2
allowed=1-2
host=frontier01942
allowed=1-2
allowed=1-2
host=frontier05401
allowed=1-2
host=frontier00302
allowed=1-2
allowed=1-2
allowed=1-2
allowed=1-2
current_cpu=  2
host=frontier01190
host=frontier00672
allowed=1-2
allowed=1-2
allowed=1-2
current_cpu=  2
host=frontier04740
host=frontier00023
allowed=1-2
allowed=1-2
allowed=1-2
allowed=1-2
host=frontier03742
current_cpu=  2
allowed=1-2
allowed=1-2
allowed=1-2
current_cpu=  2
host=frontier00674
allowed=1-2
host=frontier05783
allowed=1-2
host=frontier03081
allowed=1-2
allowed=1-2
allowed=1-2
current_cpu=  1
host=frontier08148
host=frontier03461
host=frontier03982
host=frontier05404
host=frontier01192
host=frontier05644
host=frontier07465
allowed=1-2
allowed=1-2
allowed=1-2
host=frontier06169
allowed=1-2
allowed=1-2
allowed=1-2
current_cpu=  1
allowed=1-2
allowed=1-2
host=frontier09345
host=frontier01805
current_cpu=  2
allowed=1-2
host=frontier08969
allowed=1-2
allowed=1-2
current_cpu=  1
allowed=1-2
host=frontier07960
allowed=1-2
allowed=1-2
current_cpu=  2
allowed=1-2
allowed=1-2
allowed=1-2
current_cpu=  1
host=frontier00165
allowed=1-2
host=frontier08971
allowed=1-2
host=frontier00678
host=frontier03985
host=frontier09346
host=frontier03986
host=frontier05267
allowed=1-2
host=frontier01571
allowed=1-2
host=frontier00913
host=frontier01065
host=frontier00682
allowed=1-2
host=frontier00544
allowed=1-2
allowed=1-2
allowed=1-2
allowed=1-2
host=frontier00683
host=frontier07737
allowed=1-2
host=frontier03987
allowed=1-2
allowed=1-2
current_cpu=  1
host=frontier01574
host=frontier09348
allowed=1-2
allowed=1-2
current_cpu=  1
current_cpu=  1
host=frontier07979
host=frontier07517
host=frontier04890
allowed=1-2
allowed=1-2
host=frontier00770
allowed=1-2
allowed=1-2
current_cpu=  2
allowed=1-2
allowed=1-2
host=frontier03610
host=frontier02567
allowed=1-2
current_cpu=  1
host=frontier03468
host=frontier00771
host=frontier00172
host=frontier01073
allowed=1-2
host=frontier00548
allowed=1-2
allowed=1-2
host=frontier08613
allowed=1-2
allowed=1-2
allowed=1-2
current_cpu=  2
allowed=1-2
current_cpu=  2
host=frontier02331
allowed=1-2
host=frontier05511
allowed=1-2
host=frontier06216
host=frontier03850
allowed=1-2
host=frontier00551
host=frontier02191
allowed=1-2
host=frontier08437
host=frontier05654
allowed=1-2
allowed=1-2
allowed=1-2
host=frontier03851
allowed=1-2
allowed=1-2
host=frontier10145
allowed=1-2
allowed=1-2
allowed=1-2
allowed=1-2
allowed=1-2
allowed=1-2
allowed=1-2
host=frontier00553
host=frontier03852
allowed=1-2
host=frontier01670
allowed=1-2
host=frontier00403
allowed=1-2
current_cpu=  1
allowed=1-2
allowed=1-2
current_cpu=  2
allowed=1-2
allowed=1-2
host=frontier08836
allowed=1-2
host=frontier02572
host=frontier04233
host=frontier03473
host=frontier03713
host=frontier04994
host=frontier00261
host=frontier07235
host=frontier02714
host=frontier00926
allowed=1-2
host=frontier03333
host=frontier00409
host=frontier05277
allowed=1-2
allowed=1-2
allowed=1-2
host=frontier00780
host=frontier04235
allowed=1-2
allowed=1-2
host=frontier03475
allowed=1-2
host=frontier02955
allowed=1-2
host=frontier05659
allowed=1-2
host=frontier00929
current_cpu=  1
allowed=1-2
allowed=1-2
host=frontier00558
host=frontier08986
current_cpu=  2
host=frontier04377
host=frontier06593
host=frontier04378
current_cpu=  1
allowed=1-2
host=frontier05924
allowed=1-2
allowed=1-2
host=frontier01159
allowed=1-2
allowed=1-2
allowed=1-2
allowed=1-2
host=frontier05518
allowed=1-2
allowed=1-2
allowed=1-2
allowed=1-2
allowed=1-2
current_cpu=  2
allowed=1-2
host=frontier06605
allowed=1-2
allowed=1-2
host=frontier05378
current_cpu=  2
allowed=1-2
host=frontier03478
current_cpu=  2
allowed=1-2
host=frontier05140
host=frontier02958
host=frontier08844
host=frontier04239
allowed=1-2
host=frontier09372
host=frontier01304
allowed=1-2
allowed=1-2
allowed=1-2
allowed=1-2
allowed=1-2
host=frontier02818
host=frontier05663
allowed=1-2
allowed=1-2
current_cpu=  2
host=frontier05141
host=frontier05380
allowed=1-2
current_cpu=  2
allowed=1-2
host=frontier03861
current_cpu=  2
host=frontier01163
allowed=1-2
allowed=1-2
allowed=1-2
allowed=1-2
allowed=1-2
allowed=1-2
allowed=1-2
allowed=1-2
host=frontier01308
allowed=1-2
allowed=1-2
allowed=1-2
allowed=1-2
allowed=1-2
allowed=1-2
host=frontier03862
host=frontier00938
allowed=1-2
host=frontier04101
allowed=1-2
host=frontier03722
current_cpu=  2
host=frontier00418
allowed=1-2
allowed=1-2
host=frontier01685
host=frontier08670
allowed=1-2
host=frontier02962
host=frontier00939
host=frontier01167
allowed=1-2
allowed=1-2
current_cpu=  2
current_cpu=  1
allowed=1-2
host=frontier08859
host=frontier00646
host=frontier05384
host=frontier04483
host=frontier04765
allowed=1-2
allowed=1-2
allowed=1-2
current_cpu=  2
allowed=1-2
host=frontier08714
allowed=1-2
current_cpu=  1
allowed=1-2
allowed=1-2
host=frontier09384
allowed=1-2
allowed=1-2
host=frontier01168
current_cpu=  2
allowed=1-2
allowed=1-2
allowed=1-2
host=frontier05147
allowed=1-2
allowed=1-2
allowed=1-2
host=frontier05527
host=frontier08078
allowed=1-2
host=frontier03204
allowed=1-2
allowed=1-2
allowed=1-2
host=frontier06029
allowed=1-2
current_cpu=  2
allowed=1-2
allowed=1-2
host=frontier00795
allowed=1-2
host=frontier08296
allowed=1-2
host=frontier04627
current_cpu=  1
current_cpu=  2
allowed=1-2
allowed=1-2
allowed=1-2
host=frontier04868
allowed=1-2
allowed=1-2
host=frontier01171
host=frontier01548
allowed=1-2
allowed=1-2
allowed=1-2
current_cpu=  2
host=frontier01549
allowed=1-2
allowed=1-2
allowed=1-2
allowed=1-2
host=frontier01693
current_cpu=  1
host=frontier03587
host=frontier05011
host=frontier01174
host=frontier05390
allowed=1-2
host=frontier04250
allowed=1-2
allowed=1-2
allowed=1-2
host=frontier01317
allowed=1-2
allowed=1-2
allowed=1-2
allowed=1-2
allowed=1-2
allowed=1-2
current_cpu=  2
host=frontier08875
allowed=1-2
allowed=1-2
allowed=1-2
allowed=1-2
allowed=1-2
allowed=1-2
host=frontier03730
allowed=1-2
allowed=1-2
allowed=1-2
current_cpu=  1
allowed=1-2
host=frontier05392
current_cpu=  2
current_cpu=  2
current_cpu=  2
host=frontier04252
allowed=1-2
host=frontier01040
host=frontier00141
host=frontier04632
allowed=1-2
host=frontier01409
host=frontier03971
allowed=1-2
host=frontier10114
allowed=1-2
allowed=1-2
host=frontier01178
allowed=1-2
allowed=1-2
allowed=1-2
host=frontier00142
allowed=1-2
current_cpu=  2
allowed=1-2
host=frontier08880
host=frontier03733
allowed=1-2
host=frontier07076
allowed=1-2
host=frontier03972
host=frontier05634
allowed=1-2
allowed=1-2
host=frontier00289
allowed=1-2
allowed=1-2
host=frontier03973
allowed=1-2
allowed=1-2
allowed=1-2
host=frontier03734
host=frontier09253
host=frontier00663
host=frontier04495
host=frontier01936
allowed=1-2
host=frontier00147
host=frontier03975
host=frontier02459
host=frontier01937
allowed=1-2
host=frontier03357
allowed=1-2
allowed=1-2
allowed=1-2
allowed=1-2
allowed=1-2
allowed=1-2
host=frontier00012
host=frontier09107
host=frontier06741
host=frontier05258
host=frontier04118
host=frontier02316
host=frontier02696
host=frontier03738
allowed=1-2
host=frontier05400
host=frontier01053
allowed=1-2
host=frontier04499
host=frontier05641
host=frontier01799
host=frontier06463
allowed=1-2
host=frontier05260
host=frontier02464
host=frontier02320
allowed=1-2
host=frontier03459
host=frontier05024
allowed=1-2
host=frontier09115
host=frontier03079
allowed=1-2
host=frontier02465
host=frontier08391
host=frontier01566
host=frontier03080
host=frontier03841
host=frontier06806
host=frontier01567
allowed=1-2
host=frontier05784
allowed=1-2
host=frontier01568
host=frontier01946
allowed=1-2
allowed=1-2
host=frontier00542
allowed=1-2
host=frontier05265
host=frontier02703
host=frontier03605
host=frontier00035
allowed=1-2
host=frontier09126
host=frontier00543
allowed=1-2
host=frontier02847
host=frontier04365
host=frontier02848
host=frontier00036
host=frontier04888
allowed=1-2
allowed=1-2
host=frontier02945
allowed=1-2
host=frontier03609
allowed=1-2
host=frontier10141
allowed=1-2
host=frontier02328
allowed=1-2
host=frontier00917
host=frontier04749
allowed=1-2
host=frontier02189
allowed=1-2
allowed=1-2
allowed=1-2
allowed=1-2
allowed=1-2
allowed=1-2
allowed=1-2
host=frontier01291
host=frontier04751
host=frontier10144
allowed=1-2
allowed=1-2
host=frontier08000
host=frontier01956
host=frontier00062
host=frontier09140
allowed=1-2
host=frontier01441
host=frontier08979
host=frontier02570
host=frontier05513
allowed=1-2
allowed=1-2
host=frontier04612
host=frontier03331
host=frontier04613
host=frontier00555
host=frontier02193
allowed=1-2
host=frontier06929
host=frontier09365
host=frontier05135
host=frontier04755
host=frontier03854
allowed=1-2
host=frontier04376
host=frontier04995
host=frontier08022
host=frontier00262
host=frontier04615
host=frontier03335
host=frontier02054
allowed=1-2
host=frontier08023
host=frontier00263
host=frontier01821
host=frontier03856
host=frontier05517
host=frontier05278
host=frontier00411
host=frontier02055
allowed=1-2
allowed=1-2
allowed=1-2
host=frontier03336
allowed=1-2
host=frontier00075
host=frontier09368
host=frontier04618
host=frontier08029
host=frontier04238
allowed=1-2
host=frontier05661
host=frontier10163
host=frontier06295
host=frontier05519
allowed=1-2
allowed=1-2
host=frontier01826
host=frontier04999
host=frontier02058
allowed=1-2
host=frontier02200
host=frontier03719
host=frontier00935
allowed=1-2
allowed=1-2
allowed=1-2
allowed=1-2
allowed=1-2
host=frontier03721
host=frontier05143
host=frontier05002
host=frontier01830
host=frontier02821
host=frontier04764
allowed=1-2
host=frontier01309
host=frontier01921
allowed=1-2
host=frontier04244
allowed=1-2
allowed=1-2
allowed=1-2
host=frontier02205
allowed=1-2
host=frontier02445
host=frontier01923
allowed=1-2
allowed=1-2
host=frontier06342
allowed=1-2
allowed=1-2
host=frontier01029
host=frontier07628
allowed=1-2
host=frontier01314
host=frontier01691
allowed=1-2
host=frontier03206
allowed=1-2
allowed=1-2
host=frontier09245
allowed=1-2
host=frontier06694
allowed=1-2
host=frontier05531
host=frontier00656
host=frontier02828
allowed=1-2
host=frontier00800
allowed=1-2
host=frontier08734
allowed=1-2
allowed=1-2
allowed=1-2
host=frontier04490
allowed=1-2
host=frontier02070
host=frontier00513
host=frontier02970
allowed=1-2
allowed=1-2
host=frontier09096
host=frontier05015
allowed=1-2
host=frontier04492
allowed=1-2
allowed=1-2
host=frontier00516
host=frontier03211
host=frontier05393
host=frontier05773
host=frontier00288
allowed=1-2
host=frontier00143
host=frontier01556
host=frontier04254
host=frontier05016
host=frontier02312
host=frontier01412
allowed=1-2
allowed=1-2
host=frontier02974
host=frontier06069
host=frontier02313
host=frontier00294
host=frontier06080
host=frontier09255
host=frontier04638
host=frontier03218
host=frontier03075
host=frontier04356
host=frontier04497
host=frontier07433
host=frontier02839
host=frontier06447
host=frontier06458
host=frontier02080
host=frontier03740
host=frontier07708
host=frontier02842
host=frontier06152
host=frontier04501
host=frontier06153
host=frontier10127
host=frontier04884
host=frontier06479
host=frontier06815
host=frontier00033
host=frontier07130
host=frontier05505
host=frontier02184
host=frontier06531
host=frontier03845
host=frontier07497
host=frontier02186
host=frontier00041
host=frontier05650
host=frontier00547
host=frontier03848
host=frontier02709
host=frontier00772
host=frontier00401
host=frontier02569
host=frontier04893
host=frontier03329
host=frontier05131
host=frontier03992
host=frontier08001
host=frontier08799
host=frontier04895
host=frontier06227
host=frontier02051
host=frontier09147
host=frontier04993
host=frontier09366
host=frontier05136
host=frontier06278
host=frontier05921
host=frontier09151
host=frontier02435
host=frontier00074
host=frontier06941
host=frontier02436
host=frontier06279
host=frontier09218
host=frontier01448
host=frontier06594
host=frontier03717
host=frontier08988
host=frontier06299
host=frontier01537
host=frontier04381
host=frontier04762
host=frontier04241
host=frontier04763
host=frontier06320
host=frontier03104
host=frontier03863
host=frontier04623
host=frontier02443
host=frontier06668
host=frontier02582
host=frontier03202
host=frontier05145
host=frontier02583
host=frontier05525
host=frontier08294
host=frontier01544
host=frontier05765
host=frontier01169
host=frontier06678
host=frontier02585
host=frontier08084
host=frontier02207
host=frontier02586
host=frontier03586
host=frontier05388
host=frontier08085
host=frontier05529
host=frontier07634
host=frontier05012
host=frontier04489
host=frontier09393
host=frontier05249
host=frontier08105
host=frontier08336
host=frontier06048
host=frontier03731
host=frontier03590
host=frontier03732
host=frontier03591
host=frontier05534
host=frontier01932
host=frontier02972
host=frontier08357
host=frontier02456
host=frontier04875
host=frontier01700
host=frontier02692
host=frontier06731
current_cpu=  1
host=frontier08839
current_cpu=  1
current_cpu=  2
current_cpu=  1
allowed=1-2
host=frontier05276
current_cpu=  2
current_cpu=  1
allowed=1-2
allowed=1-2
host=frontier03096
host=frontier02052
allowed=1-2
current_cpu=  1
host=frontier01182
allowed=1-2
host=frontier00520
current_cpu=  1
current_cpu=  1
current_cpu=  1
host=frontier08741
allowed=1-2
current_cpu=  1
host=frontier08567
current_cpu=  2
allowed=1-2
current_cpu=  1
current_cpu=  1
current_cpu=  2
allowed=1-2
allowed=1-2
allowed=1-2
allowed=1-2
current_cpu=  2
host=frontier06442
allowed=1-2
host=frontier07692
host=frontier00011
current_cpu=  1
current_cpu=  2
allowed=1-2
allowed=1-2
allowed=1-2
current_cpu=  2
current_cpu=  2
allowed=1-2
current_cpu=  1
current_cpu=  1
allowed=1-2
allowed=1-2
current_cpu=  2
current_cpu=  2
allowed=1-2
host=frontier03076
current_cpu=  1
current_cpu=  1
host=frontier03219
current_cpu=  1
current_cpu=  1
current_cpu=  2
current_cpu=  1
current_cpu=  2
host=frontier03598
allowed=1-2
current_cpu=  1
current_cpu=  2
host=frontier08891
allowed=1-2
current_cpu=  1
current_cpu=  2
current_cpu=  2
current_cpu=  2
host=frontier08136
allowed=1-2
host=frontier05259
current_cpu=  1
allowed=1-2
host=frontier04880
current_cpu=  1
host=frontier00157
current_cpu=  1
current_cpu=  1
allowed=1-2
current_cpu=  1
host=frontier03458
current_cpu=  1
allowed=1-2
host=frontier03979
current_cpu=  2
host=frontier08385
allowed=1-2
current_cpu=  2
host=frontier05781
host=frontier03600
current_cpu=  2
current_cpu=  1
current_cpu=  1
allowed=1-2
allowed=1-2
current_cpu=  1
current_cpu=  2
current_cpu=  1
host=frontier01800
host=frontier02178
allowed=1-2
host=frontier04360
host=frontier05782
allowed=1-2
current_cpu=  2
current_cpu=  1
current_cpu=  1
current_cpu=  2
host=frontier00539
allowed=1-2
current_cpu=  1
current_cpu=  1
current_cpu=  2
allowed=1-2
current_cpu=  2
allowed=1-2
current_cpu=  2
allowed=1-2
current_cpu=  1
current_cpu=  2
current_cpu=  1
allowed=1-2
allowed=1-2
allowed=1-2
allowed=1-2
host=frontier00675
allowed=1-2
host=frontier00161
allowed=1-2
host=frontier08596
allowed=1-2
host=frontier00541
current_cpu=  1
allowed=1-2
current_cpu=  1
current_cpu=  2
allowed=1-2
current_cpu=  2
host=frontier05405
host=frontier04885
host=frontier07475
host=frontier10132
host=frontier07723
host=frontier08968
host=frontier00907
current_cpu=  1
current_cpu=  1
current_cpu=  2
current_cpu=  1
allowed=1-2
allowed=1-2
current_cpu=  1
allowed=1-2
current_cpu=  1
current_cpu=  1
current_cpu=  1
allowed=1-2
current_cpu=  1
current_cpu=  2
current_cpu=  2
current_cpu=  2
current_cpu=  1
allowed=1-2
current_cpu=  1
allowed=1-2
host=frontier01570
current_cpu=  1
allowed=1-2
allowed=1-2
allowed=1-2
host=frontier05647
allowed=1-2
allowed=1-2
host=frontier10138
current_cpu=  2
allowed=1-2
current_cpu=  1
host=frontier04366
host=frontier08602
allowed=1-2
allowed=1-2
host=frontier01285
allowed=1-2
current_cpu=  1
host=frontier08169
allowed=1-2
current_cpu=  2
current_cpu=  2
current_cpu=  2
current_cpu=  2
allowed=1-2
allowed=1-2
current_cpu=  1
host=frontier03229
allowed=1-2
current_cpu=  2
current_cpu=  1
host=frontier03846
allowed=1-2
allowed=1-2
host=frontier04227
current_cpu=  1
current_cpu=  2
allowed=1-2
allowed=1-2
allowed=1-2
current_cpu=  1
host=frontier01287
current_cpu=  1
host=frontier01435
host=frontier03988
allowed=1-2
current_cpu=  1
current_cpu=  1
current_cpu=  2
current_cpu=  1
allowed=1-2
host=frontier08421
allowed=1-2
current_cpu=  1
host=frontier04369
host=frontier05129
allowed=1-2
allowed=1-2
host=frontier01288
allowed=1-2
allowed=1-2
current_cpu=  2
allowed=1-2
host=frontier07202
host=frontier03611
current_cpu=  2
host=frontier05896
current_cpu=  2
host=frontier01955
allowed=1-2
host=frontier06215
current_cpu=  1
current_cpu=  2
host=frontier03469
host=frontier04892
current_cpu=  2
current_cpu=  1
allowed=1-2
current_cpu=  2
host=frontier01074
allowed=1-2
current_cpu=  1
host=frontier05653
allowed=1-2
allowed=1-2
current_cpu=  2
allowed=1-2
host=frontier08229
allowed=1-2
current_cpu=  2
allowed=1-2
allowed=1-2
current_cpu=  1
current_cpu=  2
current_cpu=  1
allowed=1-2
host=frontier03091
current_cpu=  1
host=frontier01076
current_cpu=  1
allowed=1-2
current_cpu=  2
host=frontier07559
current_cpu=  2
current_cpu=  1
current_cpu=  1
current_cpu=  2
current_cpu=  1
current_cpu=  2
host=frontier02192
allowed=1-2
allowed=1-2
host=frontier01442
current_cpu=  2
allowed=1-2
current_cpu=  1
allowed=1-2
current_cpu=  2
current_cpu=  2
current_cpu=  1
current_cpu=  1
current_cpu=  2
host=frontier03095
allowed=1-2
host=frontier00778
current_cpu=  1
host=frontier09361
allowed=1-2
host=frontier01443
allowed=1-2
allowed=1-2
host=frontier02953
host=frontier08626
allowed=1-2
allowed=1-2
host=frontier01444
allowed=1-2
host=frontier00406
allowed=1-2
allowed=1-2
allowed=1-2
current_cpu=  1
host=frontier04375
allowed=1-2
host=frontier10156
host=frontier04614
allowed=1-2
allowed=1-2
host=frontier00557
current_cpu=  1
current_cpu=  2
host=frontier08252
current_cpu=  1
allowed=1-2
allowed=1-2
current_cpu=  2
current_cpu=  1
allowed=1-2
host=frontier02574
host=frontier04756
host=frontier00070
current_cpu=  1
allowed=1-2
current_cpu=  1
allowed=1-2
host=frontier08631
current_cpu=  2
allowed=1-2
current_cpu=  1
current_cpu=  2
allowed=1-2
allowed=1-2
allowed=1-2
allowed=1-2
allowed=1-2
current_cpu=  1
allowed=1-2
current_cpu=  2
current_cpu=  1
allowed=1-2
current_cpu=  1
current_cpu=  2
current_cpu=  1
host=frontier06946
current_cpu=  2
allowed=1-2
current_cpu=  1
current_cpu=  1
current_cpu=  1
current_cpu=  1
current_cpu=  1
current_cpu=  2
allowed=1-2
current_cpu=  2
current_cpu=  2
allowed=1-2
host=frontier03337
current_cpu=  1
host=frontier07597
allowed=1-2
host=frontier02577
current_cpu=  2
allowed=1-2
host=frontier00078
allowed=1-2
allowed=1-2
allowed=1-2
host=frontier04098
current_cpu=  2
host=frontier02057
allowed=1-2
allowed=1-2
host=frontier00267
host=frontier05379
current_cpu=  1
current_cpu=  2
current_cpu=  2
current_cpu=  1
current_cpu=  2
allowed=1-2
allowed=1-2
current_cpu=  1
current_cpu=  1
host=frontier00415
host=frontier08652
host=frontier00268
host=frontier07602
allowed=1-2
allowed=1-2
current_cpu=  1
current_cpu=  2
allowed=1-2
allowed=1-2
current_cpu=  1
current_cpu=  1
current_cpu=  1
current_cpu=  2
host=frontier00789
current_cpu=  1
host=frontier00416
current_cpu=  1
current_cpu=  1
current_cpu=  1
allowed=1-2
current_cpu=  1
current_cpu=  1
current_cpu=  2
current_cpu=  2
current_cpu=  1
current_cpu=  1
allowed=1-2
allowed=1-2
current_cpu=  2
allowed=1-2
current_cpu=  2
host=frontier00644
host=frontier02202
allowed=1-2
host=frontier08286
allowed=1-2
current_cpu=  1
current_cpu=  2
allowed=1-2
allowed=1-2
host=frontier02203
host=frontier01542
current_cpu=  2
host=frontier08994
allowed=1-2
host=frontier03483
allowed=1-2
allowed=1-2
current_cpu=  2
current_cpu=  1
current_cpu=  1
allowed=1-2
allowed=1-2
allowed=1-2
allowed=1-2
allowed=1-2
allowed=1-2
host=frontier08997
current_cpu=  2
host=frontier03343
current_cpu=  2
current_cpu=  1
current_cpu=  1
allowed=1-2
current_cpu=  1
host=frontier00131
current_cpu=  2
current_cpu=  1
allowed=1-2
host=frontier03344
current_cpu=  1
current_cpu=  1
allowed=1-2
current_cpu=  2
current_cpu=  1
current_cpu=  1
allowed=1-2
current_cpu=  2
current_cpu=  1
current_cpu=  2
host=frontier03345
allowed=1-2
host=frontier07624
allowed=1-2
current_cpu=  1
allowed=1-2
current_cpu=  1
current_cpu=  2
current_cpu=  1
allowed=1-2
host=frontier09001
current_cpu=  2
current_cpu=  2
host=frontier00135
current_cpu=  1
allowed=1-2
current_cpu=  1
allowed=1-2
host=frontier08716
current_cpu=  2
allowed=1-2
current_cpu=  1
current_cpu=  1
current_cpu=  2
allowed=1-2
current_cpu=  2
current_cpu=  2
host=frontier08299
allowed=1-2
allowed=1-2
host=frontier08720
current_cpu=  2
host=frontier06362
current_cpu=  2
current_cpu=  1
allowed=1-2
current_cpu=  2
current_cpu=  2
current_cpu=  1
host=frontier03348
current_cpu=  1
allowed=1-2
host=frontier01034
host=frontier08521
allowed=1-2
allowed=1-2
allowed=1-2
allowed=1-2
current_cpu=  2
allowed=1-2
host=frontier01035
current_cpu=  2
current_cpu=  1
current_cpu=  1
host=frontier04870
allowed=1-2
current_cpu=  1
host=frontier08322
current_cpu=  1
host=frontier03349
current_cpu=  1
current_cpu=  1
current_cpu=  1
current_cpu=  1
allowed=1-2
current_cpu=  2
current_cpu=  1
current_cpu=  2
current_cpu=  2
current_cpu=  1
current_cpu=  2
allowed=1-2
current_cpu=  1
current_cpu=  2
host=frontier05532
host=frontier05391
current_cpu=  1
current_cpu=  2
allowed=1-2
host=frontier01177
allowed=1-2
host=frontier00802
current_cpu=  1
allowed=1-2
allowed=1-2
allowed=1-2
host=frontier07660
current_cpu=  1
allowed=1-2
allowed=1-2
current_cpu=  1
allowed=1-2
current_cpu=  1
current_cpu=  1
allowed=1-2
host=frontier02072
current_cpu=  2
current_cpu=  1
host=frontier07072
current_cpu=  2
allowed=1-2
current_cpu=  1
host=frontier01043
current_cpu=  1
allowed=1-2
allowed=1-2
current_cpu=  1
allowed=1-2
current_cpu=  2
allowed=1-2
allowed=1-2
current_cpu=  2
host=frontier03592
host=frontier02073
host=frontier09101
current_cpu=  1
allowed=1-2
current_cpu=  2
current_cpu=  2
allowed=1-2
current_cpu=  1
current_cpu=  1
host=frontier03354
host=frontier09103
current_cpu=  2
allowed=1-2
allowed=1-2
allowed=1-2
host=frontier01044
host=frontier07391
host=frontier05395
host=frontier03735
host=frontier03594
allowed=1-2
allowed=1-2
host=frontier03216
host=frontier01558
current_cpu=  1
host=frontier08371
host=frontier00664
host=frontier01413
host=frontier02693
host=frontier02458
allowed=1-2
host=frontier00293
host=frontier02836
allowed=1-2
host=frontier04877
allowed=1-2
allowed=1-2
host=frontier03736
host=frontier01049
host=frontier03074
host=frontier03356
host=frontier02314
host=frontier08568
current_cpu=  2
host=frontier05777
host=frontier00810
host=frontier03217
host=frontier07916
allowed=1-2
host=frontier00295
current_cpu=  2
current_cpu=  1
current_cpu=  1
host=frontier03976
current_cpu=  1
host=frontier01417
current_cpu=  1
current_cpu=  1
host=frontier05778
host=frontier06740
allowed=1-2
host=frontier07917
allowed=1-2
allowed=1-2
host=frontier00898
host=frontier03977
host=frontier05399
host=frontier08135
allowed=1-2
allowed=1-2
allowed=1-2
allowed=1-2
allowed=1-2
host=frontier08588
host=frontier07937
host=frontier10122
host=frontier06090
host=frontier01939
host=frontier07938
host=frontier05640
host=frontier10123
current_cpu=  2
allowed=1-2
allowed=1-2
host=frontier07706
host=frontier07434
host=frontier04738
current_cpu=  1
allowed=1-2
host=frontier02697
host=frontier05022
host=frontier01419
host=frontier01187
allowed=1-2
allowed=1-2
host=frontier02698
host=frontier07942
allowed=1-2
current_cpu=  1
host=frontier00158
host=frontier01054
host=frontier00671
host=frontier02841
allowed=1-2
host=frontier08590
host=frontier01564
host=frontier02463
host=frontier03221
allowed=1-2
allowed=1-2
current_cpu=  1
host=frontier01565
host=frontier08594
host=frontier01943
allowed=1-2
allowed=1-2
host=frontier04882
current_cpu=  2
allowed=1-2
host=frontier08390
allowed=1-2
host=frontier01422
host=frontier07114
current_cpu=  2
host=frontier03981
host=frontier00388
host=frontier05121
host=frontier03602
allowed=1-2
host=frontier02700
allowed=1-2
allowed=1-2
current_cpu=  1
current_cpu=  1
allowed=1-2
current_cpu=  1
current_cpu=  1
current_cpu=  1
allowed=1-2
allowed=1-2
current_cpu=  1
current_cpu=  1
current_cpu=  1
allowed=1-2
current_cpu=  1
allowed=1-2
current_cpu=  1
allowed=1-2
current_cpu=  1
current_cpu=  2
allowed=1-2
current_cpu=  2
current_cpu=  2
current_cpu=  2
current_cpu=  1
current_cpu=  2
allowed=1-2
current_cpu=  1
current_cpu=  1
allowed=1-2
current_cpu=  1
allowed=1-2
current_cpu=  2
current_cpu=  2
current_cpu=  1
current_cpu=  2
current_cpu=  1
current_cpu=  1
current_cpu=  1
current_cpu=  2
allowed=1-2
allowed=1-2
current_cpu=  2
current_cpu=  1
allowed=1-2
current_cpu=  1
current_cpu=  2
allowed=1-2
current_cpu=  1
allowed=1-2
current_cpu=  2
current_cpu=  2
allowed=1-2
current_cpu=  1
current_cpu=  1
allowed=1-2
current_cpu=  1
allowed=1-2
current_cpu=  2
allowed=1-2
current_cpu=  2
current_cpu=  1
allowed=1-2
allowed=1-2
current_cpu=  1
current_cpu=  1
current_cpu=  1
allowed=1-2
current_cpu=  2
allowed=1-2
current_cpu=  2
current_cpu=  2
current_cpu=  2
allowed=1-2
current_cpu=  2
allowed=1-2
current_cpu=  2
current_cpu=  1
allowed=1-2
allowed=1-2
current_cpu=  1
current_cpu=  1
current_cpu=  1
current_cpu=  2
allowed=1-2
current_cpu=  2
current_cpu=  2
current_cpu=  2
current_cpu=  1
current_cpu=  1
current_cpu=  1
current_cpu=  1
current_cpu=  1
current_cpu=  2
allowed=1-2
current_cpu=  1
current_cpu=  2
allowed=1-2
current_cpu=  1
current_cpu=  2
allowed=1-2
current_cpu=  2
current_cpu=  2
allowed=1-2
current_cpu=  1
current_cpu=  1
current_cpu=  2
allowed=1-2
current_cpu=  1
allowed=1-2
current_cpu=  1
allowed=1-2
current_cpu=  2
allowed=1-2
current_cpu=  2
allowed=1-2
current_cpu=  2
allowed=1-2
current_cpu=  1
allowed=1-2
current_cpu=  2
current_cpu=  1
current_cpu=  2
current_cpu=  1
current_cpu=  1
current_cpu=  1
current_cpu=  2
allowed=1-2
current_cpu=  1
current_cpu=  2
current_cpu=  2
current_cpu=  2
allowed=1-2
current_cpu=  2
current_cpu=  1
current_cpu=  1
allowed=1-2
current_cpu=  2
current_cpu=  2
allowed=1-2
current_cpu=  1
allowed=1-2
current_cpu=  2
current_cpu=  2
current_cpu=  2
allowed=1-2
current_cpu=  1
current_cpu=  2
allowed=1-2
current_cpu=  1
current_cpu=  2
current_cpu=  1
current_cpu=  1
allowed=1-2
current_cpu=  1
current_cpu=  2
allowed=1-2
current_cpu=  2
current_cpu=  2
current_cpu=  1
allowed=1-2
current_cpu=  1
current_cpu=  2
current_cpu=  2
current_cpu=  1
allowed=1-2
current_cpu=  1
allowed=1-2
current_cpu=  1
allowed=1-2
current_cpu=  1
current_cpu=  1
current_cpu=  2
allowed=1-2
current_cpu=  1
allowed=1-2
current_cpu=  2
allowed=1-2
current_cpu=  1
current_cpu=  1
current_cpu=  2
allowed=1-2
current_cpu=  1
current_cpu=  2
current_cpu=  1
current_cpu=  1
allowed=1-2
allowed=1-2
current_cpu=  2
current_cpu=  1
allowed=1-2
allowed=1-2
current_cpu=  1
current_cpu=  1
current_cpu=  2
allowed=1-2
current_cpu=  2
allowed=1-2
current_cpu=  2
allowed=1-2
current_cpu=  1
current_cpu=  1
allowed=1-2
current_cpu=  2
current_cpu=  2
allowed=1-2
current_cpu=  1
current_cpu=  1
current_cpu=  2
current_cpu=  2
allowed=1-2
current_cpu=  1
current_cpu=  2
current_cpu=  1
current_cpu=  2
current_cpu=  2
current_cpu=  1
current_cpu=  1
allowed=1-2
allowed=1-2
current_cpu=  1
current_cpu=  1
current_cpu=  1
allowed=1-2
current_cpu=  1
allowed=1-2
current_cpu=  1
current_cpu=  2
current_cpu=  2
allowed=1-2
current_cpu=  1
current_cpu=  2
current_cpu=  2
allowed=1-2
current_cpu=  1
current_cpu=  1
allowed=1-2
allowed=1-2
current_cpu=  1
current_cpu=  1
current_cpu=  1
allowed=1-2
current_cpu=  1
current_cpu=  1
current_cpu=  2
allowed=1-2
current_cpu=  2
allowed=1-2
current_cpu=  2
current_cpu=  2
current_cpu=  2
allowed=1-2
current_cpu=  2
current_cpu=  1
allowed=1-2
current_cpu=  1
current_cpu=  2
current_cpu=  2
current_cpu=  2
current_cpu=  2
allowed=1-2
current_cpu=  1
current_cpu=  2
allowed=1-2
current_cpu=  2
allowed=1-2
current_cpu=  2
current_cpu=  1
current_cpu=  2
allowed=1-2
current_cpu=  1
allowed=1-2
current_cpu=  1
current_cpu=  1
current_cpu=  2
current_cpu=  2
allowed=1-2
allowed=1-2
current_cpu=  2
current_cpu=  2
allowed=1-2
current_cpu=  2
current_cpu=  1
current_cpu=  2
allowed=1-2
current_cpu=  2
current_cpu=  2
current_cpu=  2
current_cpu=  1
current_cpu=  1
current_cpu=  1
current_cpu=  1
current_cpu=  1
current_cpu=  2
allowed=1-2
current_cpu=  2
current_cpu=  2
current_cpu=  2
current_cpu=  2
allowed=1-2
current_cpu=  2
allowed=1-2
current_cpu=  2
current_cpu=  1
allowed=1-2
current_cpu=  2
current_cpu=  2
allowed=1-2
current_cpu=  1
current_cpu=  2
current_cpu=  1
current_cpu=  2
allowed=1-2
allowed=1-2
current_cpu=  1
current_cpu=  1
current_cpu=  2
current_cpu=  1
allowed=1-2
allowed=1-2
current_cpu=  2
current_cpu=  1
current_cpu=  2
current_cpu=  2
allowed=1-2
allowed=1-2
current_cpu=  1
current_cpu=  1
allowed=1-2
allowed=1-2
current_cpu=  1
current_cpu=  1
current_cpu=  1
current_cpu=  2
current_cpu=  2
current_cpu=  2
allowed=1-2
allowed=1-2
current_cpu=  2
current_cpu=  2
current_cpu=  2
current_cpu=  1
current_cpu=  1
current_cpu=  2
allowed=1-2
allowed=1-2
current_cpu=  1
current_cpu=  2
current_cpu=  2
allowed=1-2
current_cpu=  2
current_cpu=  1
current_cpu=  2
current_cpu=  2
allowed=1-2
allowed=1-2
current_cpu=  1
current_cpu=  2
allowed=1-2
current_cpu=  1
current_cpu=  2
allowed=1-2
current_cpu=  1
current_cpu=  2
current_cpu=  1
current_cpu=  2
current_cpu=  2
current_cpu=  1
current_cpu=  1
current_cpu=  1
current_cpu=  2
allowed=1-2
current_cpu=  1
allowed=1-2
current_cpu=  1
current_cpu=  2
allowed=1-2
current_cpu=  2
current_cpu=  2
allowed=1-2
current_cpu=  2
current_cpu=  2
current_cpu=  2
allowed=1-2
current_cpu=  2
current_cpu=  2
allowed=1-2
current_cpu=  1
current_cpu=  1
current_cpu=  2
current_cpu=  2
allowed=1-2
current_cpu=  2
allowed=1-2
current_cpu=  1
current_cpu=  2
current_cpu=  2
allowed=1-2
current_cpu=  1
current_cpu=  2
current_cpu=  1
allowed=1-2
current_cpu=  2
current_cpu=  2
current_cpu=  1
allowed=1-2
current_cpu=  2
allowed=1-2
current_cpu=  2
current_cpu=  1
allowed=1-2
current_cpu=  2
current_cpu=  2
allowed=1-2
current_cpu=  2
allowed=1-2
current_cpu=  1
current_cpu=  1
current_cpu=  2
current_cpu=  1
current_cpu=  1
current_cpu=  1
allowed=1-2
allowed=1-2
current_cpu=  1
current_cpu=  1
current_cpu=  1
allowed=1-2
current_cpu=  2
allowed=1-2
current_cpu=  2
current_cpu=  2
current_cpu=  1
allowed=1-2
current_cpu=  2
allowed=1-2
current_cpu=  2
current_cpu=  2
allowed=1-2
current_cpu=  1
current_cpu=  2
allowed=1-2
current_cpu=  1
current_cpu=  2
current_cpu=  2
current_cpu=  2
allowed=1-2
current_cpu=  2
current_cpu=  2
current_cpu=  1
current_cpu=  2
current_cpu=  1
allowed=1-2
allowed=1-2
current_cpu=  1
current_cpu=  2
current_cpu=  1
allowed=1-2
current_cpu=  2
current_cpu=  2
current_cpu=  2
current_cpu=  2
current_cpu=  2
current_cpu=  1
allowed=1-2
allowed=1-2
current_cpu=  2
current_cpu=  1
allowed=1-2
current_cpu=  2
current_cpu=  1
current_cpu=  1
allowed=1-2
allowed=1-2
current_cpu=  2
current_cpu=  1
current_cpu=  2
current_cpu=  1
current_cpu=  1
allowed=1-2
current_cpu=  2
allowed=1-2
current_cpu=  1
allowed=1-2
current_cpu=  2
allowed=1-2
current_cpu=  2
allowed=1-2
current_cpu=  2
current_cpu=  2
current_cpu=  1
allowed=1-2
current_cpu=  1
allowed=1-2
current_cpu=  2
allowed=1-2
current_cpu=  2
allowed=1-2
current_cpu=  1
allowed=1-2
current_cpu=  1
allowed=1-2
current_cpu=  1
allowed=1-2
current_cpu=  1
current_cpu=  2
current_cpu=  2
allowed=1-2
current_cpu=  1
allowed=1-2
current_cpu=  2
current_cpu=  1
allowed=1-2
current_cpu=  2
current_cpu=  2
current_cpu=  1
allowed=1-2
allowed=1-2
current_cpu=  1
current_cpu=  1
allowed=1-2
allowed=1-2
current_cpu=  1
current_cpu=  1
allowed=1-2
allowed=1-2
current_cpu=  2
current_cpu=  1
allowed=1-2
allowed=1-2
current_cpu=  2
current_cpu=  1
allowed=1-2
allowed=1-2
current_cpu=  2
current_cpu=  2
current_cpu=  2
allowed=1-2
current_cpu=  2
allowed=1-2
current_cpu=  2
allowed=1-2
current_cpu=  2
allowed=1-2
current_cpu=  2
allowed=1-2
current_cpu=  1
current_cpu=  2
allowed=1-2
current_cpu=  2
current_cpu=  1
current_cpu=  2
allowed=1-2
allowed=1-2
current_cpu=  2
current_cpu=  2
allowed=1-2
allowed=1-2
current_cpu=  1
current_cpu=  2
current_cpu=  2
current_cpu=  1
current_cpu=  2
current_cpu=  1
current_cpu=  1
allowed=1-2
current_cpu=  1
allowed=1-2
current_cpu=  1
allowed=1-2
current_cpu=  2
allowed=1-2
current_cpu=  2
allowed=1-2
current_cpu=  2
allowed=1-2
current_cpu=  2
allowed=1-2
current_cpu=  2
allowed=1-2
current_cpu=  2
current_cpu=  2
current_cpu=  2
allowed=1-2
current_cpu=  1
allowed=1-2
current_cpu=  1
allowed=1-2
current_cpu=  1
current_cpu=  1
allowed=1-2
allowed=1-2
current_cpu=  1
current_cpu=  2
allowed=1-2
allowed=1-2
current_cpu=  1
current_cpu=  1
current_cpu=  2
current_cpu=  1
allowed=1-2
allowed=1-2
current_cpu=  1
current_cpu=  2
current_cpu=  1
allowed=1-2
current_cpu=  1
allowed=1-2
current_cpu=  2
allowed=1-2
current_cpu=  1
allowed=1-2
current_cpu=  2
current_cpu=  2
allowed=1-2
allowed=1-2
current_cpu=  2
current_cpu=  1
allowed=1-2
allowed=1-2
current_cpu=  1
current_cpu=  2
current_cpu=  1
current_cpu=  1
allowed=1-2
allowed=1-2
current_cpu=  1
current_cpu=  1
allowed=1-2
current_cpu=  2
current_cpu=  2
current_cpu=  1
allowed=1-2
current_cpu=  1
current_cpu=  1
allowed=1-2
current_cpu=  2
current_cpu=  2
allowed=1-2
allowed=1-2
current_cpu=  1
current_cpu=  1
allowed=1-2
allowed=1-2
current_cpu=  1
current_cpu=  1
allowed=1-2
allowed=1-2
current_cpu=  2
current_cpu=  2
current_cpu=  1
allowed=1-2
current_cpu=  2
current_cpu=  1
host=frontier00904
host=frontier04741
allowed=1-2
allowed=1-2
current_cpu=  2
current_cpu=  1
host=frontier01423
host=frontier01056
allowed=1-2
allowed=1-2
current_cpu=  2
current_cpu=  2
host=frontier08761
allowed=1-2
allowed=1-2
current_cpu=  2
current_cpu=  2
allowed=1-2
current_cpu=  2
host=frontier02180
allowed=1-2
allowed=1-2
current_cpu=  2
current_cpu=  2
allowed=1-2
allowed=1-2
current_cpu=  2
current_cpu=  2
host=frontier09120
host=frontier04742
allowed=1-2
allowed=1-2
current_cpu=  2
current_cpu=  1
host=frontier07958
host=frontier02701
allowed=1-2
allowed=1-2
current_cpu=  2
current_cpu=  2
host=frontier02466
current_cpu=  1
allowed=1-2
host=frontier00540
current_cpu=  2
allowed=1-2
current_cpu=  2
allowed=1-2
current_cpu=  2
host=frontier01802
allowed=1-2
host=frontier01427
current_cpu=  2
allowed=1-2
current_cpu=  1
host=frontier07717
allowed=1-2
host=frontier00676
current_cpu=  2
allowed=1-2
current_cpu=  2
current_cpu=  2
allowed=1-2
allowed=1-2
current_cpu=  2
current_cpu=  2
host=frontier09124
host=frontier09275
allowed=1-2
allowed=1-2
current_cpu=  1
current_cpu=  1
host=frontier05785
host=frontier04743
allowed=1-2
allowed=1-2
current_cpu=  2
current_cpu=  2
host=frontier00162
host=frontier03604
allowed=1-2
allowed=1-2
current_cpu=  2
current_cpu=  1
current_cpu=  2
current_cpu=  2
host=frontier01281
host=frontier00390
allowed=1-2
allowed=1-2
current_cpu=  1
current_cpu=  1
host=frontier05123
allowed=1-2
allowed=1-2
current_cpu=  1
current_cpu=  1
current_cpu=  1
host=frontier08157
host=frontier04886
allowed=1-2
allowed=1-2
current_cpu=  1
current_cpu=  1
host=frontier03984
host=frontier01062
allowed=1-2
allowed=1-2
current_cpu=  1
current_cpu=  1
host=frontier03463
host=frontier07727
allowed=1-2
allowed=1-2
current_cpu=  1
current_cpu=  2
allowed=1-2
allowed=1-2
current_cpu=  1
current_cpu=  1
host=frontier08400
allowed=1-2
allowed=1-2
current_cpu=  2
current_cpu=  1
host=frontier04505
allowed=1-2
host=frontier08769
current_cpu=  1
allowed=1-2
current_cpu=  1
host=frontier03226
allowed=1-2
allowed=1-2
current_cpu=  1
current_cpu=  2
current_cpu=  2
allowed=1-2
current_cpu=  2
host=frontier00393
allowed=1-2
allowed=1-2
current_cpu=  1
current_cpu=  1
current_cpu=  2
host=frontier03844
allowed=1-2
host=frontier01064
current_cpu=  1
allowed=1-2
current_cpu=  1
host=frontier05125
allowed=1-2
host=frontier06530
current_cpu=  2
allowed=1-2
current_cpu=  2
allowed=1-2
current_cpu=  1
host=frontier08773
allowed=1-2
host=frontier08402
current_cpu=  2
allowed=1-2
current_cpu=  2
allowed=1-2
current_cpu=  1
host=frontier04126
allowed=1-2
host=frontier03228
current_cpu=  1
allowed=1-2
current_cpu=  2
host=frontier01807
allowed=1-2
allowed=1-2
current_cpu=  2
current_cpu=  1
host=frontier07496
host=frontier03465
allowed=1-2
allowed=1-2
current_cpu=  2
allowed=1-2
current_cpu=  1
host=frontier05126
allowed=1-2
host=frontier07968
current_cpu=  2
allowed=1-2
current_cpu=  1
host=frontier01433
allowed=1-2
host=frontier06176
current_cpu=  1
allowed=1-2
current_cpu=  1
host=frontier08403
allowed=1-2
allowed=1-2
current_cpu=  1
current_cpu=  2
host=frontier04225
host=frontier07734
allowed=1-2
allowed=1-2
current_cpu=  2
current_cpu=  2
host=frontier09128
host=frontier04747
allowed=1-2
allowed=1-2
current_cpu=  2
current_cpu=  1
current_cpu=  1
host=frontier01434
allowed=1-2
host=frontier05268
current_cpu=  1
allowed=1-2
current_cpu=  1
current_cpu=  2
host=frontier05789
allowed=1-2
allowed=1-2
current_cpu=  2
current_cpu=  1
host=frontier05127
allowed=1-2
host=frontier03466
current_cpu=  1
allowed=1-2
current_cpu=  2
host=frontier08411
allowed=1-2
host=frontier00545
current_cpu=  2
allowed=1-2
current_cpu=  2
host=frontier04508
allowed=1-2
host=frontier08194
current_cpu=  2
allowed=1-2
current_cpu=  1
host=frontier10139
allowed=1-2
current_cpu=  2
current_cpu=  2
host=frontier00170
allowed=1-2
allowed=1-2
current_cpu=  2
current_cpu=  1
current_cpu=  2
host=frontier08975
allowed=1-2
host=frontier05790
current_cpu=  1
allowed=1-2
current_cpu=  1
host=frontier01810
allowed=1-2
host=frontier00546
current_cpu=  2
allowed=1-2
current_cpu=  1
allowed=1-2
current_cpu=  1
current_cpu=  1
host=frontier05128
host=frontier04509
allowed=1-2
allowed=1-2
current_cpu=  1
current_cpu=  1
host=frontier02187
allowed=1-2
allowed=1-2
current_cpu=  2
current_cpu=  2
host=frontier01070
allowed=1-2
host=frontier07739
current_cpu=  2
allowed=1-2
host=frontier02188
host=frontier05270
allowed=1-2
allowed=1-2
current_cpu=  1
current_cpu=  2
current_cpu=  2
host=frontier03088
allowed=1-2
host=frontier08612
current_cpu=  2
allowed=1-2
current_cpu=  2
host=frontier01954
allowed=1-2
allowed=1-2
current_cpu=  1
current_cpu=  2
host=frontier08783
host=frontier07193
allowed=1-2
allowed=1-2
current_cpu=  1
current_cpu=  1
allowed=1-2
host=frontier09352
current_cpu=  2
allowed=1-2
current_cpu=  2
host=frontier01811
allowed=1-2
host=frontier06552
current_cpu=  1
allowed=1-2
current_cpu=  1
host=frontier00044
allowed=1-2
host=frontier03231
current_cpu=  2
current_cpu=  1
allowed=1-2
host=frontier08430
current_cpu=  1
allowed=1-2
current_cpu=  1
current_cpu=  2
allowed=1-2
current_cpu=  1
current_cpu=  1
current_cpu=  1
host=frontier08789
current_cpu=  2
allowed=1-2
current_cpu=  1
current_cpu=  1
host=frontier01812
allowed=1-2
host=frontier05130
current_cpu=  2
allowed=1-2
current_cpu=  1
host=frontier05510
allowed=1-2
current_cpu=  2
current_cpu=  1
current_cpu=  2
current_cpu=  2
allowed=1-2
current_cpu=  2
allowed=1-2
current_cpu=  2
allowed=1-2
current_cpu=  2
current_cpu=  1
host=frontier08432
host=frontier05900
allowed=1-2
allowed=1-2
current_cpu=  2
current_cpu=  2
current_cpu=  2
allowed=1-2
current_cpu=  1
allowed=1-2
current_cpu=  1
host=frontier03991
allowed=1-2
allowed=1-2
current_cpu=  1
current_cpu=  1
host=frontier07539
host=frontier00174
allowed=1-2
allowed=1-2
current_cpu=  2
current_cpu=  1
host=frontier07203
host=frontier08614
allowed=1-2
allowed=1-2
current_cpu=  1
current_cpu=  2
host=frontier00919
allowed=1-2
allowed=1-2
current_cpu=  2
current_cpu=  2
current_cpu=  1
host=frontier05132
host=frontier02950
allowed=1-2
allowed=1-2
current_cpu=  1
current_cpu=  1
host=frontier08617
allowed=1-2
allowed=1-2
current_cpu=  2
current_cpu=  2
host=frontier00063
allowed=1-2
host=frontier03613
current_cpu=  2
allowed=1-2
current_cpu=  2
host=frontier04611
allowed=1-2
host=frontier04752
current_cpu=  2
allowed=1-2
current_cpu=  2
allowed=1-2
current_cpu=  1
allowed=1-2
current_cpu=  1
host=frontier03471
allowed=1-2
host=frontier00402
current_cpu=  2
allowed=1-2
current_cpu=  1
host=frontier06218
allowed=1-2
host=frontier01077
current_cpu=  2
allowed=1-2
current_cpu=  2
allowed=1-2
current_cpu=  2
host=frontier08980
allowed=1-2
current_cpu=  1
current_cpu=  1
host=frontier03614
allowed=1-2
current_cpu=  1
current_cpu=  2
allowed=1-2
current_cpu=  2
host=frontier08834
allowed=1-2
host=frontier08622
current_cpu=  2
allowed=1-2
current_cpu=  1
host=frontier08449
allowed=1-2
allowed=1-2
current_cpu=  1
current_cpu=  2
host=frontier03092
host=frontier05133
allowed=1-2
allowed=1-2
current_cpu=  1
current_cpu=  1
host=frontier07761
host=frontier04232
allowed=1-2
allowed=1-2
current_cpu=  2
current_cpu=  1
host=frontier00258
host=frontier08233
allowed=1-2
allowed=1-2
current_cpu=  1
current_cpu=  1
host=frontier03332
host=frontier00405
allowed=1-2
allowed=1-2
current_cpu=  1
current_cpu=  2
allowed=1-2
host=frontier10155
current_cpu=  2
allowed=1-2
current_cpu=  1
host=frontier03994
allowed=1-2
host=frontier02713
current_cpu=  2
allowed=1-2
current_cpu=  1
host=frontier07573
allowed=1-2
host=frontier08623
current_cpu=  1
allowed=1-2
current_cpu=  2
allowed=1-2
current_cpu=  1
allowed=1-2
current_cpu=  2
host=frontier08981
allowed=1-2
current_cpu=  1
current_cpu=  1
host=frontier01295
allowed=1-2
host=frontier06274
current_cpu=  2
allowed=1-2
current_cpu=  1
host=frontier00069
allowed=1-2
host=frontier04234
current_cpu=  2
allowed=1-2
current_cpu=  2
host=frontier01673
allowed=1-2
host=frontier08983
current_cpu=  1
allowed=1-2
current_cpu=  2
host=frontier02335
allowed=1-2
allowed=1-2
current_cpu=  2
current_cpu=  2
allowed=1-2
host=frontier05917
current_cpu=  2
allowed=1-2
current_cpu=  2
allowed=1-2
current_cpu=  2
allowed=1-2
current_cpu=  1
host=frontier08021
allowed=1-2
host=frontier06575
current_cpu=  1
allowed=1-2
current_cpu=  1
host=frontier08455
allowed=1-2
allowed=1-2
current_cpu=  1
current_cpu=  2
current_cpu=  1
allowed=1-2
current_cpu=  1
host=frontier08985
allowed=1-2
host=frontier03714
current_cpu=  2
allowed=1-2
current_cpu=  1
allowed=1-2
current_cpu=  1
host=frontier02053
allowed=1-2
allowed=1-2
current_cpu=  2
current_cpu=  1
host=frontier07244
host=frontier03996
allowed=1-2
allowed=1-2
current_cpu=  1
current_cpu=  1
host=frontier10157
host=frontier02195
allowed=1-2
allowed=1-2
current_cpu=  2
current_cpu=  1
host=frontier01155
host=frontier06930
allowed=1-2
allowed=1-2
current_cpu=  2
current_cpu=  2
allowed=1-2
allowed=1-2
current_cpu=  2
current_cpu=  1
allowed=1-2
allowed=1-2
current_cpu=  2
current_cpu=  2
host=frontier00781
current_cpu=  1
allowed=1-2
host=frontier01447
current_cpu=  2
allowed=1-2
current_cpu=  2
allowed=1-2
current_cpu=  2
allowed=1-2
current_cpu=  2
allowed=1-2
current_cpu=  1
host=frontier03997
allowed=1-2
allowed=1-2
current_cpu=  2
current_cpu=  1
host=frontier04996
host=frontier08462
allowed=1-2
allowed=1-2
current_cpu=  1
current_cpu=  2
allowed=1-2
allowed=1-2
current_cpu=  2
current_cpu=  2
host=frontier10158
allowed=1-2
allowed=1-2
current_cpu=  1
current_cpu=  2
allowed=1-2
current_cpu=  1
current_cpu=  2
current_cpu=  1
host=frontier00264
allowed=1-2
current_cpu=  1
current_cpu=  1
host=frontier07594
allowed=1-2
host=frontier05660
current_cpu=  2
allowed=1-2
current_cpu=  1
allowed=1-2
current_cpu=  1
current_cpu=  1
host=frontier08842
allowed=1-2
allowed=1-2
current_cpu=  1
current_cpu=  2
host=frontier04617
allowed=1-2
host=frontier07790
current_cpu=  2
allowed=1-2
current_cpu=  1
allowed=1-2
current_cpu=  1
allowed=1-2
current_cpu=  1
allowed=1-2
current_cpu=  1
allowed=1-2
current_cpu=  2
current_cpu=  1
host=frontier01160
allowed=1-2
allowed=1-2
current_cpu=  1
current_cpu=  1
allowed=1-2
current_cpu=  2
host=frontier02957
allowed=1-2
allowed=1-2
current_cpu=  1
current_cpu=  2
host=frontier05139
host=frontier00783
allowed=1-2
allowed=1-2
current_cpu=  1
current_cpu=  2
host=frontier01679
allowed=1-2
allowed=1-2
current_cpu=  1
current_cpu=  2
host=frontier02718
allowed=1-2
host=frontier08843
current_cpu=  2
allowed=1-2
current_cpu=  2
host=frontier00787
allowed=1-2
host=frontier01161
current_cpu=  2
allowed=1-2
current_cpu=  2
current_cpu=  2
current_cpu=  1
host=frontier02817
allowed=1-2
allowed=1-2
current_cpu=  1
current_cpu=  1
host=frontier10164
host=frontier08989
allowed=1-2
allowed=1-2
current_cpu=  1
current_cpu=  2
allowed=1-2
host=frontier06614
current_cpu=  1
allowed=1-2
current_cpu=  1
host=frontier02578
allowed=1-2
host=frontier07266
current_cpu=  1
allowed=1-2
current_cpu=  2
host=frontier04760
allowed=1-2
host=frontier00641
current_cpu=  1
allowed=1-2
current_cpu=  2
host=frontier07812
allowed=1-2
host=frontier03480
current_cpu=  1
allowed=1-2
current_cpu=  1
allowed=1-2
current_cpu=  1
host=frontier02579
allowed=1-2
host=frontier04240
current_cpu=  2
allowed=1-2
current_cpu=  1
current_cpu=  2
host=frontier07816
host=frontier08035
allowed=1-2
allowed=1-2
current_cpu=  2
current_cpu=  1
allowed=1-2
host=frontier08845
current_cpu=  2
allowed=1-2
current_cpu=  1
allowed=1-2
current_cpu=  2
host=frontier09225
allowed=1-2
host=frontier08990
current_cpu=  2
allowed=1-2
current_cpu=  2
current_cpu=  1
host=frontier01827
allowed=1-2
allowed=1-2
current_cpu=  2
current_cpu=  1
host=frontier04620
allowed=1-2
current_cpu=  2
current_cpu=  1
current_cpu=  1
host=frontier01539
host=frontier04621
allowed=1-2
allowed=1-2
current_cpu=  1
current_cpu=  1
current_cpu=  2
host=frontier05761
allowed=1-2
host=frontier03481
current_cpu=  1
allowed=1-2
current_cpu=  2
host=frontier02580
allowed=1-2
host=frontier01828
current_cpu=  1
allowed=1-2
current_cpu=  2
host=frontier08493
allowed=1-2
current_cpu=  1
current_cpu=  2
host=frontier07303
allowed=1-2
host=frontier08992
current_cpu=  1
allowed=1-2
current_cpu=  2
host=frontier03720
allowed=1-2
host=frontier08278
current_cpu=  1
allowed=1-2
current_cpu=  1
host=frontier08853
allowed=1-2
current_cpu=  2
current_cpu=  2
host=frontier05963
allowed=1-2
host=frontier07615
current_cpu=  2
allowed=1-2
current_cpu=  1
host=frontier01165
allowed=1-2
host=frontier01540
current_cpu=  2
allowed=1-2
current_cpu=  1
host=frontier05523
allowed=1-2
host=frontier05382
current_cpu=  2
allowed=1-2
current_cpu=  1
allowed=1-2
current_cpu=  2
allowed=1-2
current_cpu=  2
allowed=1-2
current_cpu=  2
host=frontier02060
allowed=1-2
host=frontier08042
current_cpu=  2
allowed=1-2
current_cpu=  1
host=frontier08661
allowed=1-2
host=frontier07824
current_cpu=  2
allowed=1-2
current_cpu=  2
host=frontier00645
allowed=1-2
allowed=1-2
current_cpu=  1
current_cpu=  2
host=frontier04102
host=frontier08043
allowed=1-2
allowed=1-2
current_cpu=  1
current_cpu=  1
host=frontier05144
host=frontier01166
allowed=1-2
allowed=1-2
current_cpu=  1
current_cpu=  2
allowed=1-2
allowed=1-2
current_cpu=  2
current_cpu=  2
host=frontier02061
current_cpu=  1
allowed=1-2
host=frontier06972
current_cpu=  1
allowed=1-2
current_cpu=  1
host=frontier05524
allowed=1-2
host=frontier07618
current_cpu=  2
allowed=1-2
current_cpu=  2
host=frontier08855
allowed=1-2
allowed=1-2
current_cpu=  1
current_cpu=  1
allowed=1-2
current_cpu=  1
current_cpu=  2
host=frontier02963
allowed=1-2
allowed=1-2
current_cpu=  2
current_cpu=  2
host=frontier03484
host=frontier02444
allowed=1-2
allowed=1-2
current_cpu=  2
current_cpu=  1
host=frontier01310
host=frontier06017
allowed=1-2
allowed=1-2
current_cpu=  2
current_cpu=  1
host=frontier03723
host=frontier09235
allowed=1-2
allowed=1-2
current_cpu=  1
current_cpu=  2
host=frontier09380
host=frontier05764
allowed=1-2
allowed=1-2
current_cpu=  2
current_cpu=  2
host=frontier00129
host=frontier02204
allowed=1-2
allowed=1-2
current_cpu=  2
current_cpu=  1
host=frontier03864
host=frontier08510
allowed=1-2
allowed=1-2
current_cpu=  2
current_cpu=  1
current_cpu=  1
current_cpu=  1
host=frontier07328
host=frontier04484
allowed=1-2
allowed=1-2
current_cpu=  1
current_cpu=  1
current_cpu=  2
host=frontier05007
allowed=1-2
allowed=1-2
current_cpu=  1
current_cpu=  2
host=frontier06983
host=frontier08861
allowed=1-2
allowed=1-2
current_cpu=  1
current_cpu=  2
current_cpu=  1
host=frontier08999
allowed=1-2
allowed=1-2
current_cpu=  1
current_cpu=  1
host=frontier00944
host=frontier01922
allowed=1-2
allowed=1-2
current_cpu=  2
current_cpu=  2
host=frontier06026
host=frontier00132
allowed=1-2
allowed=1-2
current_cpu=  1
current_cpu=  1
allowed=1-2
host=frontier05008
current_cpu=  1
allowed=1-2
current_cpu=  1
current_cpu=  2
current_cpu=  2
host=frontier01545
allowed=1-2
allowed=1-2
current_cpu=  1
current_cpu=  2
current_cpu=  2
host=frontier01313
allowed=1-2
host=frontier04246
current_cpu=  1
allowed=1-2
current_cpu=  1
host=frontier02824
allowed=1-2
current_cpu=  2
current_cpu=  1
host=frontier05766
allowed=1-2
host=frontier07849
current_cpu=  2
allowed=1-2
current_cpu=  1
allowed=1-2
current_cpu=  2
host=frontier05767
allowed=1-2
allowed=1-2
current_cpu=  2
current_cpu=  2
host=frontier00279
host=frontier06993
allowed=1-2
allowed=1-2
current_cpu=  2
current_cpu=  2
host=frontier01547
host=frontier03867
allowed=1-2
allowed=1-2
current_cpu=  1
current_cpu=  1
current_cpu=  2
allowed=1-2
current_cpu=  2
host=frontier04486
allowed=1-2
host=frontier02065
current_cpu=  1
allowed=1-2
current_cpu=  1
host=frontier03205
allowed=1-2
allowed=1-2
current_cpu=  2
current_cpu=  1
host=frontier08515
host=frontier00650
allowed=1-2
allowed=1-2
current_cpu=  1
current_cpu=  2
current_cpu=  1
host=frontier04628
allowed=1-2
host=frontier09387
current_cpu=  1
allowed=1-2
current_cpu=  1
host=frontier00281
allowed=1-2
host=frontier08516
current_cpu=  1
allowed=1-2
current_cpu=  1
host=frontier01031
allowed=1-2
host=frontier02826
current_cpu=  2
allowed=1-2
current_cpu=  1
host=frontier07854
allowed=1-2
allowed=1-2
current_cpu=  2
current_cpu=  1
host=frontier03727
current_cpu=  1
allowed=1-2
host=frontier03347
current_cpu=  2
allowed=1-2
current_cpu=  2
host=frontier00425
allowed=1-2
host=frontier00797
current_cpu=  1
allowed=1-2
current_cpu=  2
host=frontier02587
allowed=1-2
current_cpu=  1
current_cpu=  1
allowed=1-2
current_cpu=  2
host=frontier07855
allowed=1-2
host=frontier09092
current_cpu=  1
allowed=1-2
current_cpu=  2
host=frontier06043
allowed=1-2
host=frontier00798
current_cpu=  1
allowed=1-2
current_cpu=  2
host=frontier02968
allowed=1-2
current_cpu=  1
current_cpu=  1
host=frontier08306
allowed=1-2
host=frontier08090
current_cpu=  1
allowed=1-2
current_cpu=  2
host=frontier01316
allowed=1-2
host=frontier04108
current_cpu=  2
allowed=1-2
current_cpu=  2
allowed=1-2
current_cpu=  1
host=frontier07350
allowed=1-2
host=frontier02588
current_cpu=  1
allowed=1-2
current_cpu=  1
current_cpu=  2
allowed=1-2
allowed=1-2
current_cpu=  1
current_cpu=  1
host=frontier00799
host=frontier08874
allowed=1-2
allowed=1-2
current_cpu=  2
current_cpu=  1
host=frontier09246
allowed=1-2
allowed=1-2
current_cpu=  1
current_cpu=  1
host=frontier05770
allowed=1-2
host=frontier07857
current_cpu=  2
allowed=1-2
current_cpu=  1
host=frontier06404
allowed=1-2
current_cpu=  2
current_cpu=  1
host=frontier00284
allowed=1-2
host=frontier09093
current_cpu=  1
allowed=1-2
current_cpu=  2
host=frontier07361
allowed=1-2
host=frontier02069
current_cpu=  1
allowed=1-2
current_cpu=  2
allowed=1-2
current_cpu=  2
current_cpu=  1
allowed=1-2
current_cpu=  1
current_cpu=  2
current_cpu=  1
host=frontier00140
current_cpu=  2
allowed=1-2
allowed=1-2
current_cpu=  2
current_cpu=  1
host=frontier07866
current_cpu=  1
allowed=1-2
allowed=1-2
current_cpu=  1
current_cpu=  2
allowed=1-2
host=frontier07366
current_cpu=  2
allowed=1-2
current_cpu=  2
allowed=1-2
current_cpu=  2
host=frontier05771
allowed=1-2
current_cpu=  2
current_cpu=  2
host=frontier08337
allowed=1-2
host=frontier05533
current_cpu=  1
allowed=1-2
current_cpu=  2
current_cpu=  2
host=frontier09250
host=frontier02309
allowed=1-2
allowed=1-2
current_cpu=  2
current_cpu=  2
host=frontier07067
host=frontier05014
allowed=1-2
allowed=1-2
current_cpu=  2
current_cpu=  2
host=frontier08546
host=frontier05251
allowed=1-2
allowed=1-2
current_cpu=  1
current_cpu=  2
host=frontier02830
host=frontier09399
allowed=1-2
allowed=1-2
current_cpu=  2
current_cpu=  2
host=frontier04872
host=frontier02071
allowed=1-2
allowed=1-2
current_cpu=  1
current_cpu=  2
allowed=1-2
allowed=1-2
current_cpu=  1
current_cpu=  2
current_cpu=  2
allowed=1-2
current_cpu=  1
current_cpu=  2
host=frontier06064
current_cpu=  1
allowed=1-2
allowed=1-2
current_cpu=  2
current_cpu=  1
host=frontier00661
host=frontier08342
allowed=1-2
allowed=1-2
current_cpu=  2
current_cpu=  1
allowed=1-2
allowed=1-2
current_cpu=  2
current_cpu=  2
host=frontier00803
host=frontier04873
allowed=1-2
allowed=1-2
current_cpu=  1
current_cpu=  2
host=frontier06421
allowed=1-2
allowed=1-2
current_cpu=  2
current_cpu=  2
allowed=1-2
current_cpu=  2
current_cpu=  2
host=frontier05253
host=frontier04493
allowed=1-2
allowed=1-2
current_cpu=  1
current_cpu=  1
allowed=1-2
host=frontier02311
current_cpu=  1
allowed=1-2
current_cpu=  2
allowed=1-2
current_cpu=  1
host=frontier01411
allowed=1-2
allowed=1-2
current_cpu=  1
current_cpu=  2
host=frontier08126
host=frontier04874
allowed=1-2
allowed=1-2
current_cpu=  1
current_cpu=  2
allowed=1-2
host=frontier02691
current_cpu=  1
allowed=1-2
current_cpu=  1
host=frontier01933
allowed=1-2
host=frontier02834
current_cpu=  2
allowed=1-2
current_cpu=  1
allowed=1-2
current_cpu=  1
host=frontier01934
allowed=1-2
host=frontier04635
current_cpu=  2
allowed=1-2
current_cpu=  1
host=frontier07685
allowed=1-2
allowed=1-2
current_cpu=  1
current_cpu=  2
host=frontier00146
host=frontier08739
allowed=1-2
allowed=1-2
current_cpu=  2
current_cpu=  1
current_cpu=  2
current_cpu=  2
allowed=1-2
host=frontier05254
current_cpu=  1
allowed=1-2
current_cpu=  2
host=frontier07896
allowed=1-2
host=frontier02457
current_cpu=  2
allowed=1-2
current_cpu=  1
allowed=1-2
current_cpu=  1
host=frontier02835
allowed=1-2
host=frontier08129
current_cpu=  2
allowed=1-2
current_cpu=  2
host=frontier05776
allowed=1-2
host=frontier08883
current_cpu=  1
allowed=1-2
current_cpu=  2
host=frontier00809
allowed=1-2
host=frontier07686
current_cpu=  2
allowed=1-2
current_cpu=  2
host=frontier04115
allowed=1-2
host=frontier03355
current_cpu=  1
allowed=1-2
current_cpu=  1
host=frontier07079
allowed=1-2
host=frontier03073
current_cpu=  1
allowed=1-2
current_cpu=  1
host=frontier06437
allowed=1-2
host=frontier07907
current_cpu=  2
allowed=1-2
current_cpu=  2
allowed=1-2
current_cpu=  2
host=frontier09104
allowed=1-2
host=frontier05255
current_cpu=  1
allowed=1-2
current_cpu=  1
host=frontier06071
allowed=1-2
host=frontier01559
current_cpu=  1
allowed=1-2
current_cpu=  2
host=frontier05397
allowed=1-2
host=frontier01795
current_cpu=  2
allowed=1-2
current_cpu=  2
host=frontier05019
allowed=1-2
host=frontier05256
current_cpu=  1
allowed=1-2
current_cpu=  2
allowed=1-2
current_cpu=  1
allowed=1-2
current_cpu=  1
allowed=1-2
current_cpu=  2
host=frontier06736
allowed=1-2
host=frontier07088
current_cpu=  1
allowed=1-2
current_cpu=  1
host=frontier08742
allowed=1-2
host=frontier04116
current_cpu=  1
allowed=1-2
current_cpu=  1
host=frontier07403
allowed=1-2
host=frontier08378
current_cpu=  1
allowed=1-2
current_cpu=  2
host=frontier08131
allowed=1-2
allowed=1-2
current_cpu=  2
current_cpu=  1
host=frontier00525
host=frontier08579
allowed=1-2
allowed=1-2
current_cpu=  1
current_cpu=  2
host=frontier08743
allowed=1-2
allowed=1-2
current_cpu=  2
current_cpu=  2
host=frontier05638
allowed=1-2
allowed=1-2
current_cpu=  2
current_cpu=  1
allowed=1-2
host=frontier02838
current_cpu=  2
allowed=1-2
current_cpu=  1
host=frontier08886
allowed=1-2
allowed=1-2
current_cpu=  2
current_cpu=  2
host=frontier03737
host=frontier06089
allowed=1-2
allowed=1-2
current_cpu=  2
current_cpu=  2
host=frontier01796
host=frontier05020
allowed=1-2
allowed=1-2
current_cpu=  2
current_cpu=  2
host=frontier01418
host=frontier01052
allowed=1-2
allowed=1-2
current_cpu=  2
current_cpu=  2
allowed=1-2
host=frontier04498
current_cpu=  2
allowed=1-2
current_cpu=  2
host=frontier00527
allowed=1-2
host=frontier00296
current_cpu=  2
allowed=1-2
current_cpu=  1
host=frontier04879
allowed=1-2
host=frontier05021
current_cpu=  2
allowed=1-2
current_cpu=  1
allowed=1-2
current_cpu=  2
host=frontier08747
allowed=1-2
host=frontier07098
current_cpu=  1
allowed=1-2
current_cpu=  2
host=frontier04737
allowed=1-2
host=frontier08382
current_cpu=  1
allowed=1-2
current_cpu=  2
host=frontier03358
allowed=1-2
allowed=1-2
current_cpu=  1
current_cpu=  1
host=frontier03457
host=frontier00020
allowed=1-2
allowed=1-2
current_cpu=  1
current_cpu=  2
allowed=1-2
host=frontier01563
current_cpu=  2
allowed=1-2
current_cpu=  1
host=frontier07100
allowed=1-2
host=frontier06092
current_cpu=  1
allowed=1-2
current_cpu=  1
host=frontier03739
allowed=1-2
host=frontier08589
current_cpu=  2
allowed=1-2
current_cpu=  1
host=frontier00300
allowed=1-2
host=frontier09113
current_cpu=  2
allowed=1-2
current_cpu=  2
host=frontier08892
allowed=1-2
host=frontier08383
current_cpu=  1
allowed=1-2
current_cpu=  2
allowed=1-2
current_cpu=  1
host=frontier04358
allowed=1-2
host=frontier06794
current_cpu=  1
allowed=1-2
current_cpu=  2
host=frontier02177
allowed=1-2
host=frontier00902
current_cpu=  2
allowed=1-2
current_cpu=  1
host=frontier00021
allowed=1-2
host=frontier08137
current_cpu=  2
allowed=1-2
current_cpu=  2
host=frontier04359
allowed=1-2
host=frontier03078
current_cpu=  1
allowed=1-2
current_cpu=  1
host=frontier05023
allowed=1-2
host=frontier08894
current_cpu=  1
allowed=1-2
current_cpu=  1
host=frontier06101
allowed=1-2
host=frontier07707
current_cpu=  2
allowed=1-2
current_cpu=  1
host=frontier00536
allowed=1-2
host=frontier04739
current_cpu=  2
allowed=1-2
current_cpu=  1
allowed=1-2
current_cpu=  2
host=frontier07445
allowed=1-2
host=frontier04120
current_cpu=  2
allowed=1-2
current_cpu=  1
host=frontier00537
allowed=1-2
host=frontier07947
current_cpu=  1
allowed=1-2
current_cpu=  1
allowed=1-2
current_cpu=  2
allowed=1-2
current_cpu=  1
host=frontier06803
allowed=1-2
host=frontier02699
current_cpu=  1
allowed=1-2
current_cpu=  2
host=frontier04121
allowed=1-2
host=frontier00304
current_cpu=  2
allowed=1-2
current_cpu=  2
host=frontier08962
allowed=1-2
allowed=1-2
current_cpu=  2
current_cpu=  1
allowed=1-2
host=frontier07454
current_cpu=  1
allowed=1-2
current_cpu=  2
host=frontier08757
allowed=1-2
host=frontier05642
current_cpu=  2
allowed=1-2
current_cpu=  2
host=frontier08138
allowed=1-2
host=frontier00160
current_cpu=  1
allowed=1-2
current_cpu=  1
host=frontier04361
allowed=1-2
host=frontier02179
current_cpu=  1
allowed=1-2
current_cpu=  2
allowed=1-2
current_cpu=  2
host=frontier07709
allowed=1-2
host=frontier06468
current_cpu=  1
allowed=1-2
current_cpu=  1
host=frontier05403
allowed=1-2
host=frontier07950
current_cpu=  1
allowed=1-2
current_cpu=  1
host=frontier02321
allowed=1-2
host=frontier07455
current_cpu=  1
allowed=1-2
current_cpu=  2
host=frontier08595
allowed=1-2
host=frontier01944
current_cpu=  2
allowed=1-2
current_cpu=  1
host=frontier09272
allowed=1-2
allowed=1-2
current_cpu=  2
current_cpu=  2
host=frontier04883
host=frontier03603
allowed=1-2
allowed=1-2
current_cpu=  1
current_cpu=  1
host=frontier01060
host=frontier05263
allowed=1-2
allowed=1-2
current_cpu=  2
current_cpu=  1
host=frontier08766
host=frontier10128
allowed=1-2
allowed=1-2
current_cpu=  1
current_cpu=  2
allowed=1-2
host=frontier07119
current_cpu=  2
allowed=1-2
current_cpu=  2
host=frontier08967
allowed=1-2
allowed=1-2
current_cpu=  2
current_cpu=  1
host=frontier00032
host=frontier00905
allowed=1-2
allowed=1-2
current_cpu=  2
current_cpu=  1
host=frontier04503
host=frontier00389
allowed=1-2
allowed=1-2
current_cpu=  1
current_cpu=  2
host=frontier02322
host=frontier03224
allowed=1-2
allowed=1-2
current_cpu=  2
current_cpu=  1
host=frontier02181
host=frontier03842
allowed=1-2
allowed=1-2
current_cpu=  1
current_cpu=  1
host=frontier01061
host=frontier01428
allowed=1-2
allowed=1-2
current_cpu=  1
current_cpu=  2
allowed=1-2
host=frontier04504
current_cpu=  1
allowed=1-2
current_cpu=  1
host=frontier05264
allowed=1-2
host=frontier08599
current_cpu=  1
allowed=1-2
current_cpu=  1
allowed=1-2
current_cpu=  1
host=frontier02845
allowed=1-2
host=frontier07959
current_cpu=  1
allowed=1-2
current_cpu=  2
host=frontier03225
allowed=1-2
host=frontier02702
current_cpu=  2
allowed=1-2
current_cpu=  2
allowed=1-2
current_cpu=  2
host=frontier08768
allowed=1-2
host=frontier04125
current_cpu=  2
allowed=1-2
current_cpu=  1
host=frontier08600
allowed=1-2
host=frontier06820
current_cpu=  2
allowed=1-2
current_cpu=  2
host=frontier06173
allowed=1-2
host=frontier01430
current_cpu=  1
allowed=1-2
current_cpu=  1
host=frontier02183
allowed=1-2
host=frontier05786
current_cpu=  2
allowed=1-2
current_cpu=  1
host=frontier03843
allowed=1-2
host=frontier00908
current_cpu=  1
allowed=1-2
current_cpu=  1
host=frontier04744
allowed=1-2
host=frontier05646
current_cpu=  1
allowed=1-2
current_cpu=  2
host=frontier02562
allowed=1-2
host=frontier09125
current_cpu=  2
allowed=1-2
current_cpu=  2
host=frontier10133
allowed=1-2
host=frontier00677
current_cpu=  1
allowed=1-2
current_cpu=  1
host=frontier08168
allowed=1-2
host=frontier06824
current_cpu=  2
allowed=1-2
current_cpu=  2
host=frontier03227
allowed=1-2
host=frontier04745
current_cpu=  1
allowed=1-2
current_cpu=  1
host=frontier08601
allowed=1-2
allowed=1-2
current_cpu=  1
current_cpu=  2
host=frontier07961
host=frontier07487
allowed=1-2
allowed=1-2
current_cpu=  2
current_cpu=  1
host=frontier01806
host=frontier07728
allowed=1-2
allowed=1-2
current_cpu=  1
current_cpu=  2
host=frontier03464
host=frontier02325
allowed=1-2
allowed=1-2
current_cpu=  2
current_cpu=  2
host=frontier07177
host=frontier01283
allowed=1-2
allowed=1-2
current_cpu=  2
current_cpu=  1
allowed=1-2
allowed=1-2
current_cpu=  2
current_cpu=  1
host=frontier02564
host=frontier08972
allowed=1-2
allowed=1-2
current_cpu=  1
current_cpu=  1
host=frontier04507
host=frontier05788
allowed=1-2
allowed=1-2
current_cpu=  2
current_cpu=  2
host=frontier06825
host=frontier00394
allowed=1-2
allowed=1-2
current_cpu=  2
current_cpu=  1
allowed=1-2
host=frontier04746
current_cpu=  2
allowed=1-2
current_cpu=  1
host=frontier09347
allowed=1-2
host=frontier08777
current_cpu=  1
allowed=1-2
current_cpu=  2
host=frontier05648
allowed=1-2
host=frontier05506
current_cpu=  2
allowed=1-2
current_cpu=  2
host=frontier03085
allowed=1-2
host=frontier00167
current_cpu=  1
allowed=1-2
current_cpu=  1
host=frontier04367
allowed=1-2
host=frontier08973
current_cpu=  2
allowed=1-2
current_cpu=  2
host=frontier01952
allowed=1-2
host=frontier03608
current_cpu=  1
allowed=1-2
current_cpu=  1
host=frontier04226
allowed=1-2
host=frontier07970
current_cpu=  1
allowed=1-2
current_cpu=  2
host=frontier01286
allowed=1-2
allowed=1-2
current_cpu=  2
current_cpu=  1
allowed=1-2
host=frontier08609
current_cpu=  1
allowed=1-2
current_cpu=  2
host=frontier06542
allowed=1-2
allowed=1-2
current_cpu=  1
current_cpu=  1
host=frontier07182
host=frontier09129
allowed=1-2
allowed=1-2
current_cpu=  2
current_cpu=  2
host=frontier06836
host=frontier03467
allowed=1-2
allowed=1-2
current_cpu=  2
current_cpu=  2
allowed=1-2
host=frontier02946
current_cpu=  1
allowed=1-2
current_cpu=  1
host=frontier07184
allowed=1-2
host=frontier08210
current_cpu=  1
allowed=1-2
current_cpu=  1
host=frontier08780
allowed=1-2
host=frontier00042
current_cpu=  1
allowed=1-2
current_cpu=  2
host=frontier06194
allowed=1-2
host=frontier08420
current_cpu=  1
allowed=1-2
current_cpu=  1
host=frontier04748
allowed=1-2
host=frontier03087
current_cpu=  2
allowed=1-2
current_cpu=  2
host=frontier04368
allowed=1-2
host=frontier08610
current_cpu=  2
allowed=1-2
current_cpu=  2
host=frontier01953
allowed=1-2
host=frontier00398
current_cpu=  2
allowed=1-2
current_cpu=  2
host=frontier02947
allowed=1-2
host=frontier00399
current_cpu=  1
allowed=1-2
current_cpu=  1
host=frontier06846
allowed=1-2
host=frontier08214
current_cpu=  1
allowed=1-2
current_cpu=  1
host=frontier07742
allowed=1-2
host=frontier05651
current_cpu=  2
allowed=1-2
current_cpu=  1
host=frontier10142
allowed=1-2
host=frontier02708
current_cpu=  1
allowed=1-2
current_cpu=  1
host=frontier07518
allowed=1-2
host=frontier05891
current_cpu=  1
allowed=1-2
current_cpu=  2
host=frontier07980
allowed=1-2
host=frontier01071
current_cpu=  2
allowed=1-2
current_cpu=  1
allowed=1-2
current_cpu=  1
allowed=1-2
current_cpu=  1
host=frontier04228
allowed=1-2
allowed=1-2
current_cpu=  1
current_cpu=  1
host=frontier08222
host=frontier01439
allowed=1-2
allowed=1-2
current_cpu=  1
current_cpu=  1
host=frontier02330
host=frontier07991
allowed=1-2
allowed=1-2
current_cpu=  1
current_cpu=  2
host=frontier00400
host=frontier09355
allowed=1-2
allowed=1-2
current_cpu=  1
current_cpu=  1
host=frontier03990
allowed=1-2
allowed=1-2
current_cpu=  1
current_cpu=  2
host=frontier03232
allowed=1-2
host=frontier07748
current_cpu=  2
allowed=1-2
current_cpu=  2
host=frontier06554
allowed=1-2
host=frontier08977
current_cpu=  2
allowed=1-2
current_cpu=  1
host=frontier10143
allowed=1-2
host=frontier09135
current_cpu=  2
allowed=1-2
current_cpu=  1
host=frontier07749
allowed=1-2
allowed=1-2
current_cpu=  1
current_cpu=  2
host=frontier03612
host=frontier00774
allowed=1-2
allowed=1-2
current_cpu=  2
current_cpu=  1
host=frontier06857
allowed=1-2
allowed=1-2
current_cpu=  2
current_cpu=  1
host=frontier06563
allowed=1-2
host=frontier03090
current_cpu=  1
allowed=1-2
current_cpu=  1
allowed=1-2
current_cpu=  2
host=frontier05272
allowed=1-2
host=frontier04610
current_cpu=  1
allowed=1-2
current_cpu=  1
allowed=1-2
current_cpu=  2
allowed=1-2
current_cpu=  2
host=frontier01292
allowed=1-2
host=frontier03470
current_cpu=  2
allowed=1-2
current_cpu=  2
host=frontier08231
allowed=1-2
allowed=1-2
current_cpu=  2
current_cpu=  2
host=frontier05512
host=frontier02711
allowed=1-2
allowed=1-2
current_cpu=  2
current_cpu=  1
host=frontier01293
allowed=1-2
allowed=1-2
current_cpu=  2
current_cpu=  2
host=frontier06866
allowed=1-2
host=frontier00776
current_cpu=  2
allowed=1-2
current_cpu=  1
allowed=1-2
current_cpu=  2
host=frontier09357
allowed=1-2
host=frontier02049
current_cpu=  2
allowed=1-2
current_cpu=  1
host=frontier07223
allowed=1-2
host=frontier07760
current_cpu=  2
allowed=1-2
current_cpu=  1
host=frontier05901
allowed=1-2
host=frontier00922
current_cpu=  2
allowed=1-2
current_cpu=  2
host=frontier01294
allowed=1-2
host=frontier00923
current_cpu=  2
allowed=1-2
current_cpu=  2
host=frontier00065
allowed=1-2
host=frontier08003
current_cpu=  1
allowed=1-2
current_cpu=  2
allowed=1-2
current_cpu=  1
host=frontier06572
allowed=1-2
host=frontier08232
current_cpu=  1
allowed=1-2
current_cpu=  2
allowed=1-2
current_cpu=  1
host=frontier10154
allowed=1-2
host=frontier07224
current_cpu=  1
allowed=1-2
current_cpu=  1
host=frontier05655
allowed=1-2
host=frontier01817
current_cpu=  2
allowed=1-2
current_cpu=  2
host=frontier04373
allowed=1-2
host=frontier02951
current_cpu=  2
allowed=1-2
current_cpu=  1
host=frontier04753
allowed=1-2
host=frontier01818
current_cpu=  2
allowed=1-2
current_cpu=  2
allowed=1-2
current_cpu=  2
allowed=1-2
current_cpu=  2
allowed=1-2
current_cpu=  1
host=frontier04374
allowed=1-2
host=frontier05275
current_cpu=  2
allowed=1-2
current_cpu=  2
host=frontier08012
allowed=1-2
host=frontier00068
current_cpu=  2
allowed=1-2
current_cpu=  2
host=frontier04754
allowed=1-2
host=frontier05514
current_cpu=  2
allowed=1-2
current_cpu=  2
host=frontier03853
allowed=1-2
host=frontier07226
current_cpu=  2
allowed=1-2
current_cpu=  1
host=frontier06920
allowed=1-2
host=frontier07769
current_cpu=  2
allowed=1-2
current_cpu=  2
host=frontier00924
allowed=1-2
host=frontier02573
current_cpu=  2
allowed=1-2
current_cpu=  1
host=frontier07580
allowed=1-2
host=frontier07770
current_cpu=  1
allowed=1-2
current_cpu=  2
allowed=1-2
current_cpu=  1
host=frontier02954
allowed=1-2
host=frontier01674
current_cpu=  1
allowed=1-2
current_cpu=  1
host=frontier08457
allowed=1-2
host=frontier00928
current_cpu=  2
allowed=1-2
current_cpu=  1
host=frontier06584
allowed=1-2
allowed=1-2
current_cpu=  2
current_cpu=  1
host=frontier03097
allowed=1-2
allowed=1-2
current_cpu=  2
current_cpu=  2
allowed=1-2
current_cpu=  1
host=frontier03855
allowed=1-2
allowed=1-2
current_cpu=  2
current_cpu=  2
allowed=1-2
host=frontier05516
current_cpu=  2
allowed=1-2
current_cpu=  1
host=frontier08630
allowed=1-2
allowed=1-2
current_cpu=  2
current_cpu=  2
host=frontier02716
allowed=1-2
allowed=1-2
current_cpu=  1
current_cpu=  2
host=frontier01157
allowed=1-2
allowed=1-2
current_cpu=  2
current_cpu=  1
host=frontier02196
host=frontier00410
allowed=1-2
allowed=1-2
current_cpu=  2
current_cpu=  1
host=frontier08253
host=frontier01675
allowed=1-2
allowed=1-2
current_cpu=  2
current_cpu=  1
host=frontier05922
host=frontier08841
allowed=1-2
allowed=1-2
current_cpu=  2
current_cpu=  2
allowed=1-2
host=frontier07784
current_cpu=  1
allowed=1-2
current_cpu=  1
host=frontier03098
allowed=1-2
host=frontier07245
current_cpu=  2
allowed=1-2
current_cpu=  1
host=frontier04997
allowed=1-2
host=frontier10159
current_cpu=  1
allowed=1-2
current_cpu=  2
host=frontier00560
allowed=1-2
host=frontier08463
current_cpu=  2
allowed=1-2
current_cpu=  2
allowed=1-2
current_cpu=  1
host=frontier05138
allowed=1-2
allowed=1-2
current_cpu=  1
current_cpu=  1
host=frontier03099
allowed=1-2
allowed=1-2
current_cpu=  2
current_cpu=  2
host=frontier04758
allowed=1-2
host=frontier00782
current_cpu=  2
allowed=1-2
current_cpu=  2
host=frontier01301
allowed=1-2
host=frontier01677
current_cpu=  1
allowed=1-2
current_cpu=  1
host=frontier07256
allowed=1-2
host=frontier08638
current_cpu=  1
allowed=1-2
current_cpu=  2
allowed=1-2
current_cpu=  1
allowed=1-2
current_cpu=  2
host=frontier02438
allowed=1-2
host=frontier06950
current_cpu=  2
allowed=1-2
current_cpu=  2
host=frontier03100
allowed=1-2
host=frontier00413
current_cpu=  2
allowed=1-2
current_cpu=  1
host=frontier04379
allowed=1-2
host=frontier07265
current_cpu=  2
allowed=1-2
current_cpu=  2
host=frontier04759
allowed=1-2
host=frontier04097
current_cpu=  1
allowed=1-2
current_cpu=  2
host=frontier07811
allowed=1-2
host=frontier08642
current_cpu=  1
allowed=1-2
current_cpu=  1
host=frontier02056
allowed=1-2
host=frontier08273
current_cpu=  2
allowed=1-2
current_cpu=  1
host=frontier04998
allowed=1-2
host=frontier09221
current_cpu=  2
allowed=1-2
current_cpu=  1
host=frontier03859
allowed=1-2
host=frontier01680
current_cpu=  1
allowed=1-2
current_cpu=  2
host=frontier05936
allowed=1-2
host=frontier04380
current_cpu=  1
allowed=1-2
current_cpu=  2
host=frontier00414
allowed=1-2
host=frontier07601
current_cpu=  2
allowed=1-2
current_cpu=  1
host=frontier05662
allowed=1-2
host=frontier02199
current_cpu=  2
allowed=1-2
current_cpu=  1
host=frontier08033
allowed=1-2
allowed=1-2
current_cpu=  2
current_cpu=  2
host=frontier08274
host=frontier08483
allowed=1-2
allowed=1-2
current_cpu=  1
current_cpu=  1
host=frontier08651
host=frontier03338
allowed=1-2
allowed=1-2
current_cpu=  1
current_cpu=  2
host=frontier05521
host=frontier01306
allowed=1-2
allowed=1-2
current_cpu=  2
current_cpu=  2
host=frontier03339
host=frontier02959
allowed=1-2
allowed=1-2
current_cpu=  2
current_cpu=  1
host=frontier04761
host=frontier05942
allowed=1-2
allowed=1-2
current_cpu=  1
current_cpu=  2
host=frontier08276
host=frontier07298
allowed=1-2
allowed=1-2
current_cpu=  1
current_cpu=  2
host=frontier01162
allowed=1-2
allowed=1-2
current_cpu=  2
current_cpu=  1
host=frontier08484
allowed=1-2
host=frontier02440
current_cpu=  1
allowed=1-2
current_cpu=  2
host=frontier06300
allowed=1-2
allowed=1-2
current_cpu=  2
current_cpu=  1
host=frontier00788
host=frontier05522
allowed=1-2
allowed=1-2
current_cpu=  2
current_cpu=  2
host=frontier05001
host=frontier09376
allowed=1-2
allowed=1-2
current_cpu=  2
current_cpu=  1
host=frontier07613
allowed=1-2
allowed=1-2
current_cpu=  1
current_cpu=  2
allowed=1-2
current_cpu=  2
host=frontier03340
allowed=1-2
host=frontier05943
current_cpu=  2
allowed=1-2
current_cpu=  2
host=frontier07819
allowed=1-2
host=frontier01307
current_cpu=  2
allowed=1-2
current_cpu=  1
host=frontier09230
allowed=1-2
host=frontier06311
current_cpu=  1
allowed=1-2
current_cpu=  2
host=frontier08852
allowed=1-2
host=frontier02441
current_cpu=  2
allowed=1-2
current_cpu=  2
host=frontier08655
allowed=1-2
host=frontier03482
current_cpu=  2
allowed=1-2
current_cpu=  1
allowed=1-2
current_cpu=  2
host=frontier08285
allowed=1-2
host=frontier09377
current_cpu=  2
allowed=1-2
current_cpu=  1
host=frontier02820
allowed=1-2
host=frontier06659
current_cpu=  2
allowed=1-2
current_cpu=  2
host=frontier08504
allowed=1-2
host=frontier04481
current_cpu=  1
allowed=1-2
current_cpu=  2
host=frontier09231
allowed=1-2
host=frontier01684
current_cpu=  1
allowed=1-2
current_cpu=  1
allowed=1-2
current_cpu=  1
host=frontier04242
allowed=1-2
host=frontier02961
current_cpu=  2
allowed=1-2
current_cpu=  2
allowed=1-2
current_cpu=  2
host=frontier06971
allowed=1-2
host=frontier03201
current_cpu=  1
allowed=1-2
current_cpu=  2
allowed=1-2
current_cpu=  1
host=frontier05964
allowed=1-2
host=frontier00791
current_cpu=  1
allowed=1-2
current_cpu=  1
host=frontier03342
allowed=1-2
allowed=1-2
current_cpu=  1
current_cpu=  2
host=frontier00272
host=frontier05763
allowed=1-2
allowed=1-2
current_cpu=  2
current_cpu=  2
host=frontier08505
host=frontier09233
allowed=1-2
allowed=1-2
current_cpu=  2
current_cpu=  1
host=frontier07308
allowed=1-2
allowed=1-2
current_cpu=  2
current_cpu=  1
allowed=1-2
current_cpu=  1
host=frontier06321
allowed=1-2
allowed=1-2
current_cpu=  2
current_cpu=  1
allowed=1-2
host=frontier08071
current_cpu=  2
allowed=1-2
current_cpu=  2
allowed=1-2
current_cpu=  2
host=frontier07319
allowed=1-2
allowed=1-2
current_cpu=  2
current_cpu=  2
host=frontier08508
host=frontier08287
allowed=1-2
allowed=1-2
current_cpu=  1
current_cpu=  2
allowed=1-2
host=frontier08672
current_cpu=  2
allowed=1-2
current_cpu=  2
host=frontier07833
allowed=1-2
host=frontier04624
current_cpu=  2
allowed=1-2
current_cpu=  1
host=frontier06974
allowed=1-2
host=frontier00273
current_cpu=  2
allowed=1-2
current_cpu=  2
host=frontier06332
allowed=1-2
host=frontier00419
current_cpu=  1
allowed=1-2
current_cpu=  1
host=frontier05385
allowed=1-2
allowed=1-2
current_cpu=  2
current_cpu=  2
host=frontier08075
host=frontier06020
allowed=1-2
allowed=1-2
current_cpu=  2
current_cpu=  1
host=frontier02584
host=frontier03865
allowed=1-2
allowed=1-2
current_cpu=  1
current_cpu=  1
host=frontier06341
host=frontier03485
allowed=1-2
allowed=1-2
current_cpu=  1
current_cpu=  1
host=frontier00420
host=frontier07623
allowed=1-2
allowed=1-2
current_cpu=  1
current_cpu=  2
host=frontier06677
allowed=1-2
allowed=1-2
current_cpu=  1
current_cpu=  2
host=frontier07844
allowed=1-2
allowed=1-2
current_cpu=  2
current_cpu=  2
host=frontier03203
host=frontier04626
allowed=1-2
allowed=1-2
current_cpu=  2
current_cpu=  1
host=frontier00421
host=frontier08514
allowed=1-2
allowed=1-2
current_cpu=  1
current_cpu=  2
allowed=1-2
host=frontier07329
current_cpu=  1
allowed=1-2
current_cpu=  1
host=frontier04865
allowed=1-2
host=frontier03866
current_cpu=  2
allowed=1-2
current_cpu=  1
allowed=1-2
current_cpu=  2
host=frontier03486
allowed=1-2
host=frontier08715
current_cpu=  2
allowed=1-2
current_cpu=  2
host=frontier09240
allowed=1-2
host=frontier06992
current_cpu=  1
allowed=1-2
current_cpu=  2
allowed=1-2
current_cpu=  2
host=frontier08295
allowed=1-2
host=frontier09000
current_cpu=  2
allowed=1-2
current_cpu=  2
host=frontier06680
allowed=1-2
allowed=1-2
current_cpu=  1
current_cpu=  2
host=frontier07334
host=frontier07853
allowed=1-2
allowed=1-2
current_cpu=  1
current_cpu=  1
allowed=1-2
host=frontier09242
current_cpu=  2
allowed=1-2
current_cpu=  2
host=frontier09386
allowed=1-2
allowed=1-2
current_cpu=  1
current_cpu=  1
host=frontier01924
host=frontier04106
allowed=1-2
allowed=1-2
current_cpu=  1
current_cpu=  2
host=frontier05009
host=frontier02966
allowed=1-2
allowed=1-2
current_cpu=  2
current_cpu=  1
host=frontier02447
host=frontier05387
allowed=1-2
allowed=1-2
current_cpu=  2
current_cpu=  1
host=frontier00422
host=frontier02448
allowed=1-2
allowed=1-2
current_cpu=  2
current_cpu=  1
host=frontier00651
allowed=1-2
allowed=1-2
current_cpu=  1
current_cpu=  2
allowed=1-2
current_cpu=  1
host=frontier07004
allowed=1-2
host=frontier06689
current_cpu=  2
allowed=1-2
current_cpu=  2
host=frontier04487
allowed=1-2
host=frontier02967
current_cpu=  2
allowed=1-2
current_cpu=  1
host=frontier04107
allowed=1-2
host=frontier01692
current_cpu=  1
allowed=1-2
current_cpu=  2
allowed=1-2
current_cpu=  2
host=frontier03868
allowed=1-2
host=frontier05010
current_cpu=  1
allowed=1-2
current_cpu=  2
allowed=1-2
current_cpu=  1
allowed=1-2
current_cpu=  1
host=frontier07643
allowed=1-2
host=frontier05150
current_cpu=  1
allowed=1-2
current_cpu=  1
host=frontier09389
allowed=1-2
host=frontier05769
current_cpu=  1
allowed=1-2
current_cpu=  1
host=frontier06363
allowed=1-2
host=frontier02449
current_cpu=  1
allowed=1-2
current_cpu=  2
host=frontier05389
allowed=1-2
host=frontier02068
current_cpu=  2
allowed=1-2
current_cpu=  2
host=frontier05530
allowed=1-2
host=frontier08873
current_cpu=  2
allowed=1-2
current_cpu=  2
host=frontier00426
allowed=1-2
host=frontier03728
current_cpu=  1
allowed=1-2
current_cpu=  1
host=frontier00137
allowed=1-2
host=frontier07046
current_cpu=  2
allowed=1-2
current_cpu=  2
host=frontier00653
allowed=1-2
host=frontier00138
current_cpu=  2
allowed=1-2
current_cpu=  1
host=frontier01552
allowed=1-2
allowed=1-2
current_cpu=  1
current_cpu=  2
host=frontier06698
host=frontier00430
allowed=1-2
allowed=1-2
current_cpu=  1
current_cpu=  2
host=frontier03870
host=frontier08525
allowed=1-2
allowed=1-2
current_cpu=  2
current_cpu=  1
allowed=1-2
host=frontier07644
current_cpu=  2
allowed=1-2
current_cpu=  1
allowed=1-2
current_cpu=  2
allowed=1-2
current_cpu=  2
host=frontier01175
allowed=1-2
host=frontier01694
current_cpu=  1
allowed=1-2
current_cpu=  2
allowed=1-2
current_cpu=  2
host=frontier07055
allowed=1-2
allowed=1-2
current_cpu=  2
current_cpu=  2
host=frontier01553
host=frontier00657
allowed=1-2
allowed=1-2
current_cpu=  1
current_cpu=  1
allowed=1-2
host=frontier06405
current_cpu=  2
allowed=1-2
current_cpu=  1
host=frontier08106
allowed=1-2
host=frontier05250
current_cpu=  1
allowed=1-2
current_cpu=  2
host=frontier03969
allowed=1-2
host=frontier09095
current_cpu=  2
allowed=1-2
current_cpu=  2
host=frontier09398
allowed=1-2
host=frontier06699
current_cpu=  1
allowed=1-2
current_cpu=  1
host=frontier04631
allowed=1-2
host=frontier08526
current_cpu=  2
allowed=1-2
current_cpu=  1
host=frontier02829
allowed=1-2
host=frontier03350
current_cpu=  2
allowed=1-2
current_cpu=  2
allowed=1-2
current_cpu=  2
host=frontier01931
allowed=1-2
host=frontier08112
current_cpu=  2
allowed=1-2
current_cpu=  1
host=frontier00659
allowed=1-2
host=frontier01554
current_cpu=  2
allowed=1-2
current_cpu=  2
host=frontier07874
allowed=1-2
host=frontier06059
current_cpu=  1
allowed=1-2
current_cpu=  2
host=frontier08735
allowed=1-2
allowed=1-2
current_cpu=  1
current_cpu=  2
host=frontier02971
host=frontier07370
allowed=1-2
allowed=1-2
current_cpu=  2
current_cpu=  2
host=frontier04491
host=frontier00515
allowed=1-2
allowed=1-2
current_cpu=  1
current_cpu=  2
host=frontier06710
host=frontier08876
allowed=1-2
allowed=1-2
current_cpu=  1
current_cpu=  2
host=frontier08117
host=frontier05252
allowed=1-2
allowed=1-2
current_cpu=  1
current_cpu=  2
host=frontier09251
allowed=1-2
allowed=1-2
current_cpu=  1
current_cpu=  1
host=frontier06719
allowed=1-2
host=frontier02455
current_cpu=  2
allowed=1-2
current_cpu=  1
allowed=1-2
current_cpu=  2
host=frontier01041
allowed=1-2
host=frontier07664
current_cpu=  2
allowed=1-2
current_cpu=  1
allowed=1-2
current_cpu=  2
allowed=1-2
current_cpu=  1
allowed=1-2
current_cpu=  2
host=frontier08877
allowed=1-2
host=frontier07875
current_cpu=  1
allowed=1-2
current_cpu=  2
host=frontier02690
allowed=1-2
allowed=1-2
current_cpu=  2
current_cpu=  1
host=frontier03212
host=frontier00518
allowed=1-2
allowed=1-2
current_cpu=  1
current_cpu=  2
host=frontier00662
host=frontier04113
allowed=1-2
allowed=1-2
current_cpu=  2
current_cpu=  2
host=frontier07895
host=frontier02973
allowed=1-2
allowed=1-2
current_cpu=  2
current_cpu=  2
host=frontier07665
allowed=1-2
allowed=1-2
current_cpu=  1
current_cpu=  2
host=frontier10115
allowed=1-2
host=frontier06425
current_cpu=  2
allowed=1-2
current_cpu=  2
host=frontier05774
allowed=1-2
host=frontier08737
current_cpu=  1
allowed=1-2
current_cpu=  1
host=frontier07382
allowed=1-2
host=frontier04634
current_cpu=  1
allowed=1-2
current_cpu=  2
allowed=1-2
current_cpu=  2
host=frontier03593
allowed=1-2
host=frontier00808
current_cpu=  2
allowed=1-2
current_cpu=  2
host=frontier07077
allowed=1-2
host=frontier08882
current_cpu=  2
allowed=1-2
current_cpu=  1
allowed=1-2
current_cpu=  1
host=frontier05775
allowed=1-2
allowed=1-2
current_cpu=  1
current_cpu=  2
host=frontier08358
allowed=1-2
allowed=1-2
current_cpu=  1
current_cpu=  2
host=frontier08558
allowed=1-2
host=frontier08127
current_cpu=  2
allowed=1-2
current_cpu=  1
host=frontier03215
allowed=1-2
host=frontier10116
current_cpu=  1
allowed=1-2
current_cpu=  2
host=frontier04494
allowed=1-2
host=frontier05018
current_cpu=  2
allowed=1-2
current_cpu=  2
host=frontier07392
allowed=1-2
host=frontier05396
current_cpu=  2
allowed=1-2
current_cpu=  2
host=frontier01183
allowed=1-2
host=frontier04496
current_cpu=  1
allowed=1-2
current_cpu=  2
host=frontier00665
allowed=1-2
host=frontier02078
current_cpu=  2
allowed=1-2
current_cpu=  1
host=frontier01050
allowed=1-2
host=frontier08379
current_cpu=  2
allowed=1-2
current_cpu=  1
host=frontier05639
allowed=1-2
host=frontier02079
current_cpu=  2
allowed=1-2
current_cpu=  2
host=frontier01797
allowed=1-2
host=frontier00531
current_cpu=  1
allowed=1-2
current_cpu=  1
host=frontier03077
allowed=1-2
host=frontier09261
current_cpu=  2
allowed=1-2
current_cpu=  2
host=frontier08756
allowed=1-2
host=frontier10124
current_cpu=  1
allowed=1-2
current_cpu=  2
host=frontier07109
allowed=1-2
host=frontier00159
current_cpu=  1
allowed=1-2
current_cpu=  1
host=frontier03222
allowed=1-2
host=frontier00903
current_cpu=  1
allowed=1-2
current_cpu=  1
host=frontier08966
allowed=1-2
host=frontier06804
current_cpu=  1
allowed=1-2
current_cpu=  1
host=frontier07118
allowed=1-2
host=frontier08393
current_cpu=  1
allowed=1-2
current_cpu=  1
host=frontier01945
allowed=1-2
host=frontier06164
current_cpu=  2
allowed=1-2
current_cpu=  2
host=frontier03462
allowed=1-2
host=frontier08150
current_cpu=  2
allowed=1-2
current_cpu=  2
host=frontier04124
allowed=1-2
host=frontier07172
current_cpu=  2
allowed=1-2
current_cpu=  2
host=frontier05124
allowed=1-2
host=frontier07476
current_cpu=  2
allowed=1-2
current_cpu=  2
host=frontier10134
allowed=1-2
host=frontier06174
current_cpu=  2
allowed=1-2
current_cpu=  1
host=frontier03606
allowed=1-2
host=frontier07181
current_cpu=  1
allowed=1-2
current_cpu=  1
host=frontier02705
allowed=1-2
host=frontier03607
current_cpu=  2
allowed=1-2
current_cpu=  1
host=frontier05649
allowed=1-2
host=frontier08778
current_cpu=  1
allowed=1-2
current_cpu=  2
host=frontier06185
allowed=1-2
host=frontier06845
current_cpu=  1
allowed=1-2
current_cpu=  2
host=frontier09130
allowed=1-2
host=frontier03230
current_cpu=  1
allowed=1-2
current_cpu=  1
host=frontier08976
allowed=1-2
host=frontier03989
current_cpu=  1
allowed=1-2
current_cpu=  2
host=frontier09134
allowed=1-2
host=frontier05271
current_cpu=  2
allowed=1-2
current_cpu=  1
host=frontier00057
allowed=1-2
host=frontier04750
current_cpu=  1
allowed=1-2
current_cpu=  1
host=frontier09356
allowed=1-2
host=frontier09137
current_cpu=  2
allowed=1-2
current_cpu=  2
host=frontier08978
allowed=1-2
host=frontier06568
current_cpu=  1
allowed=1-2
current_cpu=  2
host=frontier00552
allowed=1-2
host=frontier05273
current_cpu=  1
allowed=1-2
current_cpu=  1
host=frontier09146
allowed=1-2
host=frontier06867
current_cpu=  2
allowed=1-2
current_cpu=  1
host=frontier02333
allowed=1-2
host=frontier08453
current_cpu=  2
allowed=1-2
current_cpu=  1
host=frontier06236
allowed=1-2
host=frontier01671
current_cpu=  1
allowed=1-2
current_cpu=  2
host=frontier08840
allowed=1-2
host=frontier07581
current_cpu=  1
allowed=1-2
current_cpu=  2
host=frontier07781
allowed=1-2
host=frontier07592
current_cpu=  1
allowed=1-2
current_cpu=  1
host=frontier04757
allowed=1-2
host=frontier03476
current_cpu=  1
allowed=1-2
current_cpu=  2
host=frontier06290
allowed=1-2
host=frontier05377
current_cpu=  2
allowed=1-2
current_cpu=  2
host=frontier08264
allowed=1-2
host=frontier01449
current_cpu=  1
allowed=1-2
current_cpu=  1
host=frontier05933
allowed=1-2
host=frontier09219
current_cpu=  1
allowed=1-2
current_cpu=  1
host=frontier04619
allowed=1-2
host=frontier06951
current_cpu=  1
allowed=1-2
current_cpu=  2
host=frontier03479
allowed=1-2
host=frontier06962
current_cpu=  1
allowed=1-2
current_cpu=  1
host=frontier01682
allowed=1-2
host=frontier08040
current_cpu=  1
allowed=1-2
current_cpu=  1
host=frontier03103
allowed=1-2
host=frontier07307
current_cpu=  2
allowed=1-2
current_cpu=  1
host=frontier03341
allowed=1-2
host=frontier00084
current_cpu=  2
allowed=1-2
current_cpu=  1
host=frontier07832
allowed=1-2
host=frontier07622
current_cpu=  1
allowed=1-2
current_cpu=  1
host=frontier00792
allowed=1-2
host=frontier04766
current_cpu=  2
allowed=1-2
current_cpu=  2
host=frontier02063
allowed=1-2
host=frontier05386
current_cpu=  2
allowed=1-2
current_cpu=  2
host=frontier08862
allowed=1-2
host=frontier02825
current_cpu=  1
allowed=1-2
current_cpu=  1
host=frontier08864
allowed=1-2
host=frontier05149
current_cpu=  1
allowed=1-2
current_cpu=  2
host=frontier09008
allowed=1-2
host=frontier03869
current_cpu=  2
allowed=1-2
current_cpu=  1
host=frontier08721
allowed=1-2
host=frontier03729
current_cpu=  1
allowed=1-2
current_cpu=  2
host=frontier08726
allowed=1-2
host=frontier07056
current_cpu=  1
allowed=1-2
current_cpu=  2
host=frontier04871
allowed=1-2
host=frontier05772
current_cpu=  2
allowed=1-2
current_cpu=  1
host=frontier03351
allowed=1-2
host=frontier08736
current_cpu=  2
allowed=1-2
current_cpu=  1
host=frontier04253
allowed=1-2
host=frontier06068
current_cpu=  2
allowed=1-2
current_cpu=  1
host=frontier03353
allowed=1-2
host=frontier01557
current_cpu=  1
allowed=1-2
current_cpu=  2
host=frontier01181
allowed=1-2
current_cpu=  1
+ echo 'Launching Copper Gracefully On All Nodes : End'
Launching Copper Gracefully On All Nodes : End
+ conda activate /mnt/bb/wcastil/copper_mount/lustre/orion/stf243/world-shared/hagertnl/CUG26/benchmark_builds/python-pytorch/conda_env
+ local cmd=activate
+ case "$cmd" in
+ __conda_activate activate /mnt/bb/wcastil/copper_mount/lustre/orion/stf243/world-shared/hagertnl/CUG26/benchmark_builds/python-pytorch/conda_env
+ '[' -n '' ']'
+ local ask_conda
++ PS1='(base) '
++ __conda_exe shell.posix activate /mnt/bb/wcastil/copper_mount/lustre/orion/stf243/world-shared/hagertnl/CUG26/benchmark_builds/python-pytorch/conda_env
++ /autofs/nccs-svm1_sw/frontier/miniforge3/23.11.0-0/bin/conda shell.posix activate /mnt/bb/wcastil/copper_mount/lustre/orion/stf243/world-shared/hagertnl/CUG26/benchmark_builds/python-pytorch/conda_env
+ ask_conda='. "/autofs/nccs-svm1_sw/frontier/miniforge3/23.11.0-0/etc/conda/deactivate.d/libxml2_deactivate.sh"
. "/autofs/nccs-svm1_sw/frontier/miniforge3/23.11.0-0/etc/conda/deactivate.d/libglib_deactivate.sh"
PS1='\''(/mnt/bb/wcastil/copper_mount/lustre/orion/stf243/world-shared/hagertnl/CUG26/benchmark_builds/python-pytorch/conda_env) '\''
export PATH='\''/mnt/bb/wcastil/copper_mount/lustre/orion/stf243/world-shared/hagertnl/CUG26/benchmark_builds/python-pytorch/conda_env/bin:/autofs/nccs-svm1_sw/frontier/miniforge3/23.11.0-0/condabin:/sw/frontier/lfs-wrapper/0.0.1/bin/lfs:/sw/frontier/miniforge3/23.11.0-0/bin:/opt/cray/libfabric/1.22.0/bin:/opt/rocm-6.4.2/bin:/sw/frontier/spack-envs/cpe25.09-cpu/opt/llvm-amdgpu-6.4.2/darshan-runtime-3.4.7-tvdocpzv3jfj4y6ki5jvmmkics323gon/bin:/opt/cray/pe/mpich/9.0.1/ofi/amd/6.0/bin:/opt/cray/pe/mpich/9.0.1/bin:/opt/cray/pe/perftools/25.09.0/bin:/opt/cray/pe/papi/7.2.0.2/bin:/opt/cray/pe/craype/2.7.35/bin:/sw/frontier/ums/ums046/copper/build:/sw/sources/hpss/bin:/sw/frontier/spack-envs/core-25.03/opt/gcc-13.2/tmux-3.4-fcqqko3j4ga67yuc7zxaqcwsix5hns2v/bin:/opt/clmgr/sbin:/opt/clmgr/bin:/opt/sgi/sbin:/opt/sgi/bin:/sw/frontier/bin:/ccs/home/wcastil/.local/bin:/usr/local/bin:/usr/bin:/bin:/opt/bin:/opt/c3/bin:/usr/lib/mit/bin:/opt/puppetlabs/bin:/opt/cray/pe/bin'\''
export CONDA_PREFIX='\''/mnt/bb/wcastil/copper_mount/lustre/orion/stf243/world-shared/hagertnl/CUG26/benchmark_builds/python-pytorch/conda_env'\''
export CONDA_SHLVL='\''2'\''
export CONDA_DEFAULT_ENV='\''/mnt/bb/wcastil/copper_mount/lustre/orion/stf243/world-shared/hagertnl/CUG26/benchmark_builds/python-pytorch/conda_env'\''
export CONDA_PROMPT_MODIFIER='\''(/mnt/bb/wcastil/copper_mount/lustre/orion/stf243/world-shared/hagertnl/CUG26/benchmark_builds/python-pytorch/conda_env) '\''
export CONDA_PREFIX_1='\''/autofs/nccs-svm1_sw/frontier/miniforge3/23.11.0-0'\''
export CONDA_EXE='\''/autofs/nccs-svm1_sw/frontier/miniforge3/23.11.0-0/bin/conda'\''
export _CE_M='\'''\''
export _CE_CONDA='\'''\''
export CONDA_PYTHON_EXE='\''/autofs/nccs-svm1_sw/frontier/miniforge3/23.11.0-0/bin/python'\'''
+ eval '. "/autofs/nccs-svm1_sw/frontier/miniforge3/23.11.0-0/etc/conda/deactivate.d/libxml2_deactivate.sh"
. "/autofs/nccs-svm1_sw/frontier/miniforge3/23.11.0-0/etc/conda/deactivate.d/libglib_deactivate.sh"
PS1='\''(/mnt/bb/wcastil/copper_mount/lustre/orion/stf243/world-shared/hagertnl/CUG26/benchmark_builds/python-pytorch/conda_env) '\''
export PATH='\''/mnt/bb/wcastil/copper_mount/lustre/orion/stf243/world-shared/hagertnl/CUG26/benchmark_builds/python-pytorch/conda_env/bin:/autofs/nccs-svm1_sw/frontier/miniforge3/23.11.0-0/condabin:/sw/frontier/lfs-wrapper/0.0.1/bin/lfs:/sw/frontier/miniforge3/23.11.0-0/bin:/opt/cray/libfabric/1.22.0/bin:/opt/rocm-6.4.2/bin:/sw/frontier/spack-envs/cpe25.09-cpu/opt/llvm-amdgpu-6.4.2/darshan-runtime-3.4.7-tvdocpzv3jfj4y6ki5jvmmkics323gon/bin:/opt/cray/pe/mpich/9.0.1/ofi/amd/6.0/bin:/opt/cray/pe/mpich/9.0.1/bin:/opt/cray/pe/perftools/25.09.0/bin:/opt/cray/pe/papi/7.2.0.2/bin:/opt/cray/pe/craype/2.7.35/bin:/sw/frontier/ums/ums046/copper/build:/sw/sources/hpss/bin:/sw/frontier/spack-envs/core-25.03/opt/gcc-13.2/tmux-3.4-fcqqko3j4ga67yuc7zxaqcwsix5hns2v/bin:/opt/clmgr/sbin:/opt/clmgr/bin:/opt/sgi/sbin:/opt/sgi/bin:/sw/frontier/bin:/ccs/home/wcastil/.local/bin:/usr/local/bin:/usr/bin:/bin:/opt/bin:/opt/c3/bin:/usr/lib/mit/bin:/opt/puppetlabs/bin:/opt/cray/pe/bin'\''
export CONDA_PREFIX='\''/mnt/bb/wcastil/copper_mount/lustre/orion/stf243/world-shared/hagertnl/CUG26/benchmark_builds/python-pytorch/conda_env'\''
export CONDA_SHLVL='\''2'\''
export CONDA_DEFAULT_ENV='\''/mnt/bb/wcastil/copper_mount/lustre/orion/stf243/world-shared/hagertnl/CUG26/benchmark_builds/python-pytorch/conda_env'\''
export CONDA_PROMPT_MODIFIER='\''(/mnt/bb/wcastil/copper_mount/lustre/orion/stf243/world-shared/hagertnl/CUG26/benchmark_builds/python-pytorch/conda_env) '\''
export CONDA_PREFIX_1='\''/autofs/nccs-svm1_sw/frontier/miniforge3/23.11.0-0'\''
export CONDA_EXE='\''/autofs/nccs-svm1_sw/frontier/miniforge3/23.11.0-0/bin/conda'\''
export _CE_M='\'''\''
export _CE_CONDA='\'''\''
export CONDA_PYTHON_EXE='\''/autofs/nccs-svm1_sw/frontier/miniforge3/23.11.0-0/bin/python'\'''
++ . /autofs/nccs-svm1_sw/frontier/miniforge3/23.11.0-0/etc/conda/deactivate.d/libxml2_deactivate.sh
+++ test -n ''
+++ unset XML_CATALOG_FILES
+++ unset xml_catalog_files_libxml2
++ . /autofs/nccs-svm1_sw/frontier/miniforge3/23.11.0-0/etc/conda/deactivate.d/libglib_deactivate.sh
+++ export GSETTINGS_SCHEMA_DIR=
+++ GSETTINGS_SCHEMA_DIR=
+++ unset GSETTINGS_SCHEMA_DIR_CONDA_BACKUP
+++ '[' -z ']'
+++ unset GSETTINGS_SCHEMA_DIR
++ PS1='(/mnt/bb/wcastil/copper_mount/lustre/orion/stf243/world-shared/hagertnl/CUG26/benchmark_builds/python-pytorch/conda_env) '
++ export PATH=/mnt/bb/wcastil/copper_mount/lustre/orion/stf243/world-shared/hagertnl/CUG26/benchmark_builds/python-pytorch/conda_env/bin:/autofs/nccs-svm1_sw/frontier/miniforge3/23.11.0-0/condabin:/sw/frontier/lfs-wrapper/0.0.1/bin/lfs:/sw/frontier/miniforge3/23.11.0-0/bin:/opt/cray/libfabric/1.22.0/bin:/opt/rocm-6.4.2/bin:/sw/frontier/spack-envs/cpe25.09-cpu/opt/llvm-amdgpu-6.4.2/darshan-runtime-3.4.7-tvdocpzv3jfj4y6ki5jvmmkics323gon/bin:/opt/cray/pe/mpich/9.0.1/ofi/amd/6.0/bin:/opt/cray/pe/mpich/9.0.1/bin:/opt/cray/pe/perftools/25.09.0/bin:/opt/cray/pe/papi/7.2.0.2/bin:/opt/cray/pe/craype/2.7.35/bin:/sw/frontier/ums/ums046/copper/build:/sw/sources/hpss/bin:/sw/frontier/spack-envs/core-25.03/opt/gcc-13.2/tmux-3.4-fcqqko3j4ga67yuc7zxaqcwsix5hns2v/bin:/opt/clmgr/sbin:/opt/clmgr/bin:/opt/sgi/sbin:/opt/sgi/bin:/sw/frontier/bin:/ccs/home/wcastil/.local/bin:/usr/local/bin:/usr/bin:/bin:/opt/bin:/opt/c3/bin:/usr/lib/mit/bin:/opt/puppetlabs/bin:/opt/cray/pe/bin
++ PATH=/mnt/bb/wcastil/copper_mount/lustre/orion/stf243/world-shared/hagertnl/CUG26/benchmark_builds/python-pytorch/conda_env/bin:/autofs/nccs-svm1_sw/frontier/miniforge3/23.11.0-0/condabin:/sw/frontier/lfs-wrapper/0.0.1/bin/lfs:/sw/frontier/miniforge3/23.11.0-0/bin:/opt/cray/libfabric/1.22.0/bin:/opt/rocm-6.4.2/bin:/sw/frontier/spack-envs/cpe25.09-cpu/opt/llvm-amdgpu-6.4.2/darshan-runtime-3.4.7-tvdocpzv3jfj4y6ki5jvmmkics323gon/bin:/opt/cray/pe/mpich/9.0.1/ofi/amd/6.0/bin:/opt/cray/pe/mpich/9.0.1/bin:/opt/cray/pe/perftools/25.09.0/bin:/opt/cray/pe/papi/7.2.0.2/bin:/opt/cray/pe/craype/2.7.35/bin:/sw/frontier/ums/ums046/copper/build:/sw/sources/hpss/bin:/sw/frontier/spack-envs/core-25.03/opt/gcc-13.2/tmux-3.4-fcqqko3j4ga67yuc7zxaqcwsix5hns2v/bin:/opt/clmgr/sbin:/opt/clmgr/bin:/opt/sgi/sbin:/opt/sgi/bin:/sw/frontier/bin:/ccs/home/wcastil/.local/bin:/usr/local/bin:/usr/bin:/bin:/opt/bin:/opt/c3/bin:/usr/lib/mit/bin:/opt/puppetlabs/bin:/opt/cray/pe/bin
++ export CONDA_PREFIX=/mnt/bb/wcastil/copper_mount/lustre/orion/stf243/world-shared/hagertnl/CUG26/benchmark_builds/python-pytorch/conda_env
++ CONDA_PREFIX=/mnt/bb/wcastil/copper_mount/lustre/orion/stf243/world-shared/hagertnl/CUG26/benchmark_builds/python-pytorch/conda_env
++ export CONDA_SHLVL=2
++ CONDA_SHLVL=2
++ export CONDA_DEFAULT_ENV=/mnt/bb/wcastil/copper_mount/lustre/orion/stf243/world-shared/hagertnl/CUG26/benchmark_builds/python-pytorch/conda_env
++ CONDA_DEFAULT_ENV=/mnt/bb/wcastil/copper_mount/lustre/orion/stf243/world-shared/hagertnl/CUG26/benchmark_builds/python-pytorch/conda_env
++ export 'CONDA_PROMPT_MODIFIER=(/mnt/bb/wcastil/copper_mount/lustre/orion/stf243/world-shared/hagertnl/CUG26/benchmark_builds/python-pytorch/conda_env) '
++ CONDA_PROMPT_MODIFIER='(/mnt/bb/wcastil/copper_mount/lustre/orion/stf243/world-shared/hagertnl/CUG26/benchmark_builds/python-pytorch/conda_env) '
++ export CONDA_PREFIX_1=/autofs/nccs-svm1_sw/frontier/miniforge3/23.11.0-0
++ CONDA_PREFIX_1=/autofs/nccs-svm1_sw/frontier/miniforge3/23.11.0-0
++ export CONDA_EXE=/autofs/nccs-svm1_sw/frontier/miniforge3/23.11.0-0/bin/conda
++ CONDA_EXE=/autofs/nccs-svm1_sw/frontier/miniforge3/23.11.0-0/bin/conda
++ export _CE_M=
++ _CE_M=
++ export _CE_CONDA=
++ _CE_CONDA=
++ export CONDA_PYTHON_EXE=/autofs/nccs-svm1_sw/frontier/miniforge3/23.11.0-0/bin/python
++ CONDA_PYTHON_EXE=/autofs/nccs-svm1_sw/frontier/miniforge3/23.11.0-0/bin/python
+ __conda_hashr
+ '[' -n '' ']'
+ '[' -n '' ']'
+ hash -r
+ /usr/bin/time srun --overlap -N 2048 -n 16384 --ntasks-per-node=8 -c 5 python3 -c 'import torch'
5.57user 9.96system 4:11.27elapsed 6%CPU (0avgtext+0avgdata 28672maxresident)k
24inputs+0outputs (0major+8836minor)pagefaults 0swaps
+ sleep 2s
+ /usr/bin/time srun --overlap -N 2048 -n 16384 --ntasks-per-node=8 -c 5 python3 -c 'import torch'
4.18user 7.28system 1:00.20elapsed 19%CPU (0avgtext+0avgdata 27648maxresident)k
24inputs+0outputs (0major+8836minor)pagefaults 0swaps
+ sleep 2s
+ /usr/bin/time srun --overlap -N 2048 -n 16384 --ntasks-per-node=8 -c 5 python3 -c 'import torch'
1.39user 2.72system 0:40.26elapsed 10%CPU (0avgtext+0avgdata 28672maxresident)k
0inputs+0outputs (0major+8836minor)pagefaults 0swaps
+ sleep 2s
+ /usr/bin/time srun --overlap -N 2048 -n 16384 --ntasks-per-node=8 -c 5 python3 -c 'import torch'
1.23user 2.51system 0:43.52elapsed 8%CPU (0avgtext+0avgdata 28672maxresident)k
0inputs+0outputs (0major+8837minor)pagefaults 0swaps
+ sleep 2s
+ /usr/bin/time srun --overlap -N 2048 -n 16384 --ntasks-per-node=8 -c 5 python3 -c 'import torch'
0.99user 2.08system 0:36.51elapsed 8%CPU (0avgtext+0avgdata 28672maxresident)k
0inputs+0outputs (0major+8836minor)pagefaults 0swaps
+ sleep 2s
+ conda deactivate
+ local cmd=deactivate
+ case "$cmd" in
+ __conda_activate deactivate
+ '[' -n '' ']'
+ local ask_conda
++ PS1='(/mnt/bb/wcastil/copper_mount/lustre/orion/stf243/world-shared/hagertnl/CUG26/benchmark_builds/python-pytorch/conda_env) '
++ __conda_exe shell.posix deactivate
++ /autofs/nccs-svm1_sw/frontier/miniforge3/23.11.0-0/bin/conda shell.posix deactivate
+ ask_conda='export PATH='\''/autofs/nccs-svm1_sw/frontier/miniforge3/23.11.0-0/bin:/autofs/nccs-svm1_sw/frontier/miniforge3/23.11.0-0/condabin:/sw/frontier/lfs-wrapper/0.0.1/bin/lfs:/sw/frontier/miniforge3/23.11.0-0/bin:/opt/cray/libfabric/1.22.0/bin:/opt/rocm-6.4.2/bin:/sw/frontier/spack-envs/cpe25.09-cpu/opt/llvm-amdgpu-6.4.2/darshan-runtime-3.4.7-tvdocpzv3jfj4y6ki5jvmmkics323gon/bin:/opt/cray/pe/mpich/9.0.1/ofi/amd/6.0/bin:/opt/cray/pe/mpich/9.0.1/bin:/opt/cray/pe/perftools/25.09.0/bin:/opt/cray/pe/papi/7.2.0.2/bin:/opt/cray/pe/craype/2.7.35/bin:/sw/frontier/ums/ums046/copper/build:/sw/sources/hpss/bin:/sw/frontier/spack-envs/core-25.03/opt/gcc-13.2/tmux-3.4-fcqqko3j4ga67yuc7zxaqcwsix5hns2v/bin:/opt/clmgr/sbin:/opt/clmgr/bin:/opt/sgi/sbin:/opt/sgi/bin:/sw/frontier/bin:/ccs/home/wcastil/.local/bin:/usr/local/bin:/usr/bin:/bin:/opt/bin:/opt/c3/bin:/usr/lib/mit/bin:/opt/puppetlabs/bin:/opt/cray/pe/bin'\''
unset CONDA_PREFIX_1
PS1='\''(base) '\''
export CONDA_PREFIX='\''/autofs/nccs-svm1_sw/frontier/miniforge3/23.11.0-0'\''
export CONDA_SHLVL='\''1'\''
export CONDA_DEFAULT_ENV='\''base'\''
export CONDA_PROMPT_MODIFIER='\''(base) '\''
export CONDA_EXE='\''/autofs/nccs-svm1_sw/frontier/miniforge3/23.11.0-0/bin/conda'\''
export _CE_M='\'''\''
export _CE_CONDA='\'''\''
export CONDA_PYTHON_EXE='\''/autofs/nccs-svm1_sw/frontier/miniforge3/23.11.0-0/bin/python'\''
. "/autofs/nccs-svm1_sw/frontier/miniforge3/23.11.0-0/etc/conda/activate.d/libglib_activate.sh"
. "/autofs/nccs-svm1_sw/frontier/miniforge3/23.11.0-0/etc/conda/activate.d/libxml2_activate.sh"'
+ eval 'export PATH='\''/autofs/nccs-svm1_sw/frontier/miniforge3/23.11.0-0/bin:/autofs/nccs-svm1_sw/frontier/miniforge3/23.11.0-0/condabin:/sw/frontier/lfs-wrapper/0.0.1/bin/lfs:/sw/frontier/miniforge3/23.11.0-0/bin:/opt/cray/libfabric/1.22.0/bin:/opt/rocm-6.4.2/bin:/sw/frontier/spack-envs/cpe25.09-cpu/opt/llvm-amdgpu-6.4.2/darshan-runtime-3.4.7-tvdocpzv3jfj4y6ki5jvmmkics323gon/bin:/opt/cray/pe/mpich/9.0.1/ofi/amd/6.0/bin:/opt/cray/pe/mpich/9.0.1/bin:/opt/cray/pe/perftools/25.09.0/bin:/opt/cray/pe/papi/7.2.0.2/bin:/opt/cray/pe/craype/2.7.35/bin:/sw/frontier/ums/ums046/copper/build:/sw/sources/hpss/bin:/sw/frontier/spack-envs/core-25.03/opt/gcc-13.2/tmux-3.4-fcqqko3j4ga67yuc7zxaqcwsix5hns2v/bin:/opt/clmgr/sbin:/opt/clmgr/bin:/opt/sgi/sbin:/opt/sgi/bin:/sw/frontier/bin:/ccs/home/wcastil/.local/bin:/usr/local/bin:/usr/bin:/bin:/opt/bin:/opt/c3/bin:/usr/lib/mit/bin:/opt/puppetlabs/bin:/opt/cray/pe/bin'\''
unset CONDA_PREFIX_1
PS1='\''(base) '\''
export CONDA_PREFIX='\''/autofs/nccs-svm1_sw/frontier/miniforge3/23.11.0-0'\''
export CONDA_SHLVL='\''1'\''
export CONDA_DEFAULT_ENV='\''base'\''
export CONDA_PROMPT_MODIFIER='\''(base) '\''
export CONDA_EXE='\''/autofs/nccs-svm1_sw/frontier/miniforge3/23.11.0-0/bin/conda'\''
export _CE_M='\'''\''
export _CE_CONDA='\'''\''
export CONDA_PYTHON_EXE='\''/autofs/nccs-svm1_sw/frontier/miniforge3/23.11.0-0/bin/python'\''
. "/autofs/nccs-svm1_sw/frontier/miniforge3/23.11.0-0/etc/conda/activate.d/libglib_activate.sh"
. "/autofs/nccs-svm1_sw/frontier/miniforge3/23.11.0-0/etc/conda/activate.d/libxml2_activate.sh"'
++ export PATH=/autofs/nccs-svm1_sw/frontier/miniforge3/23.11.0-0/bin:/autofs/nccs-svm1_sw/frontier/miniforge3/23.11.0-0/condabin:/sw/frontier/lfs-wrapper/0.0.1/bin/lfs:/sw/frontier/miniforge3/23.11.0-0/bin:/opt/cray/libfabric/1.22.0/bin:/opt/rocm-6.4.2/bin:/sw/frontier/spack-envs/cpe25.09-cpu/opt/llvm-amdgpu-6.4.2/darshan-runtime-3.4.7-tvdocpzv3jfj4y6ki5jvmmkics323gon/bin:/opt/cray/pe/mpich/9.0.1/ofi/amd/6.0/bin:/opt/cray/pe/mpich/9.0.1/bin:/opt/cray/pe/perftools/25.09.0/bin:/opt/cray/pe/papi/7.2.0.2/bin:/opt/cray/pe/craype/2.7.35/bin:/sw/frontier/ums/ums046/copper/build:/sw/sources/hpss/bin:/sw/frontier/spack-envs/core-25.03/opt/gcc-13.2/tmux-3.4-fcqqko3j4ga67yuc7zxaqcwsix5hns2v/bin:/opt/clmgr/sbin:/opt/clmgr/bin:/opt/sgi/sbin:/opt/sgi/bin:/sw/frontier/bin:/ccs/home/wcastil/.local/bin:/usr/local/bin:/usr/bin:/bin:/opt/bin:/opt/c3/bin:/usr/lib/mit/bin:/opt/puppetlabs/bin:/opt/cray/pe/bin
++ PATH=/autofs/nccs-svm1_sw/frontier/miniforge3/23.11.0-0/bin:/autofs/nccs-svm1_sw/frontier/miniforge3/23.11.0-0/condabin:/sw/frontier/lfs-wrapper/0.0.1/bin/lfs:/sw/frontier/miniforge3/23.11.0-0/bin:/opt/cray/libfabric/1.22.0/bin:/opt/rocm-6.4.2/bin:/sw/frontier/spack-envs/cpe25.09-cpu/opt/llvm-amdgpu-6.4.2/darshan-runtime-3.4.7-tvdocpzv3jfj4y6ki5jvmmkics323gon/bin:/opt/cray/pe/mpich/9.0.1/ofi/amd/6.0/bin:/opt/cray/pe/mpich/9.0.1/bin:/opt/cray/pe/perftools/25.09.0/bin:/opt/cray/pe/papi/7.2.0.2/bin:/opt/cray/pe/craype/2.7.35/bin:/sw/frontier/ums/ums046/copper/build:/sw/sources/hpss/bin:/sw/frontier/spack-envs/core-25.03/opt/gcc-13.2/tmux-3.4-fcqqko3j4ga67yuc7zxaqcwsix5hns2v/bin:/opt/clmgr/sbin:/opt/clmgr/bin:/opt/sgi/sbin:/opt/sgi/bin:/sw/frontier/bin:/ccs/home/wcastil/.local/bin:/usr/local/bin:/usr/bin:/bin:/opt/bin:/opt/c3/bin:/usr/lib/mit/bin:/opt/puppetlabs/bin:/opt/cray/pe/bin
++ unset CONDA_PREFIX_1
++ PS1='(base) '
++ export CONDA_PREFIX=/autofs/nccs-svm1_sw/frontier/miniforge3/23.11.0-0
++ CONDA_PREFIX=/autofs/nccs-svm1_sw/frontier/miniforge3/23.11.0-0
++ export CONDA_SHLVL=1
++ CONDA_SHLVL=1
++ export CONDA_DEFAULT_ENV=base
++ CONDA_DEFAULT_ENV=base
++ export 'CONDA_PROMPT_MODIFIER=(base) '
++ CONDA_PROMPT_MODIFIER='(base) '
++ export CONDA_EXE=/autofs/nccs-svm1_sw/frontier/miniforge3/23.11.0-0/bin/conda
++ CONDA_EXE=/autofs/nccs-svm1_sw/frontier/miniforge3/23.11.0-0/bin/conda
++ export _CE_M=
++ _CE_M=
++ export _CE_CONDA=
++ _CE_CONDA=
++ export CONDA_PYTHON_EXE=/autofs/nccs-svm1_sw/frontier/miniforge3/23.11.0-0/bin/python
++ CONDA_PYTHON_EXE=/autofs/nccs-svm1_sw/frontier/miniforge3/23.11.0-0/bin/python
++ . /autofs/nccs-svm1_sw/frontier/miniforge3/23.11.0-0/etc/conda/activate.d/libglib_activate.sh
+++ export GSETTINGS_SCHEMA_DIR_CONDA_BACKUP=
+++ GSETTINGS_SCHEMA_DIR_CONDA_BACKUP=
+++ export GSETTINGS_SCHEMA_DIR=/autofs/nccs-svm1_sw/frontier/miniforge3/23.11.0-0/share/glib-2.0/schemas
+++ GSETTINGS_SCHEMA_DIR=/autofs/nccs-svm1_sw/frontier/miniforge3/23.11.0-0/share/glib-2.0/schemas
++ . /autofs/nccs-svm1_sw/frontier/miniforge3/23.11.0-0/etc/conda/activate.d/libxml2_activate.sh
+++ test -n ''
+++ xml_catalog_files_libxml2=
+++ XML_CATALOG_FILES=
+++ conda_catalog_files=
+++ ifs_libxml2=' 	
'
+++ IFS=' '
+++ rem=/autofs/nccs-svm1_sw/frontier/miniforge3/23.11.0-0
+++ for pre in ${rem}
+++ test '' = /autofs/nccs-svm1_sw/frontier/miniforge3/23.11.0-0
+++ conda_catalog_files=/autofs/nccs-svm1_sw/frontier/miniforge3/23.11.0-0
+++ rem=
+++ IFS=' 	
'
+++ conda_catalog_files='file:///autofs/nccs-svm1_sw/frontier/miniforge3/23.11.0-0/etc/xml/catalog file:///etc/xml/catalog'
+++ export 'XML_CATALOG_FILES=file:///autofs/nccs-svm1_sw/frontier/miniforge3/23.11.0-0/etc/xml/catalog file:///etc/xml/catalog'
+++ XML_CATALOG_FILES='file:///autofs/nccs-svm1_sw/frontier/miniforge3/23.11.0-0/etc/xml/catalog file:///etc/xml/catalog'
+++ unset conda_catalog_files ifs_libxml2 rem
+ __conda_hashr
+ '[' -n '' ']'
+ '[' -n '' ']'
+ hash -r
+ stop_copper.sh -d /lustre/orion/stf243/world-shared/wcastil/Experiments/CUG26/copper_run/logs -v /mnt/bb/wcastil/copper_mount
/var/spool/slurmd/job4348844/slurm_script: line 40: stop_copper.sh: command not found
