+ '[' -z '' ']'
+ case "$-" in
+ __lmod_vx=x
+ '[' -n x ']'
+ set +x
Shell debugging temporarily silenced: export LMOD_SH_DBG_ON=1 for this output (/opt/cray/pe/lmod/lmod/init/bash)
Shell debugging restarted
+ unset __lmod_vx
+ module load PrgEnv-amd
+ '[' -z '' ']'
+ case "$-" in
+ __lmod_sh_dbg=x
+ '[' -n x ']'
+ set +x
Shell debugging temporarily silenced: export LMOD_SH_DBG_ON=1 for Lmod's output

Lmod is automatically replacing "cce/18.0.1" with "amd/6.2.4".


Lmod is automatically replacing "PrgEnv-cray/8.6.0" with "PrgEnv-amd/8.6.0".


Due to MODULEPATH changes, the following have been reloaded:
  1) cray-libsci/24.11.0     2) cray-mpich/8.1.31     3) darshan-runtime/3.4.6-mpi

Shell debugging restarted
+ unset __lmod_sh_dbg
+ return 0
+ module load cpe/25.09
+ '[' -z '' ']'
+ case "$-" in
+ __lmod_sh_dbg=x
+ '[' -n x ']'
+ set +x
Shell debugging temporarily silenced: export LMOD_SH_DBG_ON=1 for Lmod's output

The following have been reloaded with a version change:
  1) amd/6.2.4 => amd/6.4.2
  2) cray-dsmml/0.3.0 => cray-dsmml/0.3.1
  3) cray-libsci/24.11.0 => cray-libsci/25.09.0
  4) cray-mpich/8.1.31 => cray-mpich/9.0.1
  5) cray-pmi/6.1.15 => cray-pmi/6.1.16
  6) craype/2.7.33 => craype/2.7.35
  7) darshan-runtime/3.4.6-mpi => darshan-runtime/3.4.7-mpi
  8) perftools-base/24.11.0 => perftools-base/25.09.0

Shell debugging restarted
+ unset __lmod_sh_dbg
+ return 0
+ module load amd/6.4.2
+ '[' -z '' ']'
+ case "$-" in
+ __lmod_sh_dbg=x
+ '[' -n x ']'
+ set +x
Shell debugging temporarily silenced: export LMOD_SH_DBG_ON=1 for Lmod's output
Shell debugging restarted
+ unset __lmod_sh_dbg
+ return 0
+ module load rocm/6.4.2
+ '[' -z '' ']'
+ case "$-" in
+ __lmod_sh_dbg=x
+ '[' -n x ']'
+ set +x
Shell debugging temporarily silenced: export LMOD_SH_DBG_ON=1 for Lmod's output
Shell debugging restarted
+ unset __lmod_sh_dbg
+ return 0
+ module load libfabric/1.22.0
+ '[' -z '' ']'
+ case "$-" in
+ __lmod_sh_dbg=x
+ '[' -n x ']'
+ set +x
Shell debugging temporarily silenced: export LMOD_SH_DBG_ON=1 for Lmod's output
Shell debugging restarted
+ unset __lmod_sh_dbg
+ return 0
+ module load craype-accel-amd-gfx90a
+ '[' -z '' ']'
+ case "$-" in
+ __lmod_sh_dbg=x
+ '[' -n x ']'
+ set +x
Shell debugging temporarily silenced: export LMOD_SH_DBG_ON=1 for Lmod's output
Shell debugging restarted
+ unset __lmod_sh_dbg
+ return 0
+ module load miniforge3/23.11.0-0
+ '[' -z '' ']'
+ case "$-" in
+ __lmod_sh_dbg=x
+ '[' -n x ']'
+ set +x
Shell debugging temporarily silenced: export LMOD_SH_DBG_ON=1 for Lmod's output
Shell debugging restarted
+ unset __lmod_sh_dbg
+ return 0
+ module load ums ums046 copper
+ '[' -z '' ']'
+ case "$-" in
+ __lmod_sh_dbg=x
+ '[' -n x ']'
+ set +x
Shell debugging temporarily silenced: export LMOD_SH_DBG_ON=1 for Lmod's output
Copper loaded: use 'launch_copper' and 'stop_copper'.
COPPER_ROOT: /sw/frontier/ums/ums046/copper
launch_copper points to: /sw/frontier/ums/ums046/copper/build/launch_copper.sh
Shell debugging restarted
+ unset __lmod_sh_dbg
+ return 0
+ export LD_LIBRARY_PATH=/opt/cray/pe/mpich/9.0.1/ofi/amd/6.0/lib:/opt/cray/pe/mpich/9.0.1/gtl/lib:/opt/cray/pe/libsci/25.09.0/AMD/6.0/x86_64/lib:/opt/cray/pe/perftools/25.09.0/lib64:/opt/cray/pe/pmi/6.1.16/lib:/opt/cray/pe/dsmml/0.3.1/dsmml/lib:/opt/cray/libfabric/1.22.0/lib64:/opt/rocm-6.4.2/lib/roctracer:/opt/rocm-6.4.2/lib/rocprofiler:/opt/rocm-6.4.2/lib:/sw/frontier/spack-envs/cpe25.09-cpu/opt/llvm-amdgpu-6.4.2/darshan-runtime-3.4.7-tvdocpzv3jfj4y6ki5jvmmkics323gon/lib:/opt/rocm-6.4.2/llvm/lib:/opt/cray/pe/papi/7.2.0.2/lib64:/opt/cray/pe/libsci/24.11.0/CRAYCLANG/17.0/x86_64/lib:/opt/cray/pe/mpich/8.1.31/ofi/crayclang/17.0/lib:/opt/cray/pe/mpich/8.1.31/gtl/lib:/opt/cray/pe/dsmml/0.3.0/dsmml/lib:/opt/cray/pe/cce/18.0.1/cce-clang/x86_64/lib:/opt/cray/pe/cce/18.0.1/cce/x86_64/lib:/opt/cray/pe/pmi/6.1.15/lib:/opt/cray/pe/perftools/24.11.0/lib64
+ LD_LIBRARY_PATH=/opt/cray/pe/mpich/9.0.1/ofi/amd/6.0/lib:/opt/cray/pe/mpich/9.0.1/gtl/lib:/opt/cray/pe/libsci/25.09.0/AMD/6.0/x86_64/lib:/opt/cray/pe/perftools/25.09.0/lib64:/opt/cray/pe/pmi/6.1.16/lib:/opt/cray/pe/dsmml/0.3.1/dsmml/lib:/opt/cray/libfabric/1.22.0/lib64:/opt/rocm-6.4.2/lib/roctracer:/opt/rocm-6.4.2/lib/rocprofiler:/opt/rocm-6.4.2/lib:/sw/frontier/spack-envs/cpe25.09-cpu/opt/llvm-amdgpu-6.4.2/darshan-runtime-3.4.7-tvdocpzv3jfj4y6ki5jvmmkics323gon/lib:/opt/rocm-6.4.2/llvm/lib:/opt/cray/pe/papi/7.2.0.2/lib64:/opt/cray/pe/libsci/24.11.0/CRAYCLANG/17.0/x86_64/lib:/opt/cray/pe/mpich/8.1.31/ofi/crayclang/17.0/lib:/opt/cray/pe/mpich/8.1.31/gtl/lib:/opt/cray/pe/dsmml/0.3.0/dsmml/lib:/opt/cray/pe/cce/18.0.1/cce-clang/x86_64/lib:/opt/cray/pe/cce/18.0.1/cce/x86_64/lib:/opt/cray/pe/pmi/6.1.15/lib:/opt/cray/pe/perftools/24.11.0/lib64
+ [[ /var/spool/slurmd/job4186204/slurm_script == \/\v\a\r\/\s\p\o\o\l\/\s\l\u\r\m\d\/\j\o\b\4\1\8\6\2\0\4\/\s\l\u\r\m\_\s\c\r\i\p\t ]]
+ echo 'This script should be sourced! When it is not, it prints out the resulting module set:'
This script should be sourced! When it is not, it prints out the resulting module set:
+ module list
+ '[' -z '' ']'
+ case "$-" in
+ __lmod_sh_dbg=x
+ '[' -n x ']'
+ set +x
Shell debugging temporarily silenced: export LMOD_SH_DBG_ON=1 for Lmod's output

Currently Loaded Modules:
  1) craype-x86-trento               14) cpe/25.09
  2) craype-network-ofi              15) amd/6.4.2
  3) xpmem/2.11.3-1.3_gdbda01a1eb3d  16) cray-libsci/25.09.0
  4) Core/25.03                      17) cray-mpich/9.0.1
  5) tmux/3.4                        18) darshan-runtime/3.4.7-mpi (E4S)
  6) hsi/default                     19) rocm/6.4.2
  7) lfs-wrapper/0.0.1               20) libfabric/1.22.0
  8) DefApps                         21) craype-accel-amd-gfx90a
  9) PrgEnv-amd/8.6.0                22) miniforge3/23.11.0-0
 10) cray-dsmml/0.3.1                23) ums/default
 11) cray-pmi/6.1.16                 24) ums046/default
 12) craype/2.7.35                   25) copper/0.1
 13) perftools-base/25.09.0

  Where:
   E4S:  E4S: Extreme-scale Scientific Software Stack (E4S) https://e4s.io/index.html

 

Shell debugging restarted
+ unset __lmod_sh_dbg
+ return 0
+ source /lustre/orion/stf243/world-shared/hagertnl/CUG26/benchmark_builds/common_modules.sh
++ module load PrgEnv-amd
++ '[' -z '' ']'
++ case "$-" in
++ __lmod_sh_dbg=x
++ '[' -n x ']'
++ set +x
Shell debugging temporarily silenced: export LMOD_SH_DBG_ON=1 for Lmod's output
Shell debugging restarted
++ unset __lmod_sh_dbg
++ return 0
++ module load cpe/25.09
++ '[' -z '' ']'
++ case "$-" in
++ __lmod_sh_dbg=x
++ '[' -n x ']'
++ set +x
Shell debugging temporarily silenced: export LMOD_SH_DBG_ON=1 for Lmod's output
Unloading the cpe module is insufficient to restore the system defaults.
Please run 'source
/opt/cray/pe/cpe/25.09/restore_lmod_system_defaults.[csh|sh]'. 
 
Sourcing the above script is not necessary if swapping the cpe module with a
different version. 
Shell debugging restarted
++ unset __lmod_sh_dbg
++ return 0
++ module load amd/6.4.2
++ '[' -z '' ']'
++ case "$-" in
++ __lmod_sh_dbg=x
++ '[' -n x ']'
++ set +x
Shell debugging temporarily silenced: export LMOD_SH_DBG_ON=1 for Lmod's output
Shell debugging restarted
++ unset __lmod_sh_dbg
++ return 0
++ module load rocm/6.4.2
++ '[' -z '' ']'
++ case "$-" in
++ __lmod_sh_dbg=x
++ '[' -n x ']'
++ set +x
Shell debugging temporarily silenced: export LMOD_SH_DBG_ON=1 for Lmod's output
Shell debugging restarted
++ unset __lmod_sh_dbg
++ return 0
++ module load libfabric/1.22.0
++ '[' -z '' ']'
++ case "$-" in
++ __lmod_sh_dbg=x
++ '[' -n x ']'
++ set +x
Shell debugging temporarily silenced: export LMOD_SH_DBG_ON=1 for Lmod's output
Shell debugging restarted
++ unset __lmod_sh_dbg
++ return 0
++ module load craype-accel-amd-gfx90a
++ '[' -z '' ']'
++ case "$-" in
++ __lmod_sh_dbg=x
++ '[' -n x ']'
++ set +x
Shell debugging temporarily silenced: export LMOD_SH_DBG_ON=1 for Lmod's output
Shell debugging restarted
++ unset __lmod_sh_dbg
++ return 0
++ module load miniforge3/23.11.0-0
++ '[' -z '' ']'
++ case "$-" in
++ __lmod_sh_dbg=x
++ '[' -n x ']'
++ set +x
Shell debugging temporarily silenced: export LMOD_SH_DBG_ON=1 for Lmod's output
Deactivating conda environments
Deactivating conda environments
Shell debugging restarted
++ unset __lmod_sh_dbg
++ return 0
++ export LD_LIBRARY_PATH=/opt/cray/pe/mpich/9.0.1/ofi/amd/6.0/lib:/opt/cray/pe/mpich/9.0.1/gtl/lib:/opt/cray/pe/libsci/25.09.0/AMD/6.0/x86_64/lib:/opt/cray/pe/perftools/25.09.0/lib64:/opt/cray/pe/pmi/6.1.16/lib:/opt/cray/pe/dsmml/0.3.1/dsmml/lib:/opt/cray/libfabric/1.22.0/lib64:/opt/rocm-6.4.2/lib/roctracer:/opt/rocm-6.4.2/lib/rocprofiler:/opt/rocm-6.4.2/lib:/sw/frontier/spack-envs/cpe25.09-cpu/opt/llvm-amdgpu-6.4.2/darshan-runtime-3.4.7-tvdocpzv3jfj4y6ki5jvmmkics323gon/lib:/opt/rocm-6.4.2/llvm/lib:/opt/cray/pe/papi/7.2.0.2/lib64:/opt/cray/pe/mpich/9.0.1/ofi/amd/6.0/lib:/opt/cray/pe/mpich/9.0.1/gtl/lib:/opt/cray/pe/libsci/25.09.0/AMD/6.0/x86_64/lib:/opt/cray/pe/perftools/25.09.0/lib64:/opt/cray/pe/pmi/6.1.16/lib:/opt/cray/pe/dsmml/0.3.1/dsmml/lib:/opt/cray/pe/libsci/24.11.0/CRAYCLANG/17.0/x86_64/lib:/opt/cray/pe/mpich/8.1.31/ofi/crayclang/17.0/lib:/opt/cray/pe/mpich/8.1.31/gtl/lib:/opt/cray/pe/dsmml/0.3.0/dsmml/lib:/opt/cray/pe/cce/18.0.1/cce-clang/x86_64/lib:/opt/cray/pe/cce/18.0.1/cce/x86_64/lib:/opt/cray/pe/pmi/6.1.15/lib:/opt/cray/pe/perftools/24.11.0/lib64
++ LD_LIBRARY_PATH=/opt/cray/pe/mpich/9.0.1/ofi/amd/6.0/lib:/opt/cray/pe/mpich/9.0.1/gtl/lib:/opt/cray/pe/libsci/25.09.0/AMD/6.0/x86_64/lib:/opt/cray/pe/perftools/25.09.0/lib64:/opt/cray/pe/pmi/6.1.16/lib:/opt/cray/pe/dsmml/0.3.1/dsmml/lib:/opt/cray/libfabric/1.22.0/lib64:/opt/rocm-6.4.2/lib/roctracer:/opt/rocm-6.4.2/lib/rocprofiler:/opt/rocm-6.4.2/lib:/sw/frontier/spack-envs/cpe25.09-cpu/opt/llvm-amdgpu-6.4.2/darshan-runtime-3.4.7-tvdocpzv3jfj4y6ki5jvmmkics323gon/lib:/opt/rocm-6.4.2/llvm/lib:/opt/cray/pe/papi/7.2.0.2/lib64:/opt/cray/pe/mpich/9.0.1/ofi/amd/6.0/lib:/opt/cray/pe/mpich/9.0.1/gtl/lib:/opt/cray/pe/libsci/25.09.0/AMD/6.0/x86_64/lib:/opt/cray/pe/perftools/25.09.0/lib64:/opt/cray/pe/pmi/6.1.16/lib:/opt/cray/pe/dsmml/0.3.1/dsmml/lib:/opt/cray/pe/libsci/24.11.0/CRAYCLANG/17.0/x86_64/lib:/opt/cray/pe/mpich/8.1.31/ofi/crayclang/17.0/lib:/opt/cray/pe/mpich/8.1.31/gtl/lib:/opt/cray/pe/dsmml/0.3.0/dsmml/lib:/opt/cray/pe/cce/18.0.1/cce-clang/x86_64/lib:/opt/cray/pe/cce/18.0.1/cce/x86_64/lib:/opt/cray/pe/pmi/6.1.15/lib:/opt/cray/pe/perftools/24.11.0/lib64
++ [[ /var/spool/slurmd/job4186204/slurm_script == \/\l\u\s\t\r\e\/\o\r\i\o\n\/\s\t\f\2\4\3\/\w\o\r\l\d\-\s\h\a\r\e\d\/\h\a\g\e\r\t\n\l\/\C\U\G\2\6\/\b\e\n\c\h\m\a\r\k\_\b\u\i\l\d\s\/\c\o\m\m\o\n\_\m\o\d\u\l\e\s\.\s\h ]]
+ LOGDIR=/lustre/orion/stf008/proj-shared/hvac/copper-cug/copper_logs
+ launch_copper.sh -s 30 -d /lustre/orion/stf008/proj-shared/hvac/copper-cug/copper_logs
+ '[' -z '' ']'
+ case "$-" in
+ __lmod_vx=x
+ '[' -n x ']'
+ set +x
Shell debugging temporarily silenced: export LMOD_SH_DBG_ON=1 for this output (/opt/cray/pe/lmod/lmod/init/bash)
Shell debugging restarted
+ unset __lmod_vx
+ echo 'Launching Copper Gracefully On All Nodes : Start'
Launching Copper Gracefully On All Nodes : Start
+ echo /sw/frontier/ums/ums046/copper
/sw/frontier/ums/ums046/copper
+ CUPATH=/sw/frontier/ums/ums046/copper/build/cu_fuse
+ CU_FUSE_MNT_VIEWDIR=/tmp/khana/copper
+ facility_address_book=/sw/frontier/ums/ums046/copper/olcf_copper_addressbook.txt
+ log_level=6
+ log_dir=/ccs/home/khana/copper-logs/4186204
+ log_type=file
+ trees=1
+ max_cacheable_byte_size=10485760
+ sleeptime=20
+ physcpubind=57-60
+ net_type=cxi://cxi1
+ getopts l:t:d:T:M:s:b:F:n: opt
+ case ${opt} in
+ sleeptime=30
+ getopts l:t:d:T:M:s:b:F:n: opt
+ case ${opt} in
+ log_dir=/lustre/orion/stf008/proj-shared/hvac/copper-cug/copper_logs
+ getopts l:t:d:T:M:s:b:F:n: opt
+ echo 'log_level                  : 6'
log_level                  : 6
+ echo 'log_type                   : file'
log_type                   : file
+ echo 'trees                      : 1'
trees                      : 1
+ echo 'max_cacheable_byte_size    : 10485760'
max_cacheable_byte_size    : 10485760
+ echo 'sleeptime                  : 30'
sleeptime                  : 30
+ echo 'CU_FUSE_MNT_VIEWDIR        : /tmp/khana/copper'
CU_FUSE_MNT_VIEWDIR        : /tmp/khana/copper
+ echo 'LOGDIR                     : /lustre/orion/stf008/proj-shared/hvac/copper-cug/copper_logs'
LOGDIR                     : /lustre/orion/stf008/proj-shared/hvac/copper-cug/copper_logs
+ echo 'SLURM_NODEFILE             : '
SLURM_NODEFILE             : 
+ echo 'physcpubind                : 57-60'
physcpubind                : 57-60
+ echo 'facility_address_book      : /sw/frontier/ums/ums046/copper/olcf_copper_addressbook.txt'
facility_address_book      : /sw/frontier/ums/ums046/copper/olcf_copper_addressbook.txt
+ echo 'net_type                   : cxi://cxi1'
net_type                   : cxi://cxi1
+ mkdir -p /lustre/orion/stf008/proj-shared/hvac/copper-cug/copper_logs
+ SLURM_NODEFILE=/lustre/orion/stf008/proj-shared/hvac/copper-cug/copper_logs/node_file.txt
+ scontrol show hostnames 'frontier[00073,00076,00197,00199,00324,00335,00456,00461,00578-00579,00702,00709,00837,00840,00963,00975,01096-01097,01213-01214,01343,01345,01473,01488,01614,01618,01729,01746,01876-01877,01978,01981,02131-02132,02222-02223,02362,02392,02506,02522,02635,02642,02752,02777,02885,02901,03017,03028,03140,03155,03269,03283,03397,03410,03538,03543,03660,03662,03786,03791,03906,03913,04034,04041,04165,04179,04298,04306,04432-04433,04514,04562,04691-04692,04796-04797,04920,04924,05049,05053,05154,05174,05307-05308,05414,05424,05559,05563,05687-05688,05818-05819,05944,05948,06066,06074,06197-06198,06325-06326,06454-06455,06574,06578,06711-06712,06835,06963,07091,07227,07353,07478,07603,07732,07863,07996,08116,08242,08372,08495,08629,08760,08886,09011,09145,09270,09399,10168]'
+ echo 'Ignore errors below this line related to copper fuse unmount or cleanup if any. '
Ignore errors below this line related to copper fuse unmount or cleanup if any. 
+ clush --hostfile /lustre/orion/stf008/proj-shared/hvac/copper-cug/copper_logs/node_file.txt 'fusermount3 -u /tmp/khana/copper'
frontier00073: fusermount3: bad mount point /tmp/khana/copper: No such file or directory
clush: frontier00073: exited with exit code 1
frontier07863: fusermount3: bad mount point /tmp/khana/copper: No such file or directory
clush: frontier07863: exited with exit code 1
frontier02132: fusermount3: bad mount point /tmp/khana/copper: No such file or directory
frontier09145: fusermount3: bad mount point /tmp/khana/copper: No such file or directory
frontier08116: fusermount3: bad mount point /tmp/khana/copper: No such file or directory
frontier08760: fusermount3: bad mount point /tmp/khana/copper: No such file or directory
frontier02131: fusermount3: bad mount point /tmp/khana/copper: No such file or directory
clush: frontier02132: exited with exit code 1
clush: frontier09145: exited with exit code 1
clush: frontier08116: exited with exit code 1
clush: frontier02131: exited with exit code 1
clush: frontier08760: exited with exit code 1
frontier08495: fusermount3: bad mount point /tmp/khana/copper: No such file or directory
clush: frontier08495: exited with exit code 1
frontier02223: fusermount3: bad mount point /tmp/khana/copper: No such file or directory
clush: frontier02223: exited with exit code 1
frontier01877: fusermount3: bad mount point /tmp/khana/copper: No such file or directory
clush: frontier01877: exited with exit code 1
frontier01981: fusermount3: bad mount point /tmp/khana/copper: No such file or directory
frontier02362: fusermount3: bad mount point /tmp/khana/copper: No such file or directory
clush: frontier01981: exited with exit code 1
clush: frontier02362: exited with exit code 1
frontier03140: fusermount3: bad mount point /tmp/khana/copper: No such file or directory
frontier09011: fusermount3: bad mount point /tmp/khana/copper: No such file or directory
clush: frontier03140: exited with exit code 1
clush: frontier09011: exited with exit code 1
frontier09399: fusermount3: bad mount point /tmp/khana/copper: No such file or directory
clush: frontier09399: exited with exit code 1
frontier08372: fusermount3: bad mount point /tmp/khana/copper: No such file or directory
clush: frontier08372: exited with exit code 1
frontier02642: fusermount3: bad mount point /tmp/khana/copper: No such file or directory
clush: frontier02642: exited with exit code 1
frontier03538: fusermount3: bad mount point /tmp/khana/copper: No such file or directory
clush: frontier03538: exited with exit code 1
frontier09270: fusermount3: bad mount point /tmp/khana/copper: No such file or directory
clush: frontier09270: exited with exit code 1
frontier08629: fusermount3: bad mount point /tmp/khana/copper: No such file or directory
clush: frontier08629: exited with exit code 1
frontier04562: fusermount3: bad mount point /tmp/khana/copper: No such file or directory
clush: frontier04562: exited with exit code 1
frontier02752: fusermount3: bad mount point /tmp/khana/copper: No such file or directory
clush: frontier02752: exited with exit code 1
frontier02222: fusermount3: bad mount point /tmp/khana/copper: No such file or directory
frontier08242: fusermount3: bad mount point /tmp/khana/copper: No such file or directory
frontier02635: fusermount3: bad mount point /tmp/khana/copper: No such file or directory
frontier02522: fusermount3: bad mount point /tmp/khana/copper: No such file or directory
frontier02392: fusermount3: bad mount point /tmp/khana/copper: No such file or directory
clush: frontier02222: exited with exit code 1
clush: frontier02522: exited with exit code 1
clush: frontier02392: exited with exit code 1
clush: frontier08242: exited with exit code 1
clush: frontier02635: exited with exit code 1
frontier07996: fusermount3: bad mount point /tmp/khana/copper: No such file or directory
clush: frontier07996: exited with exit code 1
frontier08886: fusermount3: bad mount point /tmp/khana/copper: No such file or directory
clush: frontier08886: exited with exit code 1
frontier01978: fusermount3: bad mount point /tmp/khana/copper: No such file or directory
clush: frontier01978: exited with exit code 1
frontier03155: fusermount3: bad mount point /tmp/khana/copper: No such file or directory
clush: frontier03155: exited with exit code 1
frontier02506: fusermount3: bad mount point /tmp/khana/copper: No such file or directory
clush: frontier02506: exited with exit code 1
frontier04306: fusermount3: bad mount point /tmp/khana/copper: No such file or directory
clush: frontier04306: exited with exit code 1
frontier03662: fusermount3: bad mount point /tmp/khana/copper: No such file or directory
clush: frontier03662: exited with exit code 1
frontier03017: fusermount3: bad mount point /tmp/khana/copper: No such file or directory
clush: frontier03017: exited with exit code 1
frontier02777: fusermount3: bad mount point /tmp/khana/copper: No such file or directory
clush: frontier02777: exited with exit code 1
frontier04179: fusermount3: bad mount point /tmp/khana/copper: No such file or directory
clush: frontier04179: exited with exit code 1
frontier03660: fusermount3: bad mount point /tmp/khana/copper: No such file or directory
clush: frontier03660: exited with exit code 1
frontier04514: fusermount3: bad mount point /tmp/khana/copper: No such file or directory
clush: frontier04514: exited with exit code 1
frontier04797: fusermount3: bad mount point /tmp/khana/copper: No such file or directory
clush: frontier04797: exited with exit code 1
frontier02885: fusermount3: bad mount point /tmp/khana/copper: No such file or directory
clush: frontier02885: exited with exit code 1
frontier04041: fusermount3: bad mount point /tmp/khana/copper: No such file or directory
clush: frontier04041: exited with exit code 1
frontier04924: fusermount3: bad mount point /tmp/khana/copper: No such file or directory
clush: frontier04924: exited with exit code 1
frontier04920: fusermount3: bad mount point /tmp/khana/copper: No such file or directory
clush: frontier04920: exited with exit code 1
frontier03543: fusermount3: bad mount point /tmp/khana/copper: No such file or directory
clush: frontier03543: exited with exit code 1
frontier10168: fusermount3: bad mount point /tmp/khana/copper: No such file or directory
clush: frontier10168: exited with exit code 1
frontier04692: fusermount3: bad mount point /tmp/khana/copper: No such file or directory
clush: frontier04692: exited with exit code 1
frontier03410: fusermount3: bad mount point /tmp/khana/copper: No such file or directory
clush: frontier03410: exited with exit code 1
frontier04433: fusermount3: bad mount point /tmp/khana/copper: No such file or directory
clush: frontier04433: exited with exit code 1
frontier03913: fusermount3: bad mount point /tmp/khana/copper: No such file or directory
frontier03269: fusermount3: bad mount point /tmp/khana/copper: No such file or directory
frontier04034: fusermount3: bad mount point /tmp/khana/copper: No such file or directory
clush: frontier03913: exited with exit code 1
clush: frontier03269: exited with exit code 1
clush: frontier04034: exited with exit code 1
frontier03028: fusermount3: bad mount point /tmp/khana/copper: No such file or directory
frontier03283: fusermount3: bad mount point /tmp/khana/copper: No such file or directory
frontier04298: fusermount3: bad mount point /tmp/khana/copper: No such file or directory
clush: frontier03028: exited with exit code 1
frontier04165: fusermount3: bad mount point /tmp/khana/copper: No such file or directory
clush: frontier03283: exited with exit code 1
clush: frontier04298: exited with exit code 1
clush: frontier04165: exited with exit code 1
frontier03397: fusermount3: bad mount point /tmp/khana/copper: No such file or directory
frontier03906: fusermount3: bad mount point /tmp/khana/copper: No such file or directory
clush: frontier03397: exited with exit code 1
clush: frontier03906: exited with exit code 1
frontier04432: fusermount3: bad mount point /tmp/khana/copper: No such file or directory
clush: frontier04432: exited with exit code 1
frontier04691: fusermount3: bad mount point /tmp/khana/copper: No such file or directory
clush: frontier04691: exited with exit code 1
frontier02901: fusermount3: bad mount point /tmp/khana/copper: No such file or directory
clush: frontier02901: exited with exit code 1
frontier03791: fusermount3: bad mount point /tmp/khana/copper: No such file or directory
clush: frontier03791: exited with exit code 1
frontier03786: fusermount3: bad mount point /tmp/khana/copper: No such file or directory
clush: frontier03786: exited with exit code 1
frontier04796: fusermount3: bad mount point /tmp/khana/copper: No such file or directory
clush: frontier04796: exited with exit code 1
frontier05049: fusermount3: bad mount point /tmp/khana/copper: No such file or directory
clush: frontier05049: exited with exit code 1
frontier05414: fusermount3: bad mount point /tmp/khana/copper: No such file or directory
clush: frontier05414: exited with exit code 1
frontier00579: fusermount3: bad mount point /tmp/khana/copper: No such file or directory
clush: frontier00579: exited with exit code 1
frontier05819: fusermount3: bad mount point /tmp/khana/copper: No such file or directory
clush: frontier05819: exited with exit code 1
frontier00709: fusermount3: bad mount point /tmp/khana/copper: No such file or directory
clush: frontier00709: exited with exit code 1
frontier00076: fusermount3: bad mount point /tmp/khana/copper: No such file or directory
clush: frontier00076: exited with exit code 1
frontier05944: fusermount3: bad mount point /tmp/khana/copper: No such file or directory
clush: frontier05944: exited with exit code 1
frontier05424: fusermount3: bad mount point /tmp/khana/copper: No such file or directory
clush: frontier05424: exited with exit code 1
frontier00197: fusermount3: bad mount point /tmp/khana/copper: No such file or directory
clush: frontier00197: exited with exit code 1
frontier05308: fusermount3: bad mount point /tmp/khana/copper: No such file or directory
clush: frontier05308: exited with exit code 1
frontier05563: fusermount3: bad mount point /tmp/khana/copper: No such file or directory
clush: frontier05563: exited with exit code 1
frontier05174: fusermount3: bad mount point /tmp/khana/copper: No such file or directory
clush: frontier05174: exited with exit code 1
frontier00461: fusermount3: bad mount point /tmp/khana/copper: No such file or directory
clush: frontier00461: exited with exit code 1
frontier05154: fusermount3: bad mount point /tmp/khana/copper: No such file or directory
frontier00199: fusermount3: bad mount point /tmp/khana/copper: No such file or directory
clush: frontier05154: exited with exit code 1
clush: frontier00199: exited with exit code 1
frontier06198: fusermount3: bad mount point /tmp/khana/copper: No such file or directory
clush: frontier06198: exited with exit code 1
frontier05948: fusermount3: bad mount point /tmp/khana/copper: No such file or directory
clush: frontier05948: exited with exit code 1
frontier00324: fusermount3: bad mount point /tmp/khana/copper: No such file or directory
clush: frontier00324: exited with exit code 1
frontier00702: fusermount3: bad mount point /tmp/khana/copper: No such file or directory
clush: frontier00702: exited with exit code 1
frontier00578: fusermount3: bad mount point /tmp/khana/copper: No such file or directory
clush: frontier00578: exited with exit code 1
frontier05818: fusermount3: bad mount point /tmp/khana/copper: No such file or directory
clush: frontier05818: exited with exit code 1
frontier00456: fusermount3: bad mount point /tmp/khana/copper: No such file or directory
clush: frontier00456: exited with exit code 1
frontier06074: fusermount3: bad mount point /tmp/khana/copper: No such file or directory
clush: frontier06074: exited with exit code 1
frontier05053: fusermount3: bad mount point /tmp/khana/copper: No such file or directory
clush: frontier05053: exited with exit code 1
frontier05307: fusermount3: bad mount point /tmp/khana/copper: No such file or directory
clush: frontier05307: exited with exit code 1
frontier06197: fusermount3: bad mount point /tmp/khana/copper: No such file or directory
clush: frontier06197: exited with exit code 1
frontier05559: fusermount3: bad mount point /tmp/khana/copper: No such file or directory
clush: frontier05559: exited with exit code 1
frontier06066: fusermount3: bad mount point /tmp/khana/copper: No such file or directory
clush: frontier06066: exited with exit code 1
frontier05687: fusermount3: bad mount point /tmp/khana/copper: No such file or directory
clush: frontier05687: exited with exit code 1
frontier05688: fusermount3: bad mount point /tmp/khana/copper: No such file or directory
clush: frontier05688: exited with exit code 1
frontier00335: fusermount3: bad mount point /tmp/khana/copper: No such file or directory
clush: frontier00335: exited with exit code 1
frontier07227: fusermount3: bad mount point /tmp/khana/copper: No such file or directory
frontier01614: fusermount3: bad mount point /tmp/khana/copper: No such file or directory
clush: frontier07227: exited with exit code 1
clush: frontier01614: exited with exit code 1
frontier06326: fusermount3: bad mount point /tmp/khana/copper: No such file or directory
clush: frontier06326: exited with exit code 1
frontier06711: fusermount3: bad mount point /tmp/khana/copper: No such file or directory
clush: frontier06711: exited with exit code 1
frontier01488: fusermount3: bad mount point /tmp/khana/copper: No such file or directory
clush: frontier01488: exited with exit code 1
frontier00963: fusermount3: bad mount point /tmp/khana/copper: No such file or directory
clush: frontier00963: exited with exit code 1
frontier06574: fusermount3: bad mount point /tmp/khana/copper: No such file or directory
frontier01097: fusermount3: bad mount point /tmp/khana/copper: No such file or directory
frontier00840: fusermount3: bad mount point /tmp/khana/copper: No such file or directory
clush: frontier06574: exited with exit code 1
clush: frontier01097: exited with exit code 1
clush: frontier00840: exited with exit code 1
frontier06455: fusermount3: bad mount point /tmp/khana/copper: No such file or directory
clush: frontier06455: exited with exit code 1
frontier01213: fusermount3: bad mount point /tmp/khana/copper: No such file or directory
clush: frontier01213: exited with exit code 1
frontier06963: fusermount3: bad mount point /tmp/khana/copper: No such file or directory
frontier06835: fusermount3: bad mount point /tmp/khana/copper: No such file or directory
frontier01096: fusermount3: bad mount point /tmp/khana/copper: No such file or directory
clush: frontier06963: exited with exit code 1
clush: frontier06835: exited with exit code 1
clush: frontier01096: exited with exit code 1
frontier01473: fusermount3: bad mount point /tmp/khana/copper: No such file or directory
clush: frontier01473: exited with exit code 1
frontier06454: fusermount3: bad mount point /tmp/khana/copper: No such file or directory
frontier01214: fusermount3: bad mount point /tmp/khana/copper: No such file or directory
clush: frontier06454: exited with exit code 1
clush: frontier01214: exited with exit code 1
frontier07353: fusermount3: bad mount point /tmp/khana/copper: No such file or directory
clush: frontier07353: exited with exit code 1
frontier06578: fusermount3: bad mount point /tmp/khana/copper: No such file or directory
clush: frontier06578: exited with exit code 1
frontier07091: fusermount3: bad mount point /tmp/khana/copper: No such file or directory
clush: frontier07091: exited with exit code 1
frontier01343: fusermount3: bad mount point /tmp/khana/copper: No such file or directory
frontier00975: fusermount3: bad mount point /tmp/khana/copper: No such file or directory
clush: frontier01343: exited with exit code 1
clush: frontier00975: exited with exit code 1
frontier07732: fusermount3: bad mount point /tmp/khana/copper: No such file or directory
clush: frontier07732: exited with exit code 1
frontier01729: fusermount3: bad mount point /tmp/khana/copper: No such file or directory
clush: frontier01729: exited with exit code 1
frontier07478: fusermount3: bad mount point /tmp/khana/copper: No such file or directory
clush: frontier07478: exited with exit code 1
frontier01345: fusermount3: bad mount point /tmp/khana/copper: No such file or directory
clush: frontier01345: exited with exit code 1
frontier06325: fusermount3: bad mount point /tmp/khana/copper: No such file or directory
clush: frontier06325: exited with exit code 1
frontier00837: fusermount3: bad mount point /tmp/khana/copper: No such file or directory
frontier01618: fusermount3: bad mount point /tmp/khana/copper: No such file or directory
clush: frontier00837: exited with exit code 1
clush: frontier01618: exited with exit code 1
frontier07603: fusermount3: bad mount point /tmp/khana/copper: No such file or directory
frontier06712: fusermount3: bad mount point /tmp/khana/copper: No such file or directory
clush: frontier07603: exited with exit code 1
clush: frontier06712: exited with exit code 1
frontier01746: fusermount3: bad mount point /tmp/khana/copper: No such file or directory
clush: frontier01746: exited with exit code 1
frontier01876: fusermount3: bad mount point /tmp/khana/copper: No such file or directory
clush: frontier01876: exited with exit code 1
+ clush --hostfile /lustre/orion/stf008/proj-shared/hvac/copper-cug/copper_logs/node_file.txt 'rm -rf /tmp/khana/copper'
+ clush --hostfile /lustre/orion/stf008/proj-shared/hvac/copper-cug/copper_logs/node_file.txt 'mkdir -p /tmp/khana/copper'
+ echo 'Errors below this line are critical - report if any. '
Errors below this line are critical - report if any. 
+ options=' -f -tpath / -vpath /tmp/khana/copper -log_level 6 -log_type file -log_output_dir /lustre/orion/stf008/proj-shared/hvac/copper-cug/copper_logs -net_type cxi://cxi1 -trees 1 -nf /lustre/orion/stf008/proj-shared/hvac/copper-cug/copper_logs/node_file.txt -max_cacheable_byte_size 10485760  -facility_address_book /sw/frontier/ums/ums046/copper/olcf_copper_addressbook.txt -s /tmp/khana/copper'
+ sleep 30s
+ srun -N 128 --ntasks-per-node=1 --cpus-per-task=2 --cpu-bind=threads --network=single_node_vni,job_vni /sw/frontier/ums/ums046/copper/build/cu_fuse -f -tpath / -vpath /tmp/khana/copper -log_level 6 -log_type file -log_output_dir /lustre/orion/stf008/proj-shared/hvac/copper-cug/copper_logs -net_type cxi://cxi1 -trees 1 -nf /lustre/orion/stf008/proj-shared/hvac/copper-cug/copper_logs/node_file.txt -max_cacheable_byte_size 10485760 -facility_address_book /sw/frontier/ums/ums046/copper/olcf_copper_addressbook.txt -s /tmp/khana/copper
2026-03-08 14-39-30.348 [Debug] (cu_hello_main)  
2026-03-08 14-39-30.348 [Info] (cu_hello_main) hostname found to be: frontier00073
2026-03-08 14-39-30.348 [Debug] (process_args) -tpath was found: /
2026-03-08 14-39-30.348 [Debug] (process_args) -vpath was found: /tmp/khana/copper
2026-03-08 14-39-30.348 [Debug] (process_args) -log_level was found: 6
2026-03-08 14-39-30.348 [Debug] (process_args) -log_type was found: file
2026-03-08 14-39-30.348 [Debug] (process_args) -log_output_dir was found: /lustre/orion/stf008/proj-shared/hvac/copper-cug/copper_logs
2026-03-08 14-39-30.348 [Debug] (process_args) -net_type was found: cxi://cxi1
2026-03-08 14-39-30.348 [Debug] (process_args) -trees was found: 1
2026-03-08 14-39-30.348 [Debug] (process_args) -nf was found: /lustre/orion/stf008/proj-shared/hvac/copper-cug/copper_logs/node_file.txt
2026-03-08 14-39-30.348 [Debug] (process_args) -max_cacheable_byte_size was found: 10485760
2026-03-08 14-39-30.348 [Debug] (process_args) -facility_address_book was found: /sw/frontier/ums/ums046/copper/olcf_copper_addressbook.txt
2026-03-08 14-39-30.348 [Info] (cu_hello_main) copper address located at path: /lustre/orion/stf008/proj-shared/hvac/copper-cug/copper_logs/copper_address_book.txt
2026-03-08 14-39-30.348 [Info] (cu_hello_main) facility address book filename path: /sw/frontier/ums/ums046/copper/olcf_copper_addressbook.txt
2026-03-08 14-39-30.348 [Info] (cu_hello_main) output filename path: /lustre/orion/stf008/proj-shared/hvac/copper-cug/copper_logs/frontier00073-1721674-output.log
2026-03-08 14-39-30.368 [Debug] (cu_hello_main)  
2026-03-08 14-39-30.368 [Info] (cu_hello_main) hostname found to be: frontier01213
2026-03-08 14-39-30.368 [Debug] (process_args) -tpath was found: /
2026-03-08 14-39-30.368 [Debug] (process_args) -vpath was found: /tmp/khana/copper
2026-03-08 14-39-30.368 [Debug] (process_args) -log_level was found: 6
2026-03-08 14-39-30.368 [Debug] (process_args) -log_type was found: file
2026-03-08 14-39-30.368 [Debug] (process_args) -log_output_dir was found: /lustre/orion/stf008/proj-shared/hvac/copper-cug/copper_logs
2026-03-08 14-39-30.368 [Debug] (process_args) -net_type was found: cxi://cxi1
2026-03-08 14-39-30.368 [Debug] (process_args) -trees was found: 1
2026-03-08 14-39-30.368 [Debug] (process_args) -nf was found: /lustre/orion/stf008/proj-shared/hvac/copper-cug/copper_logs/node_file.txt
2026-03-08 14-39-30.368 [Debug] (process_args) -max_cacheable_byte_size was found: 10485760
2026-03-08 14-39-30.368 [Debug] (process_args) -facility_address_book was found: /sw/frontier/ums/ums046/copper/olcf_copper_addressbook.txt
2026-03-08 14-39-30.368 [Info] (cu_hello_main) copper address located at path: /lustre/orion/stf008/proj-shared/hvac/copper-cug/copper_logs/copper_address_book.txt
2026-03-08 14-39-30.368 [Info] (cu_hello_main) facility address book filename path: /sw/frontier/ums/ums046/copper/olcf_copper_addressbook.txt
2026-03-08 14-39-30.368 [Info] (cu_hello_main) output filename path: /lustre/orion/stf008/proj-shared/hvac/copper-cug/copper_logs/frontier01213-249254-output.log
2026-03-08 14-39-30.372 [Debug] (cu_hello_main)  
2026-03-08 14-39-30.372 [Info] (cu_hello_main) hostname found to be: frontier09399
2026-03-08 14-39-30.372 [Debug] (process_args) -tpath was found: /
2026-03-08 14-39-30.372 [Debug] (process_args) -vpath was found: /tmp/khana/copper
2026-03-08 14-39-30.372 [Debug] (process_args) -log_level was found: 6
2026-03-08 14-39-30.372 [Debug] (process_args) -log_type was found: file
2026-03-08 14-39-30.372 [Debug] (process_args) -log_output_dir was found: /lustre/orion/stf008/proj-shared/hvac/copper-cug/copper_logs
2026-03-08 14-39-30.372 [Debug] (process_args) -net_type was found: cxi://cxi1
2026-03-08 14-39-30.372 [Debug] (process_args) -trees was found: 1
2026-03-08 14-39-30.372 [Debug] (process_args) -nf was found: /lustre/orion/stf008/proj-shared/hvac/copper-cug/copper_logs/node_file.txt
2026-03-08 14-39-30.372 [Debug] (process_args) -max_cacheable_byte_size was found: 10485760
2026-03-08 14-39-30.372 [Debug] (process_args) -facility_address_book was found: /sw/frontier/ums/ums046/copper/olcf_copper_addressbook.txt
2026-03-08 14-39-30.372 [Info] (cu_hello_main) copper address located at path: /lustre/orion/stf008/proj-shared/hvac/copper-cug/copper_logs/copper_address_book.txt
2026-03-08 14-39-30.372 [Info] (cu_hello_main) facility address book filename path: /sw/frontier/ums/ums046/copper/olcf_copper_addressbook.txt
2026-03-08 14-39-30.372 [Info] (cu_hello_main) output filename path: /lustre/orion/stf008/proj-shared/hvac/copper-cug/copper_logs/frontier09399-1552276-output.log
2026-03-08 14-39-30.373 [Debug] (cu_hello_main)  
2026-03-08 14-39-30.373 [Info] (cu_hello_main) hostname found to be: frontier07863
2026-03-08 14-39-30.373 [Debug] (process_args) -tpath was found: /
2026-03-08 14-39-30.373 [Debug] (process_args) -vpath was found: /tmp/khana/copper
2026-03-08 14-39-30.373 [Debug] (process_args) -log_level was found: 6
2026-03-08 14-39-30.373 [Debug] (process_args) -log_type was found: file
2026-03-08 14-39-30.373 [Debug] (process_args) -log_output_dir was found: /lustre/orion/stf008/proj-shared/hvac/copper-cug/copper_logs
2026-03-08 14-39-30.373 [Debug] (process_args) -net_type was found: cxi://cxi1
2026-03-08 14-39-30.373 [Debug] (process_args) -trees was found: 1
2026-03-08 14-39-30.373 [Debug] (process_args) -nf was found: /lustre/orion/stf008/proj-shared/hvac/copper-cug/copper_logs/node_file.txt
2026-03-08 14-39-30.373 [Debug] (process_args) -max_cacheable_byte_size was found: 10485760
2026-03-08 14-39-30.373 [Debug] (process_args) -facility_address_book was found: /sw/frontier/ums/ums046/copper/olcf_copper_addressbook.txt
2026-03-08 14-39-30.373 [Info] (cu_hello_main) copper address located at path: /lustre/orion/stf008/proj-shared/hvac/copper-cug/copper_logs/copper_address_book.txt
2026-03-08 14-39-30.373 [Info] (cu_hello_main) facility address book filename path: /sw/frontier/ums/ums046/copper/olcf_copper_addressbook.txt
2026-03-08 14-39-30.373 [Info] (cu_hello_main) output filename path: /lustre/orion/stf008/proj-shared/hvac/copper-cug/copper_logs/frontier07863-472125-output.log
2026-03-08 14-39-30.373 [Debug] (cu_hello_main)  
2026-03-08 14-39-30.373 [Info] (cu_hello_main) hostname found to be: frontier07227
2026-03-08 14-39-30.373 [Debug] (process_args) -tpath was found: /
2026-03-08 14-39-30.373 [Debug] (process_args) -vpath was found: /tmp/khana/copper
2026-03-08 14-39-30.373 [Debug] (process_args) -log_level was found: 6
2026-03-08 14-39-30.373 [Debug] (process_args) -log_type was found: file
2026-03-08 14-39-30.373 [Debug] (process_args) -log_output_dir was found: /lustre/orion/stf008/proj-shared/hvac/copper-cug/copper_logs
2026-03-08 14-39-30.373 [Debug] (process_args) -net_type was found: cxi://cxi1
2026-03-08 14-39-30.373 [Debug] (process_args) -trees was found: 1
2026-03-08 14-39-30.373 [Debug] (process_args) -nf was found: /lustre/orion/stf008/proj-shared/hvac/copper-cug/copper_logs/node_file.txt
2026-03-08 14-39-30.373 [Debug] (process_args) -max_cacheable_byte_size was found: 10485760
2026-03-08 14-39-30.373 [Debug] (process_args) -facility_address_book was found: /sw/frontier/ums/ums046/copper/olcf_copper_addressbook.txt
2026-03-08 14-39-30.373 [Info] (cu_hello_main) copper address located at path: /lustre/orion/stf008/proj-shared/hvac/copper-cug/copper_logs/copper_address_book.txt
2026-03-08 14-39-30.373 [Info] (cu_hello_main) facility address book filename path: /sw/frontier/ums/ums046/copper/olcf_copper_addressbook.txt
2026-03-08 14-39-30.373 [Info] (cu_hello_main) output filename path: /lustre/orion/stf008/proj-shared/hvac/copper-cug/copper_logs/frontier07227-485457-output.log
2026-03-08 14-39-30.373 [Debug] (cu_hello_main)  
2026-03-08 14-39-30.373 [Info] (cu_hello_main) hostname found to be: frontier07732
2026-03-08 14-39-30.373 [Debug] (process_args) -tpath was found: /
2026-03-08 14-39-30.373 [Debug] (process_args) -vpath was found: /tmp/khana/copper
2026-03-08 14-39-30.373 [Debug] (process_args) -log_level was found: 6
2026-03-08 14-39-30.373 [Debug] (process_args) -log_type was found: file
2026-03-08 14-39-30.373 [Debug] (process_args) -log_output_dir was found: /lustre/orion/stf008/proj-shared/hvac/copper-cug/copper_logs
2026-03-08 14-39-30.373 [Debug] (process_args) -net_type was found: cxi://cxi1
2026-03-08 14-39-30.373 [Debug] (process_args) -trees was found: 1
2026-03-08 14-39-30.373 [Debug] (process_args) -nf was found: /lustre/orion/stf008/proj-shared/hvac/copper-cug/copper_logs/node_file.txt
2026-03-08 14-39-30.373 [Debug] (process_args) -max_cacheable_byte_size was found: 10485760
2026-03-08 14-39-30.373 [Debug] (process_args) -facility_address_book was found: /sw/frontier/ums/ums046/copper/olcf_copper_addressbook.txt
2026-03-08 14-39-30.373 [Info] (cu_hello_main) copper address located at path: /lustre/orion/stf008/proj-shared/hvac/copper-cug/copper_logs/copper_address_book.txt
2026-03-08 14-39-30.373 [Info] (cu_hello_main) facility address book filename path: /sw/frontier/ums/ums046/copper/olcf_copper_addressbook.txt
2026-03-08 14-39-30.373 [Info] (cu_hello_main) output filename path: /lustre/orion/stf008/proj-shared/hvac/copper-cug/copper_logs/frontier07732-994656-output.log
2026-03-08 14-39-30.373 [Debug] (cu_hello_main)  
2026-03-08 14-39-30.373 [Info] (cu_hello_main) hostname found to be: frontier04041
2026-03-08 14-39-30.373 [Debug] (process_args) -tpath was found: /
2026-03-08 14-39-30.373 [Debug] (process_args) -vpath was found: /tmp/khana/copper
2026-03-08 14-39-30.373 [Debug] (process_args) -log_level was found: 6
2026-03-08 14-39-30.373 [Debug] (process_args) -log_type was found: file
2026-03-08 14-39-30.373 [Debug] (process_args) -log_output_dir was found: /lustre/orion/stf008/proj-shared/hvac/copper-cug/copper_logs
2026-03-08 14-39-30.373 [Debug] (process_args) -net_type was found: cxi://cxi1
2026-03-08 14-39-30.373 [Debug] (process_args) -trees was found: 1
2026-03-08 14-39-30.373 [Debug] (cu_hello_main)  
2026-03-08 14-39-30.373 [Info] (cu_hello_main) hostname found to be: frontier02642
2026-03-08 14-39-30.373 [Debug] (process_args) -nf was found: /lustre/orion/stf008/proj-shared/hvac/copper-cug/copper_logs/node_file.txt
2026-03-08 14-39-30.373 [Debug] (process_args) -max_cacheable_byte_size was found: 10485760
2026-03-08 14-39-30.374 [Debug] (process_args) -facility_address_book was found: /sw/frontier/ums/ums046/copper/olcf_copper_addressbook.txt
2026-03-08 14-39-30.374 [Debug] (process_args) -tpath was found: /
2026-03-08 14-39-30.374 [Debug] (process_args) -vpath was found: /tmp/khana/copper
2026-03-08 14-39-30.374 [Debug] (process_args) -log_level was found: 6
2026-03-08 14-39-30.374 [Debug] (process_args) -log_type was found: file
2026-03-08 14-39-30.374 [Debug] (process_args) -log_output_dir was found: /lustre/orion/stf008/proj-shared/hvac/copper-cug/copper_logs
2026-03-08 14-39-30.374 [Debug] (process_args) -net_type was found: cxi://cxi1
2026-03-08 14-39-30.374 [Debug] (process_args) -trees was found: 1
2026-03-08 14-39-30.374 [Debug] (cu_hello_main)  
2026-03-08 14-39-30.374 [Info] (cu_hello_main) hostname found to be: frontier03017
2026-03-08 14-39-30.374 [Info] (cu_hello_main) copper address located at path: /lustre/orion/stf008/proj-shared/hvac/copper-cug/copper_logs/copper_address_book.txt
2026-03-08 14-39-30.374 [Debug] (process_args) -nf was found: /lustre/orion/stf008/proj-shared/hvac/copper-cug/copper_logs/node_file.txt
2026-03-08 14-39-30.374 [Debug] (process_args) -max_cacheable_byte_size was found: 10485760
2026-03-08 14-39-30.374 [Debug] (process_args) -facility_address_book was found: /sw/frontier/ums/ums046/copper/olcf_copper_addressbook.txt
2026-03-08 14-39-30.374 [Debug] (process_args) -tpath was found: /
2026-03-08 14-39-30.374 [Debug] (process_args) -vpath was found: /tmp/khana/copper
2026-03-08 14-39-30.374 [Debug] (process_args) -log_level was found: 6
2026-03-08 14-39-30.374 [Debug] (process_args) -log_type was found: file
2026-03-08 14-39-30.374 [Debug] (process_args) -log_output_dir was found: /lustre/orion/stf008/proj-shared/hvac/copper-cug/copper_logs
2026-03-08 14-39-30.374 [Info] (cu_hello_main) facility address book filename path: /sw/frontier/ums/ums046/copper/olcf_copper_addressbook.txt
2026-03-08 14-39-30.374 [Info] (cu_hello_main) copper address located at path: /lustre/orion/stf008/proj-shared/hvac/copper-cug/copper_logs/copper_address_book.txt
2026-03-08 14-39-30.374 [Debug] (process_args) -net_type was found: cxi://cxi1
2026-03-08 14-39-30.374 [Debug] (process_args) -trees was found: 1
2026-03-08 14-39-30.374 [Debug] (process_args) -nf was found: /lustre/orion/stf008/proj-shared/hvac/copper-cug/copper_logs/node_file.txt
2026-03-08 14-39-30.374 [Debug] (process_args) -max_cacheable_byte_size was found: 10485760
2026-03-08 14-39-30.374 [Debug] (process_args) -facility_address_book was found: /sw/frontier/ums/ums046/copper/olcf_copper_addressbook.txt
2026-03-08 14-39-30.374 [Info] (cu_hello_main) output filename path: /lustre/orion/stf008/proj-shared/hvac/copper-cug/copper_logs/frontier04041-1085519-output.log
2026-03-08 14-39-30.374 [Info] (cu_hello_main) facility address book filename path: /sw/frontier/ums/ums046/copper/olcf_copper_addressbook.txt
2026-03-08 14-39-30.374 [Info] (cu_hello_main) copper address located at path: /lustre/orion/stf008/proj-shared/hvac/copper-cug/copper_logs/copper_address_book.txt
2026-03-08 14-39-30.374 [Info] (cu_hello_main) facility address book filename path: /sw/frontier/ums/ums046/copper/olcf_copper_addressbook.txt
2026-03-08 14-39-30.374 [Info] (cu_hello_main) output filename path: /lustre/orion/stf008/proj-shared/hvac/copper-cug/copper_logs/frontier02642-472878-output.log
2026-03-08 14-39-30.374 [Info] (cu_hello_main) output filename path: /lustre/orion/stf008/proj-shared/hvac/copper-cug/copper_logs/frontier03017-962913-output.log
2026-03-08 14-39-30.374 [Debug] (cu_hello_main)  
2026-03-08 14-39-30.374 [Info] (cu_hello_main) hostname found to be: frontier02901
2026-03-08 14-39-30.374 [Debug] (process_args) -tpath was found: /
2026-03-08 14-39-30.374 [Debug] (process_args) -vpath was found: /tmp/khana/copper
2026-03-08 14-39-30.374 [Debug] (process_args) -log_level was found: 6
2026-03-08 14-39-30.374 [Debug] (process_args) -log_type was found: file
2026-03-08 14-39-30.374 [Debug] (process_args) -log_output_dir was found: /lustre/orion/stf008/proj-shared/hvac/copper-cug/copper_logs
2026-03-08 14-39-30.374 [Debug] (process_args) -net_type was found: cxi://cxi1
2026-03-08 14-39-30.374 [Debug] (process_args) -trees was found: 1
2026-03-08 14-39-30.374 [Debug] (process_args) -nf was found: /lustre/orion/stf008/proj-shared/hvac/copper-cug/copper_logs/node_file.txt
2026-03-08 14-39-30.374 [Debug] (process_args) -max_cacheable_byte_size was found: 10485760
2026-03-08 14-39-30.374 [Debug] (cu_hello_main)  
2026-03-08 14-39-30.374 [Info] (cu_hello_main) hostname found to be: frontier06066
2026-03-08 14-39-30.374 [Debug] (process_args) -tpath was found: /
2026-03-08 14-39-30.374 [Debug] (process_args) -vpath was found: /tmp/khana/copper
2026-03-08 14-39-30.374 [Debug] (process_args) -log_level was found: 6
2026-03-08 14-39-30.374 [Debug] (process_args) -facility_address_book was found: /sw/frontier/ums/ums046/copper/olcf_copper_addressbook.txt
2026-03-08 14-39-30.374 [Debug] (process_args) -log_type was found: file
2026-03-08 14-39-30.374 [Debug] (process_args) -log_output_dir was found: /lustre/orion/stf008/proj-shared/hvac/copper-cug/copper_logs
2026-03-08 14-39-30.374 [Debug] (process_args) -net_type was found: cxi://cxi1
2026-03-08 14-39-30.374 [Debug] (process_args) -trees was found: 1
2026-03-08 14-39-30.374 [Debug] (process_args) -nf was found: /lustre/orion/stf008/proj-shared/hvac/copper-cug/copper_logs/node_file.txt
2026-03-08 14-39-30.374 [Info] (cu_hello_main) copper address located at path: /lustre/orion/stf008/proj-shared/hvac/copper-cug/copper_logs/copper_address_book.txt
2026-03-08 14-39-30.374 [Debug] (process_args) -max_cacheable_byte_size was found: 10485760
2026-03-08 14-39-30.374 [Debug] (process_args) -facility_address_book was found: /sw/frontier/ums/ums046/copper/olcf_copper_addressbook.txt
2026-03-08 14-39-30.374 [Info] (cu_hello_main) copper address located at path: /lustre/orion/stf008/proj-shared/hvac/copper-cug/copper_logs/copper_address_book.txt
2026-03-08 14-39-30.374 [Info] (cu_hello_main) facility address book filename path: /sw/frontier/ums/ums046/copper/olcf_copper_addressbook.txt
2026-03-08 14-39-30.374 [Info] (cu_hello_main) facility address book filename path: /sw/frontier/ums/ums046/copper/olcf_copper_addressbook.txt
2026-03-08 14-39-30.374 [Info] (cu_hello_main) output filename path: /lustre/orion/stf008/proj-shared/hvac/copper-cug/copper_logs/frontier06066-1519672-output.log
2026-03-08 14-39-30.374 [Info] (cu_hello_main) output filename path: /lustre/orion/stf008/proj-shared/hvac/copper-cug/copper_logs/frontier02901-611803-output.log
2026-03-08 14-39-30.374 [Debug] (cu_hello_main)  
2026-03-08 14-39-30.374 [Info] (cu_hello_main) hostname found to be: frontier09145
2026-03-08 14-39-30.374 [Debug] (process_args) -tpath was found: /
2026-03-08 14-39-30.374 [Debug] (process_args) -vpath was found: /tmp/khana/copper
2026-03-08 14-39-30.374 [Debug] (process_args) -log_level was found: 6
2026-03-08 14-39-30.374 [Debug] (process_args) -log_type was found: file
2026-03-08 14-39-30.374 [Debug] (process_args) -log_output_dir was found: /lustre/orion/stf008/proj-shared/hvac/copper-cug/copper_logs
2026-03-08 14-39-30.374 [Debug] (process_args) -net_type was found: cxi://cxi1
2026-03-08 14-39-30.374 [Debug] (process_args) -trees was found: 1
2026-03-08 14-39-30.374 [Debug] (process_args) -nf was found: /lustre/orion/stf008/proj-shared/hvac/copper-cug/copper_logs/node_file.txt
2026-03-08 14-39-30.374 [Debug] (process_args) -max_cacheable_byte_size was found: 10485760
2026-03-08 14-39-30.374 [Debug] (process_args) -facility_address_book was found: /sw/frontier/ums/ums046/copper/olcf_copper_addressbook.txt
2026-03-08 14-39-30.374 [Info] (cu_hello_main) copper address located at path: /lustre/orion/stf008/proj-shared/hvac/copper-cug/copper_logs/copper_address_book.txt
2026-03-08 14-39-30.374 [Info] (cu_hello_main) facility address book filename path: /sw/frontier/ums/ums046/copper/olcf_copper_addressbook.txt
2026-03-08 14-39-30.374 [Info] (cu_hello_main) output filename path: /lustre/orion/stf008/proj-shared/hvac/copper-cug/copper_logs/frontier09145-1403819-output.log
2026-03-08 14-39-30.374 [Debug] (cu_hello_main)  
2026-03-08 14-39-30.375 [Info] (cu_hello_main) hostname found to be: frontier01343
2026-03-08 14-39-30.375 [Debug] (process_args) -tpath was found: /
2026-03-08 14-39-30.375 [Debug] (process_args) -vpath was found: /tmp/khana/copper
2026-03-08 14-39-30.375 [Debug] (process_args) -log_level was found: 6
2026-03-08 14-39-30.375 [Debug] (process_args) -log_type was found: file
2026-03-08 14-39-30.375 [Debug] (process_args) -log_output_dir was found: /lustre/orion/stf008/proj-shared/hvac/copper-cug/copper_logs
2026-03-08 14-39-30.375 [Debug] (process_args) -net_type was found: cxi://cxi1
2026-03-08 14-39-30.375 [Debug] (process_args) -trees was found: 1
2026-03-08 14-39-30.375 [Debug] (process_args) -nf was found: /lustre/orion/stf008/proj-shared/hvac/copper-cug/copper_logs/node_file.txt
2026-03-08 14-39-30.375 [Debug] (process_args) -max_cacheable_byte_size was found: 10485760
2026-03-08 14-39-30.375 [Debug] (process_args) -facility_address_book was found: /sw/frontier/ums/ums046/copper/olcf_copper_addressbook.txt
2026-03-08 14-39-30.375 [Info] (cu_hello_main) copper address located at path: /lustre/orion/stf008/proj-shared/hvac/copper-cug/copper_logs/copper_address_book.txt
2026-03-08 14-39-30.375 [Info] (cu_hello_main) facility address book filename path: /sw/frontier/ums/ums046/copper/olcf_copper_addressbook.txt
2026-03-08 14-39-30.375 [Info] (cu_hello_main) output filename path: /lustre/orion/stf008/proj-shared/hvac/copper-cug/copper_logs/frontier01343-266476-output.log
2026-03-08 14-39-30.375 [Debug] (cu_hello_main)  
2026-03-08 14-39-30.375 [Info] (cu_hello_main) hostname found to be: frontier03538
2026-03-08 14-39-30.375 [Debug] (process_args) -tpath was found: /
2026-03-08 14-39-30.375 [Debug] (process_args) -vpath was found: /tmp/khana/copper
2026-03-08 14-39-30.375 [Debug] (process_args) -log_level was found: 6
2026-03-08 14-39-30.375 [Debug] (process_args) -log_type was found: file
2026-03-08 14-39-30.375 [Debug] (process_args) -log_output_dir was found: /lustre/orion/stf008/proj-shared/hvac/copper-cug/copper_logs
2026-03-08 14-39-30.375 [Debug] (process_args) -net_type was found: cxi://cxi1
2026-03-08 14-39-30.375 [Debug] (process_args) -trees was found: 1
2026-03-08 14-39-30.375 [Debug] (process_args) -nf was found: /lustre/orion/stf008/proj-shared/hvac/copper-cug/copper_logs/node_file.txt
2026-03-08 14-39-30.375 [Debug] (process_args) -max_cacheable_byte_size was found: 10485760
2026-03-08 14-39-30.375 [Debug] (process_args) -facility_address_book was found: /sw/frontier/ums/ums046/copper/olcf_copper_addressbook.txt
2026-03-08 14-39-30.375 [Info] (cu_hello_main) copper address located at path: /lustre/orion/stf008/proj-shared/hvac/copper-cug/copper_logs/copper_address_book.txt
2026-03-08 14-39-30.375 [Info] (cu_hello_main) facility address book filename path: /sw/frontier/ums/ums046/copper/olcf_copper_addressbook.txt
2026-03-08 14-39-30.375 [Info] (cu_hello_main) output filename path: /lustre/orion/stf008/proj-shared/hvac/copper-cug/copper_logs/frontier03538-1553804-output.log
2026-03-08 14-39-30.375 [Debug] (cu_hello_main)  
2026-03-08 14-39-30.375 [Info] (cu_hello_main) hostname found to be: frontier04179
2026-03-08 14-39-30.375 [Debug] (process_args) -tpath was found: /
2026-03-08 14-39-30.375 [Debug] (process_args) -vpath was found: /tmp/khana/copper
2026-03-08 14-39-30.375 [Debug] (cu_hello_main)  
2026-03-08 14-39-30.375 [Info] (cu_hello_main) hostname found to be: frontier07091
2026-03-08 14-39-30.375 [Debug] (process_args) -tpath was found: /
2026-03-08 14-39-30.375 [Debug] (process_args) -vpath was found: /tmp/khana/copper
2026-03-08 14-39-30.375 [Debug] (cu_hello_main)  
2026-03-08 14-39-30.375 [Info] (cu_hello_main) hostname found to be: frontier10168
2026-03-08 14-39-30.375 [Debug] (process_args) -tpath was found: /
2026-03-08 14-39-30.375 [Debug] (process_args) -vpath was found: /tmp/khana/copper
2026-03-08 14-39-30.375 [Debug] (process_args) -log_level was found: 6
2026-03-08 14-39-30.375 [Debug] (process_args) -log_type was found: file
2026-03-08 14-39-30.375 [Debug] (process_args) -log_output_dir was found: /lustre/orion/stf008/proj-shared/hvac/copper-cug/copper_logs
2026-03-08 14-39-30.375 [Debug] (process_args) -net_type was found: cxi://cxi1
2026-03-08 14-39-30.375 [Debug] (process_args) -trees was found: 1
2026-03-08 14-39-30.375 [Debug] (process_args) -nf was found: /lustre/orion/stf008/proj-shared/hvac/copper-cug/copper_logs/node_file.txt
2026-03-08 14-39-30.375 [Debug] (process_args) -log_level was found: 6
2026-03-08 14-39-30.375 [Debug] (process_args) -log_type was found: file
2026-03-08 14-39-30.375 [Debug] (process_args) -log_output_dir was found: /lustre/orion/stf008/proj-shared/hvac/copper-cug/copper_logs
2026-03-08 14-39-30.375 [Debug] (process_args) -net_type was found: cxi://cxi1
2026-03-08 14-39-30.375 [Debug] (process_args) -trees was found: 1
2026-03-08 14-39-30.375 [Debug] (process_args) -nf was found: /lustre/orion/stf008/proj-shared/hvac/copper-cug/copper_logs/node_file.txt
2026-03-08 14-39-30.375 [Debug] (process_args) -max_cacheable_byte_size was found: 10485760
2026-03-08 14-39-30.375 [Debug] (process_args) -log_level was found: 6
2026-03-08 14-39-30.375 [Debug] (process_args) -log_type was found: file
2026-03-08 14-39-30.375 [Debug] (process_args) -log_output_dir was found: /lustre/orion/stf008/proj-shared/hvac/copper-cug/copper_logs
2026-03-08 14-39-30.375 [Debug] (process_args) -net_type was found: cxi://cxi1
2026-03-08 14-39-30.375 [Debug] (process_args) -trees was found: 1
2026-03-08 14-39-30.375 [Debug] (process_args) -nf was found: /lustre/orion/stf008/proj-shared/hvac/copper-cug/copper_logs/node_file.txt
2026-03-08 14-39-30.375 [Debug] (process_args) -max_cacheable_byte_size was found: 10485760
2026-03-08 14-39-30.375 [Debug] (process_args) -max_cacheable_byte_size was found: 10485760
2026-03-08 14-39-30.375 [Debug] (process_args) -facility_address_book was found: /sw/frontier/ums/ums046/copper/olcf_copper_addressbook.txt
2026-03-08 14-39-30.375 [Info] (cu_hello_main) copper address located at path: /lustre/orion/stf008/proj-shared/hvac/copper-cug/copper_logs/copper_address_book.txt
2026-03-08 14-39-30.375 [Info] (cu_hello_main) facility address book filename path: /sw/frontier/ums/ums046/copper/olcf_copper_addressbook.txt
2026-03-08 14-39-30.375 [Info] (cu_hello_main) output filename path: /lustre/orion/stf008/proj-shared/hvac/copper-cug/copper_logs/frontier10168-1279064-output.log
2026-03-08 14-39-30.375 [Debug] (cu_hello_main)  
2026-03-08 14-39-30.375 [Info] (cu_hello_main) hostname found to be: frontier05948
2026-03-08 14-39-30.375 [Debug] (process_args) -tpath was found: /
2026-03-08 14-39-30.375 [Debug] (process_args) -vpath was found: /tmp/khana/copper
2026-03-08 14-39-30.375 [Debug] (process_args) -log_level was found: 6
2026-03-08 14-39-30.375 [Debug] (process_args) -facility_address_book was found: /sw/frontier/ums/ums046/copper/olcf_copper_addressbook.txt
2026-03-08 14-39-30.375 [Info] (cu_hello_main) copper address located at path: /lustre/orion/stf008/proj-shared/hvac/copper-cug/copper_logs/copper_address_book.txt
2026-03-08 14-39-30.375 [Info] (cu_hello_main) facility address book filename path: /sw/frontier/ums/ums046/copper/olcf_copper_addressbook.txt
2026-03-08 14-39-30.375 [Debug] (process_args) -facility_address_book was found: /sw/frontier/ums/ums046/copper/olcf_copper_addressbook.txt
2026-03-08 14-39-30.375 [Info] (cu_hello_main) copper address located at path: /lustre/orion/stf008/proj-shared/hvac/copper-cug/copper_logs/copper_address_book.txt
2026-03-08 14-39-30.375 [Info] (cu_hello_main) facility address book filename path: /sw/frontier/ums/ums046/copper/olcf_copper_addressbook.txt
2026-03-08 14-39-30.375 [Info] (cu_hello_main) output filename path: /lustre/orion/stf008/proj-shared/hvac/copper-cug/copper_logs/frontier07091-1080952-output.log
2026-03-08 14-39-30.375 [Debug] (process_args) -log_type was found: file
2026-03-08 14-39-30.375 [Debug] (process_args) -log_output_dir was found: /lustre/orion/stf008/proj-shared/hvac/copper-cug/copper_logs
2026-03-08 14-39-30.375 [Debug] (process_args) -net_type was found: cxi://cxi1
2026-03-08 14-39-30.375 [Debug] (process_args) -trees was found: 1
2026-03-08 14-39-30.375 [Debug] (process_args) -nf was found: /lustre/orion/stf008/proj-shared/hvac/copper-cug/copper_logs/node_file.txt
2026-03-08 14-39-30.375 [Debug] (process_args) -max_cacheable_byte_size was found: 10485760
2026-03-08 14-39-30.375 [Debug] (process_args) -facility_address_book was found: /sw/frontier/ums/ums046/copper/olcf_copper_addressbook.txt
2026-03-08 14-39-30.375 [Info] (cu_hello_main) output filename path: /lustre/orion/stf008/proj-shared/hvac/copper-cug/copper_logs/frontier04179-581176-output.log
2026-03-08 14-39-30.375 [Info] (cu_hello_main) copper address located at path: /lustre/orion/stf008/proj-shared/hvac/copper-cug/copper_logs/copper_address_book.txt
2026-03-08 14-39-30.375 [Info] (cu_hello_main) facility address book filename path: /sw/frontier/ums/ums046/copper/olcf_copper_addressbook.txt
2026-03-08 14-39-30.375 [Info] (cu_hello_main) output filename path: /lustre/orion/stf008/proj-shared/hvac/copper-cug/copper_logs/frontier05948-565187-output.log
2026-03-08 14-39-30.375 [Debug] (cu_hello_main)  
2026-03-08 14-39-30.375 [Info] (cu_hello_main) hostname found to be: frontier04306
2026-03-08 14-39-30.375 [Debug] (process_args) -tpath was found: /
2026-03-08 14-39-30.375 [Debug] (process_args) -vpath was found: /tmp/khana/copper
2026-03-08 14-39-30.375 [Debug] (process_args) -log_level was found: 6
2026-03-08 14-39-30.375 [Debug] (process_args) -log_type was found: file
2026-03-08 14-39-30.375 [Debug] (process_args) -log_output_dir was found: /lustre/orion/stf008/proj-shared/hvac/copper-cug/copper_logs
2026-03-08 14-39-30.375 [Debug] (process_args) -net_type was found: cxi://cxi1
2026-03-08 14-39-30.375 [Debug] (process_args) -trees was found: 1
2026-03-08 14-39-30.375 [Debug] (process_args) -nf was found: /lustre/orion/stf008/proj-shared/hvac/copper-cug/copper_logs/node_file.txt
2026-03-08 14-39-30.375 [Debug] (process_args) -max_cacheable_byte_size was found: 10485760
2026-03-08 14-39-30.375 [Debug] (process_args) -facility_address_book was found: /sw/frontier/ums/ums046/copper/olcf_copper_addressbook.txt
2026-03-08 14-39-30.375 [Info] (cu_hello_main) copper address located at path: /lustre/orion/stf008/proj-shared/hvac/copper-cug/copper_logs/copper_address_book.txt
2026-03-08 14-39-30.375 [Info] (cu_hello_main) facility address book filename path: /sw/frontier/ums/ums046/copper/olcf_copper_addressbook.txt
2026-03-08 14-39-30.375 [Info] (cu_hello_main) output filename path: /lustre/orion/stf008/proj-shared/hvac/copper-cug/copper_logs/frontier04306-333079-output.log
2026-03-08 14-39-30.375 [Debug] (cu_hello_main)  
2026-03-08 14-39-30.376 [Info] (cu_hello_main) hostname found to be: frontier07353
2026-03-08 14-39-30.376 [Debug] (process_args) -tpath was found: /
2026-03-08 14-39-30.375 [Debug] (cu_hello_main)  
2026-03-08 14-39-30.376 [Info] (cu_hello_main) hostname found to be: frontier04692
2026-03-08 14-39-30.376 [Debug] (process_args) -tpath was found: /
2026-03-08 14-39-30.376 [Debug] (process_args) -vpath was found: /tmp/khana/copper
2026-03-08 14-39-30.376 [Debug] (process_args) -log_level was found: 6
2026-03-08 14-39-30.376 [Debug] (process_args) -vpath was found: /tmp/khana/copper
2026-03-08 14-39-30.376 [Debug] (process_args) -log_level was found: 6
2026-03-08 14-39-30.376 [Debug] (process_args) -log_type was found: file
2026-03-08 14-39-30.376 [Debug] (process_args) -log_output_dir was found: /lustre/orion/stf008/proj-shared/hvac/copper-cug/copper_logs
2026-03-08 14-39-30.376 [Debug] (process_args) -net_type was found: cxi://cxi1
2026-03-08 14-39-30.376 [Debug] (process_args) -trees was found: 1
2026-03-08 14-39-30.376 [Debug] (process_args) -log_type was found: file
2026-03-08 14-39-30.376 [Debug] (process_args) -log_output_dir was found: /lustre/orion/stf008/proj-shared/hvac/copper-cug/copper_logs
2026-03-08 14-39-30.376 [Debug] (process_args) -net_type was found: cxi://cxi1
2026-03-08 14-39-30.376 [Debug] (process_args) -trees was found: 1
2026-03-08 14-39-30.376 [Debug] (process_args) -nf was found: /lustre/orion/stf008/proj-shared/hvac/copper-cug/copper_logs/node_file.txt
2026-03-08 14-39-30.376 [Debug] (process_args) -max_cacheable_byte_size was found: 10485760
2026-03-08 14-39-30.376 [Debug] (process_args) -facility_address_book was found: /sw/frontier/ums/ums046/copper/olcf_copper_addressbook.txt
2026-03-08 14-39-30.376 [Debug] (process_args) -nf was found: /lustre/orion/stf008/proj-shared/hvac/copper-cug/copper_logs/node_file.txt
2026-03-08 14-39-30.376 [Debug] (process_args) -max_cacheable_byte_size was found: 10485760
2026-03-08 14-39-30.376 [Debug] (process_args) -facility_address_book was found: /sw/frontier/ums/ums046/copper/olcf_copper_addressbook.txt
2026-03-08 14-39-30.376 [Info] (cu_hello_main) copper address located at path: /lustre/orion/stf008/proj-shared/hvac/copper-cug/copper_logs/copper_address_book.txt
2026-03-08 14-39-30.376 [Info] (cu_hello_main) facility address book filename path: /sw/frontier/ums/ums046/copper/olcf_copper_addressbook.txt
2026-03-08 14-39-30.376 [Info] (cu_hello_main) output filename path: /lustre/orion/stf008/proj-shared/hvac/copper-cug/copper_logs/frontier04692-784011-output.log
2026-03-08 14-39-30.376 [Info] (cu_hello_main) copper address located at path: /lustre/orion/stf008/proj-shared/hvac/copper-cug/copper_logs/copper_address_book.txt
2026-03-08 14-39-30.376 [Info] (cu_hello_main) facility address book filename path: /sw/frontier/ums/ums046/copper/olcf_copper_addressbook.txt
2026-03-08 14-39-30.376 [Info] (cu_hello_main) output filename path: /lustre/orion/stf008/proj-shared/hvac/copper-cug/copper_logs/frontier07353-1316091-output.log
2026-03-08 14-39-30.376 [Debug] (cu_hello_main)  
2026-03-08 14-39-30.376 [Info] (cu_hello_main) hostname found to be: frontier00702
2026-03-08 14-39-30.376 [Debug] (process_args) -tpath was found: /
2026-03-08 14-39-30.376 [Debug] (process_args) -vpath was found: /tmp/khana/copper
2026-03-08 14-39-30.376 [Debug] (process_args) -log_level was found: 6
2026-03-08 14-39-30.376 [Debug] (process_args) -log_type was found: file
2026-03-08 14-39-30.376 [Debug] (process_args) -log_output_dir was found: /lustre/orion/stf008/proj-shared/hvac/copper-cug/copper_logs
2026-03-08 14-39-30.376 [Debug] (process_args) -net_type was found: cxi://cxi1
2026-03-08 14-39-30.376 [Debug] (process_args) -trees was found: 1
2026-03-08 14-39-30.376 [Debug] (process_args) -nf was found: /lustre/orion/stf008/proj-shared/hvac/copper-cug/copper_logs/node_file.txt
2026-03-08 14-39-30.376 [Debug] (process_args) -max_cacheable_byte_size was found: 10485760
2026-03-08 14-39-30.376 [Debug] (process_args) -facility_address_book was found: /sw/frontier/ums/ums046/copper/olcf_copper_addressbook.txt
2026-03-08 14-39-30.376 [Info] (cu_hello_main) copper address located at path: /lustre/orion/stf008/proj-shared/hvac/copper-cug/copper_logs/copper_address_book.txt
2026-03-08 14-39-30.376 [Info] (cu_hello_main) facility address book filename path: /sw/frontier/ums/ums046/copper/olcf_copper_addressbook.txt
2026-03-08 14-39-30.376 [Debug] (cu_hello_main)  
2026-03-08 14-39-30.376 [Info] (cu_hello_main) hostname found to be: frontier05944
2026-03-08 14-39-30.376 [Info] (cu_hello_main) output filename path: /lustre/orion/stf008/proj-shared/hvac/copper-cug/copper_logs/frontier00702-1423785-output.log
2026-03-08 14-39-30.376 [Debug] (process_args) -tpath was found: /
2026-03-08 14-39-30.376 [Debug] (process_args) -vpath was found: /tmp/khana/copper
2026-03-08 14-39-30.376 [Debug] (process_args) -log_level was found: 6
2026-03-08 14-39-30.376 [Debug] (process_args) -log_type was found: file
2026-03-08 14-39-30.376 [Debug] (process_args) -log_output_dir was found: /lustre/orion/stf008/proj-shared/hvac/copper-cug/copper_logs
2026-03-08 14-39-30.376 [Debug] (process_args) -net_type was found: cxi://cxi1
2026-03-08 14-39-30.376 [Debug] (process_args) -trees was found: 1
2026-03-08 14-39-30.376 [Debug] (process_args) -nf was found: /lustre/orion/stf008/proj-shared/hvac/copper-cug/copper_logs/node_file.txt
2026-03-08 14-39-30.376 [Debug] (process_args) -max_cacheable_byte_size was found: 10485760
2026-03-08 14-39-30.376 [Debug] (process_args) -facility_address_book was found: /sw/frontier/ums/ums046/copper/olcf_copper_addressbook.txt
2026-03-08 14-39-30.376 [Info] (cu_hello_main) copper address located at path: /lustre/orion/stf008/proj-shared/hvac/copper-cug/copper_logs/copper_address_book.txt
2026-03-08 14-39-30.376 [Info] (cu_hello_main) facility address book filename path: /sw/frontier/ums/ums046/copper/olcf_copper_addressbook.txt
2026-03-08 14-39-30.376 [Debug] (cu_hello_main)  
2026-03-08 14-39-30.376 [Info] (cu_hello_main) hostname found to be: frontier02885
2026-03-08 14-39-30.376 [Debug] (process_args) -tpath was found: /
2026-03-08 14-39-30.376 [Debug] (process_args) -vpath was found: /tmp/khana/copper
2026-03-08 14-39-30.376 [Debug] (process_args) -log_level was found: 6
2026-03-08 14-39-30.376 [Info] (cu_hello_main) output filename path: /lustre/orion/stf008/proj-shared/hvac/copper-cug/copper_logs/frontier05944-1226570-output.log
2026-03-08 14-39-30.376 [Debug] (process_args) -log_type was found: file
2026-03-08 14-39-30.376 [Debug] (process_args) -log_output_dir was found: /lustre/orion/stf008/proj-shared/hvac/copper-cug/copper_logs
2026-03-08 14-39-30.376 [Debug] (process_args) -net_type was found: cxi://cxi1
2026-03-08 14-39-30.376 [Debug] (process_args) -trees was found: 1
2026-03-08 14-39-30.376 [Debug] (process_args) -nf was found: /lustre/orion/stf008/proj-shared/hvac/copper-cug/copper_logs/node_file.txt
2026-03-08 14-39-30.376 [Debug] (process_args) -max_cacheable_byte_size was found: 10485760
2026-03-08 14-39-30.376 [Debug] (process_args) -facility_address_book was found: /sw/frontier/ums/ums046/copper/olcf_copper_addressbook.txt
2026-03-08 14-39-30.376 [Debug] (cu_hello_main)  
2026-03-08 14-39-30.376 [Info] (cu_hello_main) hostname found to be: frontier02132
2026-03-08 14-39-30.376 [Debug] (process_args) -tpath was found: /
2026-03-08 14-39-30.376 [Debug] (process_args) -vpath was found: /tmp/khana/copper
2026-03-08 14-39-30.376 [Debug] (process_args) -log_level was found: 6
2026-03-08 14-39-30.376 [Debug] (process_args) -log_type was found: file
2026-03-08 14-39-30.376 [Info] (cu_hello_main) copper address located at path: /lustre/orion/stf008/proj-shared/hvac/copper-cug/copper_logs/copper_address_book.txt
2026-03-08 14-39-30.376 [Info] (cu_hello_main) facility address book filename path: /sw/frontier/ums/ums046/copper/olcf_copper_addressbook.txt
2026-03-08 14-39-30.376 [Info] (cu_hello_main) output filename path: /lustre/orion/stf008/proj-shared/hvac/copper-cug/copper_logs/frontier02885-1987120-output.log
2026-03-08 14-39-30.376 [Debug] (process_args) -log_output_dir was found: /lustre/orion/stf008/proj-shared/hvac/copper-cug/copper_logs
2026-03-08 14-39-30.376 [Debug] (process_args) -net_type was found: cxi://cxi1
2026-03-08 14-39-30.376 [Debug] (process_args) -trees was found: 1
2026-03-08 14-39-30.376 [Debug] (process_args) -nf was found: /lustre/orion/stf008/proj-shared/hvac/copper-cug/copper_logs/node_file.txt
2026-03-08 14-39-30.376 [Debug] (process_args) -max_cacheable_byte_size was found: 10485760
2026-03-08 14-39-30.376 [Debug] (process_args) -facility_address_book was found: /sw/frontier/ums/ums046/copper/olcf_copper_addressbook.txt
2026-03-08 14-39-30.376 [Info] (cu_hello_main) copper address located at path: /lustre/orion/stf008/proj-shared/hvac/copper-cug/copper_logs/copper_address_book.txt
2026-03-08 14-39-30.376 [Info] (cu_hello_main) facility address book filename path: /sw/frontier/ums/ums046/copper/olcf_copper_addressbook.txt
2026-03-08 14-39-30.376 [Info] (cu_hello_main) output filename path: /lustre/orion/stf008/proj-shared/hvac/copper-cug/copper_logs/frontier02132-1587301-output.log
2026-03-08 14-39-30.377 [Debug] (cu_hello_main)  
2026-03-08 14-39-30.377 [Info] (cu_hello_main) hostname found to be: frontier01096
2026-03-08 14-39-30.377 [Debug] (process_args) -tpath was found: /
2026-03-08 14-39-30.377 [Debug] (process_args) -vpath was found: /tmp/khana/copper
2026-03-08 14-39-30.377 [Debug] (process_args) -log_level was found: 6
2026-03-08 14-39-30.377 [Debug] (process_args) -log_type was found: file
2026-03-08 14-39-30.377 [Debug] (process_args) -log_output_dir was found: /lustre/orion/stf008/proj-shared/hvac/copper-cug/copper_logs
2026-03-08 14-39-30.377 [Debug] (process_args) -net_type was found: cxi://cxi1
2026-03-08 14-39-30.377 [Debug] (process_args) -trees was found: 1
2026-03-08 14-39-30.377 [Debug] (process_args) -nf was found: /lustre/orion/stf008/proj-shared/hvac/copper-cug/copper_logs/node_file.txt
2026-03-08 14-39-30.377 [Debug] (process_args) -max_cacheable_byte_size was found: 10485760
2026-03-08 14-39-30.377 [Debug] (process_args) -facility_address_book was found: /sw/frontier/ums/ums046/copper/olcf_copper_addressbook.txt
2026-03-08 14-39-30.377 [Info] (cu_hello_main) copper address located at path: /lustre/orion/stf008/proj-shared/hvac/copper-cug/copper_logs/copper_address_book.txt
2026-03-08 14-39-30.377 [Info] (cu_hello_main) facility address book filename path: /sw/frontier/ums/ums046/copper/olcf_copper_addressbook.txt
2026-03-08 14-39-30.377 [Info] (cu_hello_main) output filename path: /lustre/orion/stf008/proj-shared/hvac/copper-cug/copper_logs/frontier01096-1206340-output.log
2026-03-08 14-39-30.377 [Debug] (cu_hello_main)  
2026-03-08 14-39-30.377 [Info] (cu_hello_main) hostname found to be: frontier05559
2026-03-08 14-39-30.377 [Debug] (process_args) -tpath was found: /
2026-03-08 14-39-30.377 [Debug] (process_args) -vpath was found: /tmp/khana/copper
2026-03-08 14-39-30.377 [Debug] (cu_hello_main)  
2026-03-08 14-39-30.377 [Info] (cu_hello_main) hostname found to be: frontier05154
2026-03-08 14-39-30.377 [Debug] (process_args) -tpath was found: /
2026-03-08 14-39-30.377 [Debug] (process_args) -vpath was found: /tmp/khana/copper
2026-03-08 14-39-30.377 [Debug] (process_args) -log_level was found: 6
2026-03-08 14-39-30.377 [Debug] (process_args) -log_level was found: 6
2026-03-08 14-39-30.377 [Debug] (process_args) -log_type was found: file
2026-03-08 14-39-30.377 [Debug] (process_args) -log_output_dir was found: /lustre/orion/stf008/proj-shared/hvac/copper-cug/copper_logs
2026-03-08 14-39-30.377 [Debug] (process_args) -net_type was found: cxi://cxi1
2026-03-08 14-39-30.377 [Debug] (process_args) -log_type was found: file
2026-03-08 14-39-30.377 [Debug] (process_args) -log_output_dir was found: /lustre/orion/stf008/proj-shared/hvac/copper-cug/copper_logs
2026-03-08 14-39-30.377 [Debug] (process_args) -net_type was found: cxi://cxi1
2026-03-08 14-39-30.377 [Debug] (process_args) -trees was found: 1
2026-03-08 14-39-30.377 [Debug] (process_args) -nf was found: /lustre/orion/stf008/proj-shared/hvac/copper-cug/copper_logs/node_file.txt
2026-03-08 14-39-30.377 [Debug] (process_args) -max_cacheable_byte_size was found: 10485760
2026-03-08 14-39-30.377 [Debug] (process_args) -facility_address_book was found: /sw/frontier/ums/ums046/copper/olcf_copper_addressbook.txt
2026-03-08 14-39-30.377 [Debug] (process_args) -trees was found: 1
2026-03-08 14-39-30.377 [Debug] (process_args) -nf was found: /lustre/orion/stf008/proj-shared/hvac/copper-cug/copper_logs/node_file.txt
2026-03-08 14-39-30.377 [Debug] (cu_hello_main)  
2026-03-08 14-39-30.377 [Info] (cu_hello_main) hostname found to be: frontier00840
2026-03-08 14-39-30.377 [Debug] (process_args) -tpath was found: /
2026-03-08 14-39-30.377 [Debug] (process_args) -vpath was found: /tmp/khana/copper
2026-03-08 14-39-30.377 [Debug] (process_args) -log_level was found: 6
2026-03-08 14-39-30.377 [Debug] (process_args) -log_type was found: file
2026-03-08 14-39-30.377 [Info] (cu_hello_main) copper address located at path: /lustre/orion/stf008/proj-shared/hvac/copper-cug/copper_logs/copper_address_book.txt
2026-03-08 14-39-30.377 [Info] (cu_hello_main) facility address book filename path: /sw/frontier/ums/ums046/copper/olcf_copper_addressbook.txt
2026-03-08 14-39-30.377 [Info] (cu_hello_main) output filename path: /lustre/orion/stf008/proj-shared/hvac/copper-cug/copper_logs/frontier05154-1349133-output.log
2026-03-08 14-39-30.377 [Debug] (process_args) -max_cacheable_byte_size was found: 10485760
2026-03-08 14-39-30.377 [Debug] (process_args) -log_output_dir was found: /lustre/orion/stf008/proj-shared/hvac/copper-cug/copper_logs
2026-03-08 14-39-30.377 [Debug] (process_args) -net_type was found: cxi://cxi1
2026-03-08 14-39-30.377 [Debug] (process_args) -trees was found: 1
2026-03-08 14-39-30.377 [Debug] (process_args) -nf was found: /lustre/orion/stf008/proj-shared/hvac/copper-cug/copper_logs/node_file.txt
2026-03-08 14-39-30.377 [Debug] (process_args) -max_cacheable_byte_size was found: 10485760
2026-03-08 14-39-30.377 [Debug] (process_args) -facility_address_book was found: /sw/frontier/ums/ums046/copper/olcf_copper_addressbook.txt
2026-03-08 14-39-30.377 [Debug] (cu_hello_main)  
2026-03-08 14-39-30.377 [Info] (cu_hello_main) hostname found to be: frontier02635
2026-03-08 14-39-30.377 [Debug] (process_args) -tpath was found: /
2026-03-08 14-39-30.377 [Debug] (process_args) -facility_address_book was found: /sw/frontier/ums/ums046/copper/olcf_copper_addressbook.txt
2026-03-08 14-39-30.377 [Info] (cu_hello_main) copper address located at path: /lustre/orion/stf008/proj-shared/hvac/copper-cug/copper_logs/copper_address_book.txt
2026-03-08 14-39-30.377 [Info] (cu_hello_main) facility address book filename path: /sw/frontier/ums/ums046/copper/olcf_copper_addressbook.txt
2026-03-08 14-39-30.377 [Info] (cu_hello_main) output filename path: /lustre/orion/stf008/proj-shared/hvac/copper-cug/copper_logs/frontier00840-1095475-output.log
2026-03-08 14-39-30.377 [Debug] (process_args) -vpath was found: /tmp/khana/copper
2026-03-08 14-39-30.377 [Debug] (process_args) -log_level was found: 6
2026-03-08 14-39-30.377 [Debug] (process_args) -log_type was found: file
2026-03-08 14-39-30.377 [Debug] (process_args) -log_output_dir was found: /lustre/orion/stf008/proj-shared/hvac/copper-cug/copper_logs
2026-03-08 14-39-30.377 [Debug] (process_args) -net_type was found: cxi://cxi1
2026-03-08 14-39-30.377 [Debug] (process_args) -trees was found: 1
2026-03-08 14-39-30.377 [Info] (cu_hello_main) copper address located at path: /lustre/orion/stf008/proj-shared/hvac/copper-cug/copper_logs/copper_address_book.txt
2026-03-08 14-39-30.377 [Debug] (cu_hello_main)  
2026-03-08 14-39-30.377 [Info] (cu_hello_main) hostname found to be: frontier08372
2026-03-08 14-39-30.377 [Debug] (process_args) -tpath was found: /
2026-03-08 14-39-30.377 [Debug] (process_args) -vpath was found: /tmp/khana/copper
2026-03-08 14-39-30.377 [Debug] (process_args) -log_level was found: 6
2026-03-08 14-39-30.377 [Debug] (process_args) -nf was found: /lustre/orion/stf008/proj-shared/hvac/copper-cug/copper_logs/node_file.txt
2026-03-08 14-39-30.377 [Debug] (process_args) -max_cacheable_byte_size was found: 10485760
2026-03-08 14-39-30.377 [Debug] (process_args) -facility_address_book was found: /sw/frontier/ums/ums046/copper/olcf_copper_addressbook.txt
2026-03-08 14-39-30.377 [Info] (cu_hello_main) facility address book filename path: /sw/frontier/ums/ums046/copper/olcf_copper_addressbook.txt
2026-03-08 14-39-30.377 [Debug] (process_args) -log_type was found: file
2026-03-08 14-39-30.377 [Debug] (process_args) -log_output_dir was found: /lustre/orion/stf008/proj-shared/hvac/copper-cug/copper_logs
2026-03-08 14-39-30.377 [Debug] (process_args) -net_type was found: cxi://cxi1
2026-03-08 14-39-30.377 [Debug] (process_args) -trees was found: 1
2026-03-08 14-39-30.377 [Debug] (process_args) -nf was found: /lustre/orion/stf008/proj-shared/hvac/copper-cug/copper_logs/node_file.txt
2026-03-08 14-39-30.377 [Debug] (process_args) -max_cacheable_byte_size was found: 10485760
2026-03-08 14-39-30.377 [Debug] (process_args) -facility_address_book was found: /sw/frontier/ums/ums046/copper/olcf_copper_addressbook.txt
2026-03-08 14-39-30.377 [Info] (cu_hello_main) copper address located at path: /lustre/orion/stf008/proj-shared/hvac/copper-cug/copper_logs/copper_address_book.txt
2026-03-08 14-39-30.377 [Info] (cu_hello_main) facility address book filename path: /sw/frontier/ums/ums046/copper/olcf_copper_addressbook.txt
2026-03-08 14-39-30.377 [Info] (cu_hello_main) output filename path: /lustre/orion/stf008/proj-shared/hvac/copper-cug/copper_logs/frontier05559-476562-output.log
2026-03-08 14-39-30.377 [Info] (cu_hello_main) copper address located at path: /lustre/orion/stf008/proj-shared/hvac/copper-cug/copper_logs/copper_address_book.txt
2026-03-08 14-39-30.377 [Info] (cu_hello_main) facility address book filename path: /sw/frontier/ums/ums046/copper/olcf_copper_addressbook.txt
2026-03-08 14-39-30.377 [Info] (cu_hello_main) output filename path: /lustre/orion/stf008/proj-shared/hvac/copper-cug/copper_logs/frontier08372-576729-output.log
2026-03-08 14-39-30.377 [Info] (cu_hello_main) output filename path: /lustre/orion/stf008/proj-shared/hvac/copper-cug/copper_logs/frontier02635-2603860-output.log
2026-03-08 14-39-30.377 [Debug] (cu_hello_main)  
2026-03-08 14-39-30.377 [Info] (cu_hello_main) hostname found to be: frontier07478
2026-03-08 14-39-30.377 [Debug] (process_args) -tpath was found: /
2026-03-08 14-39-30.377 [Debug] (process_args) -vpath was found: /tmp/khana/copper
2026-03-08 14-39-30.377 [Debug] (process_args) -log_level was found: 6
2026-03-08 14-39-30.377 [Debug] (cu_hello_main)  
2026-03-08 14-39-30.377 [Info] (cu_hello_main) hostname found to be: frontier02752
2026-03-08 14-39-30.377 [Debug] (process_args) -log_type was found: file
2026-03-08 14-39-30.377 [Debug] (process_args) -log_output_dir was found: /lustre/orion/stf008/proj-shared/hvac/copper-cug/copper_logs
2026-03-08 14-39-30.377 [Debug] (process_args) -net_type was found: cxi://cxi1
2026-03-08 14-39-30.377 [Debug] (process_args) -trees was found: 1
2026-03-08 14-39-30.377 [Debug] (process_args) -nf was found: /lustre/orion/stf008/proj-shared/hvac/copper-cug/copper_logs/node_file.txt
2026-03-08 14-39-30.377 [Debug] (process_args) -max_cacheable_byte_size was found: 10485760
2026-03-08 14-39-30.377 [Debug] (process_args) -facility_address_book was found: /sw/frontier/ums/ums046/copper/olcf_copper_addressbook.txt
2026-03-08 14-39-30.377 [Debug] (process_args) -tpath was found: /
2026-03-08 14-39-30.377 [Debug] (process_args) -vpath was found: /tmp/khana/copper
2026-03-08 14-39-30.377 [Debug] (cu_hello_main)  
2026-03-08 14-39-30.377 [Info] (cu_hello_main) hostname found to be: frontier08886
2026-03-08 14-39-30.377 [Debug] (process_args) -tpath was found: /
2026-03-08 14-39-30.377 [Debug] (process_args) -vpath was found: /tmp/khana/copper
2026-03-08 14-39-30.377 [Debug] (process_args) -log_level was found: 6
2026-03-08 14-39-30.377 [Info] (cu_hello_main) copper address located at path: /lustre/orion/stf008/proj-shared/hvac/copper-cug/copper_logs/copper_address_book.txt
2026-03-08 14-39-30.377 [Info] (cu_hello_main) facility address book filename path: /sw/frontier/ums/ums046/copper/olcf_copper_addressbook.txt
2026-03-08 14-39-30.377 [Info] (cu_hello_main) output filename path: /lustre/orion/stf008/proj-shared/hvac/copper-cug/copper_logs/frontier07478-501934-output.log
2026-03-08 14-39-30.377 [Debug] (cu_hello_main)  
2026-03-08 14-39-30.377 [Info] (cu_hello_main) hostname found to be: frontier06198
2026-03-08 14-39-30.377 [Debug] (process_args) -tpath was found: /
2026-03-08 14-39-30.377 [Debug] (process_args) -vpath was found: /tmp/khana/copper
2026-03-08 14-39-30.377 [Debug] (process_args) -log_level was found: 6
2026-03-08 14-39-30.377 [Debug] (process_args) -log_type was found: file
2026-03-08 14-39-30.377 [Debug] (process_args) -log_output_dir was found: /lustre/orion/stf008/proj-shared/hvac/copper-cug/copper_logs
2026-03-08 14-39-30.377 [Debug] (process_args) -log_type was found: file
2026-03-08 14-39-30.377 [Debug] (process_args) -log_output_dir was found: /lustre/orion/stf008/proj-shared/hvac/copper-cug/copper_logs
2026-03-08 14-39-30.377 [Debug] (process_args) -net_type was found: cxi://cxi1
2026-03-08 14-39-30.377 [Debug] (process_args) -trees was found: 1
2026-03-08 14-39-30.377 [Debug] (process_args) -nf was found: /lustre/orion/stf008/proj-shared/hvac/copper-cug/copper_logs/node_file.txt
2026-03-08 14-39-30.377 [Debug] (process_args) -max_cacheable_byte_size was found: 10485760
2026-03-08 14-39-30.377 [Debug] (process_args) -facility_address_book was found: /sw/frontier/ums/ums046/copper/olcf_copper_addressbook.txt
2026-03-08 14-39-30.377 [Debug] (process_args) -log_level was found: 6
2026-03-08 14-39-30.377 [Debug] (process_args) -log_type was found: file
2026-03-08 14-39-30.377 [Debug] (process_args) -log_output_dir was found: /lustre/orion/stf008/proj-shared/hvac/copper-cug/copper_logs
2026-03-08 14-39-30.377 [Debug] (process_args) -net_type was found: cxi://cxi1
2026-03-08 14-39-30.377 [Debug] (process_args) -trees was found: 1
2026-03-08 14-39-30.377 [Debug] (process_args) -nf was found: /lustre/orion/stf008/proj-shared/hvac/copper-cug/copper_logs/node_file.txt
2026-03-08 14-39-30.377 [Debug] (process_args) -max_cacheable_byte_size was found: 10485760
2026-03-08 14-39-30.377 [Debug] (process_args) -facility_address_book was found: /sw/frontier/ums/ums046/copper/olcf_copper_addressbook.txt
2026-03-08 14-39-30.377 [Debug] (process_args) -net_type was found: cxi://cxi1
2026-03-08 14-39-30.377 [Debug] (process_args) -trees was found: 1
2026-03-08 14-39-30.377 [Debug] (process_args) -nf was found: /lustre/orion/stf008/proj-shared/hvac/copper-cug/copper_logs/node_file.txt
2026-03-08 14-39-30.377 [Info] (cu_hello_main) copper address located at path: /lustre/orion/stf008/proj-shared/hvac/copper-cug/copper_logs/copper_address_book.txt
2026-03-08 14-39-30.377 [Info] (cu_hello_main) facility address book filename path: /sw/frontier/ums/ums046/copper/olcf_copper_addressbook.txt
2026-03-08 14-39-30.377 [Info] (cu_hello_main) output filename path: /lustre/orion/stf008/proj-shared/hvac/copper-cug/copper_logs/frontier08886-813293-output.log
2026-03-08 14-39-30.377 [Info] (cu_hello_main) copper address located at path: /lustre/orion/stf008/proj-shared/hvac/copper-cug/copper_logs/copper_address_book.txt
2026-03-08 14-39-30.377 [Info] (cu_hello_main) facility address book filename path: /sw/frontier/ums/ums046/copper/olcf_copper_addressbook.txt
2026-03-08 14-39-30.377 [Info] (cu_hello_main) output filename path: /lustre/orion/stf008/proj-shared/hvac/copper-cug/copper_logs/frontier06198-1187453-output.log
2026-03-08 14-39-30.377 [Debug] (process_args) -max_cacheable_byte_size was found: 10485760
2026-03-08 14-39-30.377 [Debug] (cu_hello_main)  
2026-03-08 14-39-30.377 [Info] (cu_hello_main) hostname found to be: frontier03660
2026-03-08 14-39-30.377 [Debug] (process_args) -tpath was found: /
2026-03-08 14-39-30.377 [Debug] (process_args) -facility_address_book was found: /sw/frontier/ums/ums046/copper/olcf_copper_addressbook.txt
2026-03-08 14-39-30.377 [Debug] (cu_hello_main)  
2026-03-08 14-39-30.377 [Info] (cu_hello_main) hostname found to be: frontier04433
2026-03-08 14-39-30.377 [Debug] (process_args) -vpath was found: /tmp/khana/copper
2026-03-08 14-39-30.377 [Debug] (process_args) -log_level was found: 6
2026-03-08 14-39-30.377 [Debug] (process_args) -log_type was found: file
2026-03-08 14-39-30.377 [Debug] (process_args) -log_output_dir was found: /lustre/orion/stf008/proj-shared/hvac/copper-cug/copper_logs
2026-03-08 14-39-30.377 [Debug] (process_args) -net_type was found: cxi://cxi1
2026-03-08 14-39-30.377 [Debug] (process_args) -trees was found: 1
2026-03-08 14-39-30.377 [Debug] (process_args) -nf was found: /lustre/orion/stf008/proj-shared/hvac/copper-cug/copper_logs/node_file.txt
2026-03-08 14-39-30.377 [Info] (cu_hello_main) copper address located at path: /lustre/orion/stf008/proj-shared/hvac/copper-cug/copper_logs/copper_address_book.txt
2026-03-08 14-39-30.377 [Debug] (process_args) -tpath was found: /
2026-03-08 14-39-30.377 [Debug] (process_args) -vpath was found: /tmp/khana/copper
2026-03-08 14-39-30.377 [Debug] (process_args) -max_cacheable_byte_size was found: 10485760
2026-03-08 14-39-30.377 [Debug] (process_args) -facility_address_book was found: /sw/frontier/ums/ums046/copper/olcf_copper_addressbook.txt
2026-03-08 14-39-30.377 [Info] (cu_hello_main) copper address located at path: /lustre/orion/stf008/proj-shared/hvac/copper-cug/copper_logs/copper_address_book.txt
2026-03-08 14-39-30.377 [Info] (cu_hello_main) facility address book filename path: /sw/frontier/ums/ums046/copper/olcf_copper_addressbook.txt
2026-03-08 14-39-30.377 [Debug] (process_args) -log_level was found: 6
2026-03-08 14-39-30.378 [Debug] (process_args) -log_type was found: file
2026-03-08 14-39-30.378 [Debug] (process_args) -log_output_dir was found: /lustre/orion/stf008/proj-shared/hvac/copper-cug/copper_logs
2026-03-08 14-39-30.377 [Info] (cu_hello_main) facility address book filename path: /sw/frontier/ums/ums046/copper/olcf_copper_addressbook.txt
2026-03-08 14-39-30.377 [Info] (cu_hello_main) output filename path: /lustre/orion/stf008/proj-shared/hvac/copper-cug/copper_logs/frontier03660-544649-output.log
2026-03-08 14-39-30.377 [Info] (cu_hello_main) output filename path: /lustre/orion/stf008/proj-shared/hvac/copper-cug/copper_logs/frontier02752-1972195-output.log
2026-03-08 14-39-30.378 [Debug] (process_args) -net_type was found: cxi://cxi1
2026-03-08 14-39-30.378 [Debug] (process_args) -trees was found: 1
2026-03-08 14-39-30.378 [Debug] (cu_hello_main)  
2026-03-08 14-39-30.378 [Info] (cu_hello_main) hostname found to be: frontier09011
2026-03-08 14-39-30.378 [Debug] (process_args) -nf was found: /lustre/orion/stf008/proj-shared/hvac/copper-cug/copper_logs/node_file.txt
2026-03-08 14-39-30.378 [Debug] (process_args) -max_cacheable_byte_size was found: 10485760
2026-03-08 14-39-30.378 [Debug] (process_args) -tpath was found: /
2026-03-08 14-39-30.378 [Debug] (process_args) -vpath was found: /tmp/khana/copper
2026-03-08 14-39-30.378 [Debug] (process_args) -log_level was found: 6
2026-03-08 14-39-30.378 [Debug] (process_args) -log_type was found: file
2026-03-08 14-39-30.378 [Debug] (process_args) -log_output_dir was found: /lustre/orion/stf008/proj-shared/hvac/copper-cug/copper_logs
2026-03-08 14-39-30.378 [Debug] (process_args) -net_type was found: cxi://cxi1
2026-03-08 14-39-30.378 [Debug] (process_args) -facility_address_book was found: /sw/frontier/ums/ums046/copper/olcf_copper_addressbook.txt
2026-03-08 14-39-30.378 [Debug] (process_args) -trees was found: 1
2026-03-08 14-39-30.378 [Debug] (process_args) -nf was found: /lustre/orion/stf008/proj-shared/hvac/copper-cug/copper_logs/node_file.txt
2026-03-08 14-39-30.378 [Debug] (process_args) -max_cacheable_byte_size was found: 10485760
2026-03-08 14-39-30.378 [Info] (cu_hello_main) copper address located at path: /lustre/orion/stf008/proj-shared/hvac/copper-cug/copper_logs/copper_address_book.txt
2026-03-08 14-39-30.378 [Debug] (cu_hello_main)  
2026-03-08 14-39-30.378 [Info] (cu_hello_main) hostname found to be: frontier02777
2026-03-08 14-39-30.378 [Debug] (process_args) -tpath was found: /
2026-03-08 14-39-30.378 [Debug] (process_args) -vpath was found: /tmp/khana/copper
2026-03-08 14-39-30.378 [Debug] (process_args) -log_level was found: 6
2026-03-08 14-39-30.378 [Debug] (process_args) -log_type was found: file
2026-03-08 14-39-30.378 [Debug] (process_args) -facility_address_book was found: /sw/frontier/ums/ums046/copper/olcf_copper_addressbook.txt
2026-03-08 14-39-30.378 [Info] (cu_hello_main) facility address book filename path: /sw/frontier/ums/ums046/copper/olcf_copper_addressbook.txt
2026-03-08 14-39-30.378 [Info] (cu_hello_main) output filename path: /lustre/orion/stf008/proj-shared/hvac/copper-cug/copper_logs/frontier04433-495867-output.log
2026-03-08 14-39-30.378 [Debug] (process_args) -log_output_dir was found: /lustre/orion/stf008/proj-shared/hvac/copper-cug/copper_logs
2026-03-08 14-39-30.378 [Debug] (process_args) -net_type was found: cxi://cxi1
2026-03-08 14-39-30.378 [Debug] (process_args) -trees was found: 1
2026-03-08 14-39-30.378 [Debug] (process_args) -nf was found: /lustre/orion/stf008/proj-shared/hvac/copper-cug/copper_logs/node_file.txt
2026-03-08 14-39-30.378 [Info] (cu_hello_main) copper address located at path: /lustre/orion/stf008/proj-shared/hvac/copper-cug/copper_logs/copper_address_book.txt
2026-03-08 14-39-30.378 [Debug] (process_args) -max_cacheable_byte_size was found: 10485760
2026-03-08 14-39-30.378 [Debug] (process_args) -facility_address_book was found: /sw/frontier/ums/ums046/copper/olcf_copper_addressbook.txt
2026-03-08 14-39-30.378 [Info] (cu_hello_main) copper address located at path: /lustre/orion/stf008/proj-shared/hvac/copper-cug/copper_logs/copper_address_book.txt
2026-03-08 14-39-30.378 [Info] (cu_hello_main) facility address book filename path: /sw/frontier/ums/ums046/copper/olcf_copper_addressbook.txt
2026-03-08 14-39-30.378 [Info] (cu_hello_main) facility address book filename path: /sw/frontier/ums/ums046/copper/olcf_copper_addressbook.txt
2026-03-08 14-39-30.378 [Info] (cu_hello_main) output filename path: /lustre/orion/stf008/proj-shared/hvac/copper-cug/copper_logs/frontier02777-524876-output.log
2026-03-08 14-39-30.378 [Info] (cu_hello_main) output filename path: /lustre/orion/stf008/proj-shared/hvac/copper-cug/copper_logs/frontier09011-1336742-output.log
2026-03-08 14-39-30.378 [Debug] (cu_hello_main)  
2026-03-08 14-39-30.378 [Info] (cu_hello_main) hostname found to be: frontier04691
2026-03-08 14-39-30.378 [Debug] (process_args) -tpath was found: /
2026-03-08 14-39-30.378 [Debug] (process_args) -vpath was found: /tmp/khana/copper
2026-03-08 14-39-30.378 [Debug] (process_args) -log_level was found: 6
2026-03-08 14-39-30.378 [Debug] (process_args) -log_type was found: file
2026-03-08 14-39-30.378 [Debug] (process_args) -log_output_dir was found: /lustre/orion/stf008/proj-shared/hvac/copper-cug/copper_logs
2026-03-08 14-39-30.378 [Debug] (process_args) -net_type was found: cxi://cxi1
2026-03-08 14-39-30.378 [Debug] (process_args) -trees was found: 1
2026-03-08 14-39-30.378 [Debug] (process_args) -nf was found: /lustre/orion/stf008/proj-shared/hvac/copper-cug/copper_logs/node_file.txt
2026-03-08 14-39-30.378 [Debug] (process_args) -max_cacheable_byte_size was found: 10485760
2026-03-08 14-39-30.378 [Debug] (process_args) -facility_address_book was found: /sw/frontier/ums/ums046/copper/olcf_copper_addressbook.txt
2026-03-08 14-39-30.378 [Info] (cu_hello_main) copper address located at path: /lustre/orion/stf008/proj-shared/hvac/copper-cug/copper_logs/copper_address_book.txt
2026-03-08 14-39-30.378 [Info] (cu_hello_main) facility address book filename path: /sw/frontier/ums/ums046/copper/olcf_copper_addressbook.txt
2026-03-08 14-39-30.378 [Info] (cu_hello_main) output filename path: /lustre/orion/stf008/proj-shared/hvac/copper-cug/copper_logs/frontier04691-807959-output.log
2026-03-08 14-39-30.378 [Debug] (cu_hello_main)  
2026-03-08 14-39-30.378 [Info] (cu_hello_main) hostname found to be: frontier01877
2026-03-08 14-39-30.378 [Debug] (process_args) -tpath was found: /
2026-03-08 14-39-30.378 [Debug] (process_args) -vpath was found: /tmp/khana/copper
2026-03-08 14-39-30.378 [Debug] (cu_hello_main)  
2026-03-08 14-39-30.378 [Info] (cu_hello_main) hostname found to be: frontier04298
2026-03-08 14-39-30.378 [Debug] (process_args) -log_level was found: 6
2026-03-08 14-39-30.378 [Debug] (process_args) -log_type was found: file
2026-03-08 14-39-30.378 [Debug] (process_args) -log_output_dir was found: /lustre/orion/stf008/proj-shared/hvac/copper-cug/copper_logs
2026-03-08 14-39-30.378 [Debug] (process_args) -net_type was found: cxi://cxi1
2026-03-08 14-39-30.378 [Debug] (process_args) -trees was found: 1
2026-03-08 14-39-30.378 [Debug] (process_args) -tpath was found: /
2026-03-08 14-39-30.378 [Debug] (process_args) -vpath was found: /tmp/khana/copper
2026-03-08 14-39-30.378 [Debug] (process_args) -log_level was found: 6
2026-03-08 14-39-30.378 [Debug] (process_args) -log_type was found: file
2026-03-08 14-39-30.378 [Debug] (process_args) -log_output_dir was found: /lustre/orion/stf008/proj-shared/hvac/copper-cug/copper_logs
2026-03-08 14-39-30.378 [Debug] (process_args) -net_type was found: cxi://cxi1
2026-03-08 14-39-30.378 [Debug] (process_args) -trees was found: 1
2026-03-08 14-39-30.378 [Debug] (process_args) -nf was found: /lustre/orion/stf008/proj-shared/hvac/copper-cug/copper_logs/node_file.txt
2026-03-08 14-39-30.378 [Debug] (process_args) -max_cacheable_byte_size was found: 10485760
2026-03-08 14-39-30.378 [Debug] (process_args) -nf was found: /lustre/orion/stf008/proj-shared/hvac/copper-cug/copper_logs/node_file.txt
2026-03-08 14-39-30.378 [Debug] (process_args) -max_cacheable_byte_size was found: 10485760
2026-03-08 14-39-30.378 [Debug] (process_args) -facility_address_book was found: /sw/frontier/ums/ums046/copper/olcf_copper_addressbook.txt
2026-03-08 14-39-30.378 [Debug] (process_args) -facility_address_book was found: /sw/frontier/ums/ums046/copper/olcf_copper_addressbook.txt
2026-03-08 14-39-30.378 [Info] (cu_hello_main) copper address located at path: /lustre/orion/stf008/proj-shared/hvac/copper-cug/copper_logs/copper_address_book.txt
2026-03-08 14-39-30.378 [Info] (cu_hello_main) facility address book filename path: /sw/frontier/ums/ums046/copper/olcf_copper_addressbook.txt
2026-03-08 14-39-30.378 [Info] (cu_hello_main) copper address located at path: /lustre/orion/stf008/proj-shared/hvac/copper-cug/copper_logs/copper_address_book.txt
2026-03-08 14-39-30.378 [Info] (cu_hello_main) output filename path: /lustre/orion/stf008/proj-shared/hvac/copper-cug/copper_logs/frontier04298-813060-output.log
2026-03-08 14-39-30.378 [Debug] (cu_hello_main)  
2026-03-08 14-39-30.378 [Info] (cu_hello_main) hostname found to be: frontier05819
2026-03-08 14-39-30.378 [Debug] (process_args) -tpath was found: /
2026-03-08 14-39-30.378 [Debug] (process_args) -vpath was found: /tmp/khana/copper
2026-03-08 14-39-30.378 [Debug] (process_args) -log_level was found: 6
2026-03-08 14-39-30.378 [Info] (cu_hello_main) facility address book filename path: /sw/frontier/ums/ums046/copper/olcf_copper_addressbook.txt
2026-03-08 14-39-30.378 [Debug] (cu_hello_main)  
2026-03-08 14-39-30.378 [Info] (cu_hello_main) hostname found to be: frontier04432
2026-03-08 14-39-30.378 [Debug] (process_args) -tpath was found: /
2026-03-08 14-39-30.378 [Debug] (process_args) -vpath was found: /tmp/khana/copper
2026-03-08 14-39-30.378 [Debug] (process_args) -log_level was found: 6
2026-03-08 14-39-30.378 [Debug] (process_args) -log_type was found: file
2026-03-08 14-39-30.378 [Debug] (process_args) -log_type was found: file
2026-03-08 14-39-30.378 [Debug] (process_args) -log_output_dir was found: /lustre/orion/stf008/proj-shared/hvac/copper-cug/copper_logs
2026-03-08 14-39-30.378 [Debug] (process_args) -net_type was found: cxi://cxi1
2026-03-08 14-39-30.378 [Debug] (process_args) -trees was found: 1
2026-03-08 14-39-30.378 [Debug] (process_args) -nf was found: /lustre/orion/stf008/proj-shared/hvac/copper-cug/copper_logs/node_file.txt
2026-03-08 14-39-30.378 [Debug] (process_args) -max_cacheable_byte_size was found: 10485760
2026-03-08 14-39-30.378 [Debug] (process_args) -facility_address_book was found: /sw/frontier/ums/ums046/copper/olcf_copper_addressbook.txt
2026-03-08 14-39-30.378 [Info] (cu_hello_main) output filename path: /lustre/orion/stf008/proj-shared/hvac/copper-cug/copper_logs/frontier01877-1004706-output.log
2026-03-08 14-39-30.378 [Debug] (process_args) -log_output_dir was found: /lustre/orion/stf008/proj-shared/hvac/copper-cug/copper_logs
2026-03-08 14-39-30.378 [Debug] (process_args) -net_type was found: cxi://cxi1
2026-03-08 14-39-30.378 [Debug] (process_args) -trees was found: 1
2026-03-08 14-39-30.378 [Debug] (process_args) -nf was found: /lustre/orion/stf008/proj-shared/hvac/copper-cug/copper_logs/node_file.txt
2026-03-08 14-39-30.378 [Debug] (process_args) -max_cacheable_byte_size was found: 10485760
2026-03-08 14-39-30.378 [Debug] (process_args) -facility_address_book was found: /sw/frontier/ums/ums046/copper/olcf_copper_addressbook.txt
2026-03-08 14-39-30.378 [Info] (cu_hello_main) copper address located at path: /lustre/orion/stf008/proj-shared/hvac/copper-cug/copper_logs/copper_address_book.txt
2026-03-08 14-39-30.378 [Info] (cu_hello_main) copper address located at path: /lustre/orion/stf008/proj-shared/hvac/copper-cug/copper_logs/copper_address_book.txt
2026-03-08 14-39-30.378 [Info] (cu_hello_main) facility address book filename path: /sw/frontier/ums/ums046/copper/olcf_copper_addressbook.txt
2026-03-08 14-39-30.378 [Info] (cu_hello_main) output filename path: /lustre/orion/stf008/proj-shared/hvac/copper-cug/copper_logs/frontier05819-1471187-output.log
2026-03-08 14-39-30.378 [Info] (cu_hello_main) facility address book filename path: /sw/frontier/ums/ums046/copper/olcf_copper_addressbook.txt
2026-03-08 14-39-30.378 [Info] (cu_hello_main) output filename path: /lustre/orion/stf008/proj-shared/hvac/copper-cug/copper_logs/frontier04432-447679-output.log
2026-03-08 14-39-30.378 [Debug] (cu_hello_main)  
2026-03-08 14-39-30.378 [Info] (cu_hello_main) hostname found to be: frontier05174
2026-03-08 14-39-30.378 [Debug] (process_args) -tpath was found: /
2026-03-08 14-39-30.378 [Debug] (process_args) -vpath was found: /tmp/khana/copper
2026-03-08 14-39-30.378 [Debug] (process_args) -log_level was found: 6
2026-03-08 14-39-30.378 [Debug] (process_args) -log_type was found: file
2026-03-08 14-39-30.378 [Debug] (process_args) -log_output_dir was found: /lustre/orion/stf008/proj-shared/hvac/copper-cug/copper_logs
2026-03-08 14-39-30.378 [Debug] (process_args) -net_type was found: cxi://cxi1
2026-03-08 14-39-30.378 [Debug] (process_args) -trees was found: 1
2026-03-08 14-39-30.378 [Debug] (cu_hello_main)  
2026-03-08 14-39-30.378 [Info] (cu_hello_main) hostname found to be: frontier00461
2026-03-08 14-39-30.378 [Debug] (process_args) -tpath was found: /
2026-03-08 14-39-30.378 [Debug] (process_args) -vpath was found: /tmp/khana/copper
2026-03-08 14-39-30.378 [Debug] (process_args) -log_level was found: 6
2026-03-08 14-39-30.378 [Debug] (process_args) -nf was found: /lustre/orion/stf008/proj-shared/hvac/copper-cug/copper_logs/node_file.txt
2026-03-08 14-39-30.378 [Debug] (process_args) -log_type was found: file
2026-03-08 14-39-30.378 [Debug] (process_args) -log_output_dir was found: /lustre/orion/stf008/proj-shared/hvac/copper-cug/copper_logs
2026-03-08 14-39-30.378 [Debug] (process_args) -net_type was found: cxi://cxi1
2026-03-08 14-39-30.378 [Debug] (process_args) -trees was found: 1
2026-03-08 14-39-30.378 [Debug] (process_args) -nf was found: /lustre/orion/stf008/proj-shared/hvac/copper-cug/copper_logs/node_file.txt
2026-03-08 14-39-30.378 [Debug] (process_args) -max_cacheable_byte_size was found: 10485760
2026-03-08 14-39-30.379 [Debug] (process_args) -facility_address_book was found: /sw/frontier/ums/ums046/copper/olcf_copper_addressbook.txt
2026-03-08 14-39-30.379 [Debug] (process_args) -max_cacheable_byte_size was found: 10485760
2026-03-08 14-39-30.379 [Info] (cu_hello_main) copper address located at path: /lustre/orion/stf008/proj-shared/hvac/copper-cug/copper_logs/copper_address_book.txt
2026-03-08 14-39-30.379 [Info] (cu_hello_main) facility address book filename path: /sw/frontier/ums/ums046/copper/olcf_copper_addressbook.txt
2026-03-08 14-39-30.379 [Info] (cu_hello_main) output filename path: /lustre/orion/stf008/proj-shared/hvac/copper-cug/copper_logs/frontier00461-413349-output.log
2026-03-08 14-39-30.379 [Debug] (process_args) -facility_address_book was found: /sw/frontier/ums/ums046/copper/olcf_copper_addressbook.txt
2026-03-08 14-39-30.379 [Info] (cu_hello_main) copper address located at path: /lustre/orion/stf008/proj-shared/hvac/copper-cug/copper_logs/copper_address_book.txt
2026-03-08 14-39-30.379 [Info] (cu_hello_main) facility address book filename path: /sw/frontier/ums/ums046/copper/olcf_copper_addressbook.txt
2026-03-08 14-39-30.379 [Debug] (cu_hello_main)  
2026-03-08 14-39-30.379 [Info] (cu_hello_main) hostname found to be: frontier04514
2026-03-08 14-39-30.379 [Info] (cu_hello_main) output filename path: /lustre/orion/stf008/proj-shared/hvac/copper-cug/copper_logs/frontier05174-510133-output.log
2026-03-08 14-39-30.379 [Debug] (process_args) -tpath was found: /
2026-03-08 14-39-30.379 [Debug] (process_args) -vpath was found: /tmp/khana/copper
2026-03-08 14-39-30.379 [Debug] (process_args) -log_level was found: 6
2026-03-08 14-39-30.379 [Debug] (process_args) -log_type was found: file
2026-03-08 14-39-30.379 [Debug] (process_args) -log_output_dir was found: /lustre/orion/stf008/proj-shared/hvac/copper-cug/copper_logs
2026-03-08 14-39-30.379 [Debug] (process_args) -net_type was found: cxi://cxi1
2026-03-08 14-39-30.379 [Debug] (process_args) -trees was found: 1
2026-03-08 14-39-30.379 [Debug] (cu_hello_main)  
2026-03-08 14-39-30.379 [Info] (cu_hello_main) hostname found to be: frontier05563
2026-03-08 14-39-30.379 [Debug] (process_args) -tpath was found: /
2026-03-08 14-39-30.379 [Debug] (process_args) -nf was found: /lustre/orion/stf008/proj-shared/hvac/copper-cug/copper_logs/node_file.txt
2026-03-08 14-39-30.379 [Debug] (process_args) -max_cacheable_byte_size was found: 10485760
2026-03-08 14-39-30.379 [Debug] (process_args) -facility_address_book was found: /sw/frontier/ums/ums046/copper/olcf_copper_addressbook.txt
2026-03-08 14-39-30.379 [Debug] (process_args) -vpath was found: /tmp/khana/copper
2026-03-08 14-39-30.379 [Debug] (process_args) -log_level was found: 6
2026-03-08 14-39-30.379 [Debug] (process_args) -log_type was found: file
2026-03-08 14-39-30.379 [Debug] (process_args) -log_output_dir was found: /lustre/orion/stf008/proj-shared/hvac/copper-cug/copper_logs
2026-03-08 14-39-30.379 [Debug] (process_args) -net_type was found: cxi://cxi1
2026-03-08 14-39-30.379 [Debug] (process_args) -trees was found: 1
2026-03-08 14-39-30.379 [Info] (cu_hello_main) copper address located at path: /lustre/orion/stf008/proj-shared/hvac/copper-cug/copper_logs/copper_address_book.txt
2026-03-08 14-39-30.379 [Info] (cu_hello_main) facility address book filename path: /sw/frontier/ums/ums046/copper/olcf_copper_addressbook.txt
2026-03-08 14-39-30.379 [Debug] (process_args) -nf was found: /lustre/orion/stf008/proj-shared/hvac/copper-cug/copper_logs/node_file.txt
2026-03-08 14-39-30.379 [Debug] (process_args) -max_cacheable_byte_size was found: 10485760
2026-03-08 14-39-30.379 [Debug] (process_args) -facility_address_book was found: /sw/frontier/ums/ums046/copper/olcf_copper_addressbook.txt
2026-03-08 14-39-30.379 [Debug] (cu_hello_main)  
2026-03-08 14-39-30.379 [Info] (cu_hello_main) hostname found to be: frontier00076
2026-03-08 14-39-30.379 [Debug] (process_args) -tpath was found: /
2026-03-08 14-39-30.379 [Debug] (process_args) -vpath was found: /tmp/khana/copper
2026-03-08 14-39-30.379 [Debug] (process_args) -log_level was found: 6
2026-03-08 14-39-30.379 [Info] (cu_hello_main) output filename path: /lustre/orion/stf008/proj-shared/hvac/copper-cug/copper_logs/frontier04514-354931-output.log
2026-03-08 14-39-30.379 [Info] (cu_hello_main) copper address located at path: /lustre/orion/stf008/proj-shared/hvac/copper-cug/copper_logs/copper_address_book.txt
2026-03-08 14-39-30.379 [Info] (cu_hello_main) facility address book filename path: /sw/frontier/ums/ums046/copper/olcf_copper_addressbook.txt
2026-03-08 14-39-30.379 [Debug] (process_args) -log_type was found: file
2026-03-08 14-39-30.379 [Debug] (process_args) -log_output_dir was found: /lustre/orion/stf008/proj-shared/hvac/copper-cug/copper_logs
2026-03-08 14-39-30.379 [Debug] (process_args) -net_type was found: cxi://cxi1
2026-03-08 14-39-30.379 [Debug] (process_args) -trees was found: 1
2026-03-08 14-39-30.379 [Debug] (process_args) -nf was found: /lustre/orion/stf008/proj-shared/hvac/copper-cug/copper_logs/node_file.txt
2026-03-08 14-39-30.379 [Debug] (process_args) -max_cacheable_byte_size was found: 10485760
2026-03-08 14-39-30.379 [Info] (cu_hello_main) output filename path: /lustre/orion/stf008/proj-shared/hvac/copper-cug/copper_logs/frontier05563-758341-output.log
2026-03-08 14-39-30.379 [Debug] (process_args) -facility_address_book was found: /sw/frontier/ums/ums046/copper/olcf_copper_addressbook.txt
2026-03-08 14-39-30.379 [Info] (cu_hello_main) copper address located at path: /lustre/orion/stf008/proj-shared/hvac/copper-cug/copper_logs/copper_address_book.txt
2026-03-08 14-39-30.379 [Info] (cu_hello_main) facility address book filename path: /sw/frontier/ums/ums046/copper/olcf_copper_addressbook.txt
2026-03-08 14-39-30.379 [Info] (cu_hello_main) output filename path: /lustre/orion/stf008/proj-shared/hvac/copper-cug/copper_logs/frontier00076-2049644-output.log
2026-03-08 14-39-30.379 [Debug] (cu_hello_main)  
2026-03-08 14-39-30.379 [Info] (cu_hello_main) hostname found to be: frontier02522
2026-03-08 14-39-30.379 [Debug] (process_args) -tpath was found: /
2026-03-08 14-39-30.379 [Debug] (process_args) -vpath was found: /tmp/khana/copper
2026-03-08 14-39-30.379 [Debug] (process_args) -log_level was found: 6
2026-03-08 14-39-30.379 [Debug] (process_args) -log_type was found: file
2026-03-08 14-39-30.379 [Debug] (process_args) -log_output_dir was found: /lustre/orion/stf008/proj-shared/hvac/copper-cug/copper_logs
2026-03-08 14-39-30.379 [Debug] (process_args) -net_type was found: cxi://cxi1
2026-03-08 14-39-30.379 [Debug] (process_args) -trees was found: 1
2026-03-08 14-39-30.379 [Debug] (process_args) -nf was found: /lustre/orion/stf008/proj-shared/hvac/copper-cug/copper_logs/node_file.txt
2026-03-08 14-39-30.379 [Debug] (process_args) -max_cacheable_byte_size was found: 10485760
2026-03-08 14-39-30.379 [Debug] (process_args) -facility_address_book was found: /sw/frontier/ums/ums046/copper/olcf_copper_addressbook.txt
2026-03-08 14-39-30.379 [Info] (cu_hello_main) copper address located at path: /lustre/orion/stf008/proj-shared/hvac/copper-cug/copper_logs/copper_address_book.txt
2026-03-08 14-39-30.379 [Debug] (cu_hello_main)  
2026-03-08 14-39-30.379 [Info] (cu_hello_main) hostname found to be: frontier03140
2026-03-08 14-39-30.379 [Debug] (process_args) -tpath was found: /
2026-03-08 14-39-30.379 [Info] (cu_hello_main) facility address book filename path: /sw/frontier/ums/ums046/copper/olcf_copper_addressbook.txt
2026-03-08 14-39-30.379 [Info] (cu_hello_main) output filename path: /lustre/orion/stf008/proj-shared/hvac/copper-cug/copper_logs/frontier02522-700448-output.log
2026-03-08 14-39-30.379 [Debug] (process_args) -vpath was found: /tmp/khana/copper
2026-03-08 14-39-30.379 [Debug] (process_args) -log_level was found: 6
2026-03-08 14-39-30.379 [Debug] (process_args) -log_type was found: file
2026-03-08 14-39-30.379 [Debug] (process_args) -log_output_dir was found: /lustre/orion/stf008/proj-shared/hvac/copper-cug/copper_logs
2026-03-08 14-39-30.379 [Debug] (process_args) -net_type was found: cxi://cxi1
2026-03-08 14-39-30.379 [Debug] (process_args) -trees was found: 1
2026-03-08 14-39-30.379 [Debug] (process_args) -nf was found: /lustre/orion/stf008/proj-shared/hvac/copper-cug/copper_logs/node_file.txt
2026-03-08 14-39-30.379 [Debug] (process_args) -max_cacheable_byte_size was found: 10485760
2026-03-08 14-39-30.379 [Debug] (process_args) -facility_address_book was found: /sw/frontier/ums/ums046/copper/olcf_copper_addressbook.txt
2026-03-08 14-39-30.379 [Info] (cu_hello_main) copper address located at path: /lustre/orion/stf008/proj-shared/hvac/copper-cug/copper_logs/copper_address_book.txt
2026-03-08 14-39-30.379 [Info] (cu_hello_main) facility address book filename path: /sw/frontier/ums/ums046/copper/olcf_copper_addressbook.txt
2026-03-08 14-39-30.379 [Info] (cu_hello_main) output filename path: /lustre/orion/stf008/proj-shared/hvac/copper-cug/copper_logs/frontier03140-1629261-output.log
2026-03-08 14-39-30.379 [Debug] (cu_hello_main)  
2026-03-08 14-39-30.379 [Info] (cu_hello_main) hostname found to be: frontier01978
2026-03-08 14-39-30.379 [Debug] (process_args) -tpath was found: /
2026-03-08 14-39-30.379 [Debug] (process_args) -vpath was found: /tmp/khana/copper
2026-03-08 14-39-30.379 [Debug] (process_args) -log_level was found: 6
2026-03-08 14-39-30.379 [Debug] (process_args) -log_type was found: file
2026-03-08 14-39-30.379 [Debug] (process_args) -log_output_dir was found: /lustre/orion/stf008/proj-shared/hvac/copper-cug/copper_logs
2026-03-08 14-39-30.379 [Debug] (process_args) -net_type was found: cxi://cxi1
2026-03-08 14-39-30.379 [Debug] (process_args) -trees was found: 1
2026-03-08 14-39-30.379 [Debug] (cu_hello_main)  
2026-03-08 14-39-30.379 [Debug] (process_args) -nf was found: /lustre/orion/stf008/proj-shared/hvac/copper-cug/copper_logs/node_file.txt
2026-03-08 14-39-30.379 [Debug] (process_args) -max_cacheable_byte_size was found: 10485760
2026-03-08 14-39-30.379 [Debug] (process_args) -facility_address_book was found: /sw/frontier/ums/ums046/copper/olcf_copper_addressbook.txt
2026-03-08 14-39-30.379 [Info] (cu_hello_main) copper address located at path: /lustre/orion/stf008/proj-shared/hvac/copper-cug/copper_logs/copper_address_book.txt
2026-03-08 14-39-30.379 [Info] (cu_hello_main) hostname found to be: frontier07996
2026-03-08 14-39-30.379 [Debug] (process_args) -tpath was found: /
2026-03-08 14-39-30.379 [Debug] (process_args) -vpath was found: /tmp/khana/copper
2026-03-08 14-39-30.379 [Info] (cu_hello_main) facility address book filename path: /sw/frontier/ums/ums046/copper/olcf_copper_addressbook.txt
2026-03-08 14-39-30.379 [Info] (cu_hello_main) output filename path: /lustre/orion/stf008/proj-shared/hvac/copper-cug/copper_logs/frontier01978-508489-output.log
2026-03-08 14-39-30.379 [Debug] (process_args) -log_level was found: 6
2026-03-08 14-39-30.379 [Debug] (process_args) -log_type was found: file
2026-03-08 14-39-30.379 [Debug] (process_args) -log_output_dir was found: /lustre/orion/stf008/proj-shared/hvac/copper-cug/copper_logs
2026-03-08 14-39-30.379 [Debug] (process_args) -net_type was found: cxi://cxi1
2026-03-08 14-39-30.379 [Debug] (process_args) -trees was found: 1
2026-03-08 14-39-30.379 [Debug] (process_args) -nf was found: /lustre/orion/stf008/proj-shared/hvac/copper-cug/copper_logs/node_file.txt
2026-03-08 14-39-30.379 [Debug] (process_args) -max_cacheable_byte_size was found: 10485760
2026-03-08 14-39-30.379 [Debug] (process_args) -facility_address_book was found: /sw/frontier/ums/ums046/copper/olcf_copper_addressbook.txt
2026-03-08 14-39-30.379 [Info] (cu_hello_main) copper address located at path: /lustre/orion/stf008/proj-shared/hvac/copper-cug/copper_logs/copper_address_book.txt
2026-03-08 14-39-30.379 [Info] (cu_hello_main) facility address book filename path: /sw/frontier/ums/ums046/copper/olcf_copper_addressbook.txt
2026-03-08 14-39-30.379 [Debug] (cu_hello_main)  
2026-03-08 14-39-30.379 [Info] (cu_hello_main) hostname found to be: frontier06574
2026-03-08 14-39-30.379 [Debug] (process_args) -tpath was found: /
2026-03-08 14-39-30.379 [Debug] (process_args) -vpath was found: /tmp/khana/copper
2026-03-08 14-39-30.379 [Info] (cu_hello_main) output filename path: /lustre/orion/stf008/proj-shared/hvac/copper-cug/copper_logs/frontier07996-750962-output.log
2026-03-08 14-39-30.379 [Debug] (process_args) -log_level was found: 6
2026-03-08 14-39-30.379 [Debug] (process_args) -log_type was found: file
2026-03-08 14-39-30.379 [Debug] (process_args) -log_output_dir was found: /lustre/orion/stf008/proj-shared/hvac/copper-cug/copper_logs
2026-03-08 14-39-30.379 [Debug] (process_args) -net_type was found: cxi://cxi1
2026-03-08 14-39-30.379 [Debug] (process_args) -trees was found: 1
2026-03-08 14-39-30.379 [Debug] (process_args) -nf was found: /lustre/orion/stf008/proj-shared/hvac/copper-cug/copper_logs/node_file.txt
2026-03-08 14-39-30.379 [Debug] (process_args) -max_cacheable_byte_size was found: 10485760
2026-03-08 14-39-30.379 [Debug] (process_args) -facility_address_book was found: /sw/frontier/ums/ums046/copper/olcf_copper_addressbook.txt
2026-03-08 14-39-30.380 [Info] (cu_hello_main) copper address located at path: /lustre/orion/stf008/proj-shared/hvac/copper-cug/copper_logs/copper_address_book.txt
2026-03-08 14-39-30.380 [Info] (cu_hello_main) facility address book filename path: /sw/frontier/ums/ums046/copper/olcf_copper_addressbook.txt
2026-03-08 14-39-30.380 [Info] (cu_hello_main) output filename path: /lustre/orion/stf008/proj-shared/hvac/copper-cug/copper_logs/frontier06574-1355390-output.log
2026-03-08 14-39-30.380 [Debug] (cu_hello_main)  
2026-03-08 14-39-30.380 [Info] (cu_hello_main) hostname found to be: frontier08116
2026-03-08 14-39-30.380 [Debug] (process_args) -tpath was found: /
2026-03-08 14-39-30.380 [Debug] (process_args) -vpath was found: /tmp/khana/copper
2026-03-08 14-39-30.380 [Debug] (cu_hello_main)  
2026-03-08 14-39-30.380 [Info] (cu_hello_main) hostname found to be: frontier04034
2026-03-08 14-39-30.380 [Debug] (process_args) -tpath was found: /
2026-03-08 14-39-30.380 [Debug] (process_args) -vpath was found: /tmp/khana/copper
2026-03-08 14-39-30.380 [Debug] (process_args) -log_level was found: 6
2026-03-08 14-39-30.380 [Debug] (process_args) -log_type was found: file
2026-03-08 14-39-30.380 [Debug] (process_args) -log_output_dir was found: /lustre/orion/stf008/proj-shared/hvac/copper-cug/copper_logs
2026-03-08 14-39-30.380 [Debug] (process_args) -net_type was found: cxi://cxi1
2026-03-08 14-39-30.380 [Debug] (process_args) -trees was found: 1
2026-03-08 14-39-30.380 [Debug] (process_args) -nf was found: /lustre/orion/stf008/proj-shared/hvac/copper-cug/copper_logs/node_file.txt
2026-03-08 14-39-30.380 [Debug] (process_args) -log_level was found: 6
2026-03-08 14-39-30.380 [Debug] (process_args) -log_type was found: file
2026-03-08 14-39-30.380 [Debug] (process_args) -log_output_dir was found: /lustre/orion/stf008/proj-shared/hvac/copper-cug/copper_logs
2026-03-08 14-39-30.380 [Debug] (process_args) -net_type was found: cxi://cxi1
2026-03-08 14-39-30.380 [Debug] (process_args) -trees was found: 1
2026-03-08 14-39-30.380 [Debug] (cu_hello_main)  
2026-03-08 14-39-30.380 [Info] (cu_hello_main) hostname found to be: frontier08495
2026-03-08 14-39-30.380 [Debug] (process_args) -tpath was found: /
2026-03-08 14-39-30.380 [Debug] (process_args) -max_cacheable_byte_size was found: 10485760
2026-03-08 14-39-30.380 [Debug] (process_args) -facility_address_book was found: /sw/frontier/ums/ums046/copper/olcf_copper_addressbook.txt
2026-03-08 14-39-30.380 [Info] (cu_hello_main) copper address located at path: /lustre/orion/stf008/proj-shared/hvac/copper-cug/copper_logs/copper_address_book.txt
2026-03-08 14-39-30.380 [Debug] (process_args) -nf was found: /lustre/orion/stf008/proj-shared/hvac/copper-cug/copper_logs/node_file.txt
2026-03-08 14-39-30.380 [Debug] (process_args) -max_cacheable_byte_size was found: 10485760
2026-03-08 14-39-30.380 [Debug] (process_args) -facility_address_book was found: /sw/frontier/ums/ums046/copper/olcf_copper_addressbook.txt
2026-03-08 14-39-30.380 [Debug] (process_args) -vpath was found: /tmp/khana/copper
2026-03-08 14-39-30.380 [Debug] (process_args) -log_level was found: 6
2026-03-08 14-39-30.380 [Info] (cu_hello_main) facility address book filename path: /sw/frontier/ums/ums046/copper/olcf_copper_addressbook.txt
2026-03-08 14-39-30.380 [Info] (cu_hello_main) copper address located at path: /lustre/orion/stf008/proj-shared/hvac/copper-cug/copper_logs/copper_address_book.txt
2026-03-08 14-39-30.380 [Info] (cu_hello_main) facility address book filename path: /sw/frontier/ums/ums046/copper/olcf_copper_addressbook.txt
2026-03-08 14-39-30.380 [Debug] (process_args) -log_type was found: file
2026-03-08 14-39-30.380 [Debug] (process_args) -log_output_dir was found: /lustre/orion/stf008/proj-shared/hvac/copper-cug/copper_logs
2026-03-08 14-39-30.380 [Debug] (process_args) -net_type was found: cxi://cxi1
2026-03-08 14-39-30.380 [Debug] (process_args) -trees was found: 1
2026-03-08 14-39-30.380 [Info] (cu_hello_main) output filename path: /lustre/orion/stf008/proj-shared/hvac/copper-cug/copper_logs/frontier08116-504369-output.log
2026-03-08 14-39-30.380 [Info] (cu_hello_main) output filename path: /lustre/orion/stf008/proj-shared/hvac/copper-cug/copper_logs/frontier04034-700684-output.log
2026-03-08 14-39-30.380 [Debug] (process_args) -nf was found: /lustre/orion/stf008/proj-shared/hvac/copper-cug/copper_logs/node_file.txt
2026-03-08 14-39-30.380 [Debug] (cu_hello_main)  
2026-03-08 14-39-30.380 [Info] (cu_hello_main) hostname found to be: frontier00837
2026-03-08 14-39-30.380 [Debug] (process_args) -tpath was found: /
2026-03-08 14-39-30.380 [Debug] (process_args) -max_cacheable_byte_size was found: 10485760
2026-03-08 14-39-30.380 [Debug] (process_args) -vpath was found: /tmp/khana/copper
2026-03-08 14-39-30.380 [Debug] (process_args) -log_level was found: 6
2026-03-08 14-39-30.380 [Debug] (process_args) -log_type was found: file
2026-03-08 14-39-30.380 [Debug] (process_args) -log_output_dir was found: /lustre/orion/stf008/proj-shared/hvac/copper-cug/copper_logs
2026-03-08 14-39-30.380 [Debug] (process_args) -net_type was found: cxi://cxi1
2026-03-08 14-39-30.380 [Debug] (process_args) -trees was found: 1
2026-03-08 14-39-30.380 [Debug] (process_args) -nf was found: /lustre/orion/stf008/proj-shared/hvac/copper-cug/copper_logs/node_file.txt
2026-03-08 14-39-30.380 [Debug] (process_args) -facility_address_book was found: /sw/frontier/ums/ums046/copper/olcf_copper_addressbook.txt
2026-03-08 14-39-30.380 [Debug] (cu_hello_main)  
2026-03-08 14-39-30.380 [Info] (cu_hello_main) hostname found to be: frontier09270
2026-03-08 14-39-30.380 [Debug] (process_args) -tpath was found: /
2026-03-08 14-39-30.380 [Debug] (process_args) -vpath was found: /tmp/khana/copper
2026-03-08 14-39-30.380 [Debug] (process_args) -log_level was found: 6
2026-03-08 14-39-30.380 [Debug] (process_args) -log_type was found: file
2026-03-08 14-39-30.380 [Debug] (process_args) -max_cacheable_byte_size was found: 10485760
2026-03-08 14-39-30.380 [Debug] (process_args) -facility_address_book was found: /sw/frontier/ums/ums046/copper/olcf_copper_addressbook.txt
2026-03-08 14-39-30.380 [Info] (cu_hello_main) copper address located at path: /lustre/orion/stf008/proj-shared/hvac/copper-cug/copper_logs/copper_address_book.txt
2026-03-08 14-39-30.380 [Debug] (process_args) -log_output_dir was found: /lustre/orion/stf008/proj-shared/hvac/copper-cug/copper_logs
2026-03-08 14-39-30.380 [Debug] (process_args) -net_type was found: cxi://cxi1
2026-03-08 14-39-30.380 [Debug] (process_args) -trees was found: 1
2026-03-08 14-39-30.380 [Debug] (process_args) -nf was found: /lustre/orion/stf008/proj-shared/hvac/copper-cug/copper_logs/node_file.txt
2026-03-08 14-39-30.380 [Debug] (process_args) -max_cacheable_byte_size was found: 10485760
2026-03-08 14-39-30.380 [Debug] (process_args) -facility_address_book was found: /sw/frontier/ums/ums046/copper/olcf_copper_addressbook.txt
2026-03-08 14-39-30.380 [Info] (cu_hello_main) copper address located at path: /lustre/orion/stf008/proj-shared/hvac/copper-cug/copper_logs/copper_address_book.txt
2026-03-08 14-39-30.380 [Info] (cu_hello_main) copper address located at path: /lustre/orion/stf008/proj-shared/hvac/copper-cug/copper_logs/copper_address_book.txt
2026-03-08 14-39-30.380 [Info] (cu_hello_main) facility address book filename path: /sw/frontier/ums/ums046/copper/olcf_copper_addressbook.txt
2026-03-08 14-39-30.380 [Info] (cu_hello_main) facility address book filename path: /sw/frontier/ums/ums046/copper/olcf_copper_addressbook.txt
2026-03-08 14-39-30.380 [Info] (cu_hello_main) facility address book filename path: /sw/frontier/ums/ums046/copper/olcf_copper_addressbook.txt
2026-03-08 14-39-30.380 [Info] (cu_hello_main) output filename path: /lustre/orion/stf008/proj-shared/hvac/copper-cug/copper_logs/frontier09270-365768-output.log
2026-03-08 14-39-30.380 [Info] (cu_hello_main) output filename path: /lustre/orion/stf008/proj-shared/hvac/copper-cug/copper_logs/frontier00837-1485636-output.log
2026-03-08 14-39-30.380 [Debug] (cu_hello_main)  
2026-03-08 14-39-30.380 [Info] (cu_hello_main) hostname found to be: frontier02362
2026-03-08 14-39-30.380 [Debug] (process_args) -tpath was found: /
2026-03-08 14-39-30.380 [Debug] (process_args) -vpath was found: /tmp/khana/copper
2026-03-08 14-39-30.380 [Info] (cu_hello_main) output filename path: /lustre/orion/stf008/proj-shared/hvac/copper-cug/copper_logs/frontier08495-2650153-output.log
2026-03-08 14-39-30.380 [Debug] (process_args) -log_level was found: 6
2026-03-08 14-39-30.380 [Debug] (process_args) -log_type was found: file
2026-03-08 14-39-30.380 [Debug] (process_args) -log_output_dir was found: /lustre/orion/stf008/proj-shared/hvac/copper-cug/copper_logs
2026-03-08 14-39-30.380 [Debug] (process_args) -net_type was found: cxi://cxi1
2026-03-08 14-39-30.380 [Debug] (process_args) -trees was found: 1
2026-03-08 14-39-30.380 [Debug] (process_args) -nf was found: /lustre/orion/stf008/proj-shared/hvac/copper-cug/copper_logs/node_file.txt
2026-03-08 14-39-30.380 [Debug] (process_args) -max_cacheable_byte_size was found: 10485760
2026-03-08 14-39-30.380 [Debug] (process_args) -facility_address_book was found: /sw/frontier/ums/ums046/copper/olcf_copper_addressbook.txt
2026-03-08 14-39-30.380 [Info] (cu_hello_main) copper address located at path: /lustre/orion/stf008/proj-shared/hvac/copper-cug/copper_logs/copper_address_book.txt
2026-03-08 14-39-30.380 [Info] (cu_hello_main) facility address book filename path: /sw/frontier/ums/ums046/copper/olcf_copper_addressbook.txt
2026-03-08 14-39-30.380 [Info] (cu_hello_main) output filename path: /lustre/orion/stf008/proj-shared/hvac/copper-cug/copper_logs/frontier02362-2082606-output.log
2026-03-08 14-39-30.380 [Debug] (cu_hello_main)  
2026-03-08 14-39-30.380 [Info] (cu_hello_main) hostname found to be: frontier01614
2026-03-08 14-39-30.380 [Debug] (process_args) -tpath was found: /
2026-03-08 14-39-30.380 [Debug] (process_args) -vpath was found: /tmp/khana/copper
2026-03-08 14-39-30.380 [Debug] (process_args) -log_level was found: 6
2026-03-08 14-39-30.380 [Debug] (process_args) -log_type was found: file
2026-03-08 14-39-30.380 [Debug] (process_args) -log_output_dir was found: /lustre/orion/stf008/proj-shared/hvac/copper-cug/copper_logs
2026-03-08 14-39-30.380 [Debug] (process_args) -net_type was found: cxi://cxi1
2026-03-08 14-39-30.380 [Debug] (cu_hello_main)  
2026-03-08 14-39-30.380 [Info] (cu_hello_main) hostname found to be: frontier02392
2026-03-08 14-39-30.380 [Debug] (process_args) -tpath was found: /
2026-03-08 14-39-30.380 [Debug] (process_args) -trees was found: 1
2026-03-08 14-39-30.380 [Debug] (process_args) -nf was found: /lustre/orion/stf008/proj-shared/hvac/copper-cug/copper_logs/node_file.txt
2026-03-08 14-39-30.380 [Debug] (process_args) -max_cacheable_byte_size was found: 10485760
2026-03-08 14-39-30.380 [Debug] (process_args) -facility_address_book was found: /sw/frontier/ums/ums046/copper/olcf_copper_addressbook.txt
2026-03-08 14-39-30.380 [Debug] (process_args) -vpath was found: /tmp/khana/copper
2026-03-08 14-39-30.380 [Debug] (process_args) -log_level was found: 6
2026-03-08 14-39-30.380 [Debug] (process_args) -log_type was found: file
2026-03-08 14-39-30.380 [Debug] (process_args) -log_output_dir was found: /lustre/orion/stf008/proj-shared/hvac/copper-cug/copper_logs
2026-03-08 14-39-30.380 [Debug] (process_args) -net_type was found: cxi://cxi1
2026-03-08 14-39-30.380 [Debug] (process_args) -trees was found: 1
2026-03-08 14-39-30.380 [Info] (cu_hello_main) copper address located at path: /lustre/orion/stf008/proj-shared/hvac/copper-cug/copper_logs/copper_address_book.txt
2026-03-08 14-39-30.380 [Debug] (process_args) -nf was found: /lustre/orion/stf008/proj-shared/hvac/copper-cug/copper_logs/node_file.txt
2026-03-08 14-39-30.380 [Debug] (process_args) -max_cacheable_byte_size was found: 10485760
2026-03-08 14-39-30.380 [Debug] (process_args) -facility_address_book was found: /sw/frontier/ums/ums046/copper/olcf_copper_addressbook.txt
2026-03-08 14-39-30.380 [Debug] (cu_hello_main)  
2026-03-08 14-39-30.380 [Info] (cu_hello_main) hostname found to be: frontier03410
2026-03-08 14-39-30.380 [Info] (cu_hello_main) facility address book filename path: /sw/frontier/ums/ums046/copper/olcf_copper_addressbook.txt
2026-03-08 14-39-30.380 [Info] (cu_hello_main) copper address located at path: /lustre/orion/stf008/proj-shared/hvac/copper-cug/copper_logs/copper_address_book.txt
2026-03-08 14-39-30.380 [Info] (cu_hello_main) facility address book filename path: /sw/frontier/ums/ums046/copper/olcf_copper_addressbook.txt
2026-03-08 14-39-30.380 [Debug] (cu_hello_main)  
2026-03-08 14-39-30.381 [Info] (cu_hello_main) hostname found to be: frontier08629
2026-03-08 14-39-30.380 [Debug] (cu_hello_main)  
2026-03-08 14-39-30.381 [Info] (cu_hello_main) hostname found to be: frontier01729
2026-03-08 14-39-30.381 [Debug] (process_args) -tpath was found: /
2026-03-08 14-39-30.381 [Debug] (process_args) -vpath was found: /tmp/khana/copper
2026-03-08 14-39-30.381 [Debug] (process_args) -tpath was found: /
2026-03-08 14-39-30.381 [Debug] (process_args) -vpath was found: /tmp/khana/copper
2026-03-08 14-39-30.381 [Debug] (process_args) -log_level was found: 6
2026-03-08 14-39-30.381 [Debug] (process_args) -log_type was found: file
2026-03-08 14-39-30.381 [Debug] (process_args) -log_output_dir was found: /lustre/orion/stf008/proj-shared/hvac/copper-cug/copper_logs
2026-03-08 14-39-30.381 [Debug] (process_args) -net_type was found: cxi://cxi1
2026-03-08 14-39-30.380 [Info] (cu_hello_main) output filename path: /lustre/orion/stf008/proj-shared/hvac/copper-cug/copper_logs/frontier01614-1363225-output.log
2026-03-08 14-39-30.380 [Info] (cu_hello_main) output filename path: /lustre/orion/stf008/proj-shared/hvac/copper-cug/copper_logs/frontier02392-1309405-output.log
2026-03-08 14-39-30.381 [Debug] (process_args) -tpath was found: /
2026-03-08 14-39-30.381 [Debug] (process_args) -vpath was found: /tmp/khana/copper
2026-03-08 14-39-30.381 [Debug] (process_args) -log_level was found: 6
2026-03-08 14-39-30.381 [Debug] (process_args) -log_type was found: file
2026-03-08 14-39-30.381 [Debug] (process_args) -log_output_dir was found: /lustre/orion/stf008/proj-shared/hvac/copper-cug/copper_logs
2026-03-08 14-39-30.381 [Debug] (process_args) -net_type was found: cxi://cxi1
2026-03-08 14-39-30.381 [Debug] (process_args) -trees was found: 1
2026-03-08 14-39-30.381 [Debug] (process_args) -trees was found: 1
2026-03-08 14-39-30.381 [Debug] (process_args) -nf was found: /lustre/orion/stf008/proj-shared/hvac/copper-cug/copper_logs/node_file.txt
2026-03-08 14-39-30.381 [Debug] (process_args) -max_cacheable_byte_size was found: 10485760
2026-03-08 14-39-30.381 [Debug] (process_args) -log_level was found: 6
2026-03-08 14-39-30.381 [Debug] (process_args) -log_type was found: file
2026-03-08 14-39-30.381 [Debug] (process_args) -log_output_dir was found: /lustre/orion/stf008/proj-shared/hvac/copper-cug/copper_logs
2026-03-08 14-39-30.381 [Debug] (process_args) -nf was found: /lustre/orion/stf008/proj-shared/hvac/copper-cug/copper_logs/node_file.txt
2026-03-08 14-39-30.381 [Debug] (process_args) -max_cacheable_byte_size was found: 10485760
2026-03-08 14-39-30.381 [Debug] (process_args) -facility_address_book was found: /sw/frontier/ums/ums046/copper/olcf_copper_addressbook.txt
2026-03-08 14-39-30.381 [Info] (cu_hello_main) copper address located at path: /lustre/orion/stf008/proj-shared/hvac/copper-cug/copper_logs/copper_address_book.txt
2026-03-08 14-39-30.381 [Debug] (process_args) -facility_address_book was found: /sw/frontier/ums/ums046/copper/olcf_copper_addressbook.txt
2026-03-08 14-39-30.381 [Debug] (process_args) -net_type was found: cxi://cxi1
2026-03-08 14-39-30.381 [Debug] (process_args) -trees was found: 1
2026-03-08 14-39-30.381 [Info] (cu_hello_main) facility address book filename path: /sw/frontier/ums/ums046/copper/olcf_copper_addressbook.txt
2026-03-08 14-39-30.381 [Info] (cu_hello_main) copper address located at path: /lustre/orion/stf008/proj-shared/hvac/copper-cug/copper_logs/copper_address_book.txt
2026-03-08 14-39-30.381 [Info] (cu_hello_main) facility address book filename path: /sw/frontier/ums/ums046/copper/olcf_copper_addressbook.txt
2026-03-08 14-39-30.381 [Info] (cu_hello_main) output filename path: /lustre/orion/stf008/proj-shared/hvac/copper-cug/copper_logs/frontier03410-1690408-output.log
2026-03-08 14-39-30.381 [Debug] (process_args) -nf was found: /lustre/orion/stf008/proj-shared/hvac/copper-cug/copper_logs/node_file.txt
2026-03-08 14-39-30.381 [Info] (cu_hello_main) output filename path: /lustre/orion/stf008/proj-shared/hvac/copper-cug/copper_logs/frontier01729-859483-output.log
2026-03-08 14-39-30.381 [Debug] (process_args) -max_cacheable_byte_size was found: 10485760
2026-03-08 14-39-30.381 [Debug] (process_args) -facility_address_book was found: /sw/frontier/ums/ums046/copper/olcf_copper_addressbook.txt
2026-03-08 14-39-30.381 [Info] (cu_hello_main) copper address located at path: /lustre/orion/stf008/proj-shared/hvac/copper-cug/copper_logs/copper_address_book.txt
2026-03-08 14-39-30.381 [Info] (cu_hello_main) facility address book filename path: /sw/frontier/ums/ums046/copper/olcf_copper_addressbook.txt
2026-03-08 14-39-30.381 [Info] (cu_hello_main) output filename path: /lustre/orion/stf008/proj-shared/hvac/copper-cug/copper_logs/frontier08629-2304477-output.log
2026-03-08 14-39-30.381 [Debug] (cu_hello_main)  
2026-03-08 14-39-30.381 [Info] (cu_hello_main) hostname found to be: frontier08760
2026-03-08 14-39-30.381 [Debug] (process_args) -tpath was found: /
2026-03-08 14-39-30.381 [Debug] (process_args) -vpath was found: /tmp/khana/copper
2026-03-08 14-39-30.381 [Debug] (process_args) -log_level was found: 6
2026-03-08 14-39-30.381 [Debug] (process_args) -log_type was found: file
2026-03-08 14-39-30.381 [Debug] (process_args) -log_output_dir was found: /lustre/orion/stf008/proj-shared/hvac/copper-cug/copper_logs
2026-03-08 14-39-30.381 [Debug] (process_args) -net_type was found: cxi://cxi1
2026-03-08 14-39-30.381 [Debug] (process_args) -trees was found: 1
2026-03-08 14-39-30.381 [Debug] (process_args) -nf was found: /lustre/orion/stf008/proj-shared/hvac/copper-cug/copper_logs/node_file.txt
2026-03-08 14-39-30.381 [Debug] (process_args) -max_cacheable_byte_size was found: 10485760
2026-03-08 14-39-30.381 [Debug] (process_args) -facility_address_book was found: /sw/frontier/ums/ums046/copper/olcf_copper_addressbook.txt
2026-03-08 14-39-30.381 [Info] (cu_hello_main) copper address located at path: /lustre/orion/stf008/proj-shared/hvac/copper-cug/copper_logs/copper_address_book.txt
2026-03-08 14-39-30.381 [Info] (cu_hello_main) facility address book filename path: /sw/frontier/ums/ums046/copper/olcf_copper_addressbook.txt
2026-03-08 14-39-30.381 [Info] (cu_hello_main) output filename path: /lustre/orion/stf008/proj-shared/hvac/copper-cug/copper_logs/frontier08760-498754-output.log
2026-03-08 14-39-30.382 [Debug] (cu_hello_main)  
2026-03-08 14-39-30.382 [Info] (cu_hello_main) hostname found to be: frontier05424
2026-03-08 14-39-30.382 [Debug] (process_args) -tpath was found: /
2026-03-08 14-39-30.382 [Debug] (process_args) -vpath was found: /tmp/khana/copper
2026-03-08 14-39-30.382 [Debug] (process_args) -log_level was found: 6
2026-03-08 14-39-30.382 [Debug] (process_args) -log_type was found: file
2026-03-08 14-39-30.382 [Debug] (process_args) -log_output_dir was found: /lustre/orion/stf008/proj-shared/hvac/copper-cug/copper_logs
2026-03-08 14-39-30.382 [Debug] (process_args) -net_type was found: cxi://cxi1
2026-03-08 14-39-30.382 [Debug] (process_args) -trees was found: 1
2026-03-08 14-39-30.382 [Debug] (process_args) -nf was found: /lustre/orion/stf008/proj-shared/hvac/copper-cug/copper_logs/node_file.txt
2026-03-08 14-39-30.382 [Debug] (process_args) -max_cacheable_byte_size was found: 10485760
2026-03-08 14-39-30.382 [Debug] (process_args) -facility_address_book was found: /sw/frontier/ums/ums046/copper/olcf_copper_addressbook.txt
2026-03-08 14-39-30.382 [Info] (cu_hello_main) copper address located at path: /lustre/orion/stf008/proj-shared/hvac/copper-cug/copper_logs/copper_address_book.txt
2026-03-08 14-39-30.382 [Info] (cu_hello_main) facility address book filename path: /sw/frontier/ums/ums046/copper/olcf_copper_addressbook.txt
2026-03-08 14-39-30.382 [Info] (cu_hello_main) output filename path: /lustre/orion/stf008/proj-shared/hvac/copper-cug/copper_logs/frontier05424-1648273-output.log
2026-03-08 14-39-30.382 [Debug] (cu_hello_main)  
2026-03-08 14-39-30.382 [Info] (cu_hello_main) hostname found to be: frontier01746
2026-03-08 14-39-30.382 [Debug] (process_args) -tpath was found: /
2026-03-08 14-39-30.382 [Debug] (process_args) -vpath was found: /tmp/khana/copper
2026-03-08 14-39-30.382 [Debug] (process_args) -log_level was found: 6
2026-03-08 14-39-30.382 [Debug] (process_args) -log_type was found: file
2026-03-08 14-39-30.382 [Debug] (process_args) -log_output_dir was found: /lustre/orion/stf008/proj-shared/hvac/copper-cug/copper_logs
2026-03-08 14-39-30.382 [Debug] (process_args) -net_type was found: cxi://cxi1
2026-03-08 14-39-30.382 [Debug] (process_args) -trees was found: 1
2026-03-08 14-39-30.383 [Debug] (process_args) -nf was found: /lustre/orion/stf008/proj-shared/hvac/copper-cug/copper_logs/node_file.txt
2026-03-08 14-39-30.383 [Debug] (process_args) -max_cacheable_byte_size was found: 10485760
2026-03-08 14-39-30.383 [Debug] (process_args) -facility_address_book was found: /sw/frontier/ums/ums046/copper/olcf_copper_addressbook.txt
2026-03-08 14-39-30.382 [Debug] (cu_hello_main)  
2026-03-08 14-39-30.383 [Info] (cu_hello_main) hostname found to be: frontier03397
2026-03-08 14-39-30.383 [Info] (cu_hello_main) copper address located at path: /lustre/orion/stf008/proj-shared/hvac/copper-cug/copper_logs/copper_address_book.txt
2026-03-08 14-39-30.383 [Info] (cu_hello_main) facility address book filename path: /sw/frontier/ums/ums046/copper/olcf_copper_addressbook.txt
2026-03-08 14-39-30.383 [Debug] (process_args) -tpath was found: /
2026-03-08 14-39-30.383 [Debug] (process_args) -vpath was found: /tmp/khana/copper
2026-03-08 14-39-30.383 [Debug] (process_args) -log_level was found: 6
2026-03-08 14-39-30.383 [Debug] (process_args) -log_type was found: file
2026-03-08 14-39-30.383 [Debug] (process_args) -log_output_dir was found: /lustre/orion/stf008/proj-shared/hvac/copper-cug/copper_logs
2026-03-08 14-39-30.383 [Debug] (process_args) -net_type was found: cxi://cxi1
2026-03-08 14-39-30.383 [Debug] (process_args) -trees was found: 1
2026-03-08 14-39-30.383 [Debug] (process_args) -nf was found: /lustre/orion/stf008/proj-shared/hvac/copper-cug/copper_logs/node_file.txt
2026-03-08 14-39-30.383 [Debug] (process_args) -max_cacheable_byte_size was found: 10485760
2026-03-08 14-39-30.383 [Info] (cu_hello_main) output filename path: /lustre/orion/stf008/proj-shared/hvac/copper-cug/copper_logs/frontier01746-529915-output.log
2026-03-08 14-39-30.383 [Debug] (process_args) -facility_address_book was found: /sw/frontier/ums/ums046/copper/olcf_copper_addressbook.txt
2026-03-08 14-39-30.383 [Info] (cu_hello_main) copper address located at path: /lustre/orion/stf008/proj-shared/hvac/copper-cug/copper_logs/copper_address_book.txt
2026-03-08 14-39-30.383 [Info] (cu_hello_main) facility address book filename path: /sw/frontier/ums/ums046/copper/olcf_copper_addressbook.txt
2026-03-08 14-39-30.383 [Info] (cu_hello_main) output filename path: /lustre/orion/stf008/proj-shared/hvac/copper-cug/copper_logs/frontier03397-1671523-output.log
2026-03-08 14-39-30.383 [Debug] (cu_hello_main)  
2026-03-08 14-39-30.383 [Info] (cu_hello_main) hostname found to be: frontier08242
2026-03-08 14-39-30.383 [Debug] (process_args) -tpath was found: /
2026-03-08 14-39-30.383 [Debug] (process_args) -vpath was found: /tmp/khana/copper
2026-03-08 14-39-30.383 [Debug] (process_args) -log_level was found: 6
2026-03-08 14-39-30.383 [Debug] (process_args) -log_type was found: file
2026-03-08 14-39-30.383 [Debug] (process_args) -log_output_dir was found: /lustre/orion/stf008/proj-shared/hvac/copper-cug/copper_logs
2026-03-08 14-39-30.383 [Debug] (process_args) -net_type was found: cxi://cxi1
2026-03-08 14-39-30.383 [Debug] (process_args) -trees was found: 1
2026-03-08 14-39-30.383 [Debug] (process_args) -nf was found: /lustre/orion/stf008/proj-shared/hvac/copper-cug/copper_logs/node_file.txt
2026-03-08 14-39-30.383 [Debug] (process_args) -max_cacheable_byte_size was found: 10485760
2026-03-08 14-39-30.383 [Debug] (process_args) -facility_address_book was found: /sw/frontier/ums/ums046/copper/olcf_copper_addressbook.txt
2026-03-08 14-39-30.383 [Info] (cu_hello_main) copper address located at path: /lustre/orion/stf008/proj-shared/hvac/copper-cug/copper_logs/copper_address_book.txt
2026-03-08 14-39-30.383 [Info] (cu_hello_main) facility address book filename path: /sw/frontier/ums/ums046/copper/olcf_copper_addressbook.txt
2026-03-08 14-39-30.383 [Info] (cu_hello_main) output filename path: /lustre/orion/stf008/proj-shared/hvac/copper-cug/copper_logs/frontier08242-1289517-output.log
2026-03-08 14-39-30.383 [Debug] (cu_hello_main)  
2026-03-08 14-39-30.383 [Info] (cu_hello_main) hostname found to be: frontier07603
2026-03-08 14-39-30.383 [Debug] (process_args) -tpath was found: /
2026-03-08 14-39-30.383 [Debug] (process_args) -vpath was found: /tmp/khana/copper
2026-03-08 14-39-30.383 [Debug] (cu_hello_main)  
2026-03-08 14-39-30.383 [Info] (cu_hello_main) hostname found to be: frontier06963
2026-03-08 14-39-30.383 [Debug] (process_args) -tpath was found: /
2026-03-08 14-39-30.383 [Debug] (process_args) -vpath was found: /tmp/khana/copper
2026-03-08 14-39-30.383 [Debug] (process_args) -log_level was found: 6
2026-03-08 14-39-30.383 [Debug] (process_args) -log_type was found: file
2026-03-08 14-39-30.383 [Debug] (process_args) -log_level was found: 6
2026-03-08 14-39-30.383 [Debug] (process_args) -log_type was found: file
2026-03-08 14-39-30.383 [Debug] (process_args) -log_output_dir was found: /lustre/orion/stf008/proj-shared/hvac/copper-cug/copper_logs
2026-03-08 14-39-30.383 [Debug] (process_args) -log_output_dir was found: /lustre/orion/stf008/proj-shared/hvac/copper-cug/copper_logs
2026-03-08 14-39-30.383 [Debug] (process_args) -net_type was found: cxi://cxi1
2026-03-08 14-39-30.383 [Debug] (process_args) -trees was found: 1
2026-03-08 14-39-30.383 [Debug] (process_args) -nf was found: /lustre/orion/stf008/proj-shared/hvac/copper-cug/copper_logs/node_file.txt
2026-03-08 14-39-30.383 [Debug] (process_args) -max_cacheable_byte_size was found: 10485760
2026-03-08 14-39-30.383 [Debug] (process_args) -facility_address_book was found: /sw/frontier/ums/ums046/copper/olcf_copper_addressbook.txt
2026-03-08 14-39-30.383 [Info] (cu_hello_main) copper address located at path: /lustre/orion/stf008/proj-shared/hvac/copper-cug/copper_logs/copper_address_book.txt
2026-03-08 14-39-30.383 [Info] (cu_hello_main) facility address book filename path: /sw/frontier/ums/ums046/copper/olcf_copper_addressbook.txt
2026-03-08 14-39-30.383 [Debug] (process_args) -net_type was found: cxi://cxi1
2026-03-08 14-39-30.383 [Debug] (process_args) -trees was found: 1
2026-03-08 14-39-30.383 [Info] (cu_hello_main) output filename path: /lustre/orion/stf008/proj-shared/hvac/copper-cug/copper_logs/frontier06963-1071553-output.log
2026-03-08 14-39-30.383 [Debug] (process_args) -nf was found: /lustre/orion/stf008/proj-shared/hvac/copper-cug/copper_logs/node_file.txt
2026-03-08 14-39-30.383 [Debug] (process_args) -max_cacheable_byte_size was found: 10485760
2026-03-08 14-39-30.383 [Debug] (process_args) -facility_address_book was found: /sw/frontier/ums/ums046/copper/olcf_copper_addressbook.txt
2026-03-08 14-39-30.383 [Info] (cu_hello_main) copper address located at path: /lustre/orion/stf008/proj-shared/hvac/copper-cug/copper_logs/copper_address_book.txt
2026-03-08 14-39-30.383 [Info] (cu_hello_main) facility address book filename path: /sw/frontier/ums/ums046/copper/olcf_copper_addressbook.txt
2026-03-08 14-39-30.383 [Info] (cu_hello_main) output filename path: /lustre/orion/stf008/proj-shared/hvac/copper-cug/copper_logs/frontier07603-1440960-output.log
2026-03-08 14-39-30.383 [Debug] (cu_hello_main)  
2026-03-08 14-39-30.383 [Info] (cu_hello_main) hostname found to be: frontier01618
2026-03-08 14-39-30.383 [Debug] (process_args) -tpath was found: /
2026-03-08 14-39-30.383 [Debug] (process_args) -vpath was found: /tmp/khana/copper
2026-03-08 14-39-30.383 [Debug] (process_args) -log_level was found: 6
2026-03-08 14-39-30.383 [Debug] (process_args) -log_type was found: file
2026-03-08 14-39-30.383 [Debug] (process_args) -log_output_dir was found: /lustre/orion/stf008/proj-shared/hvac/copper-cug/copper_logs
2026-03-08 14-39-30.383 [Debug] (process_args) -net_type was found: cxi://cxi1
2026-03-08 14-39-30.383 [Debug] (process_args) -trees was found: 1
2026-03-08 14-39-30.383 [Debug] (process_args) -nf was found: /lustre/orion/stf008/proj-shared/hvac/copper-cug/copper_logs/node_file.txt
2026-03-08 14-39-30.383 [Debug] (process_args) -max_cacheable_byte_size was found: 10485760
2026-03-08 14-39-30.383 [Debug] (process_args) -facility_address_book was found: /sw/frontier/ums/ums046/copper/olcf_copper_addressbook.txt
2026-03-08 14-39-30.383 [Info] (cu_hello_main) copper address located at path: /lustre/orion/stf008/proj-shared/hvac/copper-cug/copper_logs/copper_address_book.txt
2026-03-08 14-39-30.383 [Info] (cu_hello_main) facility address book filename path: /sw/frontier/ums/ums046/copper/olcf_copper_addressbook.txt
2026-03-08 14-39-30.383 [Info] (cu_hello_main) output filename path: /lustre/orion/stf008/proj-shared/hvac/copper-cug/copper_logs/frontier01618-1283569-output.log
2026-03-08 14-39-30.383 [Debug] (cu_hello_main)  
2026-03-08 14-39-30.384 [Info] (cu_hello_main) hostname found to be: frontier06711
2026-03-08 14-39-30.383 [Debug] (cu_hello_main)  
2026-03-08 14-39-30.384 [Info] (cu_hello_main) hostname found to be: frontier04562
2026-03-08 14-39-30.384 [Debug] (process_args) -tpath was found: /
2026-03-08 14-39-30.384 [Debug] (process_args) -vpath was found: /tmp/khana/copper
2026-03-08 14-39-30.384 [Debug] (process_args) -log_level was found: 6
2026-03-08 14-39-30.384 [Debug] (process_args) -log_type was found: file
2026-03-08 14-39-30.384 [Debug] (process_args) -log_output_dir was found: /lustre/orion/stf008/proj-shared/hvac/copper-cug/copper_logs
2026-03-08 14-39-30.384 [Debug] (process_args) -net_type was found: cxi://cxi1
2026-03-08 14-39-30.384 [Debug] (process_args) -trees was found: 1
2026-03-08 14-39-30.384 [Debug] (process_args) -tpath was found: /
2026-03-08 14-39-30.384 [Debug] (process_args) -vpath was found: /tmp/khana/copper
2026-03-08 14-39-30.384 [Debug] (process_args) -log_level was found: 6
2026-03-08 14-39-30.384 [Debug] (process_args) -log_type was found: file
2026-03-08 14-39-30.384 [Debug] (process_args) -log_output_dir was found: /lustre/orion/stf008/proj-shared/hvac/copper-cug/copper_logs
2026-03-08 14-39-30.384 [Debug] (process_args) -net_type was found: cxi://cxi1
2026-03-08 14-39-30.384 [Debug] (process_args) -nf was found: /lustre/orion/stf008/proj-shared/hvac/copper-cug/copper_logs/node_file.txt
2026-03-08 14-39-30.384 [Debug] (process_args) -max_cacheable_byte_size was found: 10485760
2026-03-08 14-39-30.384 [Debug] (process_args) -facility_address_book was found: /sw/frontier/ums/ums046/copper/olcf_copper_addressbook.txt
2026-03-08 14-39-30.384 [Debug] (process_args) -trees was found: 1
2026-03-08 14-39-30.384 [Debug] (process_args) -nf was found: /lustre/orion/stf008/proj-shared/hvac/copper-cug/copper_logs/node_file.txt
2026-03-08 14-39-30.384 [Debug] (process_args) -max_cacheable_byte_size was found: 10485760
2026-03-08 14-39-30.384 [Debug] (process_args) -facility_address_book was found: /sw/frontier/ums/ums046/copper/olcf_copper_addressbook.txt
2026-03-08 14-39-30.384 [Info] (cu_hello_main) copper address located at path: /lustre/orion/stf008/proj-shared/hvac/copper-cug/copper_logs/copper_address_book.txt
2026-03-08 14-39-30.384 [Info] (cu_hello_main) facility address book filename path: /sw/frontier/ums/ums046/copper/olcf_copper_addressbook.txt
2026-03-08 14-39-30.384 [Info] (cu_hello_main) copper address located at path: /lustre/orion/stf008/proj-shared/hvac/copper-cug/copper_logs/copper_address_book.txt
2026-03-08 14-39-30.384 [Info] (cu_hello_main) facility address book filename path: /sw/frontier/ums/ums046/copper/olcf_copper_addressbook.txt
2026-03-08 14-39-30.384 [Info] (cu_hello_main) output filename path: /lustre/orion/stf008/proj-shared/hvac/copper-cug/copper_logs/frontier06711-1373924-output.log
2026-03-08 14-39-30.384 [Info] (cu_hello_main) output filename path: /lustre/orion/stf008/proj-shared/hvac/copper-cug/copper_logs/frontier04562-1250183-output.log
2026-03-08 14-39-30.384 [Debug] (cu_hello_main)  
2026-03-08 14-39-30.384 [Info] (cu_hello_main) hostname found to be: frontier03269
2026-03-08 14-39-30.384 [Debug] (process_args) -tpath was found: /
2026-03-08 14-39-30.384 [Debug] (process_args) -vpath was found: /tmp/khana/copper
2026-03-08 14-39-30.384 [Debug] (process_args) -log_level was found: 6
2026-03-08 14-39-30.384 [Debug] (process_args) -log_type was found: file
2026-03-08 14-39-30.384 [Debug] (process_args) -log_output_dir was found: /lustre/orion/stf008/proj-shared/hvac/copper-cug/copper_logs
2026-03-08 14-39-30.384 [Debug] (process_args) -net_type was found: cxi://cxi1
2026-03-08 14-39-30.384 [Debug] (process_args) -trees was found: 1
2026-03-08 14-39-30.384 [Debug] (process_args) -nf was found: /lustre/orion/stf008/proj-shared/hvac/copper-cug/copper_logs/node_file.txt
2026-03-08 14-39-30.384 [Debug] (process_args) -max_cacheable_byte_size was found: 10485760
2026-03-08 14-39-30.384 [Debug] (process_args) -facility_address_book was found: /sw/frontier/ums/ums046/copper/olcf_copper_addressbook.txt
2026-03-08 14-39-30.384 [Info] (cu_hello_main) copper address located at path: /lustre/orion/stf008/proj-shared/hvac/copper-cug/copper_logs/copper_address_book.txt
2026-03-08 14-39-30.384 [Info] (cu_hello_main) facility address book filename path: /sw/frontier/ums/ums046/copper/olcf_copper_addressbook.txt
2026-03-08 14-39-30.384 [Info] (cu_hello_main) output filename path: /lustre/orion/stf008/proj-shared/hvac/copper-cug/copper_logs/frontier03269-1258827-output.log
2026-03-08 14-39-30.384 [Debug] (cu_hello_main)  
2026-03-08 14-39-30.384 [Info] (cu_hello_main) hostname found to be: frontier06578
2026-03-08 14-39-30.384 [Debug] (process_args) -tpath was found: /
2026-03-08 14-39-30.384 [Debug] (process_args) -vpath was found: /tmp/khana/copper
2026-03-08 14-39-30.384 [Debug] (process_args) -log_level was found: 6
2026-03-08 14-39-30.384 [Debug] (process_args) -log_type was found: file
2026-03-08 14-39-30.384 [Debug] (process_args) -log_output_dir was found: /lustre/orion/stf008/proj-shared/hvac/copper-cug/copper_logs
2026-03-08 14-39-30.384 [Debug] (process_args) -net_type was found: cxi://cxi1
2026-03-08 14-39-30.384 [Debug] (process_args) -trees was found: 1
2026-03-08 14-39-30.384 [Debug] (process_args) -nf was found: /lustre/orion/stf008/proj-shared/hvac/copper-cug/copper_logs/node_file.txt
2026-03-08 14-39-30.384 [Debug] (process_args) -max_cacheable_byte_size was found: 10485760
2026-03-08 14-39-30.384 [Debug] (process_args) -facility_address_book was found: /sw/frontier/ums/ums046/copper/olcf_copper_addressbook.txt
2026-03-08 14-39-30.384 [Info] (cu_hello_main) copper address located at path: /lustre/orion/stf008/proj-shared/hvac/copper-cug/copper_logs/copper_address_book.txt
2026-03-08 14-39-30.384 [Info] (cu_hello_main) facility address book filename path: /sw/frontier/ums/ums046/copper/olcf_copper_addressbook.txt
2026-03-08 14-39-30.384 [Info] (cu_hello_main) output filename path: /lustre/orion/stf008/proj-shared/hvac/copper-cug/copper_logs/frontier06578-1049538-output.log
2026-03-08 14-39-30.384 [Debug] (cu_hello_main)  
2026-03-08 14-39-30.384 [Info] (cu_hello_main) hostname found to be: frontier06326
2026-03-08 14-39-30.384 [Debug] (process_args) -tpath was found: /
2026-03-08 14-39-30.384 [Debug] (process_args) -vpath was found: /tmp/khana/copper
2026-03-08 14-39-30.384 [Debug] (process_args) -log_level was found: 6
2026-03-08 14-39-30.384 [Debug] (process_args) -log_type was found: file
2026-03-08 14-39-30.384 [Debug] (process_args) -log_output_dir was found: /lustre/orion/stf008/proj-shared/hvac/copper-cug/copper_logs
2026-03-08 14-39-30.384 [Debug] (process_args) -net_type was found: cxi://cxi1
2026-03-08 14-39-30.384 [Debug] (process_args) -trees was found: 1
2026-03-08 14-39-30.384 [Debug] (process_args) -nf was found: /lustre/orion/stf008/proj-shared/hvac/copper-cug/copper_logs/node_file.txt
2026-03-08 14-39-30.384 [Debug] (process_args) -max_cacheable_byte_size was found: 10485760
2026-03-08 14-39-30.384 [Debug] (cu_hello_main)  
2026-03-08 14-39-30.384 [Info] (cu_hello_main) hostname found to be: frontier03543
2026-03-08 14-39-30.384 [Debug] (process_args) -facility_address_book was found: /sw/frontier/ums/ums046/copper/olcf_copper_addressbook.txt
2026-03-08 14-39-30.384 [Debug] (process_args) -tpath was found: /
2026-03-08 14-39-30.384 [Debug] (process_args) -vpath was found: /tmp/khana/copper
2026-03-08 14-39-30.384 [Debug] (process_args) -log_level was found: 6
2026-03-08 14-39-30.384 [Debug] (process_args) -log_type was found: file
2026-03-08 14-39-30.384 [Debug] (process_args) -log_output_dir was found: /lustre/orion/stf008/proj-shared/hvac/copper-cug/copper_logs
2026-03-08 14-39-30.384 [Debug] (process_args) -net_type was found: cxi://cxi1
2026-03-08 14-39-30.384 [Debug] (process_args) -trees was found: 1
2026-03-08 14-39-30.384 [Debug] (process_args) -nf was found: /lustre/orion/stf008/proj-shared/hvac/copper-cug/copper_logs/node_file.txt
2026-03-08 14-39-30.384 [Info] (cu_hello_main) copper address located at path: /lustre/orion/stf008/proj-shared/hvac/copper-cug/copper_logs/copper_address_book.txt
2026-03-08 14-39-30.384 [Debug] (process_args) -max_cacheable_byte_size was found: 10485760
2026-03-08 14-39-30.384 [Debug] (process_args) -facility_address_book was found: /sw/frontier/ums/ums046/copper/olcf_copper_addressbook.txt
2026-03-08 14-39-30.384 [Info] (cu_hello_main) copper address located at path: /lustre/orion/stf008/proj-shared/hvac/copper-cug/copper_logs/copper_address_book.txt
2026-03-08 14-39-30.384 [Info] (cu_hello_main) facility address book filename path: /sw/frontier/ums/ums046/copper/olcf_copper_addressbook.txt
2026-03-08 14-39-30.384 [Info] (cu_hello_main) facility address book filename path: /sw/frontier/ums/ums046/copper/olcf_copper_addressbook.txt
2026-03-08 14-39-30.384 [Info] (cu_hello_main) output filename path: /lustre/orion/stf008/proj-shared/hvac/copper-cug/copper_logs/frontier06326-1288691-output.log
2026-03-08 14-39-30.384 [Info] (cu_hello_main) output filename path: /lustre/orion/stf008/proj-shared/hvac/copper-cug/copper_logs/frontier03543-726633-output.log
2026-03-08 14-39-30.385 [Debug] (cu_hello_main)  
2026-03-08 14-39-30.385 [Info] (cu_hello_main) hostname found to be: frontier05818
2026-03-08 14-39-30.385 [Debug] (process_args) -tpath was found: /
2026-03-08 14-39-30.385 [Debug] (process_args) -vpath was found: /tmp/khana/copper
2026-03-08 14-39-30.385 [Debug] (process_args) -log_level was found: 6
2026-03-08 14-39-30.385 [Debug] (process_args) -log_type was found: file
2026-03-08 14-39-30.385 [Debug] (process_args) -log_output_dir was found: /lustre/orion/stf008/proj-shared/hvac/copper-cug/copper_logs
2026-03-08 14-39-30.385 [Debug] (process_args) -net_type was found: cxi://cxi1
2026-03-08 14-39-30.385 [Debug] (process_args) -trees was found: 1
2026-03-08 14-39-30.385 [Debug] (process_args) -nf was found: /lustre/orion/stf008/proj-shared/hvac/copper-cug/copper_logs/node_file.txt
2026-03-08 14-39-30.385 [Debug] (process_args) -max_cacheable_byte_size was found: 10485760
2026-03-08 14-39-30.385 [Debug] (process_args) -facility_address_book was found: /sw/frontier/ums/ums046/copper/olcf_copper_addressbook.txt
2026-03-08 14-39-30.385 [Info] (cu_hello_main) copper address located at path: /lustre/orion/stf008/proj-shared/hvac/copper-cug/copper_logs/copper_address_book.txt
2026-03-08 14-39-30.385 [Debug] (cu_hello_main)  
2026-03-08 14-39-30.385 [Info] (cu_hello_main) hostname found to be: frontier02506
2026-03-08 14-39-30.385 [Debug] (process_args) -tpath was found: /
2026-03-08 14-39-30.385 [Debug] (process_args) -vpath was found: /tmp/khana/copper
2026-03-08 14-39-30.385 [Debug] (process_args) -log_level was found: 6
2026-03-08 14-39-30.385 [Debug] (process_args) -log_type was found: file
2026-03-08 14-39-30.385 [Info] (cu_hello_main) facility address book filename path: /sw/frontier/ums/ums046/copper/olcf_copper_addressbook.txt
2026-03-08 14-39-30.385 [Info] (cu_hello_main) output filename path: /lustre/orion/stf008/proj-shared/hvac/copper-cug/copper_logs/frontier05818-734178-output.log
2026-03-08 14-39-30.385 [Debug] (process_args) -log_output_dir was found: /lustre/orion/stf008/proj-shared/hvac/copper-cug/copper_logs
2026-03-08 14-39-30.385 [Debug] (process_args) -net_type was found: cxi://cxi1
2026-03-08 14-39-30.385 [Debug] (process_args) -trees was found: 1
2026-03-08 14-39-30.385 [Debug] (process_args) -nf was found: /lustre/orion/stf008/proj-shared/hvac/copper-cug/copper_logs/node_file.txt
2026-03-08 14-39-30.385 [Debug] (process_args) -max_cacheable_byte_size was found: 10485760
2026-03-08 14-39-30.385 [Debug] (process_args) -facility_address_book was found: /sw/frontier/ums/ums046/copper/olcf_copper_addressbook.txt
2026-03-08 14-39-30.385 [Info] (cu_hello_main) copper address located at path: /lustre/orion/stf008/proj-shared/hvac/copper-cug/copper_logs/copper_address_book.txt
2026-03-08 14-39-30.385 [Info] (cu_hello_main) facility address book filename path: /sw/frontier/ums/ums046/copper/olcf_copper_addressbook.txt
2026-03-08 14-39-30.385 [Info] (cu_hello_main) output filename path: /lustre/orion/stf008/proj-shared/hvac/copper-cug/copper_logs/frontier02506-2450382-output.log
2026-03-08 14-39-30.386 [Debug] (cu_hello_main)  
2026-03-08 14-39-30.386 [Info] (cu_hello_main) hostname found to be: frontier01473
2026-03-08 14-39-30.386 [Debug] (process_args) -tpath was found: /
2026-03-08 14-39-30.386 [Debug] (process_args) -vpath was found: /tmp/khana/copper
2026-03-08 14-39-30.386 [Debug] (process_args) -log_level was found: 6
2026-03-08 14-39-30.386 [Debug] (process_args) -log_type was found: file
2026-03-08 14-39-30.386 [Debug] (process_args) -log_output_dir was found: /lustre/orion/stf008/proj-shared/hvac/copper-cug/copper_logs
2026-03-08 14-39-30.386 [Debug] (process_args) -net_type was found: cxi://cxi1
2026-03-08 14-39-30.386 [Debug] (process_args) -trees was found: 1
2026-03-08 14-39-30.386 [Debug] (process_args) -nf was found: /lustre/orion/stf008/proj-shared/hvac/copper-cug/copper_logs/node_file.txt
2026-03-08 14-39-30.386 [Debug] (process_args) -max_cacheable_byte_size was found: 10485760
2026-03-08 14-39-30.386 [Debug] (process_args) -facility_address_book was found: /sw/frontier/ums/ums046/copper/olcf_copper_addressbook.txt
2026-03-08 14-39-30.386 [Info] (cu_hello_main) copper address located at path: /lustre/orion/stf008/proj-shared/hvac/copper-cug/copper_logs/copper_address_book.txt
2026-03-08 14-39-30.386 [Info] (cu_hello_main) facility address book filename path: /sw/frontier/ums/ums046/copper/olcf_copper_addressbook.txt
2026-03-08 14-39-30.386 [Info] (cu_hello_main) output filename path: /lustre/orion/stf008/proj-shared/hvac/copper-cug/copper_logs/frontier01473-1865605-output.log
2026-03-08 14-39-30.386 [Debug] (cu_hello_main)  
2026-03-08 14-39-30.386 [Info] (cu_hello_main) hostname found to be: frontier04797
2026-03-08 14-39-30.386 [Debug] (process_args) -tpath was found: /
2026-03-08 14-39-30.386 [Debug] (process_args) -vpath was found: /tmp/khana/copper
2026-03-08 14-39-30.386 [Debug] (process_args) -log_level was found: 6
2026-03-08 14-39-30.386 [Debug] (process_args) -log_type was found: file
2026-03-08 14-39-30.386 [Debug] (process_args) -log_output_dir was found: /lustre/orion/stf008/proj-shared/hvac/copper-cug/copper_logs
2026-03-08 14-39-30.386 [Debug] (process_args) -net_type was found: cxi://cxi1
2026-03-08 14-39-30.386 [Debug] (process_args) -trees was found: 1
2026-03-08 14-39-30.386 [Debug] (process_args) -nf was found: /lustre/orion/stf008/proj-shared/hvac/copper-cug/copper_logs/node_file.txt
2026-03-08 14-39-30.386 [Debug] (process_args) -max_cacheable_byte_size was found: 10485760
2026-03-08 14-39-30.386 [Debug] (process_args) -facility_address_book was found: /sw/frontier/ums/ums046/copper/olcf_copper_addressbook.txt
2026-03-08 14-39-30.386 [Info] (cu_hello_main) copper address located at path: /lustre/orion/stf008/proj-shared/hvac/copper-cug/copper_logs/copper_address_book.txt
2026-03-08 14-39-30.386 [Info] (cu_hello_main) facility address book filename path: /sw/frontier/ums/ums046/copper/olcf_copper_addressbook.txt
2026-03-08 14-39-30.386 [Info] (cu_hello_main) output filename path: /lustre/orion/stf008/proj-shared/hvac/copper-cug/copper_logs/frontier04797-1191797-output.log
2026-03-08 14-39-30.386 [Debug] (cu_hello_main)  
2026-03-08 14-39-30.386 [Info] (cu_hello_main) hostname found to be: frontier00579
2026-03-08 14-39-30.386 [Debug] (process_args) -tpath was found: /
2026-03-08 14-39-30.386 [Debug] (process_args) -vpath was found: /tmp/khana/copper
2026-03-08 14-39-30.386 [Debug] (process_args) -log_level was found: 6
2026-03-08 14-39-30.386 [Debug] (process_args) -log_type was found: file
2026-03-08 14-39-30.386 [Debug] (process_args) -log_output_dir was found: /lustre/orion/stf008/proj-shared/hvac/copper-cug/copper_logs
2026-03-08 14-39-30.386 [Debug] (process_args) -net_type was found: cxi://cxi1
2026-03-08 14-39-30.386 [Debug] (process_args) -trees was found: 1
2026-03-08 14-39-30.386 [Debug] (process_args) -nf was found: /lustre/orion/stf008/proj-shared/hvac/copper-cug/copper_logs/node_file.txt
2026-03-08 14-39-30.386 [Debug] (process_args) -max_cacheable_byte_size was found: 10485760
2026-03-08 14-39-30.386 [Debug] (process_args) -facility_address_book was found: /sw/frontier/ums/ums046/copper/olcf_copper_addressbook.txt
2026-03-08 14-39-30.386 [Info] (cu_hello_main) copper address located at path: /lustre/orion/stf008/proj-shared/hvac/copper-cug/copper_logs/copper_address_book.txt
2026-03-08 14-39-30.386 [Info] (cu_hello_main) facility address book filename path: /sw/frontier/ums/ums046/copper/olcf_copper_addressbook.txt
2026-03-08 14-39-30.386 [Info] (cu_hello_main) output filename path: /lustre/orion/stf008/proj-shared/hvac/copper-cug/copper_logs/frontier00579-1066335-output.log
2026-03-08 14-39-30.386 [Debug] (cu_hello_main)  
2026-03-08 14-39-30.386 [Info] (cu_hello_main) hostname found to be: frontier01876
2026-03-08 14-39-30.386 [Debug] (process_args) -tpath was found: /
2026-03-08 14-39-30.386 [Debug] (process_args) -vpath was found: /tmp/khana/copper
2026-03-08 14-39-30.386 [Debug] (process_args) -log_level was found: 6
2026-03-08 14-39-30.386 [Debug] (process_args) -log_type was found: file
2026-03-08 14-39-30.386 [Debug] (process_args) -log_output_dir was found: /lustre/orion/stf008/proj-shared/hvac/copper-cug/copper_logs
2026-03-08 14-39-30.386 [Debug] (process_args) -net_type was found: cxi://cxi1
2026-03-08 14-39-30.386 [Debug] (process_args) -trees was found: 1
2026-03-08 14-39-30.386 [Debug] (process_args) -nf was found: /lustre/orion/stf008/proj-shared/hvac/copper-cug/copper_logs/node_file.txt
2026-03-08 14-39-30.386 [Debug] (process_args) -max_cacheable_byte_size was found: 10485760
2026-03-08 14-39-30.386 [Debug] (process_args) -facility_address_book was found: /sw/frontier/ums/ums046/copper/olcf_copper_addressbook.txt
2026-03-08 14-39-30.386 [Info] (cu_hello_main) copper address located at path: /lustre/orion/stf008/proj-shared/hvac/copper-cug/copper_logs/copper_address_book.txt
2026-03-08 14-39-30.386 [Info] (cu_hello_main) facility address book filename path: /sw/frontier/ums/ums046/copper/olcf_copper_addressbook.txt
2026-03-08 14-39-30.386 [Info] (cu_hello_main) output filename path: /lustre/orion/stf008/proj-shared/hvac/copper-cug/copper_logs/frontier01876-928484-output.log
2026-03-08 14-39-30.387 [Debug] (cu_hello_main)  
2026-03-08 14-39-30.387 [Info] (cu_hello_main) hostname found to be: frontier00709
2026-03-08 14-39-30.387 [Debug] (process_args) -tpath was found: /
2026-03-08 14-39-30.387 [Debug] (process_args) -vpath was found: /tmp/khana/copper
2026-03-08 14-39-30.387 [Debug] (process_args) -log_level was found: 6
2026-03-08 14-39-30.387 [Debug] (process_args) -log_type was found: file
2026-03-08 14-39-30.387 [Debug] (process_args) -log_output_dir was found: /lustre/orion/stf008/proj-shared/hvac/copper-cug/copper_logs
2026-03-08 14-39-30.387 [Debug] (process_args) -net_type was found: cxi://cxi1
2026-03-08 14-39-30.387 [Debug] (process_args) -trees was found: 1
2026-03-08 14-39-30.387 [Debug] (process_args) -nf was found: /lustre/orion/stf008/proj-shared/hvac/copper-cug/copper_logs/node_file.txt
2026-03-08 14-39-30.387 [Debug] (process_args) -max_cacheable_byte_size was found: 10485760
2026-03-08 14-39-30.387 [Debug] (process_args) -facility_address_book was found: /sw/frontier/ums/ums046/copper/olcf_copper_addressbook.txt
2026-03-08 14-39-30.387 [Info] (cu_hello_main) copper address located at path: /lustre/orion/stf008/proj-shared/hvac/copper-cug/copper_logs/copper_address_book.txt
2026-03-08 14-39-30.387 [Info] (cu_hello_main) facility address book filename path: /sw/frontier/ums/ums046/copper/olcf_copper_addressbook.txt
2026-03-08 14-39-30.387 [Info] (cu_hello_main) output filename path: /lustre/orion/stf008/proj-shared/hvac/copper-cug/copper_logs/frontier00709-734198-output.log
2026-03-08 14-39-30.387 [Debug] (cu_hello_main)  
2026-03-08 14-39-30.387 [Info] (cu_hello_main) hostname found to be: frontier06197
2026-03-08 14-39-30.387 [Debug] (process_args) -tpath was found: /
2026-03-08 14-39-30.387 [Debug] (process_args) -vpath was found: /tmp/khana/copper
2026-03-08 14-39-30.387 [Debug] (process_args) -log_level was found: 6
2026-03-08 14-39-30.387 [Debug] (process_args) -log_type was found: file
2026-03-08 14-39-30.387 [Debug] (process_args) -log_output_dir was found: /lustre/orion/stf008/proj-shared/hvac/copper-cug/copper_logs
2026-03-08 14-39-30.387 [Debug] (process_args) -net_type was found: cxi://cxi1
2026-03-08 14-39-30.387 [Debug] (process_args) -trees was found: 1
2026-03-08 14-39-30.387 [Debug] (process_args) -nf was found: /lustre/orion/stf008/proj-shared/hvac/copper-cug/copper_logs/node_file.txt
2026-03-08 14-39-30.387 [Debug] (process_args) -max_cacheable_byte_size was found: 10485760
2026-03-08 14-39-30.387 [Debug] (process_args) -facility_address_book was found: /sw/frontier/ums/ums046/copper/olcf_copper_addressbook.txt
2026-03-08 14-39-30.387 [Info] (cu_hello_main) copper address located at path: /lustre/orion/stf008/proj-shared/hvac/copper-cug/copper_logs/copper_address_book.txt
2026-03-08 14-39-30.387 [Info] (cu_hello_main) facility address book filename path: /sw/frontier/ums/ums046/copper/olcf_copper_addressbook.txt
2026-03-08 14-39-30.387 [Info] (cu_hello_main) output filename path: /lustre/orion/stf008/proj-shared/hvac/copper-cug/copper_logs/frontier06197-1130752-output.log
2026-03-08 14-39-30.387 [Debug] (cu_hello_main)  
2026-03-08 14-39-30.387 [Info] (cu_hello_main) hostname found to be: frontier06325
2026-03-08 14-39-30.387 [Debug] (process_args) -tpath was found: /
2026-03-08 14-39-30.387 [Debug] (process_args) -vpath was found: /tmp/khana/copper
2026-03-08 14-39-30.387 [Debug] (process_args) -log_level was found: 6
2026-03-08 14-39-30.387 [Debug] (process_args) -log_type was found: file
2026-03-08 14-39-30.387 [Debug] (process_args) -log_output_dir was found: /lustre/orion/stf008/proj-shared/hvac/copper-cug/copper_logs
2026-03-08 14-39-30.387 [Debug] (process_args) -net_type was found: cxi://cxi1
2026-03-08 14-39-30.387 [Debug] (process_args) -trees was found: 1
2026-03-08 14-39-30.387 [Debug] (process_args) -nf was found: /lustre/orion/stf008/proj-shared/hvac/copper-cug/copper_logs/node_file.txt
2026-03-08 14-39-30.387 [Debug] (process_args) -max_cacheable_byte_size was found: 10485760
2026-03-08 14-39-30.387 [Debug] (process_args) -facility_address_book was found: /sw/frontier/ums/ums046/copper/olcf_copper_addressbook.txt
2026-03-08 14-39-30.387 [Info] (cu_hello_main) copper address located at path: /lustre/orion/stf008/proj-shared/hvac/copper-cug/copper_logs/copper_address_book.txt
2026-03-08 14-39-30.387 [Info] (cu_hello_main) facility address book filename path: /sw/frontier/ums/ums046/copper/olcf_copper_addressbook.txt
2026-03-08 14-39-30.387 [Info] (cu_hello_main) output filename path: /lustre/orion/stf008/proj-shared/hvac/copper-cug/copper_logs/frontier06325-1556440-output.log
2026-03-08 14-39-30.388 [Debug] (cu_hello_main)  
2026-03-08 14-39-30.388 [Info] (cu_hello_main) hostname found to be: frontier00335
2026-03-08 14-39-30.388 [Debug] (cu_hello_main)  
2026-03-08 14-39-30.388 [Info] (cu_hello_main) hostname found to be: frontier00963
2026-03-08 14-39-30.388 [Debug] (process_args) -tpath was found: /
2026-03-08 14-39-30.388 [Debug] (process_args) -vpath was found: /tmp/khana/copper
2026-03-08 14-39-30.388 [Debug] (process_args) -log_level was found: 6
2026-03-08 14-39-30.388 [Debug] (process_args) -tpath was found: /
2026-03-08 14-39-30.388 [Debug] (process_args) -vpath was found: /tmp/khana/copper
2026-03-08 14-39-30.388 [Debug] (process_args) -log_level was found: 6
2026-03-08 14-39-30.388 [Debug] (process_args) -log_type was found: file
2026-03-08 14-39-30.388 [Debug] (process_args) -log_output_dir was found: /lustre/orion/stf008/proj-shared/hvac/copper-cug/copper_logs
2026-03-08 14-39-30.388 [Debug] (process_args) -log_type was found: file
2026-03-08 14-39-30.388 [Debug] (process_args) -log_output_dir was found: /lustre/orion/stf008/proj-shared/hvac/copper-cug/copper_logs
2026-03-08 14-39-30.388 [Debug] (process_args) -net_type was found: cxi://cxi1
2026-03-08 14-39-30.388 [Debug] (process_args) -trees was found: 1
2026-03-08 14-39-30.388 [Debug] (process_args) -nf was found: /lustre/orion/stf008/proj-shared/hvac/copper-cug/copper_logs/node_file.txt
2026-03-08 14-39-30.388 [Debug] (process_args) -max_cacheable_byte_size was found: 10485760
2026-03-08 14-39-30.388 [Debug] (process_args) -facility_address_book was found: /sw/frontier/ums/ums046/copper/olcf_copper_addressbook.txt
2026-03-08 14-39-30.388 [Debug] (process_args) -net_type was found: cxi://cxi1
2026-03-08 14-39-30.388 [Debug] (process_args) -trees was found: 1
2026-03-08 14-39-30.388 [Debug] (process_args) -nf was found: /lustre/orion/stf008/proj-shared/hvac/copper-cug/copper_logs/node_file.txt
2026-03-08 14-39-30.388 [Debug] (process_args) -max_cacheable_byte_size was found: 10485760
2026-03-08 14-39-30.388 [Info] (cu_hello_main) copper address located at path: /lustre/orion/stf008/proj-shared/hvac/copper-cug/copper_logs/copper_address_book.txt
2026-03-08 14-39-30.388 [Info] (cu_hello_main) facility address book filename path: /sw/frontier/ums/ums046/copper/olcf_copper_addressbook.txt
2026-03-08 14-39-30.388 [Info] (cu_hello_main) output filename path: /lustre/orion/stf008/proj-shared/hvac/copper-cug/copper_logs/frontier00963-1146540-output.log
2026-03-08 14-39-30.388 [Debug] (process_args) -facility_address_book was found: /sw/frontier/ums/ums046/copper/olcf_copper_addressbook.txt
2026-03-08 14-39-30.388 [Info] (cu_hello_main) copper address located at path: /lustre/orion/stf008/proj-shared/hvac/copper-cug/copper_logs/copper_address_book.txt
2026-03-08 14-39-30.388 [Info] (cu_hello_main) facility address book filename path: /sw/frontier/ums/ums046/copper/olcf_copper_addressbook.txt
2026-03-08 14-39-30.388 [Info] (cu_hello_main) output filename path: /lustre/orion/stf008/proj-shared/hvac/copper-cug/copper_logs/frontier00335-1732207-output.log
2026-03-08 14-39-30.389 [Debug] (cu_hello_main)  
2026-03-08 14-39-30.389 [Info] (cu_hello_main) hostname found to be: frontier04165
2026-03-08 14-39-30.389 [Debug] (process_args) -tpath was found: /
2026-03-08 14-39-30.389 [Debug] (process_args) -vpath was found: /tmp/khana/copper
2026-03-08 14-39-30.389 [Debug] (process_args) -log_level was found: 6
2026-03-08 14-39-30.389 [Debug] (process_args) -log_type was found: file
2026-03-08 14-39-30.389 [Debug] (process_args) -log_output_dir was found: /lustre/orion/stf008/proj-shared/hvac/copper-cug/copper_logs
2026-03-08 14-39-30.389 [Debug] (process_args) -net_type was found: cxi://cxi1
2026-03-08 14-39-30.389 [Debug] (process_args) -trees was found: 1
2026-03-08 14-39-30.389 [Debug] (process_args) -nf was found: /lustre/orion/stf008/proj-shared/hvac/copper-cug/copper_logs/node_file.txt
2026-03-08 14-39-30.389 [Debug] (process_args) -max_cacheable_byte_size was found: 10485760
2026-03-08 14-39-30.389 [Debug] (process_args) -facility_address_book was found: /sw/frontier/ums/ums046/copper/olcf_copper_addressbook.txt
2026-03-08 14-39-30.389 [Info] (cu_hello_main) copper address located at path: /lustre/orion/stf008/proj-shared/hvac/copper-cug/copper_logs/copper_address_book.txt
2026-03-08 14-39-30.389 [Info] (cu_hello_main) facility address book filename path: /sw/frontier/ums/ums046/copper/olcf_copper_addressbook.txt
2026-03-08 14-39-30.389 [Info] (cu_hello_main) output filename path: /lustre/orion/stf008/proj-shared/hvac/copper-cug/copper_logs/frontier04165-485687-output.log
2026-03-08 14-39-30.389 [Debug] (cu_hello_main)  
2026-03-08 14-39-30.389 [Info] (cu_hello_main) hostname found to be: frontier06074
2026-03-08 14-39-30.389 [Debug] (process_args) -tpath was found: /
2026-03-08 14-39-30.389 [Debug] (process_args) -vpath was found: /tmp/khana/copper
2026-03-08 14-39-30.389 [Debug] (process_args) -log_level was found: 6
2026-03-08 14-39-30.389 [Debug] (process_args) -log_type was found: file
2026-03-08 14-39-30.389 [Debug] (process_args) -log_output_dir was found: /lustre/orion/stf008/proj-shared/hvac/copper-cug/copper_logs
2026-03-08 14-39-30.389 [Debug] (process_args) -net_type was found: cxi://cxi1
2026-03-08 14-39-30.389 [Debug] (process_args) -trees was found: 1
2026-03-08 14-39-30.389 [Debug] (process_args) -nf was found: /lustre/orion/stf008/proj-shared/hvac/copper-cug/copper_logs/node_file.txt
2026-03-08 14-39-30.389 [Debug] (process_args) -max_cacheable_byte_size was found: 10485760
2026-03-08 14-39-30.389 [Debug] (process_args) -facility_address_book was found: /sw/frontier/ums/ums046/copper/olcf_copper_addressbook.txt
2026-03-08 14-39-30.389 [Info] (cu_hello_main) copper address located at path: /lustre/orion/stf008/proj-shared/hvac/copper-cug/copper_logs/copper_address_book.txt
2026-03-08 14-39-30.389 [Info] (cu_hello_main) facility address book filename path: /sw/frontier/ums/ums046/copper/olcf_copper_addressbook.txt
2026-03-08 14-39-30.389 [Debug] (cu_hello_main)  
2026-03-08 14-39-30.389 [Info] (cu_hello_main) hostname found to be: frontier03028
2026-03-08 14-39-30.389 [Debug] (cu_hello_main)  
2026-03-08 14-39-30.389 [Info] (cu_hello_main) hostname found to be: frontier01345
2026-03-08 14-39-30.389 [Debug] (process_args) -tpath was found: /
2026-03-08 14-39-30.389 [Debug] (process_args) -vpath was found: /tmp/khana/copper
2026-03-08 14-39-30.389 [Info] (cu_hello_main) output filename path: /lustre/orion/stf008/proj-shared/hvac/copper-cug/copper_logs/frontier06074-1411605-output.log
2026-03-08 14-39-30.389 [Debug] (process_args) -tpath was found: /
2026-03-08 14-39-30.389 [Debug] (process_args) -vpath was found: /tmp/khana/copper
2026-03-08 14-39-30.389 [Debug] (process_args) -log_level was found: 6
2026-03-08 14-39-30.389 [Debug] (process_args) -log_type was found: file
2026-03-08 14-39-30.389 [Debug] (process_args) -log_output_dir was found: /lustre/orion/stf008/proj-shared/hvac/copper-cug/copper_logs
2026-03-08 14-39-30.389 [Debug] (process_args) -net_type was found: cxi://cxi1
2026-03-08 14-39-30.389 [Debug] (process_args) -trees was found: 1
2026-03-08 14-39-30.389 [Debug] (process_args) -log_level was found: 6
2026-03-08 14-39-30.389 [Debug] (process_args) -log_type was found: file
2026-03-08 14-39-30.389 [Debug] (process_args) -log_output_dir was found: /lustre/orion/stf008/proj-shared/hvac/copper-cug/copper_logs
2026-03-08 14-39-30.389 [Debug] (process_args) -net_type was found: cxi://cxi1
2026-03-08 14-39-30.389 [Debug] (process_args) -trees was found: 1
2026-03-08 14-39-30.389 [Debug] (process_args) -nf was found: /lustre/orion/stf008/proj-shared/hvac/copper-cug/copper_logs/node_file.txt
2026-03-08 14-39-30.389 [Debug] (process_args) -max_cacheable_byte_size was found: 10485760
2026-03-08 14-39-30.389 [Debug] (process_args) -facility_address_book was found: /sw/frontier/ums/ums046/copper/olcf_copper_addressbook.txt
2026-03-08 14-39-30.389 [Debug] (process_args) -nf was found: /lustre/orion/stf008/proj-shared/hvac/copper-cug/copper_logs/node_file.txt
2026-03-08 14-39-30.389 [Debug] (process_args) -max_cacheable_byte_size was found: 10485760
2026-03-08 14-39-30.389 [Debug] (process_args) -facility_address_book was found: /sw/frontier/ums/ums046/copper/olcf_copper_addressbook.txt
2026-03-08 14-39-30.389 [Info] (cu_hello_main) copper address located at path: /lustre/orion/stf008/proj-shared/hvac/copper-cug/copper_logs/copper_address_book.txt
2026-03-08 14-39-30.389 [Info] (cu_hello_main) facility address book filename path: /sw/frontier/ums/ums046/copper/olcf_copper_addressbook.txt
2026-03-08 14-39-30.389 [Info] (cu_hello_main) copper address located at path: /lustre/orion/stf008/proj-shared/hvac/copper-cug/copper_logs/copper_address_book.txt
2026-03-08 14-39-30.389 [Info] (cu_hello_main) facility address book filename path: /sw/frontier/ums/ums046/copper/olcf_copper_addressbook.txt
2026-03-08 14-39-30.389 [Info] (cu_hello_main) output filename path: /lustre/orion/stf008/proj-shared/hvac/copper-cug/copper_logs/frontier03028-506646-output.log
2026-03-08 14-39-30.389 [Info] (cu_hello_main) output filename path: /lustre/orion/stf008/proj-shared/hvac/copper-cug/copper_logs/frontier01345-1844060-output.log
2026-03-08 14-39-30.390 [Debug] (cu_hello_main)  
2026-03-08 14-39-30.390 [Info] (cu_hello_main) hostname found to be: frontier02223
2026-03-08 14-39-30.390 [Debug] (process_args) -tpath was found: /
2026-03-08 14-39-30.390 [Debug] (process_args) -vpath was found: /tmp/khana/copper
2026-03-08 14-39-30.390 [Debug] (process_args) -log_level was found: 6
2026-03-08 14-39-30.390 [Debug] (process_args) -log_type was found: file
2026-03-08 14-39-30.390 [Debug] (process_args) -log_output_dir was found: /lustre/orion/stf008/proj-shared/hvac/copper-cug/copper_logs
2026-03-08 14-39-30.390 [Debug] (process_args) -net_type was found: cxi://cxi1
2026-03-08 14-39-30.390 [Debug] (process_args) -trees was found: 1
2026-03-08 14-39-30.390 [Debug] (process_args) -nf was found: /lustre/orion/stf008/proj-shared/hvac/copper-cug/copper_logs/node_file.txt
2026-03-08 14-39-30.390 [Debug] (process_args) -max_cacheable_byte_size was found: 10485760
2026-03-08 14-39-30.390 [Debug] (process_args) -facility_address_book was found: /sw/frontier/ums/ums046/copper/olcf_copper_addressbook.txt
2026-03-08 14-39-30.390 [Info] (cu_hello_main) copper address located at path: /lustre/orion/stf008/proj-shared/hvac/copper-cug/copper_logs/copper_address_book.txt
2026-03-08 14-39-30.390 [Info] (cu_hello_main) facility address book filename path: /sw/frontier/ums/ums046/copper/olcf_copper_addressbook.txt
2026-03-08 14-39-30.390 [Info] (cu_hello_main) output filename path: /lustre/orion/stf008/proj-shared/hvac/copper-cug/copper_logs/frontier02223-1278489-output.log
2026-03-08 14-39-30.391 [Debug] (cu_hello_main)  
2026-03-08 14-39-30.391 [Info] (cu_hello_main) hostname found to be: frontier05053
2026-03-08 14-39-30.391 [Debug] (process_args) -tpath was found: /
2026-03-08 14-39-30.391 [Debug] (process_args) -vpath was found: /tmp/khana/copper
2026-03-08 14-39-30.391 [Debug] (process_args) -log_level was found: 6
2026-03-08 14-39-30.391 [Debug] (process_args) -log_type was found: file
2026-03-08 14-39-30.391 [Debug] (process_args) -log_output_dir was found: /lustre/orion/stf008/proj-shared/hvac/copper-cug/copper_logs
2026-03-08 14-39-30.391 [Debug] (process_args) -net_type was found: cxi://cxi1
2026-03-08 14-39-30.391 [Debug] (process_args) -trees was found: 1
2026-03-08 14-39-30.391 [Debug] (process_args) -nf was found: /lustre/orion/stf008/proj-shared/hvac/copper-cug/copper_logs/node_file.txt
2026-03-08 14-39-30.391 [Debug] (process_args) -max_cacheable_byte_size was found: 10485760
2026-03-08 14-39-30.391 [Debug] (process_args) -facility_address_book was found: /sw/frontier/ums/ums046/copper/olcf_copper_addressbook.txt
2026-03-08 14-39-30.391 [Debug] (cu_hello_main)  
2026-03-08 14-39-30.391 [Info] (cu_hello_main) hostname found to be: frontier03791
2026-03-08 14-39-30.391 [Debug] (process_args) -tpath was found: /
2026-03-08 14-39-30.391 [Debug] (process_args) -vpath was found: /tmp/khana/copper
2026-03-08 14-39-30.391 [Debug] (process_args) -log_level was found: 6
2026-03-08 14-39-30.391 [Info] (cu_hello_main) copper address located at path: /lustre/orion/stf008/proj-shared/hvac/copper-cug/copper_logs/copper_address_book.txt
2026-03-08 14-39-30.391 [Info] (cu_hello_main) facility address book filename path: /sw/frontier/ums/ums046/copper/olcf_copper_addressbook.txt
2026-03-08 14-39-30.391 [Info] (cu_hello_main) output filename path: /lustre/orion/stf008/proj-shared/hvac/copper-cug/copper_logs/frontier05053-1763229-output.log
2026-03-08 14-39-30.391 [Debug] (process_args) -log_type was found: file
2026-03-08 14-39-30.391 [Debug] (process_args) -log_output_dir was found: /lustre/orion/stf008/proj-shared/hvac/copper-cug/copper_logs
2026-03-08 14-39-30.391 [Debug] (process_args) -net_type was found: cxi://cxi1
2026-03-08 14-39-30.391 [Debug] (process_args) -trees was found: 1
2026-03-08 14-39-30.391 [Debug] (process_args) -nf was found: /lustre/orion/stf008/proj-shared/hvac/copper-cug/copper_logs/node_file.txt
2026-03-08 14-39-30.391 [Debug] (process_args) -max_cacheable_byte_size was found: 10485760
2026-03-08 14-39-30.391 [Debug] (process_args) -facility_address_book was found: /sw/frontier/ums/ums046/copper/olcf_copper_addressbook.txt
2026-03-08 14-39-30.391 [Info] (cu_hello_main) copper address located at path: /lustre/orion/stf008/proj-shared/hvac/copper-cug/copper_logs/copper_address_book.txt
2026-03-08 14-39-30.391 [Info] (cu_hello_main) facility address book filename path: /sw/frontier/ums/ums046/copper/olcf_copper_addressbook.txt
2026-03-08 14-39-30.391 [Info] (cu_hello_main) output filename path: /lustre/orion/stf008/proj-shared/hvac/copper-cug/copper_logs/frontier03791-758981-output.log
2026-03-08 14-39-30.392 [Debug] (cu_hello_main)  
2026-03-08 14-39-30.392 [Info] (cu_hello_main) hostname found to be: frontier03906
2026-03-08 14-39-30.392 [Debug] (process_args) -tpath was found: /
2026-03-08 14-39-30.392 [Debug] (process_args) -vpath was found: /tmp/khana/copper
2026-03-08 14-39-30.392 [Debug] (process_args) -log_level was found: 6
2026-03-08 14-39-30.392 [Debug] (process_args) -log_type was found: file
2026-03-08 14-39-30.392 [Debug] (process_args) -log_output_dir was found: /lustre/orion/stf008/proj-shared/hvac/copper-cug/copper_logs
2026-03-08 14-39-30.392 [Debug] (process_args) -net_type was found: cxi://cxi1
2026-03-08 14-39-30.392 [Debug] (process_args) -trees was found: 1
2026-03-08 14-39-30.392 [Debug] (process_args) -nf was found: /lustre/orion/stf008/proj-shared/hvac/copper-cug/copper_logs/node_file.txt
2026-03-08 14-39-30.392 [Debug] (process_args) -max_cacheable_byte_size was found: 10485760
2026-03-08 14-39-30.392 [Debug] (process_args) -facility_address_book was found: /sw/frontier/ums/ums046/copper/olcf_copper_addressbook.txt
2026-03-08 14-39-30.392 [Info] (cu_hello_main) copper address located at path: /lustre/orion/stf008/proj-shared/hvac/copper-cug/copper_logs/copper_address_book.txt
2026-03-08 14-39-30.392 [Info] (cu_hello_main) facility address book filename path: /sw/frontier/ums/ums046/copper/olcf_copper_addressbook.txt
2026-03-08 14-39-30.392 [Info] (cu_hello_main) output filename path: /lustre/orion/stf008/proj-shared/hvac/copper-cug/copper_logs/frontier03906-1344446-output.log
2026-03-08 14-39-30.393 [Debug] (cu_hello_main)  
2026-03-08 14-39-30.393 [Info] (cu_hello_main) hostname found to be: frontier02131
2026-03-08 14-39-30.393 [Debug] (process_args) -tpath was found: /
2026-03-08 14-39-30.393 [Debug] (process_args) -vpath was found: /tmp/khana/copper
2026-03-08 14-39-30.393 [Debug] (process_args) -log_level was found: 6
2026-03-08 14-39-30.393 [Debug] (process_args) -log_type was found: file
2026-03-08 14-39-30.393 [Debug] (process_args) -log_output_dir was found: /lustre/orion/stf008/proj-shared/hvac/copper-cug/copper_logs
2026-03-08 14-39-30.393 [Debug] (process_args) -net_type was found: cxi://cxi1
2026-03-08 14-39-30.393 [Debug] (process_args) -trees was found: 1
2026-03-08 14-39-30.393 [Debug] (process_args) -nf was found: /lustre/orion/stf008/proj-shared/hvac/copper-cug/copper_logs/node_file.txt
2026-03-08 14-39-30.393 [Debug] (process_args) -max_cacheable_byte_size was found: 10485760
2026-03-08 14-39-30.393 [Debug] (process_args) -facility_address_book was found: /sw/frontier/ums/ums046/copper/olcf_copper_addressbook.txt
2026-03-08 14-39-30.393 [Info] (cu_hello_main) copper address located at path: /lustre/orion/stf008/proj-shared/hvac/copper-cug/copper_logs/copper_address_book.txt
2026-03-08 14-39-30.393 [Info] (cu_hello_main) facility address book filename path: /sw/frontier/ums/ums046/copper/olcf_copper_addressbook.txt
2026-03-08 14-39-30.393 [Info] (cu_hello_main) output filename path: /lustre/orion/stf008/proj-shared/hvac/copper-cug/copper_logs/frontier02131-583233-output.log
2026-03-08 14-39-30.393 [Debug] (cu_hello_main)  
2026-03-08 14-39-30.393 [Info] (cu_hello_main) hostname found to be: frontier04920
2026-03-08 14-39-30.393 [Debug] (process_args) -tpath was found: /
2026-03-08 14-39-30.393 [Debug] (process_args) -vpath was found: /tmp/khana/copper
2026-03-08 14-39-30.393 [Debug] (process_args) -log_level was found: 6
2026-03-08 14-39-30.393 [Debug] (process_args) -log_type was found: file
2026-03-08 14-39-30.393 [Debug] (process_args) -log_output_dir was found: /lustre/orion/stf008/proj-shared/hvac/copper-cug/copper_logs
2026-03-08 14-39-30.393 [Debug] (process_args) -net_type was found: cxi://cxi1
2026-03-08 14-39-30.393 [Debug] (process_args) -trees was found: 1
2026-03-08 14-39-30.393 [Debug] (process_args) -nf was found: /lustre/orion/stf008/proj-shared/hvac/copper-cug/copper_logs/node_file.txt
2026-03-08 14-39-30.393 [Debug] (process_args) -max_cacheable_byte_size was found: 10485760
2026-03-08 14-39-30.393 [Debug] (cu_hello_main)  
2026-03-08 14-39-30.393 [Info] (cu_hello_main) hostname found to be: frontier06835
2026-03-08 14-39-30.393 [Debug] (process_args) -tpath was found: /
2026-03-08 14-39-30.393 [Debug] (process_args) -vpath was found: /tmp/khana/copper
2026-03-08 14-39-30.393 [Debug] (process_args) -log_level was found: 6
2026-03-08 14-39-30.393 [Debug] (process_args) -facility_address_book was found: /sw/frontier/ums/ums046/copper/olcf_copper_addressbook.txt
2026-03-08 14-39-30.393 [Info] (cu_hello_main) copper address located at path: /lustre/orion/stf008/proj-shared/hvac/copper-cug/copper_logs/copper_address_book.txt
2026-03-08 14-39-30.393 [Info] (cu_hello_main) facility address book filename path: /sw/frontier/ums/ums046/copper/olcf_copper_addressbook.txt
2026-03-08 14-39-30.393 [Debug] (process_args) -log_type was found: file
2026-03-08 14-39-30.393 [Debug] (process_args) -log_output_dir was found: /lustre/orion/stf008/proj-shared/hvac/copper-cug/copper_logs
2026-03-08 14-39-30.393 [Debug] (process_args) -net_type was found: cxi://cxi1
2026-03-08 14-39-30.393 [Debug] (process_args) -trees was found: 1
2026-03-08 14-39-30.393 [Debug] (process_args) -nf was found: /lustre/orion/stf008/proj-shared/hvac/copper-cug/copper_logs/node_file.txt
2026-03-08 14-39-30.393 [Debug] (process_args) -max_cacheable_byte_size was found: 10485760
2026-03-08 14-39-30.393 [Debug] (process_args) -facility_address_book was found: /sw/frontier/ums/ums046/copper/olcf_copper_addressbook.txt
2026-03-08 14-39-30.393 [Info] (cu_hello_main) output filename path: /lustre/orion/stf008/proj-shared/hvac/copper-cug/copper_logs/frontier04920-473529-output.log
2026-03-08 14-39-30.393 [Info] (cu_hello_main) copper address located at path: /lustre/orion/stf008/proj-shared/hvac/copper-cug/copper_logs/copper_address_book.txt
2026-03-08 14-39-30.393 [Info] (cu_hello_main) facility address book filename path: /sw/frontier/ums/ums046/copper/olcf_copper_addressbook.txt
2026-03-08 14-39-30.393 [Info] (cu_hello_main) output filename path: /lustre/orion/stf008/proj-shared/hvac/copper-cug/copper_logs/frontier06835-841557-output.log
2026-03-08 14-39-30.393 [Debug] (cu_hello_main)  
2026-03-08 14-39-30.393 [Info] (cu_hello_main) hostname found to be: frontier05687
2026-03-08 14-39-30.393 [Debug] (process_args) -tpath was found: /
2026-03-08 14-39-30.393 [Debug] (process_args) -vpath was found: /tmp/khana/copper
2026-03-08 14-39-30.393 [Debug] (process_args) -log_level was found: 6
2026-03-08 14-39-30.393 [Debug] (process_args) -log_type was found: file
2026-03-08 14-39-30.393 [Debug] (process_args) -log_output_dir was found: /lustre/orion/stf008/proj-shared/hvac/copper-cug/copper_logs
2026-03-08 14-39-30.393 [Debug] (process_args) -net_type was found: cxi://cxi1
2026-03-08 14-39-30.393 [Debug] (process_args) -trees was found: 1
2026-03-08 14-39-30.393 [Debug] (process_args) -nf was found: /lustre/orion/stf008/proj-shared/hvac/copper-cug/copper_logs/node_file.txt
2026-03-08 14-39-30.393 [Debug] (process_args) -max_cacheable_byte_size was found: 10485760
2026-03-08 14-39-30.393 [Debug] (process_args) -facility_address_book was found: /sw/frontier/ums/ums046/copper/olcf_copper_addressbook.txt
2026-03-08 14-39-30.393 [Info] (cu_hello_main) copper address located at path: /lustre/orion/stf008/proj-shared/hvac/copper-cug/copper_logs/copper_address_book.txt
2026-03-08 14-39-30.393 [Info] (cu_hello_main) facility address book filename path: /sw/frontier/ums/ums046/copper/olcf_copper_addressbook.txt
2026-03-08 14-39-30.393 [Info] (cu_hello_main) output filename path: /lustre/orion/stf008/proj-shared/hvac/copper-cug/copper_logs/frontier05687-961760-output.log
2026-03-08 14-39-30.394 [Debug] (cu_hello_main)  
2026-03-08 14-39-30.394 [Info] (cu_hello_main) hostname found to be: frontier00324
2026-03-08 14-39-30.394 [Debug] (process_args) -tpath was found: /
2026-03-08 14-39-30.394 [Debug] (process_args) -vpath was found: /tmp/khana/copper
2026-03-08 14-39-30.394 [Debug] (process_args) -log_level was found: 6
2026-03-08 14-39-30.394 [Debug] (process_args) -log_type was found: file
2026-03-08 14-39-30.394 [Debug] (process_args) -log_output_dir was found: /lustre/orion/stf008/proj-shared/hvac/copper-cug/copper_logs
2026-03-08 14-39-30.394 [Debug] (process_args) -net_type was found: cxi://cxi1
2026-03-08 14-39-30.394 [Debug] (process_args) -trees was found: 1
2026-03-08 14-39-30.394 [Debug] (process_args) -nf was found: /lustre/orion/stf008/proj-shared/hvac/copper-cug/copper_logs/node_file.txt
2026-03-08 14-39-30.394 [Debug] (process_args) -max_cacheable_byte_size was found: 10485760
2026-03-08 14-39-30.394 [Debug] (process_args) -facility_address_book was found: /sw/frontier/ums/ums046/copper/olcf_copper_addressbook.txt
2026-03-08 14-39-30.394 [Info] (cu_hello_main) copper address located at path: /lustre/orion/stf008/proj-shared/hvac/copper-cug/copper_logs/copper_address_book.txt
2026-03-08 14-39-30.394 [Info] (cu_hello_main) facility address book filename path: /sw/frontier/ums/ums046/copper/olcf_copper_addressbook.txt
2026-03-08 14-39-30.394 [Info] (cu_hello_main) output filename path: /lustre/orion/stf008/proj-shared/hvac/copper-cug/copper_logs/frontier00324-935896-output.log
2026-03-08 14-39-30.394 [Debug] (cu_hello_main)  
2026-03-08 14-39-30.394 [Info] (cu_hello_main) hostname found to be: frontier00197
2026-03-08 14-39-30.394 [Debug] (process_args) -tpath was found: /
2026-03-08 14-39-30.394 [Debug] (process_args) -vpath was found: /tmp/khana/copper
2026-03-08 14-39-30.394 [Debug] (process_args) -log_level was found: 6
2026-03-08 14-39-30.394 [Debug] (process_args) -log_type was found: file
2026-03-08 14-39-30.394 [Debug] (process_args) -log_output_dir was found: /lustre/orion/stf008/proj-shared/hvac/copper-cug/copper_logs
2026-03-08 14-39-30.394 [Debug] (process_args) -net_type was found: cxi://cxi1
2026-03-08 14-39-30.394 [Debug] (process_args) -trees was found: 1
2026-03-08 14-39-30.394 [Debug] (process_args) -nf was found: /lustre/orion/stf008/proj-shared/hvac/copper-cug/copper_logs/node_file.txt
2026-03-08 14-39-30.394 [Debug] (process_args) -max_cacheable_byte_size was found: 10485760
2026-03-08 14-39-30.394 [Debug] (process_args) -facility_address_book was found: /sw/frontier/ums/ums046/copper/olcf_copper_addressbook.txt
2026-03-08 14-39-30.394 [Info] (cu_hello_main) copper address located at path: /lustre/orion/stf008/proj-shared/hvac/copper-cug/copper_logs/copper_address_book.txt
2026-03-08 14-39-30.394 [Info] (cu_hello_main) facility address book filename path: /sw/frontier/ums/ums046/copper/olcf_copper_addressbook.txt
2026-03-08 14-39-30.394 [Info] (cu_hello_main) output filename path: /lustre/orion/stf008/proj-shared/hvac/copper-cug/copper_logs/frontier00197-533970-output.log
2026-03-08 14-39-30.395 [Debug] (cu_hello_main)  
2026-03-08 14-39-30.395 [Info] (cu_hello_main) hostname found to be: frontier00975
2026-03-08 14-39-30.395 [Debug] (process_args) -tpath was found: /
2026-03-08 14-39-30.395 [Debug] (process_args) -vpath was found: /tmp/khana/copper
2026-03-08 14-39-30.395 [Debug] (process_args) -log_level was found: 6
2026-03-08 14-39-30.395 [Debug] (process_args) -log_type was found: file
2026-03-08 14-39-30.395 [Debug] (process_args) -log_output_dir was found: /lustre/orion/stf008/proj-shared/hvac/copper-cug/copper_logs
2026-03-08 14-39-30.395 [Debug] (process_args) -net_type was found: cxi://cxi1
2026-03-08 14-39-30.395 [Debug] (process_args) -trees was found: 1
2026-03-08 14-39-30.395 [Debug] (process_args) -nf was found: /lustre/orion/stf008/proj-shared/hvac/copper-cug/copper_logs/node_file.txt
2026-03-08 14-39-30.395 [Debug] (process_args) -max_cacheable_byte_size was found: 10485760
2026-03-08 14-39-30.395 [Debug] (process_args) -facility_address_book was found: /sw/frontier/ums/ums046/copper/olcf_copper_addressbook.txt
2026-03-08 14-39-30.395 [Info] (cu_hello_main) copper address located at path: /lustre/orion/stf008/proj-shared/hvac/copper-cug/copper_logs/copper_address_book.txt
2026-03-08 14-39-30.395 [Info] (cu_hello_main) facility address book filename path: /sw/frontier/ums/ums046/copper/olcf_copper_addressbook.txt
2026-03-08 14-39-30.395 [Info] (cu_hello_main) output filename path: /lustre/orion/stf008/proj-shared/hvac/copper-cug/copper_logs/frontier00975-878181-output.log
2026-03-08 14-39-30.396 [Debug] (cu_hello_main)  
2026-03-08 14-39-30.396 [Info] (cu_hello_main) hostname found to be: frontier05049
2026-03-08 14-39-30.396 [Debug] (cu_hello_main)  
2026-03-08 14-39-30.396 [Info] (cu_hello_main) hostname found to be: frontier06455
2026-03-08 14-39-30.396 [Debug] (process_args) -tpath was found: /
2026-03-08 14-39-30.396 [Debug] (process_args) -vpath was found: /tmp/khana/copper
2026-03-08 14-39-30.396 [Debug] (process_args) -tpath was found: /
2026-03-08 14-39-30.396 [Debug] (process_args) -vpath was found: /tmp/khana/copper
2026-03-08 14-39-30.396 [Debug] (process_args) -log_level was found: 6
2026-03-08 14-39-30.396 [Debug] (process_args) -log_type was found: file
2026-03-08 14-39-30.396 [Debug] (process_args) -log_output_dir was found: /lustre/orion/stf008/proj-shared/hvac/copper-cug/copper_logs
2026-03-08 14-39-30.396 [Debug] (process_args) -net_type was found: cxi://cxi1
2026-03-08 14-39-30.396 [Debug] (process_args) -trees was found: 1
2026-03-08 14-39-30.396 [Debug] (process_args) -log_level was found: 6
2026-03-08 14-39-30.396 [Debug] (process_args) -log_type was found: file
2026-03-08 14-39-30.396 [Debug] (process_args) -log_output_dir was found: /lustre/orion/stf008/proj-shared/hvac/copper-cug/copper_logs
2026-03-08 14-39-30.396 [Debug] (process_args) -net_type was found: cxi://cxi1
2026-03-08 14-39-30.396 [Debug] (process_args) -nf was found: /lustre/orion/stf008/proj-shared/hvac/copper-cug/copper_logs/node_file.txt
2026-03-08 14-39-30.396 [Debug] (process_args) -max_cacheable_byte_size was found: 10485760
2026-03-08 14-39-30.396 [Debug] (process_args) -facility_address_book was found: /sw/frontier/ums/ums046/copper/olcf_copper_addressbook.txt
2026-03-08 14-39-30.396 [Debug] (process_args) -trees was found: 1
2026-03-08 14-39-30.396 [Debug] (process_args) -nf was found: /lustre/orion/stf008/proj-shared/hvac/copper-cug/copper_logs/node_file.txt
2026-03-08 14-39-30.396 [Info] (cu_hello_main) copper address located at path: /lustre/orion/stf008/proj-shared/hvac/copper-cug/copper_logs/copper_address_book.txt
2026-03-08 14-39-30.396 [Info] (cu_hello_main) facility address book filename path: /sw/frontier/ums/ums046/copper/olcf_copper_addressbook.txt
2026-03-08 14-39-30.396 [Debug] (process_args) -max_cacheable_byte_size was found: 10485760
2026-03-08 14-39-30.396 [Info] (cu_hello_main) output filename path: /lustre/orion/stf008/proj-shared/hvac/copper-cug/copper_logs/frontier06455-613071-output.log
2026-03-08 14-39-30.396 [Debug] (process_args) -facility_address_book was found: /sw/frontier/ums/ums046/copper/olcf_copper_addressbook.txt
2026-03-08 14-39-30.396 [Info] (cu_hello_main) copper address located at path: /lustre/orion/stf008/proj-shared/hvac/copper-cug/copper_logs/copper_address_book.txt
2026-03-08 14-39-30.396 [Info] (cu_hello_main) facility address book filename path: /sw/frontier/ums/ums046/copper/olcf_copper_addressbook.txt
2026-03-08 14-39-30.396 [Info] (cu_hello_main) output filename path: /lustre/orion/stf008/proj-shared/hvac/copper-cug/copper_logs/frontier05049-1310633-output.log
2026-03-08 14-39-30.396 [Debug] (cu_hello_main)  
2026-03-08 14-39-30.396 [Info] (cu_hello_main) hostname found to be: frontier05308
2026-03-08 14-39-30.396 [Debug] (process_args) -tpath was found: /
2026-03-08 14-39-30.396 [Debug] (process_args) -vpath was found: /tmp/khana/copper
2026-03-08 14-39-30.396 [Debug] (process_args) -log_level was found: 6
2026-03-08 14-39-30.396 [Debug] (process_args) -log_type was found: file
2026-03-08 14-39-30.396 [Debug] (process_args) -log_output_dir was found: /lustre/orion/stf008/proj-shared/hvac/copper-cug/copper_logs
2026-03-08 14-39-30.396 [Debug] (process_args) -net_type was found: cxi://cxi1
2026-03-08 14-39-30.396 [Debug] (process_args) -trees was found: 1
2026-03-08 14-39-30.396 [Debug] (process_args) -nf was found: /lustre/orion/stf008/proj-shared/hvac/copper-cug/copper_logs/node_file.txt
2026-03-08 14-39-30.397 [Debug] (process_args) -max_cacheable_byte_size was found: 10485760
2026-03-08 14-39-30.397 [Debug] (process_args) -facility_address_book was found: /sw/frontier/ums/ums046/copper/olcf_copper_addressbook.txt
2026-03-08 14-39-30.397 [Info] (cu_hello_main) copper address located at path: /lustre/orion/stf008/proj-shared/hvac/copper-cug/copper_logs/copper_address_book.txt
2026-03-08 14-39-30.397 [Info] (cu_hello_main) facility address book filename path: /sw/frontier/ums/ums046/copper/olcf_copper_addressbook.txt
2026-03-08 14-39-30.397 [Info] (cu_hello_main) output filename path: /lustre/orion/stf008/proj-shared/hvac/copper-cug/copper_logs/frontier05308-666693-output.log
2026-03-08 14-39-30.397 [Debug] (cu_hello_main)  
2026-03-08 14-39-30.397 [Info] (cu_hello_main) hostname found to be: frontier03155
2026-03-08 14-39-30.397 [Debug] (process_args) -tpath was found: /
2026-03-08 14-39-30.397 [Debug] (process_args) -vpath was found: /tmp/khana/copper
2026-03-08 14-39-30.397 [Debug] (process_args) -log_level was found: 6
2026-03-08 14-39-30.397 [Debug] (process_args) -log_type was found: file
2026-03-08 14-39-30.397 [Debug] (process_args) -log_output_dir was found: /lustre/orion/stf008/proj-shared/hvac/copper-cug/copper_logs
2026-03-08 14-39-30.397 [Debug] (process_args) -net_type was found: cxi://cxi1
2026-03-08 14-39-30.397 [Debug] (process_args) -trees was found: 1
2026-03-08 14-39-30.397 [Debug] (process_args) -nf was found: /lustre/orion/stf008/proj-shared/hvac/copper-cug/copper_logs/node_file.txt
2026-03-08 14-39-30.397 [Debug] (process_args) -max_cacheable_byte_size was found: 10485760
2026-03-08 14-39-30.397 [Debug] (process_args) -facility_address_book was found: /sw/frontier/ums/ums046/copper/olcf_copper_addressbook.txt
2026-03-08 14-39-30.397 [Info] (cu_hello_main) copper address located at path: /lustre/orion/stf008/proj-shared/hvac/copper-cug/copper_logs/copper_address_book.txt
2026-03-08 14-39-30.397 [Info] (cu_hello_main) facility address book filename path: /sw/frontier/ums/ums046/copper/olcf_copper_addressbook.txt
2026-03-08 14-39-30.397 [Info] (cu_hello_main) output filename path: /lustre/orion/stf008/proj-shared/hvac/copper-cug/copper_logs/frontier03155-492499-output.log
2026-03-08 14-39-30.397 [Debug] (cu_hello_main)  
2026-03-08 14-39-30.397 [Info] (cu_hello_main) hostname found to be: frontier01214
2026-03-08 14-39-30.397 [Debug] (process_args) -tpath was found: /
2026-03-08 14-39-30.397 [Debug] (process_args) -vpath was found: /tmp/khana/copper
2026-03-08 14-39-30.397 [Debug] (process_args) -log_level was found: 6
2026-03-08 14-39-30.397 [Debug] (process_args) -log_type was found: file
2026-03-08 14-39-30.397 [Debug] (process_args) -log_output_dir was found: /lustre/orion/stf008/proj-shared/hvac/copper-cug/copper_logs
2026-03-08 14-39-30.397 [Debug] (process_args) -net_type was found: cxi://cxi1
2026-03-08 14-39-30.397 [Debug] (process_args) -trees was found: 1
2026-03-08 14-39-30.397 [Debug] (process_args) -nf was found: /lustre/orion/stf008/proj-shared/hvac/copper-cug/copper_logs/node_file.txt
2026-03-08 14-39-30.397 [Debug] (process_args) -max_cacheable_byte_size was found: 10485760
2026-03-08 14-39-30.397 [Debug] (process_args) -facility_address_book was found: /sw/frontier/ums/ums046/copper/olcf_copper_addressbook.txt
2026-03-08 14-39-30.397 [Info] (cu_hello_main) copper address located at path: /lustre/orion/stf008/proj-shared/hvac/copper-cug/copper_logs/copper_address_book.txt
2026-03-08 14-39-30.397 [Info] (cu_hello_main) facility address book filename path: /sw/frontier/ums/ums046/copper/olcf_copper_addressbook.txt
2026-03-08 14-39-30.397 [Info] (cu_hello_main) output filename path: /lustre/orion/stf008/proj-shared/hvac/copper-cug/copper_logs/frontier01214-268776-output.log
2026-03-08 14-39-30.397 [Debug] (cu_hello_main)  
2026-03-08 14-39-30.397 [Info] (cu_hello_main) hostname found to be: frontier05307
2026-03-08 14-39-30.397 [Debug] (process_args) -tpath was found: /
2026-03-08 14-39-30.397 [Debug] (process_args) -vpath was found: /tmp/khana/copper
2026-03-08 14-39-30.397 [Debug] (cu_hello_main)  
2026-03-08 14-39-30.397 [Info] (cu_hello_main) hostname found to be: frontier00578
2026-03-08 14-39-30.397 [Debug] (process_args) -log_level was found: 6
2026-03-08 14-39-30.397 [Debug] (process_args) -log_type was found: file
2026-03-08 14-39-30.397 [Debug] (process_args) -log_output_dir was found: /lustre/orion/stf008/proj-shared/hvac/copper-cug/copper_logs
2026-03-08 14-39-30.397 [Debug] (process_args) -net_type was found: cxi://cxi1
2026-03-08 14-39-30.397 [Debug] (process_args) -trees was found: 1
2026-03-08 14-39-30.397 [Debug] (process_args) -nf was found: /lustre/orion/stf008/proj-shared/hvac/copper-cug/copper_logs/node_file.txt
2026-03-08 14-39-30.398 [Debug] (process_args) -tpath was found: /
2026-03-08 14-39-30.398 [Debug] (process_args) -vpath was found: /tmp/khana/copper
2026-03-08 14-39-30.398 [Debug] (process_args) -log_level was found: 6
2026-03-08 14-39-30.398 [Debug] (process_args) -log_type was found: file
2026-03-08 14-39-30.398 [Debug] (process_args) -log_output_dir was found: /lustre/orion/stf008/proj-shared/hvac/copper-cug/copper_logs
2026-03-08 14-39-30.398 [Debug] (process_args) -net_type was found: cxi://cxi1
2026-03-08 14-39-30.398 [Debug] (process_args) -trees was found: 1
2026-03-08 14-39-30.397 [Debug] (process_args) -max_cacheable_byte_size was found: 10485760
2026-03-08 14-39-30.397 [Debug] (process_args) -facility_address_book was found: /sw/frontier/ums/ums046/copper/olcf_copper_addressbook.txt
2026-03-08 14-39-30.397 [Info] (cu_hello_main) copper address located at path: /lustre/orion/stf008/proj-shared/hvac/copper-cug/copper_logs/copper_address_book.txt
2026-03-08 14-39-30.398 [Info] (cu_hello_main) facility address book filename path: /sw/frontier/ums/ums046/copper/olcf_copper_addressbook.txt
2026-03-08 14-39-30.398 [Debug] (process_args) -nf was found: /lustre/orion/stf008/proj-shared/hvac/copper-cug/copper_logs/node_file.txt
2026-03-08 14-39-30.398 [Debug] (process_args) -max_cacheable_byte_size was found: 10485760
2026-03-08 14-39-30.398 [Debug] (process_args) -facility_address_book was found: /sw/frontier/ums/ums046/copper/olcf_copper_addressbook.txt
2026-03-08 14-39-30.398 [Info] (cu_hello_main) output filename path: /lustre/orion/stf008/proj-shared/hvac/copper-cug/copper_logs/frontier05307-473574-output.log
2026-03-08 14-39-30.398 [Info] (cu_hello_main) copper address located at path: /lustre/orion/stf008/proj-shared/hvac/copper-cug/copper_logs/copper_address_book.txt
2026-03-08 14-39-30.398 [Info] (cu_hello_main) facility address book filename path: /sw/frontier/ums/ums046/copper/olcf_copper_addressbook.txt
2026-03-08 14-39-30.398 [Info] (cu_hello_main) output filename path: /lustre/orion/stf008/proj-shared/hvac/copper-cug/copper_logs/frontier00578-2177603-output.log
2026-03-08 14-39-30.399 [Debug] (cu_hello_main)  
2026-03-08 14-39-30.400 [Info] (cu_hello_main) hostname found to be: frontier00199
2026-03-08 14-39-30.400 [Debug] (process_args) -tpath was found: /
2026-03-08 14-39-30.400 [Debug] (process_args) -vpath was found: /tmp/khana/copper
2026-03-08 14-39-30.400 [Debug] (process_args) -log_level was found: 6
2026-03-08 14-39-30.400 [Debug] (process_args) -log_type was found: file
2026-03-08 14-39-30.400 [Debug] (process_args) -log_output_dir was found: /lustre/orion/stf008/proj-shared/hvac/copper-cug/copper_logs
2026-03-08 14-39-30.400 [Debug] (process_args) -net_type was found: cxi://cxi1
2026-03-08 14-39-30.400 [Debug] (process_args) -trees was found: 1
2026-03-08 14-39-30.400 [Debug] (process_args) -nf was found: /lustre/orion/stf008/proj-shared/hvac/copper-cug/copper_logs/node_file.txt
2026-03-08 14-39-30.400 [Debug] (process_args) -max_cacheable_byte_size was found: 10485760
2026-03-08 14-39-30.400 [Debug] (process_args) -facility_address_book was found: /sw/frontier/ums/ums046/copper/olcf_copper_addressbook.txt
2026-03-08 14-39-30.400 [Info] (cu_hello_main) copper address located at path: /lustre/orion/stf008/proj-shared/hvac/copper-cug/copper_logs/copper_address_book.txt
2026-03-08 14-39-30.400 [Info] (cu_hello_main) facility address book filename path: /sw/frontier/ums/ums046/copper/olcf_copper_addressbook.txt
2026-03-08 14-39-30.400 [Info] (cu_hello_main) output filename path: /lustre/orion/stf008/proj-shared/hvac/copper-cug/copper_logs/frontier00199-1328644-output.log
2026-03-08 14-39-30.400 [Debug] (cu_hello_main)  
2026-03-08 14-39-30.400 [Info] (cu_hello_main) hostname found to be: frontier01097
2026-03-08 14-39-30.400 [Debug] (process_args) -tpath was found: /
2026-03-08 14-39-30.400 [Debug] (process_args) -vpath was found: /tmp/khana/copper
2026-03-08 14-39-30.400 [Debug] (process_args) -log_level was found: 6
2026-03-08 14-39-30.400 [Debug] (process_args) -log_type was found: file
2026-03-08 14-39-30.400 [Debug] (process_args) -log_output_dir was found: /lustre/orion/stf008/proj-shared/hvac/copper-cug/copper_logs
2026-03-08 14-39-30.400 [Debug] (process_args) -net_type was found: cxi://cxi1
2026-03-08 14-39-30.400 [Debug] (process_args) -trees was found: 1
2026-03-08 14-39-30.400 [Debug] (process_args) -nf was found: /lustre/orion/stf008/proj-shared/hvac/copper-cug/copper_logs/node_file.txt
2026-03-08 14-39-30.400 [Debug] (process_args) -max_cacheable_byte_size was found: 10485760
2026-03-08 14-39-30.400 [Debug] (process_args) -facility_address_book was found: /sw/frontier/ums/ums046/copper/olcf_copper_addressbook.txt
2026-03-08 14-39-30.400 [Info] (cu_hello_main) copper address located at path: /lustre/orion/stf008/proj-shared/hvac/copper-cug/copper_logs/copper_address_book.txt
2026-03-08 14-39-30.400 [Info] (cu_hello_main) facility address book filename path: /sw/frontier/ums/ums046/copper/olcf_copper_addressbook.txt
2026-03-08 14-39-30.400 [Info] (cu_hello_main) output filename path: /lustre/orion/stf008/proj-shared/hvac/copper-cug/copper_logs/frontier01097-1538192-output.log
2026-03-08 14-39-30.400 [Debug] (cu_hello_main)  
2026-03-08 14-39-30.400 [Info] (cu_hello_main) hostname found to be: frontier06712
2026-03-08 14-39-30.400 [Debug] (process_args) -tpath was found: /
2026-03-08 14-39-30.400 [Debug] (process_args) -vpath was found: /tmp/khana/copper
2026-03-08 14-39-30.400 [Debug] (process_args) -log_level was found: 6
2026-03-08 14-39-30.400 [Debug] (process_args) -log_type was found: file
2026-03-08 14-39-30.400 [Debug] (process_args) -log_output_dir was found: /lustre/orion/stf008/proj-shared/hvac/copper-cug/copper_logs
2026-03-08 14-39-30.400 [Debug] (process_args) -net_type was found: cxi://cxi1
2026-03-08 14-39-30.400 [Debug] (process_args) -trees was found: 1
2026-03-08 14-39-30.400 [Debug] (process_args) -nf was found: /lustre/orion/stf008/proj-shared/hvac/copper-cug/copper_logs/node_file.txt
2026-03-08 14-39-30.400 [Debug] (process_args) -max_cacheable_byte_size was found: 10485760
2026-03-08 14-39-30.400 [Debug] (process_args) -facility_address_book was found: /sw/frontier/ums/ums046/copper/olcf_copper_addressbook.txt
2026-03-08 14-39-30.400 [Info] (cu_hello_main) copper address located at path: /lustre/orion/stf008/proj-shared/hvac/copper-cug/copper_logs/copper_address_book.txt
2026-03-08 14-39-30.400 [Info] (cu_hello_main) facility address book filename path: /sw/frontier/ums/ums046/copper/olcf_copper_addressbook.txt
2026-03-08 14-39-30.400 [Info] (cu_hello_main) output filename path: /lustre/orion/stf008/proj-shared/hvac/copper-cug/copper_logs/frontier06712-1432017-output.log
2026-03-08 14-39-30.402 [Debug] (cu_hello_main)  
2026-03-08 14-39-30.402 [Info] (cu_hello_main) hostname found to be: frontier02222
2026-03-08 14-39-30.402 [Debug] (process_args) -tpath was found: /
2026-03-08 14-39-30.402 [Debug] (process_args) -vpath was found: /tmp/khana/copper
2026-03-08 14-39-30.402 [Debug] (process_args) -log_level was found: 6
2026-03-08 14-39-30.402 [Debug] (process_args) -log_type was found: file
2026-03-08 14-39-30.402 [Debug] (process_args) -log_output_dir was found: /lustre/orion/stf008/proj-shared/hvac/copper-cug/copper_logs
2026-03-08 14-39-30.402 [Debug] (process_args) -net_type was found: cxi://cxi1
2026-03-08 14-39-30.402 [Debug] (process_args) -trees was found: 1
2026-03-08 14-39-30.402 [Debug] (process_args) -nf was found: /lustre/orion/stf008/proj-shared/hvac/copper-cug/copper_logs/node_file.txt
2026-03-08 14-39-30.402 [Debug] (process_args) -max_cacheable_byte_size was found: 10485760
2026-03-08 14-39-30.402 [Debug] (process_args) -facility_address_book was found: /sw/frontier/ums/ums046/copper/olcf_copper_addressbook.txt
2026-03-08 14-39-30.402 [Info] (cu_hello_main) copper address located at path: /lustre/orion/stf008/proj-shared/hvac/copper-cug/copper_logs/copper_address_book.txt
2026-03-08 14-39-30.402 [Info] (cu_hello_main) facility address book filename path: /sw/frontier/ums/ums046/copper/olcf_copper_addressbook.txt
2026-03-08 14-39-30.402 [Info] (cu_hello_main) output filename path: /lustre/orion/stf008/proj-shared/hvac/copper-cug/copper_logs/frontier02222-1449388-output.log
2026-03-08 14-39-30.402 [Debug] (cu_hello_main)  
2026-03-08 14-39-30.402 [Info] (cu_hello_main) hostname found to be: frontier03913
2026-03-08 14-39-30.402 [Debug] (process_args) -tpath was found: /
2026-03-08 14-39-30.402 [Debug] (process_args) -vpath was found: /tmp/khana/copper
2026-03-08 14-39-30.402 [Debug] (process_args) -log_level was found: 6
2026-03-08 14-39-30.402 [Debug] (process_args) -log_type was found: file
2026-03-08 14-39-30.402 [Debug] (process_args) -log_output_dir was found: /lustre/orion/stf008/proj-shared/hvac/copper-cug/copper_logs
2026-03-08 14-39-30.402 [Debug] (process_args) -net_type was found: cxi://cxi1
2026-03-08 14-39-30.402 [Debug] (process_args) -trees was found: 1
2026-03-08 14-39-30.402 [Debug] (process_args) -nf was found: /lustre/orion/stf008/proj-shared/hvac/copper-cug/copper_logs/node_file.txt
2026-03-08 14-39-30.402 [Debug] (process_args) -max_cacheable_byte_size was found: 10485760
2026-03-08 14-39-30.402 [Debug] (process_args) -facility_address_book was found: /sw/frontier/ums/ums046/copper/olcf_copper_addressbook.txt
2026-03-08 14-39-30.402 [Info] (cu_hello_main) copper address located at path: /lustre/orion/stf008/proj-shared/hvac/copper-cug/copper_logs/copper_address_book.txt
2026-03-08 14-39-30.402 [Info] (cu_hello_main) facility address book filename path: /sw/frontier/ums/ums046/copper/olcf_copper_addressbook.txt
2026-03-08 14-39-30.402 [Info] (cu_hello_main) output filename path: /lustre/orion/stf008/proj-shared/hvac/copper-cug/copper_logs/frontier03913-1274864-output.log
2026-03-08 14-39-30.403 [Debug] (cu_hello_main)  
2026-03-08 14-39-30.403 [Info] (cu_hello_main) hostname found to be: frontier01981
2026-03-08 14-39-30.403 [Debug] (process_args) -tpath was found: /
2026-03-08 14-39-30.403 [Debug] (process_args) -vpath was found: /tmp/khana/copper
2026-03-08 14-39-30.403 [Debug] (process_args) -log_level was found: 6
2026-03-08 14-39-30.403 [Debug] (process_args) -log_type was found: file
2026-03-08 14-39-30.403 [Debug] (process_args) -log_output_dir was found: /lustre/orion/stf008/proj-shared/hvac/copper-cug/copper_logs
2026-03-08 14-39-30.403 [Debug] (process_args) -net_type was found: cxi://cxi1
2026-03-08 14-39-30.403 [Debug] (process_args) -trees was found: 1
2026-03-08 14-39-30.403 [Debug] (process_args) -nf was found: /lustre/orion/stf008/proj-shared/hvac/copper-cug/copper_logs/node_file.txt
2026-03-08 14-39-30.403 [Debug] (process_args) -max_cacheable_byte_size was found: 10485760
2026-03-08 14-39-30.403 [Debug] (process_args) -facility_address_book was found: /sw/frontier/ums/ums046/copper/olcf_copper_addressbook.txt
2026-03-08 14-39-30.403 [Info] (cu_hello_main) copper address located at path: /lustre/orion/stf008/proj-shared/hvac/copper-cug/copper_logs/copper_address_book.txt
2026-03-08 14-39-30.403 [Info] (cu_hello_main) facility address book filename path: /sw/frontier/ums/ums046/copper/olcf_copper_addressbook.txt
2026-03-08 14-39-30.403 [Info] (cu_hello_main) output filename path: /lustre/orion/stf008/proj-shared/hvac/copper-cug/copper_logs/frontier01981-1341492-output.log
2026-03-08 14-39-30.403 [Debug] (cu_hello_main)  
2026-03-08 14-39-30.403 [Info] (cu_hello_main) hostname found to be: frontier05414
2026-03-08 14-39-30.403 [Debug] (process_args) -tpath was found: /
2026-03-08 14-39-30.403 [Debug] (process_args) -vpath was found: /tmp/khana/copper
2026-03-08 14-39-30.403 [Debug] (process_args) -log_level was found: 6
2026-03-08 14-39-30.403 [Debug] (process_args) -log_type was found: file
2026-03-08 14-39-30.403 [Debug] (process_args) -log_output_dir was found: /lustre/orion/stf008/proj-shared/hvac/copper-cug/copper_logs
2026-03-08 14-39-30.403 [Debug] (process_args) -net_type was found: cxi://cxi1
2026-03-08 14-39-30.403 [Debug] (process_args) -trees was found: 1
2026-03-08 14-39-30.403 [Debug] (process_args) -nf was found: /lustre/orion/stf008/proj-shared/hvac/copper-cug/copper_logs/node_file.txt
2026-03-08 14-39-30.403 [Debug] (process_args) -max_cacheable_byte_size was found: 10485760
2026-03-08 14-39-30.403 [Debug] (process_args) -facility_address_book was found: /sw/frontier/ums/ums046/copper/olcf_copper_addressbook.txt
2026-03-08 14-39-30.403 [Info] (cu_hello_main) copper address located at path: /lustre/orion/stf008/proj-shared/hvac/copper-cug/copper_logs/copper_address_book.txt
2026-03-08 14-39-30.403 [Info] (cu_hello_main) facility address book filename path: /sw/frontier/ums/ums046/copper/olcf_copper_addressbook.txt
2026-03-08 14-39-30.403 [Info] (cu_hello_main) output filename path: /lustre/orion/stf008/proj-shared/hvac/copper-cug/copper_logs/frontier05414-671461-output.log
2026-03-08 14-39-30.404 [Debug] (cu_hello_main)  
2026-03-08 14-39-30.404 [Info] (cu_hello_main) hostname found to be: frontier06454
2026-03-08 14-39-30.404 [Debug] (process_args) -tpath was found: /
2026-03-08 14-39-30.404 [Debug] (process_args) -vpath was found: /tmp/khana/copper
2026-03-08 14-39-30.404 [Debug] (process_args) -log_level was found: 6
2026-03-08 14-39-30.404 [Debug] (process_args) -log_type was found: file
2026-03-08 14-39-30.404 [Debug] (process_args) -log_output_dir was found: /lustre/orion/stf008/proj-shared/hvac/copper-cug/copper_logs
2026-03-08 14-39-30.404 [Debug] (process_args) -net_type was found: cxi://cxi1
2026-03-08 14-39-30.404 [Debug] (process_args) -trees was found: 1
2026-03-08 14-39-30.404 [Debug] (process_args) -nf was found: /lustre/orion/stf008/proj-shared/hvac/copper-cug/copper_logs/node_file.txt
2026-03-08 14-39-30.404 [Debug] (process_args) -max_cacheable_byte_size was found: 10485760
2026-03-08 14-39-30.404 [Debug] (process_args) -facility_address_book was found: /sw/frontier/ums/ums046/copper/olcf_copper_addressbook.txt
2026-03-08 14-39-30.404 [Info] (cu_hello_main) copper address located at path: /lustre/orion/stf008/proj-shared/hvac/copper-cug/copper_logs/copper_address_book.txt
2026-03-08 14-39-30.404 [Info] (cu_hello_main) facility address book filename path: /sw/frontier/ums/ums046/copper/olcf_copper_addressbook.txt
2026-03-08 14-39-30.404 [Info] (cu_hello_main) output filename path: /lustre/orion/stf008/proj-shared/hvac/copper-cug/copper_logs/frontier06454-1141660-output.log
2026-03-08 14-39-30.404 [Debug] (cu_hello_main)  
2026-03-08 14-39-30.404 [Info] (cu_hello_main) hostname found to be: frontier04924
2026-03-08 14-39-30.404 [Debug] (process_args) -tpath was found: /
2026-03-08 14-39-30.405 [Debug] (process_args) -vpath was found: /tmp/khana/copper
2026-03-08 14-39-30.405 [Debug] (process_args) -log_level was found: 6
2026-03-08 14-39-30.405 [Debug] (process_args) -log_type was found: file
2026-03-08 14-39-30.405 [Debug] (process_args) -log_output_dir was found: /lustre/orion/stf008/proj-shared/hvac/copper-cug/copper_logs
2026-03-08 14-39-30.405 [Debug] (process_args) -net_type was found: cxi://cxi1
2026-03-08 14-39-30.405 [Debug] (process_args) -trees was found: 1
2026-03-08 14-39-30.405 [Debug] (process_args) -nf was found: /lustre/orion/stf008/proj-shared/hvac/copper-cug/copper_logs/node_file.txt
2026-03-08 14-39-30.405 [Debug] (process_args) -max_cacheable_byte_size was found: 10485760
2026-03-08 14-39-30.405 [Debug] (process_args) -facility_address_book was found: /sw/frontier/ums/ums046/copper/olcf_copper_addressbook.txt
2026-03-08 14-39-30.405 [Info] (cu_hello_main) copper address located at path: /lustre/orion/stf008/proj-shared/hvac/copper-cug/copper_logs/copper_address_book.txt
2026-03-08 14-39-30.405 [Info] (cu_hello_main) facility address book filename path: /sw/frontier/ums/ums046/copper/olcf_copper_addressbook.txt
2026-03-08 14-39-30.405 [Info] (cu_hello_main) output filename path: /lustre/orion/stf008/proj-shared/hvac/copper-cug/copper_logs/frontier04924-553508-output.log
2026-03-08 14-39-30.406 [Debug] (cu_hello_main)  
2026-03-08 14-39-30.406 [Info] (cu_hello_main) hostname found to be: frontier03786
2026-03-08 14-39-30.406 [Debug] (process_args) -tpath was found: /
2026-03-08 14-39-30.406 [Debug] (process_args) -vpath was found: /tmp/khana/copper
2026-03-08 14-39-30.406 [Debug] (process_args) -log_level was found: 6
2026-03-08 14-39-30.406 [Debug] (process_args) -log_type was found: file
2026-03-08 14-39-30.406 [Debug] (process_args) -log_output_dir was found: /lustre/orion/stf008/proj-shared/hvac/copper-cug/copper_logs
2026-03-08 14-39-30.406 [Debug] (process_args) -net_type was found: cxi://cxi1
2026-03-08 14-39-30.406 [Debug] (process_args) -trees was found: 1
2026-03-08 14-39-30.406 [Debug] (process_args) -nf was found: /lustre/orion/stf008/proj-shared/hvac/copper-cug/copper_logs/node_file.txt
2026-03-08 14-39-30.406 [Debug] (process_args) -max_cacheable_byte_size was found: 10485760
2026-03-08 14-39-30.406 [Debug] (process_args) -facility_address_book was found: /sw/frontier/ums/ums046/copper/olcf_copper_addressbook.txt
2026-03-08 14-39-30.406 [Info] (cu_hello_main) copper address located at path: /lustre/orion/stf008/proj-shared/hvac/copper-cug/copper_logs/copper_address_book.txt
2026-03-08 14-39-30.406 [Info] (cu_hello_main) facility address book filename path: /sw/frontier/ums/ums046/copper/olcf_copper_addressbook.txt
2026-03-08 14-39-30.406 [Info] (cu_hello_main) output filename path: /lustre/orion/stf008/proj-shared/hvac/copper-cug/copper_logs/frontier03786-1213186-output.log
2026-03-08 14-39-30.407 [Debug] (cu_hello_main)  
2026-03-08 14-39-30.407 [Info] (cu_hello_main) hostname found to be: frontier01488
2026-03-08 14-39-30.407 [Debug] (process_args) -tpath was found: /
2026-03-08 14-39-30.407 [Debug] (process_args) -vpath was found: /tmp/khana/copper
2026-03-08 14-39-30.407 [Debug] (process_args) -log_level was found: 6
2026-03-08 14-39-30.407 [Debug] (process_args) -log_type was found: file
2026-03-08 14-39-30.407 [Debug] (process_args) -log_output_dir was found: /lustre/orion/stf008/proj-shared/hvac/copper-cug/copper_logs
2026-03-08 14-39-30.407 [Debug] (process_args) -net_type was found: cxi://cxi1
2026-03-08 14-39-30.407 [Debug] (process_args) -trees was found: 1
2026-03-08 14-39-30.407 [Debug] (process_args) -nf was found: /lustre/orion/stf008/proj-shared/hvac/copper-cug/copper_logs/node_file.txt
2026-03-08 14-39-30.407 [Debug] (process_args) -max_cacheable_byte_size was found: 10485760
2026-03-08 14-39-30.407 [Debug] (process_args) -facility_address_book was found: /sw/frontier/ums/ums046/copper/olcf_copper_addressbook.txt
2026-03-08 14-39-30.407 [Info] (cu_hello_main) copper address located at path: /lustre/orion/stf008/proj-shared/hvac/copper-cug/copper_logs/copper_address_book.txt
2026-03-08 14-39-30.407 [Info] (cu_hello_main) facility address book filename path: /sw/frontier/ums/ums046/copper/olcf_copper_addressbook.txt
2026-03-08 14-39-30.407 [Info] (cu_hello_main) output filename path: /lustre/orion/stf008/proj-shared/hvac/copper-cug/copper_logs/frontier01488-1174804-output.log
2026-03-08 14-39-30.407 [Debug] (cu_hello_main)  
2026-03-08 14-39-30.407 [Info] (cu_hello_main) hostname found to be: frontier03662
2026-03-08 14-39-30.407 [Debug] (process_args) -tpath was found: /
2026-03-08 14-39-30.407 [Debug] (process_args) -vpath was found: /tmp/khana/copper
2026-03-08 14-39-30.407 [Debug] (process_args) -log_level was found: 6
2026-03-08 14-39-30.407 [Debug] (process_args) -log_type was found: file
2026-03-08 14-39-30.407 [Debug] (process_args) -log_output_dir was found: /lustre/orion/stf008/proj-shared/hvac/copper-cug/copper_logs
2026-03-08 14-39-30.407 [Debug] (process_args) -net_type was found: cxi://cxi1
2026-03-08 14-39-30.407 [Debug] (process_args) -trees was found: 1
2026-03-08 14-39-30.407 [Debug] (process_args) -nf was found: /lustre/orion/stf008/proj-shared/hvac/copper-cug/copper_logs/node_file.txt
2026-03-08 14-39-30.407 [Debug] (process_args) -max_cacheable_byte_size was found: 10485760
2026-03-08 14-39-30.407 [Debug] (process_args) -facility_address_book was found: /sw/frontier/ums/ums046/copper/olcf_copper_addressbook.txt
2026-03-08 14-39-30.407 [Info] (cu_hello_main) copper address located at path: /lustre/orion/stf008/proj-shared/hvac/copper-cug/copper_logs/copper_address_book.txt
2026-03-08 14-39-30.407 [Info] (cu_hello_main) facility address book filename path: /sw/frontier/ums/ums046/copper/olcf_copper_addressbook.txt
2026-03-08 14-39-30.407 [Info] (cu_hello_main) output filename path: /lustre/orion/stf008/proj-shared/hvac/copper-cug/copper_logs/frontier03662-1411135-output.log
2026-03-08 14-39-30.408 [Debug] (cu_hello_main)  
2026-03-08 14-39-30.408 [Info] (cu_hello_main) hostname found to be: frontier04796
2026-03-08 14-39-30.408 [Debug] (process_args) -tpath was found: /
2026-03-08 14-39-30.408 [Debug] (process_args) -vpath was found: /tmp/khana/copper
2026-03-08 14-39-30.408 [Debug] (process_args) -log_level was found: 6
2026-03-08 14-39-30.408 [Debug] (process_args) -log_type was found: file
2026-03-08 14-39-30.408 [Debug] (process_args) -log_output_dir was found: /lustre/orion/stf008/proj-shared/hvac/copper-cug/copper_logs
2026-03-08 14-39-30.408 [Debug] (process_args) -net_type was found: cxi://cxi1
2026-03-08 14-39-30.408 [Debug] (process_args) -trees was found: 1
2026-03-08 14-39-30.408 [Debug] (process_args) -nf was found: /lustre/orion/stf008/proj-shared/hvac/copper-cug/copper_logs/node_file.txt
2026-03-08 14-39-30.408 [Debug] (process_args) -max_cacheable_byte_size was found: 10485760
2026-03-08 14-39-30.408 [Debug] (process_args) -facility_address_book was found: /sw/frontier/ums/ums046/copper/olcf_copper_addressbook.txt
2026-03-08 14-39-30.408 [Info] (cu_hello_main) copper address located at path: /lustre/orion/stf008/proj-shared/hvac/copper-cug/copper_logs/copper_address_book.txt
2026-03-08 14-39-30.408 [Info] (cu_hello_main) facility address book filename path: /sw/frontier/ums/ums046/copper/olcf_copper_addressbook.txt
2026-03-08 14-39-30.408 [Info] (cu_hello_main) output filename path: /lustre/orion/stf008/proj-shared/hvac/copper-cug/copper_logs/frontier04796-512088-output.log
2026-03-08 14-39-30.408 [Debug] (cu_hello_main)  
2026-03-08 14-39-30.408 [Info] (cu_hello_main) hostname found to be: frontier00456
2026-03-08 14-39-30.408 [Debug] (process_args) -tpath was found: /
2026-03-08 14-39-30.408 [Debug] (process_args) -vpath was found: /tmp/khana/copper
2026-03-08 14-39-30.408 [Debug] (process_args) -log_level was found: 6
2026-03-08 14-39-30.408 [Debug] (process_args) -log_type was found: file
2026-03-08 14-39-30.408 [Debug] (process_args) -log_output_dir was found: /lustre/orion/stf008/proj-shared/hvac/copper-cug/copper_logs
2026-03-08 14-39-30.408 [Debug] (process_args) -net_type was found: cxi://cxi1
2026-03-08 14-39-30.408 [Debug] (process_args) -trees was found: 1
2026-03-08 14-39-30.408 [Debug] (process_args) -nf was found: /lustre/orion/stf008/proj-shared/hvac/copper-cug/copper_logs/node_file.txt
2026-03-08 14-39-30.408 [Debug] (process_args) -max_cacheable_byte_size was found: 10485760
2026-03-08 14-39-30.408 [Debug] (process_args) -facility_address_book was found: /sw/frontier/ums/ums046/copper/olcf_copper_addressbook.txt
2026-03-08 14-39-30.408 [Info] (cu_hello_main) copper address located at path: /lustre/orion/stf008/proj-shared/hvac/copper-cug/copper_logs/copper_address_book.txt
2026-03-08 14-39-30.408 [Info] (cu_hello_main) facility address book filename path: /sw/frontier/ums/ums046/copper/olcf_copper_addressbook.txt
2026-03-08 14-39-30.408 [Info] (cu_hello_main) output filename path: /lustre/orion/stf008/proj-shared/hvac/copper-cug/copper_logs/frontier00456-947353-output.log
2026-03-08 14-39-30.422 [Debug] (cu_hello_main)  
2026-03-08 14-39-30.422 [Info] (cu_hello_main) hostname found to be: frontier05688
2026-03-08 14-39-30.422 [Debug] (process_args) -tpath was found: /
2026-03-08 14-39-30.422 [Debug] (process_args) -vpath was found: /tmp/khana/copper
2026-03-08 14-39-30.422 [Debug] (process_args) -log_level was found: 6
2026-03-08 14-39-30.422 [Debug] (process_args) -log_type was found: file
2026-03-08 14-39-30.422 [Debug] (process_args) -log_output_dir was found: /lustre/orion/stf008/proj-shared/hvac/copper-cug/copper_logs
2026-03-08 14-39-30.422 [Debug] (process_args) -net_type was found: cxi://cxi1
2026-03-08 14-39-30.422 [Debug] (process_args) -trees was found: 1
2026-03-08 14-39-30.422 [Debug] (process_args) -nf was found: /lustre/orion/stf008/proj-shared/hvac/copper-cug/copper_logs/node_file.txt
2026-03-08 14-39-30.422 [Debug] (process_args) -max_cacheable_byte_size was found: 10485760
2026-03-08 14-39-30.422 [Debug] (process_args) -facility_address_book was found: /sw/frontier/ums/ums046/copper/olcf_copper_addressbook.txt
2026-03-08 14-39-30.422 [Info] (cu_hello_main) copper address located at path: /lustre/orion/stf008/proj-shared/hvac/copper-cug/copper_logs/copper_address_book.txt
2026-03-08 14-39-30.422 [Info] (cu_hello_main) facility address book filename path: /sw/frontier/ums/ums046/copper/olcf_copper_addressbook.txt
2026-03-08 14-39-30.422 [Info] (cu_hello_main) output filename path: /lustre/orion/stf008/proj-shared/hvac/copper-cug/copper_logs/frontier05688-1556302-output.log
2026-03-08 14-39-30.590 [Debug] (cu_hello_main)  
2026-03-08 14-39-30.590 [Info] (cu_hello_main) hostname found to be: frontier03283
2026-03-08 14-39-30.590 [Debug] (process_args) -tpath was found: /
2026-03-08 14-39-30.590 [Debug] (process_args) -vpath was found: /tmp/khana/copper
2026-03-08 14-39-30.590 [Debug] (process_args) -log_level was found: 6
2026-03-08 14-39-30.590 [Debug] (process_args) -log_type was found: file
2026-03-08 14-39-30.590 [Debug] (process_args) -log_output_dir was found: /lustre/orion/stf008/proj-shared/hvac/copper-cug/copper_logs
2026-03-08 14-39-30.590 [Debug] (process_args) -net_type was found: cxi://cxi1
2026-03-08 14-39-30.590 [Debug] (process_args) -trees was found: 1
2026-03-08 14-39-30.590 [Debug] (process_args) -nf was found: /lustre/orion/stf008/proj-shared/hvac/copper-cug/copper_logs/node_file.txt
2026-03-08 14-39-30.590 [Debug] (process_args) -max_cacheable_byte_size was found: 10485760
2026-03-08 14-39-30.590 [Debug] (process_args) -facility_address_book was found: /sw/frontier/ums/ums046/copper/olcf_copper_addressbook.txt
2026-03-08 14-39-30.590 [Info] (cu_hello_main) copper address located at path: /lustre/orion/stf008/proj-shared/hvac/copper-cug/copper_logs/copper_address_book.txt
2026-03-08 14-39-30.590 [Info] (cu_hello_main) facility address book filename path: /sw/frontier/ums/ums046/copper/olcf_copper_addressbook.txt
2026-03-08 14-39-30.590 [Info] (cu_hello_main) output filename path: /lustre/orion/stf008/proj-shared/hvac/copper-cug/copper_logs/frontier03283-581572-output.log
+ echo 'Launching Copper Gracefully On All Nodes : End'
Launching Copper Gracefully On All Nodes : End
+ conda activate /tmp/khana/copper/lustre/orion/stf243/world-shared/hagertnl/CUG26/benchmark_builds/python-mpi4py/conda_env
+ local cmd=activate
+ case "$cmd" in
+ __conda_activate activate /tmp/khana/copper/lustre/orion/stf243/world-shared/hagertnl/CUG26/benchmark_builds/python-mpi4py/conda_env
+ '[' -n '' ']'
+ local ask_conda
++ PS1=
++ __conda_exe shell.posix activate /tmp/khana/copper/lustre/orion/stf243/world-shared/hagertnl/CUG26/benchmark_builds/python-mpi4py/conda_env
++ /autofs/nccs-svm1_sw/frontier/miniforge3/23.11.0-0/bin/conda shell.posix activate /tmp/khana/copper/lustre/orion/stf243/world-shared/hagertnl/CUG26/benchmark_builds/python-mpi4py/conda_env
+ ask_conda='PS1='\''(/tmp/khana/copper/lustre/orion/stf243/world-shared/hagertnl/CUG26/benchmark_builds/python-mpi4py/conda_env) '\''
export PATH='\''/tmp/khana/copper/lustre/orion/stf243/world-shared/hagertnl/CUG26/benchmark_builds/python-mpi4py/conda_env/bin:/sw/frontier/lfs-wrapper/0.0.1/bin/lfs:/sw/frontier/miniforge3/23.11.0-0/bin:/opt/cray/libfabric/1.22.0/bin:/opt/rocm-6.4.2/bin:/sw/frontier/spack-envs/cpe25.09-cpu/opt/llvm-amdgpu-6.4.2/darshan-runtime-3.4.7-tvdocpzv3jfj4y6ki5jvmmkics323gon/bin:/opt/cray/pe/mpich/9.0.1/ofi/amd/6.0/bin:/opt/cray/pe/mpich/9.0.1/bin:/opt/cray/pe/perftools/25.09.0/bin:/opt/cray/pe/papi/7.2.0.2/bin:/opt/cray/pe/craype/2.7.35/bin:/sw/frontier/ums/ums046/copper/build:/lustre/orion/proj-shared/stf008/io_variability/kafka_client/kafka_2.13-4.1.0/bin:/ccs/home/khana/.vscode-server/data/User/globalStorage/github.copilot-chat/debugCommand:/ccs/home/khana/.vscode-server/data/User/globalStorage/github.copilot-chat/copilotCli:/autofs/nccs-svm1_home1/khana/.vscode-server/cli/servers/Stable-b6a47e94e326b5c209d118cf0f994d6065585705/server/bin/remote-cli:/autofs/nccs-svm1_sw/frontier/miniforge3/23.11.0-0/condabin:/sw/sources/hpss/bin:/sw/frontier/spack-envs/core-25.03/opt/gcc-13.2/tmux-3.4-fcqqko3j4ga67yuc7zxaqcwsix5hns2v/bin:/opt/clmgr/sbin:/opt/clmgr/bin:/opt/sgi/sbin:/opt/sgi/bin:/sw/frontier/bin:/ccs/home/khana/.local/bin:/usr/local/bin:/usr/bin:/bin:/opt/bin:/opt/c3/bin:/usr/lib/mit/bin:/opt/puppetlabs/bin:/usr/sbin:/opt/cray/pe/bin'\''
export CONDA_PREFIX='\''/tmp/khana/copper/lustre/orion/stf243/world-shared/hagertnl/CUG26/benchmark_builds/python-mpi4py/conda_env'\''
export CONDA_SHLVL='\''1'\''
export CONDA_DEFAULT_ENV='\''/tmp/khana/copper/lustre/orion/stf243/world-shared/hagertnl/CUG26/benchmark_builds/python-mpi4py/conda_env'\''
export CONDA_PROMPT_MODIFIER='\''(/tmp/khana/copper/lustre/orion/stf243/world-shared/hagertnl/CUG26/benchmark_builds/python-mpi4py/conda_env) '\''
export CONDA_EXE='\''/autofs/nccs-svm1_sw/frontier/miniforge3/23.11.0-0/bin/conda'\''
export _CE_M='\'''\''
export _CE_CONDA='\'''\''
export CONDA_PYTHON_EXE='\''/autofs/nccs-svm1_sw/frontier/miniforge3/23.11.0-0/bin/python'\'''
+ eval 'PS1='\''(/tmp/khana/copper/lustre/orion/stf243/world-shared/hagertnl/CUG26/benchmark_builds/python-mpi4py/conda_env) '\''
export PATH='\''/tmp/khana/copper/lustre/orion/stf243/world-shared/hagertnl/CUG26/benchmark_builds/python-mpi4py/conda_env/bin:/sw/frontier/lfs-wrapper/0.0.1/bin/lfs:/sw/frontier/miniforge3/23.11.0-0/bin:/opt/cray/libfabric/1.22.0/bin:/opt/rocm-6.4.2/bin:/sw/frontier/spack-envs/cpe25.09-cpu/opt/llvm-amdgpu-6.4.2/darshan-runtime-3.4.7-tvdocpzv3jfj4y6ki5jvmmkics323gon/bin:/opt/cray/pe/mpich/9.0.1/ofi/amd/6.0/bin:/opt/cray/pe/mpich/9.0.1/bin:/opt/cray/pe/perftools/25.09.0/bin:/opt/cray/pe/papi/7.2.0.2/bin:/opt/cray/pe/craype/2.7.35/bin:/sw/frontier/ums/ums046/copper/build:/lustre/orion/proj-shared/stf008/io_variability/kafka_client/kafka_2.13-4.1.0/bin:/ccs/home/khana/.vscode-server/data/User/globalStorage/github.copilot-chat/debugCommand:/ccs/home/khana/.vscode-server/data/User/globalStorage/github.copilot-chat/copilotCli:/autofs/nccs-svm1_home1/khana/.vscode-server/cli/servers/Stable-b6a47e94e326b5c209d118cf0f994d6065585705/server/bin/remote-cli:/autofs/nccs-svm1_sw/frontier/miniforge3/23.11.0-0/condabin:/sw/sources/hpss/bin:/sw/frontier/spack-envs/core-25.03/opt/gcc-13.2/tmux-3.4-fcqqko3j4ga67yuc7zxaqcwsix5hns2v/bin:/opt/clmgr/sbin:/opt/clmgr/bin:/opt/sgi/sbin:/opt/sgi/bin:/sw/frontier/bin:/ccs/home/khana/.local/bin:/usr/local/bin:/usr/bin:/bin:/opt/bin:/opt/c3/bin:/usr/lib/mit/bin:/opt/puppetlabs/bin:/usr/sbin:/opt/cray/pe/bin'\''
export CONDA_PREFIX='\''/tmp/khana/copper/lustre/orion/stf243/world-shared/hagertnl/CUG26/benchmark_builds/python-mpi4py/conda_env'\''
export CONDA_SHLVL='\''1'\''
export CONDA_DEFAULT_ENV='\''/tmp/khana/copper/lustre/orion/stf243/world-shared/hagertnl/CUG26/benchmark_builds/python-mpi4py/conda_env'\''
export CONDA_PROMPT_MODIFIER='\''(/tmp/khana/copper/lustre/orion/stf243/world-shared/hagertnl/CUG26/benchmark_builds/python-mpi4py/conda_env) '\''
export CONDA_EXE='\''/autofs/nccs-svm1_sw/frontier/miniforge3/23.11.0-0/bin/conda'\''
export _CE_M='\'''\''
export _CE_CONDA='\'''\''
export CONDA_PYTHON_EXE='\''/autofs/nccs-svm1_sw/frontier/miniforge3/23.11.0-0/bin/python'\'''
++ PS1='(/tmp/khana/copper/lustre/orion/stf243/world-shared/hagertnl/CUG26/benchmark_builds/python-mpi4py/conda_env) '
++ export PATH=/tmp/khana/copper/lustre/orion/stf243/world-shared/hagertnl/CUG26/benchmark_builds/python-mpi4py/conda_env/bin:/sw/frontier/lfs-wrapper/0.0.1/bin/lfs:/sw/frontier/miniforge3/23.11.0-0/bin:/opt/cray/libfabric/1.22.0/bin:/opt/rocm-6.4.2/bin:/sw/frontier/spack-envs/cpe25.09-cpu/opt/llvm-amdgpu-6.4.2/darshan-runtime-3.4.7-tvdocpzv3jfj4y6ki5jvmmkics323gon/bin:/opt/cray/pe/mpich/9.0.1/ofi/amd/6.0/bin:/opt/cray/pe/mpich/9.0.1/bin:/opt/cray/pe/perftools/25.09.0/bin:/opt/cray/pe/papi/7.2.0.2/bin:/opt/cray/pe/craype/2.7.35/bin:/sw/frontier/ums/ums046/copper/build:/lustre/orion/proj-shared/stf008/io_variability/kafka_client/kafka_2.13-4.1.0/bin:/ccs/home/khana/.vscode-server/data/User/globalStorage/github.copilot-chat/debugCommand:/ccs/home/khana/.vscode-server/data/User/globalStorage/github.copilot-chat/copilotCli:/autofs/nccs-svm1_home1/khana/.vscode-server/cli/servers/Stable-b6a47e94e326b5c209d118cf0f994d6065585705/server/bin/remote-cli:/autofs/nccs-svm1_sw/frontier/miniforge3/23.11.0-0/condabin:/sw/sources/hpss/bin:/sw/frontier/spack-envs/core-25.03/opt/gcc-13.2/tmux-3.4-fcqqko3j4ga67yuc7zxaqcwsix5hns2v/bin:/opt/clmgr/sbin:/opt/clmgr/bin:/opt/sgi/sbin:/opt/sgi/bin:/sw/frontier/bin:/ccs/home/khana/.local/bin:/usr/local/bin:/usr/bin:/bin:/opt/bin:/opt/c3/bin:/usr/lib/mit/bin:/opt/puppetlabs/bin:/usr/sbin:/opt/cray/pe/bin
++ PATH=/tmp/khana/copper/lustre/orion/stf243/world-shared/hagertnl/CUG26/benchmark_builds/python-mpi4py/conda_env/bin:/sw/frontier/lfs-wrapper/0.0.1/bin/lfs:/sw/frontier/miniforge3/23.11.0-0/bin:/opt/cray/libfabric/1.22.0/bin:/opt/rocm-6.4.2/bin:/sw/frontier/spack-envs/cpe25.09-cpu/opt/llvm-amdgpu-6.4.2/darshan-runtime-3.4.7-tvdocpzv3jfj4y6ki5jvmmkics323gon/bin:/opt/cray/pe/mpich/9.0.1/ofi/amd/6.0/bin:/opt/cray/pe/mpich/9.0.1/bin:/opt/cray/pe/perftools/25.09.0/bin:/opt/cray/pe/papi/7.2.0.2/bin:/opt/cray/pe/craype/2.7.35/bin:/sw/frontier/ums/ums046/copper/build:/lustre/orion/proj-shared/stf008/io_variability/kafka_client/kafka_2.13-4.1.0/bin:/ccs/home/khana/.vscode-server/data/User/globalStorage/github.copilot-chat/debugCommand:/ccs/home/khana/.vscode-server/data/User/globalStorage/github.copilot-chat/copilotCli:/autofs/nccs-svm1_home1/khana/.vscode-server/cli/servers/Stable-b6a47e94e326b5c209d118cf0f994d6065585705/server/bin/remote-cli:/autofs/nccs-svm1_sw/frontier/miniforge3/23.11.0-0/condabin:/sw/sources/hpss/bin:/sw/frontier/spack-envs/core-25.03/opt/gcc-13.2/tmux-3.4-fcqqko3j4ga67yuc7zxaqcwsix5hns2v/bin:/opt/clmgr/sbin:/opt/clmgr/bin:/opt/sgi/sbin:/opt/sgi/bin:/sw/frontier/bin:/ccs/home/khana/.local/bin:/usr/local/bin:/usr/bin:/bin:/opt/bin:/opt/c3/bin:/usr/lib/mit/bin:/opt/puppetlabs/bin:/usr/sbin:/opt/cray/pe/bin
++ export CONDA_PREFIX=/tmp/khana/copper/lustre/orion/stf243/world-shared/hagertnl/CUG26/benchmark_builds/python-mpi4py/conda_env
++ CONDA_PREFIX=/tmp/khana/copper/lustre/orion/stf243/world-shared/hagertnl/CUG26/benchmark_builds/python-mpi4py/conda_env
++ export CONDA_SHLVL=1
++ CONDA_SHLVL=1
++ export CONDA_DEFAULT_ENV=/tmp/khana/copper/lustre/orion/stf243/world-shared/hagertnl/CUG26/benchmark_builds/python-mpi4py/conda_env
++ CONDA_DEFAULT_ENV=/tmp/khana/copper/lustre/orion/stf243/world-shared/hagertnl/CUG26/benchmark_builds/python-mpi4py/conda_env
++ export 'CONDA_PROMPT_MODIFIER=(/tmp/khana/copper/lustre/orion/stf243/world-shared/hagertnl/CUG26/benchmark_builds/python-mpi4py/conda_env) '
++ CONDA_PROMPT_MODIFIER='(/tmp/khana/copper/lustre/orion/stf243/world-shared/hagertnl/CUG26/benchmark_builds/python-mpi4py/conda_env) '
++ export CONDA_EXE=/autofs/nccs-svm1_sw/frontier/miniforge3/23.11.0-0/bin/conda
++ CONDA_EXE=/autofs/nccs-svm1_sw/frontier/miniforge3/23.11.0-0/bin/conda
++ export _CE_M=
++ _CE_M=
++ export _CE_CONDA=
++ _CE_CONDA=
++ export CONDA_PYTHON_EXE=/autofs/nccs-svm1_sw/frontier/miniforge3/23.11.0-0/bin/python
++ CONDA_PYTHON_EXE=/autofs/nccs-svm1_sw/frontier/miniforge3/23.11.0-0/bin/python
+ __conda_hashr
+ '[' -n '' ']'
+ '[' -n '' ']'
+ hash -r
+ set -x
++ seq 1 5
+ for i in $(seq 1 5)
+ /usr/bin/time srun -N 128 -n 1024 -c 7 --ntasks-per-node=8 --gpus-per-node=8 --gpu-bind=closest --cpus-per-task=1 --threads-per-core=1 --network=single_node_vni,job_vni --export=ALL,PYTHONPATH=/tmp/khana/copper/lustre/orion/stf243/world-shared/hagertnl/CUG26/benchmark_builds/python-pytorch/conda_env: python3 -c 'import torch'
Traceback (most recent call last):
  File "<string>", line 1, in <module>
ModuleNotFoundError: No module named 'torch'
Traceback (most recent call last):
  File "<string>", line 1, in <module>
ModuleNotFoundError: No module named 'torch'
Traceback (most recent call last):
  File "<string>", line 1, in <module>
ModuleNotFoundError: No module named 'torch'
Traceback (most recent call last):
  File "<string>", line 1, in <module>
ModuleNotFoundError: No module named 'torch'
Traceback (most recent call last):
  File "<string>", line 1, in <module>
ModuleNotFoundError: No module named 'torch'
Traceback (most recent call last):
  File "<string>", line 1, in <module>
ModuleNotFoundError: No module named 'torch'
Traceback (most recent call last):
  File "<string>", line 1, in <module>
ModuleNotFoundError: No module named 'torch'
Traceback (most recent call last):
  File "<string>", line 1, in <module>
ModuleNotFoundError: No module named 'torch'
Traceback (most recent call last):
  File "<string>", line 1, in <module>
ModuleNotFoundError: No module named 'torch'
Traceback (most recent call last):
  File "<string>", line 1, in <module>
ModuleNotFoundError: No module named 'torch'
Traceback (most recent call last):
  File "<string>", line 1, in <module>
ModuleNotFoundError: No module named 'torch'
Traceback (most recent call last):
  File "<string>", line 1, in <module>
ModuleNotFoundError: No module named 'torch'
Traceback (most recent call last):
  File "<string>", line 1, in <module>
ModuleNotFoundError: No module named 'torch'
Traceback (most recent call last):
  File "<string>", line 1, in <module>
ModuleNotFoundError: No module named 'torch'
Traceback (most recent call last):
  File "<string>", line 1, in <module>
ModuleNotFoundError: No module named 'torch'
Traceback (most recent call last):
  File "<string>", line 1, in <module>
ModuleNotFoundError: No module named 'torch'
Traceback (most recent call last):
  File "<string>", line 1, in <module>
ModuleNotFoundError: No module named 'torch'
Traceback (most recent call last):
  File "<string>", line 1, in <module>
ModuleNotFoundError: No module named 'torch'
Traceback (most recent call last):
  File "<string>", line 1, in <module>
ModuleNotFoundError: No module named 'torch'
Traceback (most recent call last):
  File "<string>", line 1, in <module>
ModuleNotFoundError: No module named 'torch'
Traceback (most recent call last):
  File "<string>", line 1, in <module>
ModuleNotFoundError: No module named 'torch'
Traceback (most recent call last):
  File "<string>", line 1, in <module>
ModuleNotFoundError: No module named 'torch'
Traceback (most recent call last):
  File "<string>", line 1, in <module>
ModuleNotFoundError: No module named 'torch'
Traceback (most recent call last):
  File "<string>", line 1, in <module>
Traceback (most recent call last):
  File "<string>", line 1, in <module>
ModuleNotFoundError: No module named 'torch'
Traceback (most recent call last):
  File "<string>", line 1, in <module>
ModuleNotFoundError: No module named 'torch'
Traceback (most recent call last):
  File "<string>", line 1, in <module>
ModuleNotFoundError: No module named 'torch'
Traceback (most recent call last):
  File "<string>", line 1, in <module>
ModuleNotFoundError: No module named 'torch'
Traceback (most recent call last):
  File "<string>", line 1, in <module>
ModuleNotFoundError: No module named 'torch'
Traceback (most recent call last):
  File "<string>", line 1, in <module>
ModuleNotFoundError: No module named 'torch'
Traceback (most recent call last):
  File "<string>", line 1, in <module>
ModuleNotFoundError: No module named 'torch'
Traceback (most recent call last):
  File "<string>", line 1, in <module>
ModuleNotFoundError: No module named 'torch'
Traceback (most recent call last):
  File "<string>", line 1, in <module>
ModuleNotFoundError: No module named 'torch'
Traceback (most recent call last):
  File "<string>", line 1, in <module>
ModuleNotFoundError: No module named 'torch'
ModuleNotFoundError: No module named 'torch'
Traceback (most recent call last):
  File "<string>", line 1, in <module>
ModuleNotFoundError: No module named 'torch'
Traceback (most recent call last):
  File "<string>", line 1, in <module>
ModuleNotFoundError: No module named 'torch'
Traceback (most recent call last):
  File "<string>", line 1, in <module>
ModuleNotFoundError: No module named 'torch'
Traceback (most recent call last):
  File "<string>", line 1, in <module>
ModuleNotFoundError: No module named 'torch'
Traceback (most recent call last):
  File "<string>", line 1, in <module>
ModuleNotFoundError: No module named 'torch'
Traceback (most recent call last):
  File "<string>", line 1, in <module>
ModuleNotFoundError: No module named 'torch'
Traceback (most recent call last):
  File "<string>", line 1, in <module>
ModuleNotFoundError: No module named 'torch'
Traceback (most recent call last):
  File "<string>", line 1, in <module>
ModuleNotFoundError: No module named 'torch'
Traceback (most recent call last):
  File "<string>", line 1, in <module>
Traceback (most recent call last):
  File "<string>", line 1, in <module>
ModuleNotFoundError: No module named 'torch'
Traceback (most recent call last):
  File "<string>", line 1, in <module>
ModuleNotFoundError: No module named 'torch'
Traceback (most recent call last):
  File "<string>", line 1, in <module>
ModuleNotFoundError: No module named 'torch'
Traceback (most recent call last):
  File "<string>", line 1, in <module>
ModuleNotFoundError: No module named 'torch'
Traceback (most recent call last):
  File "<string>", line 1, in <module>
ModuleNotFoundError: No module named 'torch'
Traceback (most recent call last):
  File "<string>", line 1, in <module>
ModuleNotFoundError: No module named 'torch'
Traceback (most recent call last):
  File "<string>", line 1, in <module>
ModuleNotFoundError: No module named 'torch'
Traceback (most recent call last):
  File "<string>", line 1, in <module>
ModuleNotFoundError: No module named 'torch'
Traceback (most recent call last):
  File "<string>", line 1, in <module>
ModuleNotFoundError: No module named 'torch'
Traceback (most recent call last):
  File "<string>", line 1, in <module>
ModuleNotFoundError: No module named 'torch'
Traceback (most recent call last):
  File "<string>", line 1, in <module>
ModuleNotFoundError: No module named 'torch'
Traceback (most recent call last):
  File "<string>", line 1, in <module>
ModuleNotFoundError: No module named 'torch'
ModuleNotFoundError: No module named 'torch'
Traceback (most recent call last):
  File "<string>", line 1, in <module>
ModuleNotFoundError: No module named 'torch'
Traceback (most recent call last):
  File "<string>", line 1, in <module>
ModuleNotFoundError: No module named 'torch'
Traceback (most recent call last):
  File "<string>", line 1, in <module>
ModuleNotFoundError: No module named 'torch'
Traceback (most recent call last):
  File "<string>", line 1, in <module>
ModuleNotFoundError: No module named 'torch'
Traceback (most recent call last):
  File "<string>", line 1, in <module>
ModuleNotFoundError: No module named 'torch'
Traceback (most recent call last):
  File "<string>", line 1, in <module>
Traceback (most recent call last):
  File "<string>", line 1, in <module>
ModuleNotFoundError: No module named 'torch'
Traceback (most recent call last):
  File "<string>", line 1, in <module>
ModuleNotFoundError: No module named 'torch'
Traceback (most recent call last):
  File "<string>", line 1, in <module>
ModuleNotFoundError: No module named 'torch'
Traceback (most recent call last):
  File "<string>", line 1, in <module>
ModuleNotFoundError: No module named 'torch'
Traceback (most recent call last):
  File "<string>", line 1, in <module>
ModuleNotFoundError: No module named 'torch'
Traceback (most recent call last):
  File "<string>", line 1, in <module>
ModuleNotFoundError: No module named 'torch'
Traceback (most recent call last):
  File "<string>", line 1, in <module>
ModuleNotFoundError: No module named 'torch'
Traceback (most recent call last):
  File "<string>", line 1, in <module>
Traceback (most recent call last):
  File "<string>", line 1, in <module>
ModuleNotFoundError: No module named 'torch'
Traceback (most recent call last):
Traceback (most recent call last):
  File "<string>", line 1, in <module>
ModuleNotFoundError: No module named 'torch'
Traceback (most recent call last):
  File "<string>", line 1, in <module>
ModuleNotFoundError: No module named 'torch'
Traceback (most recent call last):
  File "<string>", line 1, in <module>
ModuleNotFoundError: No module named 'torch'
Traceback (most recent call last):
  File "<string>", line 1, in <module>
ModuleNotFoundError: No module named 'torch'
ModuleNotFoundError: No module named 'torch'
Traceback (most recent call last):
  File "<string>", line 1, in <module>
ModuleNotFoundError: No module named 'torch'
Traceback (most recent call last):
  File "<string>", line 1, in <module>
ModuleNotFoundError: No module named 'torch'
Traceback (most recent call last):
  File "<string>", line 1, in <module>
Traceback (most recent call last):
  File "<string>", line 1, in <module>
ModuleNotFoundError: No module named 'torch'
Traceback (most recent call last):
  File "<string>", line 1, in <module>
ModuleNotFoundError: No module named 'torch'
Traceback (most recent call last):
  File "<string>", line 1, in <module>
ModuleNotFoundError: No module named 'torch'
Traceback (most recent call last):
  File "<string>", line 1, in <module>
Traceback (most recent call last):
  File "<string>", line 1, in <module>
ModuleNotFoundError: No module named 'torch'
ModuleNotFoundError: No module named 'torch'
Traceback (most recent call last):
  File "<string>", line 1, in <module>
ModuleNotFoundError: No module named 'torch'
  File "<string>", line 1, in <module>
Traceback (most recent call last):
  File "<string>", line 1, in <module>
Traceback (most recent call last):
  File "<string>", line 1, in <module>
ModuleNotFoundError: No module named 'torch'
Traceback (most recent call last):
Traceback (most recent call last):
  File "<string>", line 1, in <module>
ModuleNotFoundError: No module named 'torch'
Traceback (most recent call last):
  File "<string>", line 1, in <module>
ModuleNotFoundError: No module named 'torch'
ModuleNotFoundError: No module named 'torch'
Traceback (most recent call last):
  File "<string>", line 1, in <module>
ModuleNotFoundError: No module named 'torch'
Traceback (most recent call last):
  File "<string>", line 1, in <module>
ModuleNotFoundError: No module named 'torch'
Traceback (most recent call last):
ModuleNotFoundError: No module named 'torch'
Traceback (most recent call last):
  File "<string>", line 1, in <module>
ModuleNotFoundError: No module named 'torch'
Traceback (most recent call last):
  File "<string>", line 1, in <module>
ModuleNotFoundError: No module named 'torch'
Traceback (most recent call last):
  File "<string>", line 1, in <module>
ModuleNotFoundError: No module named 'torch'
ModuleNotFoundError: No module named 'torch'
ModuleNotFoundError: No module named 'torch'
Traceback (most recent call last):
  File "<string>", line 1, in <module>
ModuleNotFoundError: No module named 'torch'
  File "<string>", line 1, in <module>
ModuleNotFoundError: No module named 'torch'
Traceback (most recent call last):
  File "<string>", line 1, in <module>
ModuleNotFoundError: No module named 'torch'
Traceback (most recent call last):
  File "<string>", line 1, in <module>
ModuleNotFoundError: No module named 'torch'
Traceback (most recent call last):
  File "<string>", line 1, in <module>
ModuleNotFoundError: No module named 'torch'
Traceback (most recent call last):
  File "<string>", line 1, in <module>
ModuleNotFoundError: No module named 'torch'
Traceback (most recent call last):
  File "<string>", line 1, in <module>
ModuleNotFoundError: No module named 'torch'
  File "<string>", line 1, in <module>
ModuleNotFoundError: No module named 'torch'
Traceback (most recent call last):
  File "<string>", line 1, in <module>
ModuleNotFoundError: No module named 'torch'
Traceback (most recent call last):
  File "<string>", line 1, in <module>
ModuleNotFoundError: No module named 'torch'
Traceback (most recent call last):
  File "<string>", line 1, in <module>
ModuleNotFoundError: No module named 'torch'
Traceback (most recent call last):
  File "<string>", line 1, in <module>
ModuleNotFoundError: No module named 'torch'
Traceback (most recent call last):
  File "<string>", line 1, in <module>
ModuleNotFoundError: No module named 'torch'
Traceback (most recent call last):
  File "<string>", line 1, in <module>
ModuleNotFoundError: No module named 'torch'
Traceback (most recent call last):
  File "<string>", line 1, in <module>
ModuleNotFoundError: No module named 'torch'
Traceback (most recent call last):
  File "<string>", line 1, in <module>
ModuleNotFoundError: No module named 'torch'
Traceback (most recent call last):
  File "<string>", line 1, in <module>
ModuleNotFoundError: No module named 'torch'
Traceback (most recent call last):
  File "<string>", line 1, in <module>
ModuleNotFoundError: No module named 'torch'
Traceback (most recent call last):
  File "<string>", line 1, in <module>
ModuleNotFoundError: No module named 'torch'
Traceback (most recent call last):
  File "<string>", line 1, in <module>
Traceback (most recent call last):
  File "<string>", line 1, in <module>
ModuleNotFoundError: No module named 'torch'
Traceback (most recent call last):
  File "<string>", line 1, in <module>
ModuleNotFoundError: No module named 'torch'
Traceback (most recent call last):
  File "<string>", line 1, in <module>
ModuleNotFoundError: No module named 'torch'
Traceback (most recent call last):
  File "<string>", line 1, in <module>
ModuleNotFoundError: No module named 'torch'
Traceback (most recent call last):
  File "<string>", line 1, in <module>
ModuleNotFoundError: No module named 'torch'
Traceback (most recent call last):
  File "<string>", line 1, in <module>
ModuleNotFoundError: No module named 'torch'
ModuleNotFoundError: No module named 'torch'
Traceback (most recent call last):
  File "<string>", line 1, in <module>
ModuleNotFoundError: No module named 'torch'
Traceback (most recent call last):
  File "<string>", line 1, in <module>
ModuleNotFoundError: No module named 'torch'
Traceback (most recent call last):
  File "<string>", line 1, in <module>
ModuleNotFoundError: No module named 'torch'
Traceback (most recent call last):
  File "<string>", line 1, in <module>
ModuleNotFoundError: No module named 'torch'
Traceback (most recent call last):
  File "<string>", line 1, in <module>
ModuleNotFoundError: No module named 'torch'
Traceback (most recent call last):
  File "<string>", line 1, in <module>
ModuleNotFoundError: No module named 'torch'
Traceback (most recent call last):
  File "<string>", line 1, in <module>
ModuleNotFoundError: No module named 'torch'
Traceback (most recent call last):
  File "<string>", line 1, in <module>
ModuleNotFoundError: No module named 'torch'
Traceback (most recent call last):
  File "<string>", line 1, in <module>
ModuleNotFoundError: No module named 'torch'
Traceback (most recent call last):
  File "<string>", line 1, in <module>
ModuleNotFoundError: No module named 'torch'
Traceback (most recent call last):
  File "<string>", line 1, in <module>
ModuleNotFoundError: No module named 'torch'
Traceback (most recent call last):
  File "<string>", line 1, in <module>
ModuleNotFoundError: No module named 'torch'
Traceback (most recent call last):
  File "<string>", line 1, in <module>
ModuleNotFoundError: No module named 'torch'
Traceback (most recent call last):
  File "<string>", line 1, in <module>
Traceback (most recent call last):
  File "<string>", line 1, in <module>
ModuleNotFoundError: No module named 'torch'
ModuleNotFoundError: No module named 'torch'
Traceback (most recent call last):
  File "<string>", line 1, in <module>
ModuleNotFoundError: No module named 'torch'
Traceback (most recent call last):
  File "<string>", line 1, in <module>
ModuleNotFoundError: No module named 'torch'
Traceback (most recent call last):
  File "<string>", line 1, in <module>
ModuleNotFoundError: No module named 'torch'
Traceback (most recent call last):
  File "<string>", line 1, in <module>
Traceback (most recent call last):
  File "<string>", line 1, in <module>
ModuleNotFoundError: No module named 'torch'
Traceback (most recent call last):
  File "<string>", line 1, in <module>
ModuleNotFoundError: No module named 'torch'
ModuleNotFoundError: No module named 'torch'
Traceback (most recent call last):
  File "<string>", line 1, in <module>
ModuleNotFoundError: No module named 'torch'
Traceback (most recent call last):
  File "<string>", line 1, in <module>
ModuleNotFoundError: No module named 'torch'
Traceback (most recent call last):
  File "<string>", line 1, in <module>
ModuleNotFoundError: No module named 'torch'
Traceback (most recent call last):
  File "<string>", line 1, in <module>
ModuleNotFoundError: No module named 'torch'
Traceback (most recent call last):
  File "<string>", line 1, in <module>
ModuleNotFoundError: No module named 'torch'
Traceback (most recent call last):
  File "<string>", line 1, in <module>
ModuleNotFoundError: No module named 'torch'
Traceback (most recent call last):
  File "<string>", line 1, in <module>
ModuleNotFoundError: No module named 'torch'
Traceback (most recent call last):
  File "<string>", line 1, in <module>
ModuleNotFoundError: No module named 'torch'
Traceback (most recent call last):
  File "<string>", line 1, in <module>
ModuleNotFoundError: No module named 'torch'
Traceback (most recent call last):
  File "<string>", line 1, in <module>
ModuleNotFoundError: No module named 'torch'
Traceback (most recent call last):
  File "<string>", line 1, in <module>
ModuleNotFoundError: No module named 'torch'
Traceback (most recent call last):
  File "<string>", line 1, in <module>
ModuleNotFoundError: No module named 'torch'
Traceback (most recent call last):
  File "<string>", line 1, in <module>
ModuleNotFoundError: No module named 'torch'
Traceback (most recent call last):
  File "<string>", line 1, in <module>
ModuleNotFoundError: No module named 'torch'
Traceback (most recent call last):
  File "<string>", line 1, in <module>
ModuleNotFoundError: No module named 'torch'
Traceback (most recent call last):
  File "<string>", line 1, in <module>
ModuleNotFoundError: No module named 'torch'
Traceback (most recent call last):
Traceback (most recent call last):
  File "<string>", line 1, in <module>
ModuleNotFoundError: No module named 'torch'
Traceback (most recent call last):
  File "<string>", line 1, in <module>
ModuleNotFoundError: No module named 'torch'
  File "<string>", line 1, in <module>
Traceback (most recent call last):
  File "<string>", line 1, in <module>
ModuleNotFoundError: No module named 'torch'
Traceback (most recent call last):
  File "<string>", line 1, in <module>
ModuleNotFoundError: No module named 'torch'
Traceback (most recent call last):
  File "<string>", line 1, in <module>
ModuleNotFoundError: No module named 'torch'
ModuleNotFoundError: No module named 'torch'
Traceback (most recent call last):
  File "<string>", line 1, in <module>
Traceback (most recent call last):
  File "<string>", line 1, in <module>
ModuleNotFoundError: No module named 'torch'
Traceback (most recent call last):
  File "<string>", line 1, in <module>
ModuleNotFoundError: No module named 'torch'
Traceback (most recent call last):
  File "<string>", line 1, in <module>
ModuleNotFoundError: No module named 'torch'
Traceback (most recent call last):
  File "<string>", line 1, in <module>
ModuleNotFoundError: No module named 'torch'
ModuleNotFoundError: No module named 'torch'
Traceback (most recent call last):
  File "<string>", line 1, in <module>
ModuleNotFoundError: No module named 'torch'
Traceback (most recent call last):
  File "<string>", line 1, in <module>
ModuleNotFoundError: No module named 'torch'
Traceback (most recent call last):
  File "<string>", line 1, in <module>
ModuleNotFoundError: No module named 'torch'
Traceback (most recent call last):
Traceback (most recent call last):
  File "<string>", line 1, in <module>
ModuleNotFoundError: No module named 'torch'
Traceback (most recent call last):
  File "<string>", line 1, in <module>
ModuleNotFoundError: No module named 'torch'
Traceback (most recent call last):
  File "<string>", line 1, in <module>
ModuleNotFoundError: No module named 'torch'
Traceback (most recent call last):
  File "<string>", line 1, in <module>
ModuleNotFoundError: No module named 'torch'
  File "<string>", line 1, in <module>
ModuleNotFoundError: No module named 'torch'
Traceback (most recent call last):
  File "<string>", line 1, in <module>
ModuleNotFoundError: No module named 'torch'
Traceback (most recent call last):
  File "<string>", line 1, in <module>
ModuleNotFoundError: No module named 'torch'
Traceback (most recent call last):
  File "<string>", line 1, in <module>
ModuleNotFoundError: No module named 'torch'
Traceback (most recent call last):
  File "<string>", line 1, in <module>
ModuleNotFoundError: No module named 'torch'
Traceback (most recent call last):
  File "<string>", line 1, in <module>
ModuleNotFoundError: No module named 'torch'
Traceback (most recent call last):
  File "<string>", line 1, in <module>
ModuleNotFoundError: No module named 'torch'
Traceback (most recent call last):
  File "<string>", line 1, in <module>
ModuleNotFoundError: No module named 'torch'
Traceback (most recent call last):
  File "<string>", line 1, in <module>
ModuleNotFoundError: No module named 'torch'
Traceback (most recent call last):
  File "<string>", line 1, in <module>
ModuleNotFoundError: No module named 'torch'
Traceback (most recent call last):
  File "<string>", line 1, in <module>
ModuleNotFoundError: No module named 'torch'
Traceback (most recent call last):
  File "<string>", line 1, in <module>
ModuleNotFoundError: No module named 'torch'
Traceback (most recent call last):
Traceback (most recent call last):
  File "<string>", line 1, in <module>
ModuleNotFoundError: No module named 'torch'
Traceback (most recent call last):
  File "<string>", line 1, in <module>
ModuleNotFoundError: No module named 'torch'
Traceback (most recent call last):
  File "<string>", line 1, in <module>
ModuleNotFoundError: No module named 'torch'
Traceback (most recent call last):
  File "<string>", line 1, in <module>
ModuleNotFoundError: No module named 'torch'
Traceback (most recent call last):
  File "<string>", line 1, in <module>
ModuleNotFoundError: No module named 'torch'
Traceback (most recent call last):
  File "<string>", line 1, in <module>
ModuleNotFoundError: No module named 'torch'
Traceback (most recent call last):
  File "<string>", line 1, in <module>
ModuleNotFoundError: No module named 'torch'
Traceback (most recent call last):
  File "<string>", line 1, in <module>
ModuleNotFoundError: No module named 'torch'
Traceback (most recent call last):
  File "<string>", line 1, in <module>
ModuleNotFoundError: No module named 'torch'
Traceback (most recent call last):
  File "<string>", line 1, in <module>
ModuleNotFoundError: No module named 'torch'
  File "<string>", line 1, in <module>
ModuleNotFoundError: No module named 'torch'
Traceback (most recent call last):
  File "<string>", line 1, in <module>
ModuleNotFoundError: No module named 'torch'
Traceback (most recent call last):
  File "<string>", line 1, in <module>
ModuleNotFoundError: No module named 'torch'
Traceback (most recent call last):
  File "<string>", line 1, in <module>
ModuleNotFoundError: No module named 'torch'
Traceback (most recent call last):
  File "<string>", line 1, in <module>
ModuleNotFoundError: No module named 'torch'
Traceback (most recent call last):
  File "<string>", line 1, in <module>
ModuleNotFoundError: No module named 'torch'
Traceback (most recent call last):
  File "<string>", line 1, in <module>
ModuleNotFoundError: No module named 'torch'
Traceback (most recent call last):
  File "<string>", line 1, in <module>
ModuleNotFoundError: No module named 'torch'
Traceback (most recent call last):
  File "<string>", line 1, in <module>
ModuleNotFoundError: No module named 'torch'
Traceback (most recent call last):
  File "<string>", line 1, in <module>
ModuleNotFoundError: No module named 'torch'
Traceback (most recent call last):
  File "<string>", line 1, in <module>
ModuleNotFoundError: No module named 'torch'
Traceback (most recent call last):
  File "<string>", line 1, in <module>
ModuleNotFoundError: No module named 'torch'
Traceback (most recent call last):
  File "<string>", line 1, in <module>
ModuleNotFoundError: No module named 'torch'
Traceback (most recent call last):
  File "<string>", line 1, in <module>
ModuleNotFoundError: No module named 'torch'
Traceback (most recent call last):
  File "<string>", line 1, in <module>
ModuleNotFoundError: No module named 'torch'
Traceback (most recent call last):
  File "<string>", line 1, in <module>
ModuleNotFoundError: No module named 'torch'
Traceback (most recent call last):
  File "<string>", line 1, in <module>
ModuleNotFoundError: No module named 'torch'
Traceback (most recent call last):
  File "<string>", line 1, in <module>
ModuleNotFoundError: No module named 'torch'
Traceback (most recent call last):
  File "<string>", line 1, in <module>
ModuleNotFoundError: No module named 'torch'
Traceback (most recent call last):
  File "<string>", line 1, in <module>
ModuleNotFoundError: No module named 'torch'
Traceback (most recent call last):
  File "<string>", line 1, in <module>
ModuleNotFoundError: No module named 'torch'
Traceback (most recent call last):
  File "<string>", line 1, in <module>
ModuleNotFoundError: No module named 'torch'
Traceback (most recent call last):
  File "<string>", line 1, in <module>
ModuleNotFoundError: No module named 'torch'
Traceback (most recent call last):
  File "<string>", line 1, in <module>
ModuleNotFoundError: No module named 'torch'
Traceback (most recent call last):
  File "<string>", line 1, in <module>
ModuleNotFoundError: No module named 'torch'
Traceback (most recent call last):
  File "<string>", line 1, in <module>
ModuleNotFoundError: No module named 'torch'
Traceback (most recent call last):
  File "<string>", line 1, in <module>
Traceback (most recent call last):
  File "<string>", line 1, in <module>
ModuleNotFoundError: No module named 'torch'
Traceback (most recent call last):
  File "<string>", line 1, in <module>
Traceback (most recent call last):
  File "<string>", line 1, in <module>
ModuleNotFoundError: No module named 'torch'
Traceback (most recent call last):
  File "<string>", line 1, in <module>
ModuleNotFoundError: No module named 'torch'
Traceback (most recent call last):
  File "<string>", line 1, in <module>
Traceback (most recent call last):
  File "<string>", line 1, in <module>
ModuleNotFoundError: No module named 'torch'
Traceback (most recent call last):
  File "<string>", line 1, in <module>
ModuleNotFoundError: No module named 'torch'
Traceback (most recent call last):
  File "<string>", line 1, in <module>
ModuleNotFoundError: No module named 'torch'
Traceback (most recent call last):
  File "<string>", line 1, in <module>
ModuleNotFoundError: No module named 'torch'
Traceback (most recent call last):
  File "<string>", line 1, in <module>
ModuleNotFoundError: No module named 'torch'
ModuleNotFoundError: No module named 'torch'
Traceback (most recent call last):
  File "<string>", line 1, in <module>
ModuleNotFoundError: No module named 'torch'
Traceback (most recent call last):
  File "<string>", line 1, in <module>
ModuleNotFoundError: No module named 'torch'
Traceback (most recent call last):
  File "<string>", line 1, in <module>
ModuleNotFoundError: No module named 'torch'
Traceback (most recent call last):
  File "<string>", line 1, in <module>
ModuleNotFoundError: No module named 'torch'
Traceback (most recent call last):
  File "<string>", line 1, in <module>
ModuleNotFoundError: No module named 'torch'
Traceback (most recent call last):
  File "<string>", line 1, in <module>
ModuleNotFoundError: No module named 'torch'
Traceback (most recent call last):
  File "<string>", line 1, in <module>
ModuleNotFoundError: No module named 'torch'
Traceback (most recent call last):
  File "<string>", line 1, in <module>
ModuleNotFoundError: No module named 'torch'
Traceback (most recent call last):
  File "<string>", line 1, in <module>
ModuleNotFoundError: No module named 'torch'
ModuleNotFoundError: No module named 'torch'
Traceback (most recent call last):
  File "<string>", line 1, in <module>
ModuleNotFoundError: No module named 'torch'
Traceback (most recent call last):
  File "<string>", line 1, in <module>
ModuleNotFoundError: No module named 'torch'
Traceback (most recent call last):
  File "<string>", line 1, in <module>
Traceback (most recent call last):
  File "<string>", line 1, in <module>
Traceback (most recent call last):
  File "<string>", line 1, in <module>
ModuleNotFoundError: No module named 'torch'
ModuleNotFoundError: No module named 'torch'
Traceback (most recent call last):
  File "<string>", line 1, in <module>
ModuleNotFoundError: No module named 'torch'
Traceback (most recent call last):
  File "<string>", line 1, in <module>
ModuleNotFoundError: No module named 'torch'
Traceback (most recent call last):
  File "<string>", line 1, in <module>
ModuleNotFoundError: No module named 'torch'
ModuleNotFoundError: No module named 'torch'
ModuleNotFoundError: No module named 'torch'
Traceback (most recent call last):
Traceback (most recent call last):
  File "<string>", line 1, in <module>
ModuleNotFoundError: No module named 'torch'
Traceback (most recent call last):
  File "<string>", line 1, in <module>
ModuleNotFoundError: No module named 'torch'
Traceback (most recent call last):
  File "<string>", line 1, in <module>
ModuleNotFoundError: No module named 'torch'
Traceback (most recent call last):
  File "<string>", line 1, in <module>
ModuleNotFoundError: No module named 'torch'
Traceback (most recent call last):
  File "<string>", line 1, in <module>
Traceback (most recent call last):
  File "<string>", line 1, in <module>
ModuleNotFoundError: No module named 'torch'
Traceback (most recent call last):
  File "<string>", line 1, in <module>
ModuleNotFoundError: No module named 'torch'
Traceback (most recent call last):
  File "<string>", line 1, in <module>
ModuleNotFoundError: No module named 'torch'
Traceback (most recent call last):
  File "<string>", line 1, in <module>
Traceback (most recent call last):
  File "<string>", line 1, in <module>
ModuleNotFoundError: No module named 'torch'
Traceback (most recent call last):
  File "<string>", line 1, in <module>
ModuleNotFoundError: No module named 'torch'
ModuleNotFoundError: No module named 'torch'
Traceback (most recent call last):
  File "<string>", line 1, in <module>
ModuleNotFoundError: No module named 'torch'
Traceback (most recent call last):
  File "<string>", line 1, in <module>
ModuleNotFoundError: No module named 'torch'
ModuleNotFoundError: No module named 'torch'
  File "<string>", line 1, in <module>
ModuleNotFoundError: No module named 'torch'
Traceback (most recent call last):
  File "<string>", line 1, in <module>
ModuleNotFoundError: No module named 'torch'
Traceback (most recent call last):
  File "<string>", line 1, in <module>
ModuleNotFoundError: No module named 'torch'
Traceback (most recent call last):
  File "<string>", line 1, in <module>
ModuleNotFoundError: No module named 'torch'
Traceback (most recent call last):
  File "<string>", line 1, in <module>
Traceback (most recent call last):
  File "<string>", line 1, in <module>
ModuleNotFoundError: No module named 'torch'
Traceback (most recent call last):
  File "<string>", line 1, in <module>
ModuleNotFoundError: No module named 'torch'
Traceback (most recent call last):
  File "<string>", line 1, in <module>
ModuleNotFoundError: No module named 'torch'
Traceback (most recent call last):
  File "<string>", line 1, in <module>
ModuleNotFoundError: No module named 'torch'
ModuleNotFoundError: No module named 'torch'
Traceback (most recent call last):
  File "<string>", line 1, in <module>
ModuleNotFoundError: No module named 'torch'
Traceback (most recent call last):
  File "<string>", line 1, in <module>
ModuleNotFoundError: No module named 'torch'
Traceback (most recent call last):
  File "<string>", line 1, in <module>
ModuleNotFoundError: No module named 'torch'
Traceback (most recent call last):
  File "<string>", line 1, in <module>
Traceback (most recent call last):
  File "<string>", line 1, in <module>
ModuleNotFoundError: No module named 'torch'
Traceback (most recent call last):
  File "<string>", line 1, in <module>
ModuleNotFoundError: No module named 'torch'
ModuleNotFoundError: No module named 'torch'
Traceback (most recent call last):
  File "<string>", line 1, in <module>
ModuleNotFoundError: No module named 'torch'
Traceback (most recent call last):
  File "<string>", line 1, in <module>
Traceback (most recent call last):
  File "<string>", line 1, in <module>
ModuleNotFoundError: No module named 'torch'
Traceback (most recent call last):
  File "<string>", line 1, in <module>
ModuleNotFoundError: No module named 'torch'
ModuleNotFoundError: No module named 'torch'
Traceback (most recent call last):
  File "<string>", line 1, in <module>
ModuleNotFoundError: No module named 'torch'
Traceback (most recent call last):
  File "<string>", line 1, in <module>
ModuleNotFoundError: No module named 'torch'
Traceback (most recent call last):
  File "<string>", line 1, in <module>
ModuleNotFoundError: No module named 'torch'
Traceback (most recent call last):
  File "<string>", line 1, in <module>
ModuleNotFoundError: No module named 'torch'
Traceback (most recent call last):
  File "<string>", line 1, in <module>
Traceback (most recent call last):
  File "<string>", line 1, in <module>
ModuleNotFoundError: No module named 'torch'
ModuleNotFoundError: No module named 'torch'
Traceback (most recent call last):
  File "<string>", line 1, in <module>
ModuleNotFoundError: No module named 'torch'
Traceback (most recent call last):
  File "<string>", line 1, in <module>
ModuleNotFoundError: No module named 'torch'
Traceback (most recent call last):
  File "<string>", line 1, in <module>
ModuleNotFoundError: No module named 'torch'
Traceback (most recent call last):
  File "<string>", line 1, in <module>
ModuleNotFoundError: No module named 'torch'
Traceback (most recent call last):
  File "<string>", line 1, in <module>
ModuleNotFoundError: No module named 'torch'
Traceback (most recent call last):
  File "<string>", line 1, in <module>
Traceback (most recent call last):
  File "<string>", line 1, in <module>
ModuleNotFoundError: No module named 'torch'
ModuleNotFoundError: No module named 'torch'
Traceback (most recent call last):
  File "<string>", line 1, in <module>
ModuleNotFoundError: No module named 'torch'
Traceback (most recent call last):
  File "<string>", line 1, in <module>
ModuleNotFoundError: No module named 'torch'
Traceback (most recent call last):
  File "<string>", line 1, in <module>
ModuleNotFoundError: No module named 'torch'
Traceback (most recent call last):
  File "<string>", line 1, in <module>
ModuleNotFoundError: No module named 'torch'
Traceback (most recent call last):
  File "<string>", line 1, in <module>
ModuleNotFoundError: No module named 'torch'
Traceback (most recent call last):
  File "<string>", line 1, in <module>
ModuleNotFoundError: No module named 'torch'
Traceback (most recent call last):
  File "<string>", line 1, in <module>
ModuleNotFoundError: No module named 'torch'
Traceback (most recent call last):
  File "<string>", line 1, in <module>
ModuleNotFoundError: No module named 'torch'
Traceback (most recent call last):
  File "<string>", line 1, in <module>
ModuleNotFoundError: No module named 'torch'
Traceback (most recent call last):
  File "<string>", line 1, in <module>
ModuleNotFoundError: No module named 'torch'
Traceback (most recent call last):
  File "<string>", line 1, in <module>
ModuleNotFoundError: No module named 'torch'
Traceback (most recent call last):
  File "<string>", line 1, in <module>
ModuleNotFoundError: No module named 'torch'
Traceback (most recent call last):
  File "<string>", line 1, in <module>
ModuleNotFoundError: No module named 'torch'
Traceback (most recent call last):
  File "<string>", line 1, in <module>
ModuleNotFoundError: No module named 'torch'
Traceback (most recent call last):
  File "<string>", line 1, in <module>
ModuleNotFoundError: No module named 'torch'
Traceback (most recent call last):
  File "<string>", line 1, in <module>
ModuleNotFoundError: No module named 'torch'
Traceback (most recent call last):
  File "<string>", line 1, in <module>
ModuleNotFoundError: No module named 'torch'
Traceback (most recent call last):
  File "<string>", line 1, in <module>
ModuleNotFoundError: No module named 'torch'
Traceback (most recent call last):
  File "<string>", line 1, in <module>
ModuleNotFoundError: No module named 'torch'
Traceback (most recent call last):
  File "<string>", line 1, in <module>
ModuleNotFoundError: No module named 'torch'
Traceback (most recent call last):
  File "<string>", line 1, in <module>
ModuleNotFoundError: No module named 'torch'
Traceback (most recent call last):
  File "<string>", line 1, in <module>
ModuleNotFoundError: No module named 'torch'
Traceback (most recent call last):
  File "<string>", line 1, in <module>
ModuleNotFoundError: No module named 'torch'
Traceback (most recent call last):
  File "<string>", line 1, in <module>
ModuleNotFoundError: No module named 'torch'
Traceback (most recent call last):
  File "<string>", line 1, in <module>
ModuleNotFoundError: No module named 'torch'
Traceback (most recent call last):
  File "<string>", line 1, in <module>
ModuleNotFoundError: No module named 'torch'
Traceback (most recent call last):
  File "<string>", line 1, in <module>
ModuleNotFoundError: No module named 'torch'
Traceback (most recent call last):
  File "<string>", line 1, in <module>
ModuleNotFoundError: No module named 'torch'
Traceback (most recent call last):
  File "<string>", line 1, in <module>
ModuleNotFoundError: No module named 'torch'
Traceback (most recent call last):
  File "<string>", line 1, in <module>
ModuleNotFoundError: No module named 'torch'
Traceback (most recent call last):
  File "<string>", line 1, in <module>
ModuleNotFoundError: No module named 'torch'
Traceback (most recent call last):
  File "<string>", line 1, in <module>
ModuleNotFoundError: No module named 'torch'
Traceback (most recent call last):
  File "<string>", line 1, in <module>
ModuleNotFoundError: No module named 'torch'
Traceback (most recent call last):
  File "<string>", line 1, in <module>
ModuleNotFoundError: No module named 'torch'
Traceback (most recent call last):
  File "<string>", line 1, in <module>
ModuleNotFoundError: No module named 'torch'
Traceback (most recent call last):
  File "<string>", line 1, in <module>
Traceback (most recent call last):
  File "<string>", line 1, in <module>
Traceback (most recent call last):
  File "<string>", line 1, in <module>
ModuleNotFoundError: No module named 'torch'
Traceback (most recent call last):
  File "<string>", line 1, in <module>
ModuleNotFoundError: No module named 'torch'
ModuleNotFoundError: No module named 'torch'
ModuleNotFoundError: No module named 'torch'
Traceback (most recent call last):
  File "<string>", line 1, in <module>
ModuleNotFoundError: No module named 'torch'
Traceback (most recent call last):
  File "<string>", line 1, in <module>
ModuleNotFoundError: No module named 'torch'
Traceback (most recent call last):
  File "<string>", line 1, in <module>
ModuleNotFoundError: No module named 'torch'
Traceback (most recent call last):
  File "<string>", line 1, in <module>
ModuleNotFoundError: No module named 'torch'
Traceback (most recent call last):
Traceback (most recent call last):
  File "<string>", line 1, in <module>
ModuleNotFoundError: No module named 'torch'
Traceback (most recent call last):
  File "<string>", line 1, in <module>
ModuleNotFoundError: No module named 'torch'
Traceback (most recent call last):
  File "<string>", line 1, in <module>
ModuleNotFoundError: No module named 'torch'
Traceback (most recent call last):
  File "<string>", line 1, in <module>
ModuleNotFoundError: No module named 'torch'
Traceback (most recent call last):
  File "<string>", line 1, in <module>
ModuleNotFoundError: No module named 'torch'
Traceback (most recent call last):
  File "<string>", line 1, in <module>
ModuleNotFoundError: No module named 'torch'
  File "<string>", line 1, in <module>
Traceback (most recent call last):
  File "<string>", line 1, in <module>
ModuleNotFoundError: No module named 'torch'
ModuleNotFoundError: No module named 'torch'
Traceback (most recent call last):
  File "<string>", line 1, in <module>
ModuleNotFoundError: No module named 'torch'
Traceback (most recent call last):
  File "<string>", line 1, in <module>
ModuleNotFoundError: No module named 'torch'
Traceback (most recent call last):
  File "<string>", line 1, in <module>
ModuleNotFoundError: No module named 'torch'
Traceback (most recent call last):
  File "<string>", line 1, in <module>
ModuleNotFoundError: No module named 'torch'
Traceback (most recent call last):
  File "<string>", line 1, in <module>
ModuleNotFoundError: No module named 'torch'
Traceback (most recent call last):
  File "<string>", line 1, in <module>
ModuleNotFoundError: No module named 'torch'
Traceback (most recent call last):
  File "<string>", line 1, in <module>
ModuleNotFoundError: No module named 'torch'
Traceback (most recent call last):
  File "<string>", line 1, in <module>
ModuleNotFoundError: No module named 'torch'
Traceback (most recent call last):
  File "<string>", line 1, in <module>
ModuleNotFoundError: No module named 'torch'
Traceback (most recent call last):
  File "<string>", line 1, in <module>
ModuleNotFoundError: No module named 'torch'
Traceback (most recent call last):
  File "<string>", line 1, in <module>
ModuleNotFoundError: No module named 'torch'
Traceback (most recent call last):
  File "<string>", line 1, in <module>
ModuleNotFoundError: No module named 'torch'
Traceback (most recent call last):
  File "<string>", line 1, in <module>
ModuleNotFoundError: No module named 'torch'
Traceback (most recent call last):
  File "<string>", line 1, in <module>
ModuleNotFoundError: No module named 'torch'
Traceback (most recent call last):
  File "<string>", line 1, in <module>
ModuleNotFoundError: No module named 'torch'
Traceback (most recent call last):
  File "<string>", line 1, in <module>
ModuleNotFoundError: No module named 'torch'
Traceback (most recent call last):
  File "<string>", line 1, in <module>
ModuleNotFoundError: No module named 'torch'
Traceback (most recent call last):
  File "<string>", line 1, in <module>
ModuleNotFoundError: No module named 'torch'
Traceback (most recent call last):
  File "<string>", line 1, in <module>
ModuleNotFoundError: No module named 'torch'
Traceback (most recent call last):
  File "<string>", line 1, in <module>
ModuleNotFoundError: No module named 'torch'
Traceback (most recent call last):
  File "<string>", line 1, in <module>
ModuleNotFoundError: No module named 'torch'
Traceback (most recent call last):
  File "<string>", line 1, in <module>
ModuleNotFoundError: No module named 'torch'
Traceback (most recent call last):
  File "<string>", line 1, in <module>
ModuleNotFoundError: No module named 'torch'
Traceback (most recent call last):
  File "<string>", line 1, in <module>
ModuleNotFoundError: No module named 'torch'
Traceback (most recent call last):
  File "<string>", line 1, in <module>
ModuleNotFoundError: No module named 'torch'
Traceback (most recent call last):
  File "<string>", line 1, in <module>
Traceback (most recent call last):
  File "<string>", line 1, in <module>
ModuleNotFoundError: No module named 'torch'
Traceback (most recent call last):
  File "<string>", line 1, in <module>
ModuleNotFoundError: No module named 'torch'
Traceback (most recent call last):
  File "<string>", line 1, in <module>
ModuleNotFoundError: No module named 'torch'
Traceback (most recent call last):
  File "<string>", line 1, in <module>
ModuleNotFoundError: No module named 'torch'
Traceback (most recent call last):
  File "<string>", line 1, in <module>
ModuleNotFoundError: No module named 'torch'
Traceback (most recent call last):
  File "<string>", line 1, in <module>
ModuleNotFoundError: No module named 'torch'
ModuleNotFoundError: No module named 'torch'
Traceback (most recent call last):
  File "<string>", line 1, in <module>
ModuleNotFoundError: No module named 'torch'
Traceback (most recent call last):
  File "<string>", line 1, in <module>
ModuleNotFoundError: No module named 'torch'
Traceback (most recent call last):
  File "<string>", line 1, in <module>
ModuleNotFoundError: No module named 'torch'
Traceback (most recent call last):
  File "<string>", line 1, in <module>
ModuleNotFoundError: No module named 'torch'
Traceback (most recent call last):
  File "<string>", line 1, in <module>
ModuleNotFoundError: No module named 'torch'
Traceback (most recent call last):
  File "<string>", line 1, in <module>
ModuleNotFoundError: No module named 'torch'
Traceback (most recent call last):
  File "<string>", line 1, in <module>
ModuleNotFoundError: No module named 'torch'
Traceback (most recent call last):
  File "<string>", line 1, in <module>
ModuleNotFoundError: No module named 'torch'
Traceback (most recent call last):
  File "<string>", line 1, in <module>
ModuleNotFoundError: No module named 'torch'
Traceback (most recent call last):
  File "<string>", line 1, in <module>
ModuleNotFoundError: No module named 'torch'
Traceback (most recent call last):
  File "<string>", line 1, in <module>
ModuleNotFoundError: No module named 'torch'
Traceback (most recent call last):
  File "<string>", line 1, in <module>
ModuleNotFoundError: No module named 'torch'
Traceback (most recent call last):
  File "<string>", line 1, in <module>
ModuleNotFoundError: No module named 'torch'
Traceback (most recent call last):
  File "<string>", line 1, in <module>
ModuleNotFoundError: No module named 'torch'
Traceback (most recent call last):
  File "<string>", line 1, in <module>
ModuleNotFoundError: No module named 'torch'
Traceback (most recent call last):
  File "<string>", line 1, in <module>
ModuleNotFoundError: No module named 'torch'
Traceback (most recent call last):
  File "<string>", line 1, in <module>
ModuleNotFoundError: No module named 'torch'
Traceback (most recent call last):
  File "<string>", line 1, in <module>
ModuleNotFoundError: No module named 'torch'
Traceback (most recent call last):
  File "<string>", line 1, in <module>
ModuleNotFoundError: No module named 'torch'
Traceback (most recent call last):
  File "<string>", line 1, in <module>
ModuleNotFoundError: No module named 'torch'
Traceback (most recent call last):
Traceback (most recent call last):
  File "<string>", line 1, in <module>
ModuleNotFoundError: No module named 'torch'
Traceback (most recent call last):
  File "<string>", line 1, in <module>
ModuleNotFoundError: No module named 'torch'
Traceback (most recent call last):
  File "<string>", line 1, in <module>
ModuleNotFoundError: No module named 'torch'
Traceback (most recent call last):
  File "<string>", line 1, in <module>
ModuleNotFoundError: No module named 'torch'
Traceback (most recent call last):
  File "<string>", line 1, in <module>
ModuleNotFoundError: No module named 'torch'
Traceback (most recent call last):
  File "<string>", line 1, in <module>
ModuleNotFoundError: No module named 'torch'
Traceback (most recent call last):
  File "<string>", line 1, in <module>
ModuleNotFoundError: No module named 'torch'
  File "<string>", line 1, in <module>
ModuleNotFoundError: No module named 'torch'
Traceback (most recent call last):
  File "<string>", line 1, in <module>
ModuleNotFoundError: No module named 'torch'
Traceback (most recent call last):
  File "<string>", line 1, in <module>
ModuleNotFoundError: No module named 'torch'
Traceback (most recent call last):
  File "<string>", line 1, in <module>
ModuleNotFoundError: No module named 'torch'
Traceback (most recent call last):
  File "<string>", line 1, in <module>
ModuleNotFoundError: No module named 'torch'
Traceback (most recent call last):
  File "<string>", line 1, in <module>
ModuleNotFoundError: No module named 'torch'
Traceback (most recent call last):
  File "<string>", line 1, in <module>
ModuleNotFoundError: No module named 'torch'
Traceback (most recent call last):
Traceback (most recent call last):
  File "<string>", line 1, in <module>
Traceback (most recent call last):
  File "<string>", line 1, in <module>
ModuleNotFoundError: No module named 'torch'
Traceback (most recent call last):
  File "<string>", line 1, in <module>
Traceback (most recent call last):
  File "<string>", line 1, in <module>
ModuleNotFoundError: No module named 'torch'
  File "<string>", line 1, in <module>
ModuleNotFoundError: No module named 'torch'
ModuleNotFoundError: No module named 'torch'
Traceback (most recent call last):
  File "<string>", line 1, in <module>
ModuleNotFoundError: No module named 'torch'
Traceback (most recent call last):
  File "<string>", line 1, in <module>
ModuleNotFoundError: No module named 'torch'
Traceback (most recent call last):
  File "<string>", line 1, in <module>
ModuleNotFoundError: No module named 'torch'
Traceback (most recent call last):
ModuleNotFoundError: No module named 'torch'
Traceback (most recent call last):
  File "<string>", line 1, in <module>
ModuleNotFoundError: No module named 'torch'
Traceback (most recent call last):
  File "<string>", line 1, in <module>
ModuleNotFoundError: No module named 'torch'
Traceback (most recent call last):
  File "<string>", line 1, in <module>
Traceback (most recent call last):
  File "<string>", line 1, in <module>
ModuleNotFoundError: No module named 'torch'
  File "<string>", line 1, in <module>
ModuleNotFoundError: No module named 'torch'
Traceback (most recent call last):
  File "<string>", line 1, in <module>
ModuleNotFoundError: No module named 'torch'
Traceback (most recent call last):
  File "<string>", line 1, in <module>
ModuleNotFoundError: No module named 'torch'
Traceback (most recent call last):
  File "<string>", line 1, in <module>
ModuleNotFoundError: No module named 'torch'
ModuleNotFoundError: No module named 'torch'
Traceback (most recent call last):
  File "<string>", line 1, in <module>
ModuleNotFoundError: No module named 'torch'
Traceback (most recent call last):
  File "<string>", line 1, in <module>
Traceback (most recent call last):
  File "<string>", line 1, in <module>
ModuleNotFoundError: No module named 'torch'
Traceback (most recent call last):
  File "<string>", line 1, in <module>
ModuleNotFoundError: No module named 'torch'
Traceback (most recent call last):
  File "<string>", line 1, in <module>
ModuleNotFoundError: No module named 'torch'
Traceback (most recent call last):
  File "<string>", line 1, in <module>
ModuleNotFoundError: No module named 'torch'
ModuleNotFoundError: No module named 'torch'
Traceback (most recent call last):
  File "<string>", line 1, in <module>
ModuleNotFoundError: No module named 'torch'
Traceback (most recent call last):
Traceback (most recent call last):
Traceback (most recent call last):
  File "<string>", line 1, in <module>
ModuleNotFoundError: No module named 'torch'
Traceback (most recent call last):
  File "<string>", line 1, in <module>
ModuleNotFoundError: No module named 'torch'
Traceback (most recent call last):
  File "<string>", line 1, in <module>
ModuleNotFoundError: No module named 'torch'
  File "<string>", line 1, in <module>
ModuleNotFoundError: No module named 'torch'
  File "<string>", line 1, in <module>
ModuleNotFoundError: No module named 'torch'
Traceback (most recent call last):
  File "<string>", line 1, in <module>
ModuleNotFoundError: No module named 'torch'
Traceback (most recent call last):
  File "<string>", line 1, in <module>
ModuleNotFoundError: No module named 'torch'
Traceback (most recent call last):
  File "<string>", line 1, in <module>
ModuleNotFoundError: No module named 'torch'
Traceback (most recent call last):
  File "<string>", line 1, in <module>
ModuleNotFoundError: No module named 'torch'
Traceback (most recent call last):
  File "<string>", line 1, in <module>
ModuleNotFoundError: No module named 'torch'
Traceback (most recent call last):
  File "<string>", line 1, in <module>
ModuleNotFoundError: No module named 'torch'
Traceback (most recent call last):
  File "<string>", line 1, in <module>
ModuleNotFoundError: No module named 'torch'
Traceback (most recent call last):
  File "<string>", line 1, in <module>
ModuleNotFoundError: No module named 'torch'
Traceback (most recent call last):
  File "<string>", line 1, in <module>
ModuleNotFoundError: No module named 'torch'
Traceback (most recent call last):
  File "<string>", line 1, in <module>
ModuleNotFoundError: No module named 'torch'
Traceback (most recent call last):
  File "<string>", line 1, in <module>
ModuleNotFoundError: No module named 'torch'
Traceback (most recent call last):
  File "<string>", line 1, in <module>
ModuleNotFoundError: No module named 'torch'
Traceback (most recent call last):
  File "<string>", line 1, in <module>
ModuleNotFoundError: No module named 'torch'
Traceback (most recent call last):
  File "<string>", line 1, in <module>
ModuleNotFoundError: No module named 'torch'
Traceback (most recent call last):
  File "<string>", line 1, in <module>
Traceback (most recent call last):
  File "<string>", line 1, in <module>
ModuleNotFoundError: No module named 'torch'
ModuleNotFoundError: No module named 'torch'
Traceback (most recent call last):
  File "<string>", line 1, in <module>
ModuleNotFoundError: No module named 'torch'
Traceback (most recent call last):
  File "<string>", line 1, in <module>
ModuleNotFoundError: No module named 'torch'
Traceback (most recent call last):
  File "<string>", line 1, in <module>
ModuleNotFoundError: No module named 'torch'
Traceback (most recent call last):
  File "<string>", line 1, in <module>
ModuleNotFoundError: No module named 'torch'
Traceback (most recent call last):
  File "<string>", line 1, in <module>
ModuleNotFoundError: No module named 'torch'
Traceback (most recent call last):
  File "<string>", line 1, in <module>
ModuleNotFoundError: No module named 'torch'
Traceback (most recent call last):
  File "<string>", line 1, in <module>
ModuleNotFoundError: No module named 'torch'
Traceback (most recent call last):
  File "<string>", line 1, in <module>
ModuleNotFoundError: No module named 'torch'
Traceback (most recent call last):
  File "<string>", line 1, in <module>
ModuleNotFoundError: No module named 'torch'
Traceback (most recent call last):
  File "<string>", line 1, in <module>
Traceback (most recent call last):
  File "<string>", line 1, in <module>
ModuleNotFoundError: No module named 'torch'
Traceback (most recent call last):
  File "<string>", line 1, in <module>
ModuleNotFoundError: No module named 'torch'
ModuleNotFoundError: No module named 'torch'
Traceback (most recent call last):
Traceback (most recent call last):
  File "<string>", line 1, in <module>
ModuleNotFoundError: No module named 'torch'
Traceback (most recent call last):
  File "<string>", line 1, in <module>
ModuleNotFoundError: No module named 'torch'
  File "<string>", line 1, in <module>
ModuleNotFoundError: No module named 'torch'
Traceback (most recent call last):
  File "<string>", line 1, in <module>
ModuleNotFoundError: No module named 'torch'
Traceback (most recent call last):
  File "<string>", line 1, in <module>
ModuleNotFoundError: No module named 'torch'
Traceback (most recent call last):
  File "<string>", line 1, in <module>
ModuleNotFoundError: No module named 'torch'
Traceback (most recent call last):
  File "<string>", line 1, in <module>
ModuleNotFoundError: No module named 'torch'
Traceback (most recent call last):
  File "<string>", line 1, in <module>
ModuleNotFoundError: No module named 'torch'
Traceback (most recent call last):
  File "<string>", line 1, in <module>
ModuleNotFoundError: No module named 'torch'
Traceback (most recent call last):
  File "<string>", line 1, in <module>
Traceback (most recent call last):
  File "<string>", line 1, in <module>
ModuleNotFoundError: No module named 'torch'
ModuleNotFoundError: No module named 'torch'
Traceback (most recent call last):
  File "<string>", line 1, in <module>
ModuleNotFoundError: No module named 'torch'
Traceback (most recent call last):
  File "<string>", line 1, in <module>
ModuleNotFoundError: No module named 'torch'
Traceback (most recent call last):
  File "<string>", line 1, in <module>
ModuleNotFoundError: No module named 'torch'
Traceback (most recent call last):
  File "<string>", line 1, in <module>
ModuleNotFoundError: No module named 'torch'
Traceback (most recent call last):
  File "<string>", line 1, in <module>
ModuleNotFoundError: No module named 'torch'
Traceback (most recent call last):
  File "<string>", line 1, in <module>
ModuleNotFoundError: No module named 'torch'
Traceback (most recent call last):
  File "<string>", line 1, in <module>
ModuleNotFoundError: No module named 'torch'
Traceback (most recent call last):
  File "<string>", line 1, in <module>
ModuleNotFoundError: No module named 'torch'
Traceback (most recent call last):
  File "<string>", line 1, in <module>
ModuleNotFoundError: No module named 'torch'
Traceback (most recent call last):
  File "<string>", line 1, in <module>
ModuleNotFoundError: No module named 'torch'
Traceback (most recent call last):
  File "<string>", line 1, in <module>
ModuleNotFoundError: No module named 'torch'
Traceback (most recent call last):
  File "<string>", line 1, in <module>
ModuleNotFoundError: No module named 'torch'
Traceback (most recent call last):
  File "<string>", line 1, in <module>
ModuleNotFoundError: No module named 'torch'
Traceback (most recent call last):
  File "<string>", line 1, in <module>
ModuleNotFoundError: No module named 'torch'
Traceback (most recent call last):
  File "<string>", line 1, in <module>
ModuleNotFoundError: No module named 'torch'
Traceback (most recent call last):
  File "<string>", line 1, in <module>
ModuleNotFoundError: No module named 'torch'
Traceback (most recent call last):
  File "<string>", line 1, in <module>
Traceback (most recent call last):
ModuleNotFoundError: No module named 'torch'
  File "<string>", line 1, in <module>
ModuleNotFoundError: No module named 'torch'
Traceback (most recent call last):
  File "<string>", line 1, in <module>
ModuleNotFoundError: No module named 'torch'
Traceback (most recent call last):
  File "<string>", line 1, in <module>
ModuleNotFoundError: No module named 'torch'
Traceback (most recent call last):
  File "<string>", line 1, in <module>
Traceback (most recent call last):
  File "<string>", line 1, in <module>
ModuleNotFoundError: No module named 'torch'
ModuleNotFoundError: No module named 'torch'
Traceback (most recent call last):
  File "<string>", line 1, in <module>
ModuleNotFoundError: No module named 'torch'
Traceback (most recent call last):
  File "<string>", line 1, in <module>
ModuleNotFoundError: No module named 'torch'
Traceback (most recent call last):
  File "<string>", line 1, in <module>
ModuleNotFoundError: No module named 'torch'
Traceback (most recent call last):
  File "<string>", line 1, in <module>
ModuleNotFoundError: No module named 'torch'
Traceback (most recent call last):
  File "<string>", line 1, in <module>
ModuleNotFoundError: No module named 'torch'
Traceback (most recent call last):
  File "<string>", line 1, in <module>
ModuleNotFoundError: No module named 'torch'
Traceback (most recent call last):
  File "<string>", line 1, in <module>
ModuleNotFoundError: No module named 'torch'
Traceback (most recent call last):
  File "<string>", line 1, in <module>
ModuleNotFoundError: No module named 'torch'
Traceback (most recent call last):
  File "<string>", line 1, in <module>
ModuleNotFoundError: No module named 'torch'
Traceback (most recent call last):
  File "<string>", line 1, in <module>
ModuleNotFoundError: No module named 'torch'
Traceback (most recent call last):
  File "<string>", line 1, in <module>
ModuleNotFoundError: No module named 'torch'
Traceback (most recent call last):
  File "<string>", line 1, in <module>
ModuleNotFoundError: No module named 'torch'
Traceback (most recent call last):
  File "<string>", line 1, in <module>
ModuleNotFoundError: No module named 'torch'
Traceback (most recent call last):
  File "<string>", line 1, in <module>
ModuleNotFoundError: No module named 'torch'
Traceback (most recent call last):
  File "<string>", line 1, in <module>
ModuleNotFoundError: No module named 'torch'
Traceback (most recent call last):
  File "<string>", line 1, in <module>
ModuleNotFoundError: No module named 'torch'
Traceback (most recent call last):
  File "<string>", line 1, in <module>
ModuleNotFoundError: No module named 'torch'
Traceback (most recent call last):
  File "<string>", line 1, in <module>
ModuleNotFoundError: No module named 'torch'
Traceback (most recent call last):
  File "<string>", line 1, in <module>
ModuleNotFoundError: No module named 'torch'
Traceback (most recent call last):
  File "<string>", line 1, in <module>
ModuleNotFoundError: No module named 'torch'
Traceback (most recent call last):
  File "<string>", line 1, in <module>
ModuleNotFoundError: No module named 'torch'
Traceback (most recent call last):
  File "<string>", line 1, in <module>
ModuleNotFoundError: No module named 'torch'
Traceback (most recent call last):
  File "<string>", line 1, in <module>
ModuleNotFoundError: No module named 'torch'
Traceback (most recent call last):
  File "<string>", line 1, in <module>
ModuleNotFoundError: No module named 'torch'
Traceback (most recent call last):
  File "<string>", line 1, in <module>
ModuleNotFoundError: No module named 'torch'
Traceback (most recent call last):
  File "<string>", line 1, in <module>
ModuleNotFoundError: No module named 'torch'
Traceback (most recent call last):
  File "<string>", line 1, in <module>
ModuleNotFoundError: No module named 'torch'
Traceback (most recent call last):
  File "<string>", line 1, in <module>
ModuleNotFoundError: No module named 'torch'
Traceback (most recent call last):
  File "<string>", line 1, in <module>
ModuleNotFoundError: No module named 'torch'
Traceback (most recent call last):
  File "<string>", line 1, in <module>
ModuleNotFoundError: No module named 'torch'
Traceback (most recent call last):
  File "<string>", line 1, in <module>
ModuleNotFoundError: No module named 'torch'
Traceback (most recent call last):
  File "<string>", line 1, in <module>
Traceback (most recent call last):
  File "<string>", line 1, in <module>
ModuleNotFoundError: No module named 'torch'
Traceback (most recent call last):
  File "<string>", line 1, in <module>
ModuleNotFoundError: No module named 'torch'
Traceback (most recent call last):
  File "<string>", line 1, in <module>
ModuleNotFoundError: No module named 'torch'
ModuleNotFoundError: No module named 'torch'
Traceback (most recent call last):
  File "<string>", line 1, in <module>
ModuleNotFoundError: No module named 'torch'
Traceback (most recent call last):
  File "<string>", line 1, in <module>
ModuleNotFoundError: No module named 'torch'
Traceback (most recent call last):
  File "<string>", line 1, in <module>
ModuleNotFoundError: No module named 'torch'
Traceback (most recent call last):
  File "<string>", line 1, in <module>
ModuleNotFoundError: No module named 'torch'
Traceback (most recent call last):
  File "<string>", line 1, in <module>
ModuleNotFoundError: No module named 'torch'
Traceback (most recent call last):
  File "<string>", line 1, in <module>
ModuleNotFoundError: No module named 'torch'
Traceback (most recent call last):
  File "<string>", line 1, in <module>
ModuleNotFoundError: No module named 'torch'
Traceback (most recent call last):
  File "<string>", line 1, in <module>
ModuleNotFoundError: No module named 'torch'
Traceback (most recent call last):
  File "<string>", line 1, in <module>
ModuleNotFoundError: No module named 'torch'
Traceback (most recent call last):
  File "<string>", line 1, in <module>
ModuleNotFoundError: No module named 'torch'
Traceback (most recent call last):
  File "<string>", line 1, in <module>
ModuleNotFoundError: No module named 'torch'
Traceback (most recent call last):
  File "<string>", line 1, in <module>
ModuleNotFoundError: No module named 'torch'
Traceback (most recent call last):
  File "<string>", line 1, in <module>
ModuleNotFoundError: No module named 'torch'
Traceback (most recent call last):
  File "<string>", line 1, in <module>
ModuleNotFoundError: No module named 'torch'
Traceback (most recent call last):
  File "<string>", line 1, in <module>
ModuleNotFoundError: No module named 'torch'
Traceback (most recent call last):
  File "<string>", line 1, in <module>
ModuleNotFoundError: No module named 'torch'
Traceback (most recent call last):
  File "<string>", line 1, in <module>
Traceback (most recent call last):
  File "<string>", line 1, in <module>
ModuleNotFoundError: No module named 'torch'
Traceback (most recent call last):
  File "<string>", line 1, in <module>
ModuleNotFoundError: No module named 'torch'
ModuleNotFoundError: No module named 'torch'
Traceback (most recent call last):
  File "<string>", line 1, in <module>
ModuleNotFoundError: No module named 'torch'
Traceback (most recent call last):
  File "<string>", line 1, in <module>
ModuleNotFoundError: No module named 'torch'
Traceback (most recent call last):
  File "<string>", line 1, in <module>
ModuleNotFoundError: No module named 'torch'
Traceback (most recent call last):
  File "<string>", line 1, in <module>
Traceback (most recent call last):
  File "<string>", line 1, in <module>
ModuleNotFoundError: No module named 'torch'
Traceback (most recent call last):
  File "<string>", line 1, in <module>
ModuleNotFoundError: No module named 'torch'
Traceback (most recent call last):
  File "<string>", line 1, in <module>
ModuleNotFoundError: No module named 'torch'
Traceback (most recent call last):
  File "<string>", line 1, in <module>
ModuleNotFoundError: No module named 'torch'
ModuleNotFoundError: No module named 'torch'
Traceback (most recent call last):
  File "<string>", line 1, in <module>
ModuleNotFoundError: No module named 'torch'
Traceback (most recent call last):
  File "<string>", line 1, in <module>
ModuleNotFoundError: No module named 'torch'
Traceback (most recent call last):
  File "<string>", line 1, in <module>
ModuleNotFoundError: No module named 'torch'
Traceback (most recent call last):
  File "<string>", line 1, in <module>
ModuleNotFoundError: No module named 'torch'
Traceback (most recent call last):
  File "<string>", line 1, in <module>
ModuleNotFoundError: No module named 'torch'
Traceback (most recent call last):
  File "<string>", line 1, in <module>
ModuleNotFoundError: No module named 'torch'
Traceback (most recent call last):
Traceback (most recent call last):
Traceback (most recent call last):
  File "<string>", line 1, in <module>
ModuleNotFoundError: No module named 'torch'
Traceback (most recent call last):
  File "<string>", line 1, in <module>
ModuleNotFoundError: No module named 'torch'
Traceback (most recent call last):
  File "<string>", line 1, in <module>
ModuleNotFoundError: No module named 'torch'
  File "<string>", line 1, in <module>
ModuleNotFoundError: No module named 'torch'
  File "<string>", line 1, in <module>
Traceback (most recent call last):
  File "<string>", line 1, in <module>
ModuleNotFoundError: No module named 'torch'
Traceback (most recent call last):
  File "<string>", line 1, in <module>
ModuleNotFoundError: No module named 'torch'
Traceback (most recent call last):
  File "<string>", line 1, in <module>
ModuleNotFoundError: No module named 'torch'
Traceback (most recent call last):
  File "<string>", line 1, in <module>
ModuleNotFoundError: No module named 'torch'
ModuleNotFoundError: No module named 'torch'
Traceback (most recent call last):
  File "<string>", line 1, in <module>
ModuleNotFoundError: No module named 'torch'
Traceback (most recent call last):
  File "<string>", line 1, in <module>
ModuleNotFoundError: No module named 'torch'
Traceback (most recent call last):
  File "<string>", line 1, in <module>
ModuleNotFoundError: No module named 'torch'
Traceback (most recent call last):
  File "<string>", line 1, in <module>
ModuleNotFoundError: No module named 'torch'
Traceback (most recent call last):
  File "<string>", line 1, in <module>
ModuleNotFoundError: No module named 'torch'
Traceback (most recent call last):
  File "<string>", line 1, in <module>
ModuleNotFoundError: No module named 'torch'
Traceback (most recent call last):
  File "<string>", line 1, in <module>
ModuleNotFoundError: No module named 'torch'
Traceback (most recent call last):
Traceback (most recent call last):
  File "<string>", line 1, in <module>
ModuleNotFoundError: No module named 'torch'
  File "<string>", line 1, in <module>
Traceback (most recent call last):
  File "<string>", line 1, in <module>
ModuleNotFoundError: No module named 'torch'
Traceback (most recent call last):
  File "<string>", line 1, in <module>
ModuleNotFoundError: No module named 'torch'
ModuleNotFoundError: No module named 'torch'
Traceback (most recent call last):
  File "<string>", line 1, in <module>
ModuleNotFoundError: No module named 'torch'
Traceback (most recent call last):
  File "<string>", line 1, in <module>
ModuleNotFoundError: No module named 'torch'
Traceback (most recent call last):
  File "<string>", line 1, in <module>
ModuleNotFoundError: No module named 'torch'
Traceback (most recent call last):
  File "<string>", line 1, in <module>
Traceback (most recent call last):
  File "<string>", line 1, in <module>
ModuleNotFoundError: No module named 'torch'
Traceback (most recent call last):
  File "<string>", line 1, in <module>
ModuleNotFoundError: No module named 'torch'
ModuleNotFoundError: No module named 'torch'
Traceback (most recent call last):
  File "<string>", line 1, in <module>
ModuleNotFoundError: No module named 'torch'
Traceback (most recent call last):
  File "<string>", line 1, in <module>
ModuleNotFoundError: No module named 'torch'
Traceback (most recent call last):
  File "<string>", line 1, in <module>
ModuleNotFoundError: No module named 'torch'
Traceback (most recent call last):
  File "<string>", line 1, in <module>
ModuleNotFoundError: No module named 'torch'
Traceback (most recent call last):
  File "<string>", line 1, in <module>
ModuleNotFoundError: No module named 'torch'
Traceback (most recent call last):
  File "<string>", line 1, in <module>
ModuleNotFoundError: No module named 'torch'
Traceback (most recent call last):
  File "<string>", line 1, in <module>
ModuleNotFoundError: No module named 'torch'
Traceback (most recent call last):
  File "<string>", line 1, in <module>
ModuleNotFoundError: No module named 'torch'
Traceback (most recent call last):
  File "<string>", line 1, in <module>
Traceback (most recent call last):
  File "<string>", line 1, in <module>
ModuleNotFoundError: No module named 'torch'
ModuleNotFoundError: No module named 'torch'
Traceback (most recent call last):
  File "<string>", line 1, in <module>
ModuleNotFoundError: No module named 'torch'
Traceback (most recent call last):
  File "<string>", line 1, in <module>
ModuleNotFoundError: No module named 'torch'
Traceback (most recent call last):
  File "<string>", line 1, in <module>
ModuleNotFoundError: No module named 'torch'
Traceback (most recent call last):
  File "<string>", line 1, in <module>
ModuleNotFoundError: No module named 'torch'
Traceback (most recent call last):
  File "<string>", line 1, in <module>
ModuleNotFoundError: No module named 'torch'
Traceback (most recent call last):
  File "<string>", line 1, in <module>
ModuleNotFoundError: No module named 'torch'
Traceback (most recent call last):
  File "<string>", line 1, in <module>
ModuleNotFoundError: No module named 'torch'
Traceback (most recent call last):
  File "<string>", line 1, in <module>
ModuleNotFoundError: No module named 'torch'
Traceback (most recent call last):
  File "<string>", line 1, in <module>
Traceback (most recent call last):
  File "<string>", line 1, in <module>
ModuleNotFoundError: No module named 'torch'
ModuleNotFoundError: No module named 'torch'
Traceback (most recent call last):
  File "<string>", line 1, in <module>
ModuleNotFoundError: No module named 'torch'
Traceback (most recent call last):
  File "<string>", line 1, in <module>
ModuleNotFoundError: No module named 'torch'
Traceback (most recent call last):
  File "<string>", line 1, in <module>
ModuleNotFoundError: No module named 'torch'
Traceback (most recent call last):
  File "<string>", line 1, in <module>
ModuleNotFoundError: No module named 'torch'
Traceback (most recent call last):
  File "<string>", line 1, in <module>
ModuleNotFoundError: No module named 'torch'
Traceback (most recent call last):
  File "<string>", line 1, in <module>
ModuleNotFoundError: No module named 'torch'
Traceback (most recent call last):
  File "<string>", line 1, in <module>
ModuleNotFoundError: No module named 'torch'
Traceback (most recent call last):
  File "<string>", line 1, in <module>
ModuleNotFoundError: No module named 'torch'
Traceback (most recent call last):
  File "<string>", line 1, in <module>
ModuleNotFoundError: No module named 'torch'
Traceback (most recent call last):
  File "<string>", line 1, in <module>
ModuleNotFoundError: No module named 'torch'
Traceback (most recent call last):
  File "<string>", line 1, in <module>
ModuleNotFoundError: No module named 'torch'
Traceback (most recent call last):
  File "<string>", line 1, in <module>
ModuleNotFoundError: No module named 'torch'
Traceback (most recent call last):
  File "<string>", line 1, in <module>
ModuleNotFoundError: No module named 'torch'
Traceback (most recent call last):
  File "<string>", line 1, in <module>
ModuleNotFoundError: No module named 'torch'
Traceback (most recent call last):
  File "<string>", line 1, in <module>
ModuleNotFoundError: No module named 'torch'
Traceback (most recent call last):
  File "<string>", line 1, in <module>
ModuleNotFoundError: No module named 'torch'
Traceback (most recent call last):
  File "<string>", line 1, in <module>
ModuleNotFoundError: No module named 'torch'
Traceback (most recent call last):
  File "<string>", line 1, in <module>
ModuleNotFoundError: No module named 'torch'
Traceback (most recent call last):
  File "<string>", line 1, in <module>
ModuleNotFoundError: No module named 'torch'
Traceback (most recent call last):
  File "<string>", line 1, in <module>
ModuleNotFoundError: No module named 'torch'
Traceback (most recent call last):
  File "<string>", line 1, in <module>
ModuleNotFoundError: No module named 'torch'
Traceback (most recent call last):
  File "<string>", line 1, in <module>
Traceback (most recent call last):
  File "<string>", line 1, in <module>
ModuleNotFoundError: No module named 'torch'
ModuleNotFoundError: No module named 'torch'
Traceback (most recent call last):
  File "<string>", line 1, in <module>
ModuleNotFoundError: No module named 'torch'
Traceback (most recent call last):
  File "<string>", line 1, in <module>
ModuleNotFoundError: No module named 'torch'
Traceback (most recent call last):
  File "<string>", line 1, in <module>
ModuleNotFoundError: No module named 'torch'
Traceback (most recent call last):
  File "<string>", line 1, in <module>
ModuleNotFoundError: No module named 'torch'
Traceback (most recent call last):
  File "<string>", line 1, in <module>
ModuleNotFoundError: No module named 'torch'
Traceback (most recent call last):
  File "<string>", line 1, in <module>
ModuleNotFoundError: No module named 'torch'
Traceback (most recent call last):
  File "<string>", line 1, in <module>
ModuleNotFoundError: No module named 'torch'
Traceback (most recent call last):
  File "<string>", line 1, in <module>
ModuleNotFoundError: No module named 'torch'
Traceback (most recent call last):
  File "<string>", line 1, in <module>
ModuleNotFoundError: No module named 'torch'
Traceback (most recent call last):
  File "<string>", line 1, in <module>
ModuleNotFoundError: No module named 'torch'
Traceback (most recent call last):
  File "<string>", line 1, in <module>
ModuleNotFoundError: No module named 'torch'
Traceback (most recent call last):
  File "<string>", line 1, in <module>
ModuleNotFoundError: No module named 'torch'
Traceback (most recent call last):
  File "<string>", line 1, in <module>
ModuleNotFoundError: No module named 'torch'
Traceback (most recent call last):
  File "<string>", line 1, in <module>
ModuleNotFoundError: No module named 'torch'
Traceback (most recent call last):
  File "<string>", line 1, in <module>
ModuleNotFoundError: No module named 'torch'
Traceback (most recent call last):
  File "<string>", line 1, in <module>
ModuleNotFoundError: No module named 'torch'
Traceback (most recent call last):
  File "<string>", line 1, in <module>
ModuleNotFoundError: No module named 'torch'
Traceback (most recent call last):
  File "<string>", line 1, in <module>
ModuleNotFoundError: No module named 'torch'
Traceback (most recent call last):
  File "<string>", line 1, in <module>
ModuleNotFoundError: No module named 'torch'
Traceback (most recent call last):
  File "<string>", line 1, in <module>
ModuleNotFoundError: No module named 'torch'
Traceback (most recent call last):
  File "<string>", line 1, in <module>
ModuleNotFoundError: No module named 'torch'
Traceback (most recent call last):
Traceback (most recent call last):
  File "<string>", line 1, in <module>
ModuleNotFoundError: No module named 'torch'
  File "<string>", line 1, in <module>
ModuleNotFoundError: No module named 'torch'
Traceback (most recent call last):
  File "<string>", line 1, in <module>
ModuleNotFoundError: No module named 'torch'
Traceback (most recent call last):
  File "<string>", line 1, in <module>
ModuleNotFoundError: No module named 'torch'
Traceback (most recent call last):
  File "<string>", line 1, in <module>
ModuleNotFoundError: No module named 'torch'
Traceback (most recent call last):
  File "<string>", line 1, in <module>
ModuleNotFoundError: No module named 'torch'
Traceback (most recent call last):
  File "<string>", line 1, in <module>
ModuleNotFoundError: No module named 'torch'
Traceback (most recent call last):
  File "<string>", line 1, in <module>
ModuleNotFoundError: No module named 'torch'
Traceback (most recent call last):
  File "<string>", line 1, in <module>
ModuleNotFoundError: No module named 'torch'
Traceback (most recent call last):
  File "<string>", line 1, in <module>
ModuleNotFoundError: No module named 'torch'
Traceback (most recent call last):
  File "<string>", line 1, in <module>
ModuleNotFoundError: No module named 'torch'
Traceback (most recent call last):
  File "<string>", line 1, in <module>
ModuleNotFoundError: No module named 'torch'
Traceback (most recent call last):
  File "<string>", line 1, in <module>
ModuleNotFoundError: No module named 'torch'
Traceback (most recent call last):
  File "<string>", line 1, in <module>
ModuleNotFoundError: No module named 'torch'
Traceback (most recent call last):
  File "<string>", line 1, in <module>
ModuleNotFoundError: No module named 'torch'
Traceback (most recent call last):
  File "<string>", line 1, in <module>
ModuleNotFoundError: No module named 'torch'
Traceback (most recent call last):
  File "<string>", line 1, in <module>
ModuleNotFoundError: No module named 'torch'
Traceback (most recent call last):
  File "<string>", line 1, in <module>
ModuleNotFoundError: No module named 'torch'
Traceback (most recent call last):
  File "<string>", line 1, in <module>
ModuleNotFoundError: No module named 'torch'
Traceback (most recent call last):
  File "<string>", line 1, in <module>
ModuleNotFoundError: No module named 'torch'
Traceback (most recent call last):
  File "<string>", line 1, in <module>
ModuleNotFoundError: No module named 'torch'
Traceback (most recent call last):
  File "<string>", line 1, in <module>
ModuleNotFoundError: No module named 'torch'
Traceback (most recent call last):
Traceback (most recent call last):
  File "<string>", line 1, in <module>
ModuleNotFoundError: No module named 'torch'
  File "<string>", line 1, in <module>
ModuleNotFoundError: No module named 'torch'
Traceback (most recent call last):
  File "<string>", line 1, in <module>
ModuleNotFoundError: No module named 'torch'
Traceback (most recent call last):
  File "<string>", line 1, in <module>
ModuleNotFoundError: No module named 'torch'
Traceback (most recent call last):
  File "<string>", line 1, in <module>
ModuleNotFoundError: No module named 'torch'
Traceback (most recent call last):
  File "<string>", line 1, in <module>
ModuleNotFoundError: No module named 'torch'
Traceback (most recent call last):
  File "<string>", line 1, in <module>
ModuleNotFoundError: No module named 'torch'
Traceback (most recent call last):
  File "<string>", line 1, in <module>
ModuleNotFoundError: No module named 'torch'
Traceback (most recent call last):
  File "<string>", line 1, in <module>
ModuleNotFoundError: No module named 'torch'
Traceback (most recent call last):
  File "<string>", line 1, in <module>
ModuleNotFoundError: No module named 'torch'
Traceback (most recent call last):
  File "<string>", line 1, in <module>
ModuleNotFoundError: No module named 'torch'
Traceback (most recent call last):
  File "<string>", line 1, in <module>
ModuleNotFoundError: No module named 'torch'
Traceback (most recent call last):
  File "<string>", line 1, in <module>
ModuleNotFoundError: No module named 'torch'
Traceback (most recent call last):
  File "<string>", line 1, in <module>
ModuleNotFoundError: No module named 'torch'
Traceback (most recent call last):
  File "<string>", line 1, in <module>
ModuleNotFoundError: No module named 'torch'
Traceback (most recent call last):
  File "<string>", line 1, in <module>
ModuleNotFoundError: No module named 'torch'
Traceback (most recent call last):
  File "<string>", line 1, in <module>
ModuleNotFoundError: No module named 'torch'
Traceback (most recent call last):
  File "<string>", line 1, in <module>
ModuleNotFoundError: No module named 'torch'
Traceback (most recent call last):
  File "<string>", line 1, in <module>
ModuleNotFoundError: No module named 'torch'
Traceback (most recent call last):
  File "<string>", line 1, in <module>
ModuleNotFoundError: No module named 'torch'
Traceback (most recent call last):
  File "<string>", line 1, in <module>
ModuleNotFoundError: No module named 'torch'
Traceback (most recent call last):
  File "<string>", line 1, in <module>
ModuleNotFoundError: No module named 'torch'
Traceback (most recent call last):
  File "<string>", line 1, in <module>
ModuleNotFoundError: No module named 'torch'
Traceback (most recent call last):
  File "<string>", line 1, in <module>
ModuleNotFoundError: No module named 'torch'
Traceback (most recent call last):
  File "<string>", line 1, in <module>
ModuleNotFoundError: No module named 'torch'
Traceback (most recent call last):
  File "<string>", line 1, in <module>
ModuleNotFoundError: No module named 'torch'
Traceback (most recent call last):
  File "<string>", line 1, in <module>
ModuleNotFoundError: No module named 'torch'
Traceback (most recent call last):
  File "<string>", line 1, in <module>
ModuleNotFoundError: No module named 'torch'
Traceback (most recent call last):
  File "<string>", line 1, in <module>
ModuleNotFoundError: No module named 'torch'
Traceback (most recent call last):
  File "<string>", line 1, in <module>
ModuleNotFoundError: No module named 'torch'
Traceback (most recent call last):
  File "<string>", line 1, in <module>
ModuleNotFoundError: No module named 'torch'
Traceback (most recent call last):
  File "<string>", line 1, in <module>
ModuleNotFoundError: No module named 'torch'
Traceback (most recent call last):
  File "<string>", line 1, in <module>
ModuleNotFoundError: No module named 'torch'
Traceback (most recent call last):
  File "<string>", line 1, in <module>
ModuleNotFoundError: No module named 'torch'
Traceback (most recent call last):
  File "<string>", line 1, in <module>
ModuleNotFoundError: No module named 'torch'
Traceback (most recent call last):
  File "<string>", line 1, in <module>
ModuleNotFoundError: No module named 'torch'
Traceback (most recent call last):
  File "<string>", line 1, in <module>
ModuleNotFoundError: No module named 'torch'
Traceback (most recent call last):
  File "<string>", line 1, in <module>
ModuleNotFoundError: No module named 'torch'
Traceback (most recent call last):
  File "<string>", line 1, in <module>
ModuleNotFoundError: No module named 'torch'
Traceback (most recent call last):
  File "<string>", line 1, in <module>
ModuleNotFoundError: No module named 'torch'
Traceback (most recent call last):
  File "<string>", line 1, in <module>
ModuleNotFoundError: No module named 'torch'
Traceback (most recent call last):
  File "<string>", line 1, in <module>
ModuleNotFoundError: No module named 'torch'
Traceback (most recent call last):
  File "<string>", line 1, in <module>
ModuleNotFoundError: No module named 'torch'
Traceback (most recent call last):
  File "<string>", line 1, in <module>
ModuleNotFoundError: No module named 'torch'
Traceback (most recent call last):
  File "<string>", line 1, in <module>
ModuleNotFoundError: No module named 'torch'
Traceback (most recent call last):
  File "<string>", line 1, in <module>
ModuleNotFoundError: No module named 'torch'
Traceback (most recent call last):
  File "<string>", line 1, in <module>
ModuleNotFoundError: No module named 'torch'
Traceback (most recent call last):
  File "<string>", line 1, in <module>
ModuleNotFoundError: No module named 'torch'
Traceback (most recent call last):
  File "<string>", line 1, in <module>
ModuleNotFoundError: No module named 'torch'
Traceback (most recent call last):
  File "<string>", line 1, in <module>
Traceback (most recent call last):
  File "<string>", line 1, in <module>
Traceback (most recent call last):
  File "<string>", line 1, in <module>
ModuleNotFoundError: No module named 'torch'
Traceback (most recent call last):
  File "<string>", line 1, in <module>
ModuleNotFoundError: No module named 'torch'
ModuleNotFoundError: No module named 'torch'
ModuleNotFoundError: No module named 'torch'
Traceback (most recent call last):
  File "<string>", line 1, in <module>
ModuleNotFoundError: No module named 'torch'
Traceback (most recent call last):
  File "<string>", line 1, in <module>
ModuleNotFoundError: No module named 'torch'
Traceback (most recent call last):
  File "<string>", line 1, in <module>
ModuleNotFoundError: No module named 'torch'
Traceback (most recent call last):
  File "<string>", line 1, in <module>
ModuleNotFoundError: No module named 'torch'
Traceback (most recent call last):
  File "<string>", line 1, in <module>
ModuleNotFoundError: No module named 'torch'
Traceback (most recent call last):
  File "<string>", line 1, in <module>
ModuleNotFoundError: No module named 'torch'
Traceback (most recent call last):
  File "<string>", line 1, in <module>
ModuleNotFoundError: No module named 'torch'
Traceback (most recent call last):
  File "<string>", line 1, in <module>
ModuleNotFoundError: No module named 'torch'
Traceback (most recent call last):
  File "<string>", line 1, in <module>
ModuleNotFoundError: No module named 'torch'
Traceback (most recent call last):
  File "<string>", line 1, in <module>
Traceback (most recent call last):
  File "<string>", line 1, in <module>
ModuleNotFoundError: No module named 'torch'
ModuleNotFoundError: No module named 'torch'
Traceback (most recent call last):
  File "<string>", line 1, in <module>
ModuleNotFoundError: No module named 'torch'
Traceback (most recent call last):
  File "<string>", line 1, in <module>
ModuleNotFoundError: No module named 'torch'
Traceback (most recent call last):
  File "<string>", line 1, in <module>
ModuleNotFoundError: No module named 'torch'
Traceback (most recent call last):
  File "<string>", line 1, in <module>
ModuleNotFoundError: No module named 'torch'
Traceback (most recent call last):
  File "<string>", line 1, in <module>
ModuleNotFoundError: No module named 'torch'
Traceback (most recent call last):
  File "<string>", line 1, in <module>
ModuleNotFoundError: No module named 'torch'
Traceback (most recent call last):
  File "<string>", line 1, in <module>
ModuleNotFoundError: No module named 'torch'
Traceback (most recent call last):
  File "<string>", line 1, in <module>
ModuleNotFoundError: No module named 'torch'
Traceback (most recent call last):
  File "<string>", line 1, in <module>
ModuleNotFoundError: No module named 'torch'
Traceback (most recent call last):
  File "<string>", line 1, in <module>
ModuleNotFoundError: No module named 'torch'
Traceback (most recent call last):
  File "<string>", line 1, in <module>
ModuleNotFoundError: No module named 'torch'
Traceback (most recent call last):
  File "<string>", line 1, in <module>
ModuleNotFoundError: No module named 'torch'
Traceback (most recent call last):
  File "<string>", line 1, in <module>
ModuleNotFoundError: No module named 'torch'
Traceback (most recent call last):
  File "<string>", line 1, in <module>
ModuleNotFoundError: No module named 'torch'
Traceback (most recent call last):
  File "<string>", line 1, in <module>
ModuleNotFoundError: No module named 'torch'
Traceback (most recent call last):
  File "<string>", line 1, in <module>
ModuleNotFoundError: No module named 'torch'
Traceback (most recent call last):
  File "<string>", line 1, in <module>
Traceback (most recent call last):
  File "<string>", line 1, in <module>
ModuleNotFoundError: No module named 'torch'
ModuleNotFoundError: No module named 'torch'
Traceback (most recent call last):
  File "<string>", line 1, in <module>
ModuleNotFoundError: No module named 'torch'
Traceback (most recent call last):
Traceback (most recent call last):
  File "<string>", line 1, in <module>
ModuleNotFoundError: No module named 'torch'
  File "<string>", line 1, in <module>
Traceback (most recent call last):
  File "<string>", line 1, in <module>
ModuleNotFoundError: No module named 'torch'
Traceback (most recent call last):
  File "<string>", line 1, in <module>
ModuleNotFoundError: No module named 'torch'
ModuleNotFoundError: No module named 'torch'
Traceback (most recent call last):
Traceback (most recent call last):
  File "<string>", line 1, in <module>
ModuleNotFoundError: No module named 'torch'
Traceback (most recent call last):
  File "<string>", line 1, in <module>
ModuleNotFoundError: No module named 'torch'
Traceback (most recent call last):
  File "<string>", line 1, in <module>
ModuleNotFoundError: No module named 'torch'
  File "<string>", line 1, in <module>
Traceback (most recent call last):
  File "<string>", line 1, in <module>
ModuleNotFoundError: No module named 'torch'
Traceback (most recent call last):
  File "<string>", line 1, in <module>
ModuleNotFoundError: No module named 'torch'
ModuleNotFoundError: No module named 'torch'
Traceback (most recent call last):
  File "<string>", line 1, in <module>
ModuleNotFoundError: No module named 'torch'
Traceback (most recent call last):
  File "<string>", line 1, in <module>
ModuleNotFoundError: No module named 'torch'
Traceback (most recent call last):
  File "<string>", line 1, in <module>
ModuleNotFoundError: No module named 'torch'
Traceback (most recent call last):
  File "<string>", line 1, in <module>
ModuleNotFoundError: No module named 'torch'
Traceback (most recent call last):
  File "<string>", line 1, in <module>
ModuleNotFoundError: No module named 'torch'
Traceback (most recent call last):
  File "<string>", line 1, in <module>
ModuleNotFoundError: No module named 'torch'
Traceback (most recent call last):
  File "<string>", line 1, in <module>
ModuleNotFoundError: No module named 'torch'
Traceback (most recent call last):
  File "<string>", line 1, in <module>
ModuleNotFoundError: No module named 'torch'
Traceback (most recent call last):
  File "<string>", line 1, in <module>
ModuleNotFoundError: No module named 'torch'
Traceback (most recent call last):
Traceback (most recent call last):
  File "<string>", line 1, in <module>
ModuleNotFoundError: No module named 'torch'
Traceback (most recent call last):
  File "<string>", line 1, in <module>
ModuleNotFoundError: No module named 'torch'
Traceback (most recent call last):
  File "<string>", line 1, in <module>
ModuleNotFoundError: No module named 'torch'
  File "<string>", line 1, in <module>
ModuleNotFoundError: No module named 'torch'
Traceback (most recent call last):
  File "<string>", line 1, in <module>
ModuleNotFoundError: No module named 'torch'
Traceback (most recent call last):
  File "<string>", line 1, in <module>
ModuleNotFoundError: No module named 'torch'
Traceback (most recent call last):
  File "<string>", line 1, in <module>
ModuleNotFoundError: No module named 'torch'
Traceback (most recent call last):
  File "<string>", line 1, in <module>
ModuleNotFoundError: No module named 'torch'
Traceback (most recent call last):
  File "<string>", line 1, in <module>
ModuleNotFoundError: No module named 'torch'
Traceback (most recent call last):
  File "<string>", line 1, in <module>
ModuleNotFoundError: No module named 'torch'
Traceback (most recent call last):
  File "<string>", line 1, in <module>
ModuleNotFoundError: No module named 'torch'
Traceback (most recent call last):
  File "<string>", line 1, in <module>
ModuleNotFoundError: No module named 'torch'
Traceback (most recent call last):
  File "<string>", line 1, in <module>
ModuleNotFoundError: No module named 'torch'
Traceback (most recent call last):
  File "<string>", line 1, in <module>
ModuleNotFoundError: No module named 'torch'
Traceback (most recent call last):
  File "<string>", line 1, in <module>
ModuleNotFoundError: No module named 'torch'
Traceback (most recent call last):
  File "<string>", line 1, in <module>
ModuleNotFoundError: No module named 'torch'
Traceback (most recent call last):
  File "<string>", line 1, in <module>
ModuleNotFoundError: No module named 'torch'
Traceback (most recent call last):
  File "<string>", line 1, in <module>
ModuleNotFoundError: No module named 'torch'
Traceback (most recent call last):
  File "<string>", line 1, in <module>
ModuleNotFoundError: No module named 'torch'
Traceback (most recent call last):
  File "<string>", line 1, in <module>
ModuleNotFoundError: No module named 'torch'
Traceback (most recent call last):
  File "<string>", line 1, in <module>
ModuleNotFoundError: No module named 'torch'
Traceback (most recent call last):
  File "<string>", line 1, in <module>
ModuleNotFoundError: No module named 'torch'
Traceback (most recent call last):
  File "<string>", line 1, in <module>
ModuleNotFoundError: No module named 'torch'
Traceback (most recent call last):
  File "<string>", line 1, in <module>
ModuleNotFoundError: No module named 'torch'
Traceback (most recent call last):
  File "<string>", line 1, in <module>
ModuleNotFoundError: No module named 'torch'
Traceback (most recent call last):
  File "<string>", line 1, in <module>
ModuleNotFoundError: No module named 'torch'
Traceback (most recent call last):
Traceback (most recent call last):
  File "<string>", line 1, in <module>
ModuleNotFoundError: No module named 'torch'
Traceback (most recent call last):
  File "<string>", line 1, in <module>
ModuleNotFoundError: No module named 'torch'
  File "<string>", line 1, in <module>
ModuleNotFoundError: No module named 'torch'
Traceback (most recent call last):
  File "<string>", line 1, in <module>
Traceback (most recent call last):
  File "<string>", line 1, in <module>
ModuleNotFoundError: No module named 'torch'
Traceback (most recent call last):
  File "<string>", line 1, in <module>
ModuleNotFoundError: No module named 'torch'
Traceback (most recent call last):
  File "<string>", line 1, in <module>
ModuleNotFoundError: No module named 'torch'
Traceback (most recent call last):
  File "<string>", line 1, in <module>
ModuleNotFoundError: No module named 'torch'
ModuleNotFoundError: No module named 'torch'
Traceback (most recent call last):
  File "<string>", line 1, in <module>
ModuleNotFoundError: No module named 'torch'
Traceback (most recent call last):
  File "<string>", line 1, in <module>
ModuleNotFoundError: No module named 'torch'
Traceback (most recent call last):
  File "<string>", line 1, in <module>
ModuleNotFoundError: No module named 'torch'
Traceback (most recent call last):
  File "<string>", line 1, in <module>
ModuleNotFoundError: No module named 'torch'
Traceback (most recent call last):
  File "<string>", line 1, in <module>
ModuleNotFoundError: No module named 'torch'
Traceback (most recent call last):
  File "<string>", line 1, in <module>
ModuleNotFoundError: No module named 'torch'
Traceback (most recent call last):
  File "<string>", line 1, in <module>
ModuleNotFoundError: No module named 'torch'
Traceback (most recent call last):
  File "<string>", line 1, in <module>
ModuleNotFoundError: No module named 'torch'
Traceback (most recent call last):
  File "<string>", line 1, in <module>
ModuleNotFoundError: No module named 'torch'
Traceback (most recent call last):
  File "<string>", line 1, in <module>
ModuleNotFoundError: No module named 'torch'
Traceback (most recent call last):
  File "<string>", line 1, in <module>
ModuleNotFoundError: No module named 'torch'
Traceback (most recent call last):
  File "<string>", line 1, in <module>
Traceback (most recent call last):
  File "<string>", line 1, in <module>
ModuleNotFoundError: No module named 'torch'
ModuleNotFoundError: No module named 'torch'
Traceback (most recent call last):
  File "<string>", line 1, in <module>
ModuleNotFoundError: No module named 'torch'
Traceback (most recent call last):
  File "<string>", line 1, in <module>
ModuleNotFoundError: No module named 'torch'
Traceback (most recent call last):
  File "<string>", line 1, in <module>
ModuleNotFoundError: No module named 'torch'
Traceback (most recent call last):
  File "<string>", line 1, in <module>
ModuleNotFoundError: No module named 'torch'
Traceback (most recent call last):
  File "<string>", line 1, in <module>
ModuleNotFoundError: No module named 'torch'
Traceback (most recent call last):
  File "<string>", line 1, in <module>
ModuleNotFoundError: No module named 'torch'
Traceback (most recent call last):
  File "<string>", line 1, in <module>
ModuleNotFoundError: No module named 'torch'
Traceback (most recent call last):
  File "<string>", line 1, in <module>
ModuleNotFoundError: No module named 'torch'
Traceback (most recent call last):
  File "<string>", line 1, in <module>
ModuleNotFoundError: No module named 'torch'
Traceback (most recent call last):
  File "<string>", line 1, in <module>
ModuleNotFoundError: No module named 'torch'
Traceback (most recent call last):
  File "<string>", line 1, in <module>
ModuleNotFoundError: No module named 'torch'
Traceback (most recent call last):
  File "<string>", line 1, in <module>
ModuleNotFoundError: No module named 'torch'
Traceback (most recent call last):
  File "<string>", line 1, in <module>
ModuleNotFoundError: No module named 'torch'
Traceback (most recent call last):
  File "<string>", line 1, in <module>
ModuleNotFoundError: No module named 'torch'
Traceback (most recent call last):
  File "<string>", line 1, in <module>
ModuleNotFoundError: No module named 'torch'
Traceback (most recent call last):
  File "<string>", line 1, in <module>
ModuleNotFoundError: No module named 'torch'
Traceback (most recent call last):
  File "<string>", line 1, in <module>
ModuleNotFoundError: No module named 'torch'
Traceback (most recent call last):
  File "<string>", line 1, in <module>
ModuleNotFoundError: No module named 'torch'
Traceback (most recent call last):
  File "<string>", line 1, in <module>
ModuleNotFoundError: No module named 'torch'
Traceback (most recent call last):
  File "<string>", line 1, in <module>
ModuleNotFoundError: No module named 'torch'
Traceback (most recent call last):
  File "<string>", line 1, in <module>
ModuleNotFoundError: No module named 'torch'
Traceback (most recent call last):
  File "<string>", line 1, in <module>
ModuleNotFoundError: No module named 'torch'
Traceback (most recent call last):
  File "<string>", line 1, in <module>
ModuleNotFoundError: No module named 'torch'
Traceback (most recent call last):
  File "<string>", line 1, in <module>
ModuleNotFoundError: No module named 'torch'
Traceback (most recent call last):
  File "<string>", line 1, in <module>
ModuleNotFoundError: No module named 'torch'
Traceback (most recent call last):
  File "<string>", line 1, in <module>
ModuleNotFoundError: No module named 'torch'
Traceback (most recent call last):
  File "<string>", line 1, in <module>
ModuleNotFoundError: No module named 'torch'
Traceback (most recent call last):
  File "<string>", line 1, in <module>
ModuleNotFoundError: No module named 'torch'
Traceback (most recent call last):
  File "<string>", line 1, in <module>
ModuleNotFoundError: No module named 'torch'
Traceback (most recent call last):
  File "<string>", line 1, in <module>
ModuleNotFoundError: No module named 'torch'
Traceback (most recent call last):
  File "<string>", line 1, in <module>
ModuleNotFoundError: No module named 'torch'
Traceback (most recent call last):
  File "<string>", line 1, in <module>
ModuleNotFoundError: No module named 'torch'
Traceback (most recent call last):
  File "<string>", line 1, in <module>
ModuleNotFoundError: No module named 'torch'
Traceback (most recent call last):
Traceback (most recent call last):
  File "<string>", line 1, in <module>
ModuleNotFoundError: No module named 'torch'
  File "<string>", line 1, in <module>
Traceback (most recent call last):
  File "<string>", line 1, in <module>
ModuleNotFoundError: No module named 'torch'
Traceback (most recent call last):
  File "<string>", line 1, in <module>
ModuleNotFoundError: No module named 'torch'
Traceback (most recent call last):
  File "<string>", line 1, in <module>
ModuleNotFoundError: No module named 'torch'
ModuleNotFoundError: No module named 'torch'
Traceback (most recent call last):
  File "<string>", line 1, in <module>
ModuleNotFoundError: No module named 'torch'
Traceback (most recent call last):
  File "<string>", line 1, in <module>
ModuleNotFoundError: No module named 'torch'
Traceback (most recent call last):
  File "<string>", line 1, in <module>
ModuleNotFoundError: No module named 'torch'
Traceback (most recent call last):
  File "<string>", line 1, in <module>
ModuleNotFoundError: No module named 'torch'
Traceback (most recent call last):
  File "<string>", line 1, in <module>
ModuleNotFoundError: No module named 'torch'
Traceback (most recent call last):
  File "<string>", line 1, in <module>
ModuleNotFoundError: No module named 'torch'
Traceback (most recent call last):
  File "<string>", line 1, in <module>
ModuleNotFoundError: No module named 'torch'
Traceback (most recent call last):
  File "<string>", line 1, in <module>
ModuleNotFoundError: No module named 'torch'
Traceback (most recent call last):
  File "<string>", line 1, in <module>
ModuleNotFoundError: No module named 'torch'
Traceback (most recent call last):
  File "<string>", line 1, in <module>
ModuleNotFoundError: No module named 'torch'
Traceback (most recent call last):
  File "<string>", line 1, in <module>
ModuleNotFoundError: No module named 'torch'
Traceback (most recent call last):
  File "<string>", line 1, in <module>
ModuleNotFoundError: No module named 'torch'
Traceback (most recent call last):
  File "<string>", line 1, in <module>
ModuleNotFoundError: No module named 'torch'
Traceback (most recent call last):
  File "<string>", line 1, in <module>
ModuleNotFoundError: No module named 'torch'
Traceback (most recent call last):
  File "<string>", line 1, in <module>
ModuleNotFoundError: No module named 'torch'
Traceback (most recent call last):
  File "<string>", line 1, in <module>
ModuleNotFoundError: No module named 'torch'
Traceback (most recent call last):
  File "<string>", line 1, in <module>
ModuleNotFoundError: No module named 'torch'
Traceback (most recent call last):
  File "<string>", line 1, in <module>
ModuleNotFoundError: No module named 'torch'
Traceback (most recent call last):
  File "<string>", line 1, in <module>
ModuleNotFoundError: No module named 'torch'
Traceback (most recent call last):
  File "<string>", line 1, in <module>
ModuleNotFoundError: No module named 'torch'
Traceback (most recent call last):
  File "<string>", line 1, in <module>
ModuleNotFoundError: No module named 'torch'
Traceback (most recent call last):
  File "<string>", line 1, in <module>
ModuleNotFoundError: No module named 'torch'
Traceback (most recent call last):
  File "<string>", line 1, in <module>
ModuleNotFoundError: No module named 'torch'
Traceback (most recent call last):
  File "<string>", line 1, in <module>
ModuleNotFoundError: No module named 'torch'
Traceback (most recent call last):
  File "<string>", line 1, in <module>
ModuleNotFoundError: No module named 'torch'
Traceback (most recent call last):
  File "<string>", line 1, in <module>
ModuleNotFoundError: No module named 'torch'
Traceback (most recent call last):
  File "<string>", line 1, in <module>
ModuleNotFoundError: No module named 'torch'
Traceback (most recent call last):
  File "<string>", line 1, in <module>
ModuleNotFoundError: No module named 'torch'
Traceback (most recent call last):
  File "<string>", line 1, in <module>
ModuleNotFoundError: No module named 'torch'
Traceback (most recent call last):
  File "<string>", line 1, in <module>
ModuleNotFoundError: No module named 'torch'
Traceback (most recent call last):
  File "<string>", line 1, in <module>
ModuleNotFoundError: No module named 'torch'
Traceback (most recent call last):
  File "<string>", line 1, in <module>
ModuleNotFoundError: No module named 'torch'
Traceback (most recent call last):
  File "<string>", line 1, in <module>
ModuleNotFoundError: No module named 'torch'
Traceback (most recent call last):
  File "<string>", line 1, in <module>
ModuleNotFoundError: No module named 'torch'
Traceback (most recent call last):
  File "<string>", line 1, in <module>
ModuleNotFoundError: No module named 'torch'
Traceback (most recent call last):
  File "<string>", line 1, in <module>
Traceback (most recent call last):
  File "<string>", line 1, in <module>
ModuleNotFoundError: No module named 'torch'
ModuleNotFoundError: No module named 'torch'
Traceback (most recent call last):
  File "<string>", line 1, in <module>
ModuleNotFoundError: No module named 'torch'
Traceback (most recent call last):
  File "<string>", line 1, in <module>
ModuleNotFoundError: No module named 'torch'
Traceback (most recent call last):
  File "<string>", line 1, in <module>
ModuleNotFoundError: No module named 'torch'
Traceback (most recent call last):
  File "<string>", line 1, in <module>
ModuleNotFoundError: No module named 'torch'
Traceback (most recent call last):
  File "<string>", line 1, in <module>
ModuleNotFoundError: No module named 'torch'
Traceback (most recent call last):
  File "<string>", line 1, in <module>
ModuleNotFoundError: No module named 'torch'
Traceback (most recent call last):
  File "<string>", line 1, in <module>
ModuleNotFoundError: No module named 'torch'
Traceback (most recent call last):
  File "<string>", line 1, in <module>
ModuleNotFoundError: No module named 'torch'
Traceback (most recent call last):
  File "<string>", line 1, in <module>
ModuleNotFoundError: No module named 'torch'
Traceback (most recent call last):
  File "<string>", line 1, in <module>
ModuleNotFoundError: No module named 'torch'
Traceback (most recent call last):
  File "<string>", line 1, in <module>
ModuleNotFoundError: No module named 'torch'
Traceback (most recent call last):
  File "<string>", line 1, in <module>
ModuleNotFoundError: No module named 'torch'
Traceback (most recent call last):
  File "<string>", line 1, in <module>
ModuleNotFoundError: No module named 'torch'
Traceback (most recent call last):
  File "<string>", line 1, in <module>
ModuleNotFoundError: No module named 'torch'
Traceback (most recent call last):
  File "<string>", line 1, in <module>
ModuleNotFoundError: No module named 'torch'
Traceback (most recent call last):
  File "<string>", line 1, in <module>
ModuleNotFoundError: No module named 'torch'
Traceback (most recent call last):
  File "<string>", line 1, in <module>
ModuleNotFoundError: No module named 'torch'
Traceback (most recent call last):
  File "<string>", line 1, in <module>
ModuleNotFoundError: No module named 'torch'
Traceback (most recent call last):
  File "<string>", line 1, in <module>
ModuleNotFoundError: No module named 'torch'
Traceback (most recent call last):
  File "<string>", line 1, in <module>
ModuleNotFoundError: No module named 'torch'
Traceback (most recent call last):
  File "<string>", line 1, in <module>
ModuleNotFoundError: No module named 'torch'
Traceback (most recent call last):
  File "<string>", line 1, in <module>
ModuleNotFoundError: No module named 'torch'
Traceback (most recent call last):
  File "<string>", line 1, in <module>
ModuleNotFoundError: No module named 'torch'
Traceback (most recent call last):
  File "<string>", line 1, in <module>
ModuleNotFoundError: No module named 'torch'
Traceback (most recent call last):
  File "<string>", line 1, in <module>
ModuleNotFoundError: No module named 'torch'
Traceback (most recent call last):
  File "<string>", line 1, in <module>
ModuleNotFoundError: No module named 'torch'
Traceback (most recent call last):
  File "<string>", line 1, in <module>
ModuleNotFoundError: No module named 'torch'
Traceback (most recent call last):
  File "<string>", line 1, in <module>
ModuleNotFoundError: No module named 'torch'
Traceback (most recent call last):
  File "<string>", line 1, in <module>
ModuleNotFoundError: No module named 'torch'
Traceback (most recent call last):
  File "<string>", line 1, in <module>
ModuleNotFoundError: No module named 'torch'
Traceback (most recent call last):
  File "<string>", line 1, in <module>
ModuleNotFoundError: No module named 'torch'
Traceback (most recent call last):
  File "<string>", line 1, in <module>
ModuleNotFoundError: No module named 'torch'
Traceback (most recent call last):
  File "<string>", line 1, in <module>
ModuleNotFoundError: No module named 'torch'
Traceback (most recent call last):
  File "<string>", line 1, in <module>
ModuleNotFoundError: No module named 'torch'
Traceback (most recent call last):
  File "<string>", line 1, in <module>
ModuleNotFoundError: No module named 'torch'
Traceback (most recent call last):
  File "<string>", line 1, in <module>
ModuleNotFoundError: No module named 'torch'
Traceback (most recent call last):
  File "<string>", line 1, in <module>
ModuleNotFoundError: No module named 'torch'
Traceback (most recent call last):
  File "<string>", line 1, in <module>
ModuleNotFoundError: No module named 'torch'
Traceback (most recent call last):
  File "<string>", line 1, in <module>
ModuleNotFoundError: No module named 'torch'
Traceback (most recent call last):
  File "<string>", line 1, in <module>
ModuleNotFoundError: No module named 'torch'
Traceback (most recent call last):
  File "<string>", line 1, in <module>
ModuleNotFoundError: No module named 'torch'
Traceback (most recent call last):
  File "<string>", line 1, in <module>
ModuleNotFoundError: No module named 'torch'
Traceback (most recent call last):
  File "<string>", line 1, in <module>
ModuleNotFoundError: No module named 'torch'
Traceback (most recent call last):
  File "<string>", line 1, in <module>
ModuleNotFoundError: No module named 'torch'
Traceback (most recent call last):
  File "<string>", line 1, in <module>
ModuleNotFoundError: No module named 'torch'
Traceback (most recent call last):
  File "<string>", line 1, in <module>
ModuleNotFoundError: No module named 'torch'
Traceback (most recent call last):
  File "<string>", line 1, in <module>
ModuleNotFoundError: No module named 'torch'
Traceback (most recent call last):
  File "<string>", line 1, in <module>
ModuleNotFoundError: No module named 'torch'
Traceback (most recent call last):
  File "<string>", line 1, in <module>
ModuleNotFoundError: No module named 'torch'
Traceback (most recent call last):
  File "<string>", line 1, in <module>
ModuleNotFoundError: No module named 'torch'
Traceback (most recent call last):
  File "<string>", line 1, in <module>
ModuleNotFoundError: No module named 'torch'
Traceback (most recent call last):
  File "<string>", line 1, in <module>
ModuleNotFoundError: No module named 'torch'
Traceback (most recent call last):
  File "<string>", line 1, in <module>
ModuleNotFoundError: No module named 'torch'
Traceback (most recent call last):
  File "<string>", line 1, in <module>
ModuleNotFoundError: No module named 'torch'
Traceback (most recent call last):
  File "<string>", line 1, in <module>
ModuleNotFoundError: No module named 'torch'
Traceback (most recent call last):
  File "<string>", line 1, in <module>
ModuleNotFoundError: No module named 'torch'
Traceback (most recent call last):
  File "<string>", line 1, in <module>
ModuleNotFoundError: No module named 'torch'
Traceback (most recent call last):
  File "<string>", line 1, in <module>
ModuleNotFoundError: No module named 'torch'
Traceback (most recent call last):
  File "<string>", line 1, in <module>
ModuleNotFoundError: No module named 'torch'
Traceback (most recent call last):
  File "<string>", line 1, in <module>
ModuleNotFoundError: No module named 'torch'
Traceback (most recent call last):
  File "<string>", line 1, in <module>
Traceback (most recent call last):
  File "<string>", line 1, in <module>
ModuleNotFoundError: No module named 'torch'
ModuleNotFoundError: No module named 'torch'
Traceback (most recent call last):
  File "<string>", line 1, in <module>
ModuleNotFoundError: No module named 'torch'
Traceback (most recent call last):
  File "<string>", line 1, in <module>
ModuleNotFoundError: No module named 'torch'
Traceback (most recent call last):
  File "<string>", line 1, in <module>
ModuleNotFoundError: No module named 'torch'
Traceback (most recent call last):
  File "<string>", line 1, in <module>
ModuleNotFoundError: No module named 'torch'
Traceback (most recent call last):
  File "<string>", line 1, in <module>
ModuleNotFoundError: No module named 'torch'
Traceback (most recent call last):
  File "<string>", line 1, in <module>
ModuleNotFoundError: No module named 'torch'
Traceback (most recent call last):
  File "<string>", line 1, in <module>
ModuleNotFoundError: No module named 'torch'
Traceback (most recent call last):
  File "<string>", line 1, in <module>
ModuleNotFoundError: No module named 'torch'
Traceback (most recent call last):
  File "<string>", line 1, in <module>
ModuleNotFoundError: No module named 'torch'
Traceback (most recent call last):
  File "<string>", line 1, in <module>
ModuleNotFoundError: No module named 'torch'
Traceback (most recent call last):
  File "<string>", line 1, in <module>
ModuleNotFoundError: No module named 'torch'
Traceback (most recent call last):
  File "<string>", line 1, in <module>
ModuleNotFoundError: No module named 'torch'
Traceback (most recent call last):
  File "<string>", line 1, in <module>
ModuleNotFoundError: No module named 'torch'
Traceback (most recent call last):
  File "<string>", line 1, in <module>
ModuleNotFoundError: No module named 'torch'
Traceback (most recent call last):
  File "<string>", line 1, in <module>
ModuleNotFoundError: No module named 'torch'
Traceback (most recent call last):
  File "<string>", line 1, in <module>
ModuleNotFoundError: No module named 'torch'
Traceback (most recent call last):
  File "<string>", line 1, in <module>
ModuleNotFoundError: No module named 'torch'
Traceback (most recent call last):
  File "<string>", line 1, in <module>
ModuleNotFoundError: No module named 'torch'
Traceback (most recent call last):
  File "<string>", line 1, in <module>
ModuleNotFoundError: No module named 'torch'
Traceback (most recent call last):
  File "<string>", line 1, in <module>
ModuleNotFoundError: No module named 'torch'
Traceback (most recent call last):
  File "<string>", line 1, in <module>
ModuleNotFoundError: No module named 'torch'
Traceback (most recent call last):
  File "<string>", line 1, in <module>
ModuleNotFoundError: No module named 'torch'
Traceback (most recent call last):
  File "<string>", line 1, in <module>
ModuleNotFoundError: No module named 'torch'
Traceback (most recent call last):
  File "<string>", line 1, in <module>
ModuleNotFoundError: No module named 'torch'
Traceback (most recent call last):
  File "<string>", line 1, in <module>
ModuleNotFoundError: No module named 'torch'
Traceback (most recent call last):
  File "<string>", line 1, in <module>
ModuleNotFoundError: No module named 'torch'
Traceback (most recent call last):
  File "<string>", line 1, in <module>
ModuleNotFoundError: No module named 'torch'
Traceback (most recent call last):
  File "<string>", line 1, in <module>
ModuleNotFoundError: No module named 'torch'
Traceback (most recent call last):
  File "<string>", line 1, in <module>
ModuleNotFoundError: No module named 'torch'
Traceback (most recent call last):
  File "<string>", line 1, in <module>
ModuleNotFoundError: No module named 'torch'
Traceback (most recent call last):
  File "<string>", line 1, in <module>
ModuleNotFoundError: No module named 'torch'
Traceback (most recent call last):
  File "<string>", line 1, in <module>
ModuleNotFoundError: No module named 'torch'
Traceback (most recent call last):
  File "<string>", line 1, in <module>
ModuleNotFoundError: No module named 'torch'
Traceback (most recent call last):
  File "<string>", line 1, in <module>
ModuleNotFoundError: No module named 'torch'
Traceback (most recent call last):
  File "<string>", line 1, in <module>
ModuleNotFoundError: No module named 'torch'
Traceback (most recent call last):
  File "<string>", line 1, in <module>
ModuleNotFoundError: No module named 'torch'
Traceback (most recent call last):
  File "<string>", line 1, in <module>
Traceback (most recent call last):
  File "<string>", line 1, in <module>
ModuleNotFoundError: No module named 'torch'
ModuleNotFoundError: No module named 'torch'
Traceback (most recent call last):
  File "<string>", line 1, in <module>
ModuleNotFoundError: No module named 'torch'
Traceback (most recent call last):
  File "<string>", line 1, in <module>
ModuleNotFoundError: No module named 'torch'
Traceback (most recent call last):
  File "<string>", line 1, in <module>
ModuleNotFoundError: No module named 'torch'
Traceback (most recent call last):
  File "<string>", line 1, in <module>
ModuleNotFoundError: No module named 'torch'
Traceback (most recent call last):
  File "<string>", line 1, in <module>
ModuleNotFoundError: No module named 'torch'
Traceback (most recent call last):
  File "<string>", line 1, in <module>
ModuleNotFoundError: No module named 'torch'
Traceback (most recent call last):
  File "<string>", line 1, in <module>
ModuleNotFoundError: No module named 'torch'
Traceback (most recent call last):
  File "<string>", line 1, in <module>
ModuleNotFoundError: No module named 'torch'
Traceback (most recent call last):
  File "<string>", line 1, in <module>
ModuleNotFoundError: No module named 'torch'
Traceback (most recent call last):
  File "<string>", line 1, in <module>
ModuleNotFoundError: No module named 'torch'
Traceback (most recent call last):
  File "<string>", line 1, in <module>
ModuleNotFoundError: No module named 'torch'
Traceback (most recent call last):
  File "<string>", line 1, in <module>
ModuleNotFoundError: No module named 'torch'
Traceback (most recent call last):
  File "<string>", line 1, in <module>
ModuleNotFoundError: No module named 'torch'
Traceback (most recent call last):
  File "<string>", line 1, in <module>
ModuleNotFoundError: No module named 'torch'
Traceback (most recent call last):
  File "<string>", line 1, in <module>
ModuleNotFoundError: No module named 'torch'
Traceback (most recent call last):
  File "<string>", line 1, in <module>
ModuleNotFoundError: No module named 'torch'
Traceback (most recent call last):
  File "<string>", line 1, in <module>
ModuleNotFoundError: No module named 'torch'
Traceback (most recent call last):
  File "<string>", line 1, in <module>
ModuleNotFoundError: No module named 'torch'
Traceback (most recent call last):
  File "<string>", line 1, in <module>
ModuleNotFoundError: No module named 'torch'
srun: error: frontier03028: tasks 376-383: Exited with exit code 1
srun: Terminating StepId=4186204.1
srun: error: frontier03140: tasks 384-391: Exited with exit code 1
srun: error: frontier02777: tasks 344-351: Exited with exit code 1
srun: error: frontier02642: tasks 328-335: Exited with exit code 1
srun: error: frontier02901: tasks 360-367: Exited with exit code 1
slurmstepd: error: *** STEP 4186204.1 ON frontier00073 CANCELLED AT 2026-03-08T14:40:00 ***
srun: error: frontier04920: tasks 608-615: Exited with exit code 1
srun: error: frontier02506: tasks 304-311: Exited with exit code 1
srun: error: frontier02522: tasks 312-319: Exited with exit code 1
srun: error: frontier02392: tasks 296-303: Exited with exit code 1
srun: error: frontier00197: tasks 16-23: Exited with exit code 1
srun: error: frontier00837: tasks 96-103: Exited with exit code 1
srun: error: frontier00702: tasks 80-87: Exited with exit code 1
srun: error: frontier06711: tasks 832-839: Exited with exit code 1
srun: error: frontier03283: tasks 408-415: Exited with exit code 1
srun: error: frontier05053: tasks 632-639: Exited with exit code 1
srun: error: frontier02885: tasks 352-359: Exited with exit code 1
srun: error: frontier05049: tasks 624-631: Exited with exit code 1
srun: error: frontier02635: tasks 320-327: Exited with exit code 1
srun: error: frontier04924: tasks 616-623: Exited with exit code 1
srun: error: frontier00579: tasks 72-79: Exited with exit code 1
srun: error: frontier03017: tasks 368-375: Exited with exit code 1
srun: error: frontier04796: tasks 592-599: Exited with exit code 1
srun: error: frontier04433: tasks 552-559: Exited with exit code 1
srun: error: frontier00324: tasks 32-39: Exited with exit code 1
srun: error: frontier06455: tasks 808-815: Exited with exit code 1
srun: error: frontier04691: tasks 576-583: Exited with exit code 1
srun: error: frontier03397: tasks 416-423: Exited with exit code 1
srun: error: frontier00709: tasks 88-95: Exited with exit code 1
srun: error: frontier02752: tasks 336-343: Exited with exit code 1
srun: error: frontier03155: tasks 392-399: Exited with exit code 1
srun: error: frontier05154: tasks 640-647: Exited with exit code 1
srun: error: frontier05174: tasks 648-655: Exited with exit code 1
srun: error: frontier04514: tasks 560-567: Exited with exit code 1
srun: error: frontier03269: tasks 400-407: Exited with exit code 1
srun: error: frontier00456: tasks 48-55: Exited with exit code 1
srun: error: frontier01214: tasks 152-159: Exited with exit code 1
srun: error: frontier01097: tasks 136-143: Exited with exit code 1
srun: error: frontier06574: tasks 816-823: Exited with exit code 1
srun: error: frontier04692: tasks 584-591: Exited with exit code 1
srun: error: frontier04562: tasks 568-575: Exited with exit code 1
srun: error: frontier04298: tasks 528-535: Exited with exit code 1
srun: error: frontier01618: tasks 200-207: Exited with exit code 1
srun: error: frontier05308: tasks 664-671: Exited with exit code 1
srun: error: frontier05414: tasks 672-679: Exited with exit code 1
srun: error: frontier06578: tasks 824-831: Exited with exit code 1
srun: error: frontier03791: tasks 472-479: Exited with exit code 1
srun: error: frontier01213: tasks 144-151: Exited with exit code 1
srun: error: frontier04165: tasks 512-519: Exited with exit code 1
srun: error: frontier03660: tasks 448-455: Exited with exit code 1
srun: error: frontier03538: tasks 432-439: Exited with exit code 1
srun: error: frontier03913: tasks 488-495: Exited with exit code 1
srun: error: frontier04179: tasks 520-527: Exited with exit code 1
srun: error: frontier03906: tasks 480-487: Exited with exit code 1
srun: error: frontier00076: tasks 8-15: Exited with exit code 1
srun: error: frontier03410: tasks 424-431: Exited with exit code 1
srun: error: frontier00073: tasks 0-7: Exited with exit code 1
srun: error: frontier05307: tasks 656-663: Exited with exit code 1
srun: error: frontier04034: tasks 496-503: Exited with exit code 1
srun: error: frontier04797: tasks 600-607: Exited with exit code 1
srun: error: frontier04306: tasks 536-543: Exited with exit code 1
srun: error: frontier04432: tasks 544-551: Exited with exit code 1
srun: error: frontier00199: tasks 24-31: Exited with exit code 1
srun: error: frontier03543: tasks 440-447: Exited with exit code 1
srun: error: frontier00963: tasks 112-119: Exited with exit code 1
srun: error: frontier03662: tasks 456-463: Exited with exit code 1
srun: error: frontier03786: tasks 464-471: Exited with exit code 1
srun: error: frontier07353: tasks 880-887: Exited with exit code 1
srun: error: frontier04041: tasks 504-511: Exited with exit code 1
srun: error: frontier07603: tasks 896-903: Exited with exit code 1
srun: error: frontier01343: tasks 160-167: Exited with exit code 1
srun: error: frontier07478: tasks 888-895: Exited with exit code 1
srun: error: frontier00840: tasks 104-111: Exited with exit code 1
srun: error: frontier09270: tasks 1000-1007: Exited with exit code 1
srun: error: frontier00975: tasks 120-127: Exited with exit code 1
srun: error: frontier10168: tasks 1016-1023: Exited with exit code 1
srun: error: frontier00578: tasks 64-71: Exited with exit code 1
srun: error: frontier01746: tasks 216-223: Exited with exit code 1
srun: error: frontier07227: tasks 872-879: Exited with exit code 1
srun: error: frontier01877: tasks 232-239: Exited with exit code 1
srun: error: frontier08242: tasks 936-943: Exited with exit code 1
srun: error: frontier08372: tasks 944-951: Exited with exit code 1
srun: error: frontier02223: tasks 280-287: Exited with exit code 1
srun: error: frontier02362: tasks 288-295: Exited with exit code 1
srun: error: frontier02222: tasks 272-279: Exited with exit code 1
srun: error: frontier08886: tasks 976-983: Exited with exit code 1
srun: error: frontier09399: tasks 1008-1015: Exited with exit code 1
srun: error: frontier08760: tasks 968-975: Exited with exit code 1
srun: error: frontier08495: tasks 952-959: Exited with exit code 1
srun: error: frontier02132: tasks 264-271: Exited with exit code 1
srun: error: frontier09145: tasks 992-999: Exited with exit code 1
srun: error: frontier06325: tasks 784-791: Exited with exit code 1
srun: error: frontier01978: tasks 240-247: Exited with exit code 1
srun: error: frontier00461: tasks 56-63: Exited with exit code 1
srun: error: frontier06074: tasks 760-767: Exited with exit code 1
srun: error: frontier08629: tasks 960-967: Exited with exit code 1
srun: error: frontier06198: tasks 776-783: Exited with exit code 1
srun: error: frontier05944: tasks 736-743: Exited with exit code 1
srun: error: frontier05948: tasks 744-751: Exited with exit code 1
srun: error: frontier01981: tasks 248-255: Exited with exit code 1
srun: error: frontier01488: tasks 184-191: Exited with exit code 1
srun: error: frontier01614: tasks 192-199: Exited with exit code 1
srun: error: frontier05819: tasks 728-735: Exited with exit code 1
srun: error: frontier00335: tasks 40-47: Exited with exit code 1
srun: error: frontier09011: tasks 984-991: Exited with exit code 1
srun: error: frontier05424: tasks 680-687: Exited with exit code 1
srun: error: frontier08116: tasks 928-935: Exited with exit code 1
srun: error: frontier06197: tasks 768-775: Exited with exit code 1
srun: error: frontier06454: tasks 800-807: Exited with exit code 1
srun: error: frontier07732: tasks 904-911: Exited with exit code 1
srun: error: frontier05818: tasks 720-727: Exited with exit code 1
srun: error: frontier06066: tasks 752-759: Exited with exit code 1
srun: error: frontier05559: tasks 688-695: Exited with exit code 1
srun: error: frontier05563: tasks 696-703: Exited with exit code 1
srun: error: frontier01473: tasks 176-183: Exited with exit code 1
srun: error: frontier02131: tasks 256-263: Exited with exit code 1
srun: error: frontier06326: tasks 792-799: Exited with exit code 1
srun: error: frontier01876: tasks 224-231: Exited with exit code 1
srun: error: frontier05688: tasks 712-719: Exited with exit code 1
srun: error: frontier07863: tasks 912-919: Exited with exit code 1
srun: error: frontier06835: tasks 848-855: Exited with exit code 1
srun: error: frontier01729: tasks 208-215: Exited with exit code 1
srun: error: frontier06712: tasks 840-847: Exited with exit code 1
srun: error: frontier07996: tasks 920-927: Exited with exit code 1
srun: error: frontier06963: tasks 856-863: Exited with exit code 1
srun: error: frontier07091: tasks 864-871: Exited with exit code 1
srun: error: frontier01096: tasks 128-135: Exited with exit code 1
srun: error: frontier05687: tasks 704-711: Exited with exit code 1
srun: error: frontier01345: tasks 168-175: Exited with exit code 1
Command exited with non-zero status 1
0.05user 0.08system 0:00.67elapsed 20%CPU (0avgtext+0avgdata 18432maxresident)k
38inputs+256outputs (0major+4180minor)pagefaults 0swaps
+ sleep 10
+ for i in $(seq 1 5)
+ /usr/bin/time srun -N 128 -n 1024 -c 7 --ntasks-per-node=8 --gpus-per-node=8 --gpu-bind=closest --cpus-per-task=1 --threads-per-core=1 --network=single_node_vni,job_vni --export=ALL,PYTHONPATH=/tmp/khana/copper/lustre/orion/stf243/world-shared/hagertnl/CUG26/benchmark_builds/python-pytorch/conda_env: python3 -c 'import torch'
Traceback (most recent call last):
  File "<string>", line 1, in <module>
ModuleNotFoundError: No module named 'torch'
Traceback (most recent call last):
  File "<string>", line 1, in <module>
ModuleNotFoundError: No module named 'torch'
Traceback (most recent call last):
  File "<string>", line 1, in <module>
ModuleNotFoundError: No module named 'torch'
Traceback (most recent call last):
  File "<string>", line 1, in <module>
ModuleNotFoundError: No module named 'torch'
Traceback (most recent call last):
  File "<string>", line 1, in <module>
ModuleNotFoundError: No module named 'torch'
Traceback (most recent call last):
  File "<string>", line 1, in <module>
ModuleNotFoundError: No module named 'torch'
Traceback (most recent call last):
  File "<string>", line 1, in <module>
ModuleNotFoundError: No module named 'torch'
Traceback (most recent call last):
  File "<string>", line 1, in <module>
ModuleNotFoundError: No module named 'torch'
Traceback (most recent call last):
  File "<string>", line 1, in <module>
ModuleNotFoundError: No module named 'torch'
Traceback (most recent call last):
  File "<string>", line 1, in <module>
ModuleNotFoundError: No module named 'torch'
Traceback (most recent call last):
  File "<string>", line 1, in <module>
ModuleNotFoundError: No module named 'torch'
Traceback (most recent call last):
  File "<string>", line 1, in <module>
ModuleNotFoundError: No module named 'torch'
Traceback (most recent call last):
  File "<string>", line 1, in <module>
ModuleNotFoundError: No module named 'torch'
Traceback (most recent call last):
  File "<string>", line 1, in <module>
ModuleNotFoundError: No module named 'torch'
Traceback (most recent call last):
  File "<string>", line 1, in <module>
ModuleNotFoundError: No module named 'torch'
Traceback (most recent call last):
  File "<string>", line 1, in <module>
ModuleNotFoundError: No module named 'torch'
Traceback (most recent call last):
  File "<string>", line 1, in <module>
ModuleNotFoundError: No module named 'torch'
Traceback (most recent call last):
  File "<string>", line 1, in <module>
ModuleNotFoundError: No module named 'torch'
Traceback (most recent call last):
  File "<string>", line 1, in <module>
ModuleNotFoundError: No module named 'torch'
Traceback (most recent call last):
  File "<string>", line 1, in <module>
ModuleNotFoundError: No module named 'torch'
Traceback (most recent call last):
  File "<string>", line 1, in <module>
ModuleNotFoundError: No module named 'torch'
Traceback (most recent call last):
  File "<string>", line 1, in <module>
ModuleNotFoundError: No module named 'torch'
Traceback (most recent call last):
  File "<string>", line 1, in <module>
ModuleNotFoundError: No module named 'torch'
Traceback (most recent call last):
  File "<string>", line 1, in <module>
ModuleNotFoundError: No module named 'torch'
Traceback (most recent call last):
  File "<string>", line 1, in <module>
ModuleNotFoundError: No module named 'torch'
Traceback (most recent call last):
  File "<string>", line 1, in <module>
ModuleNotFoundError: No module named 'torch'
Traceback (most recent call last):
  File "<string>", line 1, in <module>
ModuleNotFoundError: No module named 'torch'
Traceback (most recent call last):
  File "<string>", line 1, in <module>
ModuleNotFoundError: No module named 'torch'
Traceback (most recent call last):
  File "<string>", line 1, in <module>
ModuleNotFoundError: No module named 'torch'
Traceback (most recent call last):
  File "<string>", line 1, in <module>
ModuleNotFoundError: No module named 'torch'
Traceback (most recent call last):
  File "<string>", line 1, in <module>
ModuleNotFoundError: No module named 'torch'
Traceback (most recent call last):
  File "<string>", line 1, in <module>
ModuleNotFoundError: No module named 'torch'
Traceback (most recent call last):
  File "<string>", line 1, in <module>
ModuleNotFoundError: No module named 'torch'
Traceback (most recent call last):
  File "<string>", line 1, in <module>
ModuleNotFoundError: No module named 'torch'
Traceback (most recent call last):
  File "<string>", line 1, in <module>
ModuleNotFoundError: No module named 'torch'
Traceback (most recent call last):
  File "<string>", line 1, in <module>
ModuleNotFoundError: No module named 'torch'
Traceback (most recent call last):
  File "<string>", line 1, in <module>
ModuleNotFoundError: No module named 'torch'
Traceback (most recent call last):
  File "<string>", line 1, in <module>
ModuleNotFoundError: No module named 'torch'
Traceback (most recent call last):
  File "<string>", line 1, in <module>
ModuleNotFoundError: No module named 'torch'
Traceback (most recent call last):
  File "<string>", line 1, in <module>
ModuleNotFoundError: No module named 'torch'
Traceback (most recent call last):
  File "<string>", line 1, in <module>
ModuleNotFoundError: No module named 'torch'
Traceback (most recent call last):
  File "<string>", line 1, in <module>
ModuleNotFoundError: No module named 'torch'
Traceback (most recent call last):
  File "<string>", line 1, in <module>
ModuleNotFoundError: No module named 'torch'
Traceback (most recent call last):
  File "<string>", line 1, in <module>
ModuleNotFoundError: No module named 'torch'
Traceback (most recent call last):
  File "<string>", line 1, in <module>
Traceback (most recent call last):
  File "<string>", line 1, in <module>
ModuleNotFoundError: No module named 'torch'
ModuleNotFoundError: No module named 'torch'
Traceback (most recent call last):
  File "<string>", line 1, in <module>
ModuleNotFoundError: No module named 'torch'
Traceback (most recent call last):
  File "<string>", line 1, in <module>
ModuleNotFoundError: No module named 'torch'
Traceback (most recent call last):
  File "<string>", line 1, in <module>
ModuleNotFoundError: No module named 'torch'
Traceback (most recent call last):
  File "<string>", line 1, in <module>
ModuleNotFoundError: No module named 'torch'
Traceback (most recent call last):
  File "<string>", line 1, in <module>
ModuleNotFoundError: No module named 'torch'
Traceback (most recent call last):
  File "<string>", line 1, in <module>
ModuleNotFoundError: No module named 'torch'
Traceback (most recent call last):
  File "<string>", line 1, in <module>
ModuleNotFoundError: No module named 'torch'
Traceback (most recent call last):
  File "<string>", line 1, in <module>
ModuleNotFoundError: No module named 'torch'
Traceback (most recent call last):
  File "<string>", line 1, in <module>
ModuleNotFoundError: No module named 'torch'
Traceback (most recent call last):
  File "<string>", line 1, in <module>
ModuleNotFoundError: No module named 'torch'
Traceback (most recent call last):
  File "<string>", line 1, in <module>
ModuleNotFoundError: No module named 'torch'
Traceback (most recent call last):
  File "<string>", line 1, in <module>
ModuleNotFoundError: No module named 'torch'
Traceback (most recent call last):
  File "<string>", line 1, in <module>
ModuleNotFoundError: No module named 'torch'
Traceback (most recent call last):
  File "<string>", line 1, in <module>
ModuleNotFoundError: No module named 'torch'
Traceback (most recent call last):
  File "<string>", line 1, in <module>
ModuleNotFoundError: No module named 'torch'
Traceback (most recent call last):
  File "<string>", line 1, in <module>
ModuleNotFoundError: No module named 'torch'
Traceback (most recent call last):
  File "<string>", line 1, in <module>
Traceback (most recent call last):
  File "<string>", line 1, in <module>
ModuleNotFoundError: No module named 'torch'
ModuleNotFoundError: No module named 'torch'
Traceback (most recent call last):
  File "<string>", line 1, in <module>
ModuleNotFoundError: No module named 'torch'
Traceback (most recent call last):
  File "<string>", line 1, in <module>
ModuleNotFoundError: No module named 'torch'
Traceback (most recent call last):
  File "<string>", line 1, in <module>
ModuleNotFoundError: No module named 'torch'
Traceback (most recent call last):
  File "<string>", line 1, in <module>
ModuleNotFoundError: No module named 'torch'
Traceback (most recent call last):
  File "<string>", line 1, in <module>
ModuleNotFoundError: No module named 'torch'
Traceback (most recent call last):
  File "<string>", line 1, in <module>
ModuleNotFoundError: No module named 'torch'
Traceback (most recent call last):
  File "<string>", line 1, in <module>
ModuleNotFoundError: No module named 'torch'
Traceback (most recent call last):
  File "<string>", line 1, in <module>
ModuleNotFoundError: No module named 'torch'
Traceback (most recent call last):
  File "<string>", line 1, in <module>
ModuleNotFoundError: No module named 'torch'
Traceback (most recent call last):
  File "<string>", line 1, in <module>
ModuleNotFoundError: No module named 'torch'
Traceback (most recent call last):
  File "<string>", line 1, in <module>
ModuleNotFoundError: No module named 'torch'
Traceback (most recent call last):
  File "<string>", line 1, in <module>
ModuleNotFoundError: No module named 'torch'
Traceback (most recent call last):
  File "<string>", line 1, in <module>
ModuleNotFoundError: No module named 'torch'
Traceback (most recent call last):
  File "<string>", line 1, in <module>
ModuleNotFoundError: No module named 'torch'
Traceback (most recent call last):
  File "<string>", line 1, in <module>
ModuleNotFoundError: No module named 'torch'
Traceback (most recent call last):
  File "<string>", line 1, in <module>
ModuleNotFoundError: No module named 'torch'
Traceback (most recent call last):
  File "<string>", line 1, in <module>
ModuleNotFoundError: No module named 'torch'
Traceback (most recent call last):
  File "<string>", line 1, in <module>
ModuleNotFoundError: No module named 'torch'
Traceback (most recent call last):
  File "<string>", line 1, in <module>
ModuleNotFoundError: No module named 'torch'
Traceback (most recent call last):
  File "<string>", line 1, in <module>
ModuleNotFoundError: No module named 'torch'
Traceback (most recent call last):
  File "<string>", line 1, in <module>
ModuleNotFoundError: No module named 'torch'
Traceback (most recent call last):
  File "<string>", line 1, in <module>
ModuleNotFoundError: No module named 'torch'
Traceback (most recent call last):
  File "<string>", line 1, in <module>
ModuleNotFoundError: No module named 'torch'
Traceback (most recent call last):
  File "<string>", line 1, in <module>
ModuleNotFoundError: No module named 'torch'
Traceback (most recent call last):
  File "<string>", line 1, in <module>
ModuleNotFoundError: No module named 'torch'
Traceback (most recent call last):
  File "<string>", line 1, in <module>
ModuleNotFoundError: No module named 'torch'
Traceback (most recent call last):
  File "<string>", line 1, in <module>
ModuleNotFoundError: No module named 'torch'
Traceback (most recent call last):
  File "<string>", line 1, in <module>
ModuleNotFoundError: No module named 'torch'
Traceback (most recent call last):
  File "<string>", line 1, in <module>
ModuleNotFoundError: No module named 'torch'
Traceback (most recent call last):
  File "<string>", line 1, in <module>
ModuleNotFoundError: No module named 'torch'
Traceback (most recent call last):
  File "<string>", line 1, in <module>
ModuleNotFoundError: No module named 'torch'
Traceback (most recent call last):
  File "<string>", line 1, in <module>
ModuleNotFoundError: No module named 'torch'
Traceback (most recent call last):
  File "<string>", line 1, in <module>
ModuleNotFoundError: No module named 'torch'
Traceback (most recent call last):
  File "<string>", line 1, in <module>
ModuleNotFoundError: No module named 'torch'
Traceback (most recent call last):
  File "<string>", line 1, in <module>
ModuleNotFoundError: No module named 'torch'
Traceback (most recent call last):
  File "<string>", line 1, in <module>
ModuleNotFoundError: No module named 'torch'
Traceback (most recent call last):
  File "<string>", line 1, in <module>
ModuleNotFoundError: No module named 'torch'
Traceback (most recent call last):
  File "<string>", line 1, in <module>
ModuleNotFoundError: No module named 'torch'
Traceback (most recent call last):
  File "<string>", line 1, in <module>
ModuleNotFoundError: No module named 'torch'
Traceback (most recent call last):
  File "<string>", line 1, in <module>
ModuleNotFoundError: No module named 'torch'
Traceback (most recent call last):
  File "<string>", line 1, in <module>
ModuleNotFoundError: No module named 'torch'
Traceback (most recent call last):
  File "<string>", line 1, in <module>
ModuleNotFoundError: No module named 'torch'
Traceback (most recent call last):
  File "<string>", line 1, in <module>
ModuleNotFoundError: No module named 'torch'
Traceback (most recent call last):
  File "<string>", line 1, in <module>
ModuleNotFoundError: No module named 'torch'
Traceback (most recent call last):
  File "<string>", line 1, in <module>
ModuleNotFoundError: No module named 'torch'
Traceback (most recent call last):
  File "<string>", line 1, in <module>
ModuleNotFoundError: No module named 'torch'
Traceback (most recent call last):
  File "<string>", line 1, in <module>
ModuleNotFoundError: No module named 'torch'
Traceback (most recent call last):
  File "<string>", line 1, in <module>
ModuleNotFoundError: No module named 'torch'
Traceback (most recent call last):
  File "<string>", line 1, in <module>
ModuleNotFoundError: No module named 'torch'
Traceback (most recent call last):
  File "<string>", line 1, in <module>
ModuleNotFoundError: No module named 'torch'
Traceback (most recent call last):
  File "<string>", line 1, in <module>
ModuleNotFoundError: No module named 'torch'
Traceback (most recent call last):
  File "<string>", line 1, in <module>
ModuleNotFoundError: No module named 'torch'
Traceback (most recent call last):
  File "<string>", line 1, in <module>
ModuleNotFoundError: No module named 'torch'
Traceback (most recent call last):
  File "<string>", line 1, in <module>
ModuleNotFoundError: No module named 'torch'
Traceback (most recent call last):
  File "<string>", line 1, in <module>
ModuleNotFoundError: No module named 'torch'
Traceback (most recent call last):
  File "<string>", line 1, in <module>
ModuleNotFoundError: No module named 'torch'
Traceback (most recent call last):
  File "<string>", line 1, in <module>
ModuleNotFoundError: No module named 'torch'
Traceback (most recent call last):
  File "<string>", line 1, in <module>
ModuleNotFoundError: No module named 'torch'
Traceback (most recent call last):
  File "<string>", line 1, in <module>
ModuleNotFoundError: No module named 'torch'
Traceback (most recent call last):
  File "<string>", line 1, in <module>
ModuleNotFoundError: No module named 'torch'
Traceback (most recent call last):
  File "<string>", line 1, in <module>
ModuleNotFoundError: No module named 'torch'
Traceback (most recent call last):
  File "<string>", line 1, in <module>
ModuleNotFoundError: No module named 'torch'
Traceback (most recent call last):
  File "<string>", line 1, in <module>
ModuleNotFoundError: No module named 'torch'
Traceback (most recent call last):
  File "<string>", line 1, in <module>
ModuleNotFoundError: No module named 'torch'
Traceback (most recent call last):
  File "<string>", line 1, in <module>
ModuleNotFoundError: No module named 'torch'
Traceback (most recent call last):
  File "<string>", line 1, in <module>
ModuleNotFoundError: No module named 'torch'
Traceback (most recent call last):
  File "<string>", line 1, in <module>
ModuleNotFoundError: No module named 'torch'
Traceback (most recent call last):
  File "<string>", line 1, in <module>
ModuleNotFoundError: No module named 'torch'
Traceback (most recent call last):
  File "<string>", line 1, in <module>
ModuleNotFoundError: No module named 'torch'
Traceback (most recent call last):
  File "<string>", line 1, in <module>
ModuleNotFoundError: No module named 'torch'
Traceback (most recent call last):
  File "<string>", line 1, in <module>
ModuleNotFoundError: No module named 'torch'
Traceback (most recent call last):
  File "<string>", line 1, in <module>
ModuleNotFoundError: No module named 'torch'
Traceback (most recent call last):
  File "<string>", line 1, in <module>
ModuleNotFoundError: No module named 'torch'
Traceback (most recent call last):
  File "<string>", line 1, in <module>
ModuleNotFoundError: No module named 'torch'
Traceback (most recent call last):
  File "<string>", line 1, in <module>
ModuleNotFoundError: No module named 'torch'
Traceback (most recent call last):
  File "<string>", line 1, in <module>
ModuleNotFoundError: No module named 'torch'
Traceback (most recent call last):
  File "<string>", line 1, in <module>
ModuleNotFoundError: No module named 'torch'
Traceback (most recent call last):
  File "<string>", line 1, in <module>
ModuleNotFoundError: No module named 'torch'
Traceback (most recent call last):
  File "<string>", line 1, in <module>
ModuleNotFoundError: No module named 'torch'
Traceback (most recent call last):
  File "<string>", line 1, in <module>
ModuleNotFoundError: No module named 'torch'
Traceback (most recent call last):
  File "<string>", line 1, in <module>
ModuleNotFoundError: No module named 'torch'
Traceback (most recent call last):
  File "<string>", line 1, in <module>
ModuleNotFoundError: No module named 'torch'
Traceback (most recent call last):
  File "<string>", line 1, in <module>
ModuleNotFoundError: No module named 'torch'
Traceback (most recent call last):
  File "<string>", line 1, in <module>
ModuleNotFoundError: No module named 'torch'
Traceback (most recent call last):
  File "<string>", line 1, in <module>
ModuleNotFoundError: No module named 'torch'
Traceback (most recent call last):
  File "<string>", line 1, in <module>
ModuleNotFoundError: No module named 'torch'
Traceback (most recent call last):
  File "<string>", line 1, in <module>
ModuleNotFoundError: No module named 'torch'
Traceback (most recent call last):
  File "<string>", line 1, in <module>
ModuleNotFoundError: No module named 'torch'
Traceback (most recent call last):
  File "<string>", line 1, in <module>
ModuleNotFoundError: No module named 'torch'
Traceback (most recent call last):
  File "<string>", line 1, in <module>
ModuleNotFoundError: No module named 'torch'
Traceback (most recent call last):
  File "<string>", line 1, in <module>
ModuleNotFoundError: No module named 'torch'
Traceback (most recent call last):
  File "<string>", line 1, in <module>
ModuleNotFoundError: No module named 'torch'
Traceback (most recent call last):
  File "<string>", line 1, in <module>
ModuleNotFoundError: No module named 'torch'
Traceback (most recent call last):
  File "<string>", line 1, in <module>
Traceback (most recent call last):
  File "<string>", line 1, in <module>
ModuleNotFoundError: No module named 'torch'
Traceback (most recent call last):
  File "<string>", line 1, in <module>
ModuleNotFoundError: No module named 'torch'
Traceback (most recent call last):
  File "<string>", line 1, in <module>
Traceback (most recent call last):
  File "<string>", line 1, in <module>
ModuleNotFoundError: No module named 'torch'
Traceback (most recent call last):
  File "<string>", line 1, in <module>
ModuleNotFoundError: No module named 'torch'
Traceback (most recent call last):
  File "<string>", line 1, in <module>
ModuleNotFoundError: No module named 'torch'
ModuleNotFoundError: No module named 'torch'
Traceback (most recent call last):
  File "<string>", line 1, in <module>
ModuleNotFoundError: No module named 'torch'
Traceback (most recent call last):
  File "<string>", line 1, in <module>
ModuleNotFoundError: No module named 'torch'
Traceback (most recent call last):
  File "<string>", line 1, in <module>
ModuleNotFoundError: No module named 'torch'
ModuleNotFoundError: No module named 'torch'
Traceback (most recent call last):
  File "<string>", line 1, in <module>
ModuleNotFoundError: No module named 'torch'
Traceback (most recent call last):
  File "<string>", line 1, in <module>
ModuleNotFoundError: No module named 'torch'
Traceback (most recent call last):
  File "<string>", line 1, in <module>
ModuleNotFoundError: No module named 'torch'
Traceback (most recent call last):
  File "<string>", line 1, in <module>
ModuleNotFoundError: No module named 'torch'
Traceback (most recent call last):
  File "<string>", line 1, in <module>
ModuleNotFoundError: No module named 'torch'
Traceback (most recent call last):
  File "<string>", line 1, in <module>
ModuleNotFoundError: No module named 'torch'
Traceback (most recent call last):
  File "<string>", line 1, in <module>
ModuleNotFoundError: No module named 'torch'
Traceback (most recent call last):
  File "<string>", line 1, in <module>
Traceback (most recent call last):
  File "<string>", line 1, in <module>
ModuleNotFoundError: No module named 'torch'
Traceback (most recent call last):
  File "<string>", line 1, in <module>
ModuleNotFoundError: No module named 'torch'
Traceback (most recent call last):
  File "<string>", line 1, in <module>
ModuleNotFoundError: No module named 'torch'
Traceback (most recent call last):
  File "<string>", line 1, in <module>
ModuleNotFoundError: No module named 'torch'
Traceback (most recent call last):
  File "<string>", line 1, in <module>
ModuleNotFoundError: No module named 'torch'
ModuleNotFoundError: No module named 'torch'
Traceback (most recent call last):
  File "<string>", line 1, in <module>
Traceback (most recent call last):
Traceback (most recent call last):
  File "<string>", line 1, in <module>
ModuleNotFoundError: No module named 'torch'
Traceback (most recent call last):
  File "<string>", line 1, in <module>
ModuleNotFoundError: No module named 'torch'
Traceback (most recent call last):
  File "<string>", line 1, in <module>
ModuleNotFoundError: No module named 'torch'
Traceback (most recent call last):
  File "<string>", line 1, in <module>
ModuleNotFoundError: No module named 'torch'
Traceback (most recent call last):
  File "<string>", line 1, in <module>
ModuleNotFoundError: No module named 'torch'
Traceback (most recent call last):
  File "<string>", line 1, in <module>
ModuleNotFoundError: No module named 'torch'
Traceback (most recent call last):
  File "<string>", line 1, in <module>
ModuleNotFoundError: No module named 'torch'
ModuleNotFoundError: No module named 'torch'
  File "<string>", line 1, in <module>
ModuleNotFoundError: No module named 'torch'
Traceback (most recent call last):
Traceback (most recent call last):
  File "<string>", line 1, in <module>
ModuleNotFoundError: No module named 'torch'
Traceback (most recent call last):
  File "<string>", line 1, in <module>
ModuleNotFoundError: No module named 'torch'
Traceback (most recent call last):
  File "<string>", line 1, in <module>
ModuleNotFoundError: No module named 'torch'
Traceback (most recent call last):
  File "<string>", line 1, in <module>
ModuleNotFoundError: No module named 'torch'
Traceback (most recent call last):
  File "<string>", line 1, in <module>
ModuleNotFoundError: No module named 'torch'
  File "<string>", line 1, in <module>
ModuleNotFoundError: No module named 'torch'
Traceback (most recent call last):
  File "<string>", line 1, in <module>
ModuleNotFoundError: No module named 'torch'
Traceback (most recent call last):
  File "<string>", line 1, in <module>
ModuleNotFoundError: No module named 'torch'
Traceback (most recent call last):
  File "<string>", line 1, in <module>
ModuleNotFoundError: No module named 'torch'
Traceback (most recent call last):
  File "<string>", line 1, in <module>
ModuleNotFoundError: No module named 'torch'
Traceback (most recent call last):
  File "<string>", line 1, in <module>
Traceback (most recent call last):
  File "<string>", line 1, in <module>
ModuleNotFoundError: No module named 'torch'
Traceback (most recent call last):
  File "<string>", line 1, in <module>
ModuleNotFoundError: No module named 'torch'
Traceback (most recent call last):
  File "<string>", line 1, in <module>
ModuleNotFoundError: No module named 'torch'
Traceback (most recent call last):
  File "<string>", line 1, in <module>
ModuleNotFoundError: No module named 'torch'
Traceback (most recent call last):
  File "<string>", line 1, in <module>
ModuleNotFoundError: No module named 'torch'
ModuleNotFoundError: No module named 'torch'
Traceback (most recent call last):
  File "<string>", line 1, in <module>
ModuleNotFoundError: No module named 'torch'
Traceback (most recent call last):
  File "<string>", line 1, in <module>
ModuleNotFoundError: No module named 'torch'
Traceback (most recent call last):
  File "<string>", line 1, in <module>
ModuleNotFoundError: No module named 'torch'
Traceback (most recent call last):
  File "<string>", line 1, in <module>
ModuleNotFoundError: No module named 'torch'
Traceback (most recent call last):
  File "<string>", line 1, in <module>
ModuleNotFoundError: No module named 'torch'
Traceback (most recent call last):
  File "<string>", line 1, in <module>
ModuleNotFoundError: No module named 'torch'
Traceback (most recent call last):
  File "<string>", line 1, in <module>
ModuleNotFoundError: No module named 'torch'
Traceback (most recent call last):
  File "<string>", line 1, in <module>
ModuleNotFoundError: No module named 'torch'
Traceback (most recent call last):
  File "<string>", line 1, in <module>
ModuleNotFoundError: No module named 'torch'
Traceback (most recent call last):
  File "<string>", line 1, in <module>
ModuleNotFoundError: No module named 'torch'
Traceback (most recent call last):
  File "<string>", line 1, in <module>
ModuleNotFoundError: No module named 'torch'
Traceback (most recent call last):
  File "<string>", line 1, in <module>
ModuleNotFoundError: No module named 'torch'
Traceback (most recent call last):
  File "<string>", line 1, in <module>
ModuleNotFoundError: No module named 'torch'
Traceback (most recent call last):
  File "<string>", line 1, in <module>
ModuleNotFoundError: No module named 'torch'
Traceback (most recent call last):
  File "<string>", line 1, in <module>
ModuleNotFoundError: No module named 'torch'
Traceback (most recent call last):
  File "<string>", line 1, in <module>
ModuleNotFoundError: No module named 'torch'
Traceback (most recent call last):
  File "<string>", line 1, in <module>
ModuleNotFoundError: No module named 'torch'
Traceback (most recent call last):
Traceback (most recent call last):
  File "<string>", line 1, in <module>
ModuleNotFoundError: No module named 'torch'
Traceback (most recent call last):
  File "<string>", line 1, in <module>
ModuleNotFoundError: No module named 'torch'
Traceback (most recent call last):
  File "<string>", line 1, in <module>
ModuleNotFoundError: No module named 'torch'
Traceback (most recent call last):
  File "<string>", line 1, in <module>
ModuleNotFoundError: No module named 'torch'
Traceback (most recent call last):
  File "<string>", line 1, in <module>
ModuleNotFoundError: No module named 'torch'
Traceback (most recent call last):
  File "<string>", line 1, in <module>
ModuleNotFoundError: No module named 'torch'
  File "<string>", line 1, in <module>
ModuleNotFoundError: No module named 'torch'
Traceback (most recent call last):
  File "<string>", line 1, in <module>
ModuleNotFoundError: No module named 'torch'
Traceback (most recent call last):
  File "<string>", line 1, in <module>
ModuleNotFoundError: No module named 'torch'
Traceback (most recent call last):
  File "<string>", line 1, in <module>
ModuleNotFoundError: No module named 'torch'
Traceback (most recent call last):
  File "<string>", line 1, in <module>
ModuleNotFoundError: No module named 'torch'
Traceback (most recent call last):
  File "<string>", line 1, in <module>
ModuleNotFoundError: No module named 'torch'
Traceback (most recent call last):
  File "<string>", line 1, in <module>
ModuleNotFoundError: No module named 'torch'
Traceback (most recent call last):
  File "<string>", line 1, in <module>
ModuleNotFoundError: No module named 'torch'
Traceback (most recent call last):
  File "<string>", line 1, in <module>
ModuleNotFoundError: No module named 'torch'
Traceback (most recent call last):
  File "<string>", line 1, in <module>
ModuleNotFoundError: No module named 'torch'
Traceback (most recent call last):
  File "<string>", line 1, in <module>
ModuleNotFoundError: No module named 'torch'
Traceback (most recent call last):
  File "<string>", line 1, in <module>
ModuleNotFoundError: No module named 'torch'
Traceback (most recent call last):
  File "<string>", line 1, in <module>
ModuleNotFoundError: No module named 'torch'
Traceback (most recent call last):
  File "<string>", line 1, in <module>
ModuleNotFoundError: No module named 'torch'
Traceback (most recent call last):
  File "<string>", line 1, in <module>
ModuleNotFoundError: No module named 'torch'
Traceback (most recent call last):
  File "<string>", line 1, in <module>
ModuleNotFoundError: No module named 'torch'
Traceback (most recent call last):
  File "<string>", line 1, in <module>
ModuleNotFoundError: No module named 'torch'
Traceback (most recent call last):
  File "<string>", line 1, in <module>
ModuleNotFoundError: No module named 'torch'
Traceback (most recent call last):
  File "<string>", line 1, in <module>
ModuleNotFoundError: No module named 'torch'
Traceback (most recent call last):
  File "<string>", line 1, in <module>
ModuleNotFoundError: No module named 'torch'
Traceback (most recent call last):
  File "<string>", line 1, in <module>
ModuleNotFoundError: No module named 'torch'
Traceback (most recent call last):
  File "<string>", line 1, in <module>
ModuleNotFoundError: No module named 'torch'
Traceback (most recent call last):
  File "<string>", line 1, in <module>
ModuleNotFoundError: No module named 'torch'
Traceback (most recent call last):
  File "<string>", line 1, in <module>
ModuleNotFoundError: No module named 'torch'
Traceback (most recent call last):
  File "<string>", line 1, in <module>
ModuleNotFoundError: No module named 'torch'
Traceback (most recent call last):
  File "<string>", line 1, in <module>
ModuleNotFoundError: No module named 'torch'
Traceback (most recent call last):
  File "<string>", line 1, in <module>
ModuleNotFoundError: No module named 'torch'
Traceback (most recent call last):
  File "<string>", line 1, in <module>
ModuleNotFoundError: No module named 'torch'
Traceback (most recent call last):
  File "<string>", line 1, in <module>
ModuleNotFoundError: No module named 'torch'
Traceback (most recent call last):
  File "<string>", line 1, in <module>
ModuleNotFoundError: No module named 'torch'
Traceback (most recent call last):
  File "<string>", line 1, in <module>
ModuleNotFoundError: No module named 'torch'
Traceback (most recent call last):
  File "<string>", line 1, in <module>
ModuleNotFoundError: No module named 'torch'
Traceback (most recent call last):
  File "<string>", line 1, in <module>
ModuleNotFoundError: No module named 'torch'
Traceback (most recent call last):
  File "<string>", line 1, in <module>
ModuleNotFoundError: No module named 'torch'
Traceback (most recent call last):
  File "<string>", line 1, in <module>
ModuleNotFoundError: No module named 'torch'
Traceback (most recent call last):
  File "<string>", line 1, in <module>
ModuleNotFoundError: No module named 'torch'
Traceback (most recent call last):
  File "<string>", line 1, in <module>
ModuleNotFoundError: No module named 'torch'
Traceback (most recent call last):
  File "<string>", line 1, in <module>
ModuleNotFoundError: No module named 'torch'
Traceback (most recent call last):
  File "<string>", line 1, in <module>
ModuleNotFoundError: No module named 'torch'
Traceback (most recent call last):
  File "<string>", line 1, in <module>
ModuleNotFoundError: No module named 'torch'
Traceback (most recent call last):
  File "<string>", line 1, in <module>
ModuleNotFoundError: No module named 'torch'
Traceback (most recent call last):
  File "<string>", line 1, in <module>
ModuleNotFoundError: No module named 'torch'
Traceback (most recent call last):
  File "<string>", line 1, in <module>
ModuleNotFoundError: No module named 'torch'
Traceback (most recent call last):
  File "<string>", line 1, in <module>
ModuleNotFoundError: No module named 'torch'
Traceback (most recent call last):
  File "<string>", line 1, in <module>
ModuleNotFoundError: No module named 'torch'
Traceback (most recent call last):
  File "<string>", line 1, in <module>
Traceback (most recent call last):
  File "<string>", line 1, in <module>
ModuleNotFoundError: No module named 'torch'
Traceback (most recent call last):
  File "<string>", line 1, in <module>
ModuleNotFoundError: No module named 'torch'
Traceback (most recent call last):
  File "<string>", line 1, in <module>
Traceback (most recent call last):
Traceback (most recent call last):
  File "<string>", line 1, in <module>
ModuleNotFoundError: No module named 'torch'
ModuleNotFoundError: No module named 'torch'
Traceback (most recent call last):
  File "<string>", line 1, in <module>
ModuleNotFoundError: No module named 'torch'
Traceback (most recent call last):
  File "<string>", line 1, in <module>
ModuleNotFoundError: No module named 'torch'
Traceback (most recent call last):
  File "<string>", line 1, in <module>
ModuleNotFoundError: No module named 'torch'
Traceback (most recent call last):
  File "<string>", line 1, in <module>
ModuleNotFoundError: No module named 'torch'
ModuleNotFoundError: No module named 'torch'
  File "<string>", line 1, in <module>
ModuleNotFoundError: No module named 'torch'
Traceback (most recent call last):
  File "<string>", line 1, in <module>
ModuleNotFoundError: No module named 'torch'
Traceback (most recent call last):
  File "<string>", line 1, in <module>
ModuleNotFoundError: No module named 'torch'
Traceback (most recent call last):
  File "<string>", line 1, in <module>
ModuleNotFoundError: No module named 'torch'
Traceback (most recent call last):
  File "<string>", line 1, in <module>
ModuleNotFoundError: No module named 'torch'
Traceback (most recent call last):
  File "<string>", line 1, in <module>
ModuleNotFoundError: No module named 'torch'
Traceback (most recent call last):
  File "<string>", line 1, in <module>
ModuleNotFoundError: No module named 'torch'
Traceback (most recent call last):
  File "<string>", line 1, in <module>
ModuleNotFoundError: No module named 'torch'
Traceback (most recent call last):
  File "<string>", line 1, in <module>
ModuleNotFoundError: No module named 'torch'
Traceback (most recent call last):
  File "<string>", line 1, in <module>
ModuleNotFoundError: No module named 'torch'
Traceback (most recent call last):
  File "<string>", line 1, in <module>
ModuleNotFoundError: No module named 'torch'
Traceback (most recent call last):
  File "<string>", line 1, in <module>
ModuleNotFoundError: No module named 'torch'
Traceback (most recent call last):
  File "<string>", line 1, in <module>
ModuleNotFoundError: No module named 'torch'
Traceback (most recent call last):
  File "<string>", line 1, in <module>
ModuleNotFoundError: No module named 'torch'
Traceback (most recent call last):
  File "<string>", line 1, in <module>
ModuleNotFoundError: No module named 'torch'
Traceback (most recent call last):
Traceback (most recent call last):
  File "<string>", line 1, in <module>
ModuleNotFoundError: No module named 'torch'
Traceback (most recent call last):
  File "<string>", line 1, in <module>
ModuleNotFoundError: No module named 'torch'
Traceback (most recent call last):
  File "<string>", line 1, in <module>
ModuleNotFoundError: No module named 'torch'
Traceback (most recent call last):
  File "<string>", line 1, in <module>
ModuleNotFoundError: No module named 'torch'
Traceback (most recent call last):
  File "<string>", line 1, in <module>
ModuleNotFoundError: No module named 'torch'
  File "<string>", line 1, in <module>
ModuleNotFoundError: No module named 'torch'
Traceback (most recent call last):
  File "<string>", line 1, in <module>
ModuleNotFoundError: No module named 'torch'
Traceback (most recent call last):
  File "<string>", line 1, in <module>
ModuleNotFoundError: No module named 'torch'
Traceback (most recent call last):
  File "<string>", line 1, in <module>
ModuleNotFoundError: No module named 'torch'
Traceback (most recent call last):
Traceback (most recent call last):
  File "<string>", line 1, in <module>
ModuleNotFoundError: No module named 'torch'
Traceback (most recent call last):
  File "<string>", line 1, in <module>
ModuleNotFoundError: No module named 'torch'
Traceback (most recent call last):
Traceback (most recent call last):
  File "<string>", line 1, in <module>
Traceback (most recent call last):
  File "<string>", line 1, in <module>
ModuleNotFoundError: No module named 'torch'
  File "<string>", line 1, in <module>
ModuleNotFoundError: No module named 'torch'
Traceback (most recent call last):
  File "<string>", line 1, in <module>
Traceback (most recent call last):
  File "<string>", line 1, in <module>
ModuleNotFoundError: No module named 'torch'
Traceback (most recent call last):
  File "<string>", line 1, in <module>
ModuleNotFoundError: No module named 'torch'
  File "<string>", line 1, in <module>
ModuleNotFoundError: No module named 'torch'
Traceback (most recent call last):
  File "<string>", line 1, in <module>
ModuleNotFoundError: No module named 'torch'
ModuleNotFoundError: No module named 'torch'
Traceback (most recent call last):
  File "<string>", line 1, in <module>
ModuleNotFoundError: No module named 'torch'
Traceback (most recent call last):
  File "<string>", line 1, in <module>
ModuleNotFoundError: No module named 'torch'
Traceback (most recent call last):
  File "<string>", line 1, in <module>
ModuleNotFoundError: No module named 'torch'
Traceback (most recent call last):
  File "<string>", line 1, in <module>
ModuleNotFoundError: No module named 'torch'
Traceback (most recent call last):
  File "<string>", line 1, in <module>
ModuleNotFoundError: No module named 'torch'
Traceback (most recent call last):
  File "<string>", line 1, in <module>
ModuleNotFoundError: No module named 'torch'
ModuleNotFoundError: No module named 'torch'
Traceback (most recent call last):
  File "<string>", line 1, in <module>
ModuleNotFoundError: No module named 'torch'
Traceback (most recent call last):
  File "<string>", line 1, in <module>
ModuleNotFoundError: No module named 'torch'
Traceback (most recent call last):
  File "<string>", line 1, in <module>
ModuleNotFoundError: No module named 'torch'
Traceback (most recent call last):
  File "<string>", line 1, in <module>
ModuleNotFoundError: No module named 'torch'
Traceback (most recent call last):
  File "<string>", line 1, in <module>
ModuleNotFoundError: No module named 'torch'
Traceback (most recent call last):
  File "<string>", line 1, in <module>
ModuleNotFoundError: No module named 'torch'
Traceback (most recent call last):
  File "<string>", line 1, in <module>
ModuleNotFoundError: No module named 'torch'
Traceback (most recent call last):
  File "<string>", line 1, in <module>
ModuleNotFoundError: No module named 'torch'
Traceback (most recent call last):
  File "<string>", line 1, in <module>
ModuleNotFoundError: No module named 'torch'
Traceback (most recent call last):
  File "<string>", line 1, in <module>
ModuleNotFoundError: No module named 'torch'
Traceback (most recent call last):
  File "<string>", line 1, in <module>
ModuleNotFoundError: No module named 'torch'
Traceback (most recent call last):
  File "<string>", line 1, in <module>
ModuleNotFoundError: No module named 'torch'
Traceback (most recent call last):
  File "<string>", line 1, in <module>
ModuleNotFoundError: No module named 'torch'
Traceback (most recent call last):
  File "<string>", line 1, in <module>
ModuleNotFoundError: No module named 'torch'
Traceback (most recent call last):
  File "<string>", line 1, in <module>
ModuleNotFoundError: No module named 'torch'
Traceback (most recent call last):
  File "<string>", line 1, in <module>
ModuleNotFoundError: No module named 'torch'
Traceback (most recent call last):
  File "<string>", line 1, in <module>
ModuleNotFoundError: No module named 'torch'
Traceback (most recent call last):
  File "<string>", line 1, in <module>
ModuleNotFoundError: No module named 'torch'
Traceback (most recent call last):
  File "<string>", line 1, in <module>
ModuleNotFoundError: No module named 'torch'
Traceback (most recent call last):
  File "<string>", line 1, in <module>
ModuleNotFoundError: No module named 'torch'
Traceback (most recent call last):
  File "<string>", line 1, in <module>
ModuleNotFoundError: No module named 'torch'
Traceback (most recent call last):
  File "<string>", line 1, in <module>
Traceback (most recent call last):
  File "<string>", line 1, in <module>
Traceback (most recent call last):
  File "<string>", line 1, in <module>
ModuleNotFoundError: No module named 'torch'
Traceback (most recent call last):
  File "<string>", line 1, in <module>
ModuleNotFoundError: No module named 'torch'
Traceback (most recent call last):
  File "<string>", line 1, in <module>
ModuleNotFoundError: No module named 'torch'
ModuleNotFoundError: No module named 'torch'
ModuleNotFoundError: No module named 'torch'
Traceback (most recent call last):
  File "<string>", line 1, in <module>
ModuleNotFoundError: No module named 'torch'
Traceback (most recent call last):
  File "<string>", line 1, in <module>
ModuleNotFoundError: No module named 'torch'
Traceback (most recent call last):
  File "<string>", line 1, in <module>
ModuleNotFoundError: No module named 'torch'
Traceback (most recent call last):
  File "<string>", line 1, in <module>
ModuleNotFoundError: No module named 'torch'
Traceback (most recent call last):
  File "<string>", line 1, in <module>
ModuleNotFoundError: No module named 'torch'
Traceback (most recent call last):
  File "<string>", line 1, in <module>
ModuleNotFoundError: No module named 'torch'
Traceback (most recent call last):
  File "<string>", line 1, in <module>
ModuleNotFoundError: No module named 'torch'
Traceback (most recent call last):
  File "<string>", line 1, in <module>
ModuleNotFoundError: No module named 'torch'
Traceback (most recent call last):
  File "<string>", line 1, in <module>
Traceback (most recent call last):
  File "<string>", line 1, in <module>
ModuleNotFoundError: No module named 'torch'
ModuleNotFoundError: No module named 'torch'
Traceback (most recent call last):
  File "<string>", line 1, in <module>
ModuleNotFoundError: No module named 'torch'
Traceback (most recent call last):
  File "<string>", line 1, in <module>
ModuleNotFoundError: No module named 'torch'
Traceback (most recent call last):
  File "<string>", line 1, in <module>
ModuleNotFoundError: No module named 'torch'
Traceback (most recent call last):
  File "<string>", line 1, in <module>
Traceback (most recent call last):
  File "<string>", line 1, in <module>
ModuleNotFoundError: No module named 'torch'
ModuleNotFoundError: No module named 'torch'
Traceback (most recent call last):
  File "<string>", line 1, in <module>
ModuleNotFoundError: No module named 'torch'
Traceback (most recent call last):
  File "<string>", line 1, in <module>
ModuleNotFoundError: No module named 'torch'
Traceback (most recent call last):
  File "<string>", line 1, in <module>
ModuleNotFoundError: No module named 'torch'
Traceback (most recent call last):
  File "<string>", line 1, in <module>
ModuleNotFoundError: No module named 'torch'
Traceback (most recent call last):
  File "<string>", line 1, in <module>
ModuleNotFoundError: No module named 'torch'
Traceback (most recent call last):
  File "<string>", line 1, in <module>
ModuleNotFoundError: No module named 'torch'
Traceback (most recent call last):
  File "<string>", line 1, in <module>
ModuleNotFoundError: No module named 'torch'
Traceback (most recent call last):
  File "<string>", line 1, in <module>
ModuleNotFoundError: No module named 'torch'
Traceback (most recent call last):
  File "<string>", line 1, in <module>
ModuleNotFoundError: No module named 'torch'
Traceback (most recent call last):
  File "<string>", line 1, in <module>
ModuleNotFoundError: No module named 'torch'
Traceback (most recent call last):
  File "<string>", line 1, in <module>
ModuleNotFoundError: No module named 'torch'
Traceback (most recent call last):
  File "<string>", line 1, in <module>
ModuleNotFoundError: No module named 'torch'
Traceback (most recent call last):
  File "<string>", line 1, in <module>
ModuleNotFoundError: No module named 'torch'
Traceback (most recent call last):
  File "<string>", line 1, in <module>
ModuleNotFoundError: No module named 'torch'
Traceback (most recent call last):
  File "<string>", line 1, in <module>
ModuleNotFoundError: No module named 'torch'
Traceback (most recent call last):
  File "<string>", line 1, in <module>
ModuleNotFoundError: No module named 'torch'
Traceback (most recent call last):
  File "<string>", line 1, in <module>
ModuleNotFoundError: No module named 'torch'
Traceback (most recent call last):
  File "<string>", line 1, in <module>
ModuleNotFoundError: No module named 'torch'
Traceback (most recent call last):
  File "<string>", line 1, in <module>
ModuleNotFoundError: No module named 'torch'
Traceback (most recent call last):
  File "<string>", line 1, in <module>
ModuleNotFoundError: No module named 'torch'
Traceback (most recent call last):
  File "<string>", line 1, in <module>
ModuleNotFoundError: No module named 'torch'
Traceback (most recent call last):
  File "<string>", line 1, in <module>
ModuleNotFoundError: No module named 'torch'
Traceback (most recent call last):
  File "<string>", line 1, in <module>
ModuleNotFoundError: No module named 'torch'
Traceback (most recent call last):
  File "<string>", line 1, in <module>
ModuleNotFoundError: No module named 'torch'
Traceback (most recent call last):
  File "<string>", line 1, in <module>
ModuleNotFoundError: No module named 'torch'
Traceback (most recent call last):
  File "<string>", line 1, in <module>
ModuleNotFoundError: No module named 'torch'
Traceback (most recent call last):
  File "<string>", line 1, in <module>
ModuleNotFoundError: No module named 'torch'
Traceback (most recent call last):
  File "<string>", line 1, in <module>
ModuleNotFoundError: No module named 'torch'
Traceback (most recent call last):
  File "<string>", line 1, in <module>
ModuleNotFoundError: No module named 'torch'
Traceback (most recent call last):
  File "<string>", line 1, in <module>
ModuleNotFoundError: No module named 'torch'
Traceback (most recent call last):
  File "<string>", line 1, in <module>
ModuleNotFoundError: No module named 'torch'
Traceback (most recent call last):
  File "<string>", line 1, in <module>
ModuleNotFoundError: No module named 'torch'
Traceback (most recent call last):
  File "<string>", line 1, in <module>
ModuleNotFoundError: No module named 'torch'
Traceback (most recent call last):
  File "<string>", line 1, in <module>
ModuleNotFoundError: No module named 'torch'
Traceback (most recent call last):
  File "<string>", line 1, in <module>
Traceback (most recent call last):
  File "<string>", line 1, in <module>
ModuleNotFoundError: No module named 'torch'
ModuleNotFoundError: No module named 'torch'
Traceback (most recent call last):
  File "<string>", line 1, in <module>
ModuleNotFoundError: No module named 'torch'
Traceback (most recent call last):
  File "<string>", line 1, in <module>
ModuleNotFoundError: No module named 'torch'
Traceback (most recent call last):
  File "<string>", line 1, in <module>
ModuleNotFoundError: No module named 'torch'
Traceback (most recent call last):
  File "<string>", line 1, in <module>
ModuleNotFoundError: No module named 'torch'
Traceback (most recent call last):
  File "<string>", line 1, in <module>
ModuleNotFoundError: No module named 'torch'
Traceback (most recent call last):
  File "<string>", line 1, in <module>
ModuleNotFoundError: No module named 'torch'
Traceback (most recent call last):
  File "<string>", line 1, in <module>
ModuleNotFoundError: No module named 'torch'
Traceback (most recent call last):
  File "<string>", line 1, in <module>
ModuleNotFoundError: No module named 'torch'
Traceback (most recent call last):
  File "<string>", line 1, in <module>
ModuleNotFoundError: No module named 'torch'
Traceback (most recent call last):
  File "<string>", line 1, in <module>
ModuleNotFoundError: No module named 'torch'
Traceback (most recent call last):
  File "<string>", line 1, in <module>
ModuleNotFoundError: No module named 'torch'
Traceback (most recent call last):
  File "<string>", line 1, in <module>
ModuleNotFoundError: No module named 'torch'
Traceback (most recent call last):
  File "<string>", line 1, in <module>
Traceback (most recent call last):
  File "<string>", line 1, in <module>
ModuleNotFoundError: No module named 'torch'
Traceback (most recent call last):
  File "<string>", line 1, in <module>
ModuleNotFoundError: No module named 'torch'
ModuleNotFoundError: No module named 'torch'
Traceback (most recent call last):
  File "<string>", line 1, in <module>
ModuleNotFoundError: No module named 'torch'
Traceback (most recent call last):
  File "<string>", line 1, in <module>
ModuleNotFoundError: No module named 'torch'
Traceback (most recent call last):
  File "<string>", line 1, in <module>
ModuleNotFoundError: No module named 'torch'
Traceback (most recent call last):
  File "<string>", line 1, in <module>
ModuleNotFoundError: No module named 'torch'
Traceback (most recent call last):
  File "<string>", line 1, in <module>
ModuleNotFoundError: No module named 'torch'
Traceback (most recent call last):
  File "<string>", line 1, in <module>
ModuleNotFoundError: No module named 'torch'
Traceback (most recent call last):
  File "<string>", line 1, in <module>
ModuleNotFoundError: No module named 'torch'
Traceback (most recent call last):
  File "<string>", line 1, in <module>
ModuleNotFoundError: No module named 'torch'
Traceback (most recent call last):
  File "<string>", line 1, in <module>
ModuleNotFoundError: No module named 'torch'
Traceback (most recent call last):
  File "<string>", line 1, in <module>
ModuleNotFoundError: No module named 'torch'
Traceback (most recent call last):
  File "<string>", line 1, in <module>
ModuleNotFoundError: No module named 'torch'
Traceback (most recent call last):
  File "<string>", line 1, in <module>
ModuleNotFoundError: No module named 'torch'
Traceback (most recent call last):
  File "<string>", line 1, in <module>
ModuleNotFoundError: No module named 'torch'
Traceback (most recent call last):
  File "<string>", line 1, in <module>
ModuleNotFoundError: No module named 'torch'
Traceback (most recent call last):
  File "<string>", line 1, in <module>
ModuleNotFoundError: No module named 'torch'
Traceback (most recent call last):
  File "<string>", line 1, in <module>
ModuleNotFoundError: No module named 'torch'
Traceback (most recent call last):
  File "<string>", line 1, in <module>
ModuleNotFoundError: No module named 'torch'
Traceback (most recent call last):
  File "<string>", line 1, in <module>
ModuleNotFoundError: No module named 'torch'
Traceback (most recent call last):
  File "<string>", line 1, in <module>
ModuleNotFoundError: No module named 'torch'
Traceback (most recent call last):
  File "<string>", line 1, in <module>
ModuleNotFoundError: No module named 'torch'
Traceback (most recent call last):
  File "<string>", line 1, in <module>
Traceback (most recent call last):
  File "<string>", line 1, in <module>
ModuleNotFoundError: No module named 'torch'
ModuleNotFoundError: No module named 'torch'
Traceback (most recent call last):
  File "<string>", line 1, in <module>
ModuleNotFoundError: No module named 'torch'
Traceback (most recent call last):
  File "<string>", line 1, in <module>
ModuleNotFoundError: No module named 'torch'
Traceback (most recent call last):
  File "<string>", line 1, in <module>
ModuleNotFoundError: No module named 'torch'
Traceback (most recent call last):
  File "<string>", line 1, in <module>
ModuleNotFoundError: No module named 'torch'
Traceback (most recent call last):
  File "<string>", line 1, in <module>
ModuleNotFoundError: No module named 'torch'
Traceback (most recent call last):
  File "<string>", line 1, in <module>
ModuleNotFoundError: No module named 'torch'
Traceback (most recent call last):
  File "<string>", line 1, in <module>
ModuleNotFoundError: No module named 'torch'
Traceback (most recent call last):
  File "<string>", line 1, in <module>
ModuleNotFoundError: No module named 'torch'
Traceback (most recent call last):
  File "<string>", line 1, in <module>
ModuleNotFoundError: No module named 'torch'
Traceback (most recent call last):
  File "<string>", line 1, in <module>
ModuleNotFoundError: No module named 'torch'
Traceback (most recent call last):
  File "<string>", line 1, in <module>
ModuleNotFoundError: No module named 'torch'
Traceback (most recent call last):
  File "<string>", line 1, in <module>
ModuleNotFoundError: No module named 'torch'
Traceback (most recent call last):
  File "<string>", line 1, in <module>
ModuleNotFoundError: No module named 'torch'
Traceback (most recent call last):
  File "<string>", line 1, in <module>
ModuleNotFoundError: No module named 'torch'
Traceback (most recent call last):
  File "<string>", line 1, in <module>
ModuleNotFoundError: No module named 'torch'
Traceback (most recent call last):
  File "<string>", line 1, in <module>
ModuleNotFoundError: No module named 'torch'
Traceback (most recent call last):
  File "<string>", line 1, in <module>
ModuleNotFoundError: No module named 'torch'
Traceback (most recent call last):
  File "<string>", line 1, in <module>
ModuleNotFoundError: No module named 'torch'
Traceback (most recent call last):
  File "<string>", line 1, in <module>
ModuleNotFoundError: No module named 'torch'
Traceback (most recent call last):
  File "<string>", line 1, in <module>
ModuleNotFoundError: No module named 'torch'
Traceback (most recent call last):
  File "<string>", line 1, in <module>
ModuleNotFoundError: No module named 'torch'
Traceback (most recent call last):
  File "<string>", line 1, in <module>
ModuleNotFoundError: No module named 'torch'
Traceback (most recent call last):
  File "<string>", line 1, in <module>
ModuleNotFoundError: No module named 'torch'
Traceback (most recent call last):
  File "<string>", line 1, in <module>
ModuleNotFoundError: No module named 'torch'
Traceback (most recent call last):
  File "<string>", line 1, in <module>
ModuleNotFoundError: No module named 'torch'
Traceback (most recent call last):
  File "<string>", line 1, in <module>
ModuleNotFoundError: No module named 'torch'
Traceback (most recent call last):
  File "<string>", line 1, in <module>
ModuleNotFoundError: No module named 'torch'
Traceback (most recent call last):
  File "<string>", line 1, in <module>
ModuleNotFoundError: No module named 'torch'
Traceback (most recent call last):
  File "<string>", line 1, in <module>
ModuleNotFoundError: No module named 'torch'
Traceback (most recent call last):
  File "<string>", line 1, in <module>
ModuleNotFoundError: No module named 'torch'
Traceback (most recent call last):
  File "<string>", line 1, in <module>
ModuleNotFoundError: No module named 'torch'
Traceback (most recent call last):
  File "<string>", line 1, in <module>
ModuleNotFoundError: No module named 'torch'
Traceback (most recent call last):
  File "<string>", line 1, in <module>
ModuleNotFoundError: No module named 'torch'
Traceback (most recent call last):
  File "<string>", line 1, in <module>
ModuleNotFoundError: No module named 'torch'
Traceback (most recent call last):
  File "<string>", line 1, in <module>
ModuleNotFoundError: No module named 'torch'
Traceback (most recent call last):
  File "<string>", line 1, in <module>
ModuleNotFoundError: No module named 'torch'
Traceback (most recent call last):
  File "<string>", line 1, in <module>
ModuleNotFoundError: No module named 'torch'
Traceback (most recent call last):
  File "<string>", line 1, in <module>
ModuleNotFoundError: No module named 'torch'
Traceback (most recent call last):
  File "<string>", line 1, in <module>
ModuleNotFoundError: No module named 'torch'
Traceback (most recent call last):
  File "<string>", line 1, in <module>
ModuleNotFoundError: No module named 'torch'
Traceback (most recent call last):
  File "<string>", line 1, in <module>
ModuleNotFoundError: No module named 'torch'
Traceback (most recent call last):
  File "<string>", line 1, in <module>
ModuleNotFoundError: No module named 'torch'
Traceback (most recent call last):
  File "<string>", line 1, in <module>
ModuleNotFoundError: No module named 'torch'
Traceback (most recent call last):
  File "<string>", line 1, in <module>
ModuleNotFoundError: No module named 'torch'
Traceback (most recent call last):
  File "<string>", line 1, in <module>
Traceback (most recent call last):
  File "<string>", line 1, in <module>
ModuleNotFoundError: No module named 'torch'
Traceback (most recent call last):
  File "<string>", line 1, in <module>
ModuleNotFoundError: No module named 'torch'
ModuleNotFoundError: No module named 'torch'
Traceback (most recent call last):
  File "<string>", line 1, in <module>
ModuleNotFoundError: No module named 'torch'
Traceback (most recent call last):
  File "<string>", line 1, in <module>
ModuleNotFoundError: No module named 'torch'
Traceback (most recent call last):
  File "<string>", line 1, in <module>
ModuleNotFoundError: No module named 'torch'
Traceback (most recent call last):
  File "<string>", line 1, in <module>
ModuleNotFoundError: No module named 'torch'
Traceback (most recent call last):
  File "<string>", line 1, in <module>
ModuleNotFoundError: No module named 'torch'
Traceback (most recent call last):
  File "<string>", line 1, in <module>
Traceback (most recent call last):
  File "<string>", line 1, in <module>
ModuleNotFoundError: No module named 'torch'
Traceback (most recent call last):
  File "<string>", line 1, in <module>
ModuleNotFoundError: No module named 'torch'
Traceback (most recent call last):
  File "<string>", line 1, in <module>
ModuleNotFoundError: No module named 'torch'
ModuleNotFoundError: No module named 'torch'
Traceback (most recent call last):
  File "<string>", line 1, in <module>
ModuleNotFoundError: No module named 'torch'
Traceback (most recent call last):
  File "<string>", line 1, in <module>
ModuleNotFoundError: No module named 'torch'
Traceback (most recent call last):
  File "<string>", line 1, in <module>
ModuleNotFoundError: No module named 'torch'
Traceback (most recent call last):
  File "<string>", line 1, in <module>
ModuleNotFoundError: No module named 'torch'
Traceback (most recent call last):
  File "<string>", line 1, in <module>
ModuleNotFoundError: No module named 'torch'
Traceback (most recent call last):
  File "<string>", line 1, in <module>
ModuleNotFoundError: No module named 'torch'
Traceback (most recent call last):
  File "<string>", line 1, in <module>
ModuleNotFoundError: No module named 'torch'
Traceback (most recent call last):
  File "<string>", line 1, in <module>
ModuleNotFoundError: No module named 'torch'
Traceback (most recent call last):
  File "<string>", line 1, in <module>
Traceback (most recent call last):
  File "<string>", line 1, in <module>
ModuleNotFoundError: No module named 'torch'
Traceback (most recent call last):
  File "<string>", line 1, in <module>
ModuleNotFoundError: No module named 'torch'
Traceback (most recent call last):
  File "<string>", line 1, in <module>
ModuleNotFoundError: No module named 'torch'
ModuleNotFoundError: No module named 'torch'
Traceback (most recent call last):
  File "<string>", line 1, in <module>
ModuleNotFoundError: No module named 'torch'
Traceback (most recent call last):
  File "<string>", line 1, in <module>
ModuleNotFoundError: No module named 'torch'
Traceback (most recent call last):
  File "<string>", line 1, in <module>
ModuleNotFoundError: No module named 'torch'
Traceback (most recent call last):
  File "<string>", line 1, in <module>
ModuleNotFoundError: No module named 'torch'
Traceback (most recent call last):
  File "<string>", line 1, in <module>
ModuleNotFoundError: No module named 'torch'
Traceback (most recent call last):
  File "<string>", line 1, in <module>
ModuleNotFoundError: No module named 'torch'
Traceback (most recent call last):
  File "<string>", line 1, in <module>
ModuleNotFoundError: No module named 'torch'
Traceback (most recent call last):
  File "<string>", line 1, in <module>
ModuleNotFoundError: No module named 'torch'
Traceback (most recent call last):
  File "<string>", line 1, in <module>
ModuleNotFoundError: No module named 'torch'
Traceback (most recent call last):
  File "<string>", line 1, in <module>
ModuleNotFoundError: No module named 'torch'
Traceback (most recent call last):
  File "<string>", line 1, in <module>
ModuleNotFoundError: No module named 'torch'
Traceback (most recent call last):
  File "<string>", line 1, in <module>
ModuleNotFoundError: No module named 'torch'
Traceback (most recent call last):
  File "<string>", line 1, in <module>
ModuleNotFoundError: No module named 'torch'
Traceback (most recent call last):
  File "<string>", line 1, in <module>
ModuleNotFoundError: No module named 'torch'
Traceback (most recent call last):
  File "<string>", line 1, in <module>
ModuleNotFoundError: No module named 'torch'
Traceback (most recent call last):
  File "<string>", line 1, in <module>
ModuleNotFoundError: No module named 'torch'
Traceback (most recent call last):
  File "<string>", line 1, in <module>
ModuleNotFoundError: No module named 'torch'
Traceback (most recent call last):
  File "<string>", line 1, in <module>
ModuleNotFoundError: No module named 'torch'
Traceback (most recent call last):
  File "<string>", line 1, in <module>
ModuleNotFoundError: No module named 'torch'
Traceback (most recent call last):
  File "<string>", line 1, in <module>
ModuleNotFoundError: No module named 'torch'
Traceback (most recent call last):
  File "<string>", line 1, in <module>
Traceback (most recent call last):
  File "<string>", line 1, in <module>
ModuleNotFoundError: No module named 'torch'
Traceback (most recent call last):
  File "<string>", line 1, in <module>
ModuleNotFoundError: No module named 'torch'
Traceback (most recent call last):
  File "<string>", line 1, in <module>
ModuleNotFoundError: No module named 'torch'
Traceback (most recent call last):
  File "<string>", line 1, in <module>
ModuleNotFoundError: No module named 'torch'
Traceback (most recent call last):
  File "<string>", line 1, in <module>
ModuleNotFoundError: No module named 'torch'
ModuleNotFoundError: No module named 'torch'
Traceback (most recent call last):
  File "<string>", line 1, in <module>
ModuleNotFoundError: No module named 'torch'
Traceback (most recent call last):
Traceback (most recent call last):
  File "<string>", line 1, in <module>
ModuleNotFoundError: No module named 'torch'
Traceback (most recent call last):
  File "<string>", line 1, in <module>
ModuleNotFoundError: No module named 'torch'
Traceback (most recent call last):
  File "<string>", line 1, in <module>
ModuleNotFoundError: No module named 'torch'
Traceback (most recent call last):
  File "<string>", line 1, in <module>
ModuleNotFoundError: No module named 'torch'
Traceback (most recent call last):
  File "<string>", line 1, in <module>
ModuleNotFoundError: No module named 'torch'
Traceback (most recent call last):
  File "<string>", line 1, in <module>
ModuleNotFoundError: No module named 'torch'
Traceback (most recent call last):
  File "<string>", line 1, in <module>
ModuleNotFoundError: No module named 'torch'
Traceback (most recent call last):
  File "<string>", line 1, in <module>
ModuleNotFoundError: No module named 'torch'
  File "<string>", line 1, in <module>
Traceback (most recent call last):
  File "<string>", line 1, in <module>
ModuleNotFoundError: No module named 'torch'
Traceback (most recent call last):
  File "<string>", line 1, in <module>
ModuleNotFoundError: No module named 'torch'
Traceback (most recent call last):
  File "<string>", line 1, in <module>
ModuleNotFoundError: No module named 'torch'
Traceback (most recent call last):
  File "<string>", line 1, in <module>
ModuleNotFoundError: No module named 'torch'
Traceback (most recent call last):
  File "<string>", line 1, in <module>
ModuleNotFoundError: No module named 'torch'
ModuleNotFoundError: No module named 'torch'
Traceback (most recent call last):
  File "<string>", line 1, in <module>
ModuleNotFoundError: No module named 'torch'
Traceback (most recent call last):
  File "<string>", line 1, in <module>
ModuleNotFoundError: No module named 'torch'
Traceback (most recent call last):
  File "<string>", line 1, in <module>
ModuleNotFoundError: No module named 'torch'
Traceback (most recent call last):
  File "<string>", line 1, in <module>
ModuleNotFoundError: No module named 'torch'
Traceback (most recent call last):
  File "<string>", line 1, in <module>
ModuleNotFoundError: No module named 'torch'
Traceback (most recent call last):
  File "<string>", line 1, in <module>
ModuleNotFoundError: No module named 'torch'
Traceback (most recent call last):
  File "<string>", line 1, in <module>
ModuleNotFoundError: No module named 'torch'
Traceback (most recent call last):
  File "<string>", line 1, in <module>
ModuleNotFoundError: No module named 'torch'
Traceback (most recent call last):
  File "<string>", line 1, in <module>
ModuleNotFoundError: No module named 'torch'
Traceback (most recent call last):
  File "<string>", line 1, in <module>
ModuleNotFoundError: No module named 'torch'
Traceback (most recent call last):
Traceback (most recent call last):
  File "<string>", line 1, in <module>
ModuleNotFoundError: No module named 'torch'
  File "<string>", line 1, in <module>
ModuleNotFoundError: No module named 'torch'
Traceback (most recent call last):
  File "<string>", line 1, in <module>
ModuleNotFoundError: No module named 'torch'
Traceback (most recent call last):
  File "<string>", line 1, in <module>
ModuleNotFoundError: No module named 'torch'
Traceback (most recent call last):
  File "<string>", line 1, in <module>
ModuleNotFoundError: No module named 'torch'
Traceback (most recent call last):
  File "<string>", line 1, in <module>
ModuleNotFoundError: No module named 'torch'
Traceback (most recent call last):
  File "<string>", line 1, in <module>
ModuleNotFoundError: No module named 'torch'
Traceback (most recent call last):
  File "<string>", line 1, in <module>
ModuleNotFoundError: No module named 'torch'
Traceback (most recent call last):
  File "<string>", line 1, in <module>
ModuleNotFoundError: No module named 'torch'
Traceback (most recent call last):
  File "<string>", line 1, in <module>
ModuleNotFoundError: No module named 'torch'
Traceback (most recent call last):
  File "<string>", line 1, in <module>
ModuleNotFoundError: No module named 'torch'
Traceback (most recent call last):
  File "<string>", line 1, in <module>
ModuleNotFoundError: No module named 'torch'
Traceback (most recent call last):
  File "<string>", line 1, in <module>
ModuleNotFoundError: No module named 'torch'
Traceback (most recent call last):
  File "<string>", line 1, in <module>
ModuleNotFoundError: No module named 'torch'
Traceback (most recent call last):
  File "<string>", line 1, in <module>
ModuleNotFoundError: No module named 'torch'
Traceback (most recent call last):
  File "<string>", line 1, in <module>
ModuleNotFoundError: No module named 'torch'
Traceback (most recent call last):
  File "<string>", line 1, in <module>
ModuleNotFoundError: No module named 'torch'
Traceback (most recent call last):
  File "<string>", line 1, in <module>
ModuleNotFoundError: No module named 'torch'
Traceback (most recent call last):
  File "<string>", line 1, in <module>
ModuleNotFoundError: No module named 'torch'
Traceback (most recent call last):
  File "<string>", line 1, in <module>
ModuleNotFoundError: No module named 'torch'
Traceback (most recent call last):
  File "<string>", line 1, in <module>
ModuleNotFoundError: No module named 'torch'
Traceback (most recent call last):
  File "<string>", line 1, in <module>
ModuleNotFoundError: No module named 'torch'
Traceback (most recent call last):
  File "<string>", line 1, in <module>
ModuleNotFoundError: No module named 'torch'
Traceback (most recent call last):
  File "<string>", line 1, in <module>
ModuleNotFoundError: No module named 'torch'
Traceback (most recent call last):
  File "<string>", line 1, in <module>
ModuleNotFoundError: No module named 'torch'
Traceback (most recent call last):
  File "<string>", line 1, in <module>
ModuleNotFoundError: No module named 'torch'
Traceback (most recent call last):
  File "<string>", line 1, in <module>
ModuleNotFoundError: No module named 'torch'
Traceback (most recent call last):
  File "<string>", line 1, in <module>
ModuleNotFoundError: No module named 'torch'
Traceback (most recent call last):
  File "<string>", line 1, in <module>
ModuleNotFoundError: No module named 'torch'
Traceback (most recent call last):
  File "<string>", line 1, in <module>
ModuleNotFoundError: No module named 'torch'
Traceback (most recent call last):
  File "<string>", line 1, in <module>
ModuleNotFoundError: No module named 'torch'
Traceback (most recent call last):
  File "<string>", line 1, in <module>
Traceback (most recent call last):
  File "<string>", line 1, in <module>
ModuleNotFoundError: No module named 'torch'
Traceback (most recent call last):
  File "<string>", line 1, in <module>
ModuleNotFoundError: No module named 'torch'
Traceback (most recent call last):
  File "<string>", line 1, in <module>
ModuleNotFoundError: No module named 'torch'
Traceback (most recent call last):
  File "<string>", line 1, in <module>
ModuleNotFoundError: No module named 'torch'
ModuleNotFoundError: No module named 'torch'
Traceback (most recent call last):
Traceback (most recent call last):
  File "<string>", line 1, in <module>
ModuleNotFoundError: No module named 'torch'
Traceback (most recent call last):
  File "<string>", line 1, in <module>
ModuleNotFoundError: No module named 'torch'
Traceback (most recent call last):
  File "<string>", line 1, in <module>
ModuleNotFoundError: No module named 'torch'
  File "<string>", line 1, in <module>
ModuleNotFoundError: No module named 'torch'
Traceback (most recent call last):
  File "<string>", line 1, in <module>
ModuleNotFoundError: No module named 'torch'
Traceback (most recent call last):
  File "<string>", line 1, in <module>
ModuleNotFoundError: No module named 'torch'
Traceback (most recent call last):
  File "<string>", line 1, in <module>
ModuleNotFoundError: No module named 'torch'
Traceback (most recent call last):
  File "<string>", line 1, in <module>
ModuleNotFoundError: No module named 'torch'
Traceback (most recent call last):
  File "<string>", line 1, in <module>
ModuleNotFoundError: No module named 'torch'
Traceback (most recent call last):
  File "<string>", line 1, in <module>
ModuleNotFoundError: No module named 'torch'
Traceback (most recent call last):
  File "<string>", line 1, in <module>
Traceback (most recent call last):
  File "<string>", line 1, in <module>
ModuleNotFoundError: No module named 'torch'
Traceback (most recent call last):
  File "<string>", line 1, in <module>
ModuleNotFoundError: No module named 'torch'
Traceback (most recent call last):
  File "<string>", line 1, in <module>
ModuleNotFoundError: No module named 'torch'
ModuleNotFoundError: No module named 'torch'
Traceback (most recent call last):
  File "<string>", line 1, in <module>
ModuleNotFoundError: No module named 'torch'
Traceback (most recent call last):
  File "<string>", line 1, in <module>
ModuleNotFoundError: No module named 'torch'
Traceback (most recent call last):
  File "<string>", line 1, in <module>
ModuleNotFoundError: No module named 'torch'
Traceback (most recent call last):
  File "<string>", line 1, in <module>
ModuleNotFoundError: No module named 'torch'
Traceback (most recent call last):
  File "<string>", line 1, in <module>
ModuleNotFoundError: No module named 'torch'
Traceback (most recent call last):
  File "<string>", line 1, in <module>
ModuleNotFoundError: No module named 'torch'
Traceback (most recent call last):
  File "<string>", line 1, in <module>
ModuleNotFoundError: No module named 'torch'
Traceback (most recent call last):
  File "<string>", line 1, in <module>
ModuleNotFoundError: No module named 'torch'
Traceback (most recent call last):
  File "<string>", line 1, in <module>
ModuleNotFoundError: No module named 'torch'
Traceback (most recent call last):
  File "<string>", line 1, in <module>
ModuleNotFoundError: No module named 'torch'
Traceback (most recent call last):
  File "<string>", line 1, in <module>
ModuleNotFoundError: No module named 'torch'
Traceback (most recent call last):
  File "<string>", line 1, in <module>
ModuleNotFoundError: No module named 'torch'
Traceback (most recent call last):
  File "<string>", line 1, in <module>
ModuleNotFoundError: No module named 'torch'
Traceback (most recent call last):
  File "<string>", line 1, in <module>
ModuleNotFoundError: No module named 'torch'
Traceback (most recent call last):
  File "<string>", line 1, in <module>
ModuleNotFoundError: No module named 'torch'
Traceback (most recent call last):
  File "<string>", line 1, in <module>
ModuleNotFoundError: No module named 'torch'
Traceback (most recent call last):
  File "<string>", line 1, in <module>
ModuleNotFoundError: No module named 'torch'
Traceback (most recent call last):
  File "<string>", line 1, in <module>
ModuleNotFoundError: No module named 'torch'
Traceback (most recent call last):
  File "<string>", line 1, in <module>
ModuleNotFoundError: No module named 'torch'
Traceback (most recent call last):
  File "<string>", line 1, in <module>
ModuleNotFoundError: No module named 'torch'
Traceback (most recent call last):
  File "<string>", line 1, in <module>
ModuleNotFoundError: No module named 'torch'
Traceback (most recent call last):
  File "<string>", line 1, in <module>
ModuleNotFoundError: No module named 'torch'
Traceback (most recent call last):
  File "<string>", line 1, in <module>
ModuleNotFoundError: No module named 'torch'
Traceback (most recent call last):
  File "<string>", line 1, in <module>
ModuleNotFoundError: No module named 'torch'
Traceback (most recent call last):
  File "<string>", line 1, in <module>
ModuleNotFoundError: No module named 'torch'
Traceback (most recent call last):
  File "<string>", line 1, in <module>
ModuleNotFoundError: No module named 'torch'
Traceback (most recent call last):
  File "<string>", line 1, in <module>
ModuleNotFoundError: No module named 'torch'
Traceback (most recent call last):
  File "<string>", line 1, in <module>
ModuleNotFoundError: No module named 'torch'
Traceback (most recent call last):
  File "<string>", line 1, in <module>
ModuleNotFoundError: No module named 'torch'
Traceback (most recent call last):
  File "<string>", line 1, in <module>
ModuleNotFoundError: No module named 'torch'
Traceback (most recent call last):
  File "<string>", line 1, in <module>
ModuleNotFoundError: No module named 'torch'
Traceback (most recent call last):
  File "<string>", line 1, in <module>
ModuleNotFoundError: No module named 'torch'
Traceback (most recent call last):
  File "<string>", line 1, in <module>
ModuleNotFoundError: No module named 'torch'
Traceback (most recent call last):
  File "<string>", line 1, in <module>
ModuleNotFoundError: No module named 'torch'
Traceback (most recent call last):
  File "<string>", line 1, in <module>
ModuleNotFoundError: No module named 'torch'
Traceback (most recent call last):
  File "<string>", line 1, in <module>
ModuleNotFoundError: No module named 'torch'
Traceback (most recent call last):
  File "<string>", line 1, in <module>
ModuleNotFoundError: No module named 'torch'
Traceback (most recent call last):
  File "<string>", line 1, in <module>
ModuleNotFoundError: No module named 'torch'
Traceback (most recent call last):
  File "<string>", line 1, in <module>
ModuleNotFoundError: No module named 'torch'
Traceback (most recent call last):
  File "<string>", line 1, in <module>
ModuleNotFoundError: No module named 'torch'
Traceback (most recent call last):
  File "<string>", line 1, in <module>
ModuleNotFoundError: No module named 'torch'
Traceback (most recent call last):
  File "<string>", line 1, in <module>
ModuleNotFoundError: No module named 'torch'
Traceback (most recent call last):
  File "<string>", line 1, in <module>
ModuleNotFoundError: No module named 'torch'
Traceback (most recent call last):
  File "<string>", line 1, in <module>
ModuleNotFoundError: No module named 'torch'
Traceback (most recent call last):
  File "<string>", line 1, in <module>
Traceback (most recent call last):
  File "<string>", line 1, in <module>
ModuleNotFoundError: No module named 'torch'
Traceback (most recent call last):
  File "<string>", line 1, in <module>
ModuleNotFoundError: No module named 'torch'
Traceback (most recent call last):
  File "<string>", line 1, in <module>
Traceback (most recent call last):
ModuleNotFoundError: No module named 'torch'
Traceback (most recent call last):
  File "<string>", line 1, in <module>
ModuleNotFoundError: No module named 'torch'
Traceback (most recent call last):
  File "<string>", line 1, in <module>
ModuleNotFoundError: No module named 'torch'
Traceback (most recent call last):
  File "<string>", line 1, in <module>
ModuleNotFoundError: No module named 'torch'
Traceback (most recent call last):
  File "<string>", line 1, in <module>
ModuleNotFoundError: No module named 'torch'
ModuleNotFoundError: No module named 'torch'
  File "<string>", line 1, in <module>
ModuleNotFoundError: No module named 'torch'
Traceback (most recent call last):
  File "<string>", line 1, in <module>
ModuleNotFoundError: No module named 'torch'
Traceback (most recent call last):
  File "<string>", line 1, in <module>
ModuleNotFoundError: No module named 'torch'
Traceback (most recent call last):
  File "<string>", line 1, in <module>
ModuleNotFoundError: No module named 'torch'
Traceback (most recent call last):
  File "<string>", line 1, in <module>
ModuleNotFoundError: No module named 'torch'
Traceback (most recent call last):
  File "<string>", line 1, in <module>
ModuleNotFoundError: No module named 'torch'
Traceback (most recent call last):
  File "<string>", line 1, in <module>
ModuleNotFoundError: No module named 'torch'
Traceback (most recent call last):
  File "<string>", line 1, in <module>
ModuleNotFoundError: No module named 'torch'
Traceback (most recent call last):
  File "<string>", line 1, in <module>
ModuleNotFoundError: No module named 'torch'
Traceback (most recent call last):
  File "<string>", line 1, in <module>
ModuleNotFoundError: No module named 'torch'
Traceback (most recent call last):
  File "<string>", line 1, in <module>
ModuleNotFoundError: No module named 'torch'
Traceback (most recent call last):
  File "<string>", line 1, in <module>
Traceback (most recent call last):
  File "<string>", line 1, in <module>
ModuleNotFoundError: No module named 'torch'
Traceback (most recent call last):
  File "<string>", line 1, in <module>
ModuleNotFoundError: No module named 'torch'
Traceback (most recent call last):
  File "<string>", line 1, in <module>
ModuleNotFoundError: No module named 'torch'
Traceback (most recent call last):
  File "<string>", line 1, in <module>
ModuleNotFoundError: No module named 'torch'
Traceback (most recent call last):
  File "<string>", line 1, in <module>
ModuleNotFoundError: No module named 'torch'
Traceback (most recent call last):
ModuleNotFoundError: No module named 'torch'
Traceback (most recent call last):
  File "<string>", line 1, in <module>
ModuleNotFoundError: No module named 'torch'
Traceback (most recent call last):
  File "<string>", line 1, in <module>
ModuleNotFoundError: No module named 'torch'
Traceback (most recent call last):
  File "<string>", line 1, in <module>
ModuleNotFoundError: No module named 'torch'
Traceback (most recent call last):
  File "<string>", line 1, in <module>
ModuleNotFoundError: No module named 'torch'
Traceback (most recent call last):
  File "<string>", line 1, in <module>
ModuleNotFoundError: No module named 'torch'
  File "<string>", line 1, in <module>
Traceback (most recent call last):
  File "<string>", line 1, in <module>
ModuleNotFoundError: No module named 'torch'
Traceback (most recent call last):
  File "<string>", line 1, in <module>
ModuleNotFoundError: No module named 'torch'
Traceback (most recent call last):
  File "<string>", line 1, in <module>
ModuleNotFoundError: No module named 'torch'
Traceback (most recent call last):
  File "<string>", line 1, in <module>
ModuleNotFoundError: No module named 'torch'
Traceback (most recent call last):
  File "<string>", line 1, in <module>
ModuleNotFoundError: No module named 'torch'
ModuleNotFoundError: No module named 'torch'
Traceback (most recent call last):
  File "<string>", line 1, in <module>
ModuleNotFoundError: No module named 'torch'
Traceback (most recent call last):
  File "<string>", line 1, in <module>
ModuleNotFoundError: No module named 'torch'
Traceback (most recent call last):
  File "<string>", line 1, in <module>
Traceback (most recent call last):
  File "<string>", line 1, in <module>
ModuleNotFoundError: No module named 'torch'
Traceback (most recent call last):
  File "<string>", line 1, in <module>
ModuleNotFoundError: No module named 'torch'
Traceback (most recent call last):
  File "<string>", line 1, in <module>
ModuleNotFoundError: No module named 'torch'
Traceback (most recent call last):
  File "<string>", line 1, in <module>
ModuleNotFoundError: No module named 'torch'
Traceback (most recent call last):
  File "<string>", line 1, in <module>
ModuleNotFoundError: No module named 'torch'
Traceback (most recent call last):
  File "<string>", line 1, in <module>
ModuleNotFoundError: No module named 'torch'
ModuleNotFoundError: No module named 'torch'
Traceback (most recent call last):
  File "<string>", line 1, in <module>
Traceback (most recent call last):
  File "<string>", line 1, in <module>
ModuleNotFoundError: No module named 'torch'
Traceback (most recent call last):
  File "<string>", line 1, in <module>
ModuleNotFoundError: No module named 'torch'
Traceback (most recent call last):
  File "<string>", line 1, in <module>
ModuleNotFoundError: No module named 'torch'
Traceback (most recent call last):
  File "<string>", line 1, in <module>
ModuleNotFoundError: No module named 'torch'
Traceback (most recent call last):
  File "<string>", line 1, in <module>
ModuleNotFoundError: No module named 'torch'
Traceback (most recent call last):
  File "<string>", line 1, in <module>
ModuleNotFoundError: No module named 'torch'
ModuleNotFoundError: No module named 'torch'
Traceback (most recent call last):
  File "<string>", line 1, in <module>
ModuleNotFoundError: No module named 'torch'
Traceback (most recent call last):
  File "<string>", line 1, in <module>
Traceback (most recent call last):
  File "<string>", line 1, in <module>
ModuleNotFoundError: No module named 'torch'
Traceback (most recent call last):
  File "<string>", line 1, in <module>
ModuleNotFoundError: No module named 'torch'
Traceback (most recent call last):
  File "<string>", line 1, in <module>
ModuleNotFoundError: No module named 'torch'
ModuleNotFoundError: No module named 'torch'
Traceback (most recent call last):
  File "<string>", line 1, in <module>
ModuleNotFoundError: No module named 'torch'
Traceback (most recent call last):
  File "<string>", line 1, in <module>
ModuleNotFoundError: No module named 'torch'
Traceback (most recent call last):
  File "<string>", line 1, in <module>
ModuleNotFoundError: No module named 'torch'
Traceback (most recent call last):
  File "<string>", line 1, in <module>
ModuleNotFoundError: No module named 'torch'
Traceback (most recent call last):
  File "<string>", line 1, in <module>
ModuleNotFoundError: No module named 'torch'
Traceback (most recent call last):
  File "<string>", line 1, in <module>
ModuleNotFoundError: No module named 'torch'
Traceback (most recent call last):
  File "<string>", line 1, in <module>
ModuleNotFoundError: No module named 'torch'
Traceback (most recent call last):
  File "<string>", line 1, in <module>
ModuleNotFoundError: No module named 'torch'
Traceback (most recent call last):
  File "<string>", line 1, in <module>
ModuleNotFoundError: No module named 'torch'
Traceback (most recent call last):
  File "<string>", line 1, in <module>
ModuleNotFoundError: No module named 'torch'
Traceback (most recent call last):
  File "<string>", line 1, in <module>
ModuleNotFoundError: No module named 'torch'
Traceback (most recent call last):
  File "<string>", line 1, in <module>
ModuleNotFoundError: No module named 'torch'
Traceback (most recent call last):
  File "<string>", line 1, in <module>
ModuleNotFoundError: No module named 'torch'
Traceback (most recent call last):
  File "<string>", line 1, in <module>
ModuleNotFoundError: No module named 'torch'
Traceback (most recent call last):
  File "<string>", line 1, in <module>
ModuleNotFoundError: No module named 'torch'
Traceback (most recent call last):
  File "<string>", line 1, in <module>
ModuleNotFoundError: No module named 'torch'
Traceback (most recent call last):
  File "<string>", line 1, in <module>
ModuleNotFoundError: No module named 'torch'
Traceback (most recent call last):
  File "<string>", line 1, in <module>
ModuleNotFoundError: No module named 'torch'
Traceback (most recent call last):
  File "<string>", line 1, in <module>
ModuleNotFoundError: No module named 'torch'
Traceback (most recent call last):
  File "<string>", line 1, in <module>
ModuleNotFoundError: No module named 'torch'
Traceback (most recent call last):
  File "<string>", line 1, in <module>
ModuleNotFoundError: No module named 'torch'
Traceback (most recent call last):
  File "<string>", line 1, in <module>
ModuleNotFoundError: No module named 'torch'
Traceback (most recent call last):
  File "<string>", line 1, in <module>
ModuleNotFoundError: No module named 'torch'
Traceback (most recent call last):
  File "<string>", line 1, in <module>
ModuleNotFoundError: No module named 'torch'
Traceback (most recent call last):
  File "<string>", line 1, in <module>
ModuleNotFoundError: No module named 'torch'
Traceback (most recent call last):
  File "<string>", line 1, in <module>
ModuleNotFoundError: No module named 'torch'
Traceback (most recent call last):
  File "<string>", line 1, in <module>
ModuleNotFoundError: No module named 'torch'
Traceback (most recent call last):
  File "<string>", line 1, in <module>
Traceback (most recent call last):
  File "<string>", line 1, in <module>
ModuleNotFoundError: No module named 'torch'
ModuleNotFoundError: No module named 'torch'
Traceback (most recent call last):
  File "<string>", line 1, in <module>
ModuleNotFoundError: No module named 'torch'
Traceback (most recent call last):
  File "<string>", line 1, in <module>
ModuleNotFoundError: No module named 'torch'
Traceback (most recent call last):
  File "<string>", line 1, in <module>
ModuleNotFoundError: No module named 'torch'
Traceback (most recent call last):
  File "<string>", line 1, in <module>
ModuleNotFoundError: No module named 'torch'
Traceback (most recent call last):
  File "<string>", line 1, in <module>
ModuleNotFoundError: No module named 'torch'
Traceback (most recent call last):
  File "<string>", line 1, in <module>
ModuleNotFoundError: No module named 'torch'
Traceback (most recent call last):
  File "<string>", line 1, in <module>
ModuleNotFoundError: No module named 'torch'
Traceback (most recent call last):
  File "<string>", line 1, in <module>
ModuleNotFoundError: No module named 'torch'
Traceback (most recent call last):
  File "<string>", line 1, in <module>
ModuleNotFoundError: No module named 'torch'
Traceback (most recent call last):
  File "<string>", line 1, in <module>
ModuleNotFoundError: No module named 'torch'
Traceback (most recent call last):
  File "<string>", line 1, in <module>
ModuleNotFoundError: No module named 'torch'
Traceback (most recent call last):
  File "<string>", line 1, in <module>
ModuleNotFoundError: No module named 'torch'
Traceback (most recent call last):
  File "<string>", line 1, in <module>
ModuleNotFoundError: No module named 'torch'
Traceback (most recent call last):
  File "<string>", line 1, in <module>
ModuleNotFoundError: No module named 'torch'
Traceback (most recent call last):
  File "<string>", line 1, in <module>
ModuleNotFoundError: No module named 'torch'
Traceback (most recent call last):
  File "<string>", line 1, in <module>
ModuleNotFoundError: No module named 'torch'
Traceback (most recent call last):
  File "<string>", line 1, in <module>
ModuleNotFoundError: No module named 'torch'
Traceback (most recent call last):
  File "<string>", line 1, in <module>
ModuleNotFoundError: No module named 'torch'
Traceback (most recent call last):
  File "<string>", line 1, in <module>
ModuleNotFoundError: No module named 'torch'
Traceback (most recent call last):
  File "<string>", line 1, in <module>
ModuleNotFoundError: No module named 'torch'
Traceback (most recent call last):
  File "<string>", line 1, in <module>
ModuleNotFoundError: No module named 'torch'
Traceback (most recent call last):
  File "<string>", line 1, in <module>
ModuleNotFoundError: No module named 'torch'
Traceback (most recent call last):
  File "<string>", line 1, in <module>
ModuleNotFoundError: No module named 'torch'
Traceback (most recent call last):
  File "<string>", line 1, in <module>
ModuleNotFoundError: No module named 'torch'
Traceback (most recent call last):
  File "<string>", line 1, in <module>
ModuleNotFoundError: No module named 'torch'
Traceback (most recent call last):
  File "<string>", line 1, in <module>
ModuleNotFoundError: No module named 'torch'
Traceback (most recent call last):
  File "<string>", line 1, in <module>
ModuleNotFoundError: No module named 'torch'
Traceback (most recent call last):
Traceback (most recent call last):
  File "<string>", line 1, in <module>
ModuleNotFoundError: No module named 'torch'
  File "<string>", line 1, in <module>
ModuleNotFoundError: No module named 'torch'
Traceback (most recent call last):
  File "<string>", line 1, in <module>
ModuleNotFoundError: No module named 'torch'
Traceback (most recent call last):
  File "<string>", line 1, in <module>
ModuleNotFoundError: No module named 'torch'
Traceback (most recent call last):
  File "<string>", line 1, in <module>
ModuleNotFoundError: No module named 'torch'
Traceback (most recent call last):
  File "<string>", line 1, in <module>
Traceback (most recent call last):
  File "<string>", line 1, in <module>
ModuleNotFoundError: No module named 'torch'
ModuleNotFoundError: No module named 'torch'
Traceback (most recent call last):
  File "<string>", line 1, in <module>
ModuleNotFoundError: No module named 'torch'
Traceback (most recent call last):
  File "<string>", line 1, in <module>
ModuleNotFoundError: No module named 'torch'
Traceback (most recent call last):
  File "<string>", line 1, in <module>
ModuleNotFoundError: No module named 'torch'
Traceback (most recent call last):
  File "<string>", line 1, in <module>
ModuleNotFoundError: No module named 'torch'
Traceback (most recent call last):
  File "<string>", line 1, in <module>
ModuleNotFoundError: No module named 'torch'
Traceback (most recent call last):
Traceback (most recent call last):
  File "<string>", line 1, in <module>
ModuleNotFoundError: No module named 'torch'
  File "<string>", line 1, in <module>
ModuleNotFoundError: No module named 'torch'
Traceback (most recent call last):
  File "<string>", line 1, in <module>
ModuleNotFoundError: No module named 'torch'
Traceback (most recent call last):
  File "<string>", line 1, in <module>
ModuleNotFoundError: No module named 'torch'
Traceback (most recent call last):
  File "<string>", line 1, in <module>
ModuleNotFoundError: No module named 'torch'
Traceback (most recent call last):
  File "<string>", line 1, in <module>
ModuleNotFoundError: No module named 'torch'
Traceback (most recent call last):
  File "<string>", line 1, in <module>
ModuleNotFoundError: No module named 'torch'
Traceback (most recent call last):
  File "<string>", line 1, in <module>
ModuleNotFoundError: No module named 'torch'
Traceback (most recent call last):
  File "<string>", line 1, in <module>
ModuleNotFoundError: No module named 'torch'
Traceback (most recent call last):
  File "<string>", line 1, in <module>
ModuleNotFoundError: No module named 'torch'
Traceback (most recent call last):
  File "<string>", line 1, in <module>
ModuleNotFoundError: No module named 'torch'
Traceback (most recent call last):
  File "<string>", line 1, in <module>
ModuleNotFoundError: No module named 'torch'
Traceback (most recent call last):
  File "<string>", line 1, in <module>
ModuleNotFoundError: No module named 'torch'
Traceback (most recent call last):
  File "<string>", line 1, in <module>
ModuleNotFoundError: No module named 'torch'
Traceback (most recent call last):
  File "<string>", line 1, in <module>
ModuleNotFoundError: No module named 'torch'
Traceback (most recent call last):
  File "<string>", line 1, in <module>
ModuleNotFoundError: No module named 'torch'
Traceback (most recent call last):
  File "<string>", line 1, in <module>
ModuleNotFoundError: No module named 'torch'
Traceback (most recent call last):
  File "<string>", line 1, in <module>
ModuleNotFoundError: No module named 'torch'
Traceback (most recent call last):
  File "<string>", line 1, in <module>
ModuleNotFoundError: No module named 'torch'
Traceback (most recent call last):
  File "<string>", line 1, in <module>
Traceback (most recent call last):
  File "<string>", line 1, in <module>
ModuleNotFoundError: No module named 'torch'
Traceback (most recent call last):
  File "<string>", line 1, in <module>
ModuleNotFoundError: No module named 'torch'
ModuleNotFoundError: No module named 'torch'
Traceback (most recent call last):
  File "<string>", line 1, in <module>
ModuleNotFoundError: No module named 'torch'
Traceback (most recent call last):
  File "<string>", line 1, in <module>
ModuleNotFoundError: No module named 'torch'
Traceback (most recent call last):
  File "<string>", line 1, in <module>
ModuleNotFoundError: No module named 'torch'
Traceback (most recent call last):
  File "<string>", line 1, in <module>
ModuleNotFoundError: No module named 'torch'
Traceback (most recent call last):
  File "<string>", line 1, in <module>
Traceback (most recent call last):
  File "<string>", line 1, in <module>
ModuleNotFoundError: No module named 'torch'
ModuleNotFoundError: No module named 'torch'
Traceback (most recent call last):
  File "<string>", line 1, in <module>
ModuleNotFoundError: No module named 'torch'
Traceback (most recent call last):
  File "<string>", line 1, in <module>
ModuleNotFoundError: No module named 'torch'
Traceback (most recent call last):
  File "<string>", line 1, in <module>
ModuleNotFoundError: No module named 'torch'
Traceback (most recent call last):
  File "<string>", line 1, in <module>
ModuleNotFoundError: No module named 'torch'
Traceback (most recent call last):
  File "<string>", line 1, in <module>
ModuleNotFoundError: No module named 'torch'
Traceback (most recent call last):
  File "<string>", line 1, in <module>
ModuleNotFoundError: No module named 'torch'
Traceback (most recent call last):
  File "<string>", line 1, in <module>
ModuleNotFoundError: No module named 'torch'
Traceback (most recent call last):
  File "<string>", line 1, in <module>
ModuleNotFoundError: No module named 'torch'
Traceback (most recent call last):
  File "<string>", line 1, in <module>
ModuleNotFoundError: No module named 'torch'
Traceback (most recent call last):
  File "<string>", line 1, in <module>
ModuleNotFoundError: No module named 'torch'
Traceback (most recent call last):
  File "<string>", line 1, in <module>
ModuleNotFoundError: No module named 'torch'
Traceback (most recent call last):
  File "<string>", line 1, in <module>
Traceback (most recent call last):
  File "<string>", line 1, in <module>
ModuleNotFoundError: No module named 'torch'
Traceback (most recent call last):
  File "<string>", line 1, in <module>
ModuleNotFoundError: No module named 'torch'
Traceback (most recent call last):
  File "<string>", line 1, in <module>
ModuleNotFoundError: No module named 'torch'
ModuleNotFoundError: No module named 'torch'
Traceback (most recent call last):
  File "<string>", line 1, in <module>
ModuleNotFoundError: No module named 'torch'
Traceback (most recent call last):
  File "<string>", line 1, in <module>
ModuleNotFoundError: No module named 'torch'
Traceback (most recent call last):
  File "<string>", line 1, in <module>
ModuleNotFoundError: No module named 'torch'
Traceback (most recent call last):
  File "<string>", line 1, in <module>
ModuleNotFoundError: No module named 'torch'
Traceback (most recent call last):
  File "<string>", line 1, in <module>
Traceback (most recent call last):
  File "<string>", line 1, in <module>
ModuleNotFoundError: No module named 'torch'
Traceback (most recent call last):
  File "<string>", line 1, in <module>
ModuleNotFoundError: No module named 'torch'
Traceback (most recent call last):
  File "<string>", line 1, in <module>
ModuleNotFoundError: No module named 'torch'
ModuleNotFoundError: No module named 'torch'
Traceback (most recent call last):
  File "<string>", line 1, in <module>
ModuleNotFoundError: No module named 'torch'
Traceback (most recent call last):
  File "<string>", line 1, in <module>
ModuleNotFoundError: No module named 'torch'
Traceback (most recent call last):
  File "<string>", line 1, in <module>
ModuleNotFoundError: No module named 'torch'
Traceback (most recent call last):
  File "<string>", line 1, in <module>
ModuleNotFoundError: No module named 'torch'
Traceback (most recent call last):
  File "<string>", line 1, in <module>
ModuleNotFoundError: No module named 'torch'
Traceback (most recent call last):
  File "<string>", line 1, in <module>
ModuleNotFoundError: No module named 'torch'
Traceback (most recent call last):
  File "<string>", line 1, in <module>
ModuleNotFoundError: No module named 'torch'
Traceback (most recent call last):
  File "<string>", line 1, in <module>
ModuleNotFoundError: No module named 'torch'
Traceback (most recent call last):
  File "<string>", line 1, in <module>
ModuleNotFoundError: No module named 'torch'
Traceback (most recent call last):
  File "<string>", line 1, in <module>
ModuleNotFoundError: No module named 'torch'
Traceback (most recent call last):
  File "<string>", line 1, in <module>
ModuleNotFoundError: No module named 'torch'
Traceback (most recent call last):
  File "<string>", line 1, in <module>
ModuleNotFoundError: No module named 'torch'
Traceback (most recent call last):
  File "<string>", line 1, in <module>
ModuleNotFoundError: No module named 'torch'
Traceback (most recent call last):
  File "<string>", line 1, in <module>
ModuleNotFoundError: No module named 'torch'
Traceback (most recent call last):
  File "<string>", line 1, in <module>
ModuleNotFoundError: No module named 'torch'
Traceback (most recent call last):
  File "<string>", line 1, in <module>
Traceback (most recent call last):
  File "<string>", line 1, in <module>
ModuleNotFoundError: No module named 'torch'
Traceback (most recent call last):
  File "<string>", line 1, in <module>
ModuleNotFoundError: No module named 'torch'
Traceback (most recent call last):
  File "<string>", line 1, in <module>
ModuleNotFoundError: No module named 'torch'
ModuleNotFoundError: No module named 'torch'
Traceback (most recent call last):
  File "<string>", line 1, in <module>
ModuleNotFoundError: No module named 'torch'
Traceback (most recent call last):
  File "<string>", line 1, in <module>
ModuleNotFoundError: No module named 'torch'
Traceback (most recent call last):
  File "<string>", line 1, in <module>
ModuleNotFoundError: No module named 'torch'
Traceback (most recent call last):
  File "<string>", line 1, in <module>
ModuleNotFoundError: No module named 'torch'
Traceback (most recent call last):
  File "<string>", line 1, in <module>
ModuleNotFoundError: No module named 'torch'
Traceback (most recent call last):
  File "<string>", line 1, in <module>
ModuleNotFoundError: No module named 'torch'
Traceback (most recent call last):
Traceback (most recent call last):
  File "<string>", line 1, in <module>
ModuleNotFoundError: No module named 'torch'
Traceback (most recent call last):
  File "<string>", line 1, in <module>
ModuleNotFoundError: No module named 'torch'
  File "<string>", line 1, in <module>
ModuleNotFoundError: No module named 'torch'
Traceback (most recent call last):
  File "<string>", line 1, in <module>
ModuleNotFoundError: No module named 'torch'
Traceback (most recent call last):
  File "<string>", line 1, in <module>
ModuleNotFoundError: No module named 'torch'
Traceback (most recent call last):
  File "<string>", line 1, in <module>
ModuleNotFoundError: No module named 'torch'
Traceback (most recent call last):
  File "<string>", line 1, in <module>
ModuleNotFoundError: No module named 'torch'
Traceback (most recent call last):
  File "<string>", line 1, in <module>
ModuleNotFoundError: No module named 'torch'
Traceback (most recent call last):
  File "<string>", line 1, in <module>
ModuleNotFoundError: No module named 'torch'
Traceback (most recent call last):
  File "<string>", line 1, in <module>
ModuleNotFoundError: No module named 'torch'
Traceback (most recent call last):
  File "<string>", line 1, in <module>
ModuleNotFoundError: No module named 'torch'
Traceback (most recent call last):
  File "<string>", line 1, in <module>
ModuleNotFoundError: No module named 'torch'
Traceback (most recent call last):
  File "<string>", line 1, in <module>
ModuleNotFoundError: No module named 'torch'
Traceback (most recent call last):
  File "<string>", line 1, in <module>
ModuleNotFoundError: No module named 'torch'
Traceback (most recent call last):
  File "<string>", line 1, in <module>
ModuleNotFoundError: No module named 'torch'
Traceback (most recent call last):
  File "<string>", line 1, in <module>
ModuleNotFoundError: No module named 'torch'
Traceback (most recent call last):
  File "<string>", line 1, in <module>
Traceback (most recent call last):
  File "<string>", line 1, in <module>
ModuleNotFoundError: No module named 'torch'
ModuleNotFoundError: No module named 'torch'
Traceback (most recent call last):
  File "<string>", line 1, in <module>
ModuleNotFoundError: No module named 'torch'
Traceback (most recent call last):
  File "<string>", line 1, in <module>
ModuleNotFoundError: No module named 'torch'
Traceback (most recent call last):
  File "<string>", line 1, in <module>
ModuleNotFoundError: No module named 'torch'
Traceback (most recent call last):
  File "<string>", line 1, in <module>
ModuleNotFoundError: No module named 'torch'
Traceback (most recent call last):
  File "<string>", line 1, in <module>
ModuleNotFoundError: No module named 'torch'
Traceback (most recent call last):
  File "<string>", line 1, in <module>
ModuleNotFoundError: No module named 'torch'
Traceback (most recent call last):
  File "<string>", line 1, in <module>
ModuleNotFoundError: No module named 'torch'
Traceback (most recent call last):
  File "<string>", line 1, in <module>
Traceback (most recent call last):
  File "<string>", line 1, in <module>
ModuleNotFoundError: No module named 'torch'
Traceback (most recent call last):
  File "<string>", line 1, in <module>
ModuleNotFoundError: No module named 'torch'
Traceback (most recent call last):
  File "<string>", line 1, in <module>
ModuleNotFoundError: No module named 'torch'
ModuleNotFoundError: No module named 'torch'
Traceback (most recent call last):
  File "<string>", line 1, in <module>
ModuleNotFoundError: No module named 'torch'
Traceback (most recent call last):
  File "<string>", line 1, in <module>
ModuleNotFoundError: No module named 'torch'
Traceback (most recent call last):
  File "<string>", line 1, in <module>
ModuleNotFoundError: No module named 'torch'
Traceback (most recent call last):
  File "<string>", line 1, in <module>
ModuleNotFoundError: No module named 'torch'
Traceback (most recent call last):
  File "<string>", line 1, in <module>
ModuleNotFoundError: No module named 'torch'
Traceback (most recent call last):
  File "<string>", line 1, in <module>
ModuleNotFoundError: No module named 'torch'
Traceback (most recent call last):
  File "<string>", line 1, in <module>
ModuleNotFoundError: No module named 'torch'
Traceback (most recent call last):
  File "<string>", line 1, in <module>
ModuleNotFoundError: No module named 'torch'
Traceback (most recent call last):
  File "<string>", line 1, in <module>
ModuleNotFoundError: No module named 'torch'
Traceback (most recent call last):
  File "<string>", line 1, in <module>
ModuleNotFoundError: No module named 'torch'
Traceback (most recent call last):
  File "<string>", line 1, in <module>
ModuleNotFoundError: No module named 'torch'
Traceback (most recent call last):
  File "<string>", line 1, in <module>
ModuleNotFoundError: No module named 'torch'
Traceback (most recent call last):
  File "<string>", line 1, in <module>
ModuleNotFoundError: No module named 'torch'
Traceback (most recent call last):
  File "<string>", line 1, in <module>
ModuleNotFoundError: No module named 'torch'
Traceback (most recent call last):
  File "<string>", line 1, in <module>
ModuleNotFoundError: No module named 'torch'
Traceback (most recent call last):
  File "<string>", line 1, in <module>
Traceback (most recent call last):
  File "<string>", line 1, in <module>
ModuleNotFoundError: No module named 'torch'
ModuleNotFoundError: No module named 'torch'
Traceback (most recent call last):
  File "<string>", line 1, in <module>
ModuleNotFoundError: No module named 'torch'
Traceback (most recent call last):
  File "<string>", line 1, in <module>
ModuleNotFoundError: No module named 'torch'
Traceback (most recent call last):
  File "<string>", line 1, in <module>
ModuleNotFoundError: No module named 'torch'
Traceback (most recent call last):
  File "<string>", line 1, in <module>
ModuleNotFoundError: No module named 'torch'
Traceback (most recent call last):
  File "<string>", line 1, in <module>
ModuleNotFoundError: No module named 'torch'
Traceback (most recent call last):
  File "<string>", line 1, in <module>
ModuleNotFoundError: No module named 'torch'
Traceback (most recent call last):
  File "<string>", line 1, in <module>
ModuleNotFoundError: No module named 'torch'
Traceback (most recent call last):
  File "<string>", line 1, in <module>
ModuleNotFoundError: No module named 'torch'
Traceback (most recent call last):
  File "<string>", line 1, in <module>
ModuleNotFoundError: No module named 'torch'
Traceback (most recent call last):
  File "<string>", line 1, in <module>
ModuleNotFoundError: No module named 'torch'
Traceback (most recent call last):
  File "<string>", line 1, in <module>
ModuleNotFoundError: No module named 'torch'
Traceback (most recent call last):
  File "<string>", line 1, in <module>
ModuleNotFoundError: No module named 'torch'
Traceback (most recent call last):
  File "<string>", line 1, in <module>
ModuleNotFoundError: No module named 'torch'
Traceback (most recent call last):
  File "<string>", line 1, in <module>
ModuleNotFoundError: No module named 'torch'
Traceback (most recent call last):
  File "<string>", line 1, in <module>
ModuleNotFoundError: No module named 'torch'
Traceback (most recent call last):
  File "<string>", line 1, in <module>
ModuleNotFoundError: No module named 'torch'
Traceback (most recent call last):
  File "<string>", line 1, in <module>
ModuleNotFoundError: No module named 'torch'
Traceback (most recent call last):
  File "<string>", line 1, in <module>
ModuleNotFoundError: No module named 'torch'
Traceback (most recent call last):
  File "<string>", line 1, in <module>
ModuleNotFoundError: No module named 'torch'
Traceback (most recent call last):
  File "<string>", line 1, in <module>
Traceback (most recent call last):
  File "<string>", line 1, in <module>
ModuleNotFoundError: No module named 'torch'
ModuleNotFoundError: No module named 'torch'
Traceback (most recent call last):
  File "<string>", line 1, in <module>
ModuleNotFoundError: No module named 'torch'
Traceback (most recent call last):
  File "<string>", line 1, in <module>
Traceback (most recent call last):
  File "<string>", line 1, in <module>
ModuleNotFoundError: No module named 'torch'
ModuleNotFoundError: No module named 'torch'
Traceback (most recent call last):
  File "<string>", line 1, in <module>
ModuleNotFoundError: No module named 'torch'
Traceback (most recent call last):
  File "<string>", line 1, in <module>
Traceback (most recent call last):
  File "<string>", line 1, in <module>
ModuleNotFoundError: No module named 'torch'
ModuleNotFoundError: No module named 'torch'
Traceback (most recent call last):
  File "<string>", line 1, in <module>
ModuleNotFoundError: No module named 'torch'
Traceback (most recent call last):
Traceback (most recent call last):
  File "<string>", line 1, in <module>
ModuleNotFoundError: No module named 'torch'
  File "<string>", line 1, in <module>
ModuleNotFoundError: No module named 'torch'
Traceback (most recent call last):
  File "<string>", line 1, in <module>
ModuleNotFoundError: No module named 'torch'
Traceback (most recent call last):
  File "<string>", line 1, in <module>
ModuleNotFoundError: No module named 'torch'
Traceback (most recent call last):
  File "<string>", line 1, in <module>
ModuleNotFoundError: No module named 'torch'
Traceback (most recent call last):
  File "<string>", line 1, in <module>
ModuleNotFoundError: No module named 'torch'
Traceback (most recent call last):
  File "<string>", line 1, in <module>
ModuleNotFoundError: No module named 'torch'
Traceback (most recent call last):
  File "<string>", line 1, in <module>
ModuleNotFoundError: No module named 'torch'
Traceback (most recent call last):
  File "<string>", line 1, in <module>
ModuleNotFoundError: No module named 'torch'
Traceback (most recent call last):
  File "<string>", line 1, in <module>
ModuleNotFoundError: No module named 'torch'
Traceback (most recent call last):
  File "<string>", line 1, in <module>
ModuleNotFoundError: No module named 'torch'
Traceback (most recent call last):
  File "<string>", line 1, in <module>
ModuleNotFoundError: No module named 'torch'
Traceback (most recent call last):
  File "<string>", line 1, in <module>
ModuleNotFoundError: No module named 'torch'
Traceback (most recent call last):
  File "<string>", line 1, in <module>
ModuleNotFoundError: No module named 'torch'
Traceback (most recent call last):
  File "<string>", line 1, in <module>
ModuleNotFoundError: No module named 'torch'
Traceback (most recent call last):
  File "<string>", line 1, in <module>
ModuleNotFoundError: No module named 'torch'
Traceback (most recent call last):
  File "<string>", line 1, in <module>
ModuleNotFoundError: No module named 'torch'
Traceback (most recent call last):
  File "<string>", line 1, in <module>
ModuleNotFoundError: No module named 'torch'
Traceback (most recent call last):
  File "<string>", line 1, in <module>
ModuleNotFoundError: No module named 'torch'
Traceback (most recent call last):
  File "<string>", line 1, in <module>
ModuleNotFoundError: No module named 'torch'
Traceback (most recent call last):
  File "<string>", line 1, in <module>
ModuleNotFoundError: No module named 'torch'
Traceback (most recent call last):
  File "<string>", line 1, in <module>
ModuleNotFoundError: No module named 'torch'
Traceback (most recent call last):
  File "<string>", line 1, in <module>
ModuleNotFoundError: No module named 'torch'
Traceback (most recent call last):
  File "<string>", line 1, in <module>
ModuleNotFoundError: No module named 'torch'
Traceback (most recent call last):
  File "<string>", line 1, in <module>
ModuleNotFoundError: No module named 'torch'
Traceback (most recent call last):
  File "<string>", line 1, in <module>
ModuleNotFoundError: No module named 'torch'
Traceback (most recent call last):
  File "<string>", line 1, in <module>
ModuleNotFoundError: No module named 'torch'
Traceback (most recent call last):
  File "<string>", line 1, in <module>
ModuleNotFoundError: No module named 'torch'
Traceback (most recent call last):
  File "<string>", line 1, in <module>
ModuleNotFoundError: No module named 'torch'
Traceback (most recent call last):
  File "<string>", line 1, in <module>
ModuleNotFoundError: No module named 'torch'
Traceback (most recent call last):
  File "<string>", line 1, in <module>
ModuleNotFoundError: No module named 'torch'
Traceback (most recent call last):
  File "<string>", line 1, in <module>
ModuleNotFoundError: No module named 'torch'
Traceback (most recent call last):
  File "<string>", line 1, in <module>
ModuleNotFoundError: No module named 'torch'
Traceback (most recent call last):
  File "<string>", line 1, in <module>
ModuleNotFoundError: No module named 'torch'
Traceback (most recent call last):
  File "<string>", line 1, in <module>
ModuleNotFoundError: No module named 'torch'
Traceback (most recent call last):
  File "<string>", line 1, in <module>
ModuleNotFoundError: No module named 'torch'
Traceback (most recent call last):
  File "<string>", line 1, in <module>
ModuleNotFoundError: No module named 'torch'
Traceback (most recent call last):
  File "<string>", line 1, in <module>
ModuleNotFoundError: No module named 'torch'
Traceback (most recent call last):
  File "<string>", line 1, in <module>
ModuleNotFoundError: No module named 'torch'
Traceback (most recent call last):
  File "<string>", line 1, in <module>
ModuleNotFoundError: No module named 'torch'
Traceback (most recent call last):
  File "<string>", line 1, in <module>
ModuleNotFoundError: No module named 'torch'
Traceback (most recent call last):
  File "<string>", line 1, in <module>
ModuleNotFoundError: No module named 'torch'
Traceback (most recent call last):
  File "<string>", line 1, in <module>
ModuleNotFoundError: No module named 'torch'
Traceback (most recent call last):
  File "<string>", line 1, in <module>
ModuleNotFoundError: No module named 'torch'
Traceback (most recent call last):
  File "<string>", line 1, in <module>
ModuleNotFoundError: No module named 'torch'
Traceback (most recent call last):
  File "<string>", line 1, in <module>
ModuleNotFoundError: No module named 'torch'
Traceback (most recent call last):
  File "<string>", line 1, in <module>
ModuleNotFoundError: No module named 'torch'
Traceback (most recent call last):
  File "<string>", line 1, in <module>
ModuleNotFoundError: No module named 'torch'
Traceback (most recent call last):
  File "<string>", line 1, in <module>
ModuleNotFoundError: No module named 'torch'
Traceback (most recent call last):
  File "<string>", line 1, in <module>
ModuleNotFoundError: No module named 'torch'
Traceback (most recent call last):
  File "<string>", line 1, in <module>
ModuleNotFoundError: No module named 'torch'
Traceback (most recent call last):
  File "<string>", line 1, in <module>
ModuleNotFoundError: No module named 'torch'
Traceback (most recent call last):
  File "<string>", line 1, in <module>
ModuleNotFoundError: No module named 'torch'
Traceback (most recent call last):
  File "<string>", line 1, in <module>
ModuleNotFoundError: No module named 'torch'
Traceback (most recent call last):
  File "<string>", line 1, in <module>
ModuleNotFoundError: No module named 'torch'
Traceback (most recent call last):
  File "<string>", line 1, in <module>
ModuleNotFoundError: No module named 'torch'
Traceback (most recent call last):
  File "<string>", line 1, in <module>
ModuleNotFoundError: No module named 'torch'
Traceback (most recent call last):
  File "<string>", line 1, in <module>
ModuleNotFoundError: No module named 'torch'
Traceback (most recent call last):
  File "<string>", line 1, in <module>
ModuleNotFoundError: No module named 'torch'
Traceback (most recent call last):
  File "<string>", line 1, in <module>
ModuleNotFoundError: No module named 'torch'
Traceback (most recent call last):
  File "<string>", line 1, in <module>
ModuleNotFoundError: No module named 'torch'
Traceback (most recent call last):
  File "<string>", line 1, in <module>
ModuleNotFoundError: No module named 'torch'
Traceback (most recent call last):
  File "<string>", line 1, in <module>
ModuleNotFoundError: No module named 'torch'
Traceback (most recent call last):
  File "<string>", line 1, in <module>
ModuleNotFoundError: No module named 'torch'
Traceback (most recent call last):
  File "<string>", line 1, in <module>
ModuleNotFoundError: No module named 'torch'
Traceback (most recent call last):
  File "<string>", line 1, in <module>
ModuleNotFoundError: No module named 'torch'
Traceback (most recent call last):
  File "<string>", line 1, in <module>
ModuleNotFoundError: No module named 'torch'
Traceback (most recent call last):
  File "<string>", line 1, in <module>
ModuleNotFoundError: No module named 'torch'
Traceback (most recent call last):
  File "<string>", line 1, in <module>
ModuleNotFoundError: No module named 'torch'
Traceback (most recent call last):
  File "<string>", line 1, in <module>
ModuleNotFoundError: No module named 'torch'
Traceback (most recent call last):
  File "<string>", line 1, in <module>
ModuleNotFoundError: No module named 'torch'
Traceback (most recent call last):
  File "<string>", line 1, in <module>
ModuleNotFoundError: No module named 'torch'
Traceback (most recent call last):
  File "<string>", line 1, in <module>
ModuleNotFoundError: No module named 'torch'
Traceback (most recent call last):
  File "<string>", line 1, in <module>
ModuleNotFoundError: No module named 'torch'
Traceback (most recent call last):
  File "<string>", line 1, in <module>
ModuleNotFoundError: No module named 'torch'
Traceback (most recent call last):
  File "<string>", line 1, in <module>
ModuleNotFoundError: No module named 'torch'
Traceback (most recent call last):
  File "<string>", line 1, in <module>
ModuleNotFoundError: No module named 'torch'
Traceback (most recent call last):
  File "<string>", line 1, in <module>
ModuleNotFoundError: No module named 'torch'
Traceback (most recent call last):
  File "<string>", line 1, in <module>
ModuleNotFoundError: No module named 'torch'
Traceback (most recent call last):
  File "<string>", line 1, in <module>
ModuleNotFoundError: No module named 'torch'
Traceback (most recent call last):
  File "<string>", line 1, in <module>
ModuleNotFoundError: No module named 'torch'
Traceback (most recent call last):
  File "<string>", line 1, in <module>
ModuleNotFoundError: No module named 'torch'
Traceback (most recent call last):
  File "<string>", line 1, in <module>
ModuleNotFoundError: No module named 'torch'
Traceback (most recent call last):
  File "<string>", line 1, in <module>
ModuleNotFoundError: No module named 'torch'
Traceback (most recent call last):
  File "<string>", line 1, in <module>
ModuleNotFoundError: No module named 'torch'
Traceback (most recent call last):
  File "<string>", line 1, in <module>
ModuleNotFoundError: No module named 'torch'
Traceback (most recent call last):
  File "<string>", line 1, in <module>
ModuleNotFoundError: No module named 'torch'
Traceback (most recent call last):
  File "<string>", line 1, in <module>
ModuleNotFoundError: No module named 'torch'
Traceback (most recent call last):
  File "<string>", line 1, in <module>
ModuleNotFoundError: No module named 'torch'
Traceback (most recent call last):
  File "<string>", line 1, in <module>
ModuleNotFoundError: No module named 'torch'
Traceback (most recent call last):
  File "<string>", line 1, in <module>
ModuleNotFoundError: No module named 'torch'
Traceback (most recent call last):
  File "<string>", line 1, in <module>
ModuleNotFoundError: No module named 'torch'
srun: error: frontier06326: tasks 792-799: Exited with exit code 1
srun: Terminating StepId=4186204.2
srun: error: frontier01614: tasks 192-199: Exited with exit code 1
srun: error: frontier07353: tasks 880-887: Exited with exit code 1
slurmstepd: error: *** STEP 4186204.2 ON frontier00073 CANCELLED AT 2026-03-08T14:40:11 ***
srun: error: frontier01345: tasks 168-175: Exited with exit code 1
srun: error: frontier04165: tasks 512-519: Exited with exit code 1
srun: error: frontier04920: tasks 608-615: Exited with exit code 1
srun: error: frontier05308: tasks 664-671: Exited with exit code 1
srun: error: frontier00702: tasks 80-87: Exited with exit code 1
srun: error: frontier02885: tasks 352-359: Exited with exit code 1
srun: error: frontier05174: tasks 648-655: Exited with exit code 1
srun: error: frontier00324: tasks 32-39: Exited with exit code 1
srun: error: frontier01343: tasks 160-167: Exited with exit code 1
srun: error: frontier03538: tasks 432-439: Exited with exit code 1
srun: error: frontier07996: tasks 920-927: Exited with exit code 1
srun: error: frontier07732: tasks 904-911: Exited with exit code 1
srun: error: frontier04041: tasks 504-511: Exited with exit code 1
srun: error: frontier01214: tasks 152-159: Exited with exit code 1
srun: error: frontier08886: tasks 976-983: Exited with exit code 1
srun: error: frontier05818: tasks 720-727: Exited with exit code 1
srun: error: frontier01981: tasks 248-255: Exited with exit code 1
srun: error: frontier05154: tasks 640-647: Exited with exit code 1
srun: error: frontier07863: tasks 912-919: Exited with exit code 1
srun: error: frontier04306: tasks 536-543: Exited with exit code 1
srun: error: frontier02223: tasks 280-287: Exited with exit code 1
srun: error: frontier02752: tasks 336-343: Exited with exit code 1
srun: error: frontier03543: tasks 440-447: Exited with exit code 1
srun: error: frontier00578: tasks 64-71: Exited with exit code 1
srun: error: frontier01746: tasks 216-223: Exited with exit code 1
srun: error: frontier00461: tasks 56-63: Exited with exit code 1
srun: error: frontier00963: tasks 112-119: Exited with exit code 1
srun: error: frontier06712: tasks 840-847: Exited with exit code 1
srun: error: frontier03155: tasks 392-399: Exited with exit code 1
srun: error: frontier00197: tasks 16-23: Exited with exit code 1
srun: error: frontier02132: tasks 264-271: Exited with exit code 1
srun: error: frontier03017: tasks 368-375: Exited with exit code 1
srun: error: frontier04179: tasks 520-527: Exited with exit code 1
srun: error: frontier05414: tasks 672-679: Exited with exit code 1
srun: error: frontier10168: tasks 1016-1023: Exited with exit code 1
srun: error: frontier03660: tasks 448-455: Exited with exit code 1
srun: error: frontier09399: tasks 1008-1015: Exited with exit code 1
srun: error: frontier06578: tasks 824-831: Exited with exit code 1
srun: error: frontier05944: tasks 736-743: Exited with exit code 1
srun: error: frontier07478: tasks 888-895: Exited with exit code 1
srun: error: frontier05307: tasks 656-663: Exited with exit code 1
srun: error: frontier00335: tasks 40-47: Exited with exit code 1
srun: error: frontier03906: tasks 480-487: Exited with exit code 1
srun: error: frontier06198: tasks 776-783: Exited with exit code 1
srun: error: frontier03269: tasks 400-407: Exited with exit code 1
srun: error: frontier04691: tasks 576-583: Exited with exit code 1
srun: error: frontier07603: tasks 896-903: Exited with exit code 1
srun: error: frontier06711: tasks 832-839: Exited with exit code 1
srun: error: frontier05563: tasks 696-703: Exited with exit code 1
srun: error: frontier08760: tasks 968-975: Exited with exit code 1
srun: error: frontier02131: tasks 256-263: Exited with exit code 1
srun: error: frontier04298: tasks 528-535: Exited with exit code 1
srun: error: frontier03786: tasks 464-471: Exited with exit code 1
srun: error: frontier05688: tasks 712-719: Exited with exit code 1
srun: error: frontier00579: tasks 72-79: Exited with exit code 1
srun: error: frontier06454: tasks 800-807: Exited with exit code 1
srun: error: frontier05559: tasks 688-695: Exited with exit code 1
srun: error: frontier02901: tasks 360-367: Exited with exit code 1
srun: error: frontier00840: tasks 104-111: Exited with exit code 1
srun: error: frontier08116: tasks 928-935: Exited with exit code 1
srun: error: frontier00199: tasks 24-31: Exited with exit code 1
srun: error: frontier02392: tasks 296-303: Exited with exit code 1
srun: error: frontier04432: tasks 544-551: Exited with exit code 1
srun: error: frontier03140: tasks 384-391: Exited with exit code 1
srun: error: frontier00076: tasks 8-15: Exited with exit code 1
srun: error: frontier04924: tasks 616-623: Exited with exit code 1
srun: error: frontier00837: tasks 96-103: Exited with exit code 1
srun: error: frontier06066: tasks 752-759: Exited with exit code 1
srun: error: frontier03028: tasks 376-383: Exited with exit code 1
srun: error: frontier06574: tasks 816-823: Exited with exit code 1
srun: error: frontier03397: tasks 416-423: Exited with exit code 1
srun: error: frontier02506: tasks 304-311: Exited with exit code 1
srun: error: frontier00456: tasks 48-55: Exited with exit code 1
srun: error: frontier07227: tasks 872-879: Exited with exit code 1
srun: error: frontier04796: tasks 592-599: Exited with exit code 1
srun: error: frontier04797: tasks 600-607: Exited with exit code 1
srun: error: frontier05053: tasks 632-639: Exited with exit code 1
srun: error: frontier06455: tasks 808-815: Exited with exit code 1
srun: error: frontier02522: tasks 312-319: Exited with exit code 1
srun: error: frontier01876: tasks 224-231: Exited with exit code 1
srun: error: frontier04034: tasks 496-503: Exited with exit code 1
srun: error: frontier03283: tasks 408-415: Exited with exit code 1
srun: error: frontier05819: tasks 728-735: Exited with exit code 1
srun: error: frontier06963: tasks 856-863: Exited with exit code 1
srun: error: frontier06197: tasks 768-775: Exited with exit code 1
srun: error: frontier01096: tasks 128-135: Exited with exit code 1
srun: error: frontier01729: tasks 208-215: Exited with exit code 1
srun: error: frontier00073: tasks 0-7: Exited with exit code 1
srun: error: frontier04692: tasks 584-591: Exited with exit code 1
srun: error: frontier01488: tasks 184-191: Exited with exit code 1
srun: error: frontier05049: tasks 624-631: Exited with exit code 1
srun: error: frontier01473: tasks 176-183: Exited with exit code 1
srun: error: frontier00709: tasks 88-95: Exited with exit code 1
srun: error: frontier08629: tasks 960-967: Exited with exit code 1
srun: error: frontier03913: tasks 488-495: Exited with exit code 1
srun: error: frontier02642: tasks 328-335: Exited with exit code 1
srun: error: frontier07091: tasks 864-871: Exited with exit code 1
srun: error: frontier02777: tasks 344-351: Exited with exit code 1
srun: error: frontier06325: tasks 784-791: Exited with exit code 1
srun: error: frontier00975: tasks 120-127: Exited with exit code 1
srun: error: frontier05424: tasks 680-687: Exited with exit code 1
srun: error: frontier09270: tasks 1000-1007: Exited with exit code 1
srun: error: frontier04433: tasks 552-559: Exited with exit code 1
srun: error: frontier05687: tasks 704-711: Exited with exit code 1
srun: error: frontier03410: tasks 424-431: Exited with exit code 1
srun: error: frontier01978: tasks 240-247: Exited with exit code 1
srun: error: frontier04514: tasks 560-567: Exited with exit code 1
srun: error: frontier08495: tasks 952-959: Exited with exit code 1
srun: error: frontier08242: tasks 936-943: Exited with exit code 1
srun: error: frontier06835: tasks 848-855: Exited with exit code 1
srun: error: frontier03791: tasks 472-479: Exited with exit code 1
srun: error: frontier02362: tasks 288-295: Exited with exit code 1
srun: error: frontier01618: tasks 200-207: Exited with exit code 1
srun: error: frontier04562: tasks 568-575: Exited with exit code 1
srun: error: frontier03662: tasks 456-463: Exited with exit code 1
srun: error: frontier08372: tasks 944-951: Exited with exit code 1
srun: error: frontier06074: tasks 760-767: Exited with exit code 1
srun: error: frontier05948: tasks 744-751: Exited with exit code 1
srun: error: frontier09145: tasks 992-999: Exited with exit code 1
srun: error: frontier09011: tasks 984-991: Exited with exit code 1
srun: error: frontier02222: tasks 272-279: Exited with exit code 1
srun: error: frontier01097: tasks 136-143: Exited with exit code 1
srun: error: frontier01213: tasks 144-151: Terminated
srun: error: frontier01877: tasks 232-239: Exited with exit code 1
srun: error: frontier02635: tasks 320-327: Exited with exit code 1
srun: Force Terminated StepId=4186204.2
Command exited with non-zero status 143
0.05user 0.08system 0:00.51elapsed 26%CPU (0avgtext+0avgdata 18432maxresident)k
0inputs+256outputs (0major+4182minor)pagefaults 0swaps
+ sleep 10
+ for i in $(seq 1 5)
+ /usr/bin/time srun -N 128 -n 1024 -c 7 --ntasks-per-node=8 --gpus-per-node=8 --gpu-bind=closest --cpus-per-task=1 --threads-per-core=1 --network=single_node_vni,job_vni --export=ALL,PYTHONPATH=/tmp/khana/copper/lustre/orion/stf243/world-shared/hagertnl/CUG26/benchmark_builds/python-pytorch/conda_env: python3 -c 'import torch'
Traceback (most recent call last):
  File "<string>", line 1, in <module>
ModuleNotFoundError: No module named 'torch'
Traceback (most recent call last):
  File "<string>", line 1, in <module>
ModuleNotFoundError: No module named 'torch'
Traceback (most recent call last):
  File "<string>", line 1, in <module>
ModuleNotFoundError: No module named 'torch'
Traceback (most recent call last):
  File "<string>", line 1, in <module>
ModuleNotFoundError: No module named 'torch'
Traceback (most recent call last):
  File "<string>", line 1, in <module>
ModuleNotFoundError: No module named 'torch'
Traceback (most recent call last):
  File "<string>", line 1, in <module>
ModuleNotFoundError: No module named 'torch'
Traceback (most recent call last):
  File "<string>", line 1, in <module>
ModuleNotFoundError: No module named 'torch'
Traceback (most recent call last):
  File "<string>", line 1, in <module>
ModuleNotFoundError: No module named 'torch'
Traceback (most recent call last):
  File "<string>", line 1, in <module>
ModuleNotFoundError: No module named 'torch'
Traceback (most recent call last):
  File "<string>", line 1, in <module>
ModuleNotFoundError: No module named 'torch'
Traceback (most recent call last):
  File "<string>", line 1, in <module>
ModuleNotFoundError: No module named 'torch'
Traceback (most recent call last):
  File "<string>", line 1, in <module>
ModuleNotFoundError: No module named 'torch'
Traceback (most recent call last):
  File "<string>", line 1, in <module>
ModuleNotFoundError: No module named 'torch'
Traceback (most recent call last):
  File "<string>", line 1, in <module>
ModuleNotFoundError: No module named 'torch'
Traceback (most recent call last):
  File "<string>", line 1, in <module>
ModuleNotFoundError: No module named 'torch'
Traceback (most recent call last):
  File "<string>", line 1, in <module>
ModuleNotFoundError: No module named 'torch'
Traceback (most recent call last):
  File "<string>", line 1, in <module>
ModuleNotFoundError: No module named 'torch'
Traceback (most recent call last):
Traceback (most recent call last):
  File "<string>", line 1, in <module>
Traceback (most recent call last):
  File "<string>", line 1, in <module>
ModuleNotFoundError: No module named 'torch'
  File "<string>", line 1, in <module>
ModuleNotFoundError: No module named 'torch'
ModuleNotFoundError: No module named 'torch'
Traceback (most recent call last):
  File "<string>", line 1, in <module>
ModuleNotFoundError: No module named 'torch'
Traceback (most recent call last):
  File "<string>", line 1, in <module>
ModuleNotFoundError: No module named 'torch'
Traceback (most recent call last):
  File "<string>", line 1, in <module>
ModuleNotFoundError: No module named 'torch'
Traceback (most recent call last):
  File "<string>", line 1, in <module>
ModuleNotFoundError: No module named 'torch'
Traceback (most recent call last):
  File "<string>", line 1, in <module>
ModuleNotFoundError: No module named 'torch'
Traceback (most recent call last):
  File "<string>", line 1, in <module>
ModuleNotFoundError: No module named 'torch'
Traceback (most recent call last):
  File "<string>", line 1, in <module>
ModuleNotFoundError: No module named 'torch'
Traceback (most recent call last):
  File "<string>", line 1, in <module>
ModuleNotFoundError: No module named 'torch'
Traceback (most recent call last):
  File "<string>", line 1, in <module>
ModuleNotFoundError: No module named 'torch'
Traceback (most recent call last):
  File "<string>", line 1, in <module>
ModuleNotFoundError: No module named 'torch'
Traceback (most recent call last):
  File "<string>", line 1, in <module>
ModuleNotFoundError: No module named 'torch'
Traceback (most recent call last):
  File "<string>", line 1, in <module>
ModuleNotFoundError: No module named 'torch'
Traceback (most recent call last):
  File "<string>", line 1, in <module>
ModuleNotFoundError: No module named 'torch'
Traceback (most recent call last):
  File "<string>", line 1, in <module>
ModuleNotFoundError: No module named 'torch'
Traceback (most recent call last):
  File "<string>", line 1, in <module>
ModuleNotFoundError: No module named 'torch'
Traceback (most recent call last):
  File "<string>", line 1, in <module>
ModuleNotFoundError: No module named 'torch'
Traceback (most recent call last):
  File "<string>", line 1, in <module>
ModuleNotFoundError: No module named 'torch'
Traceback (most recent call last):
  File "<string>", line 1, in <module>
ModuleNotFoundError: No module named 'torch'
Traceback (most recent call last):
  File "<string>", line 1, in <module>
ModuleNotFoundError: No module named 'torch'
Traceback (most recent call last):
  File "<string>", line 1, in <module>
ModuleNotFoundError: No module named 'torch'
Traceback (most recent call last):
  File "<string>", line 1, in <module>
ModuleNotFoundError: No module named 'torch'
Traceback (most recent call last):
  File "<string>", line 1, in <module>
ModuleNotFoundError: No module named 'torch'
Traceback (most recent call last):
  File "<string>", line 1, in <module>
ModuleNotFoundError: No module named 'torch'
Traceback (most recent call last):
  File "<string>", line 1, in <module>
ModuleNotFoundError: No module named 'torch'
Traceback (most recent call last):
  File "<string>", line 1, in <module>
ModuleNotFoundError: No module named 'torch'
Traceback (most recent call last):
  File "<string>", line 1, in <module>
ModuleNotFoundError: No module named 'torch'
Traceback (most recent call last):
  File "<string>", line 1, in <module>
ModuleNotFoundError: No module named 'torch'
Traceback (most recent call last):
  File "<string>", line 1, in <module>
ModuleNotFoundError: No module named 'torch'
Traceback (most recent call last):
  File "<string>", line 1, in <module>
ModuleNotFoundError: No module named 'torch'
Traceback (most recent call last):
  File "<string>", line 1, in <module>
ModuleNotFoundError: No module named 'torch'
Traceback (most recent call last):
  File "<string>", line 1, in <module>
ModuleNotFoundError: No module named 'torch'
Traceback (most recent call last):
  File "<string>", line 1, in <module>
ModuleNotFoundError: No module named 'torch'
Traceback (most recent call last):
  File "<string>", line 1, in <module>
ModuleNotFoundError: No module named 'torch'
Traceback (most recent call last):
  File "<string>", line 1, in <module>
ModuleNotFoundError: No module named 'torch'
Traceback (most recent call last):
  File "<string>", line 1, in <module>
ModuleNotFoundError: No module named 'torch'
Traceback (most recent call last):
  File "<string>", line 1, in <module>
ModuleNotFoundError: No module named 'torch'
Traceback (most recent call last):
  File "<string>", line 1, in <module>
ModuleNotFoundError: No module named 'torch'
Traceback (most recent call last):
  File "<string>", line 1, in <module>
ModuleNotFoundError: No module named 'torch'
Traceback (most recent call last):
  File "<string>", line 1, in <module>
ModuleNotFoundError: No module named 'torch'
Traceback (most recent call last):
  File "<string>", line 1, in <module>
ModuleNotFoundError: No module named 'torch'
Traceback (most recent call last):
  File "<string>", line 1, in <module>
ModuleNotFoundError: No module named 'torch'
Traceback (most recent call last):
  File "<string>", line 1, in <module>
ModuleNotFoundError: No module named 'torch'
Traceback (most recent call last):
  File "<string>", line 1, in <module>
ModuleNotFoundError: No module named 'torch'
Traceback (most recent call last):
  File "<string>", line 1, in <module>
ModuleNotFoundError: No module named 'torch'
Traceback (most recent call last):
  File "<string>", line 1, in <module>
ModuleNotFoundError: No module named 'torch'
Traceback (most recent call last):
  File "<string>", line 1, in <module>
ModuleNotFoundError: No module named 'torch'
Traceback (most recent call last):
  File "<string>", line 1, in <module>
ModuleNotFoundError: No module named 'torch'
Traceback (most recent call last):
  File "<string>", line 1, in <module>
ModuleNotFoundError: No module named 'torch'
Traceback (most recent call last):
  File "<string>", line 1, in <module>
Traceback (most recent call last):
  File "<string>", line 1, in <module>
ModuleNotFoundError: No module named 'torch'
ModuleNotFoundError: No module named 'torch'
Traceback (most recent call last):
  File "<string>", line 1, in <module>
ModuleNotFoundError: No module named 'torch'
Traceback (most recent call last):
  File "<string>", line 1, in <module>
ModuleNotFoundError: No module named 'torch'
Traceback (most recent call last):
  File "<string>", line 1, in <module>
ModuleNotFoundError: No module named 'torch'
Traceback (most recent call last):
  File "<string>", line 1, in <module>
ModuleNotFoundError: No module named 'torch'
Traceback (most recent call last):
  File "<string>", line 1, in <module>
ModuleNotFoundError: No module named 'torch'
Traceback (most recent call last):
  File "<string>", line 1, in <module>
ModuleNotFoundError: No module named 'torch'
Traceback (most recent call last):
  File "<string>", line 1, in <module>
ModuleNotFoundError: No module named 'torch'
Traceback (most recent call last):
  File "<string>", line 1, in <module>
ModuleNotFoundError: No module named 'torch'
Traceback (most recent call last):
  File "<string>", line 1, in <module>
ModuleNotFoundError: No module named 'torch'
Traceback (most recent call last):
  File "<string>", line 1, in <module>
ModuleNotFoundError: No module named 'torch'
Traceback (most recent call last):
  File "<string>", line 1, in <module>
ModuleNotFoundError: No module named 'torch'
Traceback (most recent call last):
  File "<string>", line 1, in <module>
ModuleNotFoundError: No module named 'torch'
Traceback (most recent call last):
  File "<string>", line 1, in <module>
ModuleNotFoundError: No module named 'torch'
Traceback (most recent call last):
  File "<string>", line 1, in <module>
ModuleNotFoundError: No module named 'torch'
Traceback (most recent call last):
  File "<string>", line 1, in <module>
ModuleNotFoundError: No module named 'torch'
Traceback (most recent call last):
  File "<string>", line 1, in <module>
ModuleNotFoundError: No module named 'torch'
Traceback (most recent call last):
  File "<string>", line 1, in <module>
ModuleNotFoundError: No module named 'torch'
Traceback (most recent call last):
  File "<string>", line 1, in <module>
ModuleNotFoundError: No module named 'torch'
Traceback (most recent call last):
  File "<string>", line 1, in <module>
ModuleNotFoundError: No module named 'torch'
Traceback (most recent call last):
  File "<string>", line 1, in <module>
ModuleNotFoundError: No module named 'torch'
Traceback (most recent call last):
  File "<string>", line 1, in <module>
ModuleNotFoundError: No module named 'torch'
Traceback (most recent call last):
  File "<string>", line 1, in <module>
ModuleNotFoundError: No module named 'torch'
Traceback (most recent call last):
  File "<string>", line 1, in <module>
ModuleNotFoundError: No module named 'torch'
Traceback (most recent call last):
  File "<string>", line 1, in <module>
ModuleNotFoundError: No module named 'torch'
Traceback (most recent call last):
  File "<string>", line 1, in <module>
ModuleNotFoundError: No module named 'torch'
Traceback (most recent call last):
  File "<string>", line 1, in <module>
ModuleNotFoundError: No module named 'torch'
Traceback (most recent call last):
  File "<string>", line 1, in <module>
ModuleNotFoundError: No module named 'torch'
Traceback (most recent call last):
  File "<string>", line 1, in <module>
ModuleNotFoundError: No module named 'torch'
Traceback (most recent call last):
  File "<string>", line 1, in <module>
ModuleNotFoundError: No module named 'torch'
Traceback (most recent call last):
  File "<string>", line 1, in <module>
ModuleNotFoundError: No module named 'torch'
Traceback (most recent call last):
  File "<string>", line 1, in <module>
ModuleNotFoundError: No module named 'torch'
Traceback (most recent call last):
  File "<string>", line 1, in <module>
ModuleNotFoundError: No module named 'torch'
Traceback (most recent call last):
  File "<string>", line 1, in <module>
ModuleNotFoundError: No module named 'torch'
Traceback (most recent call last):
  File "<string>", line 1, in <module>
ModuleNotFoundError: No module named 'torch'
Traceback (most recent call last):
  File "<string>", line 1, in <module>
ModuleNotFoundError: No module named 'torch'
Traceback (most recent call last):
  File "<string>", line 1, in <module>
ModuleNotFoundError: No module named 'torch'
Traceback (most recent call last):
  File "<string>", line 1, in <module>
ModuleNotFoundError: No module named 'torch'
Traceback (most recent call last):
  File "<string>", line 1, in <module>
ModuleNotFoundError: No module named 'torch'
Traceback (most recent call last):
  File "<string>", line 1, in <module>
ModuleNotFoundError: No module named 'torch'
Traceback (most recent call last):
  File "<string>", line 1, in <module>
ModuleNotFoundError: No module named 'torch'
Traceback (most recent call last):
  File "<string>", line 1, in <module>
ModuleNotFoundError: No module named 'torch'
Traceback (most recent call last):
  File "<string>", line 1, in <module>
ModuleNotFoundError: No module named 'torch'
Traceback (most recent call last):
  File "<string>", line 1, in <module>
ModuleNotFoundError: No module named 'torch'
Traceback (most recent call last):
  File "<string>", line 1, in <module>
ModuleNotFoundError: No module named 'torch'
Traceback (most recent call last):
  File "<string>", line 1, in <module>
ModuleNotFoundError: No module named 'torch'
Traceback (most recent call last):
  File "<string>", line 1, in <module>
ModuleNotFoundError: No module named 'torch'
Traceback (most recent call last):
  File "<string>", line 1, in <module>
ModuleNotFoundError: No module named 'torch'
Traceback (most recent call last):
  File "<string>", line 1, in <module>
ModuleNotFoundError: No module named 'torch'
Traceback (most recent call last):
  File "<string>", line 1, in <module>
ModuleNotFoundError: No module named 'torch'
Traceback (most recent call last):
  File "<string>", line 1, in <module>
Traceback (most recent call last):
  File "<string>", line 1, in <module>
ModuleNotFoundError: No module named 'torch'
ModuleNotFoundError: No module named 'torch'
Traceback (most recent call last):
  File "<string>", line 1, in <module>
ModuleNotFoundError: No module named 'torch'
Traceback (most recent call last):
  File "<string>", line 1, in <module>
ModuleNotFoundError: No module named 'torch'
Traceback (most recent call last):
  File "<string>", line 1, in <module>
ModuleNotFoundError: No module named 'torch'
Traceback (most recent call last):
  File "<string>", line 1, in <module>
ModuleNotFoundError: No module named 'torch'
Traceback (most recent call last):
  File "<string>", line 1, in <module>
ModuleNotFoundError: No module named 'torch'
Traceback (most recent call last):
  File "<string>", line 1, in <module>
ModuleNotFoundError: No module named 'torch'
Traceback (most recent call last):
  File "<string>", line 1, in <module>
ModuleNotFoundError: No module named 'torch'
Traceback (most recent call last):
  File "<string>", line 1, in <module>
Traceback (most recent call last):
  File "<string>", line 1, in <module>
ModuleNotFoundError: No module named 'torch'
Traceback (most recent call last):
  File "<string>", line 1, in <module>
ModuleNotFoundError: No module named 'torch'
Traceback (most recent call last):
  File "<string>", line 1, in <module>
ModuleNotFoundError: No module named 'torch'
ModuleNotFoundError: No module named 'torch'
Traceback (most recent call last):
  File "<string>", line 1, in <module>
ModuleNotFoundError: No module named 'torch'
Traceback (most recent call last):
Traceback (most recent call last):
  File "<string>", line 1, in <module>
ModuleNotFoundError: No module named 'torch'
  File "<string>", line 1, in <module>
ModuleNotFoundError: No module named 'torch'
Traceback (most recent call last):
  File "<string>", line 1, in <module>
ModuleNotFoundError: No module named 'torch'
Traceback (most recent call last):
  File "<string>", line 1, in <module>
ModuleNotFoundError: No module named 'torch'
Traceback (most recent call last):
  File "<string>", line 1, in <module>
ModuleNotFoundError: No module named 'torch'
Traceback (most recent call last):
  File "<string>", line 1, in <module>
ModuleNotFoundError: No module named 'torch'
Traceback (most recent call last):
  File "<string>", line 1, in <module>
ModuleNotFoundError: No module named 'torch'
Traceback (most recent call last):
  File "<string>", line 1, in <module>
ModuleNotFoundError: No module named 'torch'
Traceback (most recent call last):
  File "<string>", line 1, in <module>
ModuleNotFoundError: No module named 'torch'
Traceback (most recent call last):
  File "<string>", line 1, in <module>
ModuleNotFoundError: No module named 'torch'
Traceback (most recent call last):
  File "<string>", line 1, in <module>
ModuleNotFoundError: No module named 'torch'
Traceback (most recent call last):
  File "<string>", line 1, in <module>
ModuleNotFoundError: No module named 'torch'
Traceback (most recent call last):
  File "<string>", line 1, in <module>
ModuleNotFoundError: No module named 'torch'
Traceback (most recent call last):
  File "<string>", line 1, in <module>
ModuleNotFoundError: No module named 'torch'
Traceback (most recent call last):
  File "<string>", line 1, in <module>
ModuleNotFoundError: No module named 'torch'
Traceback (most recent call last):
  File "<string>", line 1, in <module>
ModuleNotFoundError: No module named 'torch'
Traceback (most recent call last):
  File "<string>", line 1, in <module>
ModuleNotFoundError: No module named 'torch'
Traceback (most recent call last):
  File "<string>", line 1, in <module>
ModuleNotFoundError: No module named 'torch'
Traceback (most recent call last):
  File "<string>", line 1, in <module>
ModuleNotFoundError: No module named 'torch'
Traceback (most recent call last):
  File "<string>", line 1, in <module>
ModuleNotFoundError: No module named 'torch'
Traceback (most recent call last):
  File "<string>", line 1, in <module>
ModuleNotFoundError: No module named 'torch'
Traceback (most recent call last):
  File "<string>", line 1, in <module>
ModuleNotFoundError: No module named 'torch'
Traceback (most recent call last):
  File "<string>", line 1, in <module>
ModuleNotFoundError: No module named 'torch'
Traceback (most recent call last):
  File "<string>", line 1, in <module>
ModuleNotFoundError: No module named 'torch'
Traceback (most recent call last):
  File "<string>", line 1, in <module>
ModuleNotFoundError: No module named 'torch'
Traceback (most recent call last):
  File "<string>", line 1, in <module>
ModuleNotFoundError: No module named 'torch'
Traceback (most recent call last):
  File "<string>", line 1, in <module>
ModuleNotFoundError: No module named 'torch'
Traceback (most recent call last):
  File "<string>", line 1, in <module>
ModuleNotFoundError: No module named 'torch'
Traceback (most recent call last):
  File "<string>", line 1, in <module>
ModuleNotFoundError: No module named 'torch'
Traceback (most recent call last):
  File "<string>", line 1, in <module>
Traceback (most recent call last):
  File "<string>", line 1, in <module>
ModuleNotFoundError: No module named 'torch'
Traceback (most recent call last):
  File "<string>", line 1, in <module>
ModuleNotFoundError: No module named 'torch'
ModuleNotFoundError: No module named 'torch'
Traceback (most recent call last):
  File "<string>", line 1, in <module>
ModuleNotFoundError: No module named 'torch'
Traceback (most recent call last):
  File "<string>", line 1, in <module>
ModuleNotFoundError: No module named 'torch'
Traceback (most recent call last):
  File "<string>", line 1, in <module>
ModuleNotFoundError: No module named 'torch'
Traceback (most recent call last):
  File "<string>", line 1, in <module>
ModuleNotFoundError: No module named 'torch'
Traceback (most recent call last):
  File "<string>", line 1, in <module>
ModuleNotFoundError: No module named 'torch'
Traceback (most recent call last):
Traceback (most recent call last):
  File "<string>", line 1, in <module>
ModuleNotFoundError: No module named 'torch'
  File "<string>", line 1, in <module>
ModuleNotFoundError: No module named 'torch'
Traceback (most recent call last):
  File "<string>", line 1, in <module>
ModuleNotFoundError: No module named 'torch'
Traceback (most recent call last):
  File "<string>", line 1, in <module>
ModuleNotFoundError: No module named 'torch'
Traceback (most recent call last):
  File "<string>", line 1, in <module>
ModuleNotFoundError: No module named 'torch'
Traceback (most recent call last):
  File "<string>", line 1, in <module>
ModuleNotFoundError: No module named 'torch'
Traceback (most recent call last):
  File "<string>", line 1, in <module>
ModuleNotFoundError: No module named 'torch'
Traceback (most recent call last):
  File "<string>", line 1, in <module>
ModuleNotFoundError: No module named 'torch'
Traceback (most recent call last):
  File "<string>", line 1, in <module>
ModuleNotFoundError: No module named 'torch'
Traceback (most recent call last):
  File "<string>", line 1, in <module>
ModuleNotFoundError: No module named 'torch'
Traceback (most recent call last):
  File "<string>", line 1, in <module>
ModuleNotFoundError: No module named 'torch'
Traceback (most recent call last):
  File "<string>", line 1, in <module>
ModuleNotFoundError: No module named 'torch'
Traceback (most recent call last):
  File "<string>", line 1, in <module>
ModuleNotFoundError: No module named 'torch'
Traceback (most recent call last):
  File "<string>", line 1, in <module>
Traceback (most recent call last):
  File "<string>", line 1, in <module>
ModuleNotFoundError: No module named 'torch'
Traceback (most recent call last):
  File "<string>", line 1, in <module>
ModuleNotFoundError: No module named 'torch'
Traceback (most recent call last):
  File "<string>", line 1, in <module>
ModuleNotFoundError: No module named 'torch'
ModuleNotFoundError: No module named 'torch'
Traceback (most recent call last):
  File "<string>", line 1, in <module>
ModuleNotFoundError: No module named 'torch'
Traceback (most recent call last):
  File "<string>", line 1, in <module>
ModuleNotFoundError: No module named 'torch'
Traceback (most recent call last):
  File "<string>", line 1, in <module>
ModuleNotFoundError: No module named 'torch'
Traceback (most recent call last):
Traceback (most recent call last):
  File "<string>", line 1, in <module>
ModuleNotFoundError: No module named 'torch'
  File "<string>", line 1, in <module>
ModuleNotFoundError: No module named 'torch'
Traceback (most recent call last):
  File "<string>", line 1, in <module>
ModuleNotFoundError: No module named 'torch'
Traceback (most recent call last):
  File "<string>", line 1, in <module>
ModuleNotFoundError: No module named 'torch'
Traceback (most recent call last):
Traceback (most recent call last):
  File "<string>", line 1, in <module>
ModuleNotFoundError: No module named 'torch'
  File "<string>", line 1, in <module>
ModuleNotFoundError: No module named 'torch'
Traceback (most recent call last):
  File "<string>", line 1, in <module>
ModuleNotFoundError: No module named 'torch'
Traceback (most recent call last):
  File "<string>", line 1, in <module>
ModuleNotFoundError: No module named 'torch'
Traceback (most recent call last):
  File "<string>", line 1, in <module>
ModuleNotFoundError: No module named 'torch'
Traceback (most recent call last):
  File "<string>", line 1, in <module>
ModuleNotFoundError: No module named 'torch'
Traceback (most recent call last):
  File "<string>", line 1, in <module>
ModuleNotFoundError: No module named 'torch'
Traceback (most recent call last):
  File "<string>", line 1, in <module>
ModuleNotFoundError: No module named 'torch'
Traceback (most recent call last):
  File "<string>", line 1, in <module>
ModuleNotFoundError: No module named 'torch'
Traceback (most recent call last):
  File "<string>", line 1, in <module>
ModuleNotFoundError: No module named 'torch'
Traceback (most recent call last):
  File "<string>", line 1, in <module>
ModuleNotFoundError: No module named 'torch'
Traceback (most recent call last):
  File "<string>", line 1, in <module>
ModuleNotFoundError: No module named 'torch'
Traceback (most recent call last):
  File "<string>", line 1, in <module>
ModuleNotFoundError: No module named 'torch'
Traceback (most recent call last):
  File "<string>", line 1, in <module>
ModuleNotFoundError: No module named 'torch'
Traceback (most recent call last):
  File "<string>", line 1, in <module>
ModuleNotFoundError: No module named 'torch'
Traceback (most recent call last):
  File "<string>", line 1, in <module>
ModuleNotFoundError: No module named 'torch'
Traceback (most recent call last):
  File "<string>", line 1, in <module>
ModuleNotFoundError: No module named 'torch'
Traceback (most recent call last):
  File "<string>", line 1, in <module>
ModuleNotFoundError: No module named 'torch'
Traceback (most recent call last):
  File "<string>", line 1, in <module>
ModuleNotFoundError: No module named 'torch'
Traceback (most recent call last):
  File "<string>", line 1, in <module>
ModuleNotFoundError: No module named 'torch'
Traceback (most recent call last):
  File "<string>", line 1, in <module>
ModuleNotFoundError: No module named 'torch'
Traceback (most recent call last):
  File "<string>", line 1, in <module>
ModuleNotFoundError: No module named 'torch'
Traceback (most recent call last):
  File "<string>", line 1, in <module>
ModuleNotFoundError: No module named 'torch'
Traceback (most recent call last):
  File "<string>", line 1, in <module>
ModuleNotFoundError: No module named 'torch'
Traceback (most recent call last):
  File "<string>", line 1, in <module>
ModuleNotFoundError: No module named 'torch'
Traceback (most recent call last):
  File "<string>", line 1, in <module>
ModuleNotFoundError: No module named 'torch'
Traceback (most recent call last):
  File "<string>", line 1, in <module>
ModuleNotFoundError: No module named 'torch'
Traceback (most recent call last):
  File "<string>", line 1, in <module>
ModuleNotFoundError: No module named 'torch'
Traceback (most recent call last):
  File "<string>", line 1, in <module>
ModuleNotFoundError: No module named 'torch'
Traceback (most recent call last):
  File "<string>", line 1, in <module>
ModuleNotFoundError: No module named 'torch'
Traceback (most recent call last):
  File "<string>", line 1, in <module>
ModuleNotFoundError: No module named 'torch'
Traceback (most recent call last):
  File "<string>", line 1, in <module>
ModuleNotFoundError: No module named 'torch'
Traceback (most recent call last):
  File "<string>", line 1, in <module>
ModuleNotFoundError: No module named 'torch'
Traceback (most recent call last):
  File "<string>", line 1, in <module>
ModuleNotFoundError: No module named 'torch'
Traceback (most recent call last):
  File "<string>", line 1, in <module>
ModuleNotFoundError: No module named 'torch'
Traceback (most recent call last):
  File "<string>", line 1, in <module>
ModuleNotFoundError: No module named 'torch'
Traceback (most recent call last):
  File "<string>", line 1, in <module>
ModuleNotFoundError: No module named 'torch'
Traceback (most recent call last):
  File "<string>", line 1, in <module>
ModuleNotFoundError: No module named 'torch'
Traceback (most recent call last):
  File "<string>", line 1, in <module>
ModuleNotFoundError: No module named 'torch'
Traceback (most recent call last):
  File "<string>", line 1, in <module>
ModuleNotFoundError: No module named 'torch'
Traceback (most recent call last):
  File "<string>", line 1, in <module>
ModuleNotFoundError: No module named 'torch'
Traceback (most recent call last):
  File "<string>", line 1, in <module>
ModuleNotFoundError: No module named 'torch'
Traceback (most recent call last):
  File "<string>", line 1, in <module>
ModuleNotFoundError: No module named 'torch'
Traceback (most recent call last):
  File "<string>", line 1, in <module>
ModuleNotFoundError: No module named 'torch'
Traceback (most recent call last):
  File "<string>", line 1, in <module>
ModuleNotFoundError: No module named 'torch'
Traceback (most recent call last):
Traceback (most recent call last):
  File "<string>", line 1, in <module>
ModuleNotFoundError: No module named 'torch'
Traceback (most recent call last):
  File "<string>", line 1, in <module>
ModuleNotFoundError: No module named 'torch'
Traceback (most recent call last):
  File "<string>", line 1, in <module>
ModuleNotFoundError: No module named 'torch'
Traceback (most recent call last):
  File "<string>", line 1, in <module>
  File "<string>", line 1, in <module>
ModuleNotFoundError: No module named 'torch'
Traceback (most recent call last):
  File "<string>", line 1, in <module>
ModuleNotFoundError: No module named 'torch'
Traceback (most recent call last):
  File "<string>", line 1, in <module>
ModuleNotFoundError: No module named 'torch'
ModuleNotFoundError: No module named 'torch'
Traceback (most recent call last):
  File "<string>", line 1, in <module>
ModuleNotFoundError: No module named 'torch'
Traceback (most recent call last):
  File "<string>", line 1, in <module>
ModuleNotFoundError: No module named 'torch'
Traceback (most recent call last):
  File "<string>", line 1, in <module>
ModuleNotFoundError: No module named 'torch'
Traceback (most recent call last):
  File "<string>", line 1, in <module>
ModuleNotFoundError: No module named 'torch'
Traceback (most recent call last):
  File "<string>", line 1, in <module>
Traceback (most recent call last):
  File "<string>", line 1, in <module>
ModuleNotFoundError: No module named 'torch'
ModuleNotFoundError: No module named 'torch'
Traceback (most recent call last):
  File "<string>", line 1, in <module>
ModuleNotFoundError: No module named 'torch'
Traceback (most recent call last):
  File "<string>", line 1, in <module>
ModuleNotFoundError: No module named 'torch'
Traceback (most recent call last):
  File "<string>", line 1, in <module>
ModuleNotFoundError: No module named 'torch'
Traceback (most recent call last):
  File "<string>", line 1, in <module>
ModuleNotFoundError: No module named 'torch'
Traceback (most recent call last):
  File "<string>", line 1, in <module>
ModuleNotFoundError: No module named 'torch'
Traceback (most recent call last):
  File "<string>", line 1, in <module>
ModuleNotFoundError: No module named 'torch'
Traceback (most recent call last):
  File "<string>", line 1, in <module>
ModuleNotFoundError: No module named 'torch'
Traceback (most recent call last):
  File "<string>", line 1, in <module>
ModuleNotFoundError: No module named 'torch'
Traceback (most recent call last):
  File "<string>", line 1, in <module>
ModuleNotFoundError: No module named 'torch'
Traceback (most recent call last):
  File "<string>", line 1, in <module>
ModuleNotFoundError: No module named 'torch'
Traceback (most recent call last):
  File "<string>", line 1, in <module>
ModuleNotFoundError: No module named 'torch'
Traceback (most recent call last):
  File "<string>", line 1, in <module>
ModuleNotFoundError: No module named 'torch'
Traceback (most recent call last):
  File "<string>", line 1, in <module>
ModuleNotFoundError: No module named 'torch'
Traceback (most recent call last):
  File "<string>", line 1, in <module>
ModuleNotFoundError: No module named 'torch'
Traceback (most recent call last):
  File "<string>", line 1, in <module>
ModuleNotFoundError: No module named 'torch'
Traceback (most recent call last):
Traceback (most recent call last):
  File "<string>", line 1, in <module>
ModuleNotFoundError: No module named 'torch'
  File "<string>", line 1, in <module>
Traceback (most recent call last):
  File "<string>", line 1, in <module>
ModuleNotFoundError: No module named 'torch'
Traceback (most recent call last):
  File "<string>", line 1, in <module>
ModuleNotFoundError: No module named 'torch'
Traceback (most recent call last):
  File "<string>", line 1, in <module>
ModuleNotFoundError: No module named 'torch'
ModuleNotFoundError: No module named 'torch'
Traceback (most recent call last):
  File "<string>", line 1, in <module>
ModuleNotFoundError: No module named 'torch'
Traceback (most recent call last):
  File "<string>", line 1, in <module>
ModuleNotFoundError: No module named 'torch'
Traceback (most recent call last):
  File "<string>", line 1, in <module>
ModuleNotFoundError: No module named 'torch'
Traceback (most recent call last):
  File "<string>", line 1, in <module>
ModuleNotFoundError: No module named 'torch'
Traceback (most recent call last):
  File "<string>", line 1, in <module>
ModuleNotFoundError: No module named 'torch'
Traceback (most recent call last):
  File "<string>", line 1, in <module>
ModuleNotFoundError: No module named 'torch'
Traceback (most recent call last):
  File "<string>", line 1, in <module>
ModuleNotFoundError: No module named 'torch'
Traceback (most recent call last):
  File "<string>", line 1, in <module>
ModuleNotFoundError: No module named 'torch'
Traceback (most recent call last):
  File "<string>", line 1, in <module>
ModuleNotFoundError: No module named 'torch'
Traceback (most recent call last):
  File "<string>", line 1, in <module>
ModuleNotFoundError: No module named 'torch'
Traceback (most recent call last):
  File "<string>", line 1, in <module>
ModuleNotFoundError: No module named 'torch'
Traceback (most recent call last):
  File "<string>", line 1, in <module>
ModuleNotFoundError: No module named 'torch'
Traceback (most recent call last):
  File "<string>", line 1, in <module>
ModuleNotFoundError: No module named 'torch'
Traceback (most recent call last):
  File "<string>", line 1, in <module>
ModuleNotFoundError: No module named 'torch'
Traceback (most recent call last):
  File "<string>", line 1, in <module>
ModuleNotFoundError: No module named 'torch'
Traceback (most recent call last):
  File "<string>", line 1, in <module>
ModuleNotFoundError: No module named 'torch'
Traceback (most recent call last):
  File "<string>", line 1, in <module>
ModuleNotFoundError: No module named 'torch'
Traceback (most recent call last):
  File "<string>", line 1, in <module>
Traceback (most recent call last):
  File "<string>", line 1, in <module>
ModuleNotFoundError: No module named 'torch'
ModuleNotFoundError: No module named 'torch'
Traceback (most recent call last):
  File "<string>", line 1, in <module>
ModuleNotFoundError: No module named 'torch'
Traceback (most recent call last):
  File "<string>", line 1, in <module>
ModuleNotFoundError: No module named 'torch'
Traceback (most recent call last):
  File "<string>", line 1, in <module>
ModuleNotFoundError: No module named 'torch'
Traceback (most recent call last):
  File "<string>", line 1, in <module>
ModuleNotFoundError: No module named 'torch'
Traceback (most recent call last):
  File "<string>", line 1, in <module>
ModuleNotFoundError: No module named 'torch'
Traceback (most recent call last):
  File "<string>", line 1, in <module>
ModuleNotFoundError: No module named 'torch'
Traceback (most recent call last):
Traceback (most recent call last):
  File "<string>", line 1, in <module>
ModuleNotFoundError: No module named 'torch'
Traceback (most recent call last):
  File "<string>", line 1, in <module>
ModuleNotFoundError: No module named 'torch'
  File "<string>", line 1, in <module>
ModuleNotFoundError: No module named 'torch'
Traceback (most recent call last):
  File "<string>", line 1, in <module>
ModuleNotFoundError: No module named 'torch'
Traceback (most recent call last):
  File "<string>", line 1, in <module>
ModuleNotFoundError: No module named 'torch'
Traceback (most recent call last):
  File "<string>", line 1, in <module>
ModuleNotFoundError: No module named 'torch'
Traceback (most recent call last):
  File "<string>", line 1, in <module>
ModuleNotFoundError: No module named 'torch'
Traceback (most recent call last):
  File "<string>", line 1, in <module>
ModuleNotFoundError: No module named 'torch'
Traceback (most recent call last):
  File "<string>", line 1, in <module>
ModuleNotFoundError: No module named 'torch'
Traceback (most recent call last):
  File "<string>", line 1, in <module>
ModuleNotFoundError: No module named 'torch'
Traceback (most recent call last):
  File "<string>", line 1, in <module>
ModuleNotFoundError: No module named 'torch'
Traceback (most recent call last):
  File "<string>", line 1, in <module>
ModuleNotFoundError: No module named 'torch'
Traceback (most recent call last):
  File "<string>", line 1, in <module>
ModuleNotFoundError: No module named 'torch'
Traceback (most recent call last):
  File "<string>", line 1, in <module>
ModuleNotFoundError: No module named 'torch'
Traceback (most recent call last):
  File "<string>", line 1, in <module>
ModuleNotFoundError: No module named 'torch'
Traceback (most recent call last):
  File "<string>", line 1, in <module>
ModuleNotFoundError: No module named 'torch'
Traceback (most recent call last):
  File "<string>", line 1, in <module>
ModuleNotFoundError: No module named 'torch'
Traceback (most recent call last):
  File "<string>", line 1, in <module>
ModuleNotFoundError: No module named 'torch'
Traceback (most recent call last):
  File "<string>", line 1, in <module>
ModuleNotFoundError: No module named 'torch'
Traceback (most recent call last):
  File "<string>", line 1, in <module>
ModuleNotFoundError: No module named 'torch'
Traceback (most recent call last):
  File "<string>", line 1, in <module>
ModuleNotFoundError: No module named 'torch'
Traceback (most recent call last):
  File "<string>", line 1, in <module>
ModuleNotFoundError: No module named 'torch'
Traceback (most recent call last):
  File "<string>", line 1, in <module>
ModuleNotFoundError: No module named 'torch'
Traceback (most recent call last):
  File "<string>", line 1, in <module>
ModuleNotFoundError: No module named 'torch'
Traceback (most recent call last):
  File "<string>", line 1, in <module>
ModuleNotFoundError: No module named 'torch'
Traceback (most recent call last):
  File "<string>", line 1, in <module>
ModuleNotFoundError: No module named 'torch'
Traceback (most recent call last):
  File "<string>", line 1, in <module>
ModuleNotFoundError: No module named 'torch'
Traceback (most recent call last):
  File "<string>", line 1, in <module>
ModuleNotFoundError: No module named 'torch'
Traceback (most recent call last):
  File "<string>", line 1, in <module>
ModuleNotFoundError: No module named 'torch'
Traceback (most recent call last):
  File "<string>", line 1, in <module>
ModuleNotFoundError: No module named 'torch'
Traceback (most recent call last):
  File "<string>", line 1, in <module>
ModuleNotFoundError: No module named 'torch'
Traceback (most recent call last):
  File "<string>", line 1, in <module>
ModuleNotFoundError: No module named 'torch'
Traceback (most recent call last):
  File "<string>", line 1, in <module>
ModuleNotFoundError: No module named 'torch'
Traceback (most recent call last):
  File "<string>", line 1, in <module>
ModuleNotFoundError: No module named 'torch'
Traceback (most recent call last):
  File "<string>", line 1, in <module>
ModuleNotFoundError: No module named 'torch'
Traceback (most recent call last):
  File "<string>", line 1, in <module>
ModuleNotFoundError: No module named 'torch'
Traceback (most recent call last):
  File "<string>", line 1, in <module>
ModuleNotFoundError: No module named 'torch'
Traceback (most recent call last):
  File "<string>", line 1, in <module>
ModuleNotFoundError: No module named 'torch'
Traceback (most recent call last):
  File "<string>", line 1, in <module>
ModuleNotFoundError: No module named 'torch'
Traceback (most recent call last):
  File "<string>", line 1, in <module>
ModuleNotFoundError: No module named 'torch'
Traceback (most recent call last):
  File "<string>", line 1, in <module>
ModuleNotFoundError: No module named 'torch'
Traceback (most recent call last):
  File "<string>", line 1, in <module>
ModuleNotFoundError: No module named 'torch'
Traceback (most recent call last):
  File "<string>", line 1, in <module>
ModuleNotFoundError: No module named 'torch'
Traceback (most recent call last):
  File "<string>", line 1, in <module>
ModuleNotFoundError: No module named 'torch'
Traceback (most recent call last):
  File "<string>", line 1, in <module>
ModuleNotFoundError: No module named 'torch'
Traceback (most recent call last):
  File "<string>", line 1, in <module>
ModuleNotFoundError: No module named 'torch'
Traceback (most recent call last):
  File "<string>", line 1, in <module>
ModuleNotFoundError: No module named 'torch'
Traceback (most recent call last):
  File "<string>", line 1, in <module>
ModuleNotFoundError: No module named 'torch'
Traceback (most recent call last):
  File "<string>", line 1, in <module>
ModuleNotFoundError: No module named 'torch'
Traceback (most recent call last):
  File "<string>", line 1, in <module>
ModuleNotFoundError: No module named 'torch'
Traceback (most recent call last):
  File "<string>", line 1, in <module>
ModuleNotFoundError: No module named 'torch'
Traceback (most recent call last):
Traceback (most recent call last):
  File "<string>", line 1, in <module>
ModuleNotFoundError: No module named 'torch'
  File "<string>", line 1, in <module>
Traceback (most recent call last):
  File "<string>", line 1, in <module>
ModuleNotFoundError: No module named 'torch'
Traceback (most recent call last):
  File "<string>", line 1, in <module>
ModuleNotFoundError: No module named 'torch'
Traceback (most recent call last):
  File "<string>", line 1, in <module>
ModuleNotFoundError: No module named 'torch'
ModuleNotFoundError: No module named 'torch'
Traceback (most recent call last):
  File "<string>", line 1, in <module>
ModuleNotFoundError: No module named 'torch'
Traceback (most recent call last):
  File "<string>", line 1, in <module>
ModuleNotFoundError: No module named 'torch'
Traceback (most recent call last):
  File "<string>", line 1, in <module>
ModuleNotFoundError: No module named 'torch'
Traceback (most recent call last):
  File "<string>", line 1, in <module>
ModuleNotFoundError: No module named 'torch'
Traceback (most recent call last):
  File "<string>", line 1, in <module>
ModuleNotFoundError: No module named 'torch'
Traceback (most recent call last):
Traceback (most recent call last):
  File "<string>", line 1, in <module>
ModuleNotFoundError: No module named 'torch'
  File "<string>", line 1, in <module>
ModuleNotFoundError: No module named 'torch'
Traceback (most recent call last):
  File "<string>", line 1, in <module>
ModuleNotFoundError: No module named 'torch'
Traceback (most recent call last):
  File "<string>", line 1, in <module>
ModuleNotFoundError: No module named 'torch'
Traceback (most recent call last):
  File "<string>", line 1, in <module>
ModuleNotFoundError: No module named 'torch'
Traceback (most recent call last):
  File "<string>", line 1, in <module>
ModuleNotFoundError: No module named 'torch'
Traceback (most recent call last):
  File "<string>", line 1, in <module>
ModuleNotFoundError: No module named 'torch'
Traceback (most recent call last):
  File "<string>", line 1, in <module>
ModuleNotFoundError: No module named 'torch'
Traceback (most recent call last):
  File "<string>", line 1, in <module>
ModuleNotFoundError: No module named 'torch'
Traceback (most recent call last):
  File "<string>", line 1, in <module>
ModuleNotFoundError: No module named 'torch'
Traceback (most recent call last):
  File "<string>", line 1, in <module>
ModuleNotFoundError: No module named 'torch'
Traceback (most recent call last):
  File "<string>", line 1, in <module>
ModuleNotFoundError: No module named 'torch'
Traceback (most recent call last):
  File "<string>", line 1, in <module>
ModuleNotFoundError: No module named 'torch'
Traceback (most recent call last):
  File "<string>", line 1, in <module>
ModuleNotFoundError: No module named 'torch'
Traceback (most recent call last):
  File "<string>", line 1, in <module>
ModuleNotFoundError: No module named 'torch'
Traceback (most recent call last):
  File "<string>", line 1, in <module>
ModuleNotFoundError: No module named 'torch'
Traceback (most recent call last):
  File "<string>", line 1, in <module>
ModuleNotFoundError: No module named 'torch'
Traceback (most recent call last):
Traceback (most recent call last):
  File "<string>", line 1, in <module>
ModuleNotFoundError: No module named 'torch'
Traceback (most recent call last):
  File "<string>", line 1, in <module>
ModuleNotFoundError: No module named 'torch'
Traceback (most recent call last):
  File "<string>", line 1, in <module>
ModuleNotFoundError: No module named 'torch'
Traceback (most recent call last):
  File "<string>", line 1, in <module>
ModuleNotFoundError: No module named 'torch'
Traceback (most recent call last):
  File "<string>", line 1, in <module>
ModuleNotFoundError: No module named 'torch'
Traceback (most recent call last):
  File "<string>", line 1, in <module>
ModuleNotFoundError: No module named 'torch'
  File "<string>", line 1, in <module>
ModuleNotFoundError: No module named 'torch'
Traceback (most recent call last):
  File "<string>", line 1, in <module>
ModuleNotFoundError: No module named 'torch'
Traceback (most recent call last):
  File "<string>", line 1, in <module>
ModuleNotFoundError: No module named 'torch'
Traceback (most recent call last):
  File "<string>", line 1, in <module>
ModuleNotFoundError: No module named 'torch'
Traceback (most recent call last):
  File "<string>", line 1, in <module>
ModuleNotFoundError: No module named 'torch'
Traceback (most recent call last):
  File "<string>", line 1, in <module>
ModuleNotFoundError: No module named 'torch'
Traceback (most recent call last):
  File "<string>", line 1, in <module>
ModuleNotFoundError: No module named 'torch'
Traceback (most recent call last):
Traceback (most recent call last):
  File "<string>", line 1, in <module>
Traceback (most recent call last):
  File "<string>", line 1, in <module>
ModuleNotFoundError: No module named 'torch'
Traceback (most recent call last):
  File "<string>", line 1, in <module>
ModuleNotFoundError: No module named 'torch'
Traceback (most recent call last):
  File "<string>", line 1, in <module>
ModuleNotFoundError: No module named 'torch'
  File "<string>", line 1, in <module>
ModuleNotFoundError: No module named 'torch'
ModuleNotFoundError: No module named 'torch'
Traceback (most recent call last):
  File "<string>", line 1, in <module>
ModuleNotFoundError: No module named 'torch'
Traceback (most recent call last):
  File "<string>", line 1, in <module>
ModuleNotFoundError: No module named 'torch'
Traceback (most recent call last):
  File "<string>", line 1, in <module>
ModuleNotFoundError: No module named 'torch'
Traceback (most recent call last):
  File "<string>", line 1, in <module>
ModuleNotFoundError: No module named 'torch'
Traceback (most recent call last):
  File "<string>", line 1, in <module>
ModuleNotFoundError: No module named 'torch'
Traceback (most recent call last):
  File "<string>", line 1, in <module>
ModuleNotFoundError: No module named 'torch'
Traceback (most recent call last):
  File "<string>", line 1, in <module>
ModuleNotFoundError: No module named 'torch'
Traceback (most recent call last):
  File "<string>", line 1, in <module>
ModuleNotFoundError: No module named 'torch'
Traceback (most recent call last):
  File "<string>", line 1, in <module>
ModuleNotFoundError: No module named 'torch'
Traceback (most recent call last):
  File "<string>", line 1, in <module>
ModuleNotFoundError: No module named 'torch'
Traceback (most recent call last):
  File "<string>", line 1, in <module>
ModuleNotFoundError: No module named 'torch'
Traceback (most recent call last):
  File "<string>", line 1, in <module>
ModuleNotFoundError: No module named 'torch'
Traceback (most recent call last):
  File "<string>", line 1, in <module>
ModuleNotFoundError: No module named 'torch'
Traceback (most recent call last):
  File "<string>", line 1, in <module>
ModuleNotFoundError: No module named 'torch'
Traceback (most recent call last):
  File "<string>", line 1, in <module>
ModuleNotFoundError: No module named 'torch'
Traceback (most recent call last):
  File "<string>", line 1, in <module>
ModuleNotFoundError: No module named 'torch'
Traceback (most recent call last):
  File "<string>", line 1, in <module>
ModuleNotFoundError: No module named 'torch'
Traceback (most recent call last):
  File "<string>", line 1, in <module>
ModuleNotFoundError: No module named 'torch'
Traceback (most recent call last):
  File "<string>", line 1, in <module>
ModuleNotFoundError: No module named 'torch'
Traceback (most recent call last):
  File "<string>", line 1, in <module>
ModuleNotFoundError: No module named 'torch'
Traceback (most recent call last):
  File "<string>", line 1, in <module>
ModuleNotFoundError: No module named 'torch'
Traceback (most recent call last):
  File "<string>", line 1, in <module>
ModuleNotFoundError: No module named 'torch'
Traceback (most recent call last):
  File "<string>", line 1, in <module>
ModuleNotFoundError: No module named 'torch'
Traceback (most recent call last):
  File "<string>", line 1, in <module>
ModuleNotFoundError: No module named 'torch'
Traceback (most recent call last):
  File "<string>", line 1, in <module>
ModuleNotFoundError: No module named 'torch'
Traceback (most recent call last):
  File "<string>", line 1, in <module>
ModuleNotFoundError: No module named 'torch'
Traceback (most recent call last):
  File "<string>", line 1, in <module>
ModuleNotFoundError: No module named 'torch'
Traceback (most recent call last):
  File "<string>", line 1, in <module>
ModuleNotFoundError: No module named 'torch'
Traceback (most recent call last):
  File "<string>", line 1, in <module>
ModuleNotFoundError: No module named 'torch'
Traceback (most recent call last):
  File "<string>", line 1, in <module>
ModuleNotFoundError: No module named 'torch'
Traceback (most recent call last):
  File "<string>", line 1, in <module>
ModuleNotFoundError: No module named 'torch'
Traceback (most recent call last):
  File "<string>", line 1, in <module>
ModuleNotFoundError: No module named 'torch'
Traceback (most recent call last):
  File "<string>", line 1, in <module>
ModuleNotFoundError: No module named 'torch'
Traceback (most recent call last):
  File "<string>", line 1, in <module>
ModuleNotFoundError: No module named 'torch'
Traceback (most recent call last):
  File "<string>", line 1, in <module>
ModuleNotFoundError: No module named 'torch'
Traceback (most recent call last):
  File "<string>", line 1, in <module>
ModuleNotFoundError: No module named 'torch'
Traceback (most recent call last):
  File "<string>", line 1, in <module>
ModuleNotFoundError: No module named 'torch'
Traceback (most recent call last):
  File "<string>", line 1, in <module>
ModuleNotFoundError: No module named 'torch'
Traceback (most recent call last):
  File "<string>", line 1, in <module>
ModuleNotFoundError: No module named 'torch'
Traceback (most recent call last):
  File "<string>", line 1, in <module>
ModuleNotFoundError: No module named 'torch'
Traceback (most recent call last):
  File "<string>", line 1, in <module>
ModuleNotFoundError: No module named 'torch'
Traceback (most recent call last):
  File "<string>", line 1, in <module>
ModuleNotFoundError: No module named 'torch'
Traceback (most recent call last):
  File "<string>", line 1, in <module>
ModuleNotFoundError: No module named 'torch'
Traceback (most recent call last):
  File "<string>", line 1, in <module>
ModuleNotFoundError: No module named 'torch'
Traceback (most recent call last):
  File "<string>", line 1, in <module>
ModuleNotFoundError: No module named 'torch'
Traceback (most recent call last):
  File "<string>", line 1, in <module>
ModuleNotFoundError: No module named 'torch'
Traceback (most recent call last):
  File "<string>", line 1, in <module>
ModuleNotFoundError: No module named 'torch'
Traceback (most recent call last):
  File "<string>", line 1, in <module>
ModuleNotFoundError: No module named 'torch'
Traceback (most recent call last):
  File "<string>", line 1, in <module>
ModuleNotFoundError: No module named 'torch'
Traceback (most recent call last):
  File "<string>", line 1, in <module>
ModuleNotFoundError: No module named 'torch'
Traceback (most recent call last):
  File "<string>", line 1, in <module>
ModuleNotFoundError: No module named 'torch'
Traceback (most recent call last):
  File "<string>", line 1, in <module>
ModuleNotFoundError: No module named 'torch'
Traceback (most recent call last):
  File "<string>", line 1, in <module>
ModuleNotFoundError: No module named 'torch'
Traceback (most recent call last):
  File "<string>", line 1, in <module>
ModuleNotFoundError: No module named 'torch'
Traceback (most recent call last):
  File "<string>", line 1, in <module>
ModuleNotFoundError: No module named 'torch'
Traceback (most recent call last):
  File "<string>", line 1, in <module>
ModuleNotFoundError: No module named 'torch'
Traceback (most recent call last):
  File "<string>", line 1, in <module>
ModuleNotFoundError: No module named 'torch'
Traceback (most recent call last):
  File "<string>", line 1, in <module>
ModuleNotFoundError: No module named 'torch'
Traceback (most recent call last):
  File "<string>", line 1, in <module>
ModuleNotFoundError: No module named 'torch'
Traceback (most recent call last):
  File "<string>", line 1, in <module>
Traceback (most recent call last):
ModuleNotFoundError: No module named 'torch'
  File "<string>", line 1, in <module>
ModuleNotFoundError: No module named 'torch'
Traceback (most recent call last):
  File "<string>", line 1, in <module>
ModuleNotFoundError: No module named 'torch'
Traceback (most recent call last):
  File "<string>", line 1, in <module>
ModuleNotFoundError: No module named 'torch'
Traceback (most recent call last):
  File "<string>", line 1, in <module>
ModuleNotFoundError: No module named 'torch'
Traceback (most recent call last):
  File "<string>", line 1, in <module>
ModuleNotFoundError: No module named 'torch'
Traceback (most recent call last):
  File "<string>", line 1, in <module>
ModuleNotFoundError: No module named 'torch'
Traceback (most recent call last):
  File "<string>", line 1, in <module>
ModuleNotFoundError: No module named 'torch'
Traceback (most recent call last):
  File "<string>", line 1, in <module>
ModuleNotFoundError: No module named 'torch'
Traceback (most recent call last):
  File "<string>", line 1, in <module>
ModuleNotFoundError: No module named 'torch'
Traceback (most recent call last):
  File "<string>", line 1, in <module>
ModuleNotFoundError: No module named 'torch'
Traceback (most recent call last):
  File "<string>", line 1, in <module>
ModuleNotFoundError: No module named 'torch'
Traceback (most recent call last):
  File "<string>", line 1, in <module>
ModuleNotFoundError: No module named 'torch'
Traceback (most recent call last):
  File "<string>", line 1, in <module>
ModuleNotFoundError: No module named 'torch'
Traceback (most recent call last):
  File "<string>", line 1, in <module>
ModuleNotFoundError: No module named 'torch'
Traceback (most recent call last):
  File "<string>", line 1, in <module>
ModuleNotFoundError: No module named 'torch'
Traceback (most recent call last):
  File "<string>", line 1, in <module>
ModuleNotFoundError: No module named 'torch'
Traceback (most recent call last):
  File "<string>", line 1, in <module>
ModuleNotFoundError: No module named 'torch'
Traceback (most recent call last):
  File "<string>", line 1, in <module>
ModuleNotFoundError: No module named 'torch'
Traceback (most recent call last):
  File "<string>", line 1, in <module>
ModuleNotFoundError: No module named 'torch'
Traceback (most recent call last):
  File "<string>", line 1, in <module>
ModuleNotFoundError: No module named 'torch'
Traceback (most recent call last):
  File "<string>", line 1, in <module>
ModuleNotFoundError: No module named 'torch'
Traceback (most recent call last):
  File "<string>", line 1, in <module>
ModuleNotFoundError: No module named 'torch'
Traceback (most recent call last):
  File "<string>", line 1, in <module>
ModuleNotFoundError: No module named 'torch'
Traceback (most recent call last):
  File "<string>", line 1, in <module>
ModuleNotFoundError: No module named 'torch'
Traceback (most recent call last):
  File "<string>", line 1, in <module>
ModuleNotFoundError: No module named 'torch'
Traceback (most recent call last):
  File "<string>", line 1, in <module>
ModuleNotFoundError: No module named 'torch'
Traceback (most recent call last):
  File "<string>", line 1, in <module>
ModuleNotFoundError: No module named 'torch'
Traceback (most recent call last):
  File "<string>", line 1, in <module>
ModuleNotFoundError: No module named 'torch'
Traceback (most recent call last):
  File "<string>", line 1, in <module>
ModuleNotFoundError: No module named 'torch'
Traceback (most recent call last):
  File "<string>", line 1, in <module>
ModuleNotFoundError: No module named 'torch'
Traceback (most recent call last):
  File "<string>", line 1, in <module>
ModuleNotFoundError: No module named 'torch'
Traceback (most recent call last):
  File "<string>", line 1, in <module>
ModuleNotFoundError: No module named 'torch'
Traceback (most recent call last):
  File "<string>", line 1, in <module>
ModuleNotFoundError: No module named 'torch'
Traceback (most recent call last):
  File "<string>", line 1, in <module>
ModuleNotFoundError: No module named 'torch'
Traceback (most recent call last):
  File "<string>", line 1, in <module>
ModuleNotFoundError: No module named 'torch'
Traceback (most recent call last):
  File "<string>", line 1, in <module>
ModuleNotFoundError: No module named 'torch'
Traceback (most recent call last):
  File "<string>", line 1, in <module>
ModuleNotFoundError: No module named 'torch'
Traceback (most recent call last):
  File "<string>", line 1, in <module>
ModuleNotFoundError: No module named 'torch'
Traceback (most recent call last):
  File "<string>", line 1, in <module>
ModuleNotFoundError: No module named 'torch'
Traceback (most recent call last):
  File "<string>", line 1, in <module>
ModuleNotFoundError: No module named 'torch'
Traceback (most recent call last):
  File "<string>", line 1, in <module>
ModuleNotFoundError: No module named 'torch'
Traceback (most recent call last):
Traceback (most recent call last):
  File "<string>", line 1, in <module>
ModuleNotFoundError: No module named 'torch'
Traceback (most recent call last):
  File "<string>", line 1, in <module>
ModuleNotFoundError: No module named 'torch'
  File "<string>", line 1, in <module>
Traceback (most recent call last):
  File "<string>", line 1, in <module>
Traceback (most recent call last):
  File "<string>", line 1, in <module>
ModuleNotFoundError: No module named 'torch'
ModuleNotFoundError: No module named 'torch'
ModuleNotFoundError: No module named 'torch'
Traceback (most recent call last):
  File "<string>", line 1, in <module>
ModuleNotFoundError: No module named 'torch'
Traceback (most recent call last):
  File "<string>", line 1, in <module>
ModuleNotFoundError: No module named 'torch'
Traceback (most recent call last):
Traceback (most recent call last):
  File "<string>", line 1, in <module>
ModuleNotFoundError: No module named 'torch'
Traceback (most recent call last):
  File "<string>", line 1, in <module>
ModuleNotFoundError: No module named 'torch'
Traceback (most recent call last):
  File "<string>", line 1, in <module>
ModuleNotFoundError: No module named 'torch'
Traceback (most recent call last):
  File "<string>", line 1, in <module>
ModuleNotFoundError: No module named 'torch'
  File "<string>", line 1, in <module>
ModuleNotFoundError: No module named 'torch'
Traceback (most recent call last):
  File "<string>", line 1, in <module>
ModuleNotFoundError: No module named 'torch'
Traceback (most recent call last):
  File "<string>", line 1, in <module>
ModuleNotFoundError: No module named 'torch'
Traceback (most recent call last):
  File "<string>", line 1, in <module>
ModuleNotFoundError: No module named 'torch'
Traceback (most recent call last):
  File "<string>", line 1, in <module>
ModuleNotFoundError: No module named 'torch'
Traceback (most recent call last):
  File "<string>", line 1, in <module>
ModuleNotFoundError: No module named 'torch'
Traceback (most recent call last):
  File "<string>", line 1, in <module>
ModuleNotFoundError: No module named 'torch'
Traceback (most recent call last):
  File "<string>", line 1, in <module>
ModuleNotFoundError: No module named 'torch'
Traceback (most recent call last):
  File "<string>", line 1, in <module>
ModuleNotFoundError: No module named 'torch'
Traceback (most recent call last):
  File "<string>", line 1, in <module>
Traceback (most recent call last):
  File "<string>", line 1, in <module>
ModuleNotFoundError: No module named 'torch'
Traceback (most recent call last):
  File "<string>", line 1, in <module>
ModuleNotFoundError: No module named 'torch'
Traceback (most recent call last):
  File "<string>", line 1, in <module>
ModuleNotFoundError: No module named 'torch'
Traceback (most recent call last):
  File "<string>", line 1, in <module>
ModuleNotFoundError: No module named 'torch'
Traceback (most recent call last):
  File "<string>", line 1, in <module>
ModuleNotFoundError: No module named 'torch'
ModuleNotFoundError: No module named 'torch'
Traceback (most recent call last):
  File "<string>", line 1, in <module>
ModuleNotFoundError: No module named 'torch'
Traceback (most recent call last):
  File "<string>", line 1, in <module>
ModuleNotFoundError: No module named 'torch'
Traceback (most recent call last):
  File "<string>", line 1, in <module>
ModuleNotFoundError: No module named 'torch'
Traceback (most recent call last):
  File "<string>", line 1, in <module>
ModuleNotFoundError: No module named 'torch'
Traceback (most recent call last):
  File "<string>", line 1, in <module>
ModuleNotFoundError: No module named 'torch'
Traceback (most recent call last):
  File "<string>", line 1, in <module>
ModuleNotFoundError: No module named 'torch'
Traceback (most recent call last):
  File "<string>", line 1, in <module>
ModuleNotFoundError: No module named 'torch'
Traceback (most recent call last):
  File "<string>", line 1, in <module>
ModuleNotFoundError: No module named 'torch'
Traceback (most recent call last):
  File "<string>", line 1, in <module>
ModuleNotFoundError: No module named 'torch'
Traceback (most recent call last):
  File "<string>", line 1, in <module>
ModuleNotFoundError: No module named 'torch'
Traceback (most recent call last):
  File "<string>", line 1, in <module>
ModuleNotFoundError: No module named 'torch'
Traceback (most recent call last):
  File "<string>", line 1, in <module>
ModuleNotFoundError: No module named 'torch'
Traceback (most recent call last):
  File "<string>", line 1, in <module>
ModuleNotFoundError: No module named 'torch'
Traceback (most recent call last):
  File "<string>", line 1, in <module>
ModuleNotFoundError: No module named 'torch'
Traceback (most recent call last):
  File "<string>", line 1, in <module>
ModuleNotFoundError: No module named 'torch'
Traceback (most recent call last):
  File "<string>", line 1, in <module>
ModuleNotFoundError: No module named 'torch'
Traceback (most recent call last):
  File "<string>", line 1, in <module>
ModuleNotFoundError: No module named 'torch'
Traceback (most recent call last):
  File "<string>", line 1, in <module>
ModuleNotFoundError: No module named 'torch'
Traceback (most recent call last):
  File "<string>", line 1, in <module>
ModuleNotFoundError: No module named 'torch'
Traceback (most recent call last):
  File "<string>", line 1, in <module>
ModuleNotFoundError: No module named 'torch'
Traceback (most recent call last):
  File "<string>", line 1, in <module>
ModuleNotFoundError: No module named 'torch'
Traceback (most recent call last):
  File "<string>", line 1, in <module>
ModuleNotFoundError: No module named 'torch'
Traceback (most recent call last):
  File "<string>", line 1, in <module>
ModuleNotFoundError: No module named 'torch'
Traceback (most recent call last):
  File "<string>", line 1, in <module>
ModuleNotFoundError: No module named 'torch'
Traceback (most recent call last):
  File "<string>", line 1, in <module>
ModuleNotFoundError: No module named 'torch'
Traceback (most recent call last):
  File "<string>", line 1, in <module>
ModuleNotFoundError: No module named 'torch'
Traceback (most recent call last):
  File "<string>", line 1, in <module>
ModuleNotFoundError: No module named 'torch'
Traceback (most recent call last):
  File "<string>", line 1, in <module>
ModuleNotFoundError: No module named 'torch'
Traceback (most recent call last):
  File "<string>", line 1, in <module>
ModuleNotFoundError: No module named 'torch'
Traceback (most recent call last):
  File "<string>", line 1, in <module>
ModuleNotFoundError: No module named 'torch'
Traceback (most recent call last):
  File "<string>", line 1, in <module>
ModuleNotFoundError: No module named 'torch'
Traceback (most recent call last):
  File "<string>", line 1, in <module>
ModuleNotFoundError: No module named 'torch'
Traceback (most recent call last):
  File "<string>", line 1, in <module>
ModuleNotFoundError: No module named 'torch'
Traceback (most recent call last):
  File "<string>", line 1, in <module>
ModuleNotFoundError: No module named 'torch'
Traceback (most recent call last):
  File "<string>", line 1, in <module>
ModuleNotFoundError: No module named 'torch'
Traceback (most recent call last):
  File "<string>", line 1, in <module>
ModuleNotFoundError: No module named 'torch'
Traceback (most recent call last):
  File "<string>", line 1, in <module>
ModuleNotFoundError: No module named 'torch'
Traceback (most recent call last):
  File "<string>", line 1, in <module>
ModuleNotFoundError: No module named 'torch'
Traceback (most recent call last):
  File "<string>", line 1, in <module>
ModuleNotFoundError: No module named 'torch'
Traceback (most recent call last):
  File "<string>", line 1, in <module>
ModuleNotFoundError: No module named 'torch'
Traceback (most recent call last):
  File "<string>", line 1, in <module>
ModuleNotFoundError: No module named 'torch'
Traceback (most recent call last):
  File "<string>", line 1, in <module>
ModuleNotFoundError: No module named 'torch'
Traceback (most recent call last):
  File "<string>", line 1, in <module>
ModuleNotFoundError: No module named 'torch'
Traceback (most recent call last):
  File "<string>", line 1, in <module>
ModuleNotFoundError: No module named 'torch'
Traceback (most recent call last):
  File "<string>", line 1, in <module>
ModuleNotFoundError: No module named 'torch'
Traceback (most recent call last):
  File "<string>", line 1, in <module>
ModuleNotFoundError: No module named 'torch'
Traceback (most recent call last):
  File "<string>", line 1, in <module>
ModuleNotFoundError: No module named 'torch'
Traceback (most recent call last):
  File "<string>", line 1, in <module>
ModuleNotFoundError: No module named 'torch'
Traceback (most recent call last):
  File "<string>", line 1, in <module>
ModuleNotFoundError: No module named 'torch'
Traceback (most recent call last):
  File "<string>", line 1, in <module>
ModuleNotFoundError: No module named 'torch'
Traceback (most recent call last):
  File "<string>", line 1, in <module>
ModuleNotFoundError: No module named 'torch'
Traceback (most recent call last):
  File "<string>", line 1, in <module>
ModuleNotFoundError: No module named 'torch'
Traceback (most recent call last):
  File "<string>", line 1, in <module>
ModuleNotFoundError: No module named 'torch'
Traceback (most recent call last):
  File "<string>", line 1, in <module>
ModuleNotFoundError: No module named 'torch'
Traceback (most recent call last):
  File "<string>", line 1, in <module>
ModuleNotFoundError: No module named 'torch'
Traceback (most recent call last):
  File "<string>", line 1, in <module>
ModuleNotFoundError: No module named 'torch'
Traceback (most recent call last):
  File "<string>", line 1, in <module>
ModuleNotFoundError: No module named 'torch'
Traceback (most recent call last):
  File "<string>", line 1, in <module>
Traceback (most recent call last):
  File "<string>", line 1, in <module>
Traceback (most recent call last):
  File "<string>", line 1, in <module>
ModuleNotFoundError: No module named 'torch'
Traceback (most recent call last):
  File "<string>", line 1, in <module>
ModuleNotFoundError: No module named 'torch'
ModuleNotFoundError: No module named 'torch'
ModuleNotFoundError: No module named 'torch'
Traceback (most recent call last):
  File "<string>", line 1, in <module>
ModuleNotFoundError: No module named 'torch'
Traceback (most recent call last):
  File "<string>", line 1, in <module>
ModuleNotFoundError: No module named 'torch'
Traceback (most recent call last):
  File "<string>", line 1, in <module>
ModuleNotFoundError: No module named 'torch'
Traceback (most recent call last):
  File "<string>", line 1, in <module>
ModuleNotFoundError: No module named 'torch'
Traceback (most recent call last):
  File "<string>", line 1, in <module>
ModuleNotFoundError: No module named 'torch'
Traceback (most recent call last):
  File "<string>", line 1, in <module>
ModuleNotFoundError: No module named 'torch'
Traceback (most recent call last):
  File "<string>", line 1, in <module>
ModuleNotFoundError: No module named 'torch'
Traceback (most recent call last):
  File "<string>", line 1, in <module>
ModuleNotFoundError: No module named 'torch'
Traceback (most recent call last):
  File "<string>", line 1, in <module>
ModuleNotFoundError: No module named 'torch'
Traceback (most recent call last):
  File "<string>", line 1, in <module>
ModuleNotFoundError: No module named 'torch'
Traceback (most recent call last):
  File "<string>", line 1, in <module>
ModuleNotFoundError: No module named 'torch'
Traceback (most recent call last):
  File "<string>", line 1, in <module>
ModuleNotFoundError: No module named 'torch'
Traceback (most recent call last):
  File "<string>", line 1, in <module>
ModuleNotFoundError: No module named 'torch'
Traceback (most recent call last):
  File "<string>", line 1, in <module>
ModuleNotFoundError: No module named 'torch'
Traceback (most recent call last):
  File "<string>", line 1, in <module>
ModuleNotFoundError: No module named 'torch'
Traceback (most recent call last):
  File "<string>", line 1, in <module>
ModuleNotFoundError: No module named 'torch'
Traceback (most recent call last):
  File "<string>", line 1, in <module>
ModuleNotFoundError: No module named 'torch'
Traceback (most recent call last):
  File "<string>", line 1, in <module>
ModuleNotFoundError: No module named 'torch'
Traceback (most recent call last):
  File "<string>", line 1, in <module>
ModuleNotFoundError: No module named 'torch'
Traceback (most recent call last):
  File "<string>", line 1, in <module>
ModuleNotFoundError: No module named 'torch'
Traceback (most recent call last):
  File "<string>", line 1, in <module>
ModuleNotFoundError: No module named 'torch'
Traceback (most recent call last):
  File "<string>", line 1, in <module>
Traceback (most recent call last):
  File "<string>", line 1, in <module>
ModuleNotFoundError: No module named 'torch'
ModuleNotFoundError: No module named 'torch'
Traceback (most recent call last):
  File "<string>", line 1, in <module>
ModuleNotFoundError: No module named 'torch'
Traceback (most recent call last):
  File "<string>", line 1, in <module>
ModuleNotFoundError: No module named 'torch'
Traceback (most recent call last):
  File "<string>", line 1, in <module>
ModuleNotFoundError: No module named 'torch'
Traceback (most recent call last):
  File "<string>", line 1, in <module>
ModuleNotFoundError: No module named 'torch'
Traceback (most recent call last):
  File "<string>", line 1, in <module>
ModuleNotFoundError: No module named 'torch'
Traceback (most recent call last):
  File "<string>", line 1, in <module>
ModuleNotFoundError: No module named 'torch'
Traceback (most recent call last):
  File "<string>", line 1, in <module>
ModuleNotFoundError: No module named 'torch'
Traceback (most recent call last):
  File "<string>", line 1, in <module>
Traceback (most recent call last):
  File "<string>", line 1, in <module>
ModuleNotFoundError: No module named 'torch'
Traceback (most recent call last):
  File "<string>", line 1, in <module>
ModuleNotFoundError: No module named 'torch'
ModuleNotFoundError: No module named 'torch'
Traceback (most recent call last):
  File "<string>", line 1, in <module>
ModuleNotFoundError: No module named 'torch'
Traceback (most recent call last):
  File "<string>", line 1, in <module>
ModuleNotFoundError: No module named 'torch'
Traceback (most recent call last):
  File "<string>", line 1, in <module>
ModuleNotFoundError: No module named 'torch'
Traceback (most recent call last):
  File "<string>", line 1, in <module>
ModuleNotFoundError: No module named 'torch'
Traceback (most recent call last):
  File "<string>", line 1, in <module>
ModuleNotFoundError: No module named 'torch'
Traceback (most recent call last):
  File "<string>", line 1, in <module>
ModuleNotFoundError: No module named 'torch'
Traceback (most recent call last):
  File "<string>", line 1, in <module>
ModuleNotFoundError: No module named 'torch'
Traceback (most recent call last):
  File "<string>", line 1, in <module>
ModuleNotFoundError: No module named 'torch'
Traceback (most recent call last):
  File "<string>", line 1, in <module>
ModuleNotFoundError: No module named 'torch'
Traceback (most recent call last):
  File "<string>", line 1, in <module>
ModuleNotFoundError: No module named 'torch'
Traceback (most recent call last):
  File "<string>", line 1, in <module>
ModuleNotFoundError: No module named 'torch'
Traceback (most recent call last):
  File "<string>", line 1, in <module>
ModuleNotFoundError: No module named 'torch'
Traceback (most recent call last):
  File "<string>", line 1, in <module>
ModuleNotFoundError: No module named 'torch'
Traceback (most recent call last):
  File "<string>", line 1, in <module>
ModuleNotFoundError: No module named 'torch'
Traceback (most recent call last):
  File "<string>", line 1, in <module>
ModuleNotFoundError: No module named 'torch'
Traceback (most recent call last):
  File "<string>", line 1, in <module>
ModuleNotFoundError: No module named 'torch'
Traceback (most recent call last):
  File "<string>", line 1, in <module>
ModuleNotFoundError: No module named 'torch'
Traceback (most recent call last):
  File "<string>", line 1, in <module>
ModuleNotFoundError: No module named 'torch'
Traceback (most recent call last):
  File "<string>", line 1, in <module>
ModuleNotFoundError: No module named 'torch'
Traceback (most recent call last):
  File "<string>", line 1, in <module>
ModuleNotFoundError: No module named 'torch'
Traceback (most recent call last):
  File "<string>", line 1, in <module>
ModuleNotFoundError: No module named 'torch'
Traceback (most recent call last):
  File "<string>", line 1, in <module>
ModuleNotFoundError: No module named 'torch'
Traceback (most recent call last):
  File "<string>", line 1, in <module>
ModuleNotFoundError: No module named 'torch'
Traceback (most recent call last):
  File "<string>", line 1, in <module>
ModuleNotFoundError: No module named 'torch'
Traceback (most recent call last):
  File "<string>", line 1, in <module>
ModuleNotFoundError: No module named 'torch'
Traceback (most recent call last):
  File "<string>", line 1, in <module>
ModuleNotFoundError: No module named 'torch'
Traceback (most recent call last):
  File "<string>", line 1, in <module>
ModuleNotFoundError: No module named 'torch'
Traceback (most recent call last):
  File "<string>", line 1, in <module>
ModuleNotFoundError: No module named 'torch'
Traceback (most recent call last):
  File "<string>", line 1, in <module>
ModuleNotFoundError: No module named 'torch'
Traceback (most recent call last):
  File "<string>", line 1, in <module>
ModuleNotFoundError: No module named 'torch'
Traceback (most recent call last):
  File "<string>", line 1, in <module>
ModuleNotFoundError: No module named 'torch'
Traceback (most recent call last):
  File "<string>", line 1, in <module>
ModuleNotFoundError: No module named 'torch'
Traceback (most recent call last):
  File "<string>", line 1, in <module>
ModuleNotFoundError: No module named 'torch'
Traceback (most recent call last):
  File "<string>", line 1, in <module>
ModuleNotFoundError: No module named 'torch'
Traceback (most recent call last):
  File "<string>", line 1, in <module>
ModuleNotFoundError: No module named 'torch'
Traceback (most recent call last):
  File "<string>", line 1, in <module>
ModuleNotFoundError: No module named 'torch'
Traceback (most recent call last):
  File "<string>", line 1, in <module>
ModuleNotFoundError: No module named 'torch'
Traceback (most recent call last):
  File "<string>", line 1, in <module>
ModuleNotFoundError: No module named 'torch'
Traceback (most recent call last):
  File "<string>", line 1, in <module>
Traceback (most recent call last):
  File "<string>", line 1, in <module>
Traceback (most recent call last):
  File "<string>", line 1, in <module>
ModuleNotFoundError: No module named 'torch'
Traceback (most recent call last):
  File "<string>", line 1, in <module>
ModuleNotFoundError: No module named 'torch'
ModuleNotFoundError: No module named 'torch'
ModuleNotFoundError: No module named 'torch'
Traceback (most recent call last):
  File "<string>", line 1, in <module>
ModuleNotFoundError: No module named 'torch'
Traceback (most recent call last):
  File "<string>", line 1, in <module>
ModuleNotFoundError: No module named 'torch'
Traceback (most recent call last):
  File "<string>", line 1, in <module>
ModuleNotFoundError: No module named 'torch'
Traceback (most recent call last):
  File "<string>", line 1, in <module>
ModuleNotFoundError: No module named 'torch'
Traceback (most recent call last):
  File "<string>", line 1, in <module>
ModuleNotFoundError: No module named 'torch'
Traceback (most recent call last):
  File "<string>", line 1, in <module>
ModuleNotFoundError: No module named 'torch'
Traceback (most recent call last):
  File "<string>", line 1, in <module>
ModuleNotFoundError: No module named 'torch'
Traceback (most recent call last):
  File "<string>", line 1, in <module>
ModuleNotFoundError: No module named 'torch'
Traceback (most recent call last):
  File "<string>", line 1, in <module>
ModuleNotFoundError: No module named 'torch'
Traceback (most recent call last):
  File "<string>", line 1, in <module>
ModuleNotFoundError: No module named 'torch'
Traceback (most recent call last):
  File "<string>", line 1, in <module>
ModuleNotFoundError: No module named 'torch'
Traceback (most recent call last):
  File "<string>", line 1, in <module>
ModuleNotFoundError: No module named 'torch'
Traceback (most recent call last):
  File "<string>", line 1, in <module>
ModuleNotFoundError: No module named 'torch'
Traceback (most recent call last):
  File "<string>", line 1, in <module>
ModuleNotFoundError: No module named 'torch'
Traceback (most recent call last):
  File "<string>", line 1, in <module>
ModuleNotFoundError: No module named 'torch'
Traceback (most recent call last):
  File "<string>", line 1, in <module>
ModuleNotFoundError: No module named 'torch'
Traceback (most recent call last):
  File "<string>", line 1, in <module>
ModuleNotFoundError: No module named 'torch'
Traceback (most recent call last):
  File "<string>", line 1, in <module>
ModuleNotFoundError: No module named 'torch'
Traceback (most recent call last):
  File "<string>", line 1, in <module>
ModuleNotFoundError: No module named 'torch'
Traceback (most recent call last):
  File "<string>", line 1, in <module>
ModuleNotFoundError: No module named 'torch'
Traceback (most recent call last):
  File "<string>", line 1, in <module>
ModuleNotFoundError: No module named 'torch'
Traceback (most recent call last):
  File "<string>", line 1, in <module>
ModuleNotFoundError: No module named 'torch'
Traceback (most recent call last):
  File "<string>", line 1, in <module>
ModuleNotFoundError: No module named 'torch'
Traceback (most recent call last):
  File "<string>", line 1, in <module>
ModuleNotFoundError: No module named 'torch'
Traceback (most recent call last):
  File "<string>", line 1, in <module>
ModuleNotFoundError: No module named 'torch'
Traceback (most recent call last):
  File "<string>", line 1, in <module>
ModuleNotFoundError: No module named 'torch'
Traceback (most recent call last):
  File "<string>", line 1, in <module>
ModuleNotFoundError: No module named 'torch'
Traceback (most recent call last):
  File "<string>", line 1, in <module>
ModuleNotFoundError: No module named 'torch'
Traceback (most recent call last):
  File "<string>", line 1, in <module>
Traceback (most recent call last):
  File "<string>", line 1, in <module>
ModuleNotFoundError: No module named 'torch'
ModuleNotFoundError: No module named 'torch'
Traceback (most recent call last):
  File "<string>", line 1, in <module>
ModuleNotFoundError: No module named 'torch'
Traceback (most recent call last):
  File "<string>", line 1, in <module>
ModuleNotFoundError: No module named 'torch'
Traceback (most recent call last):
  File "<string>", line 1, in <module>
ModuleNotFoundError: No module named 'torch'
Traceback (most recent call last):
  File "<string>", line 1, in <module>
ModuleNotFoundError: No module named 'torch'
Traceback (most recent call last):
  File "<string>", line 1, in <module>
ModuleNotFoundError: No module named 'torch'
Traceback (most recent call last):
  File "<string>", line 1, in <module>
ModuleNotFoundError: No module named 'torch'
Traceback (most recent call last):
  File "<string>", line 1, in <module>
ModuleNotFoundError: No module named 'torch'
Traceback (most recent call last):
  File "<string>", line 1, in <module>
ModuleNotFoundError: No module named 'torch'
Traceback (most recent call last):
  File "<string>", line 1, in <module>
ModuleNotFoundError: No module named 'torch'
Traceback (most recent call last):
  File "<string>", line 1, in <module>
ModuleNotFoundError: No module named 'torch'
Traceback (most recent call last):
  File "<string>", line 1, in <module>
ModuleNotFoundError: No module named 'torch'
Traceback (most recent call last):
  File "<string>", line 1, in <module>
ModuleNotFoundError: No module named 'torch'
Traceback (most recent call last):
  File "<string>", line 1, in <module>
ModuleNotFoundError: No module named 'torch'
Traceback (most recent call last):
  File "<string>", line 1, in <module>
ModuleNotFoundError: No module named 'torch'
Traceback (most recent call last):
  File "<string>", line 1, in <module>
ModuleNotFoundError: No module named 'torch'
Traceback (most recent call last):
  File "<string>", line 1, in <module>
ModuleNotFoundError: No module named 'torch'
Traceback (most recent call last):
  File "<string>", line 1, in <module>
ModuleNotFoundError: No module named 'torch'
Traceback (most recent call last):
  File "<string>", line 1, in <module>
ModuleNotFoundError: No module named 'torch'
Traceback (most recent call last):
  File "<string>", line 1, in <module>
ModuleNotFoundError: No module named 'torch'
Traceback (most recent call last):
  File "<string>", line 1, in <module>
ModuleNotFoundError: No module named 'torch'
Traceback (most recent call last):
  File "<string>", line 1, in <module>
ModuleNotFoundError: No module named 'torch'
Traceback (most recent call last):
  File "<string>", line 1, in <module>
ModuleNotFoundError: No module named 'torch'
Traceback (most recent call last):
  File "<string>", line 1, in <module>
ModuleNotFoundError: No module named 'torch'
Traceback (most recent call last):
  File "<string>", line 1, in <module>
ModuleNotFoundError: No module named 'torch'
Traceback (most recent call last):
  File "<string>", line 1, in <module>
ModuleNotFoundError: No module named 'torch'
Traceback (most recent call last):
  File "<string>", line 1, in <module>
ModuleNotFoundError: No module named 'torch'
Traceback (most recent call last):
  File "<string>", line 1, in <module>
ModuleNotFoundError: No module named 'torch'
Traceback (most recent call last):
  File "<string>", line 1, in <module>
ModuleNotFoundError: No module named 'torch'
Traceback (most recent call last):
  File "<string>", line 1, in <module>
ModuleNotFoundError: No module named 'torch'
Traceback (most recent call last):
  File "<string>", line 1, in <module>
ModuleNotFoundError: No module named 'torch'
Traceback (most recent call last):
  File "<string>", line 1, in <module>
ModuleNotFoundError: No module named 'torch'
Traceback (most recent call last):
  File "<string>", line 1, in <module>
ModuleNotFoundError: No module named 'torch'
Traceback (most recent call last):
  File "<string>", line 1, in <module>
ModuleNotFoundError: No module named 'torch'
Traceback (most recent call last):
  File "<string>", line 1, in <module>
ModuleNotFoundError: No module named 'torch'
Traceback (most recent call last):
  File "<string>", line 1, in <module>
ModuleNotFoundError: No module named 'torch'
Traceback (most recent call last):
  File "<string>", line 1, in <module>
ModuleNotFoundError: No module named 'torch'
Traceback (most recent call last):
  File "<string>", line 1, in <module>
ModuleNotFoundError: No module named 'torch'
Traceback (most recent call last):
  File "<string>", line 1, in <module>
ModuleNotFoundError: No module named 'torch'
Traceback (most recent call last):
  File "<string>", line 1, in <module>
ModuleNotFoundError: No module named 'torch'
Traceback (most recent call last):
  File "<string>", line 1, in <module>
ModuleNotFoundError: No module named 'torch'
Traceback (most recent call last):
  File "<string>", line 1, in <module>
ModuleNotFoundError: No module named 'torch'
Traceback (most recent call last):
  File "<string>", line 1, in <module>
Traceback (most recent call last):
  File "<string>", line 1, in <module>
ModuleNotFoundError: No module named 'torch'
Traceback (most recent call last):
  File "<string>", line 1, in <module>
ModuleNotFoundError: No module named 'torch'
Traceback (most recent call last):
  File "<string>", line 1, in <module>
ModuleNotFoundError: No module named 'torch'
ModuleNotFoundError: No module named 'torch'
Traceback (most recent call last):
  File "<string>", line 1, in <module>
ModuleNotFoundError: No module named 'torch'
Traceback (most recent call last):
  File "<string>", line 1, in <module>
ModuleNotFoundError: No module named 'torch'
Traceback (most recent call last):
Traceback (most recent call last):
  File "<string>", line 1, in <module>
ModuleNotFoundError: No module named 'torch'
Traceback (most recent call last):
  File "<string>", line 1, in <module>
ModuleNotFoundError: No module named 'torch'
Traceback (most recent call last):
  File "<string>", line 1, in <module>
ModuleNotFoundError: No module named 'torch'
Traceback (most recent call last):
  File "<string>", line 1, in <module>
ModuleNotFoundError: No module named 'torch'
  File "<string>", line 1, in <module>
ModuleNotFoundError: No module named 'torch'
Traceback (most recent call last):
  File "<string>", line 1, in <module>
ModuleNotFoundError: No module named 'torch'
Traceback (most recent call last):
  File "<string>", line 1, in <module>
ModuleNotFoundError: No module named 'torch'
Traceback (most recent call last):
  File "<string>", line 1, in <module>
ModuleNotFoundError: No module named 'torch'
Traceback (most recent call last):
  File "<string>", line 1, in <module>
ModuleNotFoundError: No module named 'torch'
Traceback (most recent call last):
  File "<string>", line 1, in <module>
ModuleNotFoundError: No module named 'torch'
Traceback (most recent call last):
  File "<string>", line 1, in <module>
ModuleNotFoundError: No module named 'torch'
Traceback (most recent call last):
  File "<string>", line 1, in <module>
ModuleNotFoundError: No module named 'torch'
Traceback (most recent call last):
  File "<string>", line 1, in <module>
ModuleNotFoundError: No module named 'torch'
Traceback (most recent call last):
  File "<string>", line 1, in <module>
ModuleNotFoundError: No module named 'torch'
Traceback (most recent call last):
  File "<string>", line 1, in <module>
ModuleNotFoundError: No module named 'torch'
Traceback (most recent call last):
  File "<string>", line 1, in <module>
ModuleNotFoundError: No module named 'torch'
Traceback (most recent call last):
  File "<string>", line 1, in <module>
ModuleNotFoundError: No module named 'torch'
Traceback (most recent call last):
  File "<string>", line 1, in <module>
ModuleNotFoundError: No module named 'torch'
Traceback (most recent call last):
  File "<string>", line 1, in <module>
ModuleNotFoundError: No module named 'torch'
Traceback (most recent call last):
  File "<string>", line 1, in <module>
ModuleNotFoundError: No module named 'torch'
Traceback (most recent call last):
  File "<string>", line 1, in <module>
ModuleNotFoundError: No module named 'torch'
Traceback (most recent call last):
  File "<string>", line 1, in <module>
ModuleNotFoundError: No module named 'torch'
Traceback (most recent call last):
  File "<string>", line 1, in <module>
ModuleNotFoundError: No module named 'torch'
Traceback (most recent call last):
  File "<string>", line 1, in <module>
ModuleNotFoundError: No module named 'torch'
Traceback (most recent call last):
  File "<string>", line 1, in <module>
ModuleNotFoundError: No module named 'torch'
Traceback (most recent call last):
  File "<string>", line 1, in <module>
ModuleNotFoundError: No module named 'torch'
Traceback (most recent call last):
  File "<string>", line 1, in <module>
ModuleNotFoundError: No module named 'torch'
Traceback (most recent call last):
  File "<string>", line 1, in <module>
ModuleNotFoundError: No module named 'torch'
Traceback (most recent call last):
  File "<string>", line 1, in <module>
ModuleNotFoundError: No module named 'torch'
Traceback (most recent call last):
  File "<string>", line 1, in <module>
ModuleNotFoundError: No module named 'torch'
Traceback (most recent call last):
  File "<string>", line 1, in <module>
ModuleNotFoundError: No module named 'torch'
Traceback (most recent call last):
  File "<string>", line 1, in <module>
ModuleNotFoundError: No module named 'torch'
Traceback (most recent call last):
  File "<string>", line 1, in <module>
ModuleNotFoundError: No module named 'torch'
Traceback (most recent call last):
  File "<string>", line 1, in <module>
ModuleNotFoundError: No module named 'torch'
Traceback (most recent call last):
  File "<string>", line 1, in <module>
ModuleNotFoundError: No module named 'torch'
Traceback (most recent call last):
  File "<string>", line 1, in <module>
ModuleNotFoundError: No module named 'torch'
Traceback (most recent call last):
  File "<string>", line 1, in <module>
ModuleNotFoundError: No module named 'torch'
Traceback (most recent call last):
  File "<string>", line 1, in <module>
ModuleNotFoundError: No module named 'torch'
Traceback (most recent call last):
  File "<string>", line 1, in <module>
ModuleNotFoundError: No module named 'torch'
Traceback (most recent call last):
  File "<string>", line 1, in <module>
ModuleNotFoundError: No module named 'torch'
Traceback (most recent call last):
  File "<string>", line 1, in <module>
ModuleNotFoundError: No module named 'torch'
Traceback (most recent call last):
  File "<string>", line 1, in <module>
ModuleNotFoundError: No module named 'torch'
Traceback (most recent call last):
  File "<string>", line 1, in <module>
ModuleNotFoundError: No module named 'torch'
Traceback (most recent call last):
  File "<string>", line 1, in <module>
ModuleNotFoundError: No module named 'torch'
Traceback (most recent call last):
  File "<string>", line 1, in <module>
ModuleNotFoundError: No module named 'torch'
Traceback (most recent call last):
  File "<string>", line 1, in <module>
ModuleNotFoundError: No module named 'torch'
Traceback (most recent call last):
  File "<string>", line 1, in <module>
ModuleNotFoundError: No module named 'torch'
Traceback (most recent call last):
  File "<string>", line 1, in <module>
ModuleNotFoundError: No module named 'torch'
Traceback (most recent call last):
  File "<string>", line 1, in <module>
ModuleNotFoundError: No module named 'torch'
Traceback (most recent call last):
  File "<string>", line 1, in <module>
ModuleNotFoundError: No module named 'torch'
Traceback (most recent call last):
  File "<string>", line 1, in <module>
ModuleNotFoundError: No module named 'torch'
Traceback (most recent call last):
  File "<string>", line 1, in <module>
ModuleNotFoundError: No module named 'torch'
Traceback (most recent call last):
  File "<string>", line 1, in <module>
ModuleNotFoundError: No module named 'torch'
Traceback (most recent call last):
  File "<string>", line 1, in <module>
ModuleNotFoundError: No module named 'torch'
Traceback (most recent call last):
  File "<string>", line 1, in <module>
ModuleNotFoundError: No module named 'torch'
Traceback (most recent call last):
  File "<string>", line 1, in <module>
ModuleNotFoundError: No module named 'torch'
Traceback (most recent call last):
  File "<string>", line 1, in <module>
ModuleNotFoundError: No module named 'torch'
Traceback (most recent call last):
  File "<string>", line 1, in <module>
ModuleNotFoundError: No module named 'torch'
Traceback (most recent call last):
  File "<string>", line 1, in <module>
ModuleNotFoundError: No module named 'torch'
Traceback (most recent call last):
  File "<string>", line 1, in <module>
ModuleNotFoundError: No module named 'torch'
Traceback (most recent call last):
  File "<string>", line 1, in <module>
ModuleNotFoundError: No module named 'torch'
Traceback (most recent call last):
  File "<string>", line 1, in <module>
ModuleNotFoundError: No module named 'torch'
Traceback (most recent call last):
  File "<string>", line 1, in <module>
ModuleNotFoundError: No module named 'torch'
Traceback (most recent call last):
  File "<string>", line 1, in <module>
ModuleNotFoundError: No module named 'torch'
Traceback (most recent call last):
  File "<string>", line 1, in <module>
ModuleNotFoundError: No module named 'torch'
Traceback (most recent call last):
  File "<string>", line 1, in <module>
ModuleNotFoundError: No module named 'torch'
Traceback (most recent call last):
  File "<string>", line 1, in <module>
ModuleNotFoundError: No module named 'torch'
Traceback (most recent call last):
  File "<string>", line 1, in <module>
ModuleNotFoundError: No module named 'torch'
Traceback (most recent call last):
  File "<string>", line 1, in <module>
ModuleNotFoundError: No module named 'torch'
Traceback (most recent call last):
  File "<string>", line 1, in <module>
ModuleNotFoundError: No module named 'torch'
Traceback (most recent call last):
  File "<string>", line 1, in <module>
ModuleNotFoundError: No module named 'torch'
Traceback (most recent call last):
  File "<string>", line 1, in <module>
ModuleNotFoundError: No module named 'torch'
Traceback (most recent call last):
  File "<string>", line 1, in <module>
ModuleNotFoundError: No module named 'torch'
Traceback (most recent call last):
  File "<string>", line 1, in <module>
ModuleNotFoundError: No module named 'torch'
Traceback (most recent call last):
  File "<string>", line 1, in <module>
ModuleNotFoundError: No module named 'torch'
Traceback (most recent call last):
  File "<string>", line 1, in <module>
ModuleNotFoundError: No module named 'torch'
Traceback (most recent call last):
  File "<string>", line 1, in <module>
ModuleNotFoundError: No module named 'torch'
Traceback (most recent call last):
  File "<string>", line 1, in <module>
ModuleNotFoundError: No module named 'torch'
Traceback (most recent call last):
  File "<string>", line 1, in <module>
ModuleNotFoundError: No module named 'torch'
Traceback (most recent call last):
  File "<string>", line 1, in <module>
ModuleNotFoundError: No module named 'torch'
Traceback (most recent call last):
  File "<string>", line 1, in <module>
ModuleNotFoundError: No module named 'torch'
Traceback (most recent call last):
  File "<string>", line 1, in <module>
ModuleNotFoundError: No module named 'torch'
Traceback (most recent call last):
  File "<string>", line 1, in <module>
Traceback (most recent call last):
  File "<string>", line 1, in <module>
ModuleNotFoundError: No module named 'torch'
Traceback (most recent call last):
  File "<string>", line 1, in <module>
ModuleNotFoundError: No module named 'torch'
ModuleNotFoundError: No module named 'torch'
Traceback (most recent call last):
  File "<string>", line 1, in <module>
ModuleNotFoundError: No module named 'torch'
Traceback (most recent call last):
  File "<string>", line 1, in <module>
ModuleNotFoundError: No module named 'torch'
Traceback (most recent call last):
  File "<string>", line 1, in <module>
ModuleNotFoundError: No module named 'torch'
Traceback (most recent call last):
  File "<string>", line 1, in <module>
ModuleNotFoundError: No module named 'torch'
Traceback (most recent call last):
  File "<string>", line 1, in <module>
ModuleNotFoundError: No module named 'torch'
Traceback (most recent call last):
  File "<string>", line 1, in <module>
ModuleNotFoundError: No module named 'torch'
Traceback (most recent call last):
  File "<string>", line 1, in <module>
ModuleNotFoundError: No module named 'torch'
Traceback (most recent call last):
  File "<string>", line 1, in <module>
ModuleNotFoundError: No module named 'torch'
Traceback (most recent call last):
  File "<string>", line 1, in <module>
ModuleNotFoundError: No module named 'torch'
Traceback (most recent call last):
  File "<string>", line 1, in <module>
ModuleNotFoundError: No module named 'torch'
Traceback (most recent call last):
  File "<string>", line 1, in <module>
ModuleNotFoundError: No module named 'torch'
Traceback (most recent call last):
  File "<string>", line 1, in <module>
ModuleNotFoundError: No module named 'torch'
Traceback (most recent call last):
  File "<string>", line 1, in <module>
ModuleNotFoundError: No module named 'torch'
Traceback (most recent call last):
  File "<string>", line 1, in <module>
ModuleNotFoundError: No module named 'torch'
Traceback (most recent call last):
  File "<string>", line 1, in <module>
ModuleNotFoundError: No module named 'torch'
Traceback (most recent call last):
  File "<string>", line 1, in <module>
ModuleNotFoundError: No module named 'torch'
Traceback (most recent call last):
  File "<string>", line 1, in <module>
ModuleNotFoundError: No module named 'torch'
Traceback (most recent call last):
  File "<string>", line 1, in <module>
ModuleNotFoundError: No module named 'torch'
Traceback (most recent call last):
  File "<string>", line 1, in <module>
Traceback (most recent call last):
  File "<string>", line 1, in <module>
ModuleNotFoundError: No module named 'torch'
ModuleNotFoundError: No module named 'torch'
Traceback (most recent call last):
  File "<string>", line 1, in <module>
ModuleNotFoundError: No module named 'torch'
Traceback (most recent call last):
  File "<string>", line 1, in <module>
Traceback (most recent call last):
  File "<string>", line 1, in <module>
ModuleNotFoundError: No module named 'torch'
Traceback (most recent call last):
  File "<string>", line 1, in <module>
ModuleNotFoundError: No module named 'torch'
ModuleNotFoundError: No module named 'torch'
Traceback (most recent call last):
  File "<string>", line 1, in <module>
Traceback (most recent call last):
  File "<string>", line 1, in <module>
ModuleNotFoundError: No module named 'torch'
ModuleNotFoundError: No module named 'torch'
Traceback (most recent call last):
  File "<string>", line 1, in <module>
ModuleNotFoundError: No module named 'torch'
Traceback (most recent call last):
  File "<string>", line 1, in <module>
ModuleNotFoundError: No module named 'torch'
Traceback (most recent call last):
  File "<string>", line 1, in <module>
ModuleNotFoundError: No module named 'torch'
Traceback (most recent call last):
  File "<string>", line 1, in <module>
ModuleNotFoundError: No module named 'torch'
Traceback (most recent call last):
  File "<string>", line 1, in <module>
ModuleNotFoundError: No module named 'torch'
Traceback (most recent call last):
  File "<string>", line 1, in <module>
ModuleNotFoundError: No module named 'torch'
Traceback (most recent call last):
  File "<string>", line 1, in <module>
ModuleNotFoundError: No module named 'torch'
Traceback (most recent call last):
  File "<string>", line 1, in <module>
ModuleNotFoundError: No module named 'torch'
Traceback (most recent call last):
  File "<string>", line 1, in <module>
ModuleNotFoundError: No module named 'torch'
Traceback (most recent call last):
  File "<string>", line 1, in <module>
ModuleNotFoundError: No module named 'torch'
Traceback (most recent call last):
  File "<string>", line 1, in <module>
ModuleNotFoundError: No module named 'torch'
Traceback (most recent call last):
  File "<string>", line 1, in <module>
ModuleNotFoundError: No module named 'torch'
Traceback (most recent call last):
  File "<string>", line 1, in <module>
ModuleNotFoundError: No module named 'torch'
Traceback (most recent call last):
  File "<string>", line 1, in <module>
ModuleNotFoundError: No module named 'torch'
Traceback (most recent call last):
  File "<string>", line 1, in <module>
ModuleNotFoundError: No module named 'torch'
Traceback (most recent call last):
  File "<string>", line 1, in <module>
ModuleNotFoundError: No module named 'torch'
Traceback (most recent call last):
  File "<string>", line 1, in <module>
ModuleNotFoundError: No module named 'torch'
Traceback (most recent call last):
  File "<string>", line 1, in <module>
ModuleNotFoundError: No module named 'torch'
Traceback (most recent call last):
  File "<string>", line 1, in <module>
ModuleNotFoundError: No module named 'torch'
Traceback (most recent call last):
  File "<string>", line 1, in <module>
ModuleNotFoundError: No module named 'torch'
Traceback (most recent call last):
  File "<string>", line 1, in <module>
ModuleNotFoundError: No module named 'torch'
Traceback (most recent call last):
  File "<string>", line 1, in <module>
ModuleNotFoundError: No module named 'torch'
Traceback (most recent call last):
  File "<string>", line 1, in <module>
ModuleNotFoundError: No module named 'torch'
Traceback (most recent call last):
  File "<string>", line 1, in <module>
ModuleNotFoundError: No module named 'torch'
Traceback (most recent call last):
  File "<string>", line 1, in <module>
ModuleNotFoundError: No module named 'torch'
Traceback (most recent call last):
  File "<string>", line 1, in <module>
ModuleNotFoundError: No module named 'torch'
Traceback (most recent call last):
  File "<string>", line 1, in <module>
ModuleNotFoundError: No module named 'torch'
Traceback (most recent call last):
  File "<string>", line 1, in <module>
ModuleNotFoundError: No module named 'torch'
Traceback (most recent call last):
  File "<string>", line 1, in <module>
ModuleNotFoundError: No module named 'torch'
Traceback (most recent call last):
  File "<string>", line 1, in <module>
ModuleNotFoundError: No module named 'torch'
Traceback (most recent call last):
  File "<string>", line 1, in <module>
ModuleNotFoundError: No module named 'torch'
Traceback (most recent call last):
  File "<string>", line 1, in <module>
ModuleNotFoundError: No module named 'torch'
Traceback (most recent call last):
  File "<string>", line 1, in <module>
ModuleNotFoundError: No module named 'torch'
Traceback (most recent call last):
  File "<string>", line 1, in <module>
ModuleNotFoundError: No module named 'torch'
Traceback (most recent call last):
  File "<string>", line 1, in <module>
ModuleNotFoundError: No module named 'torch'
Traceback (most recent call last):
  File "<string>", line 1, in <module>
Traceback (most recent call last):
  File "<string>", line 1, in <module>
ModuleNotFoundError: No module named 'torch'
ModuleNotFoundError: No module named 'torch'
Traceback (most recent call last):
  File "<string>", line 1, in <module>
ModuleNotFoundError: No module named 'torch'
Traceback (most recent call last):
  File "<string>", line 1, in <module>
ModuleNotFoundError: No module named 'torch'
Traceback (most recent call last):
  File "<string>", line 1, in <module>
ModuleNotFoundError: No module named 'torch'
Traceback (most recent call last):
  File "<string>", line 1, in <module>
ModuleNotFoundError: No module named 'torch'
Traceback (most recent call last):
  File "<string>", line 1, in <module>
ModuleNotFoundError: No module named 'torch'
Traceback (most recent call last):
  File "<string>", line 1, in <module>
ModuleNotFoundError: No module named 'torch'
Traceback (most recent call last):
  File "<string>", line 1, in <module>
ModuleNotFoundError: No module named 'torch'
Traceback (most recent call last):
  File "<string>", line 1, in <module>
ModuleNotFoundError: No module named 'torch'
Traceback (most recent call last):
  File "<string>", line 1, in <module>
ModuleNotFoundError: No module named 'torch'
Traceback (most recent call last):
  File "<string>", line 1, in <module>
ModuleNotFoundError: No module named 'torch'
Traceback (most recent call last):
  File "<string>", line 1, in <module>
ModuleNotFoundError: No module named 'torch'
Traceback (most recent call last):
  File "<string>", line 1, in <module>
ModuleNotFoundError: No module named 'torch'
Traceback (most recent call last):
  File "<string>", line 1, in <module>
Traceback (most recent call last):
  File "<string>", line 1, in <module>
ModuleNotFoundError: No module named 'torch'
ModuleNotFoundError: No module named 'torch'
Traceback (most recent call last):
  File "<string>", line 1, in <module>
ModuleNotFoundError: No module named 'torch'
Traceback (most recent call last):
  File "<string>", line 1, in <module>
ModuleNotFoundError: No module named 'torch'
Traceback (most recent call last):
  File "<string>", line 1, in <module>
ModuleNotFoundError: No module named 'torch'
Traceback (most recent call last):
  File "<string>", line 1, in <module>
ModuleNotFoundError: No module named 'torch'
Traceback (most recent call last):
  File "<string>", line 1, in <module>
ModuleNotFoundError: No module named 'torch'
Traceback (most recent call last):
  File "<string>", line 1, in <module>
ModuleNotFoundError: No module named 'torch'
Traceback (most recent call last):
  File "<string>", line 1, in <module>
ModuleNotFoundError: No module named 'torch'
Traceback (most recent call last):
  File "<string>", line 1, in <module>
ModuleNotFoundError: No module named 'torch'
Traceback (most recent call last):
  File "<string>", line 1, in <module>
ModuleNotFoundError: No module named 'torch'
Traceback (most recent call last):
  File "<string>", line 1, in <module>
ModuleNotFoundError: No module named 'torch'
Traceback (most recent call last):
  File "<string>", line 1, in <module>
ModuleNotFoundError: No module named 'torch'
Traceback (most recent call last):
  File "<string>", line 1, in <module>
ModuleNotFoundError: No module named 'torch'
Traceback (most recent call last):
  File "<string>", line 1, in <module>
ModuleNotFoundError: No module named 'torch'
Traceback (most recent call last):
  File "<string>", line 1, in <module>
ModuleNotFoundError: No module named 'torch'
Traceback (most recent call last):
  File "<string>", line 1, in <module>
ModuleNotFoundError: No module named 'torch'
Traceback (most recent call last):
  File "<string>", line 1, in <module>
ModuleNotFoundError: No module named 'torch'
Traceback (most recent call last):
  File "<string>", line 1, in <module>
ModuleNotFoundError: No module named 'torch'
Traceback (most recent call last):
  File "<string>", line 1, in <module>
ModuleNotFoundError: No module named 'torch'
Traceback (most recent call last):
  File "<string>", line 1, in <module>
ModuleNotFoundError: No module named 'torch'
Traceback (most recent call last):
  File "<string>", line 1, in <module>
ModuleNotFoundError: No module named 'torch'
Traceback (most recent call last):
  File "<string>", line 1, in <module>
ModuleNotFoundError: No module named 'torch'
Traceback (most recent call last):
  File "<string>", line 1, in <module>
ModuleNotFoundError: No module named 'torch'
Traceback (most recent call last):
  File "<string>", line 1, in <module>
ModuleNotFoundError: No module named 'torch'
Traceback (most recent call last):
  File "<string>", line 1, in <module>
ModuleNotFoundError: No module named 'torch'
Traceback (most recent call last):
  File "<string>", line 1, in <module>
ModuleNotFoundError: No module named 'torch'
Traceback (most recent call last):
  File "<string>", line 1, in <module>
ModuleNotFoundError: No module named 'torch'
Traceback (most recent call last):
  File "<string>", line 1, in <module>
ModuleNotFoundError: No module named 'torch'
Traceback (most recent call last):
  File "<string>", line 1, in <module>
ModuleNotFoundError: No module named 'torch'
Traceback (most recent call last):
  File "<string>", line 1, in <module>
ModuleNotFoundError: No module named 'torch'
Traceback (most recent call last):
  File "<string>", line 1, in <module>
ModuleNotFoundError: No module named 'torch'
Traceback (most recent call last):
  File "<string>", line 1, in <module>
ModuleNotFoundError: No module named 'torch'
Traceback (most recent call last):
  File "<string>", line 1, in <module>
ModuleNotFoundError: No module named 'torch'
Traceback (most recent call last):
  File "<string>", line 1, in <module>
ModuleNotFoundError: No module named 'torch'
Traceback (most recent call last):
  File "<string>", line 1, in <module>
ModuleNotFoundError: No module named 'torch'
Traceback (most recent call last):
  File "<string>", line 1, in <module>
ModuleNotFoundError: No module named 'torch'
Traceback (most recent call last):
  File "<string>", line 1, in <module>
ModuleNotFoundError: No module named 'torch'
Traceback (most recent call last):
  File "<string>", line 1, in <module>
ModuleNotFoundError: No module named 'torch'
Traceback (most recent call last):
  File "<string>", line 1, in <module>
ModuleNotFoundError: No module named 'torch'
Traceback (most recent call last):
  File "<string>", line 1, in <module>
ModuleNotFoundError: No module named 'torch'
Traceback (most recent call last):
  File "<string>", line 1, in <module>
ModuleNotFoundError: No module named 'torch'
Traceback (most recent call last):
  File "<string>", line 1, in <module>
ModuleNotFoundError: No module named 'torch'
Traceback (most recent call last):
  File "<string>", line 1, in <module>
ModuleNotFoundError: No module named 'torch'
Traceback (most recent call last):
  File "<string>", line 1, in <module>
ModuleNotFoundError: No module named 'torch'
Traceback (most recent call last):
  File "<string>", line 1, in <module>
ModuleNotFoundError: No module named 'torch'
Traceback (most recent call last):
  File "<string>", line 1, in <module>
ModuleNotFoundError: No module named 'torch'
Traceback (most recent call last):
  File "<string>", line 1, in <module>
ModuleNotFoundError: No module named 'torch'
Traceback (most recent call last):
  File "<string>", line 1, in <module>
ModuleNotFoundError: No module named 'torch'
Traceback (most recent call last):
  File "<string>", line 1, in <module>
ModuleNotFoundError: No module named 'torch'
Traceback (most recent call last):
  File "<string>", line 1, in <module>
ModuleNotFoundError: No module named 'torch'
Traceback (most recent call last):
  File "<string>", line 1, in <module>
ModuleNotFoundError: No module named 'torch'
Traceback (most recent call last):
  File "<string>", line 1, in <module>
ModuleNotFoundError: No module named 'torch'
Traceback (most recent call last):
  File "<string>", line 1, in <module>
ModuleNotFoundError: No module named 'torch'
Traceback (most recent call last):
  File "<string>", line 1, in <module>
ModuleNotFoundError: No module named 'torch'
Traceback (most recent call last):
  File "<string>", line 1, in <module>
ModuleNotFoundError: No module named 'torch'
Traceback (most recent call last):
  File "<string>", line 1, in <module>
ModuleNotFoundError: No module named 'torch'
Traceback (most recent call last):
  File "<string>", line 1, in <module>
ModuleNotFoundError: No module named 'torch'
Traceback (most recent call last):
  File "<string>", line 1, in <module>
ModuleNotFoundError: No module named 'torch'
Traceback (most recent call last):
  File "<string>", line 1, in <module>
ModuleNotFoundError: No module named 'torch'
Traceback (most recent call last):
  File "<string>", line 1, in <module>
ModuleNotFoundError: No module named 'torch'
Traceback (most recent call last):
  File "<string>", line 1, in <module>
ModuleNotFoundError: No module named 'torch'
Traceback (most recent call last):
  File "<string>", line 1, in <module>
ModuleNotFoundError: No module named 'torch'
Traceback (most recent call last):
  File "<string>", line 1, in <module>
ModuleNotFoundError: No module named 'torch'
Traceback (most recent call last):
  File "<string>", line 1, in <module>
ModuleNotFoundError: No module named 'torch'
Traceback (most recent call last):
  File "<string>", line 1, in <module>
ModuleNotFoundError: No module named 'torch'
Traceback (most recent call last):
  File "<string>", line 1, in <module>
ModuleNotFoundError: No module named 'torch'
Traceback (most recent call last):
  File "<string>", line 1, in <module>
ModuleNotFoundError: No module named 'torch'
Traceback (most recent call last):
  File "<string>", line 1, in <module>
ModuleNotFoundError: No module named 'torch'
Traceback (most recent call last):
  File "<string>", line 1, in <module>
ModuleNotFoundError: No module named 'torch'
Traceback (most recent call last):
  File "<string>", line 1, in <module>
ModuleNotFoundError: No module named 'torch'
Traceback (most recent call last):
  File "<string>", line 1, in <module>
ModuleNotFoundError: No module named 'torch'
Traceback (most recent call last):
  File "<string>", line 1, in <module>
ModuleNotFoundError: No module named 'torch'
Traceback (most recent call last):
  File "<string>", line 1, in <module>
ModuleNotFoundError: No module named 'torch'
Traceback (most recent call last):
  File "<string>", line 1, in <module>
ModuleNotFoundError: No module named 'torch'
Traceback (most recent call last):
  File "<string>", line 1, in <module>
ModuleNotFoundError: No module named 'torch'
Traceback (most recent call last):
  File "<string>", line 1, in <module>
ModuleNotFoundError: No module named 'torch'
Traceback (most recent call last):
  File "<string>", line 1, in <module>
ModuleNotFoundError: No module named 'torch'
Traceback (most recent call last):
  File "<string>", line 1, in <module>
ModuleNotFoundError: No module named 'torch'
Traceback (most recent call last):
  File "<string>", line 1, in <module>
ModuleNotFoundError: No module named 'torch'
Traceback (most recent call last):
  File "<string>", line 1, in <module>
ModuleNotFoundError: No module named 'torch'
Traceback (most recent call last):
  File "<string>", line 1, in <module>
ModuleNotFoundError: No module named 'torch'
Traceback (most recent call last):
  File "<string>", line 1, in <module>
ModuleNotFoundError: No module named 'torch'
Traceback (most recent call last):
  File "<string>", line 1, in <module>
ModuleNotFoundError: No module named 'torch'
Traceback (most recent call last):
  File "<string>", line 1, in <module>
ModuleNotFoundError: No module named 'torch'
Traceback (most recent call last):
  File "<string>", line 1, in <module>
ModuleNotFoundError: No module named 'torch'
Traceback (most recent call last):
  File "<string>", line 1, in <module>
ModuleNotFoundError: No module named 'torch'
Traceback (most recent call last):
  File "<string>", line 1, in <module>
ModuleNotFoundError: No module named 'torch'
Traceback (most recent call last):
  File "<string>", line 1, in <module>
ModuleNotFoundError: No module named 'torch'
Traceback (most recent call last):
  File "<string>", line 1, in <module>
ModuleNotFoundError: No module named 'torch'
Traceback (most recent call last):
  File "<string>", line 1, in <module>
ModuleNotFoundError: No module named 'torch'
Traceback (most recent call last):
  File "<string>", line 1, in <module>
ModuleNotFoundError: No module named 'torch'
Traceback (most recent call last):
  File "<string>", line 1, in <module>
ModuleNotFoundError: No module named 'torch'
Traceback (most recent call last):
  File "<string>", line 1, in <module>
ModuleNotFoundError: No module named 'torch'
Traceback (most recent call last):
  File "<string>", line 1, in <module>
ModuleNotFoundError: No module named 'torch'
Traceback (most recent call last):
  File "<string>", line 1, in <module>
ModuleNotFoundError: No module named 'torch'
Traceback (most recent call last):
  File "<string>", line 1, in <module>
ModuleNotFoundError: No module named 'torch'
Traceback (most recent call last):
  File "<string>", line 1, in <module>
ModuleNotFoundError: No module named 'torch'
Traceback (most recent call last):
  File "<string>", line 1, in <module>
ModuleNotFoundError: No module named 'torch'
Traceback (most recent call last):
  File "<string>", line 1, in <module>
ModuleNotFoundError: No module named 'torch'
Traceback (most recent call last):
  File "<string>", line 1, in <module>
ModuleNotFoundError: No module named 'torch'
Traceback (most recent call last):
  File "<string>", line 1, in <module>
ModuleNotFoundError: No module named 'torch'
Traceback (most recent call last):
  File "<string>", line 1, in <module>
ModuleNotFoundError: No module named 'torch'
Traceback (most recent call last):
  File "<string>", line 1, in <module>
ModuleNotFoundError: No module named 'torch'
Traceback (most recent call last):
  File "<string>", line 1, in <module>
ModuleNotFoundError: No module named 'torch'
Traceback (most recent call last):
  File "<string>", line 1, in <module>
ModuleNotFoundError: No module named 'torch'
Traceback (most recent call last):
  File "<string>", line 1, in <module>
ModuleNotFoundError: No module named 'torch'
Traceback (most recent call last):
  File "<string>", line 1, in <module>
ModuleNotFoundError: No module named 'torch'
Traceback (most recent call last):
  File "<string>", line 1, in <module>
ModuleNotFoundError: No module named 'torch'
Traceback (most recent call last):
  File "<string>", line 1, in <module>
ModuleNotFoundError: No module named 'torch'
Traceback (most recent call last):
  File "<string>", line 1, in <module>
ModuleNotFoundError: No module named 'torch'
Traceback (most recent call last):
  File "<string>", line 1, in <module>
ModuleNotFoundError: No module named 'torch'
Traceback (most recent call last):
  File "<string>", line 1, in <module>
ModuleNotFoundError: No module named 'torch'
Traceback (most recent call last):
  File "<string>", line 1, in <module>
ModuleNotFoundError: No module named 'torch'
Traceback (most recent call last):
  File "<string>", line 1, in <module>
ModuleNotFoundError: No module named 'torch'
srun: error: frontier00324: tasks 32-39: Exited with exit code 1
srun: Terminating StepId=4186204.3
srun: error: frontier02752: tasks 336-343: Exited with exit code 1
srun: error: frontier03155: tasks 392-399: Exited with exit code 1
srun: error: frontier05559: tasks 688-695: Exited with exit code 1
srun: error: frontier06325: tasks 784-791: Exited with exit code 1
slurmstepd: error: *** STEP 4186204.3 ON frontier00073 CANCELLED AT 2026-03-08T14:40:21 ***
srun: error: frontier08116: tasks 928-935: Exited with exit code 1
srun: error: frontier00461: tasks 56-63: Exited with exit code 1
srun: error: frontier00199: tasks 24-31: Exited with exit code 1
srun: error: frontier05049: tasks 624-631: Exited with exit code 1
srun: error: frontier05944: tasks 736-743: Exited with exit code 1
srun: error: frontier08886: tasks 976-983: Exited with exit code 1
srun: error: frontier01343: tasks 160-167: Exited with exit code 1
srun: error: frontier05424: tasks 680-687: Exited with exit code 1
srun: error: frontier06455: tasks 808-815: Exited with exit code 1
srun: error: frontier00840: tasks 104-111: Exited with exit code 1
srun: error: frontier03660: tasks 448-455: Exited with exit code 1
srun: error: frontier09011: tasks 984-991: Exited with exit code 1
srun: error: frontier04165: tasks 512-519: Exited with exit code 1
srun: error: frontier01729: tasks 208-215: Exited with exit code 1
srun: error: frontier04797: tasks 600-607: Exited with exit code 1
srun: error: frontier04514: tasks 560-567: Exited with exit code 1
srun: error: frontier02223: tasks 280-287: Exited with exit code 1
srun: error: frontier06197: tasks 768-775: Exited with exit code 1
srun: error: frontier02777: tasks 344-351: Exited with exit code 1
srun: error: frontier04034: tasks 496-503: Exited with exit code 1
srun: error: frontier02901: tasks 360-367: Exited with exit code 1
srun: error: frontier06578: tasks 824-831: Exited with exit code 1
srun: error: frontier04562: tasks 568-575: Exited with exit code 1
srun: error: frontier08629: tasks 960-967: Exited with exit code 1
srun: error: frontier04920: tasks 608-615: Exited with exit code 1
srun: error: frontier06711: tasks 832-839: Exited with exit code 1
srun: error: frontier05818: tasks 720-727: Exited with exit code 1
srun: error: frontier05053: tasks 632-639: Exited with exit code 1
srun: error: frontier06963: tasks 856-863: Exited with exit code 1
srun: error: frontier01345: tasks 168-175: Exited with exit code 1
srun: error: frontier01981: tasks 248-255: Exited with exit code 1
srun: error: frontier00963: tasks 112-119: Exited with exit code 1
srun: error: frontier02522: tasks 312-319: Exited with exit code 1
srun: error: frontier01096: tasks 128-135: Exited with exit code 1
srun: error: frontier01097: tasks 136-143: Exited with exit code 1
srun: error: frontier09399: tasks 1008-1015: Exited with exit code 1
srun: error: frontier03543: tasks 440-447: Exited with exit code 1
srun: error: frontier00197: tasks 16-23: Exited with exit code 1
srun: error: frontier04691: tasks 576-583: Exited with exit code 1
srun: error: frontier02222: tasks 272-279: Exited with exit code 1
srun: error: frontier04432: tasks 544-551: Exited with exit code 1
srun: error: frontier03538: tasks 432-439: Exited with exit code 1
srun: error: frontier06454: tasks 800-807: Exited with exit code 1
srun: error: frontier04924: tasks 616-623: Exited with exit code 1
srun: error: frontier03283: tasks 408-415: Exited with exit code 1
srun: error: frontier01876: tasks 224-231: Exited with exit code 1
srun: error: frontier02642: tasks 328-335: Exited with exit code 1
srun: error: frontier03662: tasks 456-463: Exited with exit code 1
srun: error: frontier01618: tasks 200-207: Exited with exit code 1
srun: error: frontier08495: tasks 952-959: Exited with exit code 1
srun: error: frontier08242: tasks 936-943: Exited with exit code 1
srun: error: frontier04692: tasks 584-591: Exited with exit code 1
srun: error: frontier02885: tasks 352-359: Exited with exit code 1
srun: error: frontier04433: tasks 552-559: Exited with exit code 1
srun: error: frontier08372: tasks 944-951: Exited with exit code 1
srun: error: frontier05154: tasks 640-647: Exited with exit code 1
srun: error: frontier01213: tasks 144-151: Exited with exit code 1
srun: error: frontier03913: tasks 488-495: Exited with exit code 1
srun: error: frontier01877: tasks 232-239: Exited with exit code 1
srun: error: frontier05414: tasks 672-679: Exited with exit code 1
srun: error: frontier03017: tasks 368-375: Exited with exit code 1
srun: error: frontier00335: tasks 40-47: Exited with exit code 1
srun: error: frontier06574: tasks 816-823: Exited with exit code 1
srun: error: frontier03786: tasks 464-471: Exited with exit code 1
srun: error: frontier04796: tasks 592-599: Exited with exit code 1
srun: error: frontier07863: tasks 912-919: Exited with exit code 1
srun: error: frontier06835: tasks 848-855: Exited with exit code 1
srun: error: frontier07353: tasks 880-887: Exited with exit code 1
srun: error: frontier04298: tasks 528-535: Exited with exit code 1
srun: error: frontier05307: tasks 656-663: Exited with exit code 1
srun: error: frontier03028: tasks 376-383: Exited with exit code 1
srun: error: frontier00837: tasks 96-103: Exited with exit code 1
srun: error: frontier02392: tasks 296-303: Exited with exit code 1
srun: error: frontier09270: tasks 1000-1007: Exited with exit code 1
srun: error: frontier06712: tasks 840-847: Exited with exit code 1
srun: error: frontier05687: tasks 704-711: Exited with exit code 1
srun: error: frontier06074: tasks 760-767: Exited with exit code 1
srun: error: frontier03140: tasks 384-391: Exited with exit code 1
srun: error: frontier05819: tasks 728-735: Exited with exit code 1
srun: error: frontier05308: tasks 664-671: Exited with exit code 1
srun: error: frontier05174: tasks 648-655: Exited with exit code 1
srun: error: frontier02635: tasks 320-327: Exited with exit code 1
srun: error: frontier03410: tasks 424-431: Exited with exit code 1
srun: error: frontier00073: tasks 0-7: Exited with exit code 1
srun: error: frontier01214: tasks 152-159: Exited with exit code 1
srun: error: frontier03269: tasks 400-407: Exited with exit code 1
srun: error: frontier05563: tasks 696-703: Exited with exit code 1
srun: error: frontier00076: tasks 8-15: Exited with exit code 1
srun: error: frontier00578: tasks 64-71: Exited with exit code 1
srun: error: frontier00456: tasks 48-55: Exited with exit code 1
srun: error: frontier07227: tasks 872-879: Exited with exit code 1
srun: error: frontier02131: tasks 256-263: Exited with exit code 1
srun: error: frontier07091: tasks 864-871: Exited with exit code 1
srun: error: frontier06066: tasks 752-759: Exited with exit code 1
srun: error: frontier02506: tasks 304-311: Exited with exit code 1
srun: error: frontier05948: tasks 744-751: Exited with exit code 1
srun: error: frontier04306: tasks 536-543: Exited with exit code 1
srun: error: frontier07732: tasks 904-911: Exited with exit code 1
srun: error: frontier01746: tasks 216-223: Exited with exit code 1
srun: error: frontier09145: tasks 992-999: Exited with exit code 1
srun: error: frontier03791: tasks 472-479: Exited with exit code 1
srun: error: frontier04041: tasks 504-511: Exited with exit code 1
srun: error: frontier07603: tasks 896-903: Exited with exit code 1
srun: error: frontier04179: tasks 520-527: Exited with exit code 1
srun: error: frontier02362: tasks 288-295: Exited with exit code 1
srun: error: frontier07996: tasks 920-927: Exited with exit code 1
srun: error: frontier05688: tasks 712-719: Exited with exit code 1
srun: error: frontier01978: tasks 240-247: Exited with exit code 1
srun: error: frontier01473: tasks 176-183: Exited with exit code 1
srun: error: frontier01488: tasks 184-191: Exited with exit code 1
srun: error: frontier00975: tasks 120-127: Exited with exit code 1
srun: error: frontier03397: tasks 416-423: Exited with exit code 1
srun: error: frontier00579: tasks 72-79: Exited with exit code 1
srun: error: frontier06198: tasks 776-783: Exited with exit code 1
srun: error: frontier07478: tasks 888-895: Exited with exit code 1
srun: error: frontier00702: tasks 80-87: Exited with exit code 1
srun: error: frontier06326: tasks 792-799: Exited with exit code 1
srun: error: frontier08760: tasks 968-975: Exited with exit code 1
srun: error: frontier01614: tasks 192-199: Exited with exit code 1
srun: error: frontier00709: tasks 88-95: Terminated
srun: error: frontier02132: tasks 264-271: Terminated
srun: error: frontier10168: tasks 1016-1023: Exited with exit code 1
srun: error: frontier03906: tasks 480-487: Exited with exit code 1
srun: Force Terminated StepId=4186204.3
Command exited with non-zero status 143
0.04user 0.09system 0:00.51elapsed 26%CPU (0avgtext+0avgdata 17408maxresident)k
0inputs+248outputs (0major+4181minor)pagefaults 0swaps
+ sleep 10
+ for i in $(seq 1 5)
+ /usr/bin/time srun -N 128 -n 1024 -c 7 --ntasks-per-node=8 --gpus-per-node=8 --gpu-bind=closest --cpus-per-task=1 --threads-per-core=1 --network=single_node_vni,job_vni --export=ALL,PYTHONPATH=/tmp/khana/copper/lustre/orion/stf243/world-shared/hagertnl/CUG26/benchmark_builds/python-pytorch/conda_env: python3 -c 'import torch'
Traceback (most recent call last):
  File "<string>", line 1, in <module>
ModuleNotFoundError: No module named 'torch'
Traceback (most recent call last):
  File "<string>", line 1, in <module>
ModuleNotFoundError: No module named 'torch'
Traceback (most recent call last):
  File "<string>", line 1, in <module>
ModuleNotFoundError: No module named 'torch'
Traceback (most recent call last):
  File "<string>", line 1, in <module>
ModuleNotFoundError: No module named 'torch'
Traceback (most recent call last):
  File "<string>", line 1, in <module>
ModuleNotFoundError: No module named 'torch'
Traceback (most recent call last):
  File "<string>", line 1, in <module>
ModuleNotFoundError: No module named 'torch'
Traceback (most recent call last):
  File "<string>", line 1, in <module>
ModuleNotFoundError: No module named 'torch'
Traceback (most recent call last):
  File "<string>", line 1, in <module>
ModuleNotFoundError: No module named 'torch'
Traceback (most recent call last):
  File "<string>", line 1, in <module>
ModuleNotFoundError: No module named 'torch'
Traceback (most recent call last):
  File "<string>", line 1, in <module>
ModuleNotFoundError: No module named 'torch'
Traceback (most recent call last):
  File "<string>", line 1, in <module>
ModuleNotFoundError: No module named 'torch'
Traceback (most recent call last):
  File "<string>", line 1, in <module>
ModuleNotFoundError: No module named 'torch'
Traceback (most recent call last):
  File "<string>", line 1, in <module>
ModuleNotFoundError: No module named 'torch'
Traceback (most recent call last):
  File "<string>", line 1, in <module>
ModuleNotFoundError: No module named 'torch'
Traceback (most recent call last):
  File "<string>", line 1, in <module>
ModuleNotFoundError: No module named 'torch'
Traceback (most recent call last):
  File "<string>", line 1, in <module>
ModuleNotFoundError: No module named 'torch'
Traceback (most recent call last):
  File "<string>", line 1, in <module>
ModuleNotFoundError: No module named 'torch'
Traceback (most recent call last):
  File "<string>", line 1, in <module>
ModuleNotFoundError: No module named 'torch'
Traceback (most recent call last):
  File "<string>", line 1, in <module>
ModuleNotFoundError: No module named 'torch'
Traceback (most recent call last):
  File "<string>", line 1, in <module>
ModuleNotFoundError: No module named 'torch'
Traceback (most recent call last):
  File "<string>", line 1, in <module>
ModuleNotFoundError: No module named 'torch'
Traceback (most recent call last):
  File "<string>", line 1, in <module>
ModuleNotFoundError: No module named 'torch'
Traceback (most recent call last):
  File "<string>", line 1, in <module>
ModuleNotFoundError: No module named 'torch'
Traceback (most recent call last):
  File "<string>", line 1, in <module>
ModuleNotFoundError: No module named 'torch'
Traceback (most recent call last):
  File "<string>", line 1, in <module>
ModuleNotFoundError: No module named 'torch'
Traceback (most recent call last):
  File "<string>", line 1, in <module>
ModuleNotFoundError: No module named 'torch'
Traceback (most recent call last):
  File "<string>", line 1, in <module>
ModuleNotFoundError: No module named 'torch'
Traceback (most recent call last):
  File "<string>", line 1, in <module>
ModuleNotFoundError: No module named 'torch'
Traceback (most recent call last):
  File "<string>", line 1, in <module>
ModuleNotFoundError: No module named 'torch'
Traceback (most recent call last):
  File "<string>", line 1, in <module>
ModuleNotFoundError: No module named 'torch'
Traceback (most recent call last):
  File "<string>", line 1, in <module>
ModuleNotFoundError: No module named 'torch'
Traceback (most recent call last):
  File "<string>", line 1, in <module>
ModuleNotFoundError: No module named 'torch'
Traceback (most recent call last):
  File "<string>", line 1, in <module>
ModuleNotFoundError: No module named 'torch'
Traceback (most recent call last):
  File "<string>", line 1, in <module>
ModuleNotFoundError: No module named 'torch'
Traceback (most recent call last):
  File "<string>", line 1, in <module>
ModuleNotFoundError: No module named 'torch'
Traceback (most recent call last):
  File "<string>", line 1, in <module>
ModuleNotFoundError: No module named 'torch'
Traceback (most recent call last):
  File "<string>", line 1, in <module>
ModuleNotFoundError: No module named 'torch'
Traceback (most recent call last):
  File "<string>", line 1, in <module>
ModuleNotFoundError: No module named 'torch'
Traceback (most recent call last):
  File "<string>", line 1, in <module>
ModuleNotFoundError: No module named 'torch'
Traceback (most recent call last):
  File "<string>", line 1, in <module>
ModuleNotFoundError: No module named 'torch'
Traceback (most recent call last):
  File "<string>", line 1, in <module>
ModuleNotFoundError: No module named 'torch'
Traceback (most recent call last):
  File "<string>", line 1, in <module>
ModuleNotFoundError: No module named 'torch'
Traceback (most recent call last):
  File "<string>", line 1, in <module>
ModuleNotFoundError: No module named 'torch'
Traceback (most recent call last):
  File "<string>", line 1, in <module>
ModuleNotFoundError: No module named 'torch'
Traceback (most recent call last):
  File "<string>", line 1, in <module>
ModuleNotFoundError: No module named 'torch'
Traceback (most recent call last):
  File "<string>", line 1, in <module>
ModuleNotFoundError: No module named 'torch'
Traceback (most recent call last):
  File "<string>", line 1, in <module>
ModuleNotFoundError: No module named 'torch'
Traceback (most recent call last):
  File "<string>", line 1, in <module>
ModuleNotFoundError: No module named 'torch'
Traceback (most recent call last):
  File "<string>", line 1, in <module>
ModuleNotFoundError: No module named 'torch'
Traceback (most recent call last):
  File "<string>", line 1, in <module>
ModuleNotFoundError: No module named 'torch'
Traceback (most recent call last):
  File "<string>", line 1, in <module>
ModuleNotFoundError: No module named 'torch'
Traceback (most recent call last):
  File "<string>", line 1, in <module>
ModuleNotFoundError: No module named 'torch'
Traceback (most recent call last):
  File "<string>", line 1, in <module>
ModuleNotFoundError: No module named 'torch'
Traceback (most recent call last):
  File "<string>", line 1, in <module>
ModuleNotFoundError: No module named 'torch'
Traceback (most recent call last):
  File "<string>", line 1, in <module>
ModuleNotFoundError: No module named 'torch'
Traceback (most recent call last):
  File "<string>", line 1, in <module>
ModuleNotFoundError: No module named 'torch'
Traceback (most recent call last):
  File "<string>", line 1, in <module>
ModuleNotFoundError: No module named 'torch'
Traceback (most recent call last):
  File "<string>", line 1, in <module>
ModuleNotFoundError: No module named 'torch'
Traceback (most recent call last):
  File "<string>", line 1, in <module>
ModuleNotFoundError: No module named 'torch'
Traceback (most recent call last):
  File "<string>", line 1, in <module>
ModuleNotFoundError: No module named 'torch'
Traceback (most recent call last):
  File "<string>", line 1, in <module>
ModuleNotFoundError: No module named 'torch'
Traceback (most recent call last):
  File "<string>", line 1, in <module>
ModuleNotFoundError: No module named 'torch'
Traceback (most recent call last):
  File "<string>", line 1, in <module>
ModuleNotFoundError: No module named 'torch'
Traceback (most recent call last):
  File "<string>", line 1, in <module>
ModuleNotFoundError: No module named 'torch'
Traceback (most recent call last):
  File "<string>", line 1, in <module>
ModuleNotFoundError: No module named 'torch'
Traceback (most recent call last):
  File "<string>", line 1, in <module>
ModuleNotFoundError: No module named 'torch'
Traceback (most recent call last):
  File "<string>", line 1, in <module>
ModuleNotFoundError: No module named 'torch'
Traceback (most recent call last):
  File "<string>", line 1, in <module>
ModuleNotFoundError: No module named 'torch'
Traceback (most recent call last):
  File "<string>", line 1, in <module>
ModuleNotFoundError: No module named 'torch'
Traceback (most recent call last):
  File "<string>", line 1, in <module>
ModuleNotFoundError: No module named 'torch'
Traceback (most recent call last):
  File "<string>", line 1, in <module>
ModuleNotFoundError: No module named 'torch'
Traceback (most recent call last):
  File "<string>", line 1, in <module>
Traceback (most recent call last):
  File "<string>", line 1, in <module>
ModuleNotFoundError: No module named 'torch'
ModuleNotFoundError: No module named 'torch'
Traceback (most recent call last):
  File "<string>", line 1, in <module>
ModuleNotFoundError: No module named 'torch'
Traceback (most recent call last):
  File "<string>", line 1, in <module>
ModuleNotFoundError: No module named 'torch'
Traceback (most recent call last):
  File "<string>", line 1, in <module>
ModuleNotFoundError: No module named 'torch'
Traceback (most recent call last):
  File "<string>", line 1, in <module>
Traceback (most recent call last):
  File "<string>", line 1, in <module>
ModuleNotFoundError: No module named 'torch'
Traceback (most recent call last):
  File "<string>", line 1, in <module>
ModuleNotFoundError: No module named 'torch'
ModuleNotFoundError: No module named 'torch'
Traceback (most recent call last):
  File "<string>", line 1, in <module>
ModuleNotFoundError: No module named 'torch'
Traceback (most recent call last):
  File "<string>", line 1, in <module>
ModuleNotFoundError: No module named 'torch'
Traceback (most recent call last):
  File "<string>", line 1, in <module>
ModuleNotFoundError: No module named 'torch'
Traceback (most recent call last):
  File "<string>", line 1, in <module>
ModuleNotFoundError: No module named 'torch'
Traceback (most recent call last):
  File "<string>", line 1, in <module>
ModuleNotFoundError: No module named 'torch'
Traceback (most recent call last):
  File "<string>", line 1, in <module>
ModuleNotFoundError: No module named 'torch'
Traceback (most recent call last):
  File "<string>", line 1, in <module>
ModuleNotFoundError: No module named 'torch'
Traceback (most recent call last):
  File "<string>", line 1, in <module>
ModuleNotFoundError: No module named 'torch'
Traceback (most recent call last):
  File "<string>", line 1, in <module>
ModuleNotFoundError: No module named 'torch'
Traceback (most recent call last):
  File "<string>", line 1, in <module>
ModuleNotFoundError: No module named 'torch'
Traceback (most recent call last):
  File "<string>", line 1, in <module>
ModuleNotFoundError: No module named 'torch'
Traceback (most recent call last):
  File "<string>", line 1, in <module>
ModuleNotFoundError: No module named 'torch'
Traceback (most recent call last):
  File "<string>", line 1, in <module>
ModuleNotFoundError: No module named 'torch'
Traceback (most recent call last):
  File "<string>", line 1, in <module>
ModuleNotFoundError: No module named 'torch'
Traceback (most recent call last):
  File "<string>", line 1, in <module>
ModuleNotFoundError: No module named 'torch'
Traceback (most recent call last):
  File "<string>", line 1, in <module>
ModuleNotFoundError: No module named 'torch'
Traceback (most recent call last):
  File "<string>", line 1, in <module>
ModuleNotFoundError: No module named 'torch'
Traceback (most recent call last):
  File "<string>", line 1, in <module>
ModuleNotFoundError: No module named 'torch'
Traceback (most recent call last):
  File "<string>", line 1, in <module>
ModuleNotFoundError: No module named 'torch'
Traceback (most recent call last):
  File "<string>", line 1, in <module>
ModuleNotFoundError: No module named 'torch'
Traceback (most recent call last):
  File "<string>", line 1, in <module>
ModuleNotFoundError: No module named 'torch'
Traceback (most recent call last):
  File "<string>", line 1, in <module>
ModuleNotFoundError: No module named 'torch'
Traceback (most recent call last):
  File "<string>", line 1, in <module>
ModuleNotFoundError: No module named 'torch'
Traceback (most recent call last):
  File "<string>", line 1, in <module>
ModuleNotFoundError: No module named 'torch'
Traceback (most recent call last):
  File "<string>", line 1, in <module>
Traceback (most recent call last):
  File "<string>", line 1, in <module>
ModuleNotFoundError: No module named 'torch'
Traceback (most recent call last):
  File "<string>", line 1, in <module>
ModuleNotFoundError: No module named 'torch'
Traceback (most recent call last):
  File "<string>", line 1, in <module>
ModuleNotFoundError: No module named 'torch'
Traceback (most recent call last):
  File "<string>", line 1, in <module>
ModuleNotFoundError: No module named 'torch'
ModuleNotFoundError: No module named 'torch'
Traceback (most recent call last):
  File "<string>", line 1, in <module>
Traceback (most recent call last):
  File "<string>", line 1, in <module>
ModuleNotFoundError: No module named 'torch'
Traceback (most recent call last):
  File "<string>", line 1, in <module>
ModuleNotFoundError: No module named 'torch'
Traceback (most recent call last):
  File "<string>", line 1, in <module>
ModuleNotFoundError: No module named 'torch'
Traceback (most recent call last):
  File "<string>", line 1, in <module>
ModuleNotFoundError: No module named 'torch'
ModuleNotFoundError: No module named 'torch'
Traceback (most recent call last):
  File "<string>", line 1, in <module>
ModuleNotFoundError: No module named 'torch'
Traceback (most recent call last):
  File "<string>", line 1, in <module>
ModuleNotFoundError: No module named 'torch'
Traceback (most recent call last):
  File "<string>", line 1, in <module>
ModuleNotFoundError: No module named 'torch'
Traceback (most recent call last):
  File "<string>", line 1, in <module>
ModuleNotFoundError: No module named 'torch'
Traceback (most recent call last):
  File "<string>", line 1, in <module>
ModuleNotFoundError: No module named 'torch'
Traceback (most recent call last):
  File "<string>", line 1, in <module>
ModuleNotFoundError: No module named 'torch'
Traceback (most recent call last):
  File "<string>", line 1, in <module>
ModuleNotFoundError: No module named 'torch'
Traceback (most recent call last):
  File "<string>", line 1, in <module>
ModuleNotFoundError: No module named 'torch'
Traceback (most recent call last):
  File "<string>", line 1, in <module>
ModuleNotFoundError: No module named 'torch'
Traceback (most recent call last):
  File "<string>", line 1, in <module>
ModuleNotFoundError: No module named 'torch'
Traceback (most recent call last):
  File "<string>", line 1, in <module>
ModuleNotFoundError: No module named 'torch'
Traceback (most recent call last):
  File "<string>", line 1, in <module>
ModuleNotFoundError: No module named 'torch'
Traceback (most recent call last):
  File "<string>", line 1, in <module>
ModuleNotFoundError: No module named 'torch'
Traceback (most recent call last):
  File "<string>", line 1, in <module>
ModuleNotFoundError: No module named 'torch'
Traceback (most recent call last):
  File "<string>", line 1, in <module>
ModuleNotFoundError: No module named 'torch'
Traceback (most recent call last):
  File "<string>", line 1, in <module>
ModuleNotFoundError: No module named 'torch'
Traceback (most recent call last):
  File "<string>", line 1, in <module>
ModuleNotFoundError: No module named 'torch'
Traceback (most recent call last):
  File "<string>", line 1, in <module>
ModuleNotFoundError: No module named 'torch'
Traceback (most recent call last):
  File "<string>", line 1, in <module>
ModuleNotFoundError: No module named 'torch'
Traceback (most recent call last):
Traceback (most recent call last):
  File "<string>", line 1, in <module>
ModuleNotFoundError: No module named 'torch'
Traceback (most recent call last):
  File "<string>", line 1, in <module>
ModuleNotFoundError: No module named 'torch'
Traceback (most recent call last):
  File "<string>", line 1, in <module>
ModuleNotFoundError: No module named 'torch'
Traceback (most recent call last):
  File "<string>", line 1, in <module>
ModuleNotFoundError: No module named 'torch'
Traceback (most recent call last):
  File "<string>", line 1, in <module>
ModuleNotFoundError: No module named 'torch'
  File "<string>", line 1, in <module>
Traceback (most recent call last):
  File "<string>", line 1, in <module>
ModuleNotFoundError: No module named 'torch'
ModuleNotFoundError: No module named 'torch'
Traceback (most recent call last):
  File "<string>", line 1, in <module>
ModuleNotFoundError: No module named 'torch'
Traceback (most recent call last):
  File "<string>", line 1, in <module>
ModuleNotFoundError: No module named 'torch'
Traceback (most recent call last):
  File "<string>", line 1, in <module>
ModuleNotFoundError: No module named 'torch'
Traceback (most recent call last):
  File "<string>", line 1, in <module>
ModuleNotFoundError: No module named 'torch'
Traceback (most recent call last):
  File "<string>", line 1, in <module>
ModuleNotFoundError: No module named 'torch'
Traceback (most recent call last):
  File "<string>", line 1, in <module>
ModuleNotFoundError: No module named 'torch'
Traceback (most recent call last):
  File "<string>", line 1, in <module>
ModuleNotFoundError: No module named 'torch'
Traceback (most recent call last):
  File "<string>", line 1, in <module>
ModuleNotFoundError: No module named 'torch'
Traceback (most recent call last):
  File "<string>", line 1, in <module>
ModuleNotFoundError: No module named 'torch'
Traceback (most recent call last):
  File "<string>", line 1, in <module>
ModuleNotFoundError: No module named 'torch'
Traceback (most recent call last):
  File "<string>", line 1, in <module>
ModuleNotFoundError: No module named 'torch'
Traceback (most recent call last):
  File "<string>", line 1, in <module>
ModuleNotFoundError: No module named 'torch'
Traceback (most recent call last):
  File "<string>", line 1, in <module>
ModuleNotFoundError: No module named 'torch'
Traceback (most recent call last):
  File "<string>", line 1, in <module>
ModuleNotFoundError: No module named 'torch'
Traceback (most recent call last):
  File "<string>", line 1, in <module>
ModuleNotFoundError: No module named 'torch'
Traceback (most recent call last):
  File "<string>", line 1, in <module>
ModuleNotFoundError: No module named 'torch'
Traceback (most recent call last):
Traceback (most recent call last):
  File "<string>", line 1, in <module>
ModuleNotFoundError: No module named 'torch'
Traceback (most recent call last):
  File "<string>", line 1, in <module>
  File "<string>", line 1, in <module>
ModuleNotFoundError: No module named 'torch'
ModuleNotFoundError: No module named 'torch'
Traceback (most recent call last):
  File "<string>", line 1, in <module>
ModuleNotFoundError: No module named 'torch'
Traceback (most recent call last):
  File "<string>", line 1, in <module>
ModuleNotFoundError: No module named 'torch'
Traceback (most recent call last):
  File "<string>", line 1, in <module>
ModuleNotFoundError: No module named 'torch'
Traceback (most recent call last):
  File "<string>", line 1, in <module>
ModuleNotFoundError: No module named 'torch'
Traceback (most recent call last):
  File "<string>", line 1, in <module>
ModuleNotFoundError: No module named 'torch'
Traceback (most recent call last):
  File "<string>", line 1, in <module>
ModuleNotFoundError: No module named 'torch'
Traceback (most recent call last):
  File "<string>", line 1, in <module>
ModuleNotFoundError: No module named 'torch'
Traceback (most recent call last):
  File "<string>", line 1, in <module>
ModuleNotFoundError: No module named 'torch'
Traceback (most recent call last):
  File "<string>", line 1, in <module>
ModuleNotFoundError: No module named 'torch'
Traceback (most recent call last):
  File "<string>", line 1, in <module>
ModuleNotFoundError: No module named 'torch'
Traceback (most recent call last):
  File "<string>", line 1, in <module>
ModuleNotFoundError: No module named 'torch'
Traceback (most recent call last):
  File "<string>", line 1, in <module>
ModuleNotFoundError: No module named 'torch'
Traceback (most recent call last):
  File "<string>", line 1, in <module>
Traceback (most recent call last):
  File "<string>", line 1, in <module>
ModuleNotFoundError: No module named 'torch'
Traceback (most recent call last):
  File "<string>", line 1, in <module>
ModuleNotFoundError: No module named 'torch'
Traceback (most recent call last):
  File "<string>", line 1, in <module>
ModuleNotFoundError: No module named 'torch'
Traceback (most recent call last):
  File "<string>", line 1, in <module>
ModuleNotFoundError: No module named 'torch'
ModuleNotFoundError: No module named 'torch'
Traceback (most recent call last):
  File "<string>", line 1, in <module>
ModuleNotFoundError: No module named 'torch'
Traceback (most recent call last):
  File "<string>", line 1, in <module>
ModuleNotFoundError: No module named 'torch'
Traceback (most recent call last):
  File "<string>", line 1, in <module>
ModuleNotFoundError: No module named 'torch'
Traceback (most recent call last):
  File "<string>", line 1, in <module>
ModuleNotFoundError: No module named 'torch'
Traceback (most recent call last):
  File "<string>", line 1, in <module>
ModuleNotFoundError: No module named 'torch'
Traceback (most recent call last):
Traceback (most recent call last):
  File "<string>", line 1, in <module>
ModuleNotFoundError: No module named 'torch'
  File "<string>", line 1, in <module>
ModuleNotFoundError: No module named 'torch'
Traceback (most recent call last):
  File "<string>", line 1, in <module>
ModuleNotFoundError: No module named 'torch'
Traceback (most recent call last):
  File "<string>", line 1, in <module>
Traceback (most recent call last):
  File "<string>", line 1, in <module>
ModuleNotFoundError: No module named 'torch'
Traceback (most recent call last):
  File "<string>", line 1, in <module>
ModuleNotFoundError: No module named 'torch'
ModuleNotFoundError: No module named 'torch'
Traceback (most recent call last):
  File "<string>", line 1, in <module>
ModuleNotFoundError: No module named 'torch'
Traceback (most recent call last):
  File "<string>", line 1, in <module>
ModuleNotFoundError: No module named 'torch'
Traceback (most recent call last):
  File "<string>", line 1, in <module>
ModuleNotFoundError: No module named 'torch'
Traceback (most recent call last):
  File "<string>", line 1, in <module>
ModuleNotFoundError: No module named 'torch'
Traceback (most recent call last):
  File "<string>", line 1, in <module>
ModuleNotFoundError: No module named 'torch'
Traceback (most recent call last):
  File "<string>", line 1, in <module>
ModuleNotFoundError: No module named 'torch'
Traceback (most recent call last):
  File "<string>", line 1, in <module>
ModuleNotFoundError: No module named 'torch'
Traceback (most recent call last):
  File "<string>", line 1, in <module>
ModuleNotFoundError: No module named 'torch'
Traceback (most recent call last):
  File "<string>", line 1, in <module>
ModuleNotFoundError: No module named 'torch'
Traceback (most recent call last):
  File "<string>", line 1, in <module>
ModuleNotFoundError: No module named 'torch'
Traceback (most recent call last):
  File "<string>", line 1, in <module>
ModuleNotFoundError: No module named 'torch'
Traceback (most recent call last):
  File "<string>", line 1, in <module>
ModuleNotFoundError: No module named 'torch'
Traceback (most recent call last):
  File "<string>", line 1, in <module>
ModuleNotFoundError: No module named 'torch'
Traceback (most recent call last):
  File "<string>", line 1, in <module>
ModuleNotFoundError: No module named 'torch'
Traceback (most recent call last):
Traceback (most recent call last):
  File "<string>", line 1, in <module>
ModuleNotFoundError: No module named 'torch'
  File "<string>", line 1, in <module>
ModuleNotFoundError: No module named 'torch'
Traceback (most recent call last):
  File "<string>", line 1, in <module>
Traceback (most recent call last):
  File "<string>", line 1, in <module>
ModuleNotFoundError: No module named 'torch'
ModuleNotFoundError: No module named 'torch'
Traceback (most recent call last):
  File "<string>", line 1, in <module>
ModuleNotFoundError: No module named 'torch'
Traceback (most recent call last):
  File "<string>", line 1, in <module>
ModuleNotFoundError: No module named 'torch'
Traceback (most recent call last):
  File "<string>", line 1, in <module>
ModuleNotFoundError: No module named 'torch'
Traceback (most recent call last):
  File "<string>", line 1, in <module>
ModuleNotFoundError: No module named 'torch'
Traceback (most recent call last):
  File "<string>", line 1, in <module>
ModuleNotFoundError: No module named 'torch'
Traceback (most recent call last):
  File "<string>", line 1, in <module>
ModuleNotFoundError: No module named 'torch'
Traceback (most recent call last):
  File "<string>", line 1, in <module>
ModuleNotFoundError: No module named 'torch'
Traceback (most recent call last):
  File "<string>", line 1, in <module>
ModuleNotFoundError: No module named 'torch'
Traceback (most recent call last):
  File "<string>", line 1, in <module>
Traceback (most recent call last):
  File "<string>", line 1, in <module>
ModuleNotFoundError: No module named 'torch'
Traceback (most recent call last):
  File "<string>", line 1, in <module>
ModuleNotFoundError: No module named 'torch'
ModuleNotFoundError: No module named 'torch'
Traceback (most recent call last):
  File "<string>", line 1, in <module>
ModuleNotFoundError: No module named 'torch'
Traceback (most recent call last):
  File "<string>", line 1, in <module>
ModuleNotFoundError: No module named 'torch'
Traceback (most recent call last):
  File "<string>", line 1, in <module>
ModuleNotFoundError: No module named 'torch'
Traceback (most recent call last):
  File "<string>", line 1, in <module>
Traceback (most recent call last):
  File "<string>", line 1, in <module>
ModuleNotFoundError: No module named 'torch'
Traceback (most recent call last):
  File "<string>", line 1, in <module>
ModuleNotFoundError: No module named 'torch'
ModuleNotFoundError: No module named 'torch'
Traceback (most recent call last):
  File "<string>", line 1, in <module>
ModuleNotFoundError: No module named 'torch'
Traceback (most recent call last):
  File "<string>", line 1, in <module>
ModuleNotFoundError: No module named 'torch'
Traceback (most recent call last):
  File "<string>", line 1, in <module>
ModuleNotFoundError: No module named 'torch'
Traceback (most recent call last):
  File "<string>", line 1, in <module>
ModuleNotFoundError: No module named 'torch'
Traceback (most recent call last):
  File "<string>", line 1, in <module>
Traceback (most recent call last):
  File "<string>", line 1, in <module>
ModuleNotFoundError: No module named 'torch'
ModuleNotFoundError: No module named 'torch'
Traceback (most recent call last):
  File "<string>", line 1, in <module>
ModuleNotFoundError: No module named 'torch'
Traceback (most recent call last):
  File "<string>", line 1, in <module>
ModuleNotFoundError: No module named 'torch'
Traceback (most recent call last):
  File "<string>", line 1, in <module>
ModuleNotFoundError: No module named 'torch'
Traceback (most recent call last):
  File "<string>", line 1, in <module>
ModuleNotFoundError: No module named 'torch'
Traceback (most recent call last):
  File "<string>", line 1, in <module>
ModuleNotFoundError: No module named 'torch'
Traceback (most recent call last):
  File "<string>", line 1, in <module>
ModuleNotFoundError: No module named 'torch'
Traceback (most recent call last):
  File "<string>", line 1, in <module>
ModuleNotFoundError: No module named 'torch'
Traceback (most recent call last):
  File "<string>", line 1, in <module>
ModuleNotFoundError: No module named 'torch'
Traceback (most recent call last):
  File "<string>", line 1, in <module>
ModuleNotFoundError: No module named 'torch'
Traceback (most recent call last):
  File "<string>", line 1, in <module>
ModuleNotFoundError: No module named 'torch'
Traceback (most recent call last):
  File "<string>", line 1, in <module>
ModuleNotFoundError: No module named 'torch'
Traceback (most recent call last):
  File "<string>", line 1, in <module>
ModuleNotFoundError: No module named 'torch'
Traceback (most recent call last):
  File "<string>", line 1, in <module>
ModuleNotFoundError: No module named 'torch'
Traceback (most recent call last):
  File "<string>", line 1, in <module>
ModuleNotFoundError: No module named 'torch'
Traceback (most recent call last):
  File "<string>", line 1, in <module>
ModuleNotFoundError: No module named 'torch'
Traceback (most recent call last):
  File "<string>", line 1, in <module>
ModuleNotFoundError: No module named 'torch'
Traceback (most recent call last):
  File "<string>", line 1, in <module>
ModuleNotFoundError: No module named 'torch'
Traceback (most recent call last):
  File "<string>", line 1, in <module>
ModuleNotFoundError: No module named 'torch'
Traceback (most recent call last):
  File "<string>", line 1, in <module>
ModuleNotFoundError: No module named 'torch'
Traceback (most recent call last):
  File "<string>", line 1, in <module>
ModuleNotFoundError: No module named 'torch'
Traceback (most recent call last):
  File "<string>", line 1, in <module>
ModuleNotFoundError: No module named 'torch'
Traceback (most recent call last):
  File "<string>", line 1, in <module>
ModuleNotFoundError: No module named 'torch'
Traceback (most recent call last):
  File "<string>", line 1, in <module>
ModuleNotFoundError: No module named 'torch'
Traceback (most recent call last):
  File "<string>", line 1, in <module>
ModuleNotFoundError: No module named 'torch'
Traceback (most recent call last):
  File "<string>", line 1, in <module>
ModuleNotFoundError: No module named 'torch'
Traceback (most recent call last):
  File "<string>", line 1, in <module>
ModuleNotFoundError: No module named 'torch'
Traceback (most recent call last):
  File "<string>", line 1, in <module>
ModuleNotFoundError: No module named 'torch'
Traceback (most recent call last):
  File "<string>", line 1, in <module>
ModuleNotFoundError: No module named 'torch'
Traceback (most recent call last):
  File "<string>", line 1, in <module>
ModuleNotFoundError: No module named 'torch'
Traceback (most recent call last):
  File "<string>", line 1, in <module>
ModuleNotFoundError: No module named 'torch'
Traceback (most recent call last):
  File "<string>", line 1, in <module>
ModuleNotFoundError: No module named 'torch'
Traceback (most recent call last):
  File "<string>", line 1, in <module>
ModuleNotFoundError: No module named 'torch'
Traceback (most recent call last):
  File "<string>", line 1, in <module>
ModuleNotFoundError: No module named 'torch'
Traceback (most recent call last):
  File "<string>", line 1, in <module>
ModuleNotFoundError: No module named 'torch'
Traceback (most recent call last):
  File "<string>", line 1, in <module>
ModuleNotFoundError: No module named 'torch'
Traceback (most recent call last):
  File "<string>", line 1, in <module>
ModuleNotFoundError: No module named 'torch'
Traceback (most recent call last):
Traceback (most recent call last):
  File "<string>", line 1, in <module>
ModuleNotFoundError: No module named 'torch'
Traceback (most recent call last):
  File "<string>", line 1, in <module>
ModuleNotFoundError: No module named 'torch'
  File "<string>", line 1, in <module>
Traceback (most recent call last):
  File "<string>", line 1, in <module>
ModuleNotFoundError: No module named 'torch'
ModuleNotFoundError: No module named 'torch'
Traceback (most recent call last):
  File "<string>", line 1, in <module>
ModuleNotFoundError: No module named 'torch'
Traceback (most recent call last):
  File "<string>", line 1, in <module>
ModuleNotFoundError: No module named 'torch'
Traceback (most recent call last):
  File "<string>", line 1, in <module>
ModuleNotFoundError: No module named 'torch'
Traceback (most recent call last):
  File "<string>", line 1, in <module>
ModuleNotFoundError: No module named 'torch'
Traceback (most recent call last):
  File "<string>", line 1, in <module>
ModuleNotFoundError: No module named 'torch'
Traceback (most recent call last):
  File "<string>", line 1, in <module>
ModuleNotFoundError: No module named 'torch'
Traceback (most recent call last):
  File "<string>", line 1, in <module>
ModuleNotFoundError: No module named 'torch'
Traceback (most recent call last):
Traceback (most recent call last):
  File "<string>", line 1, in <module>
ModuleNotFoundError: No module named 'torch'
Traceback (most recent call last):
  File "<string>", line 1, in <module>
Traceback (most recent call last):
  File "<string>", line 1, in <module>
ModuleNotFoundError: No module named 'torch'
Traceback (most recent call last):
  File "<string>", line 1, in <module>
ModuleNotFoundError: No module named 'torch'
Traceback (most recent call last):
  File "<string>", line 1, in <module>
ModuleNotFoundError: No module named 'torch'
Traceback (most recent call last):
  File "<string>", line 1, in <module>
ModuleNotFoundError: No module named 'torch'
  File "<string>", line 1, in <module>
ModuleNotFoundError: No module named 'torch'
Traceback (most recent call last):
  File "<string>", line 1, in <module>
ModuleNotFoundError: No module named 'torch'
Traceback (most recent call last):
  File "<string>", line 1, in <module>
ModuleNotFoundError: No module named 'torch'
Traceback (most recent call last):
  File "<string>", line 1, in <module>
ModuleNotFoundError: No module named 'torch'
ModuleNotFoundError: No module named 'torch'
Traceback (most recent call last):
  File "<string>", line 1, in <module>
ModuleNotFoundError: No module named 'torch'
Traceback (most recent call last):
  File "<string>", line 1, in <module>
ModuleNotFoundError: No module named 'torch'
Traceback (most recent call last):
  File "<string>", line 1, in <module>
ModuleNotFoundError: No module named 'torch'
Traceback (most recent call last):
  File "<string>", line 1, in <module>
ModuleNotFoundError: No module named 'torch'
Traceback (most recent call last):
  File "<string>", line 1, in <module>
ModuleNotFoundError: No module named 'torch'
Traceback (most recent call last):
  File "<string>", line 1, in <module>
ModuleNotFoundError: No module named 'torch'
Traceback (most recent call last):
  File "<string>", line 1, in <module>
ModuleNotFoundError: No module named 'torch'
Traceback (most recent call last):
  File "<string>", line 1, in <module>
ModuleNotFoundError: No module named 'torch'
Traceback (most recent call last):
  File "<string>", line 1, in <module>
ModuleNotFoundError: No module named 'torch'
Traceback (most recent call last):
  File "<string>", line 1, in <module>
ModuleNotFoundError: No module named 'torch'
Traceback (most recent call last):
  File "<string>", line 1, in <module>
ModuleNotFoundError: No module named 'torch'
Traceback (most recent call last):
  File "<string>", line 1, in <module>
ModuleNotFoundError: No module named 'torch'
Traceback (most recent call last):
  File "<string>", line 1, in <module>
ModuleNotFoundError: No module named 'torch'
Traceback (most recent call last):
  File "<string>", line 1, in <module>
ModuleNotFoundError: No module named 'torch'
Traceback (most recent call last):
  File "<string>", line 1, in <module>
ModuleNotFoundError: No module named 'torch'
Traceback (most recent call last):
  File "<string>", line 1, in <module>
ModuleNotFoundError: No module named 'torch'
Traceback (most recent call last):
  File "<string>", line 1, in <module>
ModuleNotFoundError: No module named 'torch'
Traceback (most recent call last):
  File "<string>", line 1, in <module>
ModuleNotFoundError: No module named 'torch'
Traceback (most recent call last):
  File "<string>", line 1, in <module>
ModuleNotFoundError: No module named 'torch'
Traceback (most recent call last):
  File "<string>", line 1, in <module>
ModuleNotFoundError: No module named 'torch'
Traceback (most recent call last):
  File "<string>", line 1, in <module>
ModuleNotFoundError: No module named 'torch'
Traceback (most recent call last):
  File "<string>", line 1, in <module>
ModuleNotFoundError: No module named 'torch'
Traceback (most recent call last):
  File "<string>", line 1, in <module>
ModuleNotFoundError: No module named 'torch'
Traceback (most recent call last):
  File "<string>", line 1, in <module>
ModuleNotFoundError: No module named 'torch'
Traceback (most recent call last):
  File "<string>", line 1, in <module>
ModuleNotFoundError: No module named 'torch'
Traceback (most recent call last):
  File "<string>", line 1, in <module>
ModuleNotFoundError: No module named 'torch'
Traceback (most recent call last):
  File "<string>", line 1, in <module>
ModuleNotFoundError: No module named 'torch'
Traceback (most recent call last):
  File "<string>", line 1, in <module>
ModuleNotFoundError: No module named 'torch'
Traceback (most recent call last):
  File "<string>", line 1, in <module>
ModuleNotFoundError: No module named 'torch'
Traceback (most recent call last):
  File "<string>", line 1, in <module>
ModuleNotFoundError: No module named 'torch'
Traceback (most recent call last):
  File "<string>", line 1, in <module>
ModuleNotFoundError: No module named 'torch'
Traceback (most recent call last):
  File "<string>", line 1, in <module>
ModuleNotFoundError: No module named 'torch'
Traceback (most recent call last):
  File "<string>", line 1, in <module>
ModuleNotFoundError: No module named 'torch'
Traceback (most recent call last):
  File "<string>", line 1, in <module>
ModuleNotFoundError: No module named 'torch'
Traceback (most recent call last):
  File "<string>", line 1, in <module>
ModuleNotFoundError: No module named 'torch'
Traceback (most recent call last):
  File "<string>", line 1, in <module>
ModuleNotFoundError: No module named 'torch'
Traceback (most recent call last):
  File "<string>", line 1, in <module>
ModuleNotFoundError: No module named 'torch'
Traceback (most recent call last):
  File "<string>", line 1, in <module>
ModuleNotFoundError: No module named 'torch'
Traceback (most recent call last):
  File "<string>", line 1, in <module>
ModuleNotFoundError: No module named 'torch'
Traceback (most recent call last):
  File "<string>", line 1, in <module>
ModuleNotFoundError: No module named 'torch'
Traceback (most recent call last):
  File "<string>", line 1, in <module>
ModuleNotFoundError: No module named 'torch'
Traceback (most recent call last):
  File "<string>", line 1, in <module>
ModuleNotFoundError: No module named 'torch'
Traceback (most recent call last):
  File "<string>", line 1, in <module>
ModuleNotFoundError: No module named 'torch'
Traceback (most recent call last):
  File "<string>", line 1, in <module>
ModuleNotFoundError: No module named 'torch'
Traceback (most recent call last):
  File "<string>", line 1, in <module>
ModuleNotFoundError: No module named 'torch'
Traceback (most recent call last):
  File "<string>", line 1, in <module>
ModuleNotFoundError: No module named 'torch'
Traceback (most recent call last):
  File "<string>", line 1, in <module>
ModuleNotFoundError: No module named 'torch'
Traceback (most recent call last):
  File "<string>", line 1, in <module>
ModuleNotFoundError: No module named 'torch'
Traceback (most recent call last):
  File "<string>", line 1, in <module>
ModuleNotFoundError: No module named 'torch'
Traceback (most recent call last):
  File "<string>", line 1, in <module>
ModuleNotFoundError: No module named 'torch'
Traceback (most recent call last):
  File "<string>", line 1, in <module>
ModuleNotFoundError: No module named 'torch'
Traceback (most recent call last):
Traceback (most recent call last):
  File "<string>", line 1, in <module>
Traceback (most recent call last):
  File "<string>", line 1, in <module>
ModuleNotFoundError: No module named 'torch'
  File "<string>", line 1, in <module>
ModuleNotFoundError: No module named 'torch'
Traceback (most recent call last):
  File "<string>", line 1, in <module>
ModuleNotFoundError: No module named 'torch'
ModuleNotFoundError: No module named 'torch'
Traceback (most recent call last):
  File "<string>", line 1, in <module>
ModuleNotFoundError: No module named 'torch'
Traceback (most recent call last):
  File "<string>", line 1, in <module>
ModuleNotFoundError: No module named 'torch'
Traceback (most recent call last):
  File "<string>", line 1, in <module>
ModuleNotFoundError: No module named 'torch'
Traceback (most recent call last):
  File "<string>", line 1, in <module>
ModuleNotFoundError: No module named 'torch'
Traceback (most recent call last):
  File "<string>", line 1, in <module>
ModuleNotFoundError: No module named 'torch'
Traceback (most recent call last):
  File "<string>", line 1, in <module>
ModuleNotFoundError: No module named 'torch'
Traceback (most recent call last):
  File "<string>", line 1, in <module>
ModuleNotFoundError: No module named 'torch'
Traceback (most recent call last):
  File "<string>", line 1, in <module>
ModuleNotFoundError: No module named 'torch'
Traceback (most recent call last):
  File "<string>", line 1, in <module>
ModuleNotFoundError: No module named 'torch'
Traceback (most recent call last):
  File "<string>", line 1, in <module>
ModuleNotFoundError: No module named 'torch'
Traceback (most recent call last):
  File "<string>", line 1, in <module>
ModuleNotFoundError: No module named 'torch'
Traceback (most recent call last):
  File "<string>", line 1, in <module>
ModuleNotFoundError: No module named 'torch'
Traceback (most recent call last):
  File "<string>", line 1, in <module>
ModuleNotFoundError: No module named 'torch'
Traceback (most recent call last):
  File "<string>", line 1, in <module>
ModuleNotFoundError: No module named 'torch'
Traceback (most recent call last):
  File "<string>", line 1, in <module>
ModuleNotFoundError: No module named 'torch'
Traceback (most recent call last):
  File "<string>", line 1, in <module>
ModuleNotFoundError: No module named 'torch'
Traceback (most recent call last):
  File "<string>", line 1, in <module>
ModuleNotFoundError: No module named 'torch'
Traceback (most recent call last):
  File "<string>", line 1, in <module>
ModuleNotFoundError: No module named 'torch'
Traceback (most recent call last):
  File "<string>", line 1, in <module>
ModuleNotFoundError: No module named 'torch'
Traceback (most recent call last):
  File "<string>", line 1, in <module>
ModuleNotFoundError: No module named 'torch'
Traceback (most recent call last):
  File "<string>", line 1, in <module>
ModuleNotFoundError: No module named 'torch'
Traceback (most recent call last):
  File "<string>", line 1, in <module>
ModuleNotFoundError: No module named 'torch'
Traceback (most recent call last):
  File "<string>", line 1, in <module>
Traceback (most recent call last):
  File "<string>", line 1, in <module>
ModuleNotFoundError: No module named 'torch'
ModuleNotFoundError: No module named 'torch'
Traceback (most recent call last):
  File "<string>", line 1, in <module>
ModuleNotFoundError: No module named 'torch'
Traceback (most recent call last):
  File "<string>", line 1, in <module>
ModuleNotFoundError: No module named 'torch'
Traceback (most recent call last):
  File "<string>", line 1, in <module>
ModuleNotFoundError: No module named 'torch'
Traceback (most recent call last):
  File "<string>", line 1, in <module>
ModuleNotFoundError: No module named 'torch'
Traceback (most recent call last):
  File "<string>", line 1, in <module>
ModuleNotFoundError: No module named 'torch'
Traceback (most recent call last):
  File "<string>", line 1, in <module>
ModuleNotFoundError: No module named 'torch'
Traceback (most recent call last):
  File "<string>", line 1, in <module>
ModuleNotFoundError: No module named 'torch'
Traceback (most recent call last):
  File "<string>", line 1, in <module>
ModuleNotFoundError: No module named 'torch'
Traceback (most recent call last):
  File "<string>", line 1, in <module>
ModuleNotFoundError: No module named 'torch'
Traceback (most recent call last):
  File "<string>", line 1, in <module>
ModuleNotFoundError: No module named 'torch'
Traceback (most recent call last):
  File "<string>", line 1, in <module>
ModuleNotFoundError: No module named 'torch'
Traceback (most recent call last):
  File "<string>", line 1, in <module>
ModuleNotFoundError: No module named 'torch'
Traceback (most recent call last):
  File "<string>", line 1, in <module>
ModuleNotFoundError: No module named 'torch'
Traceback (most recent call last):
  File "<string>", line 1, in <module>
ModuleNotFoundError: No module named 'torch'
Traceback (most recent call last):
  File "<string>", line 1, in <module>
ModuleNotFoundError: No module named 'torch'
Traceback (most recent call last):
  File "<string>", line 1, in <module>
ModuleNotFoundError: No module named 'torch'
Traceback (most recent call last):
  File "<string>", line 1, in <module>
ModuleNotFoundError: No module named 'torch'
Traceback (most recent call last):
  File "<string>", line 1, in <module>
ModuleNotFoundError: No module named 'torch'
Traceback (most recent call last):
  File "<string>", line 1, in <module>
ModuleNotFoundError: No module named 'torch'
Traceback (most recent call last):
  File "<string>", line 1, in <module>
ModuleNotFoundError: No module named 'torch'
Traceback (most recent call last):
  File "<string>", line 1, in <module>
ModuleNotFoundError: No module named 'torch'
Traceback (most recent call last):
  File "<string>", line 1, in <module>
ModuleNotFoundError: No module named 'torch'
Traceback (most recent call last):
  File "<string>", line 1, in <module>
ModuleNotFoundError: No module named 'torch'
Traceback (most recent call last):
  File "<string>", line 1, in <module>
ModuleNotFoundError: No module named 'torch'
Traceback (most recent call last):
  File "<string>", line 1, in <module>
ModuleNotFoundError: No module named 'torch'
Traceback (most recent call last):
  File "<string>", line 1, in <module>
ModuleNotFoundError: No module named 'torch'
Traceback (most recent call last):
  File "<string>", line 1, in <module>
ModuleNotFoundError: No module named 'torch'
Traceback (most recent call last):
  File "<string>", line 1, in <module>
ModuleNotFoundError: No module named 'torch'
Traceback (most recent call last):
  File "<string>", line 1, in <module>
ModuleNotFoundError: No module named 'torch'
Traceback (most recent call last):
  File "<string>", line 1, in <module>
ModuleNotFoundError: No module named 'torch'
Traceback (most recent call last):
  File "<string>", line 1, in <module>
ModuleNotFoundError: No module named 'torch'
Traceback (most recent call last):
  File "<string>", line 1, in <module>
ModuleNotFoundError: No module named 'torch'
Traceback (most recent call last):
  File "<string>", line 1, in <module>
ModuleNotFoundError: No module named 'torch'
Traceback (most recent call last):
  File "<string>", line 1, in <module>
ModuleNotFoundError: No module named 'torch'
Traceback (most recent call last):
  File "<string>", line 1, in <module>
ModuleNotFoundError: No module named 'torch'
Traceback (most recent call last):
  File "<string>", line 1, in <module>
ModuleNotFoundError: No module named 'torch'
Traceback (most recent call last):
  File "<string>", line 1, in <module>
ModuleNotFoundError: No module named 'torch'
Traceback (most recent call last):
  File "<string>", line 1, in <module>
ModuleNotFoundError: No module named 'torch'
Traceback (most recent call last):
  File "<string>", line 1, in <module>
ModuleNotFoundError: No module named 'torch'
Traceback (most recent call last):
  File "<string>", line 1, in <module>
ModuleNotFoundError: No module named 'torch'
Traceback (most recent call last):
  File "<string>", line 1, in <module>
ModuleNotFoundError: No module named 'torch'
Traceback (most recent call last):
  File "<string>", line 1, in <module>
ModuleNotFoundError: No module named 'torch'
Traceback (most recent call last):
  File "<string>", line 1, in <module>
ModuleNotFoundError: No module named 'torch'
Traceback (most recent call last):
  File "<string>", line 1, in <module>
ModuleNotFoundError: No module named 'torch'
Traceback (most recent call last):
  File "<string>", line 1, in <module>
Traceback (most recent call last):
  File "<string>", line 1, in <module>
ModuleNotFoundError: No module named 'torch'
Traceback (most recent call last):
  File "<string>", line 1, in <module>
ModuleNotFoundError: No module named 'torch'
Traceback (most recent call last):
Traceback (most recent call last):
  File "<string>", line 1, in <module>
ModuleNotFoundError: No module named 'torch'
ModuleNotFoundError: No module named 'torch'
Traceback (most recent call last):
  File "<string>", line 1, in <module>
Traceback (most recent call last):
  File "<string>", line 1, in <module>
ModuleNotFoundError: No module named 'torch'
  File "<string>", line 1, in <module>
Traceback (most recent call last):
  File "<string>", line 1, in <module>
ModuleNotFoundError: No module named 'torch'
ModuleNotFoundError: No module named 'torch'
Traceback (most recent call last):
  File "<string>", line 1, in <module>
ModuleNotFoundError: No module named 'torch'
ModuleNotFoundError: No module named 'torch'
Traceback (most recent call last):
  File "<string>", line 1, in <module>
ModuleNotFoundError: No module named 'torch'
Traceback (most recent call last):
  File "<string>", line 1, in <module>
Traceback (most recent call last):
  File "<string>", line 1, in <module>
ModuleNotFoundError: No module named 'torch'
Traceback (most recent call last):
  File "<string>", line 1, in <module>
ModuleNotFoundError: No module named 'torch'
Traceback (most recent call last):
  File "<string>", line 1, in <module>
ModuleNotFoundError: No module named 'torch'
ModuleNotFoundError: No module named 'torch'
Traceback (most recent call last):
  File "<string>", line 1, in <module>
ModuleNotFoundError: No module named 'torch'
Traceback (most recent call last):
  File "<string>", line 1, in <module>
ModuleNotFoundError: No module named 'torch'
Traceback (most recent call last):
  File "<string>", line 1, in <module>
ModuleNotFoundError: No module named 'torch'
Traceback (most recent call last):
  File "<string>", line 1, in <module>
ModuleNotFoundError: No module named 'torch'
Traceback (most recent call last):
  File "<string>", line 1, in <module>
ModuleNotFoundError: No module named 'torch'
Traceback (most recent call last):
  File "<string>", line 1, in <module>
Traceback (most recent call last):
  File "<string>", line 1, in <module>
ModuleNotFoundError: No module named 'torch'
Traceback (most recent call last):
  File "<string>", line 1, in <module>
ModuleNotFoundError: No module named 'torch'
Traceback (most recent call last):
  File "<string>", line 1, in <module>
ModuleNotFoundError: No module named 'torch'
Traceback (most recent call last):
  File "<string>", line 1, in <module>
ModuleNotFoundError: No module named 'torch'
Traceback (most recent call last):
  File "<string>", line 1, in <module>
ModuleNotFoundError: No module named 'torch'
ModuleNotFoundError: No module named 'torch'
Traceback (most recent call last):
  File "<string>", line 1, in <module>
ModuleNotFoundError: No module named 'torch'
Traceback (most recent call last):
  File "<string>", line 1, in <module>
ModuleNotFoundError: No module named 'torch'
Traceback (most recent call last):
  File "<string>", line 1, in <module>
ModuleNotFoundError: No module named 'torch'
Traceback (most recent call last):
  File "<string>", line 1, in <module>
ModuleNotFoundError: No module named 'torch'
Traceback (most recent call last):
  File "<string>", line 1, in <module>
ModuleNotFoundError: No module named 'torch'
Traceback (most recent call last):
  File "<string>", line 1, in <module>
ModuleNotFoundError: No module named 'torch'
Traceback (most recent call last):
  File "<string>", line 1, in <module>
ModuleNotFoundError: No module named 'torch'
Traceback (most recent call last):
  File "<string>", line 1, in <module>
ModuleNotFoundError: No module named 'torch'
Traceback (most recent call last):
  File "<string>", line 1, in <module>
ModuleNotFoundError: No module named 'torch'
Traceback (most recent call last):
  File "<string>", line 1, in <module>
ModuleNotFoundError: No module named 'torch'
Traceback (most recent call last):
  File "<string>", line 1, in <module>
ModuleNotFoundError: No module named 'torch'
Traceback (most recent call last):
Traceback (most recent call last):
  File "<string>", line 1, in <module>
ModuleNotFoundError: No module named 'torch'
Traceback (most recent call last):
  File "<string>", line 1, in <module>
ModuleNotFoundError: No module named 'torch'
  File "<string>", line 1, in <module>
Traceback (most recent call last):
  File "<string>", line 1, in <module>
ModuleNotFoundError: No module named 'torch'
ModuleNotFoundError: No module named 'torch'
Traceback (most recent call last):
  File "<string>", line 1, in <module>
ModuleNotFoundError: No module named 'torch'
Traceback (most recent call last):
  File "<string>", line 1, in <module>
ModuleNotFoundError: No module named 'torch'
Traceback (most recent call last):
  File "<string>", line 1, in <module>
ModuleNotFoundError: No module named 'torch'
Traceback (most recent call last):
  File "<string>", line 1, in <module>
ModuleNotFoundError: No module named 'torch'
Traceback (most recent call last):
  File "<string>", line 1, in <module>
ModuleNotFoundError: No module named 'torch'
Traceback (most recent call last):
  File "<string>", line 1, in <module>
ModuleNotFoundError: No module named 'torch'
Traceback (most recent call last):
  File "<string>", line 1, in <module>
ModuleNotFoundError: No module named 'torch'
Traceback (most recent call last):
  File "<string>", line 1, in <module>
ModuleNotFoundError: No module named 'torch'
Traceback (most recent call last):
  File "<string>", line 1, in <module>
ModuleNotFoundError: No module named 'torch'
Traceback (most recent call last):
  File "<string>", line 1, in <module>
ModuleNotFoundError: No module named 'torch'
Traceback (most recent call last):
  File "<string>", line 1, in <module>
ModuleNotFoundError: No module named 'torch'
Traceback (most recent call last):
  File "<string>", line 1, in <module>
ModuleNotFoundError: No module named 'torch'
Traceback (most recent call last):
  File "<string>", line 1, in <module>
ModuleNotFoundError: No module named 'torch'
Traceback (most recent call last):
  File "<string>", line 1, in <module>
ModuleNotFoundError: No module named 'torch'
Traceback (most recent call last):
  File "<string>", line 1, in <module>
ModuleNotFoundError: No module named 'torch'
Traceback (most recent call last):
  File "<string>", line 1, in <module>
ModuleNotFoundError: No module named 'torch'
Traceback (most recent call last):
  File "<string>", line 1, in <module>
ModuleNotFoundError: No module named 'torch'
Traceback (most recent call last):
  File "<string>", line 1, in <module>
ModuleNotFoundError: No module named 'torch'
Traceback (most recent call last):
  File "<string>", line 1, in <module>
ModuleNotFoundError: No module named 'torch'
Traceback (most recent call last):
  File "<string>", line 1, in <module>
ModuleNotFoundError: No module named 'torch'
Traceback (most recent call last):
  File "<string>", line 1, in <module>
ModuleNotFoundError: No module named 'torch'
Traceback (most recent call last):
  File "<string>", line 1, in <module>
ModuleNotFoundError: No module named 'torch'
Traceback (most recent call last):
  File "<string>", line 1, in <module>
ModuleNotFoundError: No module named 'torch'
Traceback (most recent call last):
  File "<string>", line 1, in <module>
ModuleNotFoundError: No module named 'torch'
Traceback (most recent call last):
  File "<string>", line 1, in <module>
ModuleNotFoundError: No module named 'torch'
Traceback (most recent call last):
  File "<string>", line 1, in <module>
ModuleNotFoundError: No module named 'torch'
Traceback (most recent call last):
  File "<string>", line 1, in <module>
ModuleNotFoundError: No module named 'torch'
Traceback (most recent call last):
  File "<string>", line 1, in <module>
ModuleNotFoundError: No module named 'torch'
Traceback (most recent call last):
  File "<string>", line 1, in <module>
ModuleNotFoundError: No module named 'torch'
Traceback (most recent call last):
  File "<string>", line 1, in <module>
ModuleNotFoundError: No module named 'torch'
Traceback (most recent call last):
  File "<string>", line 1, in <module>
ModuleNotFoundError: No module named 'torch'
Traceback (most recent call last):
  File "<string>", line 1, in <module>
Traceback (most recent call last):
  File "<string>", line 1, in <module>
ModuleNotFoundError: No module named 'torch'
Traceback (most recent call last):
  File "<string>", line 1, in <module>
ModuleNotFoundError: No module named 'torch'
Traceback (most recent call last):
  File "<string>", line 1, in <module>
ModuleNotFoundError: No module named 'torch'
Traceback (most recent call last):
  File "<string>", line 1, in <module>
ModuleNotFoundError: No module named 'torch'
Traceback (most recent call last):
  File "<string>", line 1, in <module>
ModuleNotFoundError: No module named 'torch'
Traceback (most recent call last):
  File "<string>", line 1, in <module>
ModuleNotFoundError: No module named 'torch'
Traceback (most recent call last):
  File "<string>", line 1, in <module>
ModuleNotFoundError: No module named 'torch'
Traceback (most recent call last):
  File "<string>", line 1, in <module>
Traceback (most recent call last):
  File "<string>", line 1, in <module>
ModuleNotFoundError: No module named 'torch'
ModuleNotFoundError: No module named 'torch'
Traceback (most recent call last):
  File "<string>", line 1, in <module>
ModuleNotFoundError: No module named 'torch'
Traceback (most recent call last):
  File "<string>", line 1, in <module>
Traceback (most recent call last):
  File "<string>", line 1, in <module>
ModuleNotFoundError: No module named 'torch'
ModuleNotFoundError: No module named 'torch'
Traceback (most recent call last):
  File "<string>", line 1, in <module>
ModuleNotFoundError: No module named 'torch'
Traceback (most recent call last):
  File "<string>", line 1, in <module>
ModuleNotFoundError: No module named 'torch'
ModuleNotFoundError: No module named 'torch'
Traceback (most recent call last):
  File "<string>", line 1, in <module>
ModuleNotFoundError: No module named 'torch'
Traceback (most recent call last):
  File "<string>", line 1, in <module>
ModuleNotFoundError: No module named 'torch'
Traceback (most recent call last):
  File "<string>", line 1, in <module>
ModuleNotFoundError: No module named 'torch'
Traceback (most recent call last):
  File "<string>", line 1, in <module>
ModuleNotFoundError: No module named 'torch'
Traceback (most recent call last):
  File "<string>", line 1, in <module>
ModuleNotFoundError: No module named 'torch'
Traceback (most recent call last):
  File "<string>", line 1, in <module>
ModuleNotFoundError: No module named 'torch'
Traceback (most recent call last):
  File "<string>", line 1, in <module>
ModuleNotFoundError: No module named 'torch'
Traceback (most recent call last):
  File "<string>", line 1, in <module>
ModuleNotFoundError: No module named 'torch'
Traceback (most recent call last):
  File "<string>", line 1, in <module>
ModuleNotFoundError: No module named 'torch'
Traceback (most recent call last):
  File "<string>", line 1, in <module>
ModuleNotFoundError: No module named 'torch'
Traceback (most recent call last):
  File "<string>", line 1, in <module>
Traceback (most recent call last):
  File "<string>", line 1, in <module>
ModuleNotFoundError: No module named 'torch'
Traceback (most recent call last):
  File "<string>", line 1, in <module>
ModuleNotFoundError: No module named 'torch'
ModuleNotFoundError: No module named 'torch'
Traceback (most recent call last):
  File "<string>", line 1, in <module>
ModuleNotFoundError: No module named 'torch'
Traceback (most recent call last):
  File "<string>", line 1, in <module>
ModuleNotFoundError: No module named 'torch'
Traceback (most recent call last):
  File "<string>", line 1, in <module>
ModuleNotFoundError: No module named 'torch'
Traceback (most recent call last):
  File "<string>", line 1, in <module>
ModuleNotFoundError: No module named 'torch'
Traceback (most recent call last):
  File "<string>", line 1, in <module>
ModuleNotFoundError: No module named 'torch'
Traceback (most recent call last):
  File "<string>", line 1, in <module>
ModuleNotFoundError: No module named 'torch'
Traceback (most recent call last):
  File "<string>", line 1, in <module>
ModuleNotFoundError: No module named 'torch'
Traceback (most recent call last):
  File "<string>", line 1, in <module>
ModuleNotFoundError: No module named 'torch'
Traceback (most recent call last):
  File "<string>", line 1, in <module>
ModuleNotFoundError: No module named 'torch'
Traceback (most recent call last):
  File "<string>", line 1, in <module>
ModuleNotFoundError: No module named 'torch'
Traceback (most recent call last):
  File "<string>", line 1, in <module>
ModuleNotFoundError: No module named 'torch'
Traceback (most recent call last):
  File "<string>", line 1, in <module>
ModuleNotFoundError: No module named 'torch'
Traceback (most recent call last):
  File "<string>", line 1, in <module>
ModuleNotFoundError: No module named 'torch'
Traceback (most recent call last):
  File "<string>", line 1, in <module>
ModuleNotFoundError: No module named 'torch'
Traceback (most recent call last):
  File "<string>", line 1, in <module>
ModuleNotFoundError: No module named 'torch'
Traceback (most recent call last):
  File "<string>", line 1, in <module>
ModuleNotFoundError: No module named 'torch'
Traceback (most recent call last):
  File "<string>", line 1, in <module>
ModuleNotFoundError: No module named 'torch'
Traceback (most recent call last):
  File "<string>", line 1, in <module>
ModuleNotFoundError: No module named 'torch'
Traceback (most recent call last):
  File "<string>", line 1, in <module>
ModuleNotFoundError: No module named 'torch'
Traceback (most recent call last):
  File "<string>", line 1, in <module>
ModuleNotFoundError: No module named 'torch'
Traceback (most recent call last):
  File "<string>", line 1, in <module>
ModuleNotFoundError: No module named 'torch'
Traceback (most recent call last):
  File "<string>", line 1, in <module>
ModuleNotFoundError: No module named 'torch'
Traceback (most recent call last):
  File "<string>", line 1, in <module>
ModuleNotFoundError: No module named 'torch'
Traceback (most recent call last):
  File "<string>", line 1, in <module>
ModuleNotFoundError: No module named 'torch'
Traceback (most recent call last):
  File "<string>", line 1, in <module>
ModuleNotFoundError: No module named 'torch'
Traceback (most recent call last):
  File "<string>", line 1, in <module>
ModuleNotFoundError: No module named 'torch'
Traceback (most recent call last):
  File "<string>", line 1, in <module>
ModuleNotFoundError: No module named 'torch'
Traceback (most recent call last):
  File "<string>", line 1, in <module>
ModuleNotFoundError: No module named 'torch'
Traceback (most recent call last):
  File "<string>", line 1, in <module>
ModuleNotFoundError: No module named 'torch'
Traceback (most recent call last):
  File "<string>", line 1, in <module>
ModuleNotFoundError: No module named 'torch'
Traceback (most recent call last):
  File "<string>", line 1, in <module>
ModuleNotFoundError: No module named 'torch'
Traceback (most recent call last):
  File "<string>", line 1, in <module>
ModuleNotFoundError: No module named 'torch'
Traceback (most recent call last):
  File "<string>", line 1, in <module>
ModuleNotFoundError: No module named 'torch'
Traceback (most recent call last):
  File "<string>", line 1, in <module>
ModuleNotFoundError: No module named 'torch'
Traceback (most recent call last):
  File "<string>", line 1, in <module>
ModuleNotFoundError: No module named 'torch'
Traceback (most recent call last):
  File "<string>", line 1, in <module>
ModuleNotFoundError: No module named 'torch'
Traceback (most recent call last):
  File "<string>", line 1, in <module>
ModuleNotFoundError: No module named 'torch'
Traceback (most recent call last):
  File "<string>", line 1, in <module>
ModuleNotFoundError: No module named 'torch'
Traceback (most recent call last):
  File "<string>", line 1, in <module>
ModuleNotFoundError: No module named 'torch'
Traceback (most recent call last):
  File "<string>", line 1, in <module>
ModuleNotFoundError: No module named 'torch'
Traceback (most recent call last):
  File "<string>", line 1, in <module>
ModuleNotFoundError: No module named 'torch'
Traceback (most recent call last):
  File "<string>", line 1, in <module>
ModuleNotFoundError: No module named 'torch'
Traceback (most recent call last):
  File "<string>", line 1, in <module>
Traceback (most recent call last):
  File "<string>", line 1, in <module>
ModuleNotFoundError: No module named 'torch'
Traceback (most recent call last):
  File "<string>", line 1, in <module>
ModuleNotFoundError: No module named 'torch'
Traceback (most recent call last):
  File "<string>", line 1, in <module>
ModuleNotFoundError: No module named 'torch'
ModuleNotFoundError: No module named 'torch'
Traceback (most recent call last):
  File "<string>", line 1, in <module>
ModuleNotFoundError: No module named 'torch'
Traceback (most recent call last):
  File "<string>", line 1, in <module>
ModuleNotFoundError: No module named 'torch'
Traceback (most recent call last):
  File "<string>", line 1, in <module>
Traceback (most recent call last):
  File "<string>", line 1, in <module>
ModuleNotFoundError: No module named 'torch'
Traceback (most recent call last):
  File "<string>", line 1, in <module>
ModuleNotFoundError: No module named 'torch'
Traceback (most recent call last):
  File "<string>", line 1, in <module>
ModuleNotFoundError: No module named 'torch'
Traceback (most recent call last):
  File "<string>", line 1, in <module>
ModuleNotFoundError: No module named 'torch'
ModuleNotFoundError: No module named 'torch'
Traceback (most recent call last):
  File "<string>", line 1, in <module>
ModuleNotFoundError: No module named 'torch'
Traceback (most recent call last):
  File "<string>", line 1, in <module>
ModuleNotFoundError: No module named 'torch'
Traceback (most recent call last):
  File "<string>", line 1, in <module>
ModuleNotFoundError: No module named 'torch'
Traceback (most recent call last):
  File "<string>", line 1, in <module>
ModuleNotFoundError: No module named 'torch'
Traceback (most recent call last):
Traceback (most recent call last):
  File "<string>", line 1, in <module>
ModuleNotFoundError: No module named 'torch'
Traceback (most recent call last):
  File "<string>", line 1, in <module>
Traceback (most recent call last):
  File "<string>", line 1, in <module>
ModuleNotFoundError: No module named 'torch'
Traceback (most recent call last):
  File "<string>", line 1, in <module>
ModuleNotFoundError: No module named 'torch'
  File "<string>", line 1, in <module>
ModuleNotFoundError: No module named 'torch'
Traceback (most recent call last):
  File "<string>", line 1, in <module>
ModuleNotFoundError: No module named 'torch'
ModuleNotFoundError: No module named 'torch'
Traceback (most recent call last):
  File "<string>", line 1, in <module>
ModuleNotFoundError: No module named 'torch'
Traceback (most recent call last):
  File "<string>", line 1, in <module>
ModuleNotFoundError: No module named 'torch'
Traceback (most recent call last):
  File "<string>", line 1, in <module>
ModuleNotFoundError: No module named 'torch'
Traceback (most recent call last):
  File "<string>", line 1, in <module>
ModuleNotFoundError: No module named 'torch'
Traceback (most recent call last):
  File "<string>", line 1, in <module>
ModuleNotFoundError: No module named 'torch'
Traceback (most recent call last):
  File "<string>", line 1, in <module>
ModuleNotFoundError: No module named 'torch'
Traceback (most recent call last):
  File "<string>", line 1, in <module>
ModuleNotFoundError: No module named 'torch'
Traceback (most recent call last):
  File "<string>", line 1, in <module>
ModuleNotFoundError: No module named 'torch'
Traceback (most recent call last):
  File "<string>", line 1, in <module>
ModuleNotFoundError: No module named 'torch'
Traceback (most recent call last):
  File "<string>", line 1, in <module>
ModuleNotFoundError: No module named 'torch'
Traceback (most recent call last):
  File "<string>", line 1, in <module>
ModuleNotFoundError: No module named 'torch'
Traceback (most recent call last):
  File "<string>", line 1, in <module>
ModuleNotFoundError: No module named 'torch'
Traceback (most recent call last):
  File "<string>", line 1, in <module>
ModuleNotFoundError: No module named 'torch'
Traceback (most recent call last):
  File "<string>", line 1, in <module>
ModuleNotFoundError: No module named 'torch'
Traceback (most recent call last):
  File "<string>", line 1, in <module>
Traceback (most recent call last):
  File "<string>", line 1, in <module>
ModuleNotFoundError: No module named 'torch'
ModuleNotFoundError: No module named 'torch'
Traceback (most recent call last):
  File "<string>", line 1, in <module>
ModuleNotFoundError: No module named 'torch'
Traceback (most recent call last):
  File "<string>", line 1, in <module>
ModuleNotFoundError: No module named 'torch'
Traceback (most recent call last):
  File "<string>", line 1, in <module>
ModuleNotFoundError: No module named 'torch'
Traceback (most recent call last):
  File "<string>", line 1, in <module>
ModuleNotFoundError: No module named 'torch'
Traceback (most recent call last):
  File "<string>", line 1, in <module>
ModuleNotFoundError: No module named 'torch'
Traceback (most recent call last):
  File "<string>", line 1, in <module>
ModuleNotFoundError: No module named 'torch'
Traceback (most recent call last):
  File "<string>", line 1, in <module>
ModuleNotFoundError: No module named 'torch'
Traceback (most recent call last):
  File "<string>", line 1, in <module>
ModuleNotFoundError: No module named 'torch'
Traceback (most recent call last):
  File "<string>", line 1, in <module>
ModuleNotFoundError: No module named 'torch'
Traceback (most recent call last):
  File "<string>", line 1, in <module>
ModuleNotFoundError: No module named 'torch'
Traceback (most recent call last):
  File "<string>", line 1, in <module>
ModuleNotFoundError: No module named 'torch'
Traceback (most recent call last):
  File "<string>", line 1, in <module>
ModuleNotFoundError: No module named 'torch'
Traceback (most recent call last):
  File "<string>", line 1, in <module>
ModuleNotFoundError: No module named 'torch'
Traceback (most recent call last):
  File "<string>", line 1, in <module>
ModuleNotFoundError: No module named 'torch'
Traceback (most recent call last):
  File "<string>", line 1, in <module>
ModuleNotFoundError: No module named 'torch'
Traceback (most recent call last):
  File "<string>", line 1, in <module>
ModuleNotFoundError: No module named 'torch'
Traceback (most recent call last):
  File "<string>", line 1, in <module>
ModuleNotFoundError: No module named 'torch'
Traceback (most recent call last):
  File "<string>", line 1, in <module>
ModuleNotFoundError: No module named 'torch'
Traceback (most recent call last):
  File "<string>", line 1, in <module>
ModuleNotFoundError: No module named 'torch'
Traceback (most recent call last):
  File "<string>", line 1, in <module>
ModuleNotFoundError: No module named 'torch'
Traceback (most recent call last):
  File "<string>", line 1, in <module>
ModuleNotFoundError: No module named 'torch'
Traceback (most recent call last):
  File "<string>", line 1, in <module>
ModuleNotFoundError: No module named 'torch'
Traceback (most recent call last):
  File "<string>", line 1, in <module>
ModuleNotFoundError: No module named 'torch'
Traceback (most recent call last):
  File "<string>", line 1, in <module>
ModuleNotFoundError: No module named 'torch'
Traceback (most recent call last):
  File "<string>", line 1, in <module>
ModuleNotFoundError: No module named 'torch'
Traceback (most recent call last):
  File "<string>", line 1, in <module>
ModuleNotFoundError: No module named 'torch'
Traceback (most recent call last):
  File "<string>", line 1, in <module>
ModuleNotFoundError: No module named 'torch'
Traceback (most recent call last):
  File "<string>", line 1, in <module>
ModuleNotFoundError: No module named 'torch'
Traceback (most recent call last):
  File "<string>", line 1, in <module>
ModuleNotFoundError: No module named 'torch'
Traceback (most recent call last):
  File "<string>", line 1, in <module>
ModuleNotFoundError: No module named 'torch'
Traceback (most recent call last):
  File "<string>", line 1, in <module>
ModuleNotFoundError: No module named 'torch'
Traceback (most recent call last):
  File "<string>", line 1, in <module>
ModuleNotFoundError: No module named 'torch'
Traceback (most recent call last):
  File "<string>", line 1, in <module>
ModuleNotFoundError: No module named 'torch'
Traceback (most recent call last):
  File "<string>", line 1, in <module>
ModuleNotFoundError: No module named 'torch'
Traceback (most recent call last):
  File "<string>", line 1, in <module>
ModuleNotFoundError: No module named 'torch'
Traceback (most recent call last):
  File "<string>", line 1, in <module>
ModuleNotFoundError: No module named 'torch'
Traceback (most recent call last):
  File "<string>", line 1, in <module>
ModuleNotFoundError: No module named 'torch'
Traceback (most recent call last):
  File "<string>", line 1, in <module>
ModuleNotFoundError: No module named 'torch'
Traceback (most recent call last):
  File "<string>", line 1, in <module>
ModuleNotFoundError: No module named 'torch'
Traceback (most recent call last):
  File "<string>", line 1, in <module>
ModuleNotFoundError: No module named 'torch'
Traceback (most recent call last):
  File "<string>", line 1, in <module>
ModuleNotFoundError: No module named 'torch'
Traceback (most recent call last):
  File "<string>", line 1, in <module>
Traceback (most recent call last):
  File "<string>", line 1, in <module>
ModuleNotFoundError: No module named 'torch'
Traceback (most recent call last):
  File "<string>", line 1, in <module>
ModuleNotFoundError: No module named 'torch'
ModuleNotFoundError: No module named 'torch'
Traceback (most recent call last):
  File "<string>", line 1, in <module>
ModuleNotFoundError: No module named 'torch'
Traceback (most recent call last):
  File "<string>", line 1, in <module>
ModuleNotFoundError: No module named 'torch'
Traceback (most recent call last):
  File "<string>", line 1, in <module>
ModuleNotFoundError: No module named 'torch'
Traceback (most recent call last):
  File "<string>", line 1, in <module>
ModuleNotFoundError: No module named 'torch'
Traceback (most recent call last):
  File "<string>", line 1, in <module>
ModuleNotFoundError: No module named 'torch'
Traceback (most recent call last):
  File "<string>", line 1, in <module>
ModuleNotFoundError: No module named 'torch'
Traceback (most recent call last):
  File "<string>", line 1, in <module>
ModuleNotFoundError: No module named 'torch'
Traceback (most recent call last):
  File "<string>", line 1, in <module>
ModuleNotFoundError: No module named 'torch'
Traceback (most recent call last):
  File "<string>", line 1, in <module>
ModuleNotFoundError: No module named 'torch'
Traceback (most recent call last):
  File "<string>", line 1, in <module>
ModuleNotFoundError: No module named 'torch'
Traceback (most recent call last):
  File "<string>", line 1, in <module>
ModuleNotFoundError: No module named 'torch'
Traceback (most recent call last):
  File "<string>", line 1, in <module>
ModuleNotFoundError: No module named 'torch'
Traceback (most recent call last):
  File "<string>", line 1, in <module>
ModuleNotFoundError: No module named 'torch'
Traceback (most recent call last):
  File "<string>", line 1, in <module>
ModuleNotFoundError: No module named 'torch'
Traceback (most recent call last):
  File "<string>", line 1, in <module>
ModuleNotFoundError: No module named 'torch'
Traceback (most recent call last):
  File "<string>", line 1, in <module>
ModuleNotFoundError: No module named 'torch'
Traceback (most recent call last):
  File "<string>", line 1, in <module>
ModuleNotFoundError: No module named 'torch'
Traceback (most recent call last):
  File "<string>", line 1, in <module>
ModuleNotFoundError: No module named 'torch'
Traceback (most recent call last):
  File "<string>", line 1, in <module>
ModuleNotFoundError: No module named 'torch'
Traceback (most recent call last):
  File "<string>", line 1, in <module>
ModuleNotFoundError: No module named 'torch'
Traceback (most recent call last):
  File "<string>", line 1, in <module>
Traceback (most recent call last):
  File "<string>", line 1, in <module>
ModuleNotFoundError: No module named 'torch'
Traceback (most recent call last):
  File "<string>", line 1, in <module>
ModuleNotFoundError: No module named 'torch'
Traceback (most recent call last):
  File "<string>", line 1, in <module>
ModuleNotFoundError: No module named 'torch'
ModuleNotFoundError: No module named 'torch'
Traceback (most recent call last):
  File "<string>", line 1, in <module>
ModuleNotFoundError: No module named 'torch'
Traceback (most recent call last):
  File "<string>", line 1, in <module>
ModuleNotFoundError: No module named 'torch'
Traceback (most recent call last):
  File "<string>", line 1, in <module>
ModuleNotFoundError: No module named 'torch'
Traceback (most recent call last):
  File "<string>", line 1, in <module>
ModuleNotFoundError: No module named 'torch'
Traceback (most recent call last):
  File "<string>", line 1, in <module>
ModuleNotFoundError: No module named 'torch'
Traceback (most recent call last):
  File "<string>", line 1, in <module>
ModuleNotFoundError: No module named 'torch'
Traceback (most recent call last):
  File "<string>", line 1, in <module>
ModuleNotFoundError: No module named 'torch'
Traceback (most recent call last):
  File "<string>", line 1, in <module>
ModuleNotFoundError: No module named 'torch'
Traceback (most recent call last):
  File "<string>", line 1, in <module>
ModuleNotFoundError: No module named 'torch'
Traceback (most recent call last):
  File "<string>", line 1, in <module>
ModuleNotFoundError: No module named 'torch'
Traceback (most recent call last):
  File "<string>", line 1, in <module>
ModuleNotFoundError: No module named 'torch'
Traceback (most recent call last):
  File "<string>", line 1, in <module>
ModuleNotFoundError: No module named 'torch'
Traceback (most recent call last):
  File "<string>", line 1, in <module>
ModuleNotFoundError: No module named 'torch'
Traceback (most recent call last):
  File "<string>", line 1, in <module>
ModuleNotFoundError: No module named 'torch'
Traceback (most recent call last):
  File "<string>", line 1, in <module>
ModuleNotFoundError: No module named 'torch'
Traceback (most recent call last):
  File "<string>", line 1, in <module>
ModuleNotFoundError: No module named 'torch'
Traceback (most recent call last):
  File "<string>", line 1, in <module>
ModuleNotFoundError: No module named 'torch'
Traceback (most recent call last):
  File "<string>", line 1, in <module>
ModuleNotFoundError: No module named 'torch'
Traceback (most recent call last):
  File "<string>", line 1, in <module>
ModuleNotFoundError: No module named 'torch'
Traceback (most recent call last):
  File "<string>", line 1, in <module>
ModuleNotFoundError: No module named 'torch'
Traceback (most recent call last):
  File "<string>", line 1, in <module>
ModuleNotFoundError: No module named 'torch'
Traceback (most recent call last):
  File "<string>", line 1, in <module>
ModuleNotFoundError: No module named 'torch'
Traceback (most recent call last):
  File "<string>", line 1, in <module>
ModuleNotFoundError: No module named 'torch'
Traceback (most recent call last):
  File "<string>", line 1, in <module>
ModuleNotFoundError: No module named 'torch'
Traceback (most recent call last):
  File "<string>", line 1, in <module>
ModuleNotFoundError: No module named 'torch'
Traceback (most recent call last):
  File "<string>", line 1, in <module>
ModuleNotFoundError: No module named 'torch'
Traceback (most recent call last):
  File "<string>", line 1, in <module>
ModuleNotFoundError: No module named 'torch'
Traceback (most recent call last):
  File "<string>", line 1, in <module>
ModuleNotFoundError: No module named 'torch'
Traceback (most recent call last):
  File "<string>", line 1, in <module>
ModuleNotFoundError: No module named 'torch'
Traceback (most recent call last):
  File "<string>", line 1, in <module>
ModuleNotFoundError: No module named 'torch'
Traceback (most recent call last):
  File "<string>", line 1, in <module>
ModuleNotFoundError: No module named 'torch'
Traceback (most recent call last):
  File "<string>", line 1, in <module>
ModuleNotFoundError: No module named 'torch'
Traceback (most recent call last):
  File "<string>", line 1, in <module>
ModuleNotFoundError: No module named 'torch'
Traceback (most recent call last):
  File "<string>", line 1, in <module>
ModuleNotFoundError: No module named 'torch'
Traceback (most recent call last):
  File "<string>", line 1, in <module>
ModuleNotFoundError: No module named 'torch'
Traceback (most recent call last):
  File "<string>", line 1, in <module>
ModuleNotFoundError: No module named 'torch'
Traceback (most recent call last):
Traceback (most recent call last):
  File "<string>", line 1, in <module>
ModuleNotFoundError: No module named 'torch'
Traceback (most recent call last):
  File "<string>", line 1, in <module>
ModuleNotFoundError: No module named 'torch'
  File "<string>", line 1, in <module>
ModuleNotFoundError: No module named 'torch'
Traceback (most recent call last):
  File "<string>", line 1, in <module>
ModuleNotFoundError: No module named 'torch'
Traceback (most recent call last):
  File "<string>", line 1, in <module>
ModuleNotFoundError: No module named 'torch'
Traceback (most recent call last):
  File "<string>", line 1, in <module>
ModuleNotFoundError: No module named 'torch'
Traceback (most recent call last):
  File "<string>", line 1, in <module>
ModuleNotFoundError: No module named 'torch'
Traceback (most recent call last):
  File "<string>", line 1, in <module>
ModuleNotFoundError: No module named 'torch'
Traceback (most recent call last):
  File "<string>", line 1, in <module>
ModuleNotFoundError: No module named 'torch'
Traceback (most recent call last):
  File "<string>", line 1, in <module>
ModuleNotFoundError: No module named 'torch'
Traceback (most recent call last):
  File "<string>", line 1, in <module>
ModuleNotFoundError: No module named 'torch'
Traceback (most recent call last):
  File "<string>", line 1, in <module>
ModuleNotFoundError: No module named 'torch'
Traceback (most recent call last):
  File "<string>", line 1, in <module>
ModuleNotFoundError: No module named 'torch'
Traceback (most recent call last):
  File "<string>", line 1, in <module>
ModuleNotFoundError: No module named 'torch'
Traceback (most recent call last):
  File "<string>", line 1, in <module>
ModuleNotFoundError: No module named 'torch'
Traceback (most recent call last):
  File "<string>", line 1, in <module>
ModuleNotFoundError: No module named 'torch'
Traceback (most recent call last):
  File "<string>", line 1, in <module>
ModuleNotFoundError: No module named 'torch'
Traceback (most recent call last):
  File "<string>", line 1, in <module>
ModuleNotFoundError: No module named 'torch'
Traceback (most recent call last):
  File "<string>", line 1, in <module>
ModuleNotFoundError: No module named 'torch'
Traceback (most recent call last):
  File "<string>", line 1, in <module>
ModuleNotFoundError: No module named 'torch'
Traceback (most recent call last):
  File "<string>", line 1, in <module>
ModuleNotFoundError: No module named 'torch'
Traceback (most recent call last):
  File "<string>", line 1, in <module>
ModuleNotFoundError: No module named 'torch'
Traceback (most recent call last):
  File "<string>", line 1, in <module>
ModuleNotFoundError: No module named 'torch'
Traceback (most recent call last):
  File "<string>", line 1, in <module>
ModuleNotFoundError: No module named 'torch'
Traceback (most recent call last):
  File "<string>", line 1, in <module>
ModuleNotFoundError: No module named 'torch'
Traceback (most recent call last):
  File "<string>", line 1, in <module>
ModuleNotFoundError: No module named 'torch'
Traceback (most recent call last):
  File "<string>", line 1, in <module>
ModuleNotFoundError: No module named 'torch'
Traceback (most recent call last):
  File "<string>", line 1, in <module>
ModuleNotFoundError: No module named 'torch'
Traceback (most recent call last):
  File "<string>", line 1, in <module>
ModuleNotFoundError: No module named 'torch'
Traceback (most recent call last):
  File "<string>", line 1, in <module>
ModuleNotFoundError: No module named 'torch'
Traceback (most recent call last):
  File "<string>", line 1, in <module>
ModuleNotFoundError: No module named 'torch'
Traceback (most recent call last):
  File "<string>", line 1, in <module>
ModuleNotFoundError: No module named 'torch'
Traceback (most recent call last):
  File "<string>", line 1, in <module>
ModuleNotFoundError: No module named 'torch'
Traceback (most recent call last):
  File "<string>", line 1, in <module>
ModuleNotFoundError: No module named 'torch'
Traceback (most recent call last):
  File "<string>", line 1, in <module>
ModuleNotFoundError: No module named 'torch'
Traceback (most recent call last):
  File "<string>", line 1, in <module>
ModuleNotFoundError: No module named 'torch'
Traceback (most recent call last):
  File "<string>", line 1, in <module>
ModuleNotFoundError: No module named 'torch'
Traceback (most recent call last):
  File "<string>", line 1, in <module>
ModuleNotFoundError: No module named 'torch'
Traceback (most recent call last):
  File "<string>", line 1, in <module>
ModuleNotFoundError: No module named 'torch'
Traceback (most recent call last):
  File "<string>", line 1, in <module>
ModuleNotFoundError: No module named 'torch'
Traceback (most recent call last):
  File "<string>", line 1, in <module>
ModuleNotFoundError: No module named 'torch'
Traceback (most recent call last):
  File "<string>", line 1, in <module>
ModuleNotFoundError: No module named 'torch'
Traceback (most recent call last):
  File "<string>", line 1, in <module>
ModuleNotFoundError: No module named 'torch'
Traceback (most recent call last):
  File "<string>", line 1, in <module>
ModuleNotFoundError: No module named 'torch'
Traceback (most recent call last):
  File "<string>", line 1, in <module>
ModuleNotFoundError: No module named 'torch'
Traceback (most recent call last):
  File "<string>", line 1, in <module>
ModuleNotFoundError: No module named 'torch'
Traceback (most recent call last):
  File "<string>", line 1, in <module>
ModuleNotFoundError: No module named 'torch'
Traceback (most recent call last):
  File "<string>", line 1, in <module>
ModuleNotFoundError: No module named 'torch'
Traceback (most recent call last):
  File "<string>", line 1, in <module>
ModuleNotFoundError: No module named 'torch'
Traceback (most recent call last):
  File "<string>", line 1, in <module>
ModuleNotFoundError: No module named 'torch'
Traceback (most recent call last):
  File "<string>", line 1, in <module>
ModuleNotFoundError: No module named 'torch'
Traceback (most recent call last):
  File "<string>", line 1, in <module>
ModuleNotFoundError: No module named 'torch'
Traceback (most recent call last):
  File "<string>", line 1, in <module>
ModuleNotFoundError: No module named 'torch'
Traceback (most recent call last):
  File "<string>", line 1, in <module>
ModuleNotFoundError: No module named 'torch'
Traceback (most recent call last):
  File "<string>", line 1, in <module>
ModuleNotFoundError: No module named 'torch'
Traceback (most recent call last):
  File "<string>", line 1, in <module>
ModuleNotFoundError: No module named 'torch'
Traceback (most recent call last):
  File "<string>", line 1, in <module>
ModuleNotFoundError: No module named 'torch'
Traceback (most recent call last):
  File "<string>", line 1, in <module>
ModuleNotFoundError: No module named 'torch'
Traceback (most recent call last):
  File "<string>", line 1, in <module>
Traceback (most recent call last):
  File "<string>", line 1, in <module>
ModuleNotFoundError: No module named 'torch'
ModuleNotFoundError: No module named 'torch'
Traceback (most recent call last):
  File "<string>", line 1, in <module>
ModuleNotFoundError: No module named 'torch'
Traceback (most recent call last):
  File "<string>", line 1, in <module>
ModuleNotFoundError: No module named 'torch'
Traceback (most recent call last):
  File "<string>", line 1, in <module>
ModuleNotFoundError: No module named 'torch'
Traceback (most recent call last):
Traceback (most recent call last):
  File "<string>", line 1, in <module>
ModuleNotFoundError: No module named 'torch'
  File "<string>", line 1, in <module>
Traceback (most recent call last):
  File "<string>", line 1, in <module>
ModuleNotFoundError: No module named 'torch'
Traceback (most recent call last):
  File "<string>", line 1, in <module>
ModuleNotFoundError: No module named 'torch'
Traceback (most recent call last):
  File "<string>", line 1, in <module>
ModuleNotFoundError: No module named 'torch'
Traceback (most recent call last):
  File "<string>", line 1, in <module>
ModuleNotFoundError: No module named 'torch'
Traceback (most recent call last):
  File "<string>", line 1, in <module>
ModuleNotFoundError: No module named 'torch'
ModuleNotFoundError: No module named 'torch'
Traceback (most recent call last):
Traceback (most recent call last):
  File "<string>", line 1, in <module>
ModuleNotFoundError: No module named 'torch'
Traceback (most recent call last):
  File "<string>", line 1, in <module>
Traceback (most recent call last):
  File "<string>", line 1, in <module>
ModuleNotFoundError: No module named 'torch'
Traceback (most recent call last):
  File "<string>", line 1, in <module>
ModuleNotFoundError: No module named 'torch'
Traceback (most recent call last):
  File "<string>", line 1, in <module>
ModuleNotFoundError: No module named 'torch'
  File "<string>", line 1, in <module>
Traceback (most recent call last):
  File "<string>", line 1, in <module>
ModuleNotFoundError: No module named 'torch'
ModuleNotFoundError: No module named 'torch'
Traceback (most recent call last):
  File "<string>", line 1, in <module>
ModuleNotFoundError: No module named 'torch'
ModuleNotFoundError: No module named 'torch'
Traceback (most recent call last):
  File "<string>", line 1, in <module>
ModuleNotFoundError: No module named 'torch'
Traceback (most recent call last):
  File "<string>", line 1, in <module>
ModuleNotFoundError: No module named 'torch'
Traceback (most recent call last):
  File "<string>", line 1, in <module>
ModuleNotFoundError: No module named 'torch'
Traceback (most recent call last):
  File "<string>", line 1, in <module>
ModuleNotFoundError: No module named 'torch'
Traceback (most recent call last):
  File "<string>", line 1, in <module>
ModuleNotFoundError: No module named 'torch'
Traceback (most recent call last):
  File "<string>", line 1, in <module>
ModuleNotFoundError: No module named 'torch'
Traceback (most recent call last):
  File "<string>", line 1, in <module>
ModuleNotFoundError: No module named 'torch'
Traceback (most recent call last):
Traceback (most recent call last):
  File "<string>", line 1, in <module>
ModuleNotFoundError: No module named 'torch'
Traceback (most recent call last):
  File "<string>", line 1, in <module>
ModuleNotFoundError: No module named 'torch'
  File "<string>", line 1, in <module>
Traceback (most recent call last):
  File "<string>", line 1, in <module>
ModuleNotFoundError: No module named 'torch'
Traceback (most recent call last):
  File "<string>", line 1, in <module>
ModuleNotFoundError: No module named 'torch'
ModuleNotFoundError: No module named 'torch'
Traceback (most recent call last):
  File "<string>", line 1, in <module>
ModuleNotFoundError: No module named 'torch'
Traceback (most recent call last):
  File "<string>", line 1, in <module>
ModuleNotFoundError: No module named 'torch'
Traceback (most recent call last):
  File "<string>", line 1, in <module>
ModuleNotFoundError: No module named 'torch'
Traceback (most recent call last):
  File "<string>", line 1, in <module>
ModuleNotFoundError: No module named 'torch'
Traceback (most recent call last):
  File "<string>", line 1, in <module>
ModuleNotFoundError: No module named 'torch'
Traceback (most recent call last):
  File "<string>", line 1, in <module>
ModuleNotFoundError: No module named 'torch'
Traceback (most recent call last):
  File "<string>", line 1, in <module>
ModuleNotFoundError: No module named 'torch'
Traceback (most recent call last):
  File "<string>", line 1, in <module>
ModuleNotFoundError: No module named 'torch'
Traceback (most recent call last):
  File "<string>", line 1, in <module>
ModuleNotFoundError: No module named 'torch'
Traceback (most recent call last):
  File "<string>", line 1, in <module>
ModuleNotFoundError: No module named 'torch'
Traceback (most recent call last):
  File "<string>", line 1, in <module>
ModuleNotFoundError: No module named 'torch'
Traceback (most recent call last):
  File "<string>", line 1, in <module>
ModuleNotFoundError: No module named 'torch'
Traceback (most recent call last):
  File "<string>", line 1, in <module>
ModuleNotFoundError: No module named 'torch'
Traceback (most recent call last):
  File "<string>", line 1, in <module>
ModuleNotFoundError: No module named 'torch'
Traceback (most recent call last):
  File "<string>", line 1, in <module>
ModuleNotFoundError: No module named 'torch'
Traceback (most recent call last):
  File "<string>", line 1, in <module>
ModuleNotFoundError: No module named 'torch'
Traceback (most recent call last):
  File "<string>", line 1, in <module>
ModuleNotFoundError: No module named 'torch'
Traceback (most recent call last):
  File "<string>", line 1, in <module>
ModuleNotFoundError: No module named 'torch'
Traceback (most recent call last):
  File "<string>", line 1, in <module>
ModuleNotFoundError: No module named 'torch'
Traceback (most recent call last):
  File "<string>", line 1, in <module>
ModuleNotFoundError: No module named 'torch'
Traceback (most recent call last):
  File "<string>", line 1, in <module>
ModuleNotFoundError: No module named 'torch'
Traceback (most recent call last):
  File "<string>", line 1, in <module>
ModuleNotFoundError: No module named 'torch'
Traceback (most recent call last):
  File "<string>", line 1, in <module>
ModuleNotFoundError: No module named 'torch'
Traceback (most recent call last):
  File "<string>", line 1, in <module>
ModuleNotFoundError: No module named 'torch'
Traceback (most recent call last):
  File "<string>", line 1, in <module>
ModuleNotFoundError: No module named 'torch'
Traceback (most recent call last):
  File "<string>", line 1, in <module>
ModuleNotFoundError: No module named 'torch'
Traceback (most recent call last):
  File "<string>", line 1, in <module>
ModuleNotFoundError: No module named 'torch'
Traceback (most recent call last):
  File "<string>", line 1, in <module>
Traceback (most recent call last):
  File "<string>", line 1, in <module>
ModuleNotFoundError: No module named 'torch'
Traceback (most recent call last):
  File "<string>", line 1, in <module>
ModuleNotFoundError: No module named 'torch'
Traceback (most recent call last):
  File "<string>", line 1, in <module>
ModuleNotFoundError: No module named 'torch'
Traceback (most recent call last):
  File "<string>", line 1, in <module>
ModuleNotFoundError: No module named 'torch'
Traceback (most recent call last):
  File "<string>", line 1, in <module>
ModuleNotFoundError: No module named 'torch'
ModuleNotFoundError: No module named 'torch'
Traceback (most recent call last):
  File "<string>", line 1, in <module>
ModuleNotFoundError: No module named 'torch'
Traceback (most recent call last):
  File "<string>", line 1, in <module>
Traceback (most recent call last):
  File "<string>", line 1, in <module>
ModuleNotFoundError: No module named 'torch'
Traceback (most recent call last):
  File "<string>", line 1, in <module>
ModuleNotFoundError: No module named 'torch'
Traceback (most recent call last):
  File "<string>", line 1, in <module>
ModuleNotFoundError: No module named 'torch'
ModuleNotFoundError: No module named 'torch'
Traceback (most recent call last):
  File "<string>", line 1, in <module>
ModuleNotFoundError: No module named 'torch'
Traceback (most recent call last):
  File "<string>", line 1, in <module>
ModuleNotFoundError: No module named 'torch'
Traceback (most recent call last):
  File "<string>", line 1, in <module>
ModuleNotFoundError: No module named 'torch'
Traceback (most recent call last):
  File "<string>", line 1, in <module>
ModuleNotFoundError: No module named 'torch'
Traceback (most recent call last):
  File "<string>", line 1, in <module>
ModuleNotFoundError: No module named 'torch'
Traceback (most recent call last):
  File "<string>", line 1, in <module>
ModuleNotFoundError: No module named 'torch'
Traceback (most recent call last):
  File "<string>", line 1, in <module>
ModuleNotFoundError: No module named 'torch'
Traceback (most recent call last):
  File "<string>", line 1, in <module>
ModuleNotFoundError: No module named 'torch'
Traceback (most recent call last):
  File "<string>", line 1, in <module>
ModuleNotFoundError: No module named 'torch'
Traceback (most recent call last):
  File "<string>", line 1, in <module>
ModuleNotFoundError: No module named 'torch'
Traceback (most recent call last):
  File "<string>", line 1, in <module>
ModuleNotFoundError: No module named 'torch'
Traceback (most recent call last):
  File "<string>", line 1, in <module>
ModuleNotFoundError: No module named 'torch'
Traceback (most recent call last):
  File "<string>", line 1, in <module>
ModuleNotFoundError: No module named 'torch'
Traceback (most recent call last):
  File "<string>", line 1, in <module>
ModuleNotFoundError: No module named 'torch'
Traceback (most recent call last):
  File "<string>", line 1, in <module>
ModuleNotFoundError: No module named 'torch'
Traceback (most recent call last):
  File "<string>", line 1, in <module>
ModuleNotFoundError: No module named 'torch'
Traceback (most recent call last):
  File "<string>", line 1, in <module>
ModuleNotFoundError: No module named 'torch'
Traceback (most recent call last):
  File "<string>", line 1, in <module>
ModuleNotFoundError: No module named 'torch'
Traceback (most recent call last):
  File "<string>", line 1, in <module>
ModuleNotFoundError: No module named 'torch'
Traceback (most recent call last):
  File "<string>", line 1, in <module>
ModuleNotFoundError: No module named 'torch'
Traceback (most recent call last):
  File "<string>", line 1, in <module>
ModuleNotFoundError: No module named 'torch'
Traceback (most recent call last):
  File "<string>", line 1, in <module>
ModuleNotFoundError: No module named 'torch'
Traceback (most recent call last):
  File "<string>", line 1, in <module>
Traceback (most recent call last):
  File "<string>", line 1, in <module>
ModuleNotFoundError: No module named 'torch'
Traceback (most recent call last):
  File "<string>", line 1, in <module>
ModuleNotFoundError: No module named 'torch'
ModuleNotFoundError: No module named 'torch'
Traceback (most recent call last):
  File "<string>", line 1, in <module>
ModuleNotFoundError: No module named 'torch'
Traceback (most recent call last):
  File "<string>", line 1, in <module>
ModuleNotFoundError: No module named 'torch'
Traceback (most recent call last):
  File "<string>", line 1, in <module>
ModuleNotFoundError: No module named 'torch'
Traceback (most recent call last):
  File "<string>", line 1, in <module>
ModuleNotFoundError: No module named 'torch'
Traceback (most recent call last):
  File "<string>", line 1, in <module>
ModuleNotFoundError: No module named 'torch'
Traceback (most recent call last):
  File "<string>", line 1, in <module>
ModuleNotFoundError: No module named 'torch'
Traceback (most recent call last):
  File "<string>", line 1, in <module>
ModuleNotFoundError: No module named 'torch'
Traceback (most recent call last):
  File "<string>", line 1, in <module>
Traceback (most recent call last):
  File "<string>", line 1, in <module>
ModuleNotFoundError: No module named 'torch'
ModuleNotFoundError: No module named 'torch'
Traceback (most recent call last):
  File "<string>", line 1, in <module>
ModuleNotFoundError: No module named 'torch'
Traceback (most recent call last):
  File "<string>", line 1, in <module>
ModuleNotFoundError: No module named 'torch'
Traceback (most recent call last):
  File "<string>", line 1, in <module>
ModuleNotFoundError: No module named 'torch'
Traceback (most recent call last):
  File "<string>", line 1, in <module>
ModuleNotFoundError: No module named 'torch'
Traceback (most recent call last):
  File "<string>", line 1, in <module>
ModuleNotFoundError: No module named 'torch'
Traceback (most recent call last):
  File "<string>", line 1, in <module>
ModuleNotFoundError: No module named 'torch'
Traceback (most recent call last):
  File "<string>", line 1, in <module>
ModuleNotFoundError: No module named 'torch'
Traceback (most recent call last):
  File "<string>", line 1, in <module>
ModuleNotFoundError: No module named 'torch'
Traceback (most recent call last):
  File "<string>", line 1, in <module>
ModuleNotFoundError: No module named 'torch'
Traceback (most recent call last):
  File "<string>", line 1, in <module>
ModuleNotFoundError: No module named 'torch'
Traceback (most recent call last):
  File "<string>", line 1, in <module>
Traceback (most recent call last):
  File "<string>", line 1, in <module>
ModuleNotFoundError: No module named 'torch'
ModuleNotFoundError: No module named 'torch'
Traceback (most recent call last):
  File "<string>", line 1, in <module>
ModuleNotFoundError: No module named 'torch'
Traceback (most recent call last):
  File "<string>", line 1, in <module>
ModuleNotFoundError: No module named 'torch'
Traceback (most recent call last):
  File "<string>", line 1, in <module>
ModuleNotFoundError: No module named 'torch'
Traceback (most recent call last):
  File "<string>", line 1, in <module>
ModuleNotFoundError: No module named 'torch'
Traceback (most recent call last):
  File "<string>", line 1, in <module>
ModuleNotFoundError: No module named 'torch'
Traceback (most recent call last):
  File "<string>", line 1, in <module>
ModuleNotFoundError: No module named 'torch'
Traceback (most recent call last):
  File "<string>", line 1, in <module>
ModuleNotFoundError: No module named 'torch'
Traceback (most recent call last):
  File "<string>", line 1, in <module>
ModuleNotFoundError: No module named 'torch'
Traceback (most recent call last):
  File "<string>", line 1, in <module>
ModuleNotFoundError: No module named 'torch'
Traceback (most recent call last):
  File "<string>", line 1, in <module>
ModuleNotFoundError: No module named 'torch'
Traceback (most recent call last):
  File "<string>", line 1, in <module>
ModuleNotFoundError: No module named 'torch'
Traceback (most recent call last):
  File "<string>", line 1, in <module>
ModuleNotFoundError: No module named 'torch'
Traceback (most recent call last):
  File "<string>", line 1, in <module>
ModuleNotFoundError: No module named 'torch'
Traceback (most recent call last):
  File "<string>", line 1, in <module>
ModuleNotFoundError: No module named 'torch'
Traceback (most recent call last):
  File "<string>", line 1, in <module>
ModuleNotFoundError: No module named 'torch'
Traceback (most recent call last):
  File "<string>", line 1, in <module>
ModuleNotFoundError: No module named 'torch'
Traceback (most recent call last):
  File "<string>", line 1, in <module>
ModuleNotFoundError: No module named 'torch'
Traceback (most recent call last):
  File "<string>", line 1, in <module>
ModuleNotFoundError: No module named 'torch'
Traceback (most recent call last):
  File "<string>", line 1, in <module>
ModuleNotFoundError: No module named 'torch'
Traceback (most recent call last):
  File "<string>", line 1, in <module>
ModuleNotFoundError: No module named 'torch'
Traceback (most recent call last):
  File "<string>", line 1, in <module>
ModuleNotFoundError: No module named 'torch'
Traceback (most recent call last):
  File "<string>", line 1, in <module>
ModuleNotFoundError: No module named 'torch'
Traceback (most recent call last):
  File "<string>", line 1, in <module>
ModuleNotFoundError: No module named 'torch'
Traceback (most recent call last):
  File "<string>", line 1, in <module>
ModuleNotFoundError: No module named 'torch'
Traceback (most recent call last):
  File "<string>", line 1, in <module>
ModuleNotFoundError: No module named 'torch'
Traceback (most recent call last):
  File "<string>", line 1, in <module>
ModuleNotFoundError: No module named 'torch'
Traceback (most recent call last):
  File "<string>", line 1, in <module>
ModuleNotFoundError: No module named 'torch'
Traceback (most recent call last):
  File "<string>", line 1, in <module>
ModuleNotFoundError: No module named 'torch'
Traceback (most recent call last):
  File "<string>", line 1, in <module>
ModuleNotFoundError: No module named 'torch'
Traceback (most recent call last):
  File "<string>", line 1, in <module>
ModuleNotFoundError: No module named 'torch'
Traceback (most recent call last):
  File "<string>", line 1, in <module>
ModuleNotFoundError: No module named 'torch'
Traceback (most recent call last):
  File "<string>", line 1, in <module>
ModuleNotFoundError: No module named 'torch'
Traceback (most recent call last):
  File "<string>", line 1, in <module>
ModuleNotFoundError: No module named 'torch'
Traceback (most recent call last):
  File "<string>", line 1, in <module>
ModuleNotFoundError: No module named 'torch'
Traceback (most recent call last):
  File "<string>", line 1, in <module>
ModuleNotFoundError: No module named 'torch'
Traceback (most recent call last):
  File "<string>", line 1, in <module>
ModuleNotFoundError: No module named 'torch'
Traceback (most recent call last):
  File "<string>", line 1, in <module>
ModuleNotFoundError: No module named 'torch'
Traceback (most recent call last):
  File "<string>", line 1, in <module>
ModuleNotFoundError: No module named 'torch'
Traceback (most recent call last):
  File "<string>", line 1, in <module>
ModuleNotFoundError: No module named 'torch'
Traceback (most recent call last):
  File "<string>", line 1, in <module>
ModuleNotFoundError: No module named 'torch'
Traceback (most recent call last):
  File "<string>", line 1, in <module>
ModuleNotFoundError: No module named 'torch'
Traceback (most recent call last):
  File "<string>", line 1, in <module>
ModuleNotFoundError: No module named 'torch'
Traceback (most recent call last):
  File "<string>", line 1, in <module>
ModuleNotFoundError: No module named 'torch'
Traceback (most recent call last):
  File "<string>", line 1, in <module>
ModuleNotFoundError: No module named 'torch'
Traceback (most recent call last):
  File "<string>", line 1, in <module>
ModuleNotFoundError: No module named 'torch'
Traceback (most recent call last):
  File "<string>", line 1, in <module>
ModuleNotFoundError: No module named 'torch'
Traceback (most recent call last):
  File "<string>", line 1, in <module>
ModuleNotFoundError: No module named 'torch'
Traceback (most recent call last):
  File "<string>", line 1, in <module>
ModuleNotFoundError: No module named 'torch'
Traceback (most recent call last):
  File "<string>", line 1, in <module>
ModuleNotFoundError: No module named 'torch'
Traceback (most recent call last):
  File "<string>", line 1, in <module>
Traceback (most recent call last):
  File "<string>", line 1, in <module>
ModuleNotFoundError: No module named 'torch'
ModuleNotFoundError: No module named 'torch'
Traceback (most recent call last):
  File "<string>", line 1, in <module>
ModuleNotFoundError: No module named 'torch'
Traceback (most recent call last):
  File "<string>", line 1, in <module>
ModuleNotFoundError: No module named 'torch'
Traceback (most recent call last):
  File "<string>", line 1, in <module>
ModuleNotFoundError: No module named 'torch'
Traceback (most recent call last):
  File "<string>", line 1, in <module>
ModuleNotFoundError: No module named 'torch'
Traceback (most recent call last):
  File "<string>", line 1, in <module>
ModuleNotFoundError: No module named 'torch'
Traceback (most recent call last):
  File "<string>", line 1, in <module>
ModuleNotFoundError: No module named 'torch'
Traceback (most recent call last):
  File "<string>", line 1, in <module>
ModuleNotFoundError: No module named 'torch'
Traceback (most recent call last):
  File "<string>", line 1, in <module>
ModuleNotFoundError: No module named 'torch'
Traceback (most recent call last):
  File "<string>", line 1, in <module>
ModuleNotFoundError: No module named 'torch'
Traceback (most recent call last):
  File "<string>", line 1, in <module>
ModuleNotFoundError: No module named 'torch'
Traceback (most recent call last):
  File "<string>", line 1, in <module>
ModuleNotFoundError: No module named 'torch'
Traceback (most recent call last):
  File "<string>", line 1, in <module>
Traceback (most recent call last):
  File "<string>", line 1, in <module>
ModuleNotFoundError: No module named 'torch'
Traceback (most recent call last):
  File "<string>", line 1, in <module>
ModuleNotFoundError: No module named 'torch'
ModuleNotFoundError: No module named 'torch'
Traceback (most recent call last):
  File "<string>", line 1, in <module>
ModuleNotFoundError: No module named 'torch'
Traceback (most recent call last):
  File "<string>", line 1, in <module>
ModuleNotFoundError: No module named 'torch'
Traceback (most recent call last):
  File "<string>", line 1, in <module>
ModuleNotFoundError: No module named 'torch'
Traceback (most recent call last):
  File "<string>", line 1, in <module>
ModuleNotFoundError: No module named 'torch'
Traceback (most recent call last):
  File "<string>", line 1, in <module>
ModuleNotFoundError: No module named 'torch'
Traceback (most recent call last):
  File "<string>", line 1, in <module>
ModuleNotFoundError: No module named 'torch'
Traceback (most recent call last):
  File "<string>", line 1, in <module>
ModuleNotFoundError: No module named 'torch'
Traceback (most recent call last):
  File "<string>", line 1, in <module>
ModuleNotFoundError: No module named 'torch'
Traceback (most recent call last):
  File "<string>", line 1, in <module>
ModuleNotFoundError: No module named 'torch'
Traceback (most recent call last):
  File "<string>", line 1, in <module>
ModuleNotFoundError: No module named 'torch'
Traceback (most recent call last):
  File "<string>", line 1, in <module>
ModuleNotFoundError: No module named 'torch'
Traceback (most recent call last):
  File "<string>", line 1, in <module>
ModuleNotFoundError: No module named 'torch'
Traceback (most recent call last):
  File "<string>", line 1, in <module>
ModuleNotFoundError: No module named 'torch'
Traceback (most recent call last):
  File "<string>", line 1, in <module>
ModuleNotFoundError: No module named 'torch'
Traceback (most recent call last):
  File "<string>", line 1, in <module>
ModuleNotFoundError: No module named 'torch'
Traceback (most recent call last):
  File "<string>", line 1, in <module>
ModuleNotFoundError: No module named 'torch'
Traceback (most recent call last):
  File "<string>", line 1, in <module>
ModuleNotFoundError: No module named 'torch'
Traceback (most recent call last):
  File "<string>", line 1, in <module>
ModuleNotFoundError: No module named 'torch'
Traceback (most recent call last):
  File "<string>", line 1, in <module>
ModuleNotFoundError: No module named 'torch'
Traceback (most recent call last):
  File "<string>", line 1, in <module>
ModuleNotFoundError: No module named 'torch'
Traceback (most recent call last):
  File "<string>", line 1, in <module>
ModuleNotFoundError: No module named 'torch'
Traceback (most recent call last):
  File "<string>", line 1, in <module>
ModuleNotFoundError: No module named 'torch'
Traceback (most recent call last):
  File "<string>", line 1, in <module>
ModuleNotFoundError: No module named 'torch'
Traceback (most recent call last):
  File "<string>", line 1, in <module>
ModuleNotFoundError: No module named 'torch'
Traceback (most recent call last):
  File "<string>", line 1, in <module>
ModuleNotFoundError: No module named 'torch'
Traceback (most recent call last):
  File "<string>", line 1, in <module>
ModuleNotFoundError: No module named 'torch'
Traceback (most recent call last):
  File "<string>", line 1, in <module>
ModuleNotFoundError: No module named 'torch'
Traceback (most recent call last):
  File "<string>", line 1, in <module>
ModuleNotFoundError: No module named 'torch'
Traceback (most recent call last):
  File "<string>", line 1, in <module>
ModuleNotFoundError: No module named 'torch'
Traceback (most recent call last):
  File "<string>", line 1, in <module>
ModuleNotFoundError: No module named 'torch'
Traceback (most recent call last):
  File "<string>", line 1, in <module>
ModuleNotFoundError: No module named 'torch'
Traceback (most recent call last):
  File "<string>", line 1, in <module>
ModuleNotFoundError: No module named 'torch'
Traceback (most recent call last):
  File "<string>", line 1, in <module>
ModuleNotFoundError: No module named 'torch'
Traceback (most recent call last):
  File "<string>", line 1, in <module>
ModuleNotFoundError: No module named 'torch'
Traceback (most recent call last):
  File "<string>", line 1, in <module>
ModuleNotFoundError: No module named 'torch'
Traceback (most recent call last):
  File "<string>", line 1, in <module>
ModuleNotFoundError: No module named 'torch'
Traceback (most recent call last):
  File "<string>", line 1, in <module>
Traceback (most recent call last):
  File "<string>", line 1, in <module>
ModuleNotFoundError: No module named 'torch'
Traceback (most recent call last):
  File "<string>", line 1, in <module>
ModuleNotFoundError: No module named 'torch'
Traceback (most recent call last):
  File "<string>", line 1, in <module>
ModuleNotFoundError: No module named 'torch'
ModuleNotFoundError: No module named 'torch'
Traceback (most recent call last):
  File "<string>", line 1, in <module>
ModuleNotFoundError: No module named 'torch'
Traceback (most recent call last):
  File "<string>", line 1, in <module>
ModuleNotFoundError: No module named 'torch'
Traceback (most recent call last):
  File "<string>", line 1, in <module>
ModuleNotFoundError: No module named 'torch'
Traceback (most recent call last):
  File "<string>", line 1, in <module>
ModuleNotFoundError: No module named 'torch'
Traceback (most recent call last):
  File "<string>", line 1, in <module>
ModuleNotFoundError: No module named 'torch'
Traceback (most recent call last):
  File "<string>", line 1, in <module>
ModuleNotFoundError: No module named 'torch'
Traceback (most recent call last):
  File "<string>", line 1, in <module>
ModuleNotFoundError: No module named 'torch'
Traceback (most recent call last):
  File "<string>", line 1, in <module>
ModuleNotFoundError: No module named 'torch'
Traceback (most recent call last):
  File "<string>", line 1, in <module>
ModuleNotFoundError: No module named 'torch'
Traceback (most recent call last):
  File "<string>", line 1, in <module>
ModuleNotFoundError: No module named 'torch'
Traceback (most recent call last):
  File "<string>", line 1, in <module>
ModuleNotFoundError: No module named 'torch'
Traceback (most recent call last):
  File "<string>", line 1, in <module>
ModuleNotFoundError: No module named 'torch'
Traceback (most recent call last):
  File "<string>", line 1, in <module>
ModuleNotFoundError: No module named 'torch'
Traceback (most recent call last):
  File "<string>", line 1, in <module>
ModuleNotFoundError: No module named 'torch'
Traceback (most recent call last):
  File "<string>", line 1, in <module>
ModuleNotFoundError: No module named 'torch'
Traceback (most recent call last):
  File "<string>", line 1, in <module>
ModuleNotFoundError: No module named 'torch'
Traceback (most recent call last):
  File "<string>", line 1, in <module>
ModuleNotFoundError: No module named 'torch'
Traceback (most recent call last):
  File "<string>", line 1, in <module>
ModuleNotFoundError: No module named 'torch'
Traceback (most recent call last):
  File "<string>", line 1, in <module>
ModuleNotFoundError: No module named 'torch'
Traceback (most recent call last):
  File "<string>", line 1, in <module>
ModuleNotFoundError: No module named 'torch'
Traceback (most recent call last):
  File "<string>", line 1, in <module>
ModuleNotFoundError: No module named 'torch'
Traceback (most recent call last):
  File "<string>", line 1, in <module>
ModuleNotFoundError: No module named 'torch'
Traceback (most recent call last):
  File "<string>", line 1, in <module>
ModuleNotFoundError: No module named 'torch'
Traceback (most recent call last):
  File "<string>", line 1, in <module>
ModuleNotFoundError: No module named 'torch'
Traceback (most recent call last):
  File "<string>", line 1, in <module>
ModuleNotFoundError: No module named 'torch'
Traceback (most recent call last):
  File "<string>", line 1, in <module>
ModuleNotFoundError: No module named 'torch'
Traceback (most recent call last):
  File "<string>", line 1, in <module>
ModuleNotFoundError: No module named 'torch'
Traceback (most recent call last):
  File "<string>", line 1, in <module>
ModuleNotFoundError: No module named 'torch'
Traceback (most recent call last):
  File "<string>", line 1, in <module>
ModuleNotFoundError: No module named 'torch'
Traceback (most recent call last):
  File "<string>", line 1, in <module>
ModuleNotFoundError: No module named 'torch'
Traceback (most recent call last):
  File "<string>", line 1, in <module>
ModuleNotFoundError: No module named 'torch'
Traceback (most recent call last):
  File "<string>", line 1, in <module>
ModuleNotFoundError: No module named 'torch'
Traceback (most recent call last):
  File "<string>", line 1, in <module>
ModuleNotFoundError: No module named 'torch'
Traceback (most recent call last):
  File "<string>", line 1, in <module>
ModuleNotFoundError: No module named 'torch'
Traceback (most recent call last):
  File "<string>", line 1, in <module>
ModuleNotFoundError: No module named 'torch'
Traceback (most recent call last):
  File "<string>", line 1, in <module>
ModuleNotFoundError: No module named 'torch'
Traceback (most recent call last):
  File "<string>", line 1, in <module>
ModuleNotFoundError: No module named 'torch'
Traceback (most recent call last):
  File "<string>", line 1, in <module>
ModuleNotFoundError: No module named 'torch'
Traceback (most recent call last):
  File "<string>", line 1, in <module>
ModuleNotFoundError: No module named 'torch'
Traceback (most recent call last):
  File "<string>", line 1, in <module>
ModuleNotFoundError: No module named 'torch'
Traceback (most recent call last):
  File "<string>", line 1, in <module>
ModuleNotFoundError: No module named 'torch'
Traceback (most recent call last):
  File "<string>", line 1, in <module>
ModuleNotFoundError: No module named 'torch'
Traceback (most recent call last):
  File "<string>", line 1, in <module>
ModuleNotFoundError: No module named 'torch'
Traceback (most recent call last):
  File "<string>", line 1, in <module>
ModuleNotFoundError: No module named 'torch'
Traceback (most recent call last):
  File "<string>", line 1, in <module>
ModuleNotFoundError: No module named 'torch'
Traceback (most recent call last):
  File "<string>", line 1, in <module>
ModuleNotFoundError: No module named 'torch'
Traceback (most recent call last):
  File "<string>", line 1, in <module>
ModuleNotFoundError: No module named 'torch'
Traceback (most recent call last):
  File "<string>", line 1, in <module>
ModuleNotFoundError: No module named 'torch'
srun: error: frontier08116: tasks 928-935: Exited with exit code 1
srun: Terminating StepId=4186204.4
srun: error: frontier02131: tasks 256-263: Exited with exit code 1
srun: error: frontier01345: tasks 168-175: Exited with exit code 1
srun: error: frontier05559: tasks 688-695: Exited with exit code 1
srun: error: frontier06711: tasks 832-839: Exited with exit code 1
slurmstepd: error: *** STEP 4186204.4 ON frontier00073 CANCELLED AT 2026-03-08T14:40:32 ***
srun: error: frontier05049: tasks 624-631: Exited with exit code 1
srun: error: frontier05687: tasks 704-711: Exited with exit code 1
srun: error: frontier02132: tasks 264-271: Exited with exit code 1
srun: error: frontier01981: tasks 248-255: Exited with exit code 1
srun: error: frontier03140: tasks 384-391: Exited with exit code 1
srun: error: frontier01214: tasks 152-159: Exited with exit code 1
srun: error: frontier00837: tasks 96-103: Exited with exit code 1
srun: error: frontier02222: tasks 272-279: Exited with exit code 1
srun: error: frontier01343: tasks 160-167: Exited with exit code 1
srun: error: frontier05818: tasks 720-727: Exited with exit code 1
srun: error: frontier05307: tasks 656-663: Exited with exit code 1
srun: error: frontier08886: tasks 976-983: Exited with exit code 1
srun: error: frontier01746: tasks 216-223: Exited with exit code 1
srun: error: frontier08760: tasks 968-975: Exited with exit code 1
srun: error: frontier05154: tasks 640-647: Exited with exit code 1
srun: error: frontier06197: tasks 768-775: Exited with exit code 1
srun: error: frontier05053: tasks 632-639: Exited with exit code 1
srun: error: frontier06325: tasks 784-791: Exited with exit code 1
srun: error: frontier00456: tasks 48-55: Exited with exit code 1
srun: error: frontier04920: tasks 608-615: Exited with exit code 1
srun: error: frontier03660: tasks 448-455: Exited with exit code 1
srun: error: frontier01978: tasks 240-247: Exited with exit code 1
srun: error: frontier04306: tasks 536-543: Exited with exit code 1
srun: error: frontier01877: tasks 232-239: Exited with exit code 1
srun: error: frontier02752: tasks 336-343: Exited with exit code 1
srun: error: frontier09145: tasks 992-999: Exited with exit code 1
srun: error: frontier05944: tasks 736-743: Exited with exit code 1
srun: error: frontier03906: tasks 480-487: Exited with exit code 1
srun: error: frontier00840: tasks 104-111: Exited with exit code 1
srun: error: frontier00578: tasks 64-71: Exited with exit code 1
srun: error: frontier04298: tasks 528-535: Exited with exit code 1
srun: error: frontier07227: tasks 872-879: Exited with exit code 1
srun: error: frontier07732: tasks 904-911: Exited with exit code 1
srun: error: frontier05414: tasks 672-679: Exited with exit code 1
srun: error: frontier01876: tasks 224-231: Exited with exit code 1
srun: error: frontier03028: tasks 376-383: Exited with exit code 1
srun: error: frontier00199: tasks 24-31: Exited with exit code 1
srun: error: frontier01618: tasks 200-207: Exited with exit code 1
srun: error: frontier03791: tasks 472-479: Exited with exit code 1
srun: error: frontier09399: tasks 1008-1015: Exited with exit code 1
srun: error: frontier02392: tasks 296-303: Exited with exit code 1
srun: error: frontier04796: tasks 592-599: Exited with exit code 1
srun: error: frontier08629: tasks 960-967: Exited with exit code 1
srun: error: frontier02635: tasks 320-327: Exited with exit code 1
srun: error: frontier00963: tasks 112-119: Exited with exit code 1
srun: error: frontier06712: tasks 840-847: Exited with exit code 1
srun: error: frontier00076: tasks 8-15: Exited with exit code 1
srun: error: frontier07353: tasks 880-887: Exited with exit code 1
srun: error: frontier03662: tasks 456-463: Exited with exit code 1
srun: error: frontier07603: tasks 896-903: Exited with exit code 1
srun: error: frontier00197: tasks 16-23: Exited with exit code 1
srun: error: frontier07863: tasks 912-919: Exited with exit code 1
srun: error: frontier03155: tasks 392-399: Exited with exit code 1
srun: error: frontier04034: tasks 496-503: Exited with exit code 1
srun: error: frontier01213: tasks 144-151: Exited with exit code 1
srun: error: frontier06835: tasks 848-855: Exited with exit code 1
srun: error: frontier04179: tasks 520-527: Exited with exit code 1
srun: error: frontier07091: tasks 864-871: Exited with exit code 1
srun: error: frontier05424: tasks 680-687: Exited with exit code 1
srun: error: frontier08495: tasks 952-959: Exited with exit code 1
srun: error: frontier03538: tasks 432-439: Exited with exit code 1
srun: error: frontier03017: tasks 368-375: Exited with exit code 1
srun: error: frontier02223: tasks 280-287: Exited with exit code 1
srun: error: frontier00579: tasks 72-79: Exited with exit code 1
srun: error: frontier04692: tasks 584-591: Exited with exit code 1
srun: error: frontier04924: tasks 616-623: Exited with exit code 1
srun: error: frontier04797: tasks 600-607: Exited with exit code 1
srun: error: frontier06198: tasks 776-783: Exited with exit code 1
srun: error: frontier04562: tasks 568-575: Exited with exit code 1
srun: error: frontier06326: tasks 792-799: Exited with exit code 1
srun: error: frontier03543: tasks 440-447: Exited with exit code 1
srun: error: frontier03269: tasks 400-407: Exited with exit code 1
srun: error: frontier02522: tasks 312-319: Exited with exit code 1
srun: error: frontier03913: tasks 488-495: Exited with exit code 1
srun: error: frontier04432: tasks 544-551: Exited with exit code 1
srun: error: frontier05563: tasks 696-703: Exited with exit code 1
srun: error: frontier08372: tasks 944-951: Exited with exit code 1
srun: error: frontier06074: tasks 760-767: Exited with exit code 1
srun: error: frontier02901: tasks 360-367: Exited with exit code 1
srun: error: frontier04165: tasks 512-519: Exited with exit code 1
srun: error: frontier06963: tasks 856-863: Exited with exit code 1
srun: error: frontier07478: tasks 888-895: Exited with exit code 1
srun: error: frontier03397: tasks 416-423: Exited with exit code 1
srun: error: frontier01488: tasks 184-191: Exited with exit code 1
srun: error: frontier01614: tasks 192-199: Exited with exit code 1
srun: error: frontier00702: tasks 80-87: Exited with exit code 1
srun: error: frontier06455: tasks 808-815: Exited with exit code 1
srun: error: frontier04433: tasks 552-559: Exited with exit code 1
srun: error: frontier00324: tasks 32-39: Exited with exit code 1
srun: error: frontier09270: tasks 1000-1007: Exited with exit code 1
srun: error: frontier04041: tasks 504-511: Exited with exit code 1
srun: error: frontier06454: tasks 800-807: Exited with exit code 1
srun: error: frontier00335: tasks 40-47: Exited with exit code 1
srun: error: frontier05948: tasks 744-751: Exited with exit code 1
srun: error: frontier01096: tasks 128-135: Exited with exit code 1
srun: error: frontier01729: tasks 208-215: Exited with exit code 1
srun: error: frontier09011: tasks 984-991: Exited with exit code 1
srun: error: frontier06578: tasks 824-831: Exited with exit code 1
srun: error: frontier02506: tasks 304-311: Exited with exit code 1
srun: error: frontier05174: tasks 648-655: Exited with exit code 1
srun: error: frontier02777: tasks 344-351: Exited with exit code 1
srun: error: frontier02885: tasks 352-359: Exited with exit code 1
srun: error: frontier00975: tasks 120-127: Exited with exit code 1
srun: error: frontier01473: tasks 176-183: Exited with exit code 1
srun: error: frontier00709: tasks 88-95: Exited with exit code 1
srun: error: frontier08242: tasks 936-943: Exited with exit code 1
srun: error: frontier06066: tasks 752-759: Exited with exit code 1
srun: error: frontier05688: tasks 712-719: Exited with exit code 1
srun: error: frontier00073: tasks 0-7: Exited with exit code 1
srun: error: frontier00461: tasks 56-63: Exited with exit code 1
srun: error: frontier02642: tasks 328-335: Exited with exit code 1
srun: error: frontier03283: tasks 408-415: Exited with exit code 1
srun: error: frontier04514: tasks 560-567: Exited with exit code 1
srun: error: frontier01097: tasks 136-143: Exited with exit code 1
srun: error: frontier04691: tasks 576-583: Exited with exit code 1
srun: error: frontier10168: tasks 1016-1023: Exited with exit code 1
srun: error: frontier03410: tasks 424-431: Exited with exit code 1
srun: error: frontier02362: tasks 288-295: Exited with exit code 1
srun: error: frontier05819: tasks 728-735: Exited with exit code 1
srun: error: frontier06574: tasks 816-823: Exited with exit code 1
srun: error: frontier03786: tasks 464-471: Exited with exit code 1
srun: error: frontier07996: tasks 920-927: Terminated
srun: error: frontier05308: tasks 664-671: Exited with exit code 1
srun: Force Terminated StepId=4186204.4
Command exited with non-zero status 143
0.04user 0.08system 0:00.51elapsed 26%CPU (0avgtext+0avgdata 18432maxresident)k
0inputs+256outputs (0major+4181minor)pagefaults 0swaps
+ sleep 10
+ for i in $(seq 1 5)
+ /usr/bin/time srun -N 128 -n 1024 -c 7 --ntasks-per-node=8 --gpus-per-node=8 --gpu-bind=closest --cpus-per-task=1 --threads-per-core=1 --network=single_node_vni,job_vni --export=ALL,PYTHONPATH=/tmp/khana/copper/lustre/orion/stf243/world-shared/hagertnl/CUG26/benchmark_builds/python-pytorch/conda_env: python3 -c 'import torch'
Traceback (most recent call last):
  File "<string>", line 1, in <module>
ModuleNotFoundError: No module named 'torch'
Traceback (most recent call last):
  File "<string>", line 1, in <module>
ModuleNotFoundError: No module named 'torch'
Traceback (most recent call last):
  File "<string>", line 1, in <module>
ModuleNotFoundError: No module named 'torch'
Traceback (most recent call last):
  File "<string>", line 1, in <module>
ModuleNotFoundError: No module named 'torch'
Traceback (most recent call last):
  File "<string>", line 1, in <module>
ModuleNotFoundError: No module named 'torch'
Traceback (most recent call last):
  File "<string>", line 1, in <module>
ModuleNotFoundError: No module named 'torch'
Traceback (most recent call last):
  File "<string>", line 1, in <module>
ModuleNotFoundError: No module named 'torch'
Traceback (most recent call last):
  File "<string>", line 1, in <module>
ModuleNotFoundError: No module named 'torch'
Traceback (most recent call last):
  File "<string>", line 1, in <module>
ModuleNotFoundError: No module named 'torch'
Traceback (most recent call last):
  File "<string>", line 1, in <module>
ModuleNotFoundError: No module named 'torch'
Traceback (most recent call last):
  File "<string>", line 1, in <module>
ModuleNotFoundError: No module named 'torch'
Traceback (most recent call last):
  File "<string>", line 1, in <module>
ModuleNotFoundError: No module named 'torch'
Traceback (most recent call last):
  File "<string>", line 1, in <module>
ModuleNotFoundError: No module named 'torch'
Traceback (most recent call last):
  File "<string>", line 1, in <module>
ModuleNotFoundError: No module named 'torch'
Traceback (most recent call last):
  File "<string>", line 1, in <module>
ModuleNotFoundError: No module named 'torch'
Traceback (most recent call last):
  File "<string>", line 1, in <module>
ModuleNotFoundError: No module named 'torch'
Traceback (most recent call last):
  File "<string>", line 1, in <module>
ModuleNotFoundError: No module named 'torch'
Traceback (most recent call last):
  File "<string>", line 1, in <module>
ModuleNotFoundError: No module named 'torch'
Traceback (most recent call last):
  File "<string>", line 1, in <module>
ModuleNotFoundError: No module named 'torch'
Traceback (most recent call last):
  File "<string>", line 1, in <module>
ModuleNotFoundError: No module named 'torch'
Traceback (most recent call last):
  File "<string>", line 1, in <module>
ModuleNotFoundError: No module named 'torch'
Traceback (most recent call last):
  File "<string>", line 1, in <module>
ModuleNotFoundError: No module named 'torch'
Traceback (most recent call last):
  File "<string>", line 1, in <module>
ModuleNotFoundError: No module named 'torch'
Traceback (most recent call last):
  File "<string>", line 1, in <module>
ModuleNotFoundError: No module named 'torch'
Traceback (most recent call last):
  File "<string>", line 1, in <module>
ModuleNotFoundError: No module named 'torch'
Traceback (most recent call last):
  File "<string>", line 1, in <module>
ModuleNotFoundError: No module named 'torch'
Traceback (most recent call last):
  File "<string>", line 1, in <module>
ModuleNotFoundError: No module named 'torch'
Traceback (most recent call last):
  File "<string>", line 1, in <module>
ModuleNotFoundError: No module named 'torch'
Traceback (most recent call last):
  File "<string>", line 1, in <module>
ModuleNotFoundError: No module named 'torch'
Traceback (most recent call last):
  File "<string>", line 1, in <module>
ModuleNotFoundError: No module named 'torch'
Traceback (most recent call last):
  File "<string>", line 1, in <module>
ModuleNotFoundError: No module named 'torch'
Traceback (most recent call last):
  File "<string>", line 1, in <module>
ModuleNotFoundError: No module named 'torch'
Traceback (most recent call last):
  File "<string>", line 1, in <module>
ModuleNotFoundError: No module named 'torch'
Traceback (most recent call last):
  File "<string>", line 1, in <module>
ModuleNotFoundError: No module named 'torch'
Traceback (most recent call last):
  File "<string>", line 1, in <module>
ModuleNotFoundError: No module named 'torch'
Traceback (most recent call last):
  File "<string>", line 1, in <module>
ModuleNotFoundError: No module named 'torch'
Traceback (most recent call last):
  File "<string>", line 1, in <module>
ModuleNotFoundError: No module named 'torch'
Traceback (most recent call last):
  File "<string>", line 1, in <module>
Traceback (most recent call last):
  File "<string>", line 1, in <module>
ModuleNotFoundError: No module named 'torch'
Traceback (most recent call last):
  File "<string>", line 1, in <module>
ModuleNotFoundError: No module named 'torch'
ModuleNotFoundError: No module named 'torch'
Traceback (most recent call last):
  File "<string>", line 1, in <module>
ModuleNotFoundError: No module named 'torch'
Traceback (most recent call last):
  File "<string>", line 1, in <module>
ModuleNotFoundError: No module named 'torch'
Traceback (most recent call last):
  File "<string>", line 1, in <module>
ModuleNotFoundError: No module named 'torch'
Traceback (most recent call last):
  File "<string>", line 1, in <module>
ModuleNotFoundError: No module named 'torch'
Traceback (most recent call last):
  File "<string>", line 1, in <module>
ModuleNotFoundError: No module named 'torch'
Traceback (most recent call last):
  File "<string>", line 1, in <module>
ModuleNotFoundError: No module named 'torch'
Traceback (most recent call last):
  File "<string>", line 1, in <module>
ModuleNotFoundError: No module named 'torch'
Traceback (most recent call last):
  File "<string>", line 1, in <module>
ModuleNotFoundError: No module named 'torch'
Traceback (most recent call last):
  File "<string>", line 1, in <module>
ModuleNotFoundError: No module named 'torch'
Traceback (most recent call last):
  File "<string>", line 1, in <module>
ModuleNotFoundError: No module named 'torch'
Traceback (most recent call last):
  File "<string>", line 1, in <module>
ModuleNotFoundError: No module named 'torch'
Traceback (most recent call last):
  File "<string>", line 1, in <module>
ModuleNotFoundError: No module named 'torch'
Traceback (most recent call last):
  File "<string>", line 1, in <module>
ModuleNotFoundError: No module named 'torch'
Traceback (most recent call last):
  File "<string>", line 1, in <module>
ModuleNotFoundError: No module named 'torch'
Traceback (most recent call last):
  File "<string>", line 1, in <module>
ModuleNotFoundError: No module named 'torch'
Traceback (most recent call last):
  File "<string>", line 1, in <module>
ModuleNotFoundError: No module named 'torch'
Traceback (most recent call last):
  File "<string>", line 1, in <module>
ModuleNotFoundError: No module named 'torch'
Traceback (most recent call last):
  File "<string>", line 1, in <module>
ModuleNotFoundError: No module named 'torch'
Traceback (most recent call last):
  File "<string>", line 1, in <module>
ModuleNotFoundError: No module named 'torch'
Traceback (most recent call last):
  File "<string>", line 1, in <module>
ModuleNotFoundError: No module named 'torch'
Traceback (most recent call last):
  File "<string>", line 1, in <module>
ModuleNotFoundError: No module named 'torch'
Traceback (most recent call last):
  File "<string>", line 1, in <module>
ModuleNotFoundError: No module named 'torch'
Traceback (most recent call last):
  File "<string>", line 1, in <module>
ModuleNotFoundError: No module named 'torch'
Traceback (most recent call last):
  File "<string>", line 1, in <module>
ModuleNotFoundError: No module named 'torch'
Traceback (most recent call last):
  File "<string>", line 1, in <module>
ModuleNotFoundError: No module named 'torch'
Traceback (most recent call last):
  File "<string>", line 1, in <module>
ModuleNotFoundError: No module named 'torch'
Traceback (most recent call last):
  File "<string>", line 1, in <module>
ModuleNotFoundError: No module named 'torch'
Traceback (most recent call last):
  File "<string>", line 1, in <module>
ModuleNotFoundError: No module named 'torch'
Traceback (most recent call last):
  File "<string>", line 1, in <module>
Traceback (most recent call last):
  File "<string>", line 1, in <module>
ModuleNotFoundError: No module named 'torch'
Traceback (most recent call last):
  File "<string>", line 1, in <module>
ModuleNotFoundError: No module named 'torch'
ModuleNotFoundError: No module named 'torch'
Traceback (most recent call last):
  File "<string>", line 1, in <module>
ModuleNotFoundError: No module named 'torch'
Traceback (most recent call last):
  File "<string>", line 1, in <module>
ModuleNotFoundError: No module named 'torch'
Traceback (most recent call last):
  File "<string>", line 1, in <module>
ModuleNotFoundError: No module named 'torch'
Traceback (most recent call last):
  File "<string>", line 1, in <module>
ModuleNotFoundError: No module named 'torch'
Traceback (most recent call last):
  File "<string>", line 1, in <module>
ModuleNotFoundError: No module named 'torch'
Traceback (most recent call last):
  File "<string>", line 1, in <module>
ModuleNotFoundError: No module named 'torch'
Traceback (most recent call last):
  File "<string>", line 1, in <module>
ModuleNotFoundError: No module named 'torch'
Traceback (most recent call last):
  File "<string>", line 1, in <module>
ModuleNotFoundError: No module named 'torch'
Traceback (most recent call last):
  File "<string>", line 1, in <module>
ModuleNotFoundError: No module named 'torch'
Traceback (most recent call last):
  File "<string>", line 1, in <module>
ModuleNotFoundError: No module named 'torch'
Traceback (most recent call last):
  File "<string>", line 1, in <module>
ModuleNotFoundError: No module named 'torch'
Traceback (most recent call last):
  File "<string>", line 1, in <module>
ModuleNotFoundError: No module named 'torch'
Traceback (most recent call last):
  File "<string>", line 1, in <module>
ModuleNotFoundError: No module named 'torch'
Traceback (most recent call last):
  File "<string>", line 1, in <module>
ModuleNotFoundError: No module named 'torch'
Traceback (most recent call last):
  File "<string>", line 1, in <module>
ModuleNotFoundError: No module named 'torch'
Traceback (most recent call last):
  File "<string>", line 1, in <module>
ModuleNotFoundError: No module named 'torch'
Traceback (most recent call last):
  File "<string>", line 1, in <module>
ModuleNotFoundError: No module named 'torch'
Traceback (most recent call last):
  File "<string>", line 1, in <module>
ModuleNotFoundError: No module named 'torch'
Traceback (most recent call last):
  File "<string>", line 1, in <module>
ModuleNotFoundError: No module named 'torch'
Traceback (most recent call last):
  File "<string>", line 1, in <module>
ModuleNotFoundError: No module named 'torch'
Traceback (most recent call last):
Traceback (most recent call last):
  File "<string>", line 1, in <module>
ModuleNotFoundError: No module named 'torch'
  File "<string>", line 1, in <module>
Traceback (most recent call last):
  File "<string>", line 1, in <module>
ModuleNotFoundError: No module named 'torch'
Traceback (most recent call last):
  File "<string>", line 1, in <module>
ModuleNotFoundError: No module named 'torch'
ModuleNotFoundError: No module named 'torch'
Traceback (most recent call last):
  File "<string>", line 1, in <module>
ModuleNotFoundError: No module named 'torch'
Traceback (most recent call last):
  File "<string>", line 1, in <module>
ModuleNotFoundError: No module named 'torch'
Traceback (most recent call last):
  File "<string>", line 1, in <module>
ModuleNotFoundError: No module named 'torch'
Traceback (most recent call last):
  File "<string>", line 1, in <module>
ModuleNotFoundError: No module named 'torch'
Traceback (most recent call last):
  File "<string>", line 1, in <module>
ModuleNotFoundError: No module named 'torch'
Traceback (most recent call last):
  File "<string>", line 1, in <module>
ModuleNotFoundError: No module named 'torch'
Traceback (most recent call last):
  File "<string>", line 1, in <module>
ModuleNotFoundError: No module named 'torch'
Traceback (most recent call last):
Traceback (most recent call last):
  File "<string>", line 1, in <module>
ModuleNotFoundError: No module named 'torch'
  File "<string>", line 1, in <module>
ModuleNotFoundError: No module named 'torch'
Traceback (most recent call last):
  File "<string>", line 1, in <module>
ModuleNotFoundError: No module named 'torch'
Traceback (most recent call last):
  File "<string>", line 1, in <module>
ModuleNotFoundError: No module named 'torch'
Traceback (most recent call last):
  File "<string>", line 1, in <module>
ModuleNotFoundError: No module named 'torch'
Traceback (most recent call last):
  File "<string>", line 1, in <module>
ModuleNotFoundError: No module named 'torch'
Traceback (most recent call last):
  File "<string>", line 1, in <module>
ModuleNotFoundError: No module named 'torch'
Traceback (most recent call last):
  File "<string>", line 1, in <module>
Traceback (most recent call last):
  File "<string>", line 1, in <module>
ModuleNotFoundError: No module named 'torch'
Traceback (most recent call last):
  File "<string>", line 1, in <module>
ModuleNotFoundError: No module named 'torch'
ModuleNotFoundError: No module named 'torch'
Traceback (most recent call last):
  File "<string>", line 1, in <module>
ModuleNotFoundError: No module named 'torch'
Traceback (most recent call last):
  File "<string>", line 1, in <module>
Traceback (most recent call last):
  File "<string>", line 1, in <module>
ModuleNotFoundError: No module named 'torch'
ModuleNotFoundError: No module named 'torch'
Traceback (most recent call last):
  File "<string>", line 1, in <module>
ModuleNotFoundError: No module named 'torch'
Traceback (most recent call last):
  File "<string>", line 1, in <module>
ModuleNotFoundError: No module named 'torch'
Traceback (most recent call last):
  File "<string>", line 1, in <module>
ModuleNotFoundError: No module named 'torch'
Traceback (most recent call last):
  File "<string>", line 1, in <module>
ModuleNotFoundError: No module named 'torch'
Traceback (most recent call last):
  File "<string>", line 1, in <module>
ModuleNotFoundError: No module named 'torch'
Traceback (most recent call last):
  File "<string>", line 1, in <module>
ModuleNotFoundError: No module named 'torch'
Traceback (most recent call last):
  File "<string>", line 1, in <module>
Traceback (most recent call last):
  File "<string>", line 1, in <module>
ModuleNotFoundError: No module named 'torch'
ModuleNotFoundError: No module named 'torch'
Traceback (most recent call last):
  File "<string>", line 1, in <module>
ModuleNotFoundError: No module named 'torch'
Traceback (most recent call last):
  File "<string>", line 1, in <module>
ModuleNotFoundError: No module named 'torch'
Traceback (most recent call last):
  File "<string>", line 1, in <module>
ModuleNotFoundError: No module named 'torch'
Traceback (most recent call last):
  File "<string>", line 1, in <module>
ModuleNotFoundError: No module named 'torch'
Traceback (most recent call last):
  File "<string>", line 1, in <module>
ModuleNotFoundError: No module named 'torch'
Traceback (most recent call last):
  File "<string>", line 1, in <module>
ModuleNotFoundError: No module named 'torch'
Traceback (most recent call last):
  File "<string>", line 1, in <module>
ModuleNotFoundError: No module named 'torch'
Traceback (most recent call last):
  File "<string>", line 1, in <module>
ModuleNotFoundError: No module named 'torch'
Traceback (most recent call last):
  File "<string>", line 1, in <module>
ModuleNotFoundError: No module named 'torch'
Traceback (most recent call last):
  File "<string>", line 1, in <module>
ModuleNotFoundError: No module named 'torch'
Traceback (most recent call last):
  File "<string>", line 1, in <module>
ModuleNotFoundError: No module named 'torch'
Traceback (most recent call last):
  File "<string>", line 1, in <module>
ModuleNotFoundError: No module named 'torch'
Traceback (most recent call last):
  File "<string>", line 1, in <module>
ModuleNotFoundError: No module named 'torch'
Traceback (most recent call last):
  File "<string>", line 1, in <module>
ModuleNotFoundError: No module named 'torch'
Traceback (most recent call last):
  File "<string>", line 1, in <module>
ModuleNotFoundError: No module named 'torch'
Traceback (most recent call last):
  File "<string>", line 1, in <module>
ModuleNotFoundError: No module named 'torch'
Traceback (most recent call last):
  File "<string>", line 1, in <module>
ModuleNotFoundError: No module named 'torch'
Traceback (most recent call last):
  File "<string>", line 1, in <module>
ModuleNotFoundError: No module named 'torch'
Traceback (most recent call last):
  File "<string>", line 1, in <module>
ModuleNotFoundError: No module named 'torch'
Traceback (most recent call last):
  File "<string>", line 1, in <module>
ModuleNotFoundError: No module named 'torch'
Traceback (most recent call last):
  File "<string>", line 1, in <module>
ModuleNotFoundError: No module named 'torch'
Traceback (most recent call last):
  File "<string>", line 1, in <module>
ModuleNotFoundError: No module named 'torch'
Traceback (most recent call last):
  File "<string>", line 1, in <module>
Traceback (most recent call last):
  File "<string>", line 1, in <module>
ModuleNotFoundError: No module named 'torch'
Traceback (most recent call last):
  File "<string>", line 1, in <module>
ModuleNotFoundError: No module named 'torch'
Traceback (most recent call last):
  File "<string>", line 1, in <module>
ModuleNotFoundError: No module named 'torch'
Traceback (most recent call last):
  File "<string>", line 1, in <module>
ModuleNotFoundError: No module named 'torch'
Traceback (most recent call last):
  File "<string>", line 1, in <module>
ModuleNotFoundError: No module named 'torch'
Traceback (most recent call last):
  File "<string>", line 1, in <module>
ModuleNotFoundError: No module named 'torch'
Traceback (most recent call last):
  File "<string>", line 1, in <module>
ModuleNotFoundError: No module named 'torch'
ModuleNotFoundError: No module named 'torch'
Traceback (most recent call last):
  File "<string>", line 1, in <module>
Traceback (most recent call last):
  File "<string>", line 1, in <module>
ModuleNotFoundError: No module named 'torch'
Traceback (most recent call last):
  File "<string>", line 1, in <module>
ModuleNotFoundError: No module named 'torch'
Traceback (most recent call last):
  File "<string>", line 1, in <module>
ModuleNotFoundError: No module named 'torch'
ModuleNotFoundError: No module named 'torch'
Traceback (most recent call last):
  File "<string>", line 1, in <module>
Traceback (most recent call last):
  File "<string>", line 1, in <module>
ModuleNotFoundError: No module named 'torch'
ModuleNotFoundError: No module named 'torch'
Traceback (most recent call last):
  File "<string>", line 1, in <module>
ModuleNotFoundError: No module named 'torch'
Traceback (most recent call last):
  File "<string>", line 1, in <module>
ModuleNotFoundError: No module named 'torch'
Traceback (most recent call last):
  File "<string>", line 1, in <module>
ModuleNotFoundError: No module named 'torch'
Traceback (most recent call last):
  File "<string>", line 1, in <module>
Traceback (most recent call last):
  File "<string>", line 1, in <module>
ModuleNotFoundError: No module named 'torch'
ModuleNotFoundError: No module named 'torch'
Traceback (most recent call last):
  File "<string>", line 1, in <module>
ModuleNotFoundError: No module named 'torch'
Traceback (most recent call last):
  File "<string>", line 1, in <module>
ModuleNotFoundError: No module named 'torch'
Traceback (most recent call last):
  File "<string>", line 1, in <module>
ModuleNotFoundError: No module named 'torch'
Traceback (most recent call last):
  File "<string>", line 1, in <module>
ModuleNotFoundError: No module named 'torch'
Traceback (most recent call last):
  File "<string>", line 1, in <module>
ModuleNotFoundError: No module named 'torch'
Traceback (most recent call last):
  File "<string>", line 1, in <module>
ModuleNotFoundError: No module named 'torch'
Traceback (most recent call last):
  File "<string>", line 1, in <module>
ModuleNotFoundError: No module named 'torch'
Traceback (most recent call last):
  File "<string>", line 1, in <module>
ModuleNotFoundError: No module named 'torch'
Traceback (most recent call last):
  File "<string>", line 1, in <module>
Traceback (most recent call last):
  File "<string>", line 1, in <module>
ModuleNotFoundError: No module named 'torch'
ModuleNotFoundError: No module named 'torch'
Traceback (most recent call last):
  File "<string>", line 1, in <module>
ModuleNotFoundError: No module named 'torch'
Traceback (most recent call last):
  File "<string>", line 1, in <module>
ModuleNotFoundError: No module named 'torch'
Traceback (most recent call last):
  File "<string>", line 1, in <module>
ModuleNotFoundError: No module named 'torch'
Traceback (most recent call last):
  File "<string>", line 1, in <module>
ModuleNotFoundError: No module named 'torch'
Traceback (most recent call last):
  File "<string>", line 1, in <module>
ModuleNotFoundError: No module named 'torch'
Traceback (most recent call last):
  File "<string>", line 1, in <module>
ModuleNotFoundError: No module named 'torch'
Traceback (most recent call last):
  File "<string>", line 1, in <module>
ModuleNotFoundError: No module named 'torch'
Traceback (most recent call last):
  File "<string>", line 1, in <module>
ModuleNotFoundError: No module named 'torch'
Traceback (most recent call last):
  File "<string>", line 1, in <module>
ModuleNotFoundError: No module named 'torch'
Traceback (most recent call last):
  File "<string>", line 1, in <module>
ModuleNotFoundError: No module named 'torch'
Traceback (most recent call last):
  File "<string>", line 1, in <module>
ModuleNotFoundError: No module named 'torch'
Traceback (most recent call last):
  File "<string>", line 1, in <module>
ModuleNotFoundError: No module named 'torch'
Traceback (most recent call last):
  File "<string>", line 1, in <module>
ModuleNotFoundError: No module named 'torch'
Traceback (most recent call last):
  File "<string>", line 1, in <module>
ModuleNotFoundError: No module named 'torch'
Traceback (most recent call last):
  File "<string>", line 1, in <module>
ModuleNotFoundError: No module named 'torch'
Traceback (most recent call last):
  File "<string>", line 1, in <module>
ModuleNotFoundError: No module named 'torch'
Traceback (most recent call last):
  File "<string>", line 1, in <module>
ModuleNotFoundError: No module named 'torch'
Traceback (most recent call last):
  File "<string>", line 1, in <module>
ModuleNotFoundError: No module named 'torch'
Traceback (most recent call last):
  File "<string>", line 1, in <module>
ModuleNotFoundError: No module named 'torch'
Traceback (most recent call last):
  File "<string>", line 1, in <module>
ModuleNotFoundError: No module named 'torch'
Traceback (most recent call last):
  File "<string>", line 1, in <module>
ModuleNotFoundError: No module named 'torch'
Traceback (most recent call last):
Traceback (most recent call last):
  File "<string>", line 1, in <module>
ModuleNotFoundError: No module named 'torch'
  File "<string>", line 1, in <module>
Traceback (most recent call last):
  File "<string>", line 1, in <module>
ModuleNotFoundError: No module named 'torch'
ModuleNotFoundError: No module named 'torch'
Traceback (most recent call last):
  File "<string>", line 1, in <module>
ModuleNotFoundError: No module named 'torch'
Traceback (most recent call last):
  File "<string>", line 1, in <module>
ModuleNotFoundError: No module named 'torch'
Traceback (most recent call last):
  File "<string>", line 1, in <module>
ModuleNotFoundError: No module named 'torch'
Traceback (most recent call last):
  File "<string>", line 1, in <module>
ModuleNotFoundError: No module named 'torch'
Traceback (most recent call last):
  File "<string>", line 1, in <module>
ModuleNotFoundError: No module named 'torch'
Traceback (most recent call last):
  File "<string>", line 1, in <module>
ModuleNotFoundError: No module named 'torch'
Traceback (most recent call last):
  File "<string>", line 1, in <module>
ModuleNotFoundError: No module named 'torch'
Traceback (most recent call last):
  File "<string>", line 1, in <module>
ModuleNotFoundError: No module named 'torch'
Traceback (most recent call last):
  File "<string>", line 1, in <module>
ModuleNotFoundError: No module named 'torch'
Traceback (most recent call last):
  File "<string>", line 1, in <module>
ModuleNotFoundError: No module named 'torch'
Traceback (most recent call last):
  File "<string>", line 1, in <module>
ModuleNotFoundError: No module named 'torch'
Traceback (most recent call last):
  File "<string>", line 1, in <module>
ModuleNotFoundError: No module named 'torch'
Traceback (most recent call last):
  File "<string>", line 1, in <module>
ModuleNotFoundError: No module named 'torch'
Traceback (most recent call last):
  File "<string>", line 1, in <module>
ModuleNotFoundError: No module named 'torch'
Traceback (most recent call last):
  File "<string>", line 1, in <module>
ModuleNotFoundError: No module named 'torch'
Traceback (most recent call last):
  File "<string>", line 1, in <module>
ModuleNotFoundError: No module named 'torch'
Traceback (most recent call last):
  File "<string>", line 1, in <module>
ModuleNotFoundError: No module named 'torch'
Traceback (most recent call last):
  File "<string>", line 1, in <module>
ModuleNotFoundError: No module named 'torch'
Traceback (most recent call last):
  File "<string>", line 1, in <module>
ModuleNotFoundError: No module named 'torch'
Traceback (most recent call last):
  File "<string>", line 1, in <module>
ModuleNotFoundError: No module named 'torch'
Traceback (most recent call last):
  File "<string>", line 1, in <module>
ModuleNotFoundError: No module named 'torch'
Traceback (most recent call last):
  File "<string>", line 1, in <module>
ModuleNotFoundError: No module named 'torch'
Traceback (most recent call last):
  File "<string>", line 1, in <module>
ModuleNotFoundError: No module named 'torch'
Traceback (most recent call last):
  File "<string>", line 1, in <module>
ModuleNotFoundError: No module named 'torch'
Traceback (most recent call last):
  File "<string>", line 1, in <module>
ModuleNotFoundError: No module named 'torch'
Traceback (most recent call last):
  File "<string>", line 1, in <module>
ModuleNotFoundError: No module named 'torch'
Traceback (most recent call last):
  File "<string>", line 1, in <module>
ModuleNotFoundError: No module named 'torch'
Traceback (most recent call last):
  File "<string>", line 1, in <module>
ModuleNotFoundError: No module named 'torch'
Traceback (most recent call last):
  File "<string>", line 1, in <module>
ModuleNotFoundError: No module named 'torch'
Traceback (most recent call last):
  File "<string>", line 1, in <module>
ModuleNotFoundError: No module named 'torch'
Traceback (most recent call last):
  File "<string>", line 1, in <module>
ModuleNotFoundError: No module named 'torch'
Traceback (most recent call last):
Traceback (most recent call last):
  File "<string>", line 1, in <module>
ModuleNotFoundError: No module named 'torch'
Traceback (most recent call last):
  File "<string>", line 1, in <module>
ModuleNotFoundError: No module named 'torch'
  File "<string>", line 1, in <module>
ModuleNotFoundError: No module named 'torch'
Traceback (most recent call last):
  File "<string>", line 1, in <module>
ModuleNotFoundError: No module named 'torch'
Traceback (most recent call last):
  File "<string>", line 1, in <module>
ModuleNotFoundError: No module named 'torch'
Traceback (most recent call last):
  File "<string>", line 1, in <module>
ModuleNotFoundError: No module named 'torch'
Traceback (most recent call last):
  File "<string>", line 1, in <module>
ModuleNotFoundError: No module named 'torch'
Traceback (most recent call last):
  File "<string>", line 1, in <module>
ModuleNotFoundError: No module named 'torch'
Traceback (most recent call last):
  File "<string>", line 1, in <module>
ModuleNotFoundError: No module named 'torch'
Traceback (most recent call last):
  File "<string>", line 1, in <module>
ModuleNotFoundError: No module named 'torch'
Traceback (most recent call last):
  File "<string>", line 1, in <module>
ModuleNotFoundError: No module named 'torch'
Traceback (most recent call last):
  File "<string>", line 1, in <module>
ModuleNotFoundError: No module named 'torch'
Traceback (most recent call last):
  File "<string>", line 1, in <module>
ModuleNotFoundError: No module named 'torch'
Traceback (most recent call last):
  File "<string>", line 1, in <module>
ModuleNotFoundError: No module named 'torch'
Traceback (most recent call last):
  File "<string>", line 1, in <module>
ModuleNotFoundError: No module named 'torch'
Traceback (most recent call last):
  File "<string>", line 1, in <module>
ModuleNotFoundError: No module named 'torch'
Traceback (most recent call last):
  File "<string>", line 1, in <module>
ModuleNotFoundError: No module named 'torch'
Traceback (most recent call last):
  File "<string>", line 1, in <module>
ModuleNotFoundError: No module named 'torch'
Traceback (most recent call last):
  File "<string>", line 1, in <module>
ModuleNotFoundError: No module named 'torch'
Traceback (most recent call last):
  File "<string>", line 1, in <module>
ModuleNotFoundError: No module named 'torch'
Traceback (most recent call last):
  File "<string>", line 1, in <module>
ModuleNotFoundError: No module named 'torch'
Traceback (most recent call last):
  File "<string>", line 1, in <module>
ModuleNotFoundError: No module named 'torch'
Traceback (most recent call last):
  File "<string>", line 1, in <module>
ModuleNotFoundError: No module named 'torch'
Traceback (most recent call last):
  File "<string>", line 1, in <module>
ModuleNotFoundError: No module named 'torch'
Traceback (most recent call last):
  File "<string>", line 1, in <module>
ModuleNotFoundError: No module named 'torch'
Traceback (most recent call last):
  File "<string>", line 1, in <module>
ModuleNotFoundError: No module named 'torch'
Traceback (most recent call last):
  File "<string>", line 1, in <module>
ModuleNotFoundError: No module named 'torch'
Traceback (most recent call last):
  File "<string>", line 1, in <module>
ModuleNotFoundError: No module named 'torch'
Traceback (most recent call last):
  File "<string>", line 1, in <module>
ModuleNotFoundError: No module named 'torch'
Traceback (most recent call last):
  File "<string>", line 1, in <module>
ModuleNotFoundError: No module named 'torch'
Traceback (most recent call last):
  File "<string>", line 1, in <module>
ModuleNotFoundError: No module named 'torch'
Traceback (most recent call last):
  File "<string>", line 1, in <module>
ModuleNotFoundError: No module named 'torch'
Traceback (most recent call last):
  File "<string>", line 1, in <module>
ModuleNotFoundError: No module named 'torch'
Traceback (most recent call last):
  File "<string>", line 1, in <module>
ModuleNotFoundError: No module named 'torch'
Traceback (most recent call last):
  File "<string>", line 1, in <module>
ModuleNotFoundError: No module named 'torch'
Traceback (most recent call last):
  File "<string>", line 1, in <module>
ModuleNotFoundError: No module named 'torch'
Traceback (most recent call last):
  File "<string>", line 1, in <module>
ModuleNotFoundError: No module named 'torch'
Traceback (most recent call last):
  File "<string>", line 1, in <module>
ModuleNotFoundError: No module named 'torch'
Traceback (most recent call last):
  File "<string>", line 1, in <module>
ModuleNotFoundError: No module named 'torch'
Traceback (most recent call last):
  File "<string>", line 1, in <module>
ModuleNotFoundError: No module named 'torch'
Traceback (most recent call last):
  File "<string>", line 1, in <module>
ModuleNotFoundError: No module named 'torch'
Traceback (most recent call last):
  File "<string>", line 1, in <module>
ModuleNotFoundError: No module named 'torch'
Traceback (most recent call last):
  File "<string>", line 1, in <module>
ModuleNotFoundError: No module named 'torch'
Traceback (most recent call last):
  File "<string>", line 1, in <module>
ModuleNotFoundError: No module named 'torch'
Traceback (most recent call last):
  File "<string>", line 1, in <module>
ModuleNotFoundError: No module named 'torch'
Traceback (most recent call last):
  File "<string>", line 1, in <module>
ModuleNotFoundError: No module named 'torch'
Traceback (most recent call last):
Traceback (most recent call last):
  File "<string>", line 1, in <module>
ModuleNotFoundError: No module named 'torch'
  File "<string>", line 1, in <module>
Traceback (most recent call last):
  File "<string>", line 1, in <module>
ModuleNotFoundError: No module named 'torch'
Traceback (most recent call last):
  File "<string>", line 1, in <module>
ModuleNotFoundError: No module named 'torch'
ModuleNotFoundError: No module named 'torch'
Traceback (most recent call last):
  File "<string>", line 1, in <module>
ModuleNotFoundError: No module named 'torch'
Traceback (most recent call last):
  File "<string>", line 1, in <module>
ModuleNotFoundError: No module named 'torch'
Traceback (most recent call last):
  File "<string>", line 1, in <module>
ModuleNotFoundError: No module named 'torch'
Traceback (most recent call last):
  File "<string>", line 1, in <module>
ModuleNotFoundError: No module named 'torch'
Traceback (most recent call last):
  File "<string>", line 1, in <module>
ModuleNotFoundError: No module named 'torch'
Traceback (most recent call last):
  File "<string>", line 1, in <module>
ModuleNotFoundError: No module named 'torch'
Traceback (most recent call last):
  File "<string>", line 1, in <module>
ModuleNotFoundError: No module named 'torch'
Traceback (most recent call last):
  File "<string>", line 1, in <module>
ModuleNotFoundError: No module named 'torch'
Traceback (most recent call last):
  File "<string>", line 1, in <module>
ModuleNotFoundError: No module named 'torch'
Traceback (most recent call last):
  File "<string>", line 1, in <module>
ModuleNotFoundError: No module named 'torch'
Traceback (most recent call last):
  File "<string>", line 1, in <module>
ModuleNotFoundError: No module named 'torch'
Traceback (most recent call last):
  File "<string>", line 1, in <module>
Traceback (most recent call last):
  File "<string>", line 1, in <module>
Traceback (most recent call last):
  File "<string>", line 1, in <module>
ModuleNotFoundError: No module named 'torch'
Traceback (most recent call last):
  File "<string>", line 1, in <module>
ModuleNotFoundError: No module named 'torch'
ModuleNotFoundError: No module named 'torch'
ModuleNotFoundError: No module named 'torch'
Traceback (most recent call last):
  File "<string>", line 1, in <module>
ModuleNotFoundError: No module named 'torch'
Traceback (most recent call last):
  File "<string>", line 1, in <module>
ModuleNotFoundError: No module named 'torch'
Traceback (most recent call last):
  File "<string>", line 1, in <module>
ModuleNotFoundError: No module named 'torch'
Traceback (most recent call last):
  File "<string>", line 1, in <module>
ModuleNotFoundError: No module named 'torch'
Traceback (most recent call last):
  File "<string>", line 1, in <module>
ModuleNotFoundError: No module named 'torch'
Traceback (most recent call last):
  File "<string>", line 1, in <module>
ModuleNotFoundError: No module named 'torch'
Traceback (most recent call last):
  File "<string>", line 1, in <module>
ModuleNotFoundError: No module named 'torch'
Traceback (most recent call last):
  File "<string>", line 1, in <module>
ModuleNotFoundError: No module named 'torch'
Traceback (most recent call last):
  File "<string>", line 1, in <module>
ModuleNotFoundError: No module named 'torch'
Traceback (most recent call last):
  File "<string>", line 1, in <module>
ModuleNotFoundError: No module named 'torch'
Traceback (most recent call last):
  File "<string>", line 1, in <module>
ModuleNotFoundError: No module named 'torch'
Traceback (most recent call last):
  File "<string>", line 1, in <module>
ModuleNotFoundError: No module named 'torch'
Traceback (most recent call last):
  File "<string>", line 1, in <module>
ModuleNotFoundError: No module named 'torch'
Traceback (most recent call last):
  File "<string>", line 1, in <module>
ModuleNotFoundError: No module named 'torch'
Traceback (most recent call last):
  File "<string>", line 1, in <module>
ModuleNotFoundError: No module named 'torch'
Traceback (most recent call last):
  File "<string>", line 1, in <module>
ModuleNotFoundError: No module named 'torch'
Traceback (most recent call last):
  File "<string>", line 1, in <module>
ModuleNotFoundError: No module named 'torch'
Traceback (most recent call last):
  File "<string>", line 1, in <module>
ModuleNotFoundError: No module named 'torch'
Traceback (most recent call last):
  File "<string>", line 1, in <module>
ModuleNotFoundError: No module named 'torch'
Traceback (most recent call last):
  File "<string>", line 1, in <module>
ModuleNotFoundError: No module named 'torch'
Traceback (most recent call last):
  File "<string>", line 1, in <module>
ModuleNotFoundError: No module named 'torch'
Traceback (most recent call last):
  File "<string>", line 1, in <module>
ModuleNotFoundError: No module named 'torch'
Traceback (most recent call last):
  File "<string>", line 1, in <module>
ModuleNotFoundError: No module named 'torch'
Traceback (most recent call last):
  File "<string>", line 1, in <module>
Traceback (most recent call last):
  File "<string>", line 1, in <module>
ModuleNotFoundError: No module named 'torch'
Traceback (most recent call last):
  File "<string>", line 1, in <module>
ModuleNotFoundError: No module named 'torch'
Traceback (most recent call last):
  File "<string>", line 1, in <module>
Traceback (most recent call last):
  File "<string>", line 1, in <module>
ModuleNotFoundError: No module named 'torch'
ModuleNotFoundError: No module named 'torch'
Traceback (most recent call last):
  File "<string>", line 1, in <module>
ModuleNotFoundError: No module named 'torch'
Traceback (most recent call last):
  File "<string>", line 1, in <module>
ModuleNotFoundError: No module named 'torch'
Traceback (most recent call last):
  File "<string>", line 1, in <module>
ModuleNotFoundError: No module named 'torch'
ModuleNotFoundError: No module named 'torch'
Traceback (most recent call last):
  File "<string>", line 1, in <module>
ModuleNotFoundError: No module named 'torch'
Traceback (most recent call last):
  File "<string>", line 1, in <module>
ModuleNotFoundError: No module named 'torch'
Traceback (most recent call last):
  File "<string>", line 1, in <module>
ModuleNotFoundError: No module named 'torch'
Traceback (most recent call last):
  File "<string>", line 1, in <module>
ModuleNotFoundError: No module named 'torch'
Traceback (most recent call last):
  File "<string>", line 1, in <module>
ModuleNotFoundError: No module named 'torch'
Traceback (most recent call last):
  File "<string>", line 1, in <module>
ModuleNotFoundError: No module named 'torch'
Traceback (most recent call last):
  File "<string>", line 1, in <module>
ModuleNotFoundError: No module named 'torch'
Traceback (most recent call last):
  File "<string>", line 1, in <module>
ModuleNotFoundError: No module named 'torch'
Traceback (most recent call last):
Traceback (most recent call last):
  File "<string>", line 1, in <module>
ModuleNotFoundError: No module named 'torch'
Traceback (most recent call last):
  File "<string>", line 1, in <module>
ModuleNotFoundError: No module named 'torch'
Traceback (most recent call last):
  File "<string>", line 1, in <module>
ModuleNotFoundError: No module named 'torch'
Traceback (most recent call last):
  File "<string>", line 1, in <module>
ModuleNotFoundError: No module named 'torch'
Traceback (most recent call last):
  File "<string>", line 1, in <module>
ModuleNotFoundError: No module named 'torch'
Traceback (most recent call last):
  File "<string>", line 1, in <module>
ModuleNotFoundError: No module named 'torch'
  File "<string>", line 1, in <module>
ModuleNotFoundError: No module named 'torch'
Traceback (most recent call last):
  File "<string>", line 1, in <module>
ModuleNotFoundError: No module named 'torch'
Traceback (most recent call last):
  File "<string>", line 1, in <module>
ModuleNotFoundError: No module named 'torch'
Traceback (most recent call last):
  File "<string>", line 1, in <module>
ModuleNotFoundError: No module named 'torch'
Traceback (most recent call last):
  File "<string>", line 1, in <module>
ModuleNotFoundError: No module named 'torch'
Traceback (most recent call last):
  File "<string>", line 1, in <module>
ModuleNotFoundError: No module named 'torch'
Traceback (most recent call last):
  File "<string>", line 1, in <module>
ModuleNotFoundError: No module named 'torch'
Traceback (most recent call last):
  File "<string>", line 1, in <module>
ModuleNotFoundError: No module named 'torch'
Traceback (most recent call last):
  File "<string>", line 1, in <module>
ModuleNotFoundError: No module named 'torch'
Traceback (most recent call last):
  File "<string>", line 1, in <module>
ModuleNotFoundError: No module named 'torch'
Traceback (most recent call last):
  File "<string>", line 1, in <module>
ModuleNotFoundError: No module named 'torch'
Traceback (most recent call last):
  File "<string>", line 1, in <module>
ModuleNotFoundError: No module named 'torch'
Traceback (most recent call last):
  File "<string>", line 1, in <module>
ModuleNotFoundError: No module named 'torch'
Traceback (most recent call last):
  File "<string>", line 1, in <module>
ModuleNotFoundError: No module named 'torch'
Traceback (most recent call last):
  File "<string>", line 1, in <module>
ModuleNotFoundError: No module named 'torch'
Traceback (most recent call last):
  File "<string>", line 1, in <module>
ModuleNotFoundError: No module named 'torch'
Traceback (most recent call last):
  File "<string>", line 1, in <module>
ModuleNotFoundError: No module named 'torch'
Traceback (most recent call last):
  File "<string>", line 1, in <module>
ModuleNotFoundError: No module named 'torch'
Traceback (most recent call last):
  File "<string>", line 1, in <module>
ModuleNotFoundError: No module named 'torch'
Traceback (most recent call last):
  File "<string>", line 1, in <module>
ModuleNotFoundError: No module named 'torch'
Traceback (most recent call last):
  File "<string>", line 1, in <module>
ModuleNotFoundError: No module named 'torch'
Traceback (most recent call last):
  File "<string>", line 1, in <module>
ModuleNotFoundError: No module named 'torch'
Traceback (most recent call last):
  File "<string>", line 1, in <module>
ModuleNotFoundError: No module named 'torch'
Traceback (most recent call last):
  File "<string>", line 1, in <module>
ModuleNotFoundError: No module named 'torch'
Traceback (most recent call last):
  File "<string>", line 1, in <module>
ModuleNotFoundError: No module named 'torch'
Traceback (most recent call last):
  File "<string>", line 1, in <module>
ModuleNotFoundError: No module named 'torch'
Traceback (most recent call last):
  File "<string>", line 1, in <module>
ModuleNotFoundError: No module named 'torch'
Traceback (most recent call last):
  File "<string>", line 1, in <module>
ModuleNotFoundError: No module named 'torch'
Traceback (most recent call last):
  File "<string>", line 1, in <module>
ModuleNotFoundError: No module named 'torch'
Traceback (most recent call last):
  File "<string>", line 1, in <module>
ModuleNotFoundError: No module named 'torch'
Traceback (most recent call last):
  File "<string>", line 1, in <module>
ModuleNotFoundError: No module named 'torch'
Traceback (most recent call last):
  File "<string>", line 1, in <module>
ModuleNotFoundError: No module named 'torch'
Traceback (most recent call last):
  File "<string>", line 1, in <module>
ModuleNotFoundError: No module named 'torch'
Traceback (most recent call last):
  File "<string>", line 1, in <module>
ModuleNotFoundError: No module named 'torch'
Traceback (most recent call last):
  File "<string>", line 1, in <module>
ModuleNotFoundError: No module named 'torch'
Traceback (most recent call last):
  File "<string>", line 1, in <module>
ModuleNotFoundError: No module named 'torch'
Traceback (most recent call last):
  File "<string>", line 1, in <module>
ModuleNotFoundError: No module named 'torch'
Traceback (most recent call last):
  File "<string>", line 1, in <module>
ModuleNotFoundError: No module named 'torch'
Traceback (most recent call last):
  File "<string>", line 1, in <module>
ModuleNotFoundError: No module named 'torch'
Traceback (most recent call last):
  File "<string>", line 1, in <module>
ModuleNotFoundError: No module named 'torch'
Traceback (most recent call last):
  File "<string>", line 1, in <module>
ModuleNotFoundError: No module named 'torch'
Traceback (most recent call last):
  File "<string>", line 1, in <module>
ModuleNotFoundError: No module named 'torch'
Traceback (most recent call last):
  File "<string>", line 1, in <module>
ModuleNotFoundError: No module named 'torch'
Traceback (most recent call last):
  File "<string>", line 1, in <module>
ModuleNotFoundError: No module named 'torch'
Traceback (most recent call last):
  File "<string>", line 1, in <module>
Traceback (most recent call last):
  File "<string>", line 1, in <module>
ModuleNotFoundError: No module named 'torch'
Traceback (most recent call last):
  File "<string>", line 1, in <module>
ModuleNotFoundError: No module named 'torch'
Traceback (most recent call last):
  File "<string>", line 1, in <module>
ModuleNotFoundError: No module named 'torch'
ModuleNotFoundError: No module named 'torch'
Traceback (most recent call last):
  File "<string>", line 1, in <module>
ModuleNotFoundError: No module named 'torch'
Traceback (most recent call last):
  File "<string>", line 1, in <module>
ModuleNotFoundError: No module named 'torch'
Traceback (most recent call last):
  File "<string>", line 1, in <module>
ModuleNotFoundError: No module named 'torch'
Traceback (most recent call last):
  File "<string>", line 1, in <module>
ModuleNotFoundError: No module named 'torch'
Traceback (most recent call last):
  File "<string>", line 1, in <module>
ModuleNotFoundError: No module named 'torch'
Traceback (most recent call last):
  File "<string>", line 1, in <module>
ModuleNotFoundError: No module named 'torch'
Traceback (most recent call last):
  File "<string>", line 1, in <module>
ModuleNotFoundError: No module named 'torch'
Traceback (most recent call last):
  File "<string>", line 1, in <module>
ModuleNotFoundError: No module named 'torch'
Traceback (most recent call last):
  File "<string>", line 1, in <module>
ModuleNotFoundError: No module named 'torch'
Traceback (most recent call last):
  File "<string>", line 1, in <module>
ModuleNotFoundError: No module named 'torch'
Traceback (most recent call last):
  File "<string>", line 1, in <module>
ModuleNotFoundError: No module named 'torch'
Traceback (most recent call last):
  File "<string>", line 1, in <module>
ModuleNotFoundError: No module named 'torch'
Traceback (most recent call last):
  File "<string>", line 1, in <module>
ModuleNotFoundError: No module named 'torch'
Traceback (most recent call last):
  File "<string>", line 1, in <module>
ModuleNotFoundError: No module named 'torch'
Traceback (most recent call last):
  File "<string>", line 1, in <module>
Traceback (most recent call last):
  File "<string>", line 1, in <module>
ModuleNotFoundError: No module named 'torch'
Traceback (most recent call last):
  File "<string>", line 1, in <module>
ModuleNotFoundError: No module named 'torch'
Traceback (most recent call last):
  File "<string>", line 1, in <module>
ModuleNotFoundError: No module named 'torch'
Traceback (most recent call last):
  File "<string>", line 1, in <module>
ModuleNotFoundError: No module named 'torch'
Traceback (most recent call last):
  File "<string>", line 1, in <module>
ModuleNotFoundError: No module named 'torch'
Traceback (most recent call last):
  File "<string>", line 1, in <module>
ModuleNotFoundError: No module named 'torch'
ModuleNotFoundError: No module named 'torch'
Traceback (most recent call last):
  File "<string>", line 1, in <module>
ModuleNotFoundError: No module named 'torch'
Traceback (most recent call last):
  File "<string>", line 1, in <module>
ModuleNotFoundError: No module named 'torch'
Traceback (most recent call last):
  File "<string>", line 1, in <module>
ModuleNotFoundError: No module named 'torch'
Traceback (most recent call last):
  File "<string>", line 1, in <module>
ModuleNotFoundError: No module named 'torch'
Traceback (most recent call last):
  File "<string>", line 1, in <module>
ModuleNotFoundError: No module named 'torch'
Traceback (most recent call last):
Traceback (most recent call last):
  File "<string>", line 1, in <module>
ModuleNotFoundError: No module named 'torch'
Traceback (most recent call last):
  File "<string>", line 1, in <module>
ModuleNotFoundError: No module named 'torch'
Traceback (most recent call last):
  File "<string>", line 1, in <module>
ModuleNotFoundError: No module named 'torch'
  File "<string>", line 1, in <module>
ModuleNotFoundError: No module named 'torch'
Traceback (most recent call last):
  File "<string>", line 1, in <module>
ModuleNotFoundError: No module named 'torch'
Traceback (most recent call last):
  File "<string>", line 1, in <module>
ModuleNotFoundError: No module named 'torch'
Traceback (most recent call last):
  File "<string>", line 1, in <module>
ModuleNotFoundError: No module named 'torch'
Traceback (most recent call last):
  File "<string>", line 1, in <module>
ModuleNotFoundError: No module named 'torch'
Traceback (most recent call last):
  File "<string>", line 1, in <module>
ModuleNotFoundError: No module named 'torch'
Traceback (most recent call last):
  File "<string>", line 1, in <module>
ModuleNotFoundError: No module named 'torch'
Traceback (most recent call last):
  File "<string>", line 1, in <module>
ModuleNotFoundError: No module named 'torch'
Traceback (most recent call last):
  File "<string>", line 1, in <module>
ModuleNotFoundError: No module named 'torch'
Traceback (most recent call last):
  File "<string>", line 1, in <module>
ModuleNotFoundError: No module named 'torch'
Traceback (most recent call last):
  File "<string>", line 1, in <module>
ModuleNotFoundError: No module named 'torch'
Traceback (most recent call last):
  File "<string>", line 1, in <module>
ModuleNotFoundError: No module named 'torch'
Traceback (most recent call last):
  File "<string>", line 1, in <module>
ModuleNotFoundError: No module named 'torch'
Traceback (most recent call last):
  File "<string>", line 1, in <module>
ModuleNotFoundError: No module named 'torch'
Traceback (most recent call last):
  File "<string>", line 1, in <module>
ModuleNotFoundError: No module named 'torch'
Traceback (most recent call last):
  File "<string>", line 1, in <module>
ModuleNotFoundError: No module named 'torch'
Traceback (most recent call last):
  File "<string>", line 1, in <module>
ModuleNotFoundError: No module named 'torch'
Traceback (most recent call last):
  File "<string>", line 1, in <module>
ModuleNotFoundError: No module named 'torch'
Traceback (most recent call last):
  File "<string>", line 1, in <module>
ModuleNotFoundError: No module named 'torch'
Traceback (most recent call last):
  File "<string>", line 1, in <module>
ModuleNotFoundError: No module named 'torch'
Traceback (most recent call last):
  File "<string>", line 1, in <module>
ModuleNotFoundError: No module named 'torch'
Traceback (most recent call last):
  File "<string>", line 1, in <module>
ModuleNotFoundError: No module named 'torch'
Traceback (most recent call last):
  File "<string>", line 1, in <module>
ModuleNotFoundError: No module named 'torch'
Traceback (most recent call last):
  File "<string>", line 1, in <module>
ModuleNotFoundError: No module named 'torch'
Traceback (most recent call last):
  File "<string>", line 1, in <module>
ModuleNotFoundError: No module named 'torch'
Traceback (most recent call last):
  File "<string>", line 1, in <module>
ModuleNotFoundError: No module named 'torch'
Traceback (most recent call last):
  File "<string>", line 1, in <module>
ModuleNotFoundError: No module named 'torch'
Traceback (most recent call last):
  File "<string>", line 1, in <module>
ModuleNotFoundError: No module named 'torch'
Traceback (most recent call last):
  File "<string>", line 1, in <module>
ModuleNotFoundError: No module named 'torch'
Traceback (most recent call last):
  File "<string>", line 1, in <module>
ModuleNotFoundError: No module named 'torch'
Traceback (most recent call last):
  File "<string>", line 1, in <module>
ModuleNotFoundError: No module named 'torch'
Traceback (most recent call last):
  File "<string>", line 1, in <module>
ModuleNotFoundError: No module named 'torch'
Traceback (most recent call last):
  File "<string>", line 1, in <module>
ModuleNotFoundError: No module named 'torch'
Traceback (most recent call last):
  File "<string>", line 1, in <module>
ModuleNotFoundError: No module named 'torch'
Traceback (most recent call last):
  File "<string>", line 1, in <module>
ModuleNotFoundError: No module named 'torch'
Traceback (most recent call last):
  File "<string>", line 1, in <module>
ModuleNotFoundError: No module named 'torch'
Traceback (most recent call last):
  File "<string>", line 1, in <module>
ModuleNotFoundError: No module named 'torch'
Traceback (most recent call last):
  File "<string>", line 1, in <module>
ModuleNotFoundError: No module named 'torch'
Traceback (most recent call last):
  File "<string>", line 1, in <module>
ModuleNotFoundError: No module named 'torch'
Traceback (most recent call last):
  File "<string>", line 1, in <module>
ModuleNotFoundError: No module named 'torch'
Traceback (most recent call last):
  File "<string>", line 1, in <module>
ModuleNotFoundError: No module named 'torch'
Traceback (most recent call last):
  File "<string>", line 1, in <module>
ModuleNotFoundError: No module named 'torch'
Traceback (most recent call last):
  File "<string>", line 1, in <module>
ModuleNotFoundError: No module named 'torch'
Traceback (most recent call last):
  File "<string>", line 1, in <module>
ModuleNotFoundError: No module named 'torch'
Traceback (most recent call last):
  File "<string>", line 1, in <module>
ModuleNotFoundError: No module named 'torch'
Traceback (most recent call last):
  File "<string>", line 1, in <module>
ModuleNotFoundError: No module named 'torch'
Traceback (most recent call last):
  File "<string>", line 1, in <module>
ModuleNotFoundError: No module named 'torch'
Traceback (most recent call last):
  File "<string>", line 1, in <module>
ModuleNotFoundError: No module named 'torch'
Traceback (most recent call last):
  File "<string>", line 1, in <module>
ModuleNotFoundError: No module named 'torch'
Traceback (most recent call last):
  File "<string>", line 1, in <module>
ModuleNotFoundError: No module named 'torch'
Traceback (most recent call last):
  File "<string>", line 1, in <module>
ModuleNotFoundError: No module named 'torch'
Traceback (most recent call last):
  File "<string>", line 1, in <module>
ModuleNotFoundError: No module named 'torch'
Traceback (most recent call last):
  File "<string>", line 1, in <module>
ModuleNotFoundError: No module named 'torch'
Traceback (most recent call last):
  File "<string>", line 1, in <module>
ModuleNotFoundError: No module named 'torch'
Traceback (most recent call last):
  File "<string>", line 1, in <module>
ModuleNotFoundError: No module named 'torch'
Traceback (most recent call last):
  File "<string>", line 1, in <module>
ModuleNotFoundError: No module named 'torch'
Traceback (most recent call last):
Traceback (most recent call last):
  File "<string>", line 1, in <module>
ModuleNotFoundError: No module named 'torch'
  File "<string>", line 1, in <module>
ModuleNotFoundError: No module named 'torch'
Traceback (most recent call last):
  File "<string>", line 1, in <module>
ModuleNotFoundError: No module named 'torch'
Traceback (most recent call last):
  File "<string>", line 1, in <module>
ModuleNotFoundError: No module named 'torch'
Traceback (most recent call last):
  File "<string>", line 1, in <module>
ModuleNotFoundError: No module named 'torch'
Traceback (most recent call last):
  File "<string>", line 1, in <module>
ModuleNotFoundError: No module named 'torch'
Traceback (most recent call last):
  File "<string>", line 1, in <module>
ModuleNotFoundError: No module named 'torch'
Traceback (most recent call last):
  File "<string>", line 1, in <module>
ModuleNotFoundError: No module named 'torch'
Traceback (most recent call last):
  File "<string>", line 1, in <module>
Traceback (most recent call last):
  File "<string>", line 1, in <module>
ModuleNotFoundError: No module named 'torch'
Traceback (most recent call last):
  File "<string>", line 1, in <module>
ModuleNotFoundError: No module named 'torch'
Traceback (most recent call last):
  File "<string>", line 1, in <module>
ModuleNotFoundError: No module named 'torch'
ModuleNotFoundError: No module named 'torch'
Traceback (most recent call last):
  File "<string>", line 1, in <module>
ModuleNotFoundError: No module named 'torch'
Traceback (most recent call last):
  File "<string>", line 1, in <module>
ModuleNotFoundError: No module named 'torch'
Traceback (most recent call last):
  File "<string>", line 1, in <module>
ModuleNotFoundError: No module named 'torch'
Traceback (most recent call last):
  File "<string>", line 1, in <module>
ModuleNotFoundError: No module named 'torch'
Traceback (most recent call last):
  File "<string>", line 1, in <module>
ModuleNotFoundError: No module named 'torch'
Traceback (most recent call last):
  File "<string>", line 1, in <module>
ModuleNotFoundError: No module named 'torch'
Traceback (most recent call last):
  File "<string>", line 1, in <module>
ModuleNotFoundError: No module named 'torch'
Traceback (most recent call last):
  File "<string>", line 1, in <module>
ModuleNotFoundError: No module named 'torch'
Traceback (most recent call last):
  File "<string>", line 1, in <module>
ModuleNotFoundError: No module named 'torch'
Traceback (most recent call last):
  File "<string>", line 1, in <module>
ModuleNotFoundError: No module named 'torch'
Traceback (most recent call last):
  File "<string>", line 1, in <module>
ModuleNotFoundError: No module named 'torch'
Traceback (most recent call last):
  File "<string>", line 1, in <module>
ModuleNotFoundError: No module named 'torch'
Traceback (most recent call last):
  File "<string>", line 1, in <module>
ModuleNotFoundError: No module named 'torch'
Traceback (most recent call last):
  File "<string>", line 1, in <module>
ModuleNotFoundError: No module named 'torch'
Traceback (most recent call last):
  File "<string>", line 1, in <module>
ModuleNotFoundError: No module named 'torch'
Traceback (most recent call last):
  File "<string>", line 1, in <module>
ModuleNotFoundError: No module named 'torch'
Traceback (most recent call last):
  File "<string>", line 1, in <module>
ModuleNotFoundError: No module named 'torch'
Traceback (most recent call last):
  File "<string>", line 1, in <module>
ModuleNotFoundError: No module named 'torch'
Traceback (most recent call last):
  File "<string>", line 1, in <module>
ModuleNotFoundError: No module named 'torch'
Traceback (most recent call last):
  File "<string>", line 1, in <module>
ModuleNotFoundError: No module named 'torch'
Traceback (most recent call last):
  File "<string>", line 1, in <module>
ModuleNotFoundError: No module named 'torch'
Traceback (most recent call last):
  File "<string>", line 1, in <module>
ModuleNotFoundError: No module named 'torch'
Traceback (most recent call last):
  File "<string>", line 1, in <module>
ModuleNotFoundError: No module named 'torch'
Traceback (most recent call last):
  File "<string>", line 1, in <module>
ModuleNotFoundError: No module named 'torch'
Traceback (most recent call last):
  File "<string>", line 1, in <module>
ModuleNotFoundError: No module named 'torch'
Traceback (most recent call last):
  File "<string>", line 1, in <module>
ModuleNotFoundError: No module named 'torch'
Traceback (most recent call last):
  File "<string>", line 1, in <module>
ModuleNotFoundError: No module named 'torch'
Traceback (most recent call last):
  File "<string>", line 1, in <module>
ModuleNotFoundError: No module named 'torch'
Traceback (most recent call last):
  File "<string>", line 1, in <module>
ModuleNotFoundError: No module named 'torch'
Traceback (most recent call last):
  File "<string>", line 1, in <module>
ModuleNotFoundError: No module named 'torch'
Traceback (most recent call last):
  File "<string>", line 1, in <module>
ModuleNotFoundError: No module named 'torch'
Traceback (most recent call last):
  File "<string>", line 1, in <module>
ModuleNotFoundError: No module named 'torch'
Traceback (most recent call last):
  File "<string>", line 1, in <module>
ModuleNotFoundError: No module named 'torch'
Traceback (most recent call last):
  File "<string>", line 1, in <module>
ModuleNotFoundError: No module named 'torch'
Traceback (most recent call last):
  File "<string>", line 1, in <module>
ModuleNotFoundError: No module named 'torch'
Traceback (most recent call last):
  File "<string>", line 1, in <module>
ModuleNotFoundError: No module named 'torch'
Traceback (most recent call last):
  File "<string>", line 1, in <module>
ModuleNotFoundError: No module named 'torch'
Traceback (most recent call last):
  File "<string>", line 1, in <module>
ModuleNotFoundError: No module named 'torch'
Traceback (most recent call last):
  File "<string>", line 1, in <module>
ModuleNotFoundError: No module named 'torch'
Traceback (most recent call last):
  File "<string>", line 1, in <module>
ModuleNotFoundError: No module named 'torch'
Traceback (most recent call last):
  File "<string>", line 1, in <module>
ModuleNotFoundError: No module named 'torch'
Traceback (most recent call last):
  File "<string>", line 1, in <module>
Traceback (most recent call last):
  File "<string>", line 1, in <module>
ModuleNotFoundError: No module named 'torch'
Traceback (most recent call last):
  File "<string>", line 1, in <module>
ModuleNotFoundError: No module named 'torch'
Traceback (most recent call last):
  File "<string>", line 1, in <module>
ModuleNotFoundError: No module named 'torch'
Traceback (most recent call last):
  File "<string>", line 1, in <module>
Traceback (most recent call last):
  File "<string>", line 1, in <module>
ModuleNotFoundError: No module named 'torch'
ModuleNotFoundError: No module named 'torch'
Traceback (most recent call last):
  File "<string>", line 1, in <module>
ModuleNotFoundError: No module named 'torch'
Traceback (most recent call last):
  File "<string>", line 1, in <module>
ModuleNotFoundError: No module named 'torch'
ModuleNotFoundError: No module named 'torch'
Traceback (most recent call last):
  File "<string>", line 1, in <module>
ModuleNotFoundError: No module named 'torch'
Traceback (most recent call last):
  File "<string>", line 1, in <module>
ModuleNotFoundError: No module named 'torch'
Traceback (most recent call last):
  File "<string>", line 1, in <module>
Traceback (most recent call last):
  File "<string>", line 1, in <module>
ModuleNotFoundError: No module named 'torch'
ModuleNotFoundError: No module named 'torch'
Traceback (most recent call last):
  File "<string>", line 1, in <module>
ModuleNotFoundError: No module named 'torch'
Traceback (most recent call last):
  File "<string>", line 1, in <module>
ModuleNotFoundError: No module named 'torch'
Traceback (most recent call last):
  File "<string>", line 1, in <module>
ModuleNotFoundError: No module named 'torch'
Traceback (most recent call last):
  File "<string>", line 1, in <module>
ModuleNotFoundError: No module named 'torch'
Traceback (most recent call last):
  File "<string>", line 1, in <module>
ModuleNotFoundError: No module named 'torch'
Traceback (most recent call last):
  File "<string>", line 1, in <module>
ModuleNotFoundError: No module named 'torch'
Traceback (most recent call last):
  File "<string>", line 1, in <module>
ModuleNotFoundError: No module named 'torch'
Traceback (most recent call last):
  File "<string>", line 1, in <module>
ModuleNotFoundError: No module named 'torch'
Traceback (most recent call last):
  File "<string>", line 1, in <module>
ModuleNotFoundError: No module named 'torch'
Traceback (most recent call last):
  File "<string>", line 1, in <module>
ModuleNotFoundError: No module named 'torch'
Traceback (most recent call last):
  File "<string>", line 1, in <module>
ModuleNotFoundError: No module named 'torch'
Traceback (most recent call last):
  File "<string>", line 1, in <module>
ModuleNotFoundError: No module named 'torch'
Traceback (most recent call last):
  File "<string>", line 1, in <module>
ModuleNotFoundError: No module named 'torch'
Traceback (most recent call last):
  File "<string>", line 1, in <module>
ModuleNotFoundError: No module named 'torch'
Traceback (most recent call last):
  File "<string>", line 1, in <module>
ModuleNotFoundError: No module named 'torch'
Traceback (most recent call last):
  File "<string>", line 1, in <module>
Traceback (most recent call last):
  File "<string>", line 1, in <module>
ModuleNotFoundError: No module named 'torch'
Traceback (most recent call last):
  File "<string>", line 1, in <module>
ModuleNotFoundError: No module named 'torch'
Traceback (most recent call last):
  File "<string>", line 1, in <module>
ModuleNotFoundError: No module named 'torch'
Traceback (most recent call last):
  File "<string>", line 1, in <module>
ModuleNotFoundError: No module named 'torch'
Traceback (most recent call last):
  File "<string>", line 1, in <module>
ModuleNotFoundError: No module named 'torch'
ModuleNotFoundError: No module named 'torch'
Traceback (most recent call last):
  File "<string>", line 1, in <module>
ModuleNotFoundError: No module named 'torch'
Traceback (most recent call last):
  File "<string>", line 1, in <module>
ModuleNotFoundError: No module named 'torch'
Traceback (most recent call last):
  File "<string>", line 1, in <module>
ModuleNotFoundError: No module named 'torch'
Traceback (most recent call last):
  File "<string>", line 1, in <module>
ModuleNotFoundError: No module named 'torch'
Traceback (most recent call last):
  File "<string>", line 1, in <module>
ModuleNotFoundError: No module named 'torch'
Traceback (most recent call last):
  File "<string>", line 1, in <module>
ModuleNotFoundError: No module named 'torch'
Traceback (most recent call last):
  File "<string>", line 1, in <module>
ModuleNotFoundError: No module named 'torch'
Traceback (most recent call last):
  File "<string>", line 1, in <module>
ModuleNotFoundError: No module named 'torch'
Traceback (most recent call last):
  File "<string>", line 1, in <module>
ModuleNotFoundError: No module named 'torch'
Traceback (most recent call last):
  File "<string>", line 1, in <module>
ModuleNotFoundError: No module named 'torch'
Traceback (most recent call last):
  File "<string>", line 1, in <module>
ModuleNotFoundError: No module named 'torch'
Traceback (most recent call last):
  File "<string>", line 1, in <module>
ModuleNotFoundError: No module named 'torch'
Traceback (most recent call last):
  File "<string>", line 1, in <module>
ModuleNotFoundError: No module named 'torch'
Traceback (most recent call last):
  File "<string>", line 1, in <module>
ModuleNotFoundError: No module named 'torch'
Traceback (most recent call last):
  File "<string>", line 1, in <module>
ModuleNotFoundError: No module named 'torch'
Traceback (most recent call last):
  File "<string>", line 1, in <module>
ModuleNotFoundError: No module named 'torch'
Traceback (most recent call last):
  File "<string>", line 1, in <module>
ModuleNotFoundError: No module named 'torch'
Traceback (most recent call last):
  File "<string>", line 1, in <module>
ModuleNotFoundError: No module named 'torch'
Traceback (most recent call last):
  File "<string>", line 1, in <module>
ModuleNotFoundError: No module named 'torch'
Traceback (most recent call last):
  File "<string>", line 1, in <module>
ModuleNotFoundError: No module named 'torch'
Traceback (most recent call last):
  File "<string>", line 1, in <module>
ModuleNotFoundError: No module named 'torch'
Traceback (most recent call last):
  File "<string>", line 1, in <module>
ModuleNotFoundError: No module named 'torch'
Traceback (most recent call last):
  File "<string>", line 1, in <module>
ModuleNotFoundError: No module named 'torch'
Traceback (most recent call last):
  File "<string>", line 1, in <module>
ModuleNotFoundError: No module named 'torch'
Traceback (most recent call last):
  File "<string>", line 1, in <module>
ModuleNotFoundError: No module named 'torch'
Traceback (most recent call last):
  File "<string>", line 1, in <module>
ModuleNotFoundError: No module named 'torch'
Traceback (most recent call last):
  File "<string>", line 1, in <module>
ModuleNotFoundError: No module named 'torch'
Traceback (most recent call last):
  File "<string>", line 1, in <module>
ModuleNotFoundError: No module named 'torch'
Traceback (most recent call last):
  File "<string>", line 1, in <module>
ModuleNotFoundError: No module named 'torch'
Traceback (most recent call last):
Traceback (most recent call last):
  File "<string>", line 1, in <module>
ModuleNotFoundError: No module named 'torch'
  File "<string>", line 1, in <module>
ModuleNotFoundError: No module named 'torch'
Traceback (most recent call last):
  File "<string>", line 1, in <module>
ModuleNotFoundError: No module named 'torch'
Traceback (most recent call last):
  File "<string>", line 1, in <module>
ModuleNotFoundError: No module named 'torch'
Traceback (most recent call last):
  File "<string>", line 1, in <module>
ModuleNotFoundError: No module named 'torch'
Traceback (most recent call last):
  File "<string>", line 1, in <module>
ModuleNotFoundError: No module named 'torch'
Traceback (most recent call last):
  File "<string>", line 1, in <module>
Traceback (most recent call last):
  File "<string>", line 1, in <module>
ModuleNotFoundError: No module named 'torch'
Traceback (most recent call last):
  File "<string>", line 1, in <module>
Traceback (most recent call last):
  File "<string>", line 1, in <module>
ModuleNotFoundError: No module named 'torch'
ModuleNotFoundError: No module named 'torch'
ModuleNotFoundError: No module named 'torch'
Traceback (most recent call last):
  File "<string>", line 1, in <module>
ModuleNotFoundError: No module named 'torch'
Traceback (most recent call last):
  File "<string>", line 1, in <module>
ModuleNotFoundError: No module named 'torch'
Traceback (most recent call last):
  File "<string>", line 1, in <module>
ModuleNotFoundError: No module named 'torch'
Traceback (most recent call last):
  File "<string>", line 1, in <module>
ModuleNotFoundError: No module named 'torch'
Traceback (most recent call last):
  File "<string>", line 1, in <module>
Traceback (most recent call last):
  File "<string>", line 1, in <module>
ModuleNotFoundError: No module named 'torch'
Traceback (most recent call last):
  File "<string>", line 1, in <module>
ModuleNotFoundError: No module named 'torch'
ModuleNotFoundError: No module named 'torch'
Traceback (most recent call last):
  File "<string>", line 1, in <module>
Traceback (most recent call last):
  File "<string>", line 1, in <module>
ModuleNotFoundError: No module named 'torch'
Traceback (most recent call last):
  File "<string>", line 1, in <module>
ModuleNotFoundError: No module named 'torch'
Traceback (most recent call last):
  File "<string>", line 1, in <module>
ModuleNotFoundError: No module named 'torch'
ModuleNotFoundError: No module named 'torch'
Traceback (most recent call last):
  File "<string>", line 1, in <module>
ModuleNotFoundError: No module named 'torch'
Traceback (most recent call last):
  File "<string>", line 1, in <module>
ModuleNotFoundError: No module named 'torch'
Traceback (most recent call last):
  File "<string>", line 1, in <module>
ModuleNotFoundError: No module named 'torch'
Traceback (most recent call last):
  File "<string>", line 1, in <module>
ModuleNotFoundError: No module named 'torch'
Traceback (most recent call last):
  File "<string>", line 1, in <module>
ModuleNotFoundError: No module named 'torch'
Traceback (most recent call last):
  File "<string>", line 1, in <module>
ModuleNotFoundError: No module named 'torch'
Traceback (most recent call last):
  File "<string>", line 1, in <module>
ModuleNotFoundError: No module named 'torch'
Traceback (most recent call last):
  File "<string>", line 1, in <module>
ModuleNotFoundError: No module named 'torch'
Traceback (most recent call last):
  File "<string>", line 1, in <module>
Traceback (most recent call last):
  File "<string>", line 1, in <module>
ModuleNotFoundError: No module named 'torch'
Traceback (most recent call last):
  File "<string>", line 1, in <module>
ModuleNotFoundError: No module named 'torch'
Traceback (most recent call last):
  File "<string>", line 1, in <module>
ModuleNotFoundError: No module named 'torch'
ModuleNotFoundError: No module named 'torch'
Traceback (most recent call last):
  File "<string>", line 1, in <module>
ModuleNotFoundError: No module named 'torch'
Traceback (most recent call last):
  File "<string>", line 1, in <module>
ModuleNotFoundError: No module named 'torch'
Traceback (most recent call last):
  File "<string>", line 1, in <module>
ModuleNotFoundError: No module named 'torch'
Traceback (most recent call last):
  File "<string>", line 1, in <module>
ModuleNotFoundError: No module named 'torch'
Traceback (most recent call last):
  File "<string>", line 1, in <module>
ModuleNotFoundError: No module named 'torch'
Traceback (most recent call last):
  File "<string>", line 1, in <module>
ModuleNotFoundError: No module named 'torch'
Traceback (most recent call last):
  File "<string>", line 1, in <module>
ModuleNotFoundError: No module named 'torch'
Traceback (most recent call last):
  File "<string>", line 1, in <module>
ModuleNotFoundError: No module named 'torch'
Traceback (most recent call last):
  File "<string>", line 1, in <module>
ModuleNotFoundError: No module named 'torch'
Traceback (most recent call last):
  File "<string>", line 1, in <module>
ModuleNotFoundError: No module named 'torch'
Traceback (most recent call last):
  File "<string>", line 1, in <module>
ModuleNotFoundError: No module named 'torch'
Traceback (most recent call last):
  File "<string>", line 1, in <module>
ModuleNotFoundError: No module named 'torch'
Traceback (most recent call last):
  File "<string>", line 1, in <module>
ModuleNotFoundError: No module named 'torch'
Traceback (most recent call last):
  File "<string>", line 1, in <module>
ModuleNotFoundError: No module named 'torch'
Traceback (most recent call last):
  File "<string>", line 1, in <module>
ModuleNotFoundError: No module named 'torch'
Traceback (most recent call last):
  File "<string>", line 1, in <module>
ModuleNotFoundError: No module named 'torch'
Traceback (most recent call last):
  File "<string>", line 1, in <module>
ModuleNotFoundError: No module named 'torch'
Traceback (most recent call last):
  File "<string>", line 1, in <module>
ModuleNotFoundError: No module named 'torch'
Traceback (most recent call last):
  File "<string>", line 1, in <module>
ModuleNotFoundError: No module named 'torch'
Traceback (most recent call last):
  File "<string>", line 1, in <module>
ModuleNotFoundError: No module named 'torch'
Traceback (most recent call last):
  File "<string>", line 1, in <module>
ModuleNotFoundError: No module named 'torch'
Traceback (most recent call last):
  File "<string>", line 1, in <module>
ModuleNotFoundError: No module named 'torch'
Traceback (most recent call last):
  File "<string>", line 1, in <module>
ModuleNotFoundError: No module named 'torch'
Traceback (most recent call last):
  File "<string>", line 1, in <module>
ModuleNotFoundError: No module named 'torch'
Traceback (most recent call last):
  File "<string>", line 1, in <module>
ModuleNotFoundError: No module named 'torch'
Traceback (most recent call last):
  File "<string>", line 1, in <module>
ModuleNotFoundError: No module named 'torch'
Traceback (most recent call last):
  File "<string>", line 1, in <module>
ModuleNotFoundError: No module named 'torch'
Traceback (most recent call last):
  File "<string>", line 1, in <module>
ModuleNotFoundError: No module named 'torch'
Traceback (most recent call last):
  File "<string>", line 1, in <module>
ModuleNotFoundError: No module named 'torch'
Traceback (most recent call last):
  File "<string>", line 1, in <module>
ModuleNotFoundError: No module named 'torch'
Traceback (most recent call last):
  File "<string>", line 1, in <module>
ModuleNotFoundError: No module named 'torch'
Traceback (most recent call last):
  File "<string>", line 1, in <module>
ModuleNotFoundError: No module named 'torch'
Traceback (most recent call last):
  File "<string>", line 1, in <module>
ModuleNotFoundError: No module named 'torch'
Traceback (most recent call last):
  File "<string>", line 1, in <module>
ModuleNotFoundError: No module named 'torch'
Traceback (most recent call last):
  File "<string>", line 1, in <module>
ModuleNotFoundError: No module named 'torch'
Traceback (most recent call last):
  File "<string>", line 1, in <module>
ModuleNotFoundError: No module named 'torch'
Traceback (most recent call last):
  File "<string>", line 1, in <module>
ModuleNotFoundError: No module named 'torch'
Traceback (most recent call last):
  File "<string>", line 1, in <module>
ModuleNotFoundError: No module named 'torch'
Traceback (most recent call last):
  File "<string>", line 1, in <module>
ModuleNotFoundError: No module named 'torch'
Traceback (most recent call last):
  File "<string>", line 1, in <module>
ModuleNotFoundError: No module named 'torch'
Traceback (most recent call last):
  File "<string>", line 1, in <module>
ModuleNotFoundError: No module named 'torch'
Traceback (most recent call last):
  File "<string>", line 1, in <module>
ModuleNotFoundError: No module named 'torch'
Traceback (most recent call last):
  File "<string>", line 1, in <module>
ModuleNotFoundError: No module named 'torch'
Traceback (most recent call last):
  File "<string>", line 1, in <module>
ModuleNotFoundError: No module named 'torch'
Traceback (most recent call last):
  File "<string>", line 1, in <module>
Traceback (most recent call last):
  File "<string>", line 1, in <module>
ModuleNotFoundError: No module named 'torch'
Traceback (most recent call last):
  File "<string>", line 1, in <module>
ModuleNotFoundError: No module named 'torch'
ModuleNotFoundError: No module named 'torch'
Traceback (most recent call last):
  File "<string>", line 1, in <module>
ModuleNotFoundError: No module named 'torch'
Traceback (most recent call last):
  File "<string>", line 1, in <module>
ModuleNotFoundError: No module named 'torch'
Traceback (most recent call last):
  File "<string>", line 1, in <module>
ModuleNotFoundError: No module named 'torch'
Traceback (most recent call last):
  File "<string>", line 1, in <module>
ModuleNotFoundError: No module named 'torch'
Traceback (most recent call last):
  File "<string>", line 1, in <module>
ModuleNotFoundError: No module named 'torch'
Traceback (most recent call last):
  File "<string>", line 1, in <module>
ModuleNotFoundError: No module named 'torch'
Traceback (most recent call last):
  File "<string>", line 1, in <module>
ModuleNotFoundError: No module named 'torch'
Traceback (most recent call last):
  File "<string>", line 1, in <module>
ModuleNotFoundError: No module named 'torch'
Traceback (most recent call last):
  File "<string>", line 1, in <module>
Traceback (most recent call last):
  File "<string>", line 1, in <module>
ModuleNotFoundError: No module named 'torch'
ModuleNotFoundError: No module named 'torch'
Traceback (most recent call last):
  File "<string>", line 1, in <module>
ModuleNotFoundError: No module named 'torch'
Traceback (most recent call last):
  File "<string>", line 1, in <module>
ModuleNotFoundError: No module named 'torch'
Traceback (most recent call last):
  File "<string>", line 1, in <module>
ModuleNotFoundError: No module named 'torch'
Traceback (most recent call last):
  File "<string>", line 1, in <module>
Traceback (most recent call last):
  File "<string>", line 1, in <module>
ModuleNotFoundError: No module named 'torch'
ModuleNotFoundError: No module named 'torch'
Traceback (most recent call last):
  File "<string>", line 1, in <module>
ModuleNotFoundError: No module named 'torch'
Traceback (most recent call last):
  File "<string>", line 1, in <module>
ModuleNotFoundError: No module named 'torch'
Traceback (most recent call last):
  File "<string>", line 1, in <module>
ModuleNotFoundError: No module named 'torch'
Traceback (most recent call last):
  File "<string>", line 1, in <module>
ModuleNotFoundError: No module named 'torch'
Traceback (most recent call last):
  File "<string>", line 1, in <module>
ModuleNotFoundError: No module named 'torch'
Traceback (most recent call last):
  File "<string>", line 1, in <module>
ModuleNotFoundError: No module named 'torch'
Traceback (most recent call last):
  File "<string>", line 1, in <module>
ModuleNotFoundError: No module named 'torch'
Traceback (most recent call last):
  File "<string>", line 1, in <module>
ModuleNotFoundError: No module named 'torch'
Traceback (most recent call last):
  File "<string>", line 1, in <module>
ModuleNotFoundError: No module named 'torch'
Traceback (most recent call last):
  File "<string>", line 1, in <module>
ModuleNotFoundError: No module named 'torch'
Traceback (most recent call last):
  File "<string>", line 1, in <module>
ModuleNotFoundError: No module named 'torch'
Traceback (most recent call last):
  File "<string>", line 1, in <module>
ModuleNotFoundError: No module named 'torch'
Traceback (most recent call last):
  File "<string>", line 1, in <module>
ModuleNotFoundError: No module named 'torch'
Traceback (most recent call last):
  File "<string>", line 1, in <module>
ModuleNotFoundError: No module named 'torch'
Traceback (most recent call last):
  File "<string>", line 1, in <module>
ModuleNotFoundError: No module named 'torch'
Traceback (most recent call last):
  File "<string>", line 1, in <module>
ModuleNotFoundError: No module named 'torch'
Traceback (most recent call last):
  File "<string>", line 1, in <module>
ModuleNotFoundError: No module named 'torch'
Traceback (most recent call last):
  File "<string>", line 1, in <module>
ModuleNotFoundError: No module named 'torch'
Traceback (most recent call last):
  File "<string>", line 1, in <module>
ModuleNotFoundError: No module named 'torch'
Traceback (most recent call last):
  File "<string>", line 1, in <module>
ModuleNotFoundError: No module named 'torch'
Traceback (most recent call last):
  File "<string>", line 1, in <module>
ModuleNotFoundError: No module named 'torch'
Traceback (most recent call last):
  File "<string>", line 1, in <module>
ModuleNotFoundError: No module named 'torch'
Traceback (most recent call last):
  File "<string>", line 1, in <module>
ModuleNotFoundError: No module named 'torch'
Traceback (most recent call last):
  File "<string>", line 1, in <module>
ModuleNotFoundError: No module named 'torch'
Traceback (most recent call last):
  File "<string>", line 1, in <module>
ModuleNotFoundError: No module named 'torch'
Traceback (most recent call last):
  File "<string>", line 1, in <module>
ModuleNotFoundError: No module named 'torch'
Traceback (most recent call last):
  File "<string>", line 1, in <module>
ModuleNotFoundError: No module named 'torch'
Traceback (most recent call last):
  File "<string>", line 1, in <module>
ModuleNotFoundError: No module named 'torch'
Traceback (most recent call last):
  File "<string>", line 1, in <module>
ModuleNotFoundError: No module named 'torch'
Traceback (most recent call last):
  File "<string>", line 1, in <module>
ModuleNotFoundError: No module named 'torch'
Traceback (most recent call last):
  File "<string>", line 1, in <module>
ModuleNotFoundError: No module named 'torch'
Traceback (most recent call last):
  File "<string>", line 1, in <module>
ModuleNotFoundError: No module named 'torch'
Traceback (most recent call last):
  File "<string>", line 1, in <module>
ModuleNotFoundError: No module named 'torch'
Traceback (most recent call last):
  File "<string>", line 1, in <module>
ModuleNotFoundError: No module named 'torch'
Traceback (most recent call last):
  File "<string>", line 1, in <module>
ModuleNotFoundError: No module named 'torch'
Traceback (most recent call last):
  File "<string>", line 1, in <module>
ModuleNotFoundError: No module named 'torch'
Traceback (most recent call last):
  File "<string>", line 1, in <module>
ModuleNotFoundError: No module named 'torch'
Traceback (most recent call last):
  File "<string>", line 1, in <module>
ModuleNotFoundError: No module named 'torch'
Traceback (most recent call last):
  File "<string>", line 1, in <module>
ModuleNotFoundError: No module named 'torch'
Traceback (most recent call last):
  File "<string>", line 1, in <module>
ModuleNotFoundError: No module named 'torch'
Traceback (most recent call last):
  File "<string>", line 1, in <module>
ModuleNotFoundError: No module named 'torch'
Traceback (most recent call last):
  File "<string>", line 1, in <module>
ModuleNotFoundError: No module named 'torch'
Traceback (most recent call last):
  File "<string>", line 1, in <module>
ModuleNotFoundError: No module named 'torch'
Traceback (most recent call last):
  File "<string>", line 1, in <module>
ModuleNotFoundError: No module named 'torch'
Traceback (most recent call last):
  File "<string>", line 1, in <module>
ModuleNotFoundError: No module named 'torch'
Traceback (most recent call last):
  File "<string>", line 1, in <module>
ModuleNotFoundError: No module named 'torch'
Traceback (most recent call last):
  File "<string>", line 1, in <module>
ModuleNotFoundError: No module named 'torch'
Traceback (most recent call last):
  File "<string>", line 1, in <module>
ModuleNotFoundError: No module named 'torch'
Traceback (most recent call last):
  File "<string>", line 1, in <module>
ModuleNotFoundError: No module named 'torch'
Traceback (most recent call last):
  File "<string>", line 1, in <module>
ModuleNotFoundError: No module named 'torch'
Traceback (most recent call last):
  File "<string>", line 1, in <module>
ModuleNotFoundError: No module named 'torch'
Traceback (most recent call last):
  File "<string>", line 1, in <module>
ModuleNotFoundError: No module named 'torch'
Traceback (most recent call last):
  File "<string>", line 1, in <module>
ModuleNotFoundError: No module named 'torch'
Traceback (most recent call last):
  File "<string>", line 1, in <module>
ModuleNotFoundError: No module named 'torch'
Traceback (most recent call last):
  File "<string>", line 1, in <module>
ModuleNotFoundError: No module named 'torch'
Traceback (most recent call last):
  File "<string>", line 1, in <module>
ModuleNotFoundError: No module named 'torch'
Traceback (most recent call last):
  File "<string>", line 1, in <module>
ModuleNotFoundError: No module named 'torch'
Traceback (most recent call last):
  File "<string>", line 1, in <module>
ModuleNotFoundError: No module named 'torch'
Traceback (most recent call last):
  File "<string>", line 1, in <module>
ModuleNotFoundError: No module named 'torch'
Traceback (most recent call last):
  File "<string>", line 1, in <module>
ModuleNotFoundError: No module named 'torch'
Traceback (most recent call last):
  File "<string>", line 1, in <module>
ModuleNotFoundError: No module named 'torch'
Traceback (most recent call last):
  File "<string>", line 1, in <module>
ModuleNotFoundError: No module named 'torch'
Traceback (most recent call last):
  File "<string>", line 1, in <module>
ModuleNotFoundError: No module named 'torch'
Traceback (most recent call last):
  File "<string>", line 1, in <module>
ModuleNotFoundError: No module named 'torch'
Traceback (most recent call last):
  File "<string>", line 1, in <module>
ModuleNotFoundError: No module named 'torch'
Traceback (most recent call last):
  File "<string>", line 1, in <module>
ModuleNotFoundError: No module named 'torch'
Traceback (most recent call last):
  File "<string>", line 1, in <module>
ModuleNotFoundError: No module named 'torch'
Traceback (most recent call last):
  File "<string>", line 1, in <module>
ModuleNotFoundError: No module named 'torch'
Traceback (most recent call last):
  File "<string>", line 1, in <module>
ModuleNotFoundError: No module named 'torch'
Traceback (most recent call last):
  File "<string>", line 1, in <module>
ModuleNotFoundError: No module named 'torch'
Traceback (most recent call last):
  File "<string>", line 1, in <module>
ModuleNotFoundError: No module named 'torch'
Traceback (most recent call last):
  File "<string>", line 1, in <module>
ModuleNotFoundError: No module named 'torch'
Traceback (most recent call last):
  File "<string>", line 1, in <module>
ModuleNotFoundError: No module named 'torch'
Traceback (most recent call last):
  File "<string>", line 1, in <module>
ModuleNotFoundError: No module named 'torch'
Traceback (most recent call last):
  File "<string>", line 1, in <module>
ModuleNotFoundError: No module named 'torch'
Traceback (most recent call last):
  File "<string>", line 1, in <module>
ModuleNotFoundError: No module named 'torch'
Traceback (most recent call last):
  File "<string>", line 1, in <module>
ModuleNotFoundError: No module named 'torch'
Traceback (most recent call last):
  File "<string>", line 1, in <module>
ModuleNotFoundError: No module named 'torch'
Traceback (most recent call last):
  File "<string>", line 1, in <module>
ModuleNotFoundError: No module named 'torch'
Traceback (most recent call last):
  File "<string>", line 1, in <module>
ModuleNotFoundError: No module named 'torch'
Traceback (most recent call last):
  File "<string>", line 1, in <module>
ModuleNotFoundError: No module named 'torch'
Traceback (most recent call last):
  File "<string>", line 1, in <module>
ModuleNotFoundError: No module named 'torch'
Traceback (most recent call last):
  File "<string>", line 1, in <module>
ModuleNotFoundError: No module named 'torch'
Traceback (most recent call last):
  File "<string>", line 1, in <module>
ModuleNotFoundError: No module named 'torch'
Traceback (most recent call last):
  File "<string>", line 1, in <module>
Traceback (most recent call last):
  File "<string>", line 1, in <module>
ModuleNotFoundError: No module named 'torch'
ModuleNotFoundError: No module named 'torch'
Traceback (most recent call last):
  File "<string>", line 1, in <module>
ModuleNotFoundError: No module named 'torch'
Traceback (most recent call last):
  File "<string>", line 1, in <module>
ModuleNotFoundError: No module named 'torch'
Traceback (most recent call last):
  File "<string>", line 1, in <module>
ModuleNotFoundError: No module named 'torch'
Traceback (most recent call last):
  File "<string>", line 1, in <module>
ModuleNotFoundError: No module named 'torch'
Traceback (most recent call last):
  File "<string>", line 1, in <module>
ModuleNotFoundError: No module named 'torch'
Traceback (most recent call last):
  File "<string>", line 1, in <module>
ModuleNotFoundError: No module named 'torch'
Traceback (most recent call last):
  File "<string>", line 1, in <module>
Traceback (most recent call last):
  File "<string>", line 1, in <module>
ModuleNotFoundError: No module named 'torch'
ModuleNotFoundError: No module named 'torch'
Traceback (most recent call last):
  File "<string>", line 1, in <module>
ModuleNotFoundError: No module named 'torch'
Traceback (most recent call last):
  File "<string>", line 1, in <module>
ModuleNotFoundError: No module named 'torch'
Traceback (most recent call last):
  File "<string>", line 1, in <module>
ModuleNotFoundError: No module named 'torch'
Traceback (most recent call last):
  File "<string>", line 1, in <module>
ModuleNotFoundError: No module named 'torch'
Traceback (most recent call last):
  File "<string>", line 1, in <module>
ModuleNotFoundError: No module named 'torch'
Traceback (most recent call last):
  File "<string>", line 1, in <module>
ModuleNotFoundError: No module named 'torch'
Traceback (most recent call last):
  File "<string>", line 1, in <module>
ModuleNotFoundError: No module named 'torch'
Traceback (most recent call last):
  File "<string>", line 1, in <module>
ModuleNotFoundError: No module named 'torch'
Traceback (most recent call last):
  File "<string>", line 1, in <module>
ModuleNotFoundError: No module named 'torch'
Traceback (most recent call last):
  File "<string>", line 1, in <module>
Traceback (most recent call last):
  File "<string>", line 1, in <module>
ModuleNotFoundError: No module named 'torch'
Traceback (most recent call last):
  File "<string>", line 1, in <module>
ModuleNotFoundError: No module named 'torch'
ModuleNotFoundError: No module named 'torch'
Traceback (most recent call last):
  File "<string>", line 1, in <module>
ModuleNotFoundError: No module named 'torch'
Traceback (most recent call last):
  File "<string>", line 1, in <module>
ModuleNotFoundError: No module named 'torch'
Traceback (most recent call last):
  File "<string>", line 1, in <module>
ModuleNotFoundError: No module named 'torch'
Traceback (most recent call last):
  File "<string>", line 1, in <module>
ModuleNotFoundError: No module named 'torch'
Traceback (most recent call last):
  File "<string>", line 1, in <module>
ModuleNotFoundError: No module named 'torch'
Traceback (most recent call last):
  File "<string>", line 1, in <module>
ModuleNotFoundError: No module named 'torch'
Traceback (most recent call last):
  File "<string>", line 1, in <module>
ModuleNotFoundError: No module named 'torch'
Traceback (most recent call last):
  File "<string>", line 1, in <module>
ModuleNotFoundError: No module named 'torch'
Traceback (most recent call last):
  File "<string>", line 1, in <module>
ModuleNotFoundError: No module named 'torch'
Traceback (most recent call last):
  File "<string>", line 1, in <module>
ModuleNotFoundError: No module named 'torch'
Traceback (most recent call last):
  File "<string>", line 1, in <module>
ModuleNotFoundError: No module named 'torch'
Traceback (most recent call last):
  File "<string>", line 1, in <module>
Traceback (most recent call last):
ModuleNotFoundError: No module named 'torch'
  File "<string>", line 1, in <module>
ModuleNotFoundError: No module named 'torch'
Traceback (most recent call last):
  File "<string>", line 1, in <module>
ModuleNotFoundError: No module named 'torch'
Traceback (most recent call last):
  File "<string>", line 1, in <module>
ModuleNotFoundError: No module named 'torch'
Traceback (most recent call last):
  File "<string>", line 1, in <module>
ModuleNotFoundError: No module named 'torch'
Traceback (most recent call last):
  File "<string>", line 1, in <module>
ModuleNotFoundError: No module named 'torch'
Traceback (most recent call last):
  File "<string>", line 1, in <module>
ModuleNotFoundError: No module named 'torch'
Traceback (most recent call last):
  File "<string>", line 1, in <module>
ModuleNotFoundError: No module named 'torch'
Traceback (most recent call last):
  File "<string>", line 1, in <module>
ModuleNotFoundError: No module named 'torch'
Traceback (most recent call last):
  File "<string>", line 1, in <module>
ModuleNotFoundError: No module named 'torch'
Traceback (most recent call last):
  File "<string>", line 1, in <module>
ModuleNotFoundError: No module named 'torch'
Traceback (most recent call last):
  File "<string>", line 1, in <module>
ModuleNotFoundError: No module named 'torch'
Traceback (most recent call last):
  File "<string>", line 1, in <module>
ModuleNotFoundError: No module named 'torch'
Traceback (most recent call last):
  File "<string>", line 1, in <module>
ModuleNotFoundError: No module named 'torch'
Traceback (most recent call last):
  File "<string>", line 1, in <module>
ModuleNotFoundError: No module named 'torch'
Traceback (most recent call last):
  File "<string>", line 1, in <module>
ModuleNotFoundError: No module named 'torch'
Traceback (most recent call last):
  File "<string>", line 1, in <module>
ModuleNotFoundError: No module named 'torch'
Traceback (most recent call last):
  File "<string>", line 1, in <module>
ModuleNotFoundError: No module named 'torch'
Traceback (most recent call last):
  File "<string>", line 1, in <module>
ModuleNotFoundError: No module named 'torch'
Traceback (most recent call last):
  File "<string>", line 1, in <module>
ModuleNotFoundError: No module named 'torch'
Traceback (most recent call last):
  File "<string>", line 1, in <module>
ModuleNotFoundError: No module named 'torch'
Traceback (most recent call last):
  File "<string>", line 1, in <module>
ModuleNotFoundError: No module named 'torch'
Traceback (most recent call last):
  File "<string>", line 1, in <module>
ModuleNotFoundError: No module named 'torch'
Traceback (most recent call last):
  File "<string>", line 1, in <module>
ModuleNotFoundError: No module named 'torch'
Traceback (most recent call last):
  File "<string>", line 1, in <module>
ModuleNotFoundError: No module named 'torch'
Traceback (most recent call last):
  File "<string>", line 1, in <module>
ModuleNotFoundError: No module named 'torch'
Traceback (most recent call last):
  File "<string>", line 1, in <module>
ModuleNotFoundError: No module named 'torch'
Traceback (most recent call last):
  File "<string>", line 1, in <module>
ModuleNotFoundError: No module named 'torch'
Traceback (most recent call last):
  File "<string>", line 1, in <module>
ModuleNotFoundError: No module named 'torch'
Traceback (most recent call last):
  File "<string>", line 1, in <module>
ModuleNotFoundError: No module named 'torch'
Traceback (most recent call last):
  File "<string>", line 1, in <module>
ModuleNotFoundError: No module named 'torch'
Traceback (most recent call last):
  File "<string>", line 1, in <module>
ModuleNotFoundError: No module named 'torch'
Traceback (most recent call last):
  File "<string>", line 1, in <module>
ModuleNotFoundError: No module named 'torch'
Traceback (most recent call last):
  File "<string>", line 1, in <module>
ModuleNotFoundError: No module named 'torch'
Traceback (most recent call last):
  File "<string>", line 1, in <module>
ModuleNotFoundError: No module named 'torch'
Traceback (most recent call last):
  File "<string>", line 1, in <module>
ModuleNotFoundError: No module named 'torch'
Traceback (most recent call last):
  File "<string>", line 1, in <module>
ModuleNotFoundError: No module named 'torch'
Traceback (most recent call last):
Traceback (most recent call last):
  File "<string>", line 1, in <module>
ModuleNotFoundError: No module named 'torch'
Traceback (most recent call last):
  File "<string>", line 1, in <module>
ModuleNotFoundError: No module named 'torch'
  File "<string>", line 1, in <module>
ModuleNotFoundError: No module named 'torch'
Traceback (most recent call last):
  File "<string>", line 1, in <module>
ModuleNotFoundError: No module named 'torch'
Traceback (most recent call last):
  File "<string>", line 1, in <module>
ModuleNotFoundError: No module named 'torch'
Traceback (most recent call last):
  File "<string>", line 1, in <module>
ModuleNotFoundError: No module named 'torch'
Traceback (most recent call last):
  File "<string>", line 1, in <module>
ModuleNotFoundError: No module named 'torch'
Traceback (most recent call last):
  File "<string>", line 1, in <module>
ModuleNotFoundError: No module named 'torch'
Traceback (most recent call last):
  File "<string>", line 1, in <module>
ModuleNotFoundError: No module named 'torch'
Traceback (most recent call last):
  File "<string>", line 1, in <module>
ModuleNotFoundError: No module named 'torch'
Traceback (most recent call last):
  File "<string>", line 1, in <module>
ModuleNotFoundError: No module named 'torch'
Traceback (most recent call last):
  File "<string>", line 1, in <module>
ModuleNotFoundError: No module named 'torch'
Traceback (most recent call last):
  File "<string>", line 1, in <module>
ModuleNotFoundError: No module named 'torch'
Traceback (most recent call last):
  File "<string>", line 1, in <module>
ModuleNotFoundError: No module named 'torch'
Traceback (most recent call last):
  File "<string>", line 1, in <module>
ModuleNotFoundError: No module named 'torch'
Traceback (most recent call last):
  File "<string>", line 1, in <module>
ModuleNotFoundError: No module named 'torch'
Traceback (most recent call last):
  File "<string>", line 1, in <module>
ModuleNotFoundError: No module named 'torch'
Traceback (most recent call last):
  File "<string>", line 1, in <module>
ModuleNotFoundError: No module named 'torch'
Traceback (most recent call last):
  File "<string>", line 1, in <module>
ModuleNotFoundError: No module named 'torch'
Traceback (most recent call last):
  File "<string>", line 1, in <module>
ModuleNotFoundError: No module named 'torch'
Traceback (most recent call last):
  File "<string>", line 1, in <module>
ModuleNotFoundError: No module named 'torch'
Traceback (most recent call last):
  File "<string>", line 1, in <module>
ModuleNotFoundError: No module named 'torch'
Traceback (most recent call last):
  File "<string>", line 1, in <module>
ModuleNotFoundError: No module named 'torch'
Traceback (most recent call last):
  File "<string>", line 1, in <module>
ModuleNotFoundError: No module named 'torch'
Traceback (most recent call last):
  File "<string>", line 1, in <module>
ModuleNotFoundError: No module named 'torch'
Traceback (most recent call last):
  File "<string>", line 1, in <module>
ModuleNotFoundError: No module named 'torch'
Traceback (most recent call last):
  File "<string>", line 1, in <module>
ModuleNotFoundError: No module named 'torch'
Traceback (most recent call last):
  File "<string>", line 1, in <module>
ModuleNotFoundError: No module named 'torch'
Traceback (most recent call last):
  File "<string>", line 1, in <module>
ModuleNotFoundError: No module named 'torch'
Traceback (most recent call last):
  File "<string>", line 1, in <module>
ModuleNotFoundError: No module named 'torch'
Traceback (most recent call last):
  File "<string>", line 1, in <module>
ModuleNotFoundError: No module named 'torch'
Traceback (most recent call last):
  File "<string>", line 1, in <module>
ModuleNotFoundError: No module named 'torch'
Traceback (most recent call last):
  File "<string>", line 1, in <module>
ModuleNotFoundError: No module named 'torch'
Traceback (most recent call last):
  File "<string>", line 1, in <module>
ModuleNotFoundError: No module named 'torch'
Traceback (most recent call last):
  File "<string>", line 1, in <module>
ModuleNotFoundError: No module named 'torch'
Traceback (most recent call last):
  File "<string>", line 1, in <module>
ModuleNotFoundError: No module named 'torch'
Traceback (most recent call last):
  File "<string>", line 1, in <module>
ModuleNotFoundError: No module named 'torch'
Traceback (most recent call last):
  File "<string>", line 1, in <module>
ModuleNotFoundError: No module named 'torch'
Traceback (most recent call last):
  File "<string>", line 1, in <module>
ModuleNotFoundError: No module named 'torch'
Traceback (most recent call last):
  File "<string>", line 1, in <module>
ModuleNotFoundError: No module named 'torch'
Traceback (most recent call last):
  File "<string>", line 1, in <module>
ModuleNotFoundError: No module named 'torch'
Traceback (most recent call last):
  File "<string>", line 1, in <module>
ModuleNotFoundError: No module named 'torch'
Traceback (most recent call last):
  File "<string>", line 1, in <module>
ModuleNotFoundError: No module named 'torch'
Traceback (most recent call last):
  File "<string>", line 1, in <module>
ModuleNotFoundError: No module named 'torch'
Traceback (most recent call last):
  File "<string>", line 1, in <module>
ModuleNotFoundError: No module named 'torch'
Traceback (most recent call last):
  File "<string>", line 1, in <module>
ModuleNotFoundError: No module named 'torch'
Traceback (most recent call last):
  File "<string>", line 1, in <module>
ModuleNotFoundError: No module named 'torch'
Traceback (most recent call last):
  File "<string>", line 1, in <module>
ModuleNotFoundError: No module named 'torch'
Traceback (most recent call last):
  File "<string>", line 1, in <module>
ModuleNotFoundError: No module named 'torch'
Traceback (most recent call last):
  File "<string>", line 1, in <module>
ModuleNotFoundError: No module named 'torch'
Traceback (most recent call last):
  File "<string>", line 1, in <module>
ModuleNotFoundError: No module named 'torch'
Traceback (most recent call last):
  File "<string>", line 1, in <module>
ModuleNotFoundError: No module named 'torch'
Traceback (most recent call last):
  File "<string>", line 1, in <module>
ModuleNotFoundError: No module named 'torch'
Traceback (most recent call last):
  File "<string>", line 1, in <module>
ModuleNotFoundError: No module named 'torch'
Traceback (most recent call last):
  File "<string>", line 1, in <module>
ModuleNotFoundError: No module named 'torch'
Traceback (most recent call last):
  File "<string>", line 1, in <module>
ModuleNotFoundError: No module named 'torch'
Traceback (most recent call last):
  File "<string>", line 1, in <module>
ModuleNotFoundError: No module named 'torch'
Traceback (most recent call last):
  File "<string>", line 1, in <module>
ModuleNotFoundError: No module named 'torch'
Traceback (most recent call last):
  File "<string>", line 1, in <module>
ModuleNotFoundError: No module named 'torch'
Traceback (most recent call last):
  File "<string>", line 1, in <module>
Traceback (most recent call last):
  File "<string>", line 1, in <module>
ModuleNotFoundError: No module named 'torch'
ModuleNotFoundError: No module named 'torch'
Traceback (most recent call last):
  File "<string>", line 1, in <module>
ModuleNotFoundError: No module named 'torch'
Traceback (most recent call last):
  File "<string>", line 1, in <module>
ModuleNotFoundError: No module named 'torch'
Traceback (most recent call last):
  File "<string>", line 1, in <module>
ModuleNotFoundError: No module named 'torch'
Traceback (most recent call last):
  File "<string>", line 1, in <module>
ModuleNotFoundError: No module named 'torch'
Traceback (most recent call last):
  File "<string>", line 1, in <module>
ModuleNotFoundError: No module named 'torch'
Traceback (most recent call last):
  File "<string>", line 1, in <module>
ModuleNotFoundError: No module named 'torch'
Traceback (most recent call last):
  File "<string>", line 1, in <module>
ModuleNotFoundError: No module named 'torch'
Traceback (most recent call last):
  File "<string>", line 1, in <module>
ModuleNotFoundError: No module named 'torch'
Traceback (most recent call last):
Traceback (most recent call last):
  File "<string>", line 1, in <module>
ModuleNotFoundError: No module named 'torch'
Traceback (most recent call last):
  File "<string>", line 1, in <module>
ModuleNotFoundError: No module named 'torch'
  File "<string>", line 1, in <module>
ModuleNotFoundError: No module named 'torch'
Traceback (most recent call last):
  File "<string>", line 1, in <module>
ModuleNotFoundError: No module named 'torch'
Traceback (most recent call last):
  File "<string>", line 1, in <module>
ModuleNotFoundError: No module named 'torch'
Traceback (most recent call last):
  File "<string>", line 1, in <module>
ModuleNotFoundError: No module named 'torch'
Traceback (most recent call last):
  File "<string>", line 1, in <module>
ModuleNotFoundError: No module named 'torch'
Traceback (most recent call last):
  File "<string>", line 1, in <module>
ModuleNotFoundError: No module named 'torch'
Traceback (most recent call last):
  File "<string>", line 1, in <module>
ModuleNotFoundError: No module named 'torch'
Traceback (most recent call last):
  File "<string>", line 1, in <module>
ModuleNotFoundError: No module named 'torch'
Traceback (most recent call last):
  File "<string>", line 1, in <module>
ModuleNotFoundError: No module named 'torch'
Traceback (most recent call last):
  File "<string>", line 1, in <module>
ModuleNotFoundError: No module named 'torch'
Traceback (most recent call last):
  File "<string>", line 1, in <module>
ModuleNotFoundError: No module named 'torch'
Traceback (most recent call last):
  File "<string>", line 1, in <module>
ModuleNotFoundError: No module named 'torch'
Traceback (most recent call last):
  File "<string>", line 1, in <module>
ModuleNotFoundError: No module named 'torch'
Traceback (most recent call last):
  File "<string>", line 1, in <module>
ModuleNotFoundError: No module named 'torch'
Traceback (most recent call last):
  File "<string>", line 1, in <module>
ModuleNotFoundError: No module named 'torch'
Traceback (most recent call last):
  File "<string>", line 1, in <module>
Traceback (most recent call last):
  File "<string>", line 1, in <module>
ModuleNotFoundError: No module named 'torch'
ModuleNotFoundError: No module named 'torch'
Traceback (most recent call last):
  File "<string>", line 1, in <module>
ModuleNotFoundError: No module named 'torch'
Traceback (most recent call last):
  File "<string>", line 1, in <module>
ModuleNotFoundError: No module named 'torch'
Traceback (most recent call last):
  File "<string>", line 1, in <module>
ModuleNotFoundError: No module named 'torch'
Traceback (most recent call last):
  File "<string>", line 1, in <module>
Traceback (most recent call last):
  File "<string>", line 1, in <module>
ModuleNotFoundError: No module named 'torch'
Traceback (most recent call last):
  File "<string>", line 1, in <module>
ModuleNotFoundError: No module named 'torch'
ModuleNotFoundError: No module named 'torch'
Traceback (most recent call last):
  File "<string>", line 1, in <module>
ModuleNotFoundError: No module named 'torch'
Traceback (most recent call last):
  File "<string>", line 1, in <module>
ModuleNotFoundError: No module named 'torch'
Traceback (most recent call last):
  File "<string>", line 1, in <module>
ModuleNotFoundError: No module named 'torch'
Traceback (most recent call last):
  File "<string>", line 1, in <module>
ModuleNotFoundError: No module named 'torch'
Traceback (most recent call last):
  File "<string>", line 1, in <module>
Traceback (most recent call last):
  File "<string>", line 1, in <module>
ModuleNotFoundError: No module named 'torch'
ModuleNotFoundError: No module named 'torch'
Traceback (most recent call last):
  File "<string>", line 1, in <module>
ModuleNotFoundError: No module named 'torch'
Traceback (most recent call last):
  File "<string>", line 1, in <module>
ModuleNotFoundError: No module named 'torch'
Traceback (most recent call last):
  File "<string>", line 1, in <module>
ModuleNotFoundError: No module named 'torch'
Traceback (most recent call last):
  File "<string>", line 1, in <module>
ModuleNotFoundError: No module named 'torch'
Traceback (most recent call last):
  File "<string>", line 1, in <module>
ModuleNotFoundError: No module named 'torch'
Traceback (most recent call last):
  File "<string>", line 1, in <module>
ModuleNotFoundError: No module named 'torch'
Traceback (most recent call last):
  File "<string>", line 1, in <module>
ModuleNotFoundError: No module named 'torch'
Traceback (most recent call last):
  File "<string>", line 1, in <module>
ModuleNotFoundError: No module named 'torch'
Traceback (most recent call last):
  File "<string>", line 1, in <module>
ModuleNotFoundError: No module named 'torch'
Traceback (most recent call last):
  File "<string>", line 1, in <module>
ModuleNotFoundError: No module named 'torch'
Traceback (most recent call last):
  File "<string>", line 1, in <module>
ModuleNotFoundError: No module named 'torch'
Traceback (most recent call last):
  File "<string>", line 1, in <module>
ModuleNotFoundError: No module named 'torch'
Traceback (most recent call last):
  File "<string>", line 1, in <module>
ModuleNotFoundError: No module named 'torch'
Traceback (most recent call last):
  File "<string>", line 1, in <module>
ModuleNotFoundError: No module named 'torch'
Traceback (most recent call last):
  File "<string>", line 1, in <module>
ModuleNotFoundError: No module named 'torch'
Traceback (most recent call last):
  File "<string>", line 1, in <module>
ModuleNotFoundError: No module named 'torch'
Traceback (most recent call last):
  File "<string>", line 1, in <module>
ModuleNotFoundError: No module named 'torch'
Traceback (most recent call last):
  File "<string>", line 1, in <module>
ModuleNotFoundError: No module named 'torch'
Traceback (most recent call last):
  File "<string>", line 1, in <module>
ModuleNotFoundError: No module named 'torch'
Traceback (most recent call last):
  File "<string>", line 1, in <module>
ModuleNotFoundError: No module named 'torch'
Traceback (most recent call last):
  File "<string>", line 1, in <module>
ModuleNotFoundError: No module named 'torch'
Traceback (most recent call last):
  File "<string>", line 1, in <module>
ModuleNotFoundError: No module named 'torch'
Traceback (most recent call last):
  File "<string>", line 1, in <module>
ModuleNotFoundError: No module named 'torch'
Traceback (most recent call last):
  File "<string>", line 1, in <module>
ModuleNotFoundError: No module named 'torch'
Traceback (most recent call last):
  File "<string>", line 1, in <module>
ModuleNotFoundError: No module named 'torch'
Traceback (most recent call last):
  File "<string>", line 1, in <module>
ModuleNotFoundError: No module named 'torch'
Traceback (most recent call last):
  File "<string>", line 1, in <module>
ModuleNotFoundError: No module named 'torch'
Traceback (most recent call last):
  File "<string>", line 1, in <module>
ModuleNotFoundError: No module named 'torch'
Traceback (most recent call last):
  File "<string>", line 1, in <module>
ModuleNotFoundError: No module named 'torch'
Traceback (most recent call last):
  File "<string>", line 1, in <module>
ModuleNotFoundError: No module named 'torch'
Traceback (most recent call last):
  File "<string>", line 1, in <module>
ModuleNotFoundError: No module named 'torch'
Traceback (most recent call last):
  File "<string>", line 1, in <module>
ModuleNotFoundError: No module named 'torch'
Traceback (most recent call last):
  File "<string>", line 1, in <module>
ModuleNotFoundError: No module named 'torch'
Traceback (most recent call last):
  File "<string>", line 1, in <module>
ModuleNotFoundError: No module named 'torch'
Traceback (most recent call last):
  File "<string>", line 1, in <module>
ModuleNotFoundError: No module named 'torch'
Traceback (most recent call last):
  File "<string>", line 1, in <module>
ModuleNotFoundError: No module named 'torch'
Traceback (most recent call last):
  File "<string>", line 1, in <module>
ModuleNotFoundError: No module named 'torch'
Traceback (most recent call last):
  File "<string>", line 1, in <module>
ModuleNotFoundError: No module named 'torch'
Traceback (most recent call last):
  File "<string>", line 1, in <module>
ModuleNotFoundError: No module named 'torch'
Traceback (most recent call last):
  File "<string>", line 1, in <module>
Traceback (most recent call last):
ModuleNotFoundError: No module named 'torch'
  File "<string>", line 1, in <module>
ModuleNotFoundError: No module named 'torch'
Traceback (most recent call last):
  File "<string>", line 1, in <module>
ModuleNotFoundError: No module named 'torch'
Traceback (most recent call last):
  File "<string>", line 1, in <module>
ModuleNotFoundError: No module named 'torch'
Traceback (most recent call last):
  File "<string>", line 1, in <module>
ModuleNotFoundError: No module named 'torch'
Traceback (most recent call last):
  File "<string>", line 1, in <module>
ModuleNotFoundError: No module named 'torch'
Traceback (most recent call last):
  File "<string>", line 1, in <module>
ModuleNotFoundError: No module named 'torch'
Traceback (most recent call last):
  File "<string>", line 1, in <module>
ModuleNotFoundError: No module named 'torch'
Traceback (most recent call last):
  File "<string>", line 1, in <module>
ModuleNotFoundError: No module named 'torch'
Traceback (most recent call last):
  File "<string>", line 1, in <module>
ModuleNotFoundError: No module named 'torch'
Traceback (most recent call last):
  File "<string>", line 1, in <module>
ModuleNotFoundError: No module named 'torch'
Traceback (most recent call last):
  File "<string>", line 1, in <module>
ModuleNotFoundError: No module named 'torch'
Traceback (most recent call last):
  File "<string>", line 1, in <module>
ModuleNotFoundError: No module named 'torch'
Traceback (most recent call last):
  File "<string>", line 1, in <module>
ModuleNotFoundError: No module named 'torch'
Traceback (most recent call last):
  File "<string>", line 1, in <module>
ModuleNotFoundError: No module named 'torch'
Traceback (most recent call last):
  File "<string>", line 1, in <module>
ModuleNotFoundError: No module named 'torch'
Traceback (most recent call last):
  File "<string>", line 1, in <module>
ModuleNotFoundError: No module named 'torch'
Traceback (most recent call last):
  File "<string>", line 1, in <module>
ModuleNotFoundError: No module named 'torch'
Traceback (most recent call last):
  File "<string>", line 1, in <module>
ModuleNotFoundError: No module named 'torch'
Traceback (most recent call last):
  File "<string>", line 1, in <module>
ModuleNotFoundError: No module named 'torch'
Traceback (most recent call last):
  File "<string>", line 1, in <module>
ModuleNotFoundError: No module named 'torch'
Traceback (most recent call last):
  File "<string>", line 1, in <module>
ModuleNotFoundError: No module named 'torch'
Traceback (most recent call last):
  File "<string>", line 1, in <module>
ModuleNotFoundError: No module named 'torch'
Traceback (most recent call last):
  File "<string>", line 1, in <module>
ModuleNotFoundError: No module named 'torch'
Traceback (most recent call last):
  File "<string>", line 1, in <module>
ModuleNotFoundError: No module named 'torch'
Traceback (most recent call last):
  File "<string>", line 1, in <module>
ModuleNotFoundError: No module named 'torch'
Traceback (most recent call last):
  File "<string>", line 1, in <module>
ModuleNotFoundError: No module named 'torch'
Traceback (most recent call last):
  File "<string>", line 1, in <module>
ModuleNotFoundError: No module named 'torch'
Traceback (most recent call last):
  File "<string>", line 1, in <module>
ModuleNotFoundError: No module named 'torch'
Traceback (most recent call last):
  File "<string>", line 1, in <module>
ModuleNotFoundError: No module named 'torch'
Traceback (most recent call last):
  File "<string>", line 1, in <module>
ModuleNotFoundError: No module named 'torch'
Traceback (most recent call last):
  File "<string>", line 1, in <module>
ModuleNotFoundError: No module named 'torch'
Traceback (most recent call last):
  File "<string>", line 1, in <module>
ModuleNotFoundError: No module named 'torch'
Traceback (most recent call last):
  File "<string>", line 1, in <module>
ModuleNotFoundError: No module named 'torch'
Traceback (most recent call last):
  File "<string>", line 1, in <module>
ModuleNotFoundError: No module named 'torch'
Traceback (most recent call last):
  File "<string>", line 1, in <module>
ModuleNotFoundError: No module named 'torch'
Traceback (most recent call last):
  File "<string>", line 1, in <module>
ModuleNotFoundError: No module named 'torch'
Traceback (most recent call last):
  File "<string>", line 1, in <module>
ModuleNotFoundError: No module named 'torch'
Traceback (most recent call last):
  File "<string>", line 1, in <module>
ModuleNotFoundError: No module named 'torch'
Traceback (most recent call last):
  File "<string>", line 1, in <module>
ModuleNotFoundError: No module named 'torch'
Traceback (most recent call last):
  File "<string>", line 1, in <module>
ModuleNotFoundError: No module named 'torch'
Traceback (most recent call last):
  File "<string>", line 1, in <module>
ModuleNotFoundError: No module named 'torch'
Traceback (most recent call last):
  File "<string>", line 1, in <module>
ModuleNotFoundError: No module named 'torch'
Traceback (most recent call last):
  File "<string>", line 1, in <module>
ModuleNotFoundError: No module named 'torch'
Traceback (most recent call last):
  File "<string>", line 1, in <module>
ModuleNotFoundError: No module named 'torch'
Traceback (most recent call last):
  File "<string>", line 1, in <module>
ModuleNotFoundError: No module named 'torch'
Traceback (most recent call last):
  File "<string>", line 1, in <module>
ModuleNotFoundError: No module named 'torch'
Traceback (most recent call last):
  File "<string>", line 1, in <module>
ModuleNotFoundError: No module named 'torch'
Traceback (most recent call last):
  File "<string>", line 1, in <module>
ModuleNotFoundError: No module named 'torch'
srun: error: frontier08116: tasks 928-935: Exited with exit code 1
srun: Terminating StepId=4186204.5
srun: error: frontier06325: tasks 784-791: Exited with exit code 1
srun: error: frontier05818: tasks 720-727: Exited with exit code 1
srun: error: frontier01345: tasks 168-175: Exited with exit code 1
srun: error: frontier03155: tasks 392-399: Exited with exit code 1
slurmstepd: error: *** STEP 4186204.5 ON frontier00073 CANCELLED AT 2026-03-08T14:40:42 ***
srun: error: frontier06963: tasks 856-863: Exited with exit code 1
srun: error: frontier04796: tasks 592-599: Exited with exit code 1
srun: error: frontier00335: tasks 40-47: Exited with exit code 1
srun: error: frontier01746: tasks 216-223: Exited with exit code 1
srun: error: frontier08760: tasks 968-975: Exited with exit code 1
srun: error: frontier04432: tasks 544-551: Exited with exit code 1
srun: error: frontier00199: tasks 24-31: Exited with exit code 1
srun: error: frontier00076: tasks 8-15: Exited with exit code 1
srun: error: frontier02642: tasks 328-335: Exited with exit code 1
srun: error: frontier04433: tasks 552-559: Exited with exit code 1
srun: error: frontier07227: tasks 872-879: Exited with exit code 1
srun: error: frontier05154: tasks 640-647: Exited with exit code 1
srun: error: frontier03283: tasks 408-415: Exited with exit code 1
srun: error: frontier06578: tasks 824-831: Exited with exit code 1
srun: error: frontier07732: tasks 904-911: Exited with exit code 1
srun: error: frontier09399: tasks 1008-1015: Exited with exit code 1
srun: error: frontier00461: tasks 56-63: Exited with exit code 1
srun: error: frontier05559: tasks 688-695: Exited with exit code 1
srun: error: frontier01614: tasks 192-199: Exited with exit code 1
srun: error: frontier02635: tasks 320-327: Exited with exit code 1
srun: error: frontier06711: tasks 832-839: Exited with exit code 1
srun: error: frontier02522: tasks 312-319: Exited with exit code 1
srun: error: frontier01214: tasks 152-159: Exited with exit code 1
srun: error: frontier03028: tasks 376-383: Exited with exit code 1
srun: error: frontier02901: tasks 360-367: Exited with exit code 1
srun: error: frontier01876: tasks 224-231: Exited with exit code 1
srun: error: frontier06074: tasks 760-767: Exited with exit code 1
srun: error: frontier02132: tasks 264-271: Exited with exit code 1
srun: error: frontier06835: tasks 848-855: Exited with exit code 1
srun: error: frontier03660: tasks 448-455: Exited with exit code 1
srun: error: frontier00837: tasks 96-103: Exited with exit code 1
srun: error: frontier04514: tasks 560-567: Exited with exit code 1
srun: error: frontier07353: tasks 880-887: Exited with exit code 1
srun: error: frontier03906: tasks 480-487: Exited with exit code 1
srun: error: frontier06198: tasks 776-783: Exited with exit code 1
srun: error: frontier08886: tasks 976-983: Exited with exit code 1
srun: error: frontier07863: tasks 912-919: Exited with exit code 1
srun: error: frontier03543: tasks 440-447: Exited with exit code 1
srun: error: frontier02223: tasks 280-287: Exited with exit code 1
srun: error: frontier08629: tasks 960-967: Exited with exit code 1
srun: error: frontier00324: tasks 32-39: Exited with exit code 1
srun: error: frontier00197: tasks 16-23: Exited with exit code 1
srun: error: frontier00975: tasks 120-127: Exited with exit code 1
srun: error: frontier02777: tasks 344-351: Exited with exit code 1
srun: error: frontier05944: tasks 736-743: Exited with exit code 1
srun: error: frontier03140: tasks 384-391: Exited with exit code 1
srun: error: frontier10168: tasks 1016-1023: Exited with exit code 1
srun: error: frontier03791: tasks 472-479: Exited with exit code 1
srun: error: frontier06326: tasks 792-799: Exited with exit code 1
srun: error: frontier00840: tasks 104-111: Exited with exit code 1
srun: error: frontier00963: tasks 112-119: Exited with exit code 1
srun: error: frontier03538: tasks 432-439: Exited with exit code 1
srun: error: frontier04692: tasks 584-591: Exited with exit code 1
srun: error: frontier01343: tasks 160-167: Exited with exit code 1
srun: error: frontier02752: tasks 336-343: Exited with exit code 1
srun: error: frontier01096: tasks 128-135: Exited with exit code 1
srun: error: frontier02885: tasks 352-359: Exited with exit code 1
srun: error: frontier04691: tasks 576-583: Exited with exit code 1
srun: error: frontier00702: tasks 80-87: Exited with exit code 1
srun: error: frontier01097: tasks 136-143: Exited with exit code 1
srun: error: frontier04298: tasks 528-535: Exited with exit code 1
srun: error: frontier01473: tasks 176-183: Exited with exit code 1
srun: error: frontier04034: tasks 496-503: Exited with exit code 1
srun: error: frontier04041: tasks 504-511: Exited with exit code 1
srun: error: frontier02392: tasks 296-303: Exited with exit code 1
srun: error: frontier04179: tasks 520-527: Exited with exit code 1
srun: error: frontier07478: tasks 888-895: Exited with exit code 1
srun: error: frontier05687: tasks 704-711: Exited with exit code 1
srun: error: frontier01488: tasks 184-191: Exited with exit code 1
srun: error: frontier09011: tasks 984-991: Exited with exit code 1
srun: error: frontier01618: tasks 200-207: Exited with exit code 1
srun: error: frontier05308: tasks 664-671: Exited with exit code 1
srun: error: frontier07091: tasks 864-871: Exited with exit code 1
srun: error: frontier04165: tasks 512-519: Exited with exit code 1
srun: error: frontier01877: tasks 232-239: Exited with exit code 1
srun: error: frontier03662: tasks 456-463: Exited with exit code 1
srun: error: frontier07603: tasks 896-903: Exited with exit code 1
srun: error: frontier08495: tasks 952-959: Exited with exit code 1
srun: error: frontier05563: tasks 696-703: Exited with exit code 1
srun: error: frontier05424: tasks 680-687: Exited with exit code 1
srun: error: frontier04562: tasks 568-575: Exited with exit code 1
srun: error: frontier04797: tasks 600-607: Exited with exit code 1
srun: error: frontier08372: tasks 944-951: Exited with exit code 1
srun: error: frontier06455: tasks 808-815: Exited with exit code 1
srun: error: frontier05948: tasks 744-751: Exited with exit code 1
srun: error: frontier05819: tasks 728-735: Exited with exit code 1
srun: error: frontier00709: tasks 88-95: Exited with exit code 1
srun: error: frontier06712: tasks 840-847: Exited with exit code 1
srun: error: frontier04920: tasks 608-615: Exited with exit code 1
srun: error: frontier03269: tasks 400-407: Exited with exit code 1
srun: error: frontier00456: tasks 48-55: Exited with exit code 1
srun: error: frontier05053: tasks 632-639: Exited with exit code 1
srun: error: frontier03410: tasks 424-431: Exited with exit code 1
srun: error: frontier08242: tasks 936-943: Exited with exit code 1
srun: error: frontier01981: tasks 248-255: Exited with exit code 1
srun: error: frontier02131: tasks 256-263: Exited with exit code 1
srun: error: frontier05414: tasks 672-679: Exited with exit code 1
srun: error: frontier05307: tasks 656-663: Exited with exit code 1
srun: error: frontier02506: tasks 304-311: Exited with exit code 1
srun: error: frontier01213: tasks 144-151: Exited with exit code 1
srun: error: frontier06066: tasks 752-759: Exited with exit code 1
srun: error: frontier04924: tasks 616-623: Exited with exit code 1
srun: error: frontier06197: tasks 768-775: Exited with exit code 1
srun: error: frontier03913: tasks 488-495: Exited with exit code 1
srun: error: frontier01729: tasks 208-215: Exited with exit code 1
srun: error: frontier00579: tasks 72-79: Exited with exit code 1
srun: error: frontier04306: tasks 536-543: Exited with exit code 1
srun: error: frontier00578: tasks 64-71: Exited with exit code 1
srun: error: frontier05049: tasks 624-631: Exited with exit code 1
srun: error: frontier07996: tasks 920-927: Exited with exit code 1
srun: error: frontier09270: tasks 1000-1007: Exited with exit code 1
srun: error: frontier02362: tasks 288-295: Exited with exit code 1
srun: error: frontier03786: tasks 464-471: Exited with exit code 1
srun: error: frontier05688: tasks 712-719: Exited with exit code 1
srun: error: frontier01978: tasks 240-247: Exited with exit code 1
srun: error: frontier03017: tasks 368-375: Exited with exit code 1
srun: error: frontier00073: tasks 0-7: Exited with exit code 1
srun: error: frontier06454: tasks 800-807: Exited with exit code 1
srun: error: frontier06574: tasks 816-823: Exited with exit code 1
srun: error: frontier03397: tasks 416-423: Exited with exit code 1
srun: error: frontier02222: tasks 272-279: Exited with exit code 1
srun: error: frontier09145: tasks 992-999: Exited with exit code 1
srun: error: frontier05174: tasks 648-655: Exited with exit code 1
Command exited with non-zero status 1
0.04user 0.09system 0:00.51elapsed 26%CPU (0avgtext+0avgdata 18432maxresident)k
0inputs+256outputs (0major+4180minor)pagefaults 0swaps
+ sleep 10
+ set +x
+ '[' -z '' ']'
+ case "$-" in
+ __lmod_vx=x
+ '[' -n x ']'
+ set +x
Shell debugging temporarily silenced: export LMOD_SH_DBG_ON=1 for this output (/opt/cray/pe/lmod/lmod/init/bash)
Shell debugging restarted
+ unset __lmod_vx
+ log_dir=/ccs/home/khana/copper-logs/4186204
+ getopts d: opt
+ case ${opt} in
+ log_dir=/lustre/orion/stf008/proj-shared/hvac/copper-cug/copper_logs
+ getopts d: opt
+ SLURM_NODEFILE=/lustre/orion/stf008/proj-shared/hvac/copper-cug/copper_logs/node_file.txt
+ echo 'Stopping Copper Gracefully On All Nodes : Start'
Stopping Copper Gracefully On All Nodes : Start
+ CU_FUSE_MNT_VIEWDIR=/tmp/khana/copper
+ clush --hostfile /lustre/orion/stf008/proj-shared/hvac/copper-cug/copper_logs/node_file.txt 'pkill -9 cu_fuse'
srun: error: frontier05174: task 81: Killed
srun: Terminating StepId=4186204.0
srun: error: frontier03538: task 54: Killed
slurmstepd: error: *** STEP 4186204.0 ON frontier00073 CANCELLED AT 2026-03-08T14:40:54 ***
srun: error: frontier04514: task 70: Killed
srun: error: frontier05049: task 78: Killed
srun: error: frontier03660: task 56: Killed
srun: error: frontier04041: task 63: Killed
srun: error: frontier03543: task 55: Killed
srun: error: frontier04432: task 68: Killed
srun: error: frontier06326: task 99: Killed
srun: error: frontier06198: task 97: Killed
srun: error: frontier00963: task 14: Killed
srun: error: frontier04433: task 69: Killed
srun: error: frontier00324: task 4: Killed
srun: error: frontier00578: task 8: Killed
srun: error: frontier00461: task 7: Killed
srun: error: frontier00709: task 11: Killed
srun: error: frontier04298: task 66: Killed
srun: error: frontier05307: task 82: Killed
srun: error: frontier04165: task 64: Killed
srun: error: frontier05559: task 86: Killed
srun: error: frontier00335: task 5: Killed
srun: error: frontier00837: task 12: Killed
srun: error: frontier04306: task 67: Killed
srun: error: frontier03906: task 60: Killed
srun: error: frontier05154: task 80: Killed
srun: error: frontier06197: task 96: Killed
srun: error: frontier04692: task 73: Killed
srun: error: frontier04924: task 77: Killed
srun: error: frontier00199: task 3: Killed
srun: error: frontier04920: task 76: Killed
srun: error: frontier04562: task 71: Killed
srun: error: frontier05818: task 90: Killed
srun: error: frontier05819: task 91: Killed
srun: error: frontier03791: task 59: Exited with exit code 7
srun: error: frontier04797: task 75: Killed
srun: error: frontier05053: task 79: Killed
srun: error: frontier06963: task 107: Exited with exit code 7
srun: error: frontier05414: task 84: Killed
srun: error: frontier06835: task 106: Exited with exit code 7
srun: error: frontier01345: task 21: Exited with exit code 7
srun: error: frontier06066: task 94: Killed
srun: error: frontier04034: task 62: Exited with exit code 7
srun: error: frontier00456: task 6: Killed
srun: error: frontier00840: task 13: Killed
srun: error: frontier07353: task 110: Exited with exit code 7
srun: error: frontier04691: task 72: Killed
srun: error: frontier01876: task 28: Exited with exit code 7
srun: error: frontier02752: task 42: Exited with exit code 7
srun: error: frontier01473: task 22: Exited with exit code 7
srun: error: frontier01746: task 27: Exited with exit code 7
srun: error: frontier10168: task 127: Exited with exit code 7
srun: error: frontier01213: task 18: Exited with exit code 7
srun: error: frontier00579: task 9: Killed
srun: error: frontier06325: task 98: Exited with exit code 7
srun: error: frontier08886: task 122: Exited with exit code 7
srun: error: frontier02901: task 45: Exited with exit code 7
srun: error: frontier01729: task 26: Exited with exit code 7
srun: error: frontier08629: task 120: Exited with exit code 7
srun: error: frontier08116: task 116: Exited with exit code 7
srun: error: frontier02223: task 35: Exited with exit code 7
srun: error: frontier01877: task 29: Exited with exit code 7
srun: error: frontier07603: task 112: Exited with exit code 7
srun: error: frontier00975: task 15: Killed
srun: error: frontier03913: task 61: Killed
srun: error: frontier04796: task 74: Exited with exit code 7
srun: error: frontier03140: task 48: Exited with exit code 7
srun: error: frontier08760: task 121: Exited with exit code 7
srun: error: frontier07732: task 113: Exited with exit code 7
srun: error: frontier05948: task 93: Killed
srun: error: frontier07227: task 109: Exited with exit code 7
srun: error: frontier04179: task 65: Exited with exit code 7
srun: error: frontier06712: task 105: Exited with exit code 7
srun: error: frontier05687: task 88: Exited with exit code 7
srun: error: frontier06074: task 95: Exited with exit code 7
srun: error: frontier03662: task 57: Exited with exit code 7
srun: error: frontier02635: task 40: Exited with exit code 7
srun: error: frontier01343: task 20: Exited with exit code 7
srun: error: frontier09399: task 126: Exited with exit code 7
srun: error: frontier00076: task 1: Exited with exit code 7
srun: error: frontier02885: task 44: Exited with exit code 7
srun: error: frontier01614: task 24: Exited with exit code 7
srun: error: frontier01214: task 19: Exited with exit code 7
srun: error: frontier06711: task 104: Exited with exit code 7
srun: error: frontier02132: task 33: Exited with exit code 7
srun: error: frontier03155: task 49: Exited with exit code 7
srun: error: frontier03028: task 47: Exited with exit code 7
srun: error: frontier07091: task 108: Exited with exit code 7
srun: error: frontier09145: task 124: Exited with exit code 7
srun: error: frontier09270: task 125: Exited with exit code 7
srun: error: frontier09011: task 123: Exited with exit code 7
srun: error: frontier06578: task 103: Exited with exit code 7
srun: error: frontier01488: task 23: Exited with exit code 7
srun: error: frontier05563: task 87: Killed
srun: error: frontier00702: task 10: Exited with exit code 7
srun: error: frontier08495: task 119: Exited with exit code 7
srun: error: frontier07863: task 114: Exited with exit code 7
srun: error: frontier02392: task 37: Exited with exit code 7
srun: error: frontier05308: task 83: Exited with exit code 7
srun: error: frontier03283: task 51: Exited with exit code 7
srun: error: frontier02777: task 43: Exited with exit code 7
srun: error: frontier06455: task 101: Exited with exit code 7
srun: error: frontier02362: task 36: Exited with exit code 7
srun: error: frontier01618: task 25: Exited with exit code 7
srun: error: frontier02131: task 32: Exited with exit code 7
srun: error: frontier02522: task 39: Exited with exit code 7
srun: error: frontier02222: task 34: Exited with exit code 7
srun: error: frontier00197: task 2: Exited with exit code 7
srun: error: frontier08242: task 117: Exited with exit code 7
srun: error: frontier01981: task 31: Exited with exit code 7
srun: error: frontier02642: task 41: Exited with exit code 7
srun: error: frontier07478: task 111: Exited with exit code 7
srun: error: frontier08372: task 118: Exited with exit code 7
srun: error: frontier05688: task 89: Killed
srun: error: frontier00073: task 0: Killed
srun: error: frontier06454: task 100: Killed
srun: error: frontier03269: task 50: Exited with exit code 7
srun: error: frontier01978: task 30: Exited with exit code 7
srun: error: frontier03786: task 58: Exited with exit code 7
srun: error: frontier02506: task 38: Exited with exit code 7
srun: error: frontier07996: task 115: Exited with exit code 7
srun: error: frontier03410: task 53: Exited with exit code 7
srun: error: frontier03397: task 52: Exited with exit code 7
srun: error: frontier03017: task 46: Exited with exit code 7
srun: error: frontier01097: task 17: Exited with exit code 7
srun: error: frontier06574: task 102: Exited with exit code 7
clush: frontier01213: exited with exit code 1
clush: frontier01214: exited with exit code 1
clush: frontier01097: exited with exit code 1
clush: frontier01343: exited with exit code 1
clush: frontier06711: exited with exit code 1
clush: frontier06835: exited with exit code 1
clush: frontier06578: exited with exit code 1
clush: frontier06712: exited with exit code 1
clush: frontier06574: exited with exit code 1
srun: error: frontier05424: task 85: Killed
srun: error: frontier05944: task 92: Killed
srun: error: frontier01096: task 16: Killed
srun: Force Terminated StepId=4186204.0
clush: frontier01345: exited with exit code 1
clush: frontier07353: exited with exit code 1
clush: frontier08116: exited with exit code 1
clush: frontier01473: exited with exit code 1
clush: frontier07603: exited with exit code 1
clush: frontier07996: exited with exit code 1
clush: frontier07227: exited with exit code 1
clush: frontier07478: exited with exit code 1
clush: frontier07732: exited with exit code 1
clush: frontier08495: exited with exit code 1
clush: frontier01729: exited with exit code 1
clush: frontier01876: exited with exit code 1
clush: frontier08760: exited with exit code 1
clush: frontier07863: exited with exit code 1
clush: frontier08629: exited with exit code 1
clush: frontier01746: exited with exit code 1
clush: frontier01877: exited with exit code 1
clush: frontier07091: exited with exit code 1
clush: frontier01978: exited with exit code 1
clush: frontier01618: exited with exit code 1
clush: frontier01614: exited with exit code 1
clush: frontier02132: exited with exit code 1
clush: frontier02362: exited with exit code 1
clush: frontier06963: exited with exit code 1
clush: frontier01981: exited with exit code 1
clush: frontier01488: exited with exit code 1
clush: frontier02223: exited with exit code 1
clush: frontier08372: exited with exit code 1
clush: frontier02222: exited with exit code 1
clush: frontier02642: exited with exit code 1
clush: frontier03028: exited with exit code 1
clush: frontier02506: exited with exit code 1
clush: frontier03017: exited with exit code 1
clush: frontier09011: exited with exit code 1
clush: frontier02777: exited with exit code 1
clush: frontier08242: exited with exit code 1
clush: frontier03397: exited with exit code 1
clush: frontier09270: exited with exit code 1
clush: frontier02131: exited with exit code 1
clush: frontier02752: exited with exit code 1
clush: frontier03283: exited with exit code 1
clush: frontier00076: exited with exit code 1
clush: frontier08886: exited with exit code 1
clush: frontier10168: exited with exit code 1
clush: frontier02522: exited with exit code 1
clush: frontier02885: exited with exit code 1
clush: frontier03410: exited with exit code 1
clush: frontier02901: exited with exit code 1
clush: frontier03140: exited with exit code 1
clush: frontier02392: exited with exit code 1
clush: frontier02635: exited with exit code 1
clush: frontier09399: exited with exit code 1
clush: frontier03269: exited with exit code 1
clush: frontier09145: exited with exit code 1
clush: frontier03155: exited with exit code 1
+ clush --hostfile /lustre/orion/stf008/proj-shared/hvac/copper-cug/copper_logs/node_file.txt 'fusermount3 -u /tmp/khana/copper'
frontier02362: fusermount3: entry for /tmp/khana/copper not found in /etc/mtab
clush: frontier02362: exited with exit code 1
frontier09270: fusermount3: entry for /tmp/khana/copper not found in /etc/mtab
clush: frontier09270: exited with exit code 1
frontier09399: fusermount3: entry for /tmp/khana/copper not found in /etc/mtab
clush: frontier09399: exited with exit code 1
frontier09145: fusermount3: entry for /tmp/khana/copper not found in /etc/mtab
clush: frontier09145: exited with exit code 1
frontier02506: fusermount3: entry for /tmp/khana/copper not found in /etc/mtab
clush: frontier02506: exited with exit code 1
frontier02635: fusermount3: entry for /tmp/khana/copper not found in /etc/mtab
clush: frontier02635: exited with exit code 1
frontier02752: fusermount3: entry for /tmp/khana/copper not found in /etc/mtab
clush: frontier02752: exited with exit code 1
frontier02642: fusermount3: entry for /tmp/khana/copper not found in /etc/mtab
clush: frontier02642: exited with exit code 1
frontier02392: fusermount3: entry for /tmp/khana/copper not found in /etc/mtab
clush: frontier02392: exited with exit code 1
frontier09011: fusermount3: entry for /tmp/khana/copper not found in /etc/mtab
clush: frontier09011: exited with exit code 1
frontier08760: fusermount3: entry for /tmp/khana/copper not found in /etc/mtab
clush: frontier08760: exited with exit code 1
frontier02522: fusermount3: entry for /tmp/khana/copper not found in /etc/mtab
clush: frontier02522: exited with exit code 1
frontier03913: fusermount3: entry for /tmp/khana/copper not found in /etc/mtab
frontier08886: fusermount3: entry for /tmp/khana/copper not found in /etc/mtab
clush: frontier03913: exited with exit code 1
clush: frontier08886: exited with exit code 1
frontier03397: fusermount3: entry for /tmp/khana/copper not found in /etc/mtab
frontier03028: fusermount3: entry for /tmp/khana/copper not found in /etc/mtab
clush: frontier03397: exited with exit code 1
clush: frontier03028: exited with exit code 1
frontier03269: fusermount3: entry for /tmp/khana/copper not found in /etc/mtab
clush: frontier03269: exited with exit code 1
frontier03140: fusermount3: entry for /tmp/khana/copper not found in /etc/mtab
clush: frontier03140: exited with exit code 1
frontier03017: fusermount3: entry for /tmp/khana/copper not found in /etc/mtab
clush: frontier03017: exited with exit code 1
frontier04562: fusermount3: entry for /tmp/khana/copper not found in /etc/mtab
frontier03662: fusermount3: entry for /tmp/khana/copper not found in /etc/mtab
frontier02777: fusermount3: entry for /tmp/khana/copper not found in /etc/mtab
clush: frontier04562: exited with exit code 1
clush: frontier03662: exited with exit code 1
frontier03791: fusermount3: entry for /tmp/khana/copper not found in /etc/mtab
clush: frontier02777: exited with exit code 1
frontier04179: fusermount3: entry for /tmp/khana/copper not found in /etc/mtab
clush: frontier03791: exited with exit code 1
clush: frontier04179: exited with exit code 1
frontier10168: fusermount3: entry for /tmp/khana/copper not found in /etc/mtab
frontier04796: fusermount3: entry for /tmp/khana/copper not found in /etc/mtab
clush: frontier10168: exited with exit code 1
clush: frontier04796: exited with exit code 1
frontier04797: fusermount3: entry for /tmp/khana/copper not found in /etc/mtab
clush: frontier04797: exited with exit code 1
frontier05424: fusermount3: entry for /tmp/khana/copper not found in /etc/mtab
frontier03155: fusermount3: entry for /tmp/khana/copper not found in /etc/mtab
clush: frontier05424: exited with exit code 1
clush: frontier03155: exited with exit code 1
frontier04920: fusermount3: entry for /tmp/khana/copper not found in /etc/mtab
clush: frontier04920: exited with exit code 1
frontier00197: fusermount3: entry for /tmp/khana/copper not found in /etc/mtab
clush: frontier00197: exited with exit code 1
frontier05563: fusermount3: entry for /tmp/khana/copper not found in /etc/mtab
frontier00076: fusermount3: entry for /tmp/khana/copper not found in /etc/mtab
clush: frontier05563: exited with exit code 1
frontier02885: fusermount3: entry for /tmp/khana/copper not found in /etc/mtab
clush: frontier00076: exited with exit code 1
clush: frontier02885: exited with exit code 1
frontier04034: fusermount3: entry for /tmp/khana/copper not found in /etc/mtab
clush: frontier04034: exited with exit code 1
frontier03786: fusermount3: entry for /tmp/khana/copper not found in /etc/mtab
clush: frontier03786: exited with exit code 1
frontier05414: fusermount3: entry for /tmp/khana/copper not found in /etc/mtab
clush: frontier05414: exited with exit code 1
frontier02901: fusermount3: entry for /tmp/khana/copper not found in /etc/mtab
clush: frontier02901: exited with exit code 1
frontier05308: fusermount3: entry for /tmp/khana/copper not found in /etc/mtab
frontier05687: fusermount3: entry for /tmp/khana/copper not found in /etc/mtab
clush: frontier05308: exited with exit code 1
clush: frontier05687: exited with exit code 1
frontier04691: fusermount3: entry for /tmp/khana/copper not found in /etc/mtab
clush: frontier04691: exited with exit code 1
frontier03283: fusermount3: entry for /tmp/khana/copper not found in /etc/mtab
clush: frontier03283: exited with exit code 1
frontier03410: fusermount3: entry for /tmp/khana/copper not found in /etc/mtab
clush: frontier03410: exited with exit code 1
frontier05053: fusermount3: entry for /tmp/khana/copper not found in /etc/mtab
clush: frontier05053: exited with exit code 1
frontier05819: fusermount3: entry for /tmp/khana/copper not found in /etc/mtab
frontier05688: fusermount3: entry for /tmp/khana/copper not found in /etc/mtab
clush: frontier05819: exited with exit code 1
clush: frontier05688: exited with exit code 1
frontier00456: fusermount3: entry for /tmp/khana/copper not found in /etc/mtab
clush: frontier00456: exited with exit code 1
frontier05944: fusermount3: entry for /tmp/khana/copper not found in /etc/mtab
clush: frontier05944: exited with exit code 1
frontier06066: fusermount3: entry for /tmp/khana/copper not found in /etc/mtab
clush: frontier06066: exited with exit code 1
frontier06578: fusermount3: entry for /tmp/khana/copper not found in /etc/mtab
clush: frontier06578: exited with exit code 1
frontier00702: fusermount3: entry for /tmp/khana/copper not found in /etc/mtab
clush: frontier00702: exited with exit code 1
frontier06574: fusermount3: entry for /tmp/khana/copper not found in /etc/mtab
clush: frontier06574: exited with exit code 1
frontier06455: fusermount3: entry for /tmp/khana/copper not found in /etc/mtab
clush: frontier06455: exited with exit code 1
frontier01097: fusermount3: entry for /tmp/khana/copper not found in /etc/mtab
clush: frontier01097: exited with exit code 1
frontier05948: fusermount3: entry for /tmp/khana/copper not found in /etc/mtab
clush: frontier05948: exited with exit code 1
frontier06325: fusermount3: entry for /tmp/khana/copper not found in /etc/mtab
clush: frontier06325: exited with exit code 1
frontier06454: fusermount3: entry for /tmp/khana/copper not found in /etc/mtab
clush: frontier06454: exited with exit code 1
frontier01213: fusermount3: entry for /tmp/khana/copper not found in /etc/mtab
clush: frontier01213: exited with exit code 1
frontier06074: fusermount3: entry for /tmp/khana/copper not found in /etc/mtab
clush: frontier06074: exited with exit code 1
frontier00579: fusermount3: entry for /tmp/khana/copper not found in /etc/mtab
clush: frontier00579: exited with exit code 1
frontier06963: fusermount3: entry for /tmp/khana/copper not found in /etc/mtab
clush: frontier06963: exited with exit code 1
frontier01488: fusermount3: entry for /tmp/khana/copper not found in /etc/mtab
clush: frontier01488: exited with exit code 1
frontier07478: fusermount3: entry for /tmp/khana/copper not found in /etc/mtab
clush: frontier07478: exited with exit code 1
frontier01618: fusermount3: entry for /tmp/khana/copper not found in /etc/mtab
clush: frontier01618: exited with exit code 1
frontier07353: fusermount3: entry for /tmp/khana/copper not found in /etc/mtab
clush: frontier07353: exited with exit code 1
frontier01729: fusermount3: entry for /tmp/khana/copper not found in /etc/mtab
clush: frontier01729: exited with exit code 1
frontier01096: fusermount3: entry for /tmp/khana/copper not found in /etc/mtab
frontier00975: fusermount3: entry for /tmp/khana/copper not found in /etc/mtab
clush: frontier01096: exited with exit code 1
clush: frontier00975: exited with exit code 1
frontier07091: fusermount3: entry for /tmp/khana/copper not found in /etc/mtab
frontier01343: fusermount3: entry for /tmp/khana/copper not found in /etc/mtab
clush: frontier07091: exited with exit code 1
clush: frontier01343: exited with exit code 1
frontier01214: fusermount3: entry for /tmp/khana/copper not found in /etc/mtab
clush: frontier01214: exited with exit code 1
frontier01473: fusermount3: entry for /tmp/khana/copper not found in /etc/mtab
clush: frontier01473: exited with exit code 1
frontier02131: fusermount3: entry for /tmp/khana/copper not found in /etc/mtab
frontier01614: fusermount3: entry for /tmp/khana/copper not found in /etc/mtab
clush: frontier02131: exited with exit code 1
clush: frontier01614: exited with exit code 1
frontier00840: fusermount3: entry for /tmp/khana/copper not found in /etc/mtab
clush: frontier00840: exited with exit code 1
frontier06711: fusermount3: entry for /tmp/khana/copper not found in /etc/mtab
frontier07603: fusermount3: entry for /tmp/khana/copper not found in /etc/mtab
clush: frontier06711: exited with exit code 1
clush: frontier07603: exited with exit code 1
frontier01345: fusermount3: entry for /tmp/khana/copper not found in /etc/mtab
clush: frontier01345: exited with exit code 1
frontier01981: fusermount3: entry for /tmp/khana/copper not found in /etc/mtab
frontier08629: fusermount3: entry for /tmp/khana/copper not found in /etc/mtab
clush: frontier01981: exited with exit code 1
clush: frontier08629: exited with exit code 1
frontier07732: fusermount3: entry for /tmp/khana/copper not found in /etc/mtab
clush: frontier07732: exited with exit code 1
frontier06835: fusermount3: entry for /tmp/khana/copper not found in /etc/mtab
frontier02223: fusermount3: entry for /tmp/khana/copper not found in /etc/mtab
clush: frontier06835: exited with exit code 1
clush: frontier02223: exited with exit code 1
frontier07996: fusermount3: entry for /tmp/khana/copper not found in /etc/mtab
clush: frontier07996: exited with exit code 1
frontier02132: fusermount3: entry for /tmp/khana/copper not found in /etc/mtab
clush: frontier02132: exited with exit code 1
frontier08372: fusermount3: entry for /tmp/khana/copper not found in /etc/mtab
clush: frontier08372: exited with exit code 1
frontier06712: fusermount3: entry for /tmp/khana/copper not found in /etc/mtab
clush: frontier06712: exited with exit code 1
frontier01746: fusermount3: entry for /tmp/khana/copper not found in /etc/mtab
clush: frontier01746: exited with exit code 1
frontier02222: fusermount3: entry for /tmp/khana/copper not found in /etc/mtab
clush: frontier02222: exited with exit code 1
frontier07863: fusermount3: entry for /tmp/khana/copper not found in /etc/mtab
clush: frontier07863: exited with exit code 1
frontier08116: fusermount3: entry for /tmp/khana/copper not found in /etc/mtab
clush: frontier08116: exited with exit code 1
frontier01876: fusermount3: entry for /tmp/khana/copper not found in /etc/mtab
clush: frontier01876: exited with exit code 1
frontier01978: fusermount3: entry for /tmp/khana/copper not found in /etc/mtab
frontier08495: fusermount3: entry for /tmp/khana/copper not found in /etc/mtab
clush: frontier01978: exited with exit code 1
clush: frontier08495: exited with exit code 1
frontier01877: fusermount3: entry for /tmp/khana/copper not found in /etc/mtab
clush: frontier01877: exited with exit code 1
frontier08242: fusermount3: entry for /tmp/khana/copper not found in /etc/mtab
clush: frontier08242: exited with exit code 1
frontier07227: fusermount3: entry for /tmp/khana/copper not found in /etc/mtab
clush: frontier07227: exited with exit code 1
+ clush --hostfile /lustre/orion/stf008/proj-shared/hvac/copper-cug/copper_logs/node_file.txt 'rm -rf /tmp/khana/copper'
+ echo 'Stopping Copper Gracefully On All Nodes : End'
Stopping Copper Gracefully On All Nodes : End
