+ '[' -z '' ']'
+ case "$-" in
+ __lmod_vx=x
+ '[' -n x ']'
+ set +x
Shell debugging temporarily silenced: export LMOD_SH_DBG_ON=1 for this output (/opt/cray/pe/lmod/lmod/init/bash)
Shell debugging restarted
+ unset __lmod_vx
+ cd /lustre/orion/stf243/world-shared/wcastil/Experiments/CUG26/copper_run/python-pytorch
+ module load ums ums046 copper
+ '[' -z '' ']'
+ case "$-" in
+ __lmod_sh_dbg=x
+ '[' -n x ']'
+ set +x
Shell debugging temporarily silenced: export LMOD_SH_DBG_ON=1 for Lmod's output
Copper loaded: use 'launch_copper_frontier' and 'stop_copper_frontier'.
COPPER_ROOT: /sw/frontier/ums/ums046/copper
launch_copper_frontier points to:
/sw/frontier/ums/ums046/copper/build/launch_copper_frontier.sh 
Shell debugging restarted
+ unset __lmod_sh_dbg
+ return 0
+ module list
+ '[' -z '' ']'
+ case "$-" in
+ __lmod_sh_dbg=x
+ '[' -n x ']'
+ set +x
Shell debugging temporarily silenced: export LMOD_SH_DBG_ON=1 for Lmod's output

Currently Loaded Modules:
  1) craype-x86-trento               12) PrgEnv-cray/8.6.0
  2) libfabric/1.22.0                13) Core/25.03
  3) craype-network-ofi              14) tmux/3.4
  4) perftools-base/24.11.0          15) darshan-runtime/3.4.6-mpi (E4S)
  5) xpmem/2.11.3-1.3_gdbda01a1eb3d  16) hsi/default
  6) cray-pmi/6.1.15                 17) lfs-wrapper/0.0.1
  7) cce/18.0.1                      18) DefApps
  8) craype/2.7.33                   19) ums/default
  9) cray-dsmml/0.3.0                20) ums046/default
 10) cray-mpich/8.1.31               21) copper/0.1
 11) cray-libsci/24.11.0

  Where:
   E4S:  E4S: Extreme-scale Scientific Software Stack (E4S) https://e4s.io/index.html

 

Shell debugging restarted
+ unset __lmod_sh_dbg
+ return 0
+ echo 4348848
4348848
+ echo 2048
2048
+ echo copper_spindle
copper_spindle
+ echo 'frontier[00003-00007,00009,00013,00016-00019,00022,00024-00030,00043,00045-00046,00049-00052,00058-00061,00064,00066-00067,00071-00073,00076,00080-00081,00085,00087-00088,00130,00133-00134,00139,00144-00145,00148,00150-00152,00154-00155,00164,00166,00169,00171,00176-00177,00181,00185-00187,00190,00193-00197,00199,00202,00205-00208,00211,00213-00215,00218-00219,00259-00260,00265,00270,00274,00276,00278,00280,00282,00290-00292,00297-00299,00301,00303,00307,00309,00311,00313,00318-00320,00322-00324,00332,00334,00337,00339-00346,00349,00385-00387,00391,00395,00404,00407-00408,00412,00423-00424,00427-00429,00433,00437,00439,00442,00444-00448,00450-00451,00454,00457-00460,00463,00465-00466,00469-00471,00475,00479,00517,00521-00523,00526,00528-00530,00532-00535,00538,00549-00550,00554,00559,00563-00565,00568,00570-00572,00574-00576,00580,00584-00586,00589,00591-00592,00594,00596-00597,00601,00605-00606,00648,00652,00654-00655,00658,00660,00668-00669,00673,00679-00681,00685,00689-00690,00696,00698,00701-00702,00706,00710-00712,00715,00717-00718,00722-00723,00727,00731-00733,00769,00773,00775,00784-00786,00796,00801,00805-00807,00811,00815-00816,00820,00822,00824,00826,00828,00832,00836-00838,00841,00843-00845,00847-00849,00853,00857-00859,00899,00901,00906,00910-00912,00916,00920-00921,00925,00927,00931,00933,00937,00941-00943,00946,00948-00950,00952,00954,00958,00962-00964,00967,00969-00970,00974-00975,00983-00985,00988,01025-01027,01030,01032-01033,01036-01038,01042,01046-01048,01051,01057-01059,01063,01067-01069,01072,01075,01078-01080,01084,01088-01090,01093,01095-01096,01099-01101,01105,01109-01110,01114,01116,01153,01156,01158,01164,01172-01173,01179,01185,01189,01193-01194,01198,01205-01206,01210,01214-01216,01219,01221-01222,01225-01227,01235-01237,01242,01284,01289-01290,01299-01300,01303,01305,01311,01319-01321,01324,01326-01327,01330-01332,01336,01340,01345,01347-01348,01351-01353,01357,01362-01363,01366,01368,01372,01410,01415-01416,01420,01424-01426,01429,01431,01436-01437,01445,01452,01457,01467-01468,01471,01473-01474,01477-01479,01487-01489,01492,01494-01495,01498,01500,01538,01541,01546,01550-01551,01562,01572-01573,01576,01578,01582-01584,01588,01592-01594,01605,01613-01615,01620,01624,01672,01676,01678,01681,01687-01688,01697,01704,01709,01718-01720,01730-01731,01740-01741,01746,01751,01793-01794,01804,01809,01814-01815,01823-01824,01834,01836,01844,01856-01857,01865,01872,01877,01929-01930,01935,01940,01949,01951,01970-01972,01982,01991-01993,02012,02066,02077,02096-02098,02117-02119,02138-02140,02182,02222-02224,02234,02243-02244,02267-02270,02318,02339,02348,02360,02369,02371,02381,02391,02394-02396,02433-02434,02453-02454,02476,02486,02495-02496,02507,02517,02526,02600,02622,02642,02645-02652,02770-02780,02831-02832,02853,02901-02908,03026-03036,03156-03166,03286-03296,03410-03420,03538-03548,03584,03596,03667-03677,03794-03804,03922-03932,04051-04060,04178-04187,04306-04315,04435-04444,04562-04571,04690-04699,04818-04827,04947-04950,04952-04957,05076-05078,05081-05087,05201-05211,05329-05339,05457-05467,05585-05595,05714-05724,05810-05811,05813-05815,05818-05827,05830-05836,05839,05841-05848,05850-05851,05889-05890,05892-05895,05897-05899,05902-05911,05913-05914,05916,05918-05920,05923,05925-05932,05934-05935,05937-05941,05944,06018-06019,06021-06025,06028,06030-06037,06039-06042,06044-06046,06049-06058,06060-06063,06065-06067,06070,06072,06145-06151,06154-06163,06165-06168,06170-06172,06175,06177-06184,06186-06193,06196,06273,06275-06277,06280-06289,06291-06294,06296-06298,06301-06310,06312-06319,06322-06324,06401-06403,06406-06415,06417-06420,06422-06424,06427-06436,06438-06441,06443-06445,06448-06452,06529,06532-06541,06543-06550,06553,06555-06562,06564-06567,06569-06571,06574,06576-06581,06658,06660-06667,06669-06672,06674,06676,06679,06681-06688,06690-06693,06695-06697,06700-06709,06711,06785-06793,06795-06798,06800-06802,06805,06807-06814,06816-06819,06821-06823,06826-06835,06913-06919,06921-06928,06933-06940,06942-06945,06947-06949,06952-06961,06963-06964,07041-07043,07045,07047,07049-07054,07057-07066,07068-07071,07073-07075,07078,07080-07087,07089-07093,07169-07171,07173-07176,07178-07180,07183,07185-07191,07195,07197,07199-07201,07204,07206-07213,07216,07218,07220-07222,07225,07227-07230,07297,07300,07302,07304-07306,07309,07311-07318,07321-07323,07325-07327,07330,07332-07333,07335-07338,07342,07346-07348,07351-07360,07426,07430-07432,07435,07437-07444,07447,07451-07453,07456,07458-07464,07468-07470,07472-07474,07477,07479-07485,07488-07489,07493,07554-07557,07561,07563-07569,07577-07579,07582,07584-07590,07598-07600,07603,07605-07611,07614,07619-07621,07626-07627,07629-07630,07682-07684,07687,07689-07691,07693-07695,07701,07703-07705,07710-07716,07720,07724-07726,07729,07731-07733,07735-07736,07738,07740-07741,07743-07747,07750,07752-07753,07809-07810,07813,07815,07817-07818,07820-07821,07825-07826,07829-07831,07834,07836-07842,07846,07850-07852,07858,07861-07863,07867-07869,07871-07873,07876,07878-07883,07939,07941,07943-07946,07948,07951,07953,07955-07957,07962-07967,07972-07973,07976-07978,07981,07983-07990,07993,07995-07999,08002,08004-08006,08065,08067-08070,08072-08073,08077,08081-08083,08086,08088-08089,08091-08094,08098-08100,08102-08104,08107,08109-08111,08113-08115,08119,08123-08125,08128,08130,08133-08134,08140,08142-08143,08193,08195-08199,08202-08203,08207-08209,08215-08221,08224,08228,08230,08235-08241,08245,08249-08251,08254,08256-08262,08266,08270,08326,08328,08334,08338,08340-08341,08343-08346,08350,08354-08356,08359,08361-08367,08370,08375-08377,08380,08384,08386-08388,08392,08395-08398,08401,08404-08408,08450-08451,08459-08460,08464,08466-08469,08471-08473,08476,08480-08482,08485,08487-08492,08497,08499,08501-08503,08506,08509,08511-08513,08518-08520,08522-08524,08527,08529-08530,08577,08581,08583,08585-08587,08592-08593,08597-08598,08604,08606-08608,08611,08615-08616,08618-08619,08624,08627-08629,08632,08634-08637,08639-08640,08644,08646,08648-08650,08653,08656-08660,08662,08707,08709,08711-08713,08718-08719,08722-08725,08727-08728,08730,08732-08733,08740,08744-08746,08748-08751,08753-08754,08758,08760,08762-08765,08767,08770-08772,08774-08776,08779,08781-08782,08833,08835,08837-08838,08846-08851,08854,08856,08858,08860,08863,08865-08868,08870-08872,08879,08881,08884,08887-08890,08893,08896-08898,08900-08902,08905,08907-08908,08910-08911,08961,08963-08965,08970,08974,08982,08984,08991,08995-08996,08998,09002-09003,09005-09007,09012-09019,09021-09024,09026-09028,09031,09033-09040,09089-09091,09094,09098-09100,09102,09106,09108,09110-09112,09117-09118,09121-09123,09127,09131-09133,09136,09138-09139,09141-09145,09148,09150,09152-09154,09157,09159-09162,09164,09220,09222-09224,09226-09229,09232,09234,09236-09238,09241,09243,09247,09249,09257-09259,09262,09264-09265,09267-09271,09274,09278-09280,09283,09285-09286,09288-09292,09295,09349-09350,09353-09354,09358,09360,09362-09364,09370-09371,09374-09375,09383,09388,09390-09392,09394-09397,09404-09406,09409,09411,09415-09418,09421,09423,09425,09427,09430,09432-09434,09436-09437,10119-10120,10126,10129-10131,10135-10137,10140,10146-10153,10160-10162,10165,10167-10174]'
frontier[00003-00007,00009,00013,00016-00019,00022,00024-00030,00043,00045-00046,00049-00052,00058-00061,00064,00066-00067,00071-00073,00076,00080-00081,00085,00087-00088,00130,00133-00134,00139,00144-00145,00148,00150-00152,00154-00155,00164,00166,00169,00171,00176-00177,00181,00185-00187,00190,00193-00197,00199,00202,00205-00208,00211,00213-00215,00218-00219,00259-00260,00265,00270,00274,00276,00278,00280,00282,00290-00292,00297-00299,00301,00303,00307,00309,00311,00313,00318-00320,00322-00324,00332,00334,00337,00339-00346,00349,00385-00387,00391,00395,00404,00407-00408,00412,00423-00424,00427-00429,00433,00437,00439,00442,00444-00448,00450-00451,00454,00457-00460,00463,00465-00466,00469-00471,00475,00479,00517,00521-00523,00526,00528-00530,00532-00535,00538,00549-00550,00554,00559,00563-00565,00568,00570-00572,00574-00576,00580,00584-00586,00589,00591-00592,00594,00596-00597,00601,00605-00606,00648,00652,00654-00655,00658,00660,00668-00669,00673,00679-00681,00685,00689-00690,00696,00698,00701-00702,00706,00710-00712,00715,00717-00718,00722-00723,00727,00731-00733,00769,00773,00775,00784-00786,00796,00801,00805-00807,00811,00815-00816,00820,00822,00824,00826,00828,00832,00836-00838,00841,00843-00845,00847-00849,00853,00857-00859,00899,00901,00906,00910-00912,00916,00920-00921,00925,00927,00931,00933,00937,00941-00943,00946,00948-00950,00952,00954,00958,00962-00964,00967,00969-00970,00974-00975,00983-00985,00988,01025-01027,01030,01032-01033,01036-01038,01042,01046-01048,01051,01057-01059,01063,01067-01069,01072,01075,01078-01080,01084,01088-01090,01093,01095-01096,01099-01101,01105,01109-01110,01114,01116,01153,01156,01158,01164,01172-01173,01179,01185,01189,01193-01194,01198,01205-01206,01210,01214-01216,01219,01221-01222,01225-01227,01235-01237,01242,01284,01289-01290,01299-01300,01303,01305,01311,01319-01321,01324,01326-01327,01330-01332,01336,01340,01345,01347-01348,01351-01353,01357,01362-01363,01366,01368,01372,01410,01415-01416,01420,01424-01426,01429,01431,01436-01437,01445,01452,01457,01467-01468,01471,01473-01474,01477-01479,01487-01489,01492,01494-01495,01498,01500,01538,01541,01546,01550-01551,01562,01572-01573,01576,01578,01582-01584,01588,01592-01594,01605,01613-01615,01620,01624,01672,01676,01678,01681,01687-01688,01697,01704,01709,01718-01720,01730-01731,01740-01741,01746,01751,01793-01794,01804,01809,01814-01815,01823-01824,01834,01836,01844,01856-01857,01865,01872,01877,01929-01930,01935,01940,01949,01951,01970-01972,01982,01991-01993,02012,02066,02077,02096-02098,02117-02119,02138-02140,02182,02222-02224,02234,02243-02244,02267-02270,02318,02339,02348,02360,02369,02371,02381,02391,02394-02396,02433-02434,02453-02454,02476,02486,02495-02496,02507,02517,02526,02600,02622,02642,02645-02652,02770-02780,02831-02832,02853,02901-02908,03026-03036,03156-03166,03286-03296,03410-03420,03538-03548,03584,03596,03667-03677,03794-03804,03922-03932,04051-04060,04178-04187,04306-04315,04435-04444,04562-04571,04690-04699,04818-04827,04947-04950,04952-04957,05076-05078,05081-05087,05201-05211,05329-05339,05457-05467,05585-05595,05714-05724,05810-05811,05813-05815,05818-05827,05830-05836,05839,05841-05848,05850-05851,05889-05890,05892-05895,05897-05899,05902-05911,05913-05914,05916,05918-05920,05923,05925-05932,05934-05935,05937-05941,05944,06018-06019,06021-06025,06028,06030-06037,06039-06042,06044-06046,06049-06058,06060-06063,06065-06067,06070,06072,06145-06151,06154-06163,06165-06168,06170-06172,06175,06177-06184,06186-06193,06196,06273,06275-06277,06280-06289,06291-06294,06296-06298,06301-06310,06312-06319,06322-06324,06401-06403,06406-06415,06417-06420,06422-06424,06427-06436,06438-06441,06443-06445,06448-06452,06529,06532-06541,06543-06550,06553,06555-06562,06564-06567,06569-06571,06574,06576-06581,06658,06660-06667,06669-06672,06674,06676,06679,06681-06688,06690-06693,06695-06697,06700-06709,06711,06785-06793,06795-06798,06800-06802,06805,06807-06814,06816-06819,06821-06823,06826-06835,06913-06919,06921-06928,06933-06940,06942-06945,06947-06949,06952-06961,06963-06964,07041-07043,07045,07047,07049-07054,07057-07066,07068-07071,07073-07075,07078,07080-07087,07089-07093,07169-07171,07173-07176,07178-07180,07183,07185-07191,07195,07197,07199-07201,07204,07206-07213,07216,07218,07220-07222,07225,07227-07230,07297,07300,07302,07304-07306,07309,07311-07318,07321-07323,07325-07327,07330,07332-07333,07335-07338,07342,07346-07348,07351-07360,07426,07430-07432,07435,07437-07444,07447,07451-07453,07456,07458-07464,07468-07470,07472-07474,07477,07479-07485,07488-07489,07493,07554-07557,07561,07563-07569,07577-07579,07582,07584-07590,07598-07600,07603,07605-07611,07614,07619-07621,07626-07627,07629-07630,07682-07684,07687,07689-07691,07693-07695,07701,07703-07705,07710-07716,07720,07724-07726,07729,07731-07733,07735-07736,07738,07740-07741,07743-07747,07750,07752-07753,07809-07810,07813,07815,07817-07818,07820-07821,07825-07826,07829-07831,07834,07836-07842,07846,07850-07852,07858,07861-07863,07867-07869,07871-07873,07876,07878-07883,07939,07941,07943-07946,07948,07951,07953,07955-07957,07962-07967,07972-07973,07976-07978,07981,07983-07990,07993,07995-07999,08002,08004-08006,08065,08067-08070,08072-08073,08077,08081-08083,08086,08088-08089,08091-08094,08098-08100,08102-08104,08107,08109-08111,08113-08115,08119,08123-08125,08128,08130,08133-08134,08140,08142-08143,08193,08195-08199,08202-08203,08207-08209,08215-08221,08224,08228,08230,08235-08241,08245,08249-08251,08254,08256-08262,08266,08270,08326,08328,08334,08338,08340-08341,08343-08346,08350,08354-08356,08359,08361-08367,08370,08375-08377,08380,08384,08386-08388,08392,08395-08398,08401,08404-08408,08450-08451,08459-08460,08464,08466-08469,08471-08473,08476,08480-08482,08485,08487-08492,08497,08499,08501-08503,08506,08509,08511-08513,08518-08520,08522-08524,08527,08529-08530,08577,08581,08583,08585-08587,08592-08593,08597-08598,08604,08606-08608,08611,08615-08616,08618-08619,08624,08627-08629,08632,08634-08637,08639-08640,08644,08646,08648-08650,08653,08656-08660,08662,08707,08709,08711-08713,08718-08719,08722-08725,08727-08728,08730,08732-08733,08740,08744-08746,08748-08751,08753-08754,08758,08760,08762-08765,08767,08770-08772,08774-08776,08779,08781-08782,08833,08835,08837-08838,08846-08851,08854,08856,08858,08860,08863,08865-08868,08870-08872,08879,08881,08884,08887-08890,08893,08896-08898,08900-08902,08905,08907-08908,08910-08911,08961,08963-08965,08970,08974,08982,08984,08991,08995-08996,08998,09002-09003,09005-09007,09012-09019,09021-09024,09026-09028,09031,09033-09040,09089-09091,09094,09098-09100,09102,09106,09108,09110-09112,09117-09118,09121-09123,09127,09131-09133,09136,09138-09139,09141-09145,09148,09150,09152-09154,09157,09159-09162,09164,09220,09222-09224,09226-09229,09232,09234,09236-09238,09241,09243,09247,09249,09257-09259,09262,09264-09265,09267-09271,09274,09278-09280,09283,09285-09286,09288-09292,09295,09349-09350,09353-09354,09358,09360,09362-09364,09370-09371,09374-09375,09383,09388,09390-09392,09394-09397,09404-09406,09409,09411,09415-09418,09421,09423,09425,09427,09430,09432-09434,09436-09437,10119-10120,10126,10129-10131,10135-10137,10140,10146-10153,10160-10162,10165,10167-10174]
+ LOGDIR=/lustre/orion/stf243/world-shared/wcastil/Experiments/CUG26/copper_run/logs
+ cd /lustre/orion/stf243/world-shared/wcastil/Experiments/CUG26/copper_run/logs
+ PACKAGE_ENV_LOCATION=/lustre/orion/stf243/world-shared/hagertnl/CUG26/benchmark_builds
+ source /lustre/orion/stf243/world-shared/hagertnl/CUG26/benchmark_builds/common_modules.sh
++ module load PrgEnv-amd
++ '[' -z '' ']'
++ case "$-" in
++ __lmod_sh_dbg=x
++ '[' -n x ']'
++ set +x
Shell debugging temporarily silenced: export LMOD_SH_DBG_ON=1 for Lmod's output

Lmod is automatically replacing "cce/18.0.1" with "amd/6.2.4".


Lmod is automatically replacing "PrgEnv-cray/8.6.0" with "PrgEnv-amd/8.6.0".


Due to MODULEPATH changes, the following have been reloaded:
  1) cray-libsci/24.11.0     2) cray-mpich/8.1.31     3) darshan-runtime/3.4.6-mpi

Shell debugging restarted
++ unset __lmod_sh_dbg
++ return 0
++ module load cpe/25.09
++ '[' -z '' ']'
++ case "$-" in
++ __lmod_sh_dbg=x
++ '[' -n x ']'
++ set +x
Shell debugging temporarily silenced: export LMOD_SH_DBG_ON=1 for Lmod's output

The following have been reloaded with a version change:
  1) amd/6.2.4 => amd/6.4.2
  2) cray-dsmml/0.3.0 => cray-dsmml/0.3.1
  3) cray-libsci/24.11.0 => cray-libsci/25.09.0
  4) cray-mpich/8.1.31 => cray-mpich/9.0.1
  5) cray-pmi/6.1.15 => cray-pmi/6.1.16
  6) craype/2.7.33 => craype/2.7.35
  7) darshan-runtime/3.4.6-mpi => darshan-runtime/3.4.7-mpi
  8) perftools-base/24.11.0 => perftools-base/25.09.0

Shell debugging restarted
++ unset __lmod_sh_dbg
++ return 0
++ module load amd/6.4.2
++ '[' -z '' ']'
++ case "$-" in
++ __lmod_sh_dbg=x
++ '[' -n x ']'
++ set +x
Shell debugging temporarily silenced: export LMOD_SH_DBG_ON=1 for Lmod's output
Shell debugging restarted
++ unset __lmod_sh_dbg
++ return 0
++ module load rocm/6.4.2
++ '[' -z '' ']'
++ case "$-" in
++ __lmod_sh_dbg=x
++ '[' -n x ']'
++ set +x
Shell debugging temporarily silenced: export LMOD_SH_DBG_ON=1 for Lmod's output
Shell debugging restarted
++ unset __lmod_sh_dbg
++ return 0
++ module load libfabric/1.22.0
++ '[' -z '' ']'
++ case "$-" in
++ __lmod_sh_dbg=x
++ '[' -n x ']'
++ set +x
Shell debugging temporarily silenced: export LMOD_SH_DBG_ON=1 for Lmod's output
Shell debugging restarted
++ unset __lmod_sh_dbg
++ return 0
++ module load craype-accel-amd-gfx90a
++ '[' -z '' ']'
++ case "$-" in
++ __lmod_sh_dbg=x
++ '[' -n x ']'
++ set +x
Shell debugging temporarily silenced: export LMOD_SH_DBG_ON=1 for Lmod's output
Shell debugging restarted
++ unset __lmod_sh_dbg
++ return 0
++ module load miniforge3/23.11.0-0
++ '[' -z '' ']'
++ case "$-" in
++ __lmod_sh_dbg=x
++ '[' -n x ']'
++ set +x
Shell debugging temporarily silenced: export LMOD_SH_DBG_ON=1 for Lmod's output
Shell debugging restarted
++ unset __lmod_sh_dbg
++ return 0
++ export LD_LIBRARY_PATH=/opt/cray/pe/mpich/9.0.1/ofi/amd/6.0/lib:/opt/cray/pe/mpich/9.0.1/gtl/lib:/opt/cray/pe/libsci/25.09.0/AMD/6.0/x86_64/lib:/opt/cray/pe/perftools/25.09.0/lib64:/opt/cray/pe/pmi/6.1.16/lib:/opt/cray/pe/dsmml/0.3.1/dsmml/lib:/opt/cray/libfabric/1.22.0/lib64:/opt/rocm-6.4.2/lib/roctracer:/opt/rocm-6.4.2/lib/rocprofiler:/opt/rocm-6.4.2/lib:/sw/frontier/spack-envs/cpe25.09-cpu/opt/llvm-amdgpu-6.4.2/darshan-runtime-3.4.7-tvdocpzv3jfj4y6ki5jvmmkics323gon/lib:/opt/rocm-6.4.2/llvm/lib:/opt/cray/pe/papi/7.2.0.2/lib64
++ LD_LIBRARY_PATH=/opt/cray/pe/mpich/9.0.1/ofi/amd/6.0/lib:/opt/cray/pe/mpich/9.0.1/gtl/lib:/opt/cray/pe/libsci/25.09.0/AMD/6.0/x86_64/lib:/opt/cray/pe/perftools/25.09.0/lib64:/opt/cray/pe/pmi/6.1.16/lib:/opt/cray/pe/dsmml/0.3.1/dsmml/lib:/opt/cray/libfabric/1.22.0/lib64:/opt/rocm-6.4.2/lib/roctracer:/opt/rocm-6.4.2/lib/rocprofiler:/opt/rocm-6.4.2/lib:/sw/frontier/spack-envs/cpe25.09-cpu/opt/llvm-amdgpu-6.4.2/darshan-runtime-3.4.7-tvdocpzv3jfj4y6ki5jvmmkics323gon/lib:/opt/rocm-6.4.2/llvm/lib:/opt/cray/pe/papi/7.2.0.2/lib64
++ [[ /var/spool/slurmd/job4348848/slurm_script == \/\l\u\s\t\r\e\/\o\r\i\o\n\/\s\t\f\2\4\3\/\w\o\r\l\d\-\s\h\a\r\e\d\/\h\a\g\e\r\t\n\l\/\C\U\G\2\6\/\b\e\n\c\h\m\a\r\k\_\b\u\i\l\d\s\/\c\o\m\m\o\n\_\m\o\d\u\l\e\s\.\s\h ]]
+ COPPER_MOUNT_PATH=/mnt/bb/wcastil/copper_mount
+ /lustre/orion/stf243/world-shared/wcastil/Experiments/CUG26/copper_run/launch_copper_frontier.sh -d /lustre/orion/stf243/world-shared/wcastil/Experiments/CUG26/copper_run/logs -v /mnt/bb/wcastil/copper_mount -M 220000000
+ '[' -z '' ']'
+ case "$-" in
+ __lmod_vx=x
+ '[' -n x ']'
+ set +x
Shell debugging temporarily silenced: export LMOD_SH_DBG_ON=1 for this output (/opt/cray/pe/lmod/lmod/init/bash)
Shell debugging restarted
+ unset __lmod_vx
+ echo 'Launching Copper Gracefully On All Nodes : Start'
Launching Copper Gracefully On All Nodes : Start
+ echo /sw/frontier/ums/ums046/copper
/sw/frontier/ums/ums046/copper
+ CUPATH=/sw/frontier/ums/ums046/copper/build/cu_fuse
+ DISCOVERY_HELPER=/sw/frontier/ums/ums046/copper/build/list_cxi_hsn_thallium
+ CU_FUSE_MNT_VIEWDIR=/tmp/wcastil/copper
+ facility_address_book=/sw/frontier/ums/ums046/copper/build/olcf_frontier_copper_addressbook.txt
+ address_book_source=facility
+ log_level=0
+ log_dir=/ccs/home/wcastil/copper-logs
+ log_type=file
+ trees=1
+ max_cacheable_byte_size=10485760
+ md_enoent_ttl_ms=2000
+ profile_metrics=0
+ profile_top_n=0
+ profile_paths_full=0
+ profile_snapshot_interval_s=0
+ sleeptime=10
+ physcpubind=1,2
+ net_type=cxi://cxi1
+ getopts l:t:d:T:M:E:PN:AI:s:b:F:a:n:v: opt
+ case ${opt} in
+ log_dir=/lustre/orion/stf243/world-shared/wcastil/Experiments/CUG26/copper_run/logs
+ getopts l:t:d:T:M:E:PN:AI:s:b:F:a:n:v: opt
+ case ${opt} in
+ CU_FUSE_MNT_VIEWDIR=/mnt/bb/wcastil/copper_mount
+ getopts l:t:d:T:M:E:PN:AI:s:b:F:a:n:v: opt
+ case ${opt} in
+ max_cacheable_byte_size=220000000
+ getopts l:t:d:T:M:E:PN:AI:s:b:F:a:n:v: opt
+ log_dir=/lustre/orion/stf243/world-shared/wcastil/Experiments/CUG26/copper_run/logs/4348848
+ logs_dir=/lustre/orion/stf243/world-shared/wcastil/Experiments/CUG26/copper_run/logs/4348848/logs
+ tables_dir=/lustre/orion/stf243/world-shared/wcastil/Experiments/CUG26/copper_run/logs/4348848/tables
+ profiling_dir=/lustre/orion/stf243/world-shared/wcastil/Experiments/CUG26/copper_run/logs/4348848/profiling
+ profiling_final_dir=/lustre/orion/stf243/world-shared/wcastil/Experiments/CUG26/copper_run/logs/4348848/profiling/final
+ profiling_cluster_dir=/lustre/orion/stf243/world-shared/wcastil/Experiments/CUG26/copper_run/logs/4348848/profiling/cluster
+ node_file_copy=/lustre/orion/stf243/world-shared/wcastil/Experiments/CUG26/copper_run/logs/4348848/logs/node_file.txt
+ prepared_address_book=/lustre/orion/stf243/world-shared/wcastil/Experiments/CUG26/copper_run/logs/4348848/logs/copper_address_book.txt
+ prepared_address_book_full_output=/lustre/orion/stf243/world-shared/wcastil/Experiments/CUG26/copper_run/logs/4348848/logs/copper_address_book_full_output.txt
+ prepare_address_book_awk=/lustre/orion/stf243/world-shared/wcastil/Experiments/CUG26/copper_run/logs/4348848/logs/prepare_address_book.awk
+ select_discovered_address_book_awk=/lustre/orion/stf243/world-shared/wcastil/Experiments/CUG26/copper_run/logs/4348848/logs/select_discovered_address_book.awk
+ echo 'log_level                  : 0'
log_level                  : 0
+ echo 'log_type                   : file'
log_type                   : file
+ echo 'trees                      : 1'
trees                      : 1
+ echo 'max_cacheable_byte_size    : 220000000'
max_cacheable_byte_size    : 220000000
+ echo 'md_enoent_ttl_ms           : 2000'
md_enoent_ttl_ms           : 2000
+ echo 'profile_metrics            : 0'
profile_metrics            : 0
+ echo 'profile_top_n              : 0'
profile_top_n              : 0
+ echo 'profile_paths_full         : 0'
profile_paths_full         : 0
+ echo 'profile_snapshot_interval_s: 0'
profile_snapshot_interval_s: 0
+ echo 'sleeptime                  : 10'
sleeptime                  : 10
+ echo 'CU_FUSE_MNT_VIEWDIR        : /mnt/bb/wcastil/copper_mount'
CU_FUSE_MNT_VIEWDIR        : /mnt/bb/wcastil/copper_mount
+ echo 'LOGDIR                     : /lustre/orion/stf243/world-shared/wcastil/Experiments/CUG26/copper_run/logs/4348848'
LOGDIR                     : /lustre/orion/stf243/world-shared/wcastil/Experiments/CUG26/copper_run/logs/4348848
+ echo 'logs_dir                   : /lustre/orion/stf243/world-shared/wcastil/Experiments/CUG26/copper_run/logs/4348848/logs'
logs_dir                   : /lustre/orion/stf243/world-shared/wcastil/Experiments/CUG26/copper_run/logs/4348848/logs
+ echo 'tables_dir                 : /lustre/orion/stf243/world-shared/wcastil/Experiments/CUG26/copper_run/logs/4348848/tables'
tables_dir                 : /lustre/orion/stf243/world-shared/wcastil/Experiments/CUG26/copper_run/logs/4348848/tables
+ echo 'profiling_final_dir        : /lustre/orion/stf243/world-shared/wcastil/Experiments/CUG26/copper_run/logs/4348848/profiling/final'
profiling_final_dir        : /lustre/orion/stf243/world-shared/wcastil/Experiments/CUG26/copper_run/logs/4348848/profiling/final
+ echo 'profiling_cluster_dir      : /lustre/orion/stf243/world-shared/wcastil/Experiments/CUG26/copper_run/logs/4348848/profiling/cluster'
profiling_cluster_dir      : /lustre/orion/stf243/world-shared/wcastil/Experiments/CUG26/copper_run/logs/4348848/profiling/cluster
+ echo 'SLURM_NODEFILE             : '
SLURM_NODEFILE             : 
+ echo 'physcpubind                : 1,2'
physcpubind                : 1,2
+ echo 'facility_address_book      : /sw/frontier/ums/ums046/copper/build/olcf_frontier_copper_addressbook.txt'
facility_address_book      : /sw/frontier/ums/ums046/copper/build/olcf_frontier_copper_addressbook.txt
+ echo 'address_book_source        : facility'
address_book_source        : facility
+ echo 'prepared_address_book      : /lustre/orion/stf243/world-shared/wcastil/Experiments/CUG26/copper_run/logs/4348848/logs/copper_address_book.txt'
prepared_address_book      : /lustre/orion/stf243/world-shared/wcastil/Experiments/CUG26/copper_run/logs/4348848/logs/copper_address_book.txt
+ echo 'prepared_address_book_full : /lustre/orion/stf243/world-shared/wcastil/Experiments/CUG26/copper_run/logs/4348848/logs/copper_address_book_full_output.txt'
prepared_address_book_full : /lustre/orion/stf243/world-shared/wcastil/Experiments/CUG26/copper_run/logs/4348848/logs/copper_address_book_full_output.txt
+ echo 'discovery_helper           : /sw/frontier/ums/ums046/copper/build/list_cxi_hsn_thallium'
discovery_helper           : /sw/frontier/ums/ums046/copper/build/list_cxi_hsn_thallium
+ echo 'net_type                   : cxi://cxi1'
net_type                   : cxi://cxi1
+ mkdir -p /lustre/orion/stf243/world-shared/wcastil/Experiments/CUG26/copper_run/logs/4348848/logs /lustre/orion/stf243/world-shared/wcastil/Experiments/CUG26/copper_run/logs/4348848/tables/final /lustre/orion/stf243/world-shared/wcastil/Experiments/CUG26/copper_run/logs/4348848/profiling/final /lustre/orion/stf243/world-shared/wcastil/Experiments/CUG26/copper_run/logs/4348848/profiling/cluster
+ scontrol show hostnames 'frontier[00003-00007,00009,00013,00016-00019,00022,00024-00030,00043,00045-00046,00049-00052,00058-00061,00064,00066-00067,00071-00073,00076,00080-00081,00085,00087-00088,00130,00133-00134,00139,00144-00145,00148,00150-00152,00154-00155,00164,00166,00169,00171,00176-00177,00181,00185-00187,00190,00193-00197,00199,00202,00205-00208,00211,00213-00215,00218-00219,00259-00260,00265,00270,00274,00276,00278,00280,00282,00290-00292,00297-00299,00301,00303,00307,00309,00311,00313,00318-00320,00322-00324,00332,00334,00337,00339-00346,00349,00385-00387,00391,00395,00404,00407-00408,00412,00423-00424,00427-00429,00433,00437,00439,00442,00444-00448,00450-00451,00454,00457-00460,00463,00465-00466,00469-00471,00475,00479,00517,00521-00523,00526,00528-00530,00532-00535,00538,00549-00550,00554,00559,00563-00565,00568,00570-00572,00574-00576,00580,00584-00586,00589,00591-00592,00594,00596-00597,00601,00605-00606,00648,00652,00654-00655,00658,00660,00668-00669,00673,00679-00681,00685,00689-00690,00696,00698,00701-00702,00706,00710-00712,00715,00717-00718,00722-00723,00727,00731-00733,00769,00773,00775,00784-00786,00796,00801,00805-00807,00811,00815-00816,00820,00822,00824,00826,00828,00832,00836-00838,00841,00843-00845,00847-00849,00853,00857-00859,00899,00901,00906,00910-00912,00916,00920-00921,00925,00927,00931,00933,00937,00941-00943,00946,00948-00950,00952,00954,00958,00962-00964,00967,00969-00970,00974-00975,00983-00985,00988,01025-01027,01030,01032-01033,01036-01038,01042,01046-01048,01051,01057-01059,01063,01067-01069,01072,01075,01078-01080,01084,01088-01090,01093,01095-01096,01099-01101,01105,01109-01110,01114,01116,01153,01156,01158,01164,01172-01173,01179,01185,01189,01193-01194,01198,01205-01206,01210,01214-01216,01219,01221-01222,01225-01227,01235-01237,01242,01284,01289-01290,01299-01300,01303,01305,01311,01319-01321,01324,01326-01327,01330-01332,01336,01340,01345,01347-01348,01351-01353,01357,01362-01363,01366,01368,01372,01410,01415-01416,01420,01424-01426,01429,01431,01436-01437,01445,01452,01457,01467-01468,01471,01473-01474,01477-01479,01487-01489,01492,01494-01495,01498,01500,01538,01541,01546,01550-01551,01562,01572-01573,01576,01578,01582-01584,01588,01592-01594,01605,01613-01615,01620,01624,01672,01676,01678,01681,01687-01688,01697,01704,01709,01718-01720,01730-01731,01740-01741,01746,01751,01793-01794,01804,01809,01814-01815,01823-01824,01834,01836,01844,01856-01857,01865,01872,01877,01929-01930,01935,01940,01949,01951,01970-01972,01982,01991-01993,02012,02066,02077,02096-02098,02117-02119,02138-02140,02182,02222-02224,02234,02243-02244,02267-02270,02318,02339,02348,02360,02369,02371,02381,02391,02394-02396,02433-02434,02453-02454,02476,02486,02495-02496,02507,02517,02526,02600,02622,02642,02645-02652,02770-02780,02831-02832,02853,02901-02908,03026-03036,03156-03166,03286-03296,03410-03420,03538-03548,03584,03596,03667-03677,03794-03804,03922-03932,04051-04060,04178-04187,04306-04315,04435-04444,04562-04571,04690-04699,04818-04827,04947-04950,04952-04957,05076-05078,05081-05087,05201-05211,05329-05339,05457-05467,05585-05595,05714-05724,05810-05811,05813-05815,05818-05827,05830-05836,05839,05841-05848,05850-05851,05889-05890,05892-05895,05897-05899,05902-05911,05913-05914,05916,05918-05920,05923,05925-05932,05934-05935,05937-05941,05944,06018-06019,06021-06025,06028,06030-06037,06039-06042,06044-06046,06049-06058,06060-06063,06065-06067,06070,06072,06145-06151,06154-06163,06165-06168,06170-06172,06175,06177-06184,06186-06193,06196,06273,06275-06277,06280-06289,06291-06294,06296-06298,06301-06310,06312-06319,06322-06324,06401-06403,06406-06415,06417-06420,06422-06424,06427-06436,06438-06441,06443-06445,06448-06452,06529,06532-06541,06543-06550,06553,06555-06562,06564-06567,06569-06571,06574,06576-06581,06658,06660-06667,06669-06672,06674,06676,06679,06681-06688,06690-06693,06695-06697,06700-06709,06711,06785-06793,06795-06798,06800-06802,06805,06807-06814,06816-06819,06821-06823,06826-06835,06913-06919,06921-06928,06933-06940,06942-06945,06947-06949,06952-06961,06963-06964,07041-07043,07045,07047,07049-07054,07057-07066,07068-07071,07073-07075,07078,07080-07087,07089-07093,07169-07171,07173-07176,07178-07180,07183,07185-07191,07195,07197,07199-07201,07204,07206-07213,07216,07218,07220-07222,07225,07227-07230,07297,07300,07302,07304-07306,07309,07311-07318,07321-07323,07325-07327,07330,07332-07333,07335-07338,07342,07346-07348,07351-07360,07426,07430-07432,07435,07437-07444,07447,07451-07453,07456,07458-07464,07468-07470,07472-07474,07477,07479-07485,07488-07489,07493,07554-07557,07561,07563-07569,07577-07579,07582,07584-07590,07598-07600,07603,07605-07611,07614,07619-07621,07626-07627,07629-07630,07682-07684,07687,07689-07691,07693-07695,07701,07703-07705,07710-07716,07720,07724-07726,07729,07731-07733,07735-07736,07738,07740-07741,07743-07747,07750,07752-07753,07809-07810,07813,07815,07817-07818,07820-07821,07825-07826,07829-07831,07834,07836-07842,07846,07850-07852,07858,07861-07863,07867-07869,07871-07873,07876,07878-07883,07939,07941,07943-07946,07948,07951,07953,07955-07957,07962-07967,07972-07973,07976-07978,07981,07983-07990,07993,07995-07999,08002,08004-08006,08065,08067-08070,08072-08073,08077,08081-08083,08086,08088-08089,08091-08094,08098-08100,08102-08104,08107,08109-08111,08113-08115,08119,08123-08125,08128,08130,08133-08134,08140,08142-08143,08193,08195-08199,08202-08203,08207-08209,08215-08221,08224,08228,08230,08235-08241,08245,08249-08251,08254,08256-08262,08266,08270,08326,08328,08334,08338,08340-08341,08343-08346,08350,08354-08356,08359,08361-08367,08370,08375-08377,08380,08384,08386-08388,08392,08395-08398,08401,08404-08408,08450-08451,08459-08460,08464,08466-08469,08471-08473,08476,08480-08482,08485,08487-08492,08497,08499,08501-08503,08506,08509,08511-08513,08518-08520,08522-08524,08527,08529-08530,08577,08581,08583,08585-08587,08592-08593,08597-08598,08604,08606-08608,08611,08615-08616,08618-08619,08624,08627-08629,08632,08634-08637,08639-08640,08644,08646,08648-08650,08653,08656-08660,08662,08707,08709,08711-08713,08718-08719,08722-08725,08727-08728,08730,08732-08733,08740,08744-08746,08748-08751,08753-08754,08758,08760,08762-08765,08767,08770-08772,08774-08776,08779,08781-08782,08833,08835,08837-08838,08846-08851,08854,08856,08858,08860,08863,08865-08868,08870-08872,08879,08881,08884,08887-08890,08893,08896-08898,08900-08902,08905,08907-08908,08910-08911,08961,08963-08965,08970,08974,08982,08984,08991,08995-08996,08998,09002-09003,09005-09007,09012-09019,09021-09024,09026-09028,09031,09033-09040,09089-09091,09094,09098-09100,09102,09106,09108,09110-09112,09117-09118,09121-09123,09127,09131-09133,09136,09138-09139,09141-09145,09148,09150,09152-09154,09157,09159-09162,09164,09220,09222-09224,09226-09229,09232,09234,09236-09238,09241,09243,09247,09249,09257-09259,09262,09264-09265,09267-09271,09274,09278-09280,09283,09285-09286,09288-09292,09295,09349-09350,09353-09354,09358,09360,09362-09364,09370-09371,09374-09375,09383,09388,09390-09392,09394-09397,09404-09406,09409,09411,09415-09418,09421,09423,09425,09427,09430,09432-09434,09436-09437,10119-10120,10126,10129-10131,10135-10137,10140,10146-10153,10160-10162,10165,10167-10174]'
+ clush --hostfile /lustre/orion/stf243/world-shared/wcastil/Experiments/CUG26/copper_run/logs/4348848/logs/node_file.txt 'fusermount3 -u /mnt/bb/wcastil/copper_mount'
+ clush --hostfile /lustre/orion/stf243/world-shared/wcastil/Experiments/CUG26/copper_run/logs/4348848/logs/node_file.txt 'rm -rf /mnt/bb/wcastil/copper_mount'
+ clush --hostfile /lustre/orion/stf243/world-shared/wcastil/Experiments/CUG26/copper_run/logs/4348848/logs/node_file.txt 'mkdir -p /mnt/bb/wcastil/copper_mount'
+ rm -f /lustre/orion/stf243/world-shared/wcastil/Experiments/CUG26/copper_run/logs/4348848/logs/copper_address_book.txt /lustre/orion/stf243/world-shared/wcastil/Experiments/CUG26/copper_run/logs/4348848/logs/copper_address_book_full_output.txt /lustre/orion/stf243/world-shared/wcastil/Experiments/CUG26/copper_run/logs/4348848/logs/prepare_address_book.awk /lustre/orion/stf243/world-shared/wcastil/Experiments/CUG26/copper_run/logs/4348848/logs/select_discovered_address_book.awk
+ echo 'Preparing job-local address book once before full cu_fuse launch'
Preparing job-local address book once before full cu_fuse launch
++ date +%s
+ prepare_address_book_start_epoch=1775664468
+ prepare_address_book_rc=0
+ case "${address_book_source}" in
+ prepare_address_book_from_facility
+ cp /sw/frontier/ums/ums046/copper/build/olcf_frontier_copper_addressbook.txt /lustre/orion/stf243/world-shared/wcastil/Experiments/CUG26/copper_run/logs/4348848/logs/copper_address_book_full_output.txt
+ cat
+ srun --overlap -N 1 -n 1 --ntasks-per-node=1 env NODEFILE_PATH=/lustre/orion/stf243/world-shared/wcastil/Experiments/CUG26/copper_run/logs/4348848/logs/node_file.txt FACILITY_BOOK=/sw/frontier/ums/ums046/copper/build/olcf_frontier_copper_addressbook.txt OUTPUT_PATH=/lustre/orion/stf243/world-shared/wcastil/Experiments/CUG26/copper_run/logs/4348848/logs/copper_address_book.txt AWK_SCRIPT=/lustre/orion/stf243/world-shared/wcastil/Experiments/CUG26/copper_run/logs/4348848/logs/prepare_address_book.awk bash -lc 'awk -f "$AWK_SCRIPT" "$NODEFILE_PATH" "$FACILITY_BOOK" > "$OUTPUT_PATH"'
Deactivating conda environments
++ date +%s
+ prepare_address_book_end_epoch=1775664469
+ echo 'prepared address book generation took 1 s'
prepared address book generation took 1 s
+ '[' 0 -ne 0 ']'
+ '[' '!' -s /lustre/orion/stf243/world-shared/wcastil/Experiments/CUG26/copper_run/logs/4348848/logs/copper_address_book.txt ']'
+ profile_options=
+ '[' 0 -eq 1 ']'
+ '[' 0 -gt 0 ']'
+ '[' 0 -eq 1 ']'
+ '[' 0 -gt 0 ']'
+ options=' -f -tpath / -vpath /mnt/bb/wcastil/copper_mount -log_level 0 -log_type file -log_output_dir /lustre/orion/stf243/world-shared/wcastil/Experiments/CUG26/copper_run/logs/4348848 -net_type cxi://cxi1 -trees 1 -nf /lustre/orion/stf243/world-shared/wcastil/Experiments/CUG26/copper_run/logs/4348848/logs/node_file.txt -max_cacheable_byte_size 220000000 -md_enoent_ttl_ms 2000 -facility_address_book /lustre/orion/stf243/world-shared/wcastil/Experiments/CUG26/copper_run/logs/4348848/logs/copper_address_book.txt -prefiltered_address_book 1 -s /mnt/bb/wcastil/copper_mount'
+ echo 'sleeping for 10 s'
sleeping for 10 s
+ sleep 10s
+ srun --overlap -N 2048 --ntasks-per-node=1 --cpus-per-task=2 bash -c '
    echo "host=$(hostname)"
    echo "allowed=$(grep Cpus_allowed_list /proc/self/status | awk "{print \$2}")"
    echo "current_cpu=$(ps -o psr= -p $$)"
    exec /sw/frontier/ums/ums046/copper/build/cu_fuse  -f -tpath / -vpath /mnt/bb/wcastil/copper_mount -log_level 0 -log_type file -log_output_dir /lustre/orion/stf243/world-shared/wcastil/Experiments/CUG26/copper_run/logs/4348848 -net_type cxi://cxi1 -trees 1 -nf /lustre/orion/stf243/world-shared/wcastil/Experiments/CUG26/copper_run/logs/4348848/logs/node_file.txt -max_cacheable_byte_size 220000000 -md_enoent_ttl_ms 2000 -facility_address_book /lustre/orion/stf243/world-shared/wcastil/Experiments/CUG26/copper_run/logs/4348848/logs/copper_address_book.txt -prefiltered_address_book 1 -s /mnt/bb/wcastil/copper_mount
    '\''
  '
host=frontier09271
host=frontier09141
host=frontier05850
host=frontier08624
host=frontier06790
host=frontier09164
host=frontier06684
host=frontier01500
host=frontier00412
host=frontier01336
host=frontier03287
host=frontier09039
host=frontier05907
host=frontier09220
host=frontier05334
host=frontier08519
host=frontier03677
host=frontier07868
host=frontier01345
host=frontier06039
host=frontier04307
host=frontier01809
host=frontier05336
host=frontier06298
host=frontier06944
host=frontier05338
host=frontier01351
host=frontier03797
host=frontier00290
host=frontier06947
host=frontier00433
host=frontier04311
host=frontier02269
host=frontier05913
host=frontier03293
host=frontier05823
host=frontier06692
host=frontier06818
host=frontier00016
host=frontier04313
host=frontier05916
host=frontier09370
host=frontier06821
host=frontier05918
host=frontier03802
host=frontier08974
host=frontier01205
host=frontier10150
host=frontier01366
host=frontier03803
host=frontier00164
host=frontier05827
host=frontier06700
host=frontier04952
host=frontier01368
host=frontier06052
host=frontier06826
host=frontier08328
host=frontier06438
host=frontier10152
host=frontier06309
host=frontier06827
host=frontier01584
host=frontier03414
host=frontier10153
host=frontier03923
host=frontier08722
host=frontier01216
host=frontier04955
host=frontier06312
host=frontier03416
host=frontier06183
host=frontier00028
host=frontier04956
host=frontier00586
host=frontier04441
host=frontier07554
host=frontier03926
host=frontier06705
host=frontier06184
host=frontier05585
host=frontier04442
host=frontier06186
host=frontier00457
host=frontier03927
host=frontier00320
host=frontier06060
host=frontier06963
host=frontier06188
host=frontier05932
host=frontier04562
host=frontier06835
host=frontier06449
host=frontier05081
host=frontier06190
host=frontier03028
host=frontier03539
host=frontier00463
host=frontier06065
host=frontier00332
host=frontier09406
host=frontier00050
host=frontier01236
host=frontier00801
host=frontier05084
host=frontier05938
host=frontier08615
host=frontier09267
host=frontier01242
host=frontier00197
host=frontier06532
host=frontier01678
host=frontier00949
host=frontier07050
host=frontier09017
host=frontier03035
host=frontier00954
host=frontier06018
host=frontier03546
host=frontier09142
host=frontier06922
host=frontier07447
host=frontier08098
host=frontier05890
host=frontier06148
host=frontier03548
host=frontier05717
host=frontier09023
host=frontier06281
host=frontier01096
host=frontier01474
host=frontier03157
host=frontier06669
host=frontier01719
host=frontier06926
host=frontier05207
host=frontier09286
host=frontier01720
host=frontier04694
host=frontier06671
host=frontier03668
host=frontier00970
host=frontier00529
host=frontier06285
host=frontier02119
host=frontier04181
host=frontier03670
host=frontier00530
host=frontier09289
host=frontier01488
host=frontier05723
host=frontier09436
host=frontier04697
host=frontier06545
host=frontier06288
host=frontier05329
host=frontier06937
host=frontier02770
host=frontier00538
host=frontier01793
allowed=1-2
allowed=1-2
host=frontier05201
host=frontier08748
allowed=1-2
allowed=1-2
allowed=1-2
host=frontier05333
allowed=1-2
allowed=1-2
allowed=1-2
allowed=1-2
host=frontier06810
allowed=1-2
host=frontier09350
host=frontier00133
allowed=1-2
allowed=1-2
host=frontier07733
allowed=1-2
host=frontier06163
host=frontier04821
allowed=1-2
allowed=1-2
allowed=1-2
allowed=1-2
allowed=1-2
allowed=1-2
host=frontier08520
host=frontier09040
host=frontier03794
allowed=1-2
allowed=1-2
allowed=1-2
host=frontier01546
host=frontier01030
allowed=1-2
host=frontier08776
host=frontier06943
host=frontier00559
host=frontier03795
allowed=1-2
host=frontier03291
allowed=1-2
host=frontier09360
host=frontier00429
host=frontier03292
host=frontier00858
allowed=1-2
allowed=1-2
host=frontier01823
allowed=1-2
host=frontier07474
allowed=1-2
host=frontier06816
host=frontier06558
allowed=1-2
host=frontier07610
host=frontier07741
allowed=1-2
allowed=1-2
allowed=1-2
allowed=1-2
allowed=1-2
host=frontier06302
host=frontier01189
allowed=1-2
allowed=1-2
allowed=1-2
host=frontier06431
host=frontier00437
host=frontier00292
host=frontier07480
host=frontier01038
allowed=1-2
host=frontier08835
allowed=1-2
host=frontier07744
host=frontier07878
allowed=1-2
allowed=1-2
host=frontier03296
host=frontier07082
host=frontier04948
host=frontier03801
allowed=1-2
host=frontier02339
host=frontier08709
host=frontier04315
allowed=1-2
allowed=1-2
allowed=1-2
host=frontier01857
allowed=1-2
allowed=1-2
allowed=1-2
host=frontier00723
host=frontier08982
allowed=1-2
allowed=1-2
allowed=1-2
host=frontier06179
host=frontier07882
allowed=1-2
allowed=1-2
allowed=1-2
allowed=1-2
host=frontier06436
host=frontier00727
allowed=1-2
host=frontier09108
host=frontier03804
host=frontier00446
allowed=1-2
allowed=1-2
host=frontier03922
allowed=1-2
allowed=1-2
host=frontier07485
host=frontier06956
allowed=1-2
host=frontier06828
allowed=1-2
host=frontier06957
allowed=1-2
host=frontier07629
host=frontier01877
host=frontier00580
allowed=1-2
host=frontier00171
host=frontier00920
host=frontier00732
allowed=1-2
allowed=1-2
allowed=1-2
allowed=1-2
host=frontier06440
host=frontier07941
host=frontier01592
allowed=1-2
allowed=1-2
host=frontier08198
allowed=1-2
host=frontier04440
allowed=1-2
host=frontier06830
allowed=1-2
allowed=1-2
allowed=1-2
allowed=1-2
allowed=1-2
host=frontier08468
allowed=1-2
host=frontier06960
host=frontier07360
host=frontier09118
allowed=1-2
host=frontier06961
host=frontier01605
allowed=1-2
allowed=1-2
allowed=1-2
allowed=1-2
host=frontier08856
host=frontier05076
host=frontier07297
host=frontier08073
host=frontier02908
allowed=1-2
host=frontier05077
host=frontier04443
allowed=1-2
allowed=1-2
host=frontier01613
host=frontier10168
allowed=1-2
host=frontier05841
allowed=1-2
host=frontier07818
host=frontier05587
host=frontier01426
host=frontier08077
allowed=1-2
allowed=1-2
host=frontier08350
allowed=1-2
host=frontier06709
allowed=1-2
host=frontier08476
allowed=1-2
host=frontier07953
allowed=1-2
allowed=1-2
host=frontier08608
host=frontier05589
host=frontier04563
allowed=1-2
host=frontier09012
host=frontier06063
allowed=1-2
allowed=1-2
allowed=1-2
allowed=1-2
host=frontier03029
host=frontier07564
allowed=1-2
allowed=1-2
host=frontier05591
allowed=1-2
allowed=1-2
host=frontier00195
host=frontier07826
allowed=1-2
allowed=1-2
host=frontier06323
host=frontier09409
host=frontier07566
host=frontier01445
allowed=1-2
allowed=1-2
allowed=1-2
allowed=1-2
allowed=1-2
host=frontier04567
host=frontier05940
allowed=1-2
host=frontier00471
host=frontier06273
host=frontier01993
host=frontier08091
allowed=1-2
host=frontier06918
host=frontier05087
host=frontier05848
host=frontier03034
host=frontier07834
host=frontier03545
host=frontier02526
allowed=1-2
allowed=1-2
allowed=1-2
host=frontier06146
allowed=1-2
host=frontier00816
allowed=1-2
host=frontier06921
host=frontier04571
allowed=1-2
host=frontier00343
host=frontier08751
allowed=1-2
allowed=1-2
host=frontier07838
allowed=1-2
allowed=1-2
allowed=1-2
host=frontier06923
allowed=1-2
host=frontier07839
host=frontier06667
allowed=1-2
allowed=1-2
allowed=1-2
host=frontier00660
allowed=1-2
allowed=1-2
host=frontier06796
host=frontier03596
host=frontier01311
allowed=1-2
host=frontier04060
host=frontier07584
allowed=1-2
allowed=1-2
host=frontier02646
host=frontier03159
allowed=1-2
host=frontier05894
host=frontier09285
host=frontier09150
allowed=1-2
host=frontier04179
allowed=1-2
host=frontier06154
host=frontier07715
allowed=1-2
allowed=1-2
allowed=1-2
allowed=1-2
allowed=1-2
allowed=1-2
host=frontier00215
allowed=1-2
host=frontier08239
host=frontier07850
allowed=1-2
allowed=1-2
allowed=1-2
allowed=1-2
allowed=1-2
host=frontier06544
allowed=1-2
host=frontier03163
allowed=1-2
allowed=1-2
allowed=1-2
host=frontier09290
allowed=1-2
host=frontier09159
allowed=1-2
host=frontier05903
host=frontier06159
host=frontier06681
allowed=1-2
host=frontier00535
allowed=1-2
host=frontier03674
host=frontier02223
host=frontier06549
host=frontier09037
host=frontier08771
host=frontier02771
host=frontier09162
allowed=1-2
allowed=1-2
host=frontier06293
host=frontier03676
host=frontier00003
host=frontier06550
host=frontier02224
host=frontier00848
host=frontier06940
host=frontier06686
host=frontier03289
host=frontier05908
host=frontier10131
host=frontier06812
host=frontier00005
host=frontier09354
host=frontier08910
host=frontier01814
host=frontier09223
host=frontier00857
host=frontier10137
host=frontier01551
host=frontier09226
host=frontier01353
host=frontier06949
host=frontier09100
host=frontier01576
host=frontier06305
host=frontier09232
host=frontier06953
host=frontier09374
host=frontier06435
host=frontier06051
host=frontier09236
host=frontier06308
host=frontier00303
host=frontier07626
host=frontier01865
host=frontier06955
host=frontier05462
host=frontier00731
host=frontier06701
host=frontier07488
host=frontier01588
host=frontier04954
host=frontier06181
host=frontier01057
host=frontier05927
host=frontier01593
host=frontier03925
host=frontier00451
host=frontier10162
host=frontier01420
host=frontier06706
host=frontier01222
host=frontier09121
host=frontier06576
host=frontier06707
host=frontier06577
host=frontier01226
host=frontier00045
host=frontier06834
host=frontier09123
host=frontier06579
host=frontier07171
host=frontier01235
host=frontier06914
host=frontier09132
host=frontier06451
host=frontier10171
host=frontier08215
host=frontier01437
host=frontier01237
host=frontier01672
host=frontier01080
host=frontier06916
host=frontier03031
host=frontier05846
host=frontier00606
host=frontier06196
host=frontier08488
host=frontier06145
host=frontier06406
host=frontier06664
host=frontier09418
host=frontier00820
host=frontier05889
host=frontier09423
host=frontier06793
host=frontier09279
host=frontier05892
host=frontier00208
host=frontier06924
host=frontier06538
host=frontier06409
host=frontier00071
host=frontier05206
host=frontier09024
host=frontier09427
host=frontier03667
host=frontier06670
host=frontier05720
host=frontier06284
host=frontier02118
host=frontier00385
host=frontier01101
host=frontier09433
host=frontier01487
host=frontier05897
host=frontier07846
host=frontier02649
host=frontier02138
host=frontier03162
host=frontier01324
host=frontier00391
host=frontier04182
host=frontier00219
host=frontier04698
host=frontier03672
host=frontier01746
host=frontier04184
host=frontier06033
host=frontier09160
host=frontier05811
host=frontier09295
host=frontier06034
host=frontier01153
host=frontier07861
host=frontier00985
host=frontier01498
host=frontier00696
host=frontier07051
host=frontier00652
current_cpu=  1
current_cpu=  1
host=frontier07964
allowed=1-2
allowed=1-2
current_cpu=  2
current_cpu=  1
host=frontier08872
host=frontier01687
current_cpu=  2
allowed=1-2
current_cpu=  1
current_cpu=  1
current_cpu=  1
current_cpu=  2
allowed=1-2
host=frontier08772
current_cpu=  1
allowed=1-2
host=frontier04820
allowed=1-2
current_cpu=  1
current_cpu=  1
allowed=1-2
current_cpu=  2
host=frontier07070
allowed=1-2
host=frontier07469
current_cpu=  1
current_cpu=  2
host=frontier07336
current_cpu=  1
current_cpu=  2
current_cpu=  1
allowed=1-2
host=frontier07071
allowed=1-2
host=frontier07990
allowed=1-2
current_cpu=  2
current_cpu=  2
host=frontier05335
current_cpu=  1
host=frontier07470
allowed=1-2
host=frontier02775
allowed=1-2
host=frontier07869
host=frontier00006
current_cpu=  2
allowed=1-2
allowed=1-2
host=frontier05819
allowed=1-2
allowed=1-2
current_cpu=  1
allowed=1-2
current_cpu=  2
host=frontier03796
host=frontier01348
host=frontier02776
host=frontier06167
allowed=1-2
host=frontier09224
allowed=1-2
allowed=1-2
allowed=1-2
current_cpu=  1
current_cpu=  1
allowed=1-2
current_cpu=  2
host=frontier04825
host=frontier04310
allowed=1-2
current_cpu=  1
allowed=1-2
allowed=1-2
current_cpu=  1
allowed=1-2
allowed=1-2
current_cpu=  1
current_cpu=  2
current_cpu=  1
current_cpu=  2
current_cpu=  2
allowed=1-2
host=frontier09227
allowed=1-2
current_cpu=  1
host=frontier02270
current_cpu=  1
allowed=1-2
current_cpu=  1
host=frontier08662
host=frontier08406
host=frontier09098
allowed=1-2
allowed=1-2
allowed=1-2
allowed=1-2
allowed=1-2
current_cpu=  1
allowed=1-2
current_cpu=  1
allowed=1-2
host=frontier09229
allowed=1-2
host=frontier08530
current_cpu=  2
host=frontier08965
current_cpu=  1
allowed=1-2
allowed=1-2
allowed=1-2
allowed=1-2
host=frontier07352
current_cpu=  2
allowed=1-2
allowed=1-2
host=frontier00571
allowed=1-2
current_cpu=  1
current_cpu=  2
host=frontier07083
current_cpu=  1
host=frontier08581
host=frontier10149
host=frontier00155
allowed=1-2
current_cpu=  1
current_cpu=  1
current_cpu=  1
host=frontier00574
allowed=1-2
host=frontier04950
allowed=1-2
host=frontier08326
host=frontier07881
current_cpu=  1
host=frontier05920
current_cpu=  2
allowed=1-2
allowed=1-2
current_cpu=  1
host=frontier08006
current_cpu=  1
current_cpu=  2
allowed=1-2
allowed=1-2
current_cpu=  1
allowed=1-2
allowed=1-2
allowed=1-2
current_cpu=  2
current_cpu=  2
allowed=1-2
host=frontier03413
current_cpu=  2
host=frontier01214
current_cpu=  1
allowed=1-2
allowed=1-2
current_cpu=  2
host=frontier06567
host=frontier07087
allowed=1-2
current_cpu=  1
allowed=1-2
current_cpu=  2
allowed=1-2
allowed=1-2
allowed=1-2
current_cpu=  2
allowed=1-2
allowed=1-2
host=frontier08067
allowed=1-2
host=frontier07089
current_cpu=  1
current_cpu=  1
host=frontier07227
current_cpu=  1
current_cpu=  1
host=frontier05833
allowed=1-2
host=frontier03924
allowed=1-2
host=frontier02904
allowed=1-2
host=frontier06570
current_cpu=  2
host=frontier08069
current_cpu=  1
host=frontier08998
host=frontier08851
host=frontier02394
allowed=1-2
current_cpu=  1
allowed=1-2
current_cpu=  2
allowed=1-2
current_cpu=  2
current_cpu=  1
current_cpu=  1
current_cpu=  1
current_cpu=  2
allowed=1-2
current_cpu=  2
host=frontier06057
allowed=1-2
allowed=1-2
host=frontier01063
allowed=1-2
current_cpu=  1
allowed=1-2
allowed=1-2
current_cpu=  2
host=frontier07945
host=frontier03418
current_cpu=  1
host=frontier02396
host=frontier07230
host=frontier06058
host=frontier08725
current_cpu=  2
current_cpu=  2
allowed=1-2
allowed=1-2
allowed=1-2
allowed=1-2
host=frontier08203
allowed=1-2
current_cpu=  2
host=frontier00591
allowed=1-2
allowed=1-2
current_cpu=  1
host=frontier05586
current_cpu=  1
allowed=1-2
host=frontier00937
allowed=1-2
current_cpu=  1
current_cpu=  1
host=frontier09397
allowed=1-2
allowed=1-2
allowed=1-2
current_cpu=  1
current_cpu=  2
host=frontier05934
allowed=1-2
host=frontier06189
host=frontier05588
current_cpu=  2
allowed=1-2
host=frontier06062
current_cpu=  1
host=frontier09262
allowed=1-2
current_cpu=  1
host=frontier06711
allowed=1-2
current_cpu=  1
current_cpu=  2
allowed=1-2
allowed=1-2
allowed=1-2
current_cpu=  2
allowed=1-2
allowed=1-2
current_cpu=  1
current_cpu=  1
current_cpu=  1
host=frontier07173
current_cpu=  2
allowed=1-2
allowed=1-2
current_cpu=  1
current_cpu=  2
host=frontier07437
current_cpu=  1
current_cpu=  1
allowed=1-2
host=frontier07174
allowed=1-2
current_cpu=  2
host=frontier00805
current_cpu=  2
allowed=1-2
allowed=1-2
allowed=1-2
host=frontier00052
host=frontier04052
host=frontier08868
current_cpu=  1
host=frontier08744
current_cpu=  1
host=frontier07176
current_cpu=  2
current_cpu=  1
host=frontier00058
current_cpu=  2
allowed=1-2
allowed=1-2
host=frontier07441
host=frontier00199
allowed=1-2
host=frontier01681
allowed=1-2
allowed=1-2
allowed=1-2
current_cpu=  2
allowed=1-2
allowed=1-2
allowed=1-2
host=frontier04569
allowed=1-2
host=frontier00475
host=frontier05595
allowed=1-2
allowed=1-2
host=frontier08221
allowed=1-2
current_cpu=  1
host=frontier07965
host=frontier00342
current_cpu=  2
allowed=1-2
host=frontier05202
current_cpu=  2
allowed=1-2
current_cpu=  2
allowed=1-2
host=frontier00205
host=frontier01093
host=frontier07444
allowed=1-2
current_cpu=  1
allowed=1-2
host=frontier08881
host=frontier00064
host=frontier05715
allowed=1-2
current_cpu=  2
host=frontier06021
current_cpu=  1
host=frontier09022
allowed=1-2
current_cpu=  2
current_cpu=  1
host=frontier04058
current_cpu=  1
host=frontier03156
allowed=1-2
host=frontier01095
current_cpu=  2
allowed=1-2
allowed=1-2
current_cpu=  1
host=frontier08099
current_cpu=  1
current_cpu=  1
allowed=1-2
current_cpu=  1
current_cpu=  1
allowed=1-2
host=frontier08888
allowed=1-2
host=frontier02645
current_cpu=  2
host=frontier07713
allowed=1-2
allowed=1-2
host=frontier08370
host=frontier06410
host=frontier07452
host=frontier07188
current_cpu=  2
current_cpu=  2
host=frontier07321
allowed=1-2
allowed=1-2
current_cpu=  2
allowed=1-2
allowed=1-2
allowed=1-2
host=frontier07059
current_cpu=  1
allowed=1-2
current_cpu=  1
allowed=1-2
allowed=1-2
current_cpu=  1
current_cpu=  1
current_cpu=  2
current_cpu=  1
current_cpu=  1
current_cpu=  2
allowed=1-2
current_cpu=  2
host=frontier08893
host=frontier03669
host=frontier03161
allowed=1-2
allowed=1-2
current_cpu=  2
current_cpu=  2
current_cpu=  2
host=frontier07325
current_cpu=  1
current_cpu=  1
host=frontier00974
allowed=1-2
current_cpu=  2
allowed=1-2
host=frontier08109
current_cpu=  1
current_cpu=  2
host=frontier09157
host=frontier01326
allowed=1-2
current_cpu=  1
host=frontier07197
host=frontier05902
allowed=1-2
current_cpu=  1
host=frontier00983
host=frontier03164
host=frontier09034
host=frontier08111
host=frontier03165
host=frontier09292
allowed=1-2
host=frontier07462
host=frontier08511
host=frontier05810
allowed=1-2
host=frontier04185
host=frontier08770
current_cpu=  1
host=frontier10120
allowed=1-2
host=frontier07729
current_cpu=  2
host=frontier09161
allowed=1-2
host=frontier06291
allowed=1-2
allowed=1-2
allowed=1-2
allowed=1-2
host=frontier03286
host=frontier07068
allowed=1-2
current_cpu=  2
current_cpu=  2
allowed=1-2
allowed=1-2
allowed=1-2
allowed=1-2
allowed=1-2
host=frontier00274
host=frontier06811
host=frontier00276
allowed=1-2
host=frontier01026
allowed=1-2
allowed=1-2
allowed=1-2
allowed=1-2
allowed=1-2
allowed=1-2
allowed=1-2
host=frontier08908
allowed=1-2
allowed=1-2
allowed=1-2
allowed=1-2
host=frontier02244
host=frontier07995
host=frontier06688
allowed=1-2
host=frontier06945
allowed=1-2
host=frontier08404
allowed=1-2
host=frontier06429
allowed=1-2
host=frontier01033
host=frontier06817
host=frontier04826
host=frontier06691
host=frontier01824
allowed=1-2
host=frontier06303
host=frontier03294
host=frontier06560
host=frontier01357
allowed=1-2
allowed=1-2
allowed=1-2
allowed=1-2
host=frontier01198
host=frontier01844
host=frontier04314
host=frontier00018
host=frontier10148
allowed=1-2
allowed=1-2
allowed=1-2
host=frontier01578
host=frontier06822
host=frontier02348
host=frontier08846
allowed=1-2
allowed=1-2
host=frontier04435
host=frontier09375
allowed=1-2
host=frontier06307
host=frontier03411
allowed=1-2
allowed=1-2
allowed=1-2
allowed=1-2
host=frontier05830
allowed=1-2
allowed=1-2
host=frontier04437
host=frontier06053
allowed=1-2
allowed=1-2
allowed=1-2
host=frontier07225
allowed=1-2
host=frontier02903
allowed=1-2
allowed=1-2
allowed=1-2
host=frontier04438
host=frontier00448
host=frontier05926
allowed=1-2
host=frontier06703
host=frontier08723
allowed=1-2
allowed=1-2
host=frontier07943
host=frontier06056
allowed=1-2
host=frontier09117
host=frontier00454
allowed=1-2
host=frontier00927
allowed=1-2
host=frontier00029
allowed=1-2
allowed=1-2
allowed=1-2
allowed=1-2
host=frontier09003
host=frontier06187
allowed=1-2
allowed=1-2
allowed=1-2
allowed=1-2
host=frontier07948
host=frontier01614
allowed=1-2
allowed=1-2
host=frontier00785
allowed=1-2
host=frontier00594
host=frontier08081
host=frontier05935
allowed=1-2
allowed=1-2
host=frontier06319
host=frontier01971
host=frontier00193
allowed=1-2
allowed=1-2
host=frontier08611
allowed=1-2
host=frontier00943
allowed=1-2
host=frontier01972
allowed=1-2
host=frontier09265
host=frontier07045
host=frontier06915
allowed=1-2
host=frontier06452
host=frontier09014
allowed=1-2
allowed=1-2
allowed=1-2
host=frontier05592
host=frontier00948
allowed=1-2
allowed=1-2
host=frontier04566
allowed=1-2
allowed=1-2
allowed=1-2
host=frontier08618
host=frontier04054
host=frontier00811
host=frontier01457
host=frontier06402
host=frontier07178
host=frontier00341
host=frontier00202
allowed=1-2
allowed=1-2
host=frontier07314
allowed=1-2
allowed=1-2
host=frontier07052
allowed=1-2
host=frontier06276
host=frontier01090
allowed=1-2
host=frontier06019
allowed=1-2
allowed=1-2
host=frontier01303
allowed=1-2
allowed=1-2
host=frontier00658
allowed=1-2
allowed=1-2
allowed=1-2
allowed=1-2
allowed=1-2
host=frontier06022
allowed=1-2
allowed=1-2
host=frontier04692
allowed=1-2
allowed=1-2
host=frontier02117
allowed=1-2
allowed=1-2
host=frontier05719
host=frontier00967
allowed=1-2
host=frontier09152
allowed=1-2
allowed=1-2
allowed=1-2
allowed=1-2
allowed=1-2
allowed=1-2
allowed=1-2
allowed=1-2
host=frontier06800
allowed=1-2
host=frontier05210
allowed=1-2
allowed=1-2
host=frontier07459
host=frontier06286
allowed=1-2
allowed=1-2
allowed=1-2
allowed=1-2
host=frontier02650
host=frontier02139
allowed=1-2
allowed=1-2
host=frontier00685
host=frontier04183
host=frontier01327
allowed=1-2
allowed=1-2
host=frontier00260
allowed=1-2
allowed=1-2
allowed=1-2
allowed=1-2
allowed=1-2
allowed=1-2
allowed=1-2
allowed=1-2
host=frontier07599
host=frontier06420
allowed=1-2
allowed=1-2
host=frontier04186
host=frontier04187
host=frontier09038
host=frontier01025
host=frontier01794
host=frontier06036
host=frontier09353
host=frontier04306
host=frontier10130
host=frontier00004
host=frontier01172
host=frontier00702
host=frontier01173
host=frontier06427
host=frontier06813
host=frontier00427
host=frontier04309
host=frontier01032
host=frontier00563
host=frontier05820
host=frontier05910
host=frontier01185
host=frontier05911
host=frontier06690
host=frontier09363
host=frontier06044
host=frontier06170
host=frontier09094
host=frontier05822
host=frontier00568
host=frontier09364
host=frontier00439
host=frontier07081
host=frontier01836
host=frontier10147
host=frontier01573
host=frontier09099
host=frontier02780
host=frontier00906
host=frontier01362
host=frontier05459
host=frontier06175
host=frontier00154
host=frontier00718
host=frontier02832
host=frontier00910
host=frontier06434
host=frontier07483
host=frontier06954
host=frontier01582
host=frontier09106
host=frontier02360
host=frontier06566
host=frontier00912
host=frontier08585
host=frontier01583
host=frontier09238
host=frontier05463
host=frontier05832
host=frontier05464
host=frontier07357
host=frontier01215
host=frontier06829
host=frontier10160
host=frontier01415
host=frontier06571
host=frontier09392
host=frontier06441
host=frontier00177
host=frontier01594
host=frontier05467
host=frontier01221
host=frontier06831
host=frontier00773
host=frontier06443
host=frontier06314
host=frontier00931
host=frontier00589
host=frontier01067
host=frontier05839
host=frontier09396
host=frontier03928
host=frontier10167
host=frontier09259
host=frontier06964
host=frontier01951
host=frontier02434
host=frontier01615
host=frontier07561
host=frontier02453
host=frontier01227
host=frontier09404
host=frontier03931
host=frontier01075
host=frontier07825
host=frontier07043
host=frontier05590
host=frontier01078
host=frontier05844
host=frontier07438
host=frontier05845
host=frontier01079
host=frontier06787
host=frontier10173
host=frontier01676
host=frontier02495
host=frontier09268
host=frontier00806
host=frontier06788
host=frontier05593
host=frontier01992
host=frontier09269
host=frontier06661
host=frontier06070
host=frontier09415
host=frontier00648
host=frontier01289
host=frontier03033
host=frontier06072
host=frontier08871
host=frontier06403
host=frontier01299
host=frontier08093
host=frontier09143
host=frontier00517
host=frontier06536
host=frontier09278
host=frontier00655
host=frontier01697
host=frontier08884
host=frontier08632
host=frontier02097
host=frontier09425
host=frontier00523
host=frontier06282
host=frontier09148
host=frontier01099
host=frontier06023
host=frontier00826
host=frontier01718
host=frontier00668
host=frontier01477
host=frontier00072
host=frontier01478
host=frontier00349
host=frontier06283
host=frontier09026
host=frontier00213
host=frontier09027
host=frontier06412
host=frontier06927
host=frontier06798
host=frontier00076
host=frontier01105
host=frontier01730
host=frontier09153
host=frontier07588
host=frontier01489
host=frontier01740
host=frontier01110
host=frontier01114
host=frontier00841
host=frontier09437
host=frontier09291
host=frontier01741
host=frontier02140
host=frontier06935
host=frontier07330
host=frontier10119
host=frontier01116
host=frontier00087
host=frontier01494
host=frontier08900
host=frontier05904
host=frontier00265
host=frontier05331
host=frontier00407
host=frontier00690
host=frontier06035
host=frontier10126
host=frontier05813
host=frontier05332
host=frontier05905
host=frontier00988
host=frontier07464
host=frontier06161
allowed=1-2
allowed=1-2
allowed=1-2
current_cpu=  1
host=frontier06663
current_cpu=  1
host=frontier07313
allowed=1-2
allowed=1-2
host=frontier06534
current_cpu=  1
host=frontier05906
current_cpu=  1
allowed=1-2
host=frontier07468
current_cpu=  1
host=frontier08395
allowed=1-2
current_cpu=  2
current_cpu=  1
allowed=1-2
current_cpu=  1
allowed=1-2
host=frontier06037
allowed=1-2
host=frontier01538
allowed=1-2
host=frontier05815
current_cpu=  1
current_cpu=  2
allowed=1-2
current_cpu=  2
allowed=1-2
current_cpu=  2
host=frontier06165
host=frontier00139
allowed=1-2
host=frontier00424
allowed=1-2
current_cpu=  1
allowed=1-2
current_cpu=  2
host=frontier03290
allowed=1-2
allowed=1-2
host=frontier06040
current_cpu=  2
current_cpu=  2
host=frontier04823
allowed=1-2
current_cpu=  1
current_cpu=  2
host=frontier09358
current_cpu=  1
allowed=1-2
host=frontier06814
allowed=1-2
host=frontier07738
allowed=1-2
host=frontier07074
allowed=1-2
host=frontier08911
host=frontier07209
current_cpu=  1
allowed=1-2
host=frontier04824
current_cpu=  1
current_cpu=  1
current_cpu=  2
current_cpu=  2
allowed=1-2
allowed=1-2
current_cpu=  1
current_cpu=  2
host=frontier02268
current_cpu=  1
host=frontier02777
current_cpu=  2
current_cpu=  2
host=frontier07997
current_cpu=  2
allowed=1-2
current_cpu=  1
host=frontier00859
host=frontier10140
host=frontier08660
allowed=1-2
current_cpu=  1
allowed=1-2
allowed=1-2
allowed=1-2
current_cpu=  1
host=frontier08133
host=frontier07743
current_cpu=  1
current_cpu=  1
host=frontier07080
host=frontier07348
current_cpu=  2
current_cpu=  2
current_cpu=  1
current_cpu=  1
allowed=1-2
current_cpu=  2
host=frontier07213
host=frontier07351
allowed=1-2
host=frontier06046
allowed=1-2
host=frontier04947
host=frontier06695
current_cpu=  2
current_cpu=  1
current_cpu=  2
current_cpu=  2
allowed=1-2
host=frontier07216
host=frontier06952
current_cpu=  2
host=frontier07481
current_cpu=  1
host=frontier06562
allowed=1-2
current_cpu=  2
allowed=1-2
host=frontier06306
allowed=1-2
allowed=1-2
host=frontier00572
host=frontier05460
host=frontier00299
allowed=1-2
host=frontier07482
host=frontier06564
host=frontier06050
current_cpu=  1
allowed=1-2
current_cpu=  1
allowed=1-2
current_cpu=  1
allowed=1-2
current_cpu=  1
allowed=1-2
allowed=1-2
host=frontier07747
host=frontier00301
current_cpu=  2
current_cpu=  1
current_cpu=  1
allowed=1-2
current_cpu=  1
host=frontier03412
current_cpu=  1
current_cpu=  2
current_cpu=  1
current_cpu=  1
current_cpu=  1
allowed=1-2
allowed=1-2
host=frontier06180
current_cpu=  2
host=frontier07752
host=frontier04953
current_cpu=  1
host=frontier00447
allowed=1-2
allowed=1-2
current_cpu=  2
host=frontier06310
current_cpu=  2
current_cpu=  1
current_cpu=  2
current_cpu=  2
current_cpu=  1
current_cpu=  2
allowed=1-2
host=frontier08196
current_cpu=  2
allowed=1-2
allowed=1-2
allowed=1-2
current_cpu=  1
allowed=1-2
current_cpu=  1
host=frontier00027
allowed=1-2
current_cpu=  1
allowed=1-2
host=frontier00311
allowed=1-2
host=frontier07228
host=frontier05928
allowed=1-2
allowed=1-2
host=frontier06704
allowed=1-2
current_cpu=  2
current_cpu=  2
host=frontier07359
current_cpu=  1
current_cpu=  2
allowed=1-2
host=frontier08343
current_cpu=  1
current_cpu=  2
allowed=1-2
host=frontier01935
host=frontier08854
current_cpu=  1
current_cpu=  2
current_cpu=  1
allowed=1-2
allowed=1-2
allowed=1-2
allowed=1-2
allowed=1-2
allowed=1-2
current_cpu=  1
current_cpu=  1
current_cpu=  2
current_cpu=  1
allowed=1-2
current_cpu=  1
allowed=1-2
current_cpu=  1
current_cpu=  1
allowed=1-2
host=frontier07093
current_cpu=  1
host=frontier06316
host=frontier07817
host=frontier04444
allowed=1-2
current_cpu=  1
allowed=1-2
allowed=1-2
allowed=1-2
host=frontier03026
current_cpu=  2
current_cpu=  2
host=frontier03929
host=frontier06061
current_cpu=  1
host=frontier07557
allowed=1-2
current_cpu=  2
allowed=1-2
allowed=1-2
host=frontier07041
current_cpu=  1
host=frontier03538
allowed=1-2
host=frontier03027
host=frontier03930
allowed=1-2
current_cpu=  2
allowed=1-2
current_cpu=  2
current_cpu=  1
current_cpu=  1
current_cpu=  2
host=frontier07042
host=frontier05082
current_cpu=  2
current_cpu=  1
host=frontier06450
allowed=1-2
host=frontier05937
current_cpu=  2
current_cpu=  1
host=frontier05083
host=frontier06785
host=frontier06581
host=frontier03540
allowed=1-2
allowed=1-2
current_cpu=  2
allowed=1-2
current_cpu=  2
allowed=1-2
current_cpu=  1
host=frontier06786
current_cpu=  2
host=frontier03030
host=frontier08216
host=frontier07306
current_cpu=  2
allowed=1-2
host=frontier07047
allowed=1-2
host=frontier08217
allowed=1-2
allowed=1-2
host=frontier05085
host=frontier00196
allowed=1-2
host=frontier07439
host=frontier07175
host=frontier08616
host=frontier03542
host=frontier09016
allowed=1-2
host=frontier07049
host=frontier01084
allowed=1-2
host=frontier03543
host=frontier10174
host=frontier05847
host=frontier07440
current_cpu=  1
current_cpu=  1
allowed=1-2
allowed=1-2
current_cpu=  1
current_cpu=  1
allowed=1-2
host=frontier03544
host=frontier06789
host=frontier06533
current_cpu=  1
current_cpu=  2
current_cpu=  2
current_cpu=  2
current_cpu=  2
current_cpu=  1
allowed=1-2
host=frontier01290
current_cpu=  1
host=frontier04055
host=frontier08363
allowed=1-2
host=frontier08220
allowed=1-2
host=frontier09417
current_cpu=  2
current_cpu=  1
host=frontier06919
host=frontier02517
host=frontier00952
host=frontier07569
allowed=1-2
current_cpu=  1
current_cpu=  2
allowed=1-2
allowed=1-2
current_cpu=  2
allowed=1-2
host=frontier05714
current_cpu=  2
current_cpu=  2
allowed=1-2
allowed=1-2
allowed=1-2
current_cpu=  2
current_cpu=  1
allowed=1-2
host=frontier06407
allowed=1-2
host=frontier06665
host=frontier07578
host=frontier08750
host=frontier09021
host=frontier05203
host=frontier08224
allowed=1-2
current_cpu=  2
allowed=1-2
allowed=1-2
current_cpu=  1
allowed=1-2
allowed=1-2
current_cpu=  2
host=frontier00521
allowed=1-2
host=frontier06537
host=frontier03584
current_cpu=  2
current_cpu=  1
host=frontier06795
allowed=1-2
current_cpu=  1
host=frontier00522
host=frontier09145
host=frontier01305
allowed=1-2
current_cpu=  1
allowed=1-2
host=frontier00211
current_cpu=  2
allowed=1-2
allowed=1-2
host=frontier00346
current_cpu=  2
current_cpu=  2
allowed=1-2
allowed=1-2
host=frontier07187
allowed=1-2
allowed=1-2
allowed=1-2
current_cpu=  1
current_cpu=  2
current_cpu=  1
current_cpu=  2
host=frontier04178
host=frontier06797
current_cpu=  2
host=frontier07714
allowed=1-2
host=frontier06151
current_cpu=  2
current_cpu=  2
host=frontier00214
current_cpu=  1
host=frontier03160
host=frontier05895
host=frontier05208
host=frontier01479
host=frontier02647
host=frontier07586
host=frontier07587
current_cpu=  2
allowed=1-2
allowed=1-2
host=frontier04695
allowed=1-2
host=frontier04180
host=frontier06928
host=frontier08238
host=frontier07190
host=frontier06543
current_cpu=  1
current_cpu=  2
allowed=1-2
host=frontier08503
host=frontier04696
host=frontier07062
host=frontier08763
allowed=1-2
host=frontier00218
current_cpu=  1
current_cpu=  1
current_cpu=  2
host=frontier06415
allowed=1-2
host=frontier08897
host=frontier07589
allowed=1-2
host=frontier05211
host=frontier07460
allowed=1-2
current_cpu=  2
host=frontier06157
allowed=1-2
allowed=1-2
current_cpu=  2
allowed=1-2
allowed=1-2
host=frontier06158
host=frontier08898
host=frontier06417
host=frontier06805
host=frontier00259
host=frontier06032
allowed=1-2
host=frontier05724
allowed=1-2
allowed=1-2
allowed=1-2
allowed=1-2
host=frontier06936
host=frontier08646
current_cpu=  1
host=frontier06289
allowed=1-2
host=frontier00534
host=frontier08767
host=frontier04699
allowed=1-2
allowed=1-2
current_cpu=  2
allowed=1-2
allowed=1-2
allowed=1-2
host=frontier09036
host=frontier06419
current_cpu=  2
host=frontier03166
allowed=1-2
allowed=1-2
current_cpu=  2
host=frontier07332
host=frontier01495
allowed=1-2
current_cpu=  1
current_cpu=  1
current_cpu=  2
current_cpu=  1
allowed=1-2
allowed=1-2
allowed=1-2
current_cpu=  1
host=frontier03675
host=frontier07201
host=frontier06292
host=frontier01156
host=frontier06809
current_cpu=  1
host=frontier02772
current_cpu=  1
current_cpu=  2
host=frontier07335
current_cpu=  2
current_cpu=  1
host=frontier07988
host=frontier08905
allowed=1-2
host=frontier08518
host=frontier10129
host=frontier08115
host=frontier07603
host=frontier07204
host=frontier07989
host=frontier06294
host=frontier00134
host=frontier08254
allowed=1-2
host=frontier08653
allowed=1-2
current_cpu=  1
host=frontier00423
host=frontier08396
allowed=1-2
current_cpu=  1
host=frontier00550
host=frontier01340
host=frontier07206
current_cpu=  1
host=frontier04822
current_cpu=  2
current_cpu=  1
host=frontier06942
host=frontier08775
host=frontier07606
current_cpu=  2
current_cpu=  1
current_cpu=  2
allowed=1-2
host=frontier06296
current_cpu=  2
host=frontier02774
host=frontier01027
current_cpu=  1
host=frontier00706
current_cpu=  2
host=frontier01347
host=frontier09089
host=frontier08398
host=frontier05909
current_cpu=  1
current_cpu=  2
current_cpu=  2
allowed=1-2
allowed=1-2
current_cpu=  1
current_cpu=  2
current_cpu=  2
allowed=1-2
allowed=1-2
current_cpu=  1
allowed=1-2
allowed=1-2
current_cpu=  1
current_cpu=  2
current_cpu=  2
current_cpu=  2
current_cpu=  1
allowed=1-2
current_cpu=  2
current_cpu=  2
allowed=1-2
current_cpu=  2
current_cpu=  1
allowed=1-2
current_cpu=  2
current_cpu=  2
current_cpu=  2
allowed=1-2
current_cpu=  1
allowed=1-2
current_cpu=  2
allowed=1-2
current_cpu=  2
current_cpu=  1
allowed=1-2
current_cpu=  1
current_cpu=  1
current_cpu=  2
allowed=1-2
allowed=1-2
current_cpu=  2
current_cpu=  1
current_cpu=  1
allowed=1-2
current_cpu=  2
current_cpu=  2
allowed=1-2
current_cpu=  1
current_cpu=  1
allowed=1-2
current_cpu=  1
current_cpu=  1
current_cpu=  2
allowed=1-2
current_cpu=  2
current_cpu=  2
allowed=1-2
allowed=1-2
current_cpu=  1
allowed=1-2
current_cpu=  1
current_cpu=  2
current_cpu=  2
allowed=1-2
current_cpu=  1
allowed=1-2
current_cpu=  1
allowed=1-2
current_cpu=  2
current_cpu=  2
allowed=1-2
allowed=1-2
current_cpu=  2
current_cpu=  1
current_cpu=  2
current_cpu=  1
allowed=1-2
current_cpu=  1
current_cpu=  1
current_cpu=  1
current_cpu=  1
allowed=1-2
current_cpu=  2
allowed=1-2
allowed=1-2
allowed=1-2
current_cpu=  1
current_cpu=  1
current_cpu=  1
allowed=1-2
current_cpu=  1
allowed=1-2
current_cpu=  1
current_cpu=  1
allowed=1-2
current_cpu=  1
current_cpu=  2
allowed=1-2
allowed=1-2
current_cpu=  2
allowed=1-2
allowed=1-2
current_cpu=  2
allowed=1-2
current_cpu=  1
allowed=1-2
current_cpu=  2
current_cpu=  1
current_cpu=  1
allowed=1-2
current_cpu=  2
current_cpu=  2
current_cpu=  2
allowed=1-2
current_cpu=  2
allowed=1-2
current_cpu=  1
allowed=1-2
current_cpu=  1
current_cpu=  1
allowed=1-2
allowed=1-2
current_cpu=  2
allowed=1-2
current_cpu=  2
current_cpu=  1
current_cpu=  1
current_cpu=  1
current_cpu=  2
current_cpu=  2
allowed=1-2
allowed=1-2
current_cpu=  1
current_cpu=  2
current_cpu=  2
allowed=1-2
current_cpu=  2
current_cpu=  1
current_cpu=  2
allowed=1-2
current_cpu=  2
allowed=1-2
current_cpu=  1
allowed=1-2
allowed=1-2
current_cpu=  1
current_cpu=  2
allowed=1-2
current_cpu=  2
allowed=1-2
current_cpu=  1
current_cpu=  1
current_cpu=  2
current_cpu=  2
current_cpu=  2
allowed=1-2
current_cpu=  1
current_cpu=  1
current_cpu=  1
current_cpu=  2
allowed=1-2
allowed=1-2
current_cpu=  2
current_cpu=  1
current_cpu=  2
current_cpu=  2
allowed=1-2
current_cpu=  2
current_cpu=  1
allowed=1-2
current_cpu=  2
current_cpu=  1
allowed=1-2
current_cpu=  1
allowed=1-2
allowed=1-2
current_cpu=  2
current_cpu=  2
current_cpu=  1
current_cpu=  1
current_cpu=  1
current_cpu=  1
current_cpu=  2
current_cpu=  2
current_cpu=  1
current_cpu=  1
current_cpu=  2
allowed=1-2
allowed=1-2
allowed=1-2
current_cpu=  2
current_cpu=  1
allowed=1-2
current_cpu=  1
current_cpu=  2
current_cpu=  2
current_cpu=  1
allowed=1-2
current_cpu=  1
allowed=1-2
allowed=1-2
allowed=1-2
current_cpu=  1
current_cpu=  1
current_cpu=  2
current_cpu=  2
current_cpu=  1
current_cpu=  2
allowed=1-2
allowed=1-2
current_cpu=  2
current_cpu=  2
current_cpu=  2
allowed=1-2
current_cpu=  2
allowed=1-2
current_cpu=  1
current_cpu=  1
current_cpu=  1
allowed=1-2
current_cpu=  1
allowed=1-2
allowed=1-2
current_cpu=  2
current_cpu=  1
allowed=1-2
current_cpu=  1
allowed=1-2
current_cpu=  2
allowed=1-2
current_cpu=  1
allowed=1-2
current_cpu=  2
allowed=1-2
current_cpu=  2
current_cpu=  2
current_cpu=  1
current_cpu=  2
current_cpu=  2
allowed=1-2
current_cpu=  1
allowed=1-2
current_cpu=  1
allowed=1-2
allowed=1-2
current_cpu=  1
allowed=1-2
current_cpu=  1
current_cpu=  1
current_cpu=  1
allowed=1-2
current_cpu=  2
current_cpu=  1
allowed=1-2
current_cpu=  1
current_cpu=  2
current_cpu=  1
allowed=1-2
current_cpu=  1
allowed=1-2
current_cpu=  1
current_cpu=  2
allowed=1-2
allowed=1-2
allowed=1-2
allowed=1-2
allowed=1-2
current_cpu=  1
current_cpu=  2
allowed=1-2
current_cpu=  1
allowed=1-2
current_cpu=  1
current_cpu=  2
current_cpu=  1
allowed=1-2
allowed=1-2
allowed=1-2
current_cpu=  1
current_cpu=  2
current_cpu=  1
allowed=1-2
current_cpu=  2
current_cpu=  2
current_cpu=  2
current_cpu=  1
allowed=1-2
allowed=1-2
current_cpu=  2
current_cpu=  1
allowed=1-2
current_cpu=  1
current_cpu=  1
allowed=1-2
current_cpu=  2
allowed=1-2
current_cpu=  2
allowed=1-2
current_cpu=  2
current_cpu=  2
current_cpu=  2
allowed=1-2
current_cpu=  2
current_cpu=  1
allowed=1-2
allowed=1-2
current_cpu=  1
current_cpu=  1
current_cpu=  2
allowed=1-2
current_cpu=  2
allowed=1-2
current_cpu=  2
allowed=1-2
current_cpu=  1
current_cpu=  1
current_cpu=  1
current_cpu=  1
current_cpu=  1
allowed=1-2
current_cpu=  1
current_cpu=  2
current_cpu=  2
current_cpu=  2
current_cpu=  1
current_cpu=  1
current_cpu=  2
allowed=1-2
current_cpu=  2
current_cpu=  1
allowed=1-2
allowed=1-2
current_cpu=  1
current_cpu=  1
allowed=1-2
allowed=1-2
current_cpu=  1
current_cpu=  1
allowed=1-2
allowed=1-2
current_cpu=  2
current_cpu=  1
current_cpu=  2
current_cpu=  2
current_cpu=  1
current_cpu=  2
current_cpu=  2
allowed=1-2
current_cpu=  1
allowed=1-2
current_cpu=  2
allowed=1-2
current_cpu=  1
allowed=1-2
current_cpu=  2
current_cpu=  2
allowed=1-2
allowed=1-2
current_cpu=  1
allowed=1-2
current_cpu=  2
current_cpu=  2
current_cpu=  1
allowed=1-2
current_cpu=  1
current_cpu=  2
current_cpu=  1
allowed=1-2
current_cpu=  2
current_cpu=  2
current_cpu=  1
allowed=1-2
current_cpu=  2
current_cpu=  1
current_cpu=  1
current_cpu=  2
current_cpu=  1
allowed=1-2
current_cpu=  1
current_cpu=  1
allowed=1-2
allowed=1-2
current_cpu=  1
current_cpu=  1
current_cpu=  1
current_cpu=  1
allowed=1-2
allowed=1-2
current_cpu=  1
current_cpu=  1
allowed=1-2
allowed=1-2
current_cpu=  2
current_cpu=  2
allowed=1-2
allowed=1-2
current_cpu=  2
current_cpu=  2
current_cpu=  1
allowed=1-2
current_cpu=  2
allowed=1-2
allowed=1-2
current_cpu=  2
current_cpu=  2
current_cpu=  1
current_cpu=  1
allowed=1-2
current_cpu=  2
current_cpu=  2
current_cpu=  2
allowed=1-2
current_cpu=  2
allowed=1-2
current_cpu=  1
allowed=1-2
current_cpu=  1
allowed=1-2
current_cpu=  1
allowed=1-2
current_cpu=  1
current_cpu=  1
allowed=1-2
allowed=1-2
current_cpu=  2
current_cpu=  1
allowed=1-2
allowed=1-2
current_cpu=  2
current_cpu=  2
current_cpu=  2
allowed=1-2
current_cpu=  2
allowed=1-2
current_cpu=  1
current_cpu=  1
current_cpu=  2
allowed=1-2
current_cpu=  2
allowed=1-2
current_cpu=  2
current_cpu=  1
allowed=1-2
allowed=1-2
current_cpu=  1
current_cpu=  2
current_cpu=  1
allowed=1-2
current_cpu=  2
current_cpu=  1
current_cpu=  1
current_cpu=  1
allowed=1-2
allowed=1-2
current_cpu=  1
current_cpu=  2
allowed=1-2
allowed=1-2
current_cpu=  2
current_cpu=  2
allowed=1-2
allowed=1-2
current_cpu=  1
current_cpu=  2
allowed=1-2
current_cpu=  1
current_cpu=  1
current_cpu=  2
current_cpu=  2
current_cpu=  2
allowed=1-2
allowed=1-2
current_cpu=  1
allowed=1-2
current_cpu=  1
current_cpu=  2
current_cpu=  1
allowed=1-2
current_cpu=  1
allowed=1-2
current_cpu=  1
allowed=1-2
current_cpu=  1
current_cpu=  2
current_cpu=  2
current_cpu=  2
current_cpu=  1
current_cpu=  2
allowed=1-2
allowed=1-2
current_cpu=  2
current_cpu=  2
current_cpu=  1
allowed=1-2
current_cpu=  1
current_cpu=  2
current_cpu=  1
allowed=1-2
current_cpu=  2
current_cpu=  2
allowed=1-2
current_cpu=  2
current_cpu=  2
current_cpu=  2
current_cpu=  2
current_cpu=  1
allowed=1-2
allowed=1-2
current_cpu=  1
current_cpu=  1
allowed=1-2
allowed=1-2
current_cpu=  1
current_cpu=  1
allowed=1-2
allowed=1-2
current_cpu=  1
current_cpu=  2
current_cpu=  1
allowed=1-2
current_cpu=  1
allowed=1-2
current_cpu=  2
current_cpu=  2
allowed=1-2
current_cpu=  2
current_cpu=  1
allowed=1-2
current_cpu=  1
allowed=1-2
current_cpu=  1
allowed=1-2
current_cpu=  1
allowed=1-2
current_cpu=  2
allowed=1-2
current_cpu=  2
allowed=1-2
current_cpu=  1
allowed=1-2
current_cpu=  1
allowed=1-2
current_cpu=  1
current_cpu=  1
allowed=1-2
current_cpu=  1
current_cpu=  2
allowed=1-2
current_cpu=  2
current_cpu=  1
allowed=1-2
allowed=1-2
current_cpu=  2
allowed=1-2
current_cpu=  2
allowed=1-2
current_cpu=  2
allowed=1-2
current_cpu=  1
allowed=1-2
current_cpu=  1
current_cpu=  1
allowed=1-2
allowed=1-2
current_cpu=  2
current_cpu=  2
allowed=1-2
current_cpu=  1
current_cpu=  2
allowed=1-2
current_cpu=  2
allowed=1-2
current_cpu=  1
allowed=1-2
current_cpu=  1
current_cpu=  1
allowed=1-2
allowed=1-2
current_cpu=  2
current_cpu=  2
allowed=1-2
allowed=1-2
current_cpu=  1
current_cpu=  2
host=frontier07208
allowed=1-2
allowed=1-2
current_cpu=  1
current_cpu=  1
host=frontier06556
allowed=1-2
host=frontier07607
current_cpu=  2
allowed=1-2
allowed=1-2
host=frontier00144
current_cpu=  2
allowed=1-2
current_cpu=  1
host=frontier07736
allowed=1-2
host=frontier04308
current_cpu=  1
allowed=1-2
current_cpu=  2
allowed=1-2
current_cpu=  2
host=frontier09090
allowed=1-2
allowed=1-2
current_cpu=  2
current_cpu=  2
host=frontier00282
host=frontier08125
allowed=1-2
allowed=1-2
current_cpu=  2
current_cpu=  1
current_cpu=  2
host=frontier07608
allowed=1-2
current_cpu=  2
current_cpu=  2
host=frontier08658
allowed=1-2
host=frontier05337
current_cpu=  2
allowed=1-2
current_cpu=  1
host=frontier02267
allowed=1-2
host=frontier08523
current_cpu=  2
allowed=1-2
current_cpu=  1
host=frontier01815
allowed=1-2
host=frontier01179
current_cpu=  2
allowed=1-2
current_cpu=  1
host=frontier10136
allowed=1-2
host=frontier07342
current_cpu=  1
allowed=1-2
current_cpu=  1
allowed=1-2
current_cpu=  1
current_cpu=  1
allowed=1-2
host=frontier07210
current_cpu=  1
allowed=1-2
current_cpu=  2
host=frontier08961
allowed=1-2
host=frontier05821
current_cpu=  2
allowed=1-2
current_cpu=  1
host=frontier06042
allowed=1-2
host=frontier08259
current_cpu=  1
allowed=1-2
current_cpu=  2
host=frontier06168
allowed=1-2
host=frontier07740
current_cpu=  1
allowed=1-2
current_cpu=  2
allowed=1-2
current_cpu=  1
current_cpu=  2
allowed=1-2
host=frontier08524
current_cpu=  2
allowed=1-2
current_cpu=  1
host=frontier08405
allowed=1-2
host=frontier05339
current_cpu=  1
allowed=1-2
current_cpu=  1
allowed=1-2
current_cpu=  1
current_cpu=  1
allowed=1-2
host=frontier02778
current_cpu=  2
allowed=1-2
current_cpu=  2
current_cpu=  2
host=frontier08260
host=frontier07211
allowed=1-2
allowed=1-2
current_cpu=  2
host=frontier00013
allowed=1-2
host=frontier03798
current_cpu=  2
allowed=1-2
current_cpu=  1
host=frontier00150
allowed=1-2
host=frontier00565
current_cpu=  1
allowed=1-2
current_cpu=  1
host=frontier01562
current_cpu=  2
allowed=1-2
current_cpu=  2
allowed=1-2
current_cpu=  2
allowed=1-2
current_cpu=  2
host=frontier01036
allowed=1-2
host=frontier07212
current_cpu=  2
allowed=1-2
current_cpu=  1
host=frontier04827
current_cpu=  2
allowed=1-2
current_cpu=  1
current_cpu=  1
host=frontier10146
host=frontier08964
allowed=1-2
allowed=1-2
current_cpu=  1
current_cpu=  1
allowed=1-2
host=frontier08833
current_cpu=  1
allowed=1-2
current_cpu=  2
host=frontier08261
allowed=1-2
host=frontier07998
current_cpu=  2
allowed=1-2
current_cpu=  1
allowed=1-2
current_cpu=  2
host=frontier09228
allowed=1-2
host=frontier01572
current_cpu=  2
allowed=1-2
current_cpu=  2
host=frontier05457
allowed=1-2
allowed=1-2
current_cpu=  2
current_cpu=  1
current_cpu=  2
host=frontier07876
allowed=1-2
host=frontier07614
current_cpu=  2
allowed=1-2
current_cpu=  2
host=frontier03800
allowed=1-2
host=frontier06304
current_cpu=  1
allowed=1-2
current_cpu=  2
host=frontier06819
allowed=1-2
allowed=1-2
current_cpu=  1
current_cpu=  1
host=frontier01194
current_cpu=  1
allowed=1-2
host=frontier00152
current_cpu=  1
allowed=1-2
current_cpu=  2
host=frontier06693
allowed=1-2
host=frontier05458
current_cpu=  2
allowed=1-2
current_cpu=  2
host=frontier03295
current_cpu=  1
allowed=1-2
current_cpu=  2
host=frontier08262
allowed=1-2
host=frontier06561
current_cpu=  2
allowed=1-2
current_cpu=  1
host=frontier06172
allowed=1-2
host=frontier08134
current_cpu=  1
allowed=1-2
current_cpu=  2
current_cpu=  1
host=frontier02831
current_cpu=  1
allowed=1-2
current_cpu=  2
current_cpu=  2
allowed=1-2
current_cpu=  1
host=frontier07879
allowed=1-2
allowed=1-2
current_cpu=  2
allowed=1-2
current_cpu=  1
allowed=1-2
current_cpu=  1
allowed=1-2
current_cpu=  1
current_cpu=  1
current_cpu=  1
current_cpu=  2
host=frontier08837
host=frontier08577
allowed=1-2
allowed=1-2
current_cpu=  2
host=frontier08408
allowed=1-2
host=frontier08002
allowed=1-2
host=frontier08450
current_cpu=  2
allowed=1-2
current_cpu=  1
current_cpu=  1
host=frontier00722
host=frontier07218
allowed=1-2
allowed=1-2
current_cpu=  2
current_cpu=  2
current_cpu=  2
host=frontier04949
allowed=1-2
current_cpu=  2
current_cpu=  1
allowed=1-2
current_cpu=  1
host=frontier09234
allowed=1-2
host=frontier08142
current_cpu=  2
current_cpu=  2
allowed=1-2
allowed=1-2
current_cpu=  2
current_cpu=  2
host=frontier03410
host=frontier07746
allowed=1-2
allowed=1-2
current_cpu=  1
current_cpu=  2
host=frontier06177
allowed=1-2
allowed=1-2
current_cpu=  2
current_cpu=  1
current_cpu=  2
host=frontier08004
host=frontier00022
allowed=1-2
allowed=1-2
current_cpu=  1
allowed=1-2
current_cpu=  1
current_cpu=  2
host=frontier07084
current_cpu=  2
allowed=1-2
allowed=1-2
current_cpu=  1
current_cpu=  2
host=frontier06178
host=frontier08005
allowed=1-2
allowed=1-2
current_cpu=  1
current_cpu=  1
current_cpu=  1
allowed=1-2
current_cpu=  1
host=frontier08583
allowed=1-2
current_cpu=  1
current_cpu=  1
allowed=1-2
current_cpu=  2
current_cpu=  1
host=frontier08451
host=frontier07220
allowed=1-2
allowed=1-2
current_cpu=  2
current_cpu=  2
allowed=1-2
current_cpu=  1
current_cpu=  2
current_cpu=  1
current_cpu=  1
current_cpu=  1
allowed=1-2
host=frontier07085
current_cpu=  2
allowed=1-2
current_cpu=  1
current_cpu=  1
current_cpu=  1
host=frontier04436
allowed=1-2
host=frontier08847
current_cpu=  1
allowed=1-2
current_cpu=  2
host=frontier07484
allowed=1-2
host=frontier01210
current_cpu=  1
allowed=1-2
current_cpu=  1
host=frontier10151
allowed=1-2
host=frontier07221
current_cpu=  1
allowed=1-2
current_cpu=  2
current_cpu=  1
host=frontier00166
host=frontier07356
allowed=1-2
allowed=1-2
current_cpu=  2
current_cpu=  1
current_cpu=  2
host=frontier08195
allowed=1-2
host=frontier08848
current_cpu=  1
allowed=1-2
current_cpu=  1
allowed=1-2
current_cpu=  1
allowed=1-2
current_cpu=  2
host=frontier05831
allowed=1-2
host=frontier08065
current_cpu=  1
allowed=1-2
current_cpu=  2
host=frontier00169
allowed=1-2
current_cpu=  1
current_cpu=  1
current_cpu=  2
host=frontier00916
host=frontier01872
allowed=1-2
allowed=1-2
current_cpu=  2
current_cpu=  1
host=frontier07222
host=frontier02371
allowed=1-2
allowed=1-2
current_cpu=  2
current_cpu=  2
host=frontier02902
current_cpu=  2
allowed=1-2
allowed=1-2
current_cpu=  1
current_cpu=  1
current_cpu=  2
host=frontier06439
current_cpu=  2
allowed=1-2
current_cpu=  1
allowed=1-2
current_cpu=  2
host=frontier09241
allowed=1-2
current_cpu=  1
current_cpu=  2
host=frontier09111
allowed=1-2
current_cpu=  1
current_cpu=  2
current_cpu=  1
host=frontier00026
allowed=1-2
allowed=1-2
current_cpu=  1
current_cpu=  1
allowed=1-2
current_cpu=  1
allowed=1-2
current_cpu=  1
host=frontier07939
allowed=1-2
host=frontier03415
current_cpu=  2
allowed=1-2
current_cpu=  1
host=frontier02391
allowed=1-2
host=frontier07358
current_cpu=  2
allowed=1-2
current_cpu=  1
host=frontier00176
allowed=1-2
current_cpu=  2
current_cpu=  1
allowed=1-2
current_cpu=  1
host=frontier06182
allowed=1-2
host=frontier06055
current_cpu=  1
allowed=1-2
current_cpu=  1
host=frontier07630
allowed=1-2
host=frontier01058
current_cpu=  2
allowed=1-2
current_cpu=  1
host=frontier08592
allowed=1-2
host=frontier08340
current_cpu=  2
allowed=1-2
current_cpu=  1
host=frontier07809
allowed=1-2
host=frontier00584
current_cpu=  1
allowed=1-2
current_cpu=  1
host=frontier00921
allowed=1-2
host=frontier00925
current_cpu=  1
allowed=1-2
current_cpu=  1
host=frontier05466
allowed=1-2
host=frontier00585
current_cpu=  2
allowed=1-2
current_cpu=  1
allowed=1-2
current_cpu=  2
current_cpu=  2
current_cpu=  1
allowed=1-2
current_cpu=  1
allowed=1-2
current_cpu=  1
host=frontier08593
allowed=1-2
host=frontier07682
current_cpu=  2
allowed=1-2
current_cpu=  2
current_cpu=  1
allowed=1-2
host=frontier02905
current_cpu=  2
allowed=1-2
current_cpu=  1
host=frontier00769
allowed=1-2
host=frontier06313
current_cpu=  2
allowed=1-2
current_cpu=  1
host=frontier07229
allowed=1-2
host=frontier08070
current_cpu=  2
allowed=1-2
current_cpu=  1
host=frontier00318
allowed=1-2
host=frontier07091
current_cpu=  2
allowed=1-2
current_cpu=  2
allowed=1-2
current_cpu=  2
current_cpu=  1
host=frontier04957
host=frontier08199
allowed=1-2
allowed=1-2
current_cpu=  2
current_cpu=  2
host=frontier03417
host=frontier06574
allowed=1-2
allowed=1-2
current_cpu=  2
current_cpu=  2
host=frontier05929
allowed=1-2
allowed=1-2
current_cpu=  1
current_cpu=  2
current_cpu=  2
host=frontier07944
allowed=1-2
allowed=1-2
current_cpu=  2
current_cpu=  1
host=frontier06315
allowed=1-2
host=frontier08202
current_cpu=  1
allowed=1-2
current_cpu=  2
host=frontier07092
allowed=1-2
current_cpu=  1
current_cpu=  2
host=frontier02907
allowed=1-2
current_cpu=  2
current_cpu=  2
host=frontier07426
allowed=1-2
host=frontier06444
current_cpu=  1
allowed=1-2
current_cpu=  2
host=frontier07555
allowed=1-2
current_cpu=  1
current_cpu=  1
host=frontier00030
allowed=1-2
current_cpu=  1
current_cpu=  1
allowed=1-2
current_cpu=  1
host=frontier05836
allowed=1-2
host=frontier06832
current_cpu=  1
allowed=1-2
current_cpu=  1
allowed=1-2
current_cpu=  1
host=frontier00784
allowed=1-2
host=frontier00186
current_cpu=  2
allowed=1-2
current_cpu=  2
current_cpu=  1
host=frontier08727
host=frontier08471
allowed=1-2
allowed=1-2
current_cpu=  2
current_cpu=  2
host=frontier05931
host=frontier00933
allowed=1-2
allowed=1-2
current_cpu=  2
current_cpu=  1
host=frontier07946
host=frontier00458
allowed=1-2
allowed=1-2
current_cpu=  2
current_cpu=  1
current_cpu=  2
host=frontier01068
allowed=1-2
host=frontier01949
current_cpu=  1
allowed=1-2
current_cpu=  2
host=frontier01425
allowed=1-2
host=frontier07430
current_cpu=  2
allowed=1-2
current_cpu=  1
current_cpu=  1
current_cpu=  2
allowed=1-2
current_cpu=  1
host=frontier06578
allowed=1-2
host=frontier00592
current_cpu=  2
allowed=1-2
current_cpu=  2
allowed=1-2
current_cpu=  2
host=frontier08472
allowed=1-2
host=frontier08728
current_cpu=  2
allowed=1-2
current_cpu=  2
current_cpu=  2
host=frontier07689
current_cpu=  1
allowed=1-2
host=frontier07300
current_cpu=  2
allowed=1-2
current_cpu=  2
host=frontier06448
allowed=1-2
allowed=1-2
current_cpu=  1
current_cpu=  2
host=frontier03420
current_cpu=  1
allowed=1-2
allowed=1-2
current_cpu=  2
current_cpu=  1
host=frontier07951
host=frontier00941
allowed=1-2
allowed=1-2
current_cpu=  2
current_cpu=  2
host=frontier08473
host=frontier07820
allowed=1-2
allowed=1-2
current_cpu=  2
current_cpu=  2
host=frontier07302
host=frontier08863
allowed=1-2
allowed=1-2
current_cpu=  2
current_cpu=  1
host=frontier09127
host=frontier01970
allowed=1-2
allowed=1-2
current_cpu=  2
current_cpu=  2
host=frontier00786
host=frontier01429
allowed=1-2
allowed=1-2
current_cpu=  1
current_cpu=  2
allowed=1-2
host=frontier01072
current_cpu=  1
allowed=1-2
current_cpu=  2
host=frontier07432
allowed=1-2
allowed=1-2
current_cpu=  2
current_cpu=  1
current_cpu=  1
host=frontier02454
allowed=1-2
host=frontier07821
current_cpu=  1
allowed=1-2
current_cpu=  2
host=frontier10170
allowed=1-2
host=frontier07563
current_cpu=  1
allowed=1-2
current_cpu=  2
host=frontier00324
allowed=1-2
current_cpu=  1
current_cpu=  1
allowed=1-2
current_cpu=  1
host=frontier06913
allowed=1-2
allowed=1-2
current_cpu=  2
current_cpu=  2
allowed=1-2
host=frontier05843
current_cpu=  2
allowed=1-2
current_cpu=  2
host=frontier09264
allowed=1-2
host=frontier08209
current_cpu=  2
allowed=1-2
current_cpu=  2
current_cpu=  2
current_cpu=  2
host=frontier00194
allowed=1-2
host=frontier04564
current_cpu=  2
allowed=1-2
current_cpu=  2
allowed=1-2
current_cpu=  2
host=frontier07693
allowed=1-2
current_cpu=  1
current_cpu=  2
host=frontier06322
allowed=1-2
host=frontier07955
current_cpu=  1
allowed=1-2
current_cpu=  2
host=frontier01624
allowed=1-2
allowed=1-2
current_cpu=  1
current_cpu=  2
current_cpu=  2
allowed=1-2
current_cpu=  2
current_cpu=  2
allowed=1-2
allowed=1-2
current_cpu=  2
current_cpu=  2
allowed=1-2
host=frontier08740
current_cpu=  2
allowed=1-2
current_cpu=  1
host=frontier09133
allowed=1-2
host=frontier08867
current_cpu=  2
allowed=1-2
current_cpu=  1
current_cpu=  2
host=frontier07565
allowed=1-2
allowed=1-2
current_cpu=  1
current_cpu=  2
host=frontier00601
allowed=1-2
allowed=1-2
current_cpu=  2
current_cpu=  1
host=frontier04565
current_cpu=  2
allowed=1-2
host=frontier08481
current_cpu=  2
allowed=1-2
current_cpu=  2
host=frontier08356
allowed=1-2
current_cpu=  1
current_cpu=  2
host=frontier06660
allowed=1-2
current_cpu=  2
current_cpu=  2
allowed=1-2
current_cpu=  1
allowed=1-2
current_cpu=  1
current_cpu=  1
host=frontier08482
host=frontier09411
allowed=1-2
allowed=1-2
current_cpu=  1
current_cpu=  1
host=frontier01991
host=frontier00469
allowed=1-2
allowed=1-2
current_cpu=  1
current_cpu=  2
host=frontier09015
current_cpu=  2
allowed=1-2
allowed=1-2
current_cpu=  2
current_cpu=  1
current_cpu=  1
host=frontier08088
allowed=1-2
host=frontier07957
current_cpu=  1
allowed=1-2
current_cpu=  1
current_cpu=  2
host=frontier08218
host=frontier04053
allowed=1-2
allowed=1-2
current_cpu=  1
current_cpu=  2
host=frontier08089
current_cpu=  2
allowed=1-2
host=frontier09138
current_cpu=  2
allowed=1-2
current_cpu=  2
host=frontier06917
allowed=1-2
allowed=1-2
current_cpu=  1
current_cpu=  2
host=frontier00470
host=frontier01284
allowed=1-2
allowed=1-2
current_cpu=  2
current_cpu=  2
host=frontier06401
host=frontier08745
allowed=1-2
allowed=1-2
current_cpu=  2
current_cpu=  2
host=frontier08361
host=frontier03032
allowed=1-2
allowed=1-2
current_cpu=  1
current_cpu=  1
host=frontier01452
host=frontier00340
allowed=1-2
allowed=1-2
current_cpu=  1
current_cpu=  2
allowed=1-2
host=frontier07963
current_cpu=  1
allowed=1-2
current_cpu=  1
host=frontier08746
allowed=1-2
allowed=1-2
current_cpu=  2
current_cpu=  1
allowed=1-2
host=frontier06662
current_cpu=  2
allowed=1-2
current_cpu=  2
allowed=1-2
current_cpu=  1
host=frontier07568
allowed=1-2
allowed=1-2
current_cpu=  1
current_cpu=  2
host=frontier07312
host=frontier08619
allowed=1-2
allowed=1-2
current_cpu=  2
current_cpu=  1
host=frontier08362
host=frontier04568
allowed=1-2
allowed=1-2
current_cpu=  2
current_cpu=  2
host=frontier08487
host=frontier02012
allowed=1-2
allowed=1-2
current_cpu=  2
current_cpu=  2
allowed=1-2
host=frontier09018
current_cpu=  1
allowed=1-2
current_cpu=  2
host=frontier01089
allowed=1-2
allowed=1-2
current_cpu=  1
current_cpu=  1
host=frontier00060
current_cpu=  2
allowed=1-2
host=frontier05944
current_cpu=  2
allowed=1-2
current_cpu=  1
host=frontier00815
allowed=1-2
host=frontier07179
current_cpu=  2
allowed=1-2
current_cpu=  1
current_cpu=  1
host=frontier07704
host=frontier08092
allowed=1-2
allowed=1-2
current_cpu=  2
current_cpu=  2
host=frontier01467
host=frontier06275
allowed=1-2
allowed=1-2
current_cpu=  1
current_cpu=  2
allowed=1-2
host=frontier09019
current_cpu=  2
allowed=1-2
current_cpu=  1
current_cpu=  1
current_cpu=  2
host=frontier07180
allowed=1-2
host=frontier08879
current_cpu=  1
allowed=1-2
current_cpu=  1
allowed=1-2
current_cpu=  1
host=frontier00061
allowed=1-2
current_cpu=  1
current_cpu=  1
host=frontier00479
allowed=1-2
host=frontier08749
current_cpu=  1
allowed=1-2
current_cpu=  1
allowed=1-2
current_cpu=  1
host=frontier04056
allowed=1-2
allowed=1-2
current_cpu=  2
current_cpu=  2
host=frontier06535
current_cpu=  2
allowed=1-2
host=frontier08490
current_cpu=  2
allowed=1-2
current_cpu=  2
host=frontier06147
allowed=1-2
host=frontier06277
current_cpu=  1
allowed=1-2
current_cpu=  1
host=frontier02077
allowed=1-2
host=frontier07966
current_cpu=  2
allowed=1-2
current_cpu=  1
host=frontier03547
allowed=1-2
allowed=1-2
current_cpu=  1
current_cpu=  1
host=frontier04057
host=frontier07183
allowed=1-2
allowed=1-2
current_cpu=  2
current_cpu=  1
host=frontier03036
host=frontier07315
allowed=1-2
allowed=1-2
current_cpu=  2
current_cpu=  1
host=frontier00206
current_cpu=  1
allowed=1-2
host=frontier07710
current_cpu=  1
allowed=1-2
current_cpu=  1
current_cpu=  2
allowed=1-2
host=frontier07711
current_cpu=  2
allowed=1-2
current_cpu=  1
current_cpu=  2
host=frontier00962
host=frontier00822
allowed=1-2
allowed=1-2
current_cpu=  2
current_cpu=  2
current_cpu=  2
host=frontier06280
allowed=1-2
host=frontier08629
current_cpu=  1
allowed=1-2
current_cpu=  1
host=frontier07316
allowed=1-2
host=frontier01704
current_cpu=  1
allowed=1-2
current_cpu=  1
host=frontier02096
allowed=1-2
allowed=1-2
current_cpu=  2
current_cpu=  2
host=frontier07579
host=frontier06666
allowed=1-2
allowed=1-2
current_cpu=  1
current_cpu=  2
current_cpu=  2
current_cpu=  1
current_cpu=  1
host=frontier04059
allowed=1-2
host=frontier08492
current_cpu=  2
allowed=1-2
current_cpu=  2
current_cpu=  2
host=frontier07582
host=frontier04691
allowed=1-2
allowed=1-2
current_cpu=  2
current_cpu=  1
current_cpu=  1
host=frontier00824
allowed=1-2
host=frontier07317
current_cpu=  1
allowed=1-2
current_cpu=  2
host=frontier00067
allowed=1-2
host=frontier08230
current_cpu=  2
allowed=1-2
current_cpu=  1
allowed=1-2
current_cpu=  1
host=frontier08367
allowed=1-2
host=frontier06539
current_cpu=  2
allowed=1-2
current_cpu=  1
current_cpu=  1
current_cpu=  2
host=frontier06925
allowed=1-2
host=frontier07973
current_cpu=  1
allowed=1-2
current_cpu=  1
host=frontier08497
allowed=1-2
host=frontier07318
current_cpu=  1
allowed=1-2
current_cpu=  2
host=frontier05718
allowed=1-2
host=frontier08235
current_cpu=  2
allowed=1-2
current_cpu=  1
host=frontier03158
allowed=1-2
allowed=1-2
current_cpu=  1
current_cpu=  2
current_cpu=  2
host=frontier07058
allowed=1-2
host=frontier08100
current_cpu=  1
allowed=1-2
current_cpu=  1
current_cpu=  1
host=frontier06411
host=frontier07585
allowed=1-2
allowed=1-2
current_cpu=  1
current_cpu=  2
allowed=1-2
host=frontier08635
current_cpu=  2
allowed=1-2
current_cpu=  1
host=frontier07841
allowed=1-2
current_cpu=  1
current_cpu=  1
current_cpu=  2
host=frontier01100
allowed=1-2
allowed=1-2
current_cpu=  1
current_cpu=  2
allowed=1-2
current_cpu=  2
host=frontier00828
allowed=1-2
host=frontier08102
current_cpu=  1
allowed=1-2
current_cpu=  2
host=frontier01319
allowed=1-2
host=frontier08499
current_cpu=  2
allowed=1-2
current_cpu=  2
host=frontier04693
allowed=1-2
current_cpu=  2
current_cpu=  2
allowed=1-2
current_cpu=  2
current_cpu=  1
host=frontier06541
host=frontier08237
allowed=1-2
allowed=1-2
current_cpu=  2
current_cpu=  1
current_cpu=  2
host=frontier07189
allowed=1-2
host=frontier08376
current_cpu=  1
allowed=1-2
current_cpu=  2
current_cpu=  1
host=frontier09432
current_cpu=  1
allowed=1-2
host=frontier08501
current_cpu=  2
allowed=1-2
current_cpu=  2
host=frontier08636
allowed=1-2
host=frontier00073
current_cpu=  1
allowed=1-2
current_cpu=  1
host=frontier07060
allowed=1-2
host=frontier08637
current_cpu=  1
allowed=1-2
current_cpu=  2
current_cpu=  2
current_cpu=  2
host=frontier06672
allowed=1-2
host=frontier09288
current_cpu=  1
allowed=1-2
current_cpu=  2
host=frontier06155
allowed=1-2
host=frontier02648
current_cpu=  2
allowed=1-2
current_cpu=  2
host=frontier06413
allowed=1-2
current_cpu=  1
current_cpu=  1
current_cpu=  2
host=frontier08762
host=frontier06028
allowed=1-2
allowed=1-2
current_cpu=  2
current_cpu=  1
allowed=1-2
host=frontier01321
current_cpu=  2
allowed=1-2
current_cpu=  1
host=frontier00836
allowed=1-2
current_cpu=  2
current_cpu=  2
host=frontier09031
allowed=1-2
allowed=1-2
current_cpu=  1
current_cpu=  2
host=frontier07720
current_cpu=  2
allowed=1-2
current_cpu=  2
current_cpu=  1
allowed=1-2
current_cpu=  2
host=frontier08896
allowed=1-2
allowed=1-2
current_cpu=  2
current_cpu=  1
host=frontier07191
host=frontier01731
allowed=1-2
allowed=1-2
current_cpu=  1
current_cpu=  1
host=frontier08380
host=frontier00080
allowed=1-2
allowed=1-2
current_cpu=  2
current_cpu=  2
host=frontier00387
current_cpu=  2
allowed=1-2
host=frontier06676
current_cpu=  1
allowed=1-2
current_cpu=  2
current_cpu=  2
host=frontier08240
host=frontier07983
allowed=1-2
allowed=1-2
current_cpu=  2
current_cpu=  2
host=frontier00838
host=frontier00975
allowed=1-2
allowed=1-2
current_cpu=  1
current_cpu=  2
host=frontier05899
current_cpu=  2
allowed=1-2
current_cpu=  2
current_cpu=  1
allowed=1-2
current_cpu=  2
host=frontier00532
allowed=1-2
host=frontier06031
current_cpu=  2
allowed=1-2
current_cpu=  2
host=frontier06802
allowed=1-2
host=frontier08640
current_cpu=  1
allowed=1-2
current_cpu=  2
allowed=1-2
current_cpu=  2
host=frontier08644
allowed=1-2
current_cpu=  2
current_cpu=  1
host=frontier08386
allowed=1-2
current_cpu=  1
current_cpu=  1
host=frontier07725
allowed=1-2
host=frontier00085
current_cpu=  1
allowed=1-2
current_cpu=  2
allowed=1-2
current_cpu=  1
allowed=1-2
current_cpu=  2
host=frontier08241
allowed=1-2
allowed=1-2
current_cpu=  2
current_cpu=  2
host=frontier08509
host=frontier07461
allowed=1-2
allowed=1-2
current_cpu=  1
current_cpu=  2
host=frontier07852
host=frontier00395
allowed=1-2
allowed=1-2
current_cpu=  2
current_cpu=  1
host=frontier08765
current_cpu=  1
allowed=1-2
current_cpu=  1
current_cpu=  1
host=frontier06547
allowed=1-2
host=frontier00404
current_cpu=  2
allowed=1-2
current_cpu=  1
host=frontier09035
allowed=1-2
host=frontier01330
current_cpu=  1
allowed=1-2
current_cpu=  1
allowed=1-2
current_cpu=  2
host=frontier07726
allowed=1-2
current_cpu=  2
current_cpu=  1
host=frontier07858
allowed=1-2
host=frontier05330
current_cpu=  2
allowed=1-2
current_cpu=  1
host=frontier07065
allowed=1-2
current_cpu=  2
current_cpu=  2
host=frontier07985
allowed=1-2
host=frontier08245
current_cpu=  2
allowed=1-2
current_cpu=  1
host=frontier07463
allowed=1-2
host=frontier07986
current_cpu=  1
allowed=1-2
current_cpu=  1
current_cpu=  1
current_cpu=  1
host=frontier08388
allowed=1-2
current_cpu=  1
current_cpu=  1
current_cpu=  1
current_cpu=  1
current_cpu=  1
allowed=1-2
host=frontier07200
current_cpu=  2
allowed=1-2
current_cpu=  1
host=frontier07066
allowed=1-2
host=frontier06160
current_cpu=  1
allowed=1-2
current_cpu=  2
host=frontier08113
allowed=1-2
host=frontier00088
current_cpu=  1
allowed=1-2
current_cpu=  1
host=frontier08114
allowed=1-2
allowed=1-2
current_cpu=  1
current_cpu=  2
host=frontier00845
current_cpu=  2
allowed=1-2
host=frontier04819
current_cpu=  2
allowed=1-2
current_cpu=  1
host=frontier08649
allowed=1-2
host=frontier07333
current_cpu=  1
allowed=1-2
current_cpu=  1
host=frontier07731
allowed=1-2
host=frontier08250
current_cpu=  2
allowed=1-2
current_cpu=  2
host=frontier01332
allowed=1-2
current_cpu=  1
current_cpu=  1
host=frontier00130
allowed=1-2
allowed=1-2
current_cpu=  2
current_cpu=  2
host=frontier06938
host=frontier07862
allowed=1-2
allowed=1-2
current_cpu=  1
current_cpu=  1
allowed=1-2
allowed=1-2
current_cpu=  1
current_cpu=  2
host=frontier08650
host=frontier00549
allowed=1-2
allowed=1-2
current_cpu=  1
current_cpu=  2
host=frontier00847
host=frontier06939
allowed=1-2
allowed=1-2
current_cpu=  2
current_cpu=  1
allowed=1-2
host=frontier05814
current_cpu=  1
allowed=1-2
current_cpu=  2
host=frontier07732
allowed=1-2
allowed=1-2
current_cpu=  2
current_cpu=  1
allowed=1-2
host=frontier00698
current_cpu=  1
allowed=1-2
current_cpu=  2
host=frontier06162
allowed=1-2
host=frontier07863
current_cpu=  1
allowed=1-2
current_cpu=  2
host=frontier01158
allowed=1-2
host=frontier06685
current_cpu=  2
allowed=1-2
current_cpu=  2
host=frontier01164
allowed=1-2
host=frontier08774
current_cpu=  2
allowed=1-2
current_cpu=  2
host=frontier02234
allowed=1-2
allowed=1-2
current_cpu=  1
current_cpu=  2
allowed=1-2
host=frontier06423
current_cpu=  2
allowed=1-2
current_cpu=  2
host=frontier08907
allowed=1-2
host=frontier01804
current_cpu=  2
allowed=1-2
current_cpu=  1
allowed=1-2
current_cpu=  2
host=frontier07605
allowed=1-2
host=frontier07867
current_cpu=  1
allowed=1-2
current_cpu=  1
allowed=1-2
current_cpu=  1
host=frontier02773
allowed=1-2
host=frontier08119
current_cpu=  2
allowed=1-2
current_cpu=  1
host=frontier01541
allowed=1-2
host=frontier06555
current_cpu=  2
allowed=1-2
current_cpu=  2
allowed=1-2
current_cpu=  2
host=frontier00849
allowed=1-2
host=frontier00278
current_cpu=  1
allowed=1-2
current_cpu=  1
host=frontier05818
allowed=1-2
allowed=1-2
current_cpu=  1
current_cpu=  1
host=frontier07337
host=frontier08397
allowed=1-2
allowed=1-2
current_cpu=  1
current_cpu=  2
host=frontier08123
host=frontier08656
allowed=1-2
allowed=1-2
current_cpu=  1
current_cpu=  2
host=frontier07207
host=frontier06424
allowed=1-2
allowed=1-2
current_cpu=  2
current_cpu=  1
host=frontier00554
host=frontier07735
allowed=1-2
allowed=1-2
current_cpu=  1
current_cpu=  1
host=frontier06297
allowed=1-2
allowed=1-2
current_cpu=  2
current_cpu=  1
host=frontier10135
allowed=1-2
host=frontier08657
current_cpu=  2
allowed=1-2
current_cpu=  2
host=frontier06166
allowed=1-2
host=frontier07338
current_cpu=  2
allowed=1-2
current_cpu=  1
host=frontier07472
allowed=1-2
host=frontier07073
current_cpu=  2
allowed=1-2
current_cpu=  1
host=frontier00280
allowed=1-2
host=frontier08522
current_cpu=  2
allowed=1-2
current_cpu=  1
allowed=1-2
current_cpu=  2
host=frontier08124
allowed=1-2
allowed=1-2
current_cpu=  2
current_cpu=  1
host=frontier00853
allowed=1-2
allowed=1-2
current_cpu=  2
current_cpu=  2
host=frontier07473
allowed=1-2
allowed=1-2
current_cpu=  2
current_cpu=  1
allowed=1-2
host=frontier06428
current_cpu=  1
allowed=1-2
current_cpu=  2
host=frontier08258
allowed=1-2
allowed=1-2
current_cpu=  1
current_cpu=  1
host=frontier00145
host=frontier00007
allowed=1-2
allowed=1-2
current_cpu=  2
current_cpu=  2
host=frontier08401
allowed=1-2
allowed=1-2
current_cpu=  2
current_cpu=  2
host=frontier00428
allowed=1-2
host=frontier06041
current_cpu=  1
allowed=1-2
current_cpu=  2
host=frontier06557
allowed=1-2
host=frontier00710
current_cpu=  1
allowed=1-2
current_cpu=  1
allowed=1-2
current_cpu=  1
allowed=1-2
current_cpu=  2
allowed=1-2
current_cpu=  2
host=frontier07346
allowed=1-2
allowed=1-2
current_cpu=  2
current_cpu=  2
host=frontier08781
host=frontier07996
allowed=1-2
allowed=1-2
current_cpu=  2
current_cpu=  1
host=frontier08659
host=frontier09362
allowed=1-2
allowed=1-2
current_cpu=  2
current_cpu=  2
host=frontier00711
host=frontier00009
allowed=1-2
allowed=1-2
current_cpu=  2
current_cpu=  1
host=frontier07609
host=frontier07075
allowed=1-2
allowed=1-2
current_cpu=  2
current_cpu=  1
host=frontier08128
host=frontier00148
allowed=1-2
allowed=1-2
current_cpu=  1
current_cpu=  1
host=frontier00564
allowed=1-2
allowed=1-2
current_cpu=  1
current_cpu=  1
host=frontier06559
allowed=1-2
host=frontier08782
current_cpu=  2
allowed=1-2
current_cpu=  1
allowed=1-2
current_cpu=  2
host=frontier08963
allowed=1-2
host=frontier01352
current_cpu=  2
allowed=1-2
current_cpu=  2
allowed=1-2
current_cpu=  2
host=frontier07347
allowed=1-2
host=frontier07078
current_cpu=  1
allowed=1-2
current_cpu=  1
host=frontier08527
allowed=1-2
host=frontier00291
current_cpu=  1
allowed=1-2
current_cpu=  1
allowed=1-2
current_cpu=  2
allowed=1-2
current_cpu=  1
host=frontier07477
allowed=1-2
host=frontier00712
current_cpu=  1
allowed=1-2
current_cpu=  2
host=frontier01193
allowed=1-2
allowed=1-2
current_cpu=  1
current_cpu=  1
host=frontier01834
host=frontier07611
allowed=1-2
allowed=1-2
current_cpu=  2
current_cpu=  2
host=frontier00899
host=frontier02779
allowed=1-2
allowed=1-2
current_cpu=  2
current_cpu=  2
host=frontier05914
host=frontier08529
allowed=1-2
allowed=1-2
current_cpu=  1
current_cpu=  1
host=frontier06045
host=frontier00715
allowed=1-2
allowed=1-2
current_cpu=  2
current_cpu=  1
host=frontier01037
allowed=1-2
allowed=1-2
current_cpu=  2
current_cpu=  1
host=frontier06171
allowed=1-2
host=frontier04312
current_cpu=  2
allowed=1-2
current_cpu=  1
host=frontier07479
allowed=1-2
host=frontier08707
current_cpu=  1
allowed=1-2
current_cpu=  2
allowed=1-2
current_cpu=  2
allowed=1-2
current_cpu=  1
host=frontier05824
allowed=1-2
host=frontier08407
current_cpu=  1
allowed=1-2
current_cpu=  1
allowed=1-2
current_cpu=  2
host=frontier06432
allowed=1-2
host=frontier00717
current_cpu=  2
allowed=1-2
current_cpu=  1
allowed=1-2
current_cpu=  2
allowed=1-2
current_cpu=  1
allowed=1-2
current_cpu=  1
host=frontier02318
allowed=1-2
host=frontier00297
current_cpu=  2
allowed=1-2
current_cpu=  2
allowed=1-2
current_cpu=  2
host=frontier07999
allowed=1-2
host=frontier05825
current_cpu=  2
allowed=1-2
current_cpu=  1
allowed=1-2
current_cpu=  2
host=frontier07745
allowed=1-2
host=frontier01042
current_cpu=  1
allowed=1-2
current_cpu=  1
host=frontier06049
allowed=1-2
allowed=1-2
current_cpu=  1
current_cpu=  1
host=frontier08140
allowed=1-2
allowed=1-2
current_cpu=  2
current_cpu=  1
host=frontier09371
allowed=1-2
allowed=1-2
current_cpu=  2
current_cpu=  1
allowed=1-2
host=frontier08970
current_cpu=  1
allowed=1-2
current_cpu=  1
allowed=1-2
current_cpu=  2
host=frontier07619
allowed=1-2
host=frontier08266
current_cpu=  2
allowed=1-2
current_cpu=  1
allowed=1-2
current_cpu=  1
host=frontier00444
allowed=1-2
host=frontier01363
current_cpu=  2
allowed=1-2
current_cpu=  1
host=frontier06696
allowed=1-2
host=frontier08838
current_cpu=  2
allowed=1-2
current_cpu=  1
host=frontier01856
allowed=1-2
host=frontier09102
current_cpu=  2
allowed=1-2
current_cpu=  2
allowed=1-2
current_cpu=  1
host=frontier08270
allowed=1-2
host=frontier00019
current_cpu=  2
allowed=1-2
current_cpu=  1
host=frontier07880
allowed=1-2
host=frontier07620
current_cpu=  1
allowed=1-2
current_cpu=  2
allowed=1-2
current_cpu=  2
host=frontier05919
allowed=1-2
host=frontier01046
current_cpu=  1
allowed=1-2
current_cpu=  1
host=frontier08712
allowed=1-2
host=frontier00911
current_cpu=  1
allowed=1-2
current_cpu=  1
host=frontier06823
allowed=1-2
allowed=1-2
current_cpu=  2
current_cpu=  2
host=frontier00445
host=frontier02853
allowed=1-2
allowed=1-2
current_cpu=  1
current_cpu=  2
allowed=1-2
host=frontier06697
current_cpu=  1
allowed=1-2
current_cpu=  1
allowed=1-2
current_cpu=  1
host=frontier07354
allowed=1-2
host=frontier08143
current_cpu=  1
allowed=1-2
current_cpu=  1
allowed=1-2
current_cpu=  1
host=frontier01206
allowed=1-2
allowed=1-2
current_cpu=  1
current_cpu=  2
host=frontier05461
host=frontier08193
allowed=1-2
allowed=1-2
current_cpu=  2
current_cpu=  2
allowed=1-2
host=frontier05923
current_cpu=  2
allowed=1-2
current_cpu=  2
host=frontier07355
allowed=1-2
allowed=1-2
current_cpu=  2
current_cpu=  1
host=frontier07750
host=frontier08713
allowed=1-2
allowed=1-2
current_cpu=  1
current_cpu=  2
allowed=1-2
host=frontier08984
current_cpu=  2
allowed=1-2
current_cpu=  1
allowed=1-2
current_cpu=  1
host=frontier08459
allowed=1-2
host=frontier00575
current_cpu=  2
allowed=1-2
current_cpu=  2
host=frontier02369
allowed=1-2
host=frontier00024
current_cpu=  2
allowed=1-2
current_cpu=  1
host=frontier09237
allowed=1-2
host=frontier00307
current_cpu=  1
allowed=1-2
current_cpu=  2
host=frontier08718
allowed=1-2
allowed=1-2
current_cpu=  1
current_cpu=  1
host=frontier08586
host=frontier08334
allowed=1-2
allowed=1-2
current_cpu=  2
current_cpu=  1
allowed=1-2
host=frontier00025
current_cpu=  1
allowed=1-2
current_cpu=  2
host=frontier07627
allowed=1-2
host=frontier07883
current_cpu=  2
allowed=1-2
current_cpu=  2
host=frontier01051
allowed=1-2
host=frontier00576
current_cpu=  1
allowed=1-2
current_cpu=  1
host=frontier08460
allowed=1-2
host=frontier09110
current_cpu=  1
allowed=1-2
current_cpu=  2
host=frontier08991
allowed=1-2
host=frontier07086
current_cpu=  1
allowed=1-2
current_cpu=  2
allowed=1-2
current_cpu=  1
host=frontier08719
allowed=1-2
host=frontier08464
current_cpu=  1
allowed=1-2
current_cpu=  2
host=frontier08995
allowed=1-2
allowed=1-2
current_cpu=  2
current_cpu=  2
allowed=1-2
host=frontier06054
current_cpu=  1
allowed=1-2
current_cpu=  1
host=frontier09390
allowed=1-2
host=frontier02381
current_cpu=  1
allowed=1-2
current_cpu=  2
host=frontier01410
allowed=1-2
allowed=1-2
current_cpu=  1
current_cpu=  1
host=frontier08849
host=frontier06569
allowed=1-2
allowed=1-2
current_cpu=  2
current_cpu=  1
host=frontier06702
host=frontier08587
allowed=1-2
allowed=1-2
current_cpu=  1
current_cpu=  1
host=frontier05465
host=frontier00450
allowed=1-2
allowed=1-2
current_cpu=  1
current_cpu=  2
host=frontier08466
host=frontier09112
allowed=1-2
allowed=1-2
current_cpu=  1
current_cpu=  2
host=frontier08197
host=frontier00733
allowed=1-2
allowed=1-2
current_cpu=  2
current_cpu=  2
host=frontier06958
host=frontier07489
allowed=1-2
allowed=1-2
current_cpu=  1
current_cpu=  1
host=frontier04439
allowed=1-2
allowed=1-2
current_cpu=  1
current_cpu=  2
allowed=1-2
current_cpu=  1
host=frontier08996
allowed=1-2
host=frontier01929
current_cpu=  1
allowed=1-2
current_cpu=  2
allowed=1-2
current_cpu=  2
host=frontier08850
allowed=1-2
host=frontier10161
current_cpu=  1
allowed=1-2
current_cpu=  2
host=frontier09247
allowed=1-2
host=frontier07810
current_cpu=  1
allowed=1-2
current_cpu=  1
host=frontier08467
allowed=1-2
host=frontier05834
current_cpu=  1
allowed=1-2
current_cpu=  1
host=frontier07090
allowed=1-2
allowed=1-2
current_cpu=  1
current_cpu=  2
host=frontier01416
allowed=1-2
allowed=1-2
current_cpu=  2
current_cpu=  1
allowed=1-2
current_cpu=  2
host=frontier06959
allowed=1-2
host=frontier08341
current_cpu=  2
allowed=1-2
current_cpu=  2
host=frontier01219
allowed=1-2
host=frontier07493
current_cpu=  2
allowed=1-2
current_cpu=  1
allowed=1-2
current_cpu=  1
host=frontier07683
allowed=1-2
host=frontier07813
current_cpu=  1
allowed=1-2
current_cpu=  1
host=frontier09394
allowed=1-2
host=frontier02395
current_cpu=  2
allowed=1-2
current_cpu=  1
allowed=1-2
current_cpu=  1
allowed=1-2
current_cpu=  2
allowed=1-2
current_cpu=  1
host=frontier09249
allowed=1-2
allowed=1-2
current_cpu=  1
current_cpu=  1
allowed=1-2
allowed=1-2
current_cpu=  2
current_cpu=  2
host=frontier08724
host=frontier00181
allowed=1-2
allowed=1-2
current_cpu=  1
current_cpu=  2
host=frontier08597
allowed=1-2
allowed=1-2
current_cpu=  2
current_cpu=  2
allowed=1-2
current_cpu=  1
host=frontier00185
allowed=1-2
host=frontier10165
current_cpu=  2
allowed=1-2
current_cpu=  1
host=frontier00319
allowed=1-2
host=frontier09257
current_cpu=  1
allowed=1-2
current_cpu=  1
host=frontier05930
allowed=1-2
host=frontier07684
current_cpu=  1
allowed=1-2
current_cpu=  1
allowed=1-2
current_cpu=  2
host=frontier08344
allowed=1-2
host=frontier07815
current_cpu=  1
allowed=1-2
current_cpu=  2
host=frontier00775
allowed=1-2
allowed=1-2
current_cpu=  2
current_cpu=  2
host=frontier08072
host=frontier01424
allowed=1-2
allowed=1-2
current_cpu=  2
current_cpu=  1
host=frontier08598
host=frontier06445
allowed=1-2
allowed=1-2
current_cpu=  1
current_cpu=  2
host=frontier08345
host=frontier08604
allowed=1-2
allowed=1-2
current_cpu=  2
current_cpu=  1
host=frontier07687
allowed=1-2
allowed=1-2
current_cpu=  1
current_cpu=  2
host=frontier06833
allowed=1-2
allowed=1-2
current_cpu=  2
current_cpu=  1
host=frontier09122
host=frontier07556
allowed=1-2
allowed=1-2
current_cpu=  1
current_cpu=  2
host=frontier09258
host=frontier09005
allowed=1-2
allowed=1-2
current_cpu=  1
current_cpu=  1
allowed=1-2
host=frontier00043
current_cpu=  1
allowed=1-2
current_cpu=  2
host=frontier08858
allowed=1-2
allowed=1-2
current_cpu=  1
current_cpu=  2
host=frontier06708
host=frontier09006
allowed=1-2
allowed=1-2
current_cpu=  1
current_cpu=  1
host=frontier05078
allowed=1-2
allowed=1-2
current_cpu=  2
current_cpu=  2
allowed=1-2
current_cpu=  2
allowed=1-2
current_cpu=  2
host=frontier00322
allowed=1-2
host=frontier06317
current_cpu=  2
allowed=1-2
current_cpu=  2
host=frontier08207
allowed=1-2
host=frontier07431
current_cpu=  2
allowed=1-2
current_cpu=  2
host=frontier08860
allowed=1-2
host=frontier08346
current_cpu=  1
allowed=1-2
current_cpu=  2
allowed=1-2
current_cpu=  2
host=frontier00459
allowed=1-2
host=frontier08606
current_cpu=  2
allowed=1-2
current_cpu=  1
host=frontier00190
allowed=1-2
host=frontier05842
current_cpu=  1
allowed=1-2
current_cpu=  2
host=frontier10169
allowed=1-2
allowed=1-2
current_cpu=  2
current_cpu=  1
host=frontier08730
host=frontier00460
allowed=1-2
allowed=1-2
current_cpu=  1
current_cpu=  2
host=frontier07170
host=frontier09007
allowed=1-2
allowed=1-2
current_cpu=  2
current_cpu=  2
allowed=1-2
host=frontier08607
current_cpu=  2
allowed=1-2
current_cpu=  2
allowed=1-2
current_cpu=  1
allowed=1-2
current_cpu=  1
allowed=1-2
current_cpu=  1
host=frontier00323
allowed=1-2
host=frontier06318
current_cpu=  1
allowed=1-2
current_cpu=  2
host=frontier08865
allowed=1-2
host=frontier07304
current_cpu=  2
allowed=1-2
current_cpu=  2
allowed=1-2
current_cpu=  1
host=frontier01431
allowed=1-2
host=frontier07435
current_cpu=  2
allowed=1-2
current_cpu=  2
host=frontier00049
allowed=1-2
host=frontier09405
current_cpu=  1
allowed=1-2
current_cpu=  2
allowed=1-2
current_cpu=  2
host=frontier08732
allowed=1-2
host=frontier09131
current_cpu=  1
allowed=1-2
current_cpu=  2
host=frontier08082
allowed=1-2
host=frontier07691
current_cpu=  1
allowed=1-2
current_cpu=  2
host=frontier00942
allowed=1-2
host=frontier08354
current_cpu=  2
allowed=1-2
current_cpu=  2
host=frontier00596
allowed=1-2
host=frontier08083
current_cpu=  1
allowed=1-2
current_cpu=  1
allowed=1-2
current_cpu=  2
host=frontier09013
allowed=1-2
host=frontier08866
current_cpu=  1
allowed=1-2
current_cpu=  1
allowed=1-2
current_cpu=  1
host=frontier07305
allowed=1-2
allowed=1-2
current_cpu=  1
current_cpu=  2
host=frontier08480
host=frontier02476
allowed=1-2
allowed=1-2
current_cpu=  2
current_cpu=  2
host=frontier00597
host=frontier01436
allowed=1-2
allowed=1-2
current_cpu=  1
current_cpu=  2
allowed=1-2
host=frontier00465
current_cpu=  2
allowed=1-2
current_cpu=  1
allowed=1-2
current_cpu=  2
host=frontier08355
allowed=1-2
host=frontier08086
current_cpu=  1
allowed=1-2
current_cpu=  1
host=frontier03541
allowed=1-2
host=frontier02486
current_cpu=  2
allowed=1-2
current_cpu=  2
host=frontier06658
allowed=1-2
host=frontier10172
current_cpu=  2
allowed=1-2
current_cpu=  2
host=frontier04051
allowed=1-2
host=frontier07956
current_cpu=  2
allowed=1-2
current_cpu=  2
allowed=1-2
current_cpu=  1
host=frontier00946
allowed=1-2
allowed=1-2
current_cpu=  1
current_cpu=  2
host=frontier00051
host=frontier00334
allowed=1-2
allowed=1-2
current_cpu=  1
current_cpu=  1
allowed=1-2
host=frontier07694
current_cpu=  2
allowed=1-2
current_cpu=  2
host=frontier06192
allowed=1-2
allowed=1-2
current_cpu=  1
current_cpu=  1
allowed=1-2
allowed=1-2
current_cpu=  2
current_cpu=  1
host=frontier08359
host=frontier06193
allowed=1-2
allowed=1-2
current_cpu=  1
current_cpu=  2
host=frontier07309
host=frontier00605
allowed=1-2
allowed=1-2
current_cpu=  2
current_cpu=  2
host=frontier07695
allowed=1-2
allowed=1-2
current_cpu=  2
current_cpu=  1
allowed=1-2
current_cpu=  2
host=frontier09136
allowed=1-2
host=frontier05939
current_cpu=  2
allowed=1-2
current_cpu=  1
host=frontier06067
allowed=1-2
allowed=1-2
current_cpu=  2
current_cpu=  2
host=frontier06324
allowed=1-2
allowed=1-2
current_cpu=  2
current_cpu=  1
host=frontier08485
allowed=1-2
host=frontier07962
current_cpu=  1
allowed=1-2
current_cpu=  2
allowed=1-2
current_cpu=  1
allowed=1-2
current_cpu=  2
host=frontier05086
allowed=1-2
host=frontier07830
current_cpu=  1
allowed=1-2
current_cpu=  2
allowed=1-2
current_cpu=  1
host=frontier07311
allowed=1-2
allowed=1-2
current_cpu=  1
current_cpu=  1
host=frontier07567
host=frontier07701
allowed=1-2
allowed=1-2
current_cpu=  2
current_cpu=  2
allowed=1-2
allowed=1-2
current_cpu=  1
current_cpu=  2
host=frontier00339
host=frontier00950
allowed=1-2
allowed=1-2
current_cpu=  2
current_cpu=  2
allowed=1-2
allowed=1-2
current_cpu=  1
current_cpu=  2
host=frontier08219
allowed=1-2
allowed=1-2
current_cpu=  2
current_cpu=  2
host=frontier05941
allowed=1-2
host=frontier09139
current_cpu=  1
allowed=1-2
current_cpu=  1
host=frontier00059
allowed=1-2
allowed=1-2
current_cpu=  2
current_cpu=  2
host=frontier09416
host=frontier07703
allowed=1-2
allowed=1-2
current_cpu=  1
current_cpu=  1
host=frontier02507
host=frontier05594
allowed=1-2
allowed=1-2
current_cpu=  2
current_cpu=  1
allowed=1-2
host=frontier09270
current_cpu=  2
allowed=1-2
current_cpu=  1
allowed=1-2
current_cpu=  2
host=frontier07442
allowed=1-2
host=frontier07836
current_cpu=  2
allowed=1-2
current_cpu=  1
host=frontier06791
allowed=1-2
host=frontier07443
current_cpu=  2
allowed=1-2
current_cpu=  1
host=frontier07705
allowed=1-2
host=frontier08627
current_cpu=  2
allowed=1-2
current_cpu=  2
host=frontier00654
allowed=1-2
host=frontier08489
current_cpu=  1
allowed=1-2
current_cpu=  2
host=frontier02066
allowed=1-2
allowed=1-2
current_cpu=  1
current_cpu=  1
host=frontier08364
host=frontier09274
allowed=1-2
allowed=1-2
current_cpu=  1
current_cpu=  1
host=frontier07577
allowed=1-2
allowed=1-2
current_cpu=  1
current_cpu=  1
host=frontier04570
allowed=1-2
host=frontier01468
current_cpu=  1
allowed=1-2
current_cpu=  1
host=frontier08365
allowed=1-2
host=frontier09421
current_cpu=  2
allowed=1-2
current_cpu=  1
host=frontier01300
allowed=1-2
allowed=1-2
current_cpu=  1
current_cpu=  1
allowed=1-2
host=frontier01471
current_cpu=  1
allowed=1-2
current_cpu=  2
host=frontier00958
allowed=1-2
host=frontier07053
current_cpu=  1
allowed=1-2
current_cpu=  1
host=frontier06792
allowed=1-2
allowed=1-2
current_cpu=  1
current_cpu=  2
allowed=1-2
host=frontier02600
current_cpu=  1
allowed=1-2
current_cpu=  2
host=frontier08628
allowed=1-2
allowed=1-2
current_cpu=  2
current_cpu=  2
allowed=1-2
host=frontier05204
current_cpu=  1
allowed=1-2
current_cpu=  1
host=frontier02622
allowed=1-2
host=frontier00066
current_cpu=  1
allowed=1-2
current_cpu=  2
host=frontier00207
allowed=1-2
host=frontier08491
current_cpu=  1
allowed=1-2
current_cpu=  2
host=frontier04690
allowed=1-2
host=frontier01473
current_cpu=  1
allowed=1-2
current_cpu=  2
host=frontier08366
allowed=1-2
host=frontier06408
current_cpu=  2
allowed=1-2
current_cpu=  1
host=frontier07185
allowed=1-2
host=frontier09144
current_cpu=  2
allowed=1-2
current_cpu=  1
host=frontier08228
allowed=1-2
host=frontier07967
current_cpu=  1
allowed=1-2
current_cpu=  2
host=frontier07054
allowed=1-2
allowed=1-2
current_cpu=  2
current_cpu=  2
host=frontier07712
host=frontier00345
allowed=1-2
allowed=1-2
current_cpu=  1
current_cpu=  2
host=frontier01709
host=frontier07186
allowed=1-2
allowed=1-2
current_cpu=  1
current_cpu=  2
allowed=1-2
allowed=1-2
current_cpu=  2
current_cpu=  2
host=frontier07057
host=frontier06149
allowed=1-2
allowed=1-2
current_cpu=  2
current_cpu=  1
host=frontier08887
host=frontier07972
allowed=1-2
allowed=1-2
current_cpu=  1
current_cpu=  2
host=frontier09280
host=frontier08753
allowed=1-2
allowed=1-2
current_cpu=  2
current_cpu=  2
allowed=1-2
host=frontier05205
current_cpu=  1
allowed=1-2
current_cpu=  1
host=frontier02642
allowed=1-2
allowed=1-2
current_cpu=  1
current_cpu=  1
host=frontier00964
allowed=1-2
allowed=1-2
current_cpu=  1
current_cpu=  1
allowed=1-2
current_cpu=  2
allowed=1-2
current_cpu=  2
allowed=1-2
current_cpu=  2
host=frontier06150
allowed=1-2
allowed=1-2
current_cpu=  2
current_cpu=  1
host=frontier05893
allowed=1-2
allowed=1-2
current_cpu=  2
current_cpu=  1
host=frontier02098
allowed=1-2
allowed=1-2
current_cpu=  2
current_cpu=  1
allowed=1-2
host=frontier07840
current_cpu=  2
allowed=1-2
current_cpu=  1
host=frontier08634
allowed=1-2
allowed=1-2
current_cpu=  2
current_cpu=  1
allowed=1-2
host=frontier08236
current_cpu=  2
allowed=1-2
current_cpu=  2
host=frontier09430
allowed=1-2
allowed=1-2
current_cpu=  2
current_cpu=  1
host=frontier07453
allowed=1-2
allowed=1-2
current_cpu=  1
current_cpu=  1
host=frontier08375
allowed=1-2
host=frontier08889
current_cpu=  1
allowed=1-2
current_cpu=  2
host=frontier06024
allowed=1-2
allowed=1-2
current_cpu=  1
current_cpu=  1
host=frontier08758
host=frontier00669
allowed=1-2
allowed=1-2
current_cpu=  1
current_cpu=  1
allowed=1-2
host=frontier00526
current_cpu=  2
allowed=1-2
current_cpu=  2
host=frontier00969
allowed=1-2
host=frontier07456
current_cpu=  1
allowed=1-2
current_cpu=  2
host=frontier00528
allowed=1-2
host=frontier08890
current_cpu=  1
allowed=1-2
current_cpu=  2
host=frontier07322
allowed=1-2
host=frontier06025
current_cpu=  2
allowed=1-2
current_cpu=  1
host=frontier00832
allowed=1-2
allowed=1-2
current_cpu=  2
current_cpu=  2
allowed=1-2
host=frontier08760
current_cpu=  1
allowed=1-2
current_cpu=  2
allowed=1-2
current_cpu=  2
host=frontier07842
allowed=1-2
host=frontier08103
current_cpu=  2
allowed=1-2
current_cpu=  1
host=frontier01320
allowed=1-2
allowed=1-2
current_cpu=  1
current_cpu=  1
host=frontier08502
host=frontier05209
allowed=1-2
allowed=1-2
current_cpu=  1
current_cpu=  2
host=frontier09028
allowed=1-2
allowed=1-2
current_cpu=  2
current_cpu=  1
host=frontier07323
allowed=1-2
host=frontier07978
current_cpu=  1
allowed=1-2
current_cpu=  1
allowed=1-2
current_cpu=  1
host=frontier07061
allowed=1-2
allowed=1-2
current_cpu=  1
current_cpu=  1
host=frontier00679
host=frontier00386
allowed=1-2
allowed=1-2
current_cpu=  1
current_cpu=  1
host=frontier05721
host=frontier08104
allowed=1-2
allowed=1-2
current_cpu=  2
current_cpu=  2
allowed=1-2
host=frontier08377
current_cpu=  1
allowed=1-2
current_cpu=  2
host=frontier06030
allowed=1-2
host=frontier08639
current_cpu=  2
allowed=1-2
current_cpu=  1
host=frontier06414
allowed=1-2
host=frontier01109
current_cpu=  1
allowed=1-2
current_cpu=  2
host=frontier09434
allowed=1-2
host=frontier00837
current_cpu=  1
allowed=1-2
current_cpu=  2
host=frontier05898
allowed=1-2
host=frontier09154
current_cpu=  1
allowed=1-2
current_cpu=  1
host=frontier06801
allowed=1-2
host=frontier06674
current_cpu=  1
allowed=1-2
current_cpu=  1
host=frontier06156
allowed=1-2
host=frontier07981
current_cpu=  1
allowed=1-2
current_cpu=  2
host=frontier08107
allowed=1-2
allowed=1-2
current_cpu=  1
current_cpu=  2
host=frontier00680
allowed=1-2
allowed=1-2
current_cpu=  2
current_cpu=  1
host=frontier07326
allowed=1-2
allowed=1-2
current_cpu=  2
current_cpu=  2
host=frontier00681
host=frontier08384
allowed=1-2
allowed=1-2
current_cpu=  1
current_cpu=  1
host=frontier03671
host=frontier07851
allowed=1-2
allowed=1-2
current_cpu=  1
current_cpu=  1
host=frontier08764
host=frontier06934
allowed=1-2
allowed=1-2
current_cpu=  1
current_cpu=  1
host=frontier07724
host=frontier07063
allowed=1-2
allowed=1-2
current_cpu=  2
current_cpu=  1
host=frontier00081
host=frontier06287
allowed=1-2
allowed=1-2
current_cpu=  2
current_cpu=  2
host=frontier08506
allowed=1-2
allowed=1-2
current_cpu=  2
current_cpu=  1
host=frontier07064
allowed=1-2
allowed=1-2
current_cpu=  2
current_cpu=  2
host=frontier01492
allowed=1-2
allowed=1-2
current_cpu=  1
current_cpu=  1
allowed=1-2
current_cpu=  2
allowed=1-2
current_cpu=  1
allowed=1-2
current_cpu=  2
host=frontier06546
allowed=1-2
allowed=1-2
current_cpu=  2
current_cpu=  1
host=frontier08110
host=frontier06679
allowed=1-2
allowed=1-2
current_cpu=  2
current_cpu=  2
host=frontier07984
host=frontier07327
allowed=1-2
allowed=1-2
current_cpu=  2
current_cpu=  1
host=frontier07590
allowed=1-2
allowed=1-2
current_cpu=  1
current_cpu=  2
allowed=1-2
current_cpu=  1
host=frontier02652
allowed=1-2
host=frontier07598
current_cpu=  1
allowed=1-2
current_cpu=  2
host=frontier07199
allowed=1-2
allowed=1-2
current_cpu=  2
current_cpu=  2
allowed=1-2
host=frontier03673
current_cpu=  1
allowed=1-2
current_cpu=  1
host=frontier00689
allowed=1-2
allowed=1-2
current_cpu=  1
current_cpu=  2
host=frontier00984
host=frontier06807
allowed=1-2
allowed=1-2
current_cpu=  1
current_cpu=  2
allowed=1-2
host=frontier06418
current_cpu=  2
allowed=1-2
current_cpu=  1
allowed=1-2
current_cpu=  2
host=frontier08387
allowed=1-2
host=frontier01331
current_cpu=  1
allowed=1-2
current_cpu=  1
host=frontier06682
allowed=1-2
host=frontier08249
current_cpu=  2
allowed=1-2
current_cpu=  2
allowed=1-2
current_cpu=  1
host=frontier01751
allowed=1-2
host=frontier08648
current_cpu=  1
allowed=1-2
current_cpu=  2
host=frontier04818
allowed=1-2
allowed=1-2
current_cpu=  1
current_cpu=  2
host=frontier08512
host=frontier02222
allowed=1-2
allowed=1-2
current_cpu=  1
current_cpu=  1
allowed=1-2
host=frontier06808
current_cpu=  1
allowed=1-2
current_cpu=  1
host=frontier00844
allowed=1-2
allowed=1-2
current_cpu=  2
current_cpu=  2
allowed=1-2
host=frontier00270
current_cpu=  2
allowed=1-2
current_cpu=  1
host=frontier00408
allowed=1-2
allowed=1-2
current_cpu=  2
current_cpu=  2
host=frontier06683
allowed=1-2
allowed=1-2
current_cpu=  2
current_cpu=  1
allowed=1-2
current_cpu=  2
allowed=1-2
current_cpu=  1
host=frontier09349
allowed=1-2
allowed=1-2
current_cpu=  1
current_cpu=  1
host=frontier08513
allowed=1-2
allowed=1-2
current_cpu=  2
current_cpu=  2
host=frontier08902
allowed=1-2
host=frontier07987
current_cpu=  1
allowed=1-2
current_cpu=  1
allowed=1-2
current_cpu=  2
allowed=1-2
current_cpu=  2
host=frontier06422
allowed=1-2
host=frontier07069
current_cpu=  2
allowed=1-2
current_cpu=  2
host=frontier08251
allowed=1-2
host=frontier00701
current_cpu=  1
allowed=1-2
current_cpu=  1
host=frontier06553
allowed=1-2
host=frontier03288
current_cpu=  2
allowed=1-2
current_cpu=  2
host=frontier08256
allowed=1-2
host=frontier09222
current_cpu=  2
allowed=1-2
current_cpu=  2
host=frontier02243
allowed=1-2
host=frontier06687
current_cpu=  2
allowed=1-2
current_cpu=  1
host=frontier07993
allowed=1-2
host=frontier08257
current_cpu=  1
allowed=1-2
current_cpu=  1
host=frontier07871
allowed=1-2
host=frontier01550
current_cpu=  1
allowed=1-2
current_cpu=  1
host=frontier08779
allowed=1-2
host=frontier09091
current_cpu=  2
allowed=1-2
current_cpu=  2
host=frontier06301
allowed=1-2
host=frontier07872
current_cpu=  2
allowed=1-2
current_cpu=  1
host=frontier06430
allowed=1-2
host=frontier08130
current_cpu=  2
allowed=1-2
current_cpu=  1
host=frontier07873
allowed=1-2
host=frontier00151
current_cpu=  1
allowed=1-2
current_cpu=  1
host=frontier06948
allowed=1-2
host=frontier03799
current_cpu=  1
allowed=1-2
current_cpu=  2
host=frontier00901
allowed=1-2
host=frontier00017
current_cpu=  2
allowed=1-2
current_cpu=  2
host=frontier00570
allowed=1-2
host=frontier00442
current_cpu=  2
allowed=1-2
current_cpu=  2
host=frontier00298
allowed=1-2
host=frontier06433
current_cpu=  1
allowed=1-2
current_cpu=  1
host=frontier08711
allowed=1-2
host=frontier07353
current_cpu=  1
allowed=1-2
current_cpu=  2
host=frontier05826
allowed=1-2
host=frontier07621
current_cpu=  1
allowed=1-2
current_cpu=  2
host=frontier06565
allowed=1-2
host=frontier01047
current_cpu=  1
allowed=1-2
current_cpu=  2
host=frontier09383
allowed=1-2
host=frontier02901
current_cpu=  2
allowed=1-2
current_cpu=  2
host=frontier01048
allowed=1-2
host=frontier05925
current_cpu=  1
allowed=1-2
current_cpu=  2
host=frontier09388
allowed=1-2
host=frontier01372
current_cpu=  1
allowed=1-2
current_cpu=  2
host=frontier08338
allowed=1-2
host=frontier07753
current_cpu=  2
allowed=1-2
current_cpu=  1
host=frontier00309
allowed=1-2
host=frontier09243
current_cpu=  1
allowed=1-2
current_cpu=  2
host=frontier08068
allowed=1-2
host=frontier09391
current_cpu=  1
allowed=1-2
current_cpu=  2
host=frontier00313
allowed=1-2
host=frontier01930
current_cpu=  1
allowed=1-2
current_cpu=  2
host=frontier01059
allowed=1-2
host=frontier02906
current_cpu=  1
allowed=1-2
current_cpu=  2
host=frontier05835
allowed=1-2
host=frontier09002
current_cpu=  2
allowed=1-2
current_cpu=  1
host=frontier09395
allowed=1-2
host=frontier01940
current_cpu=  2
allowed=1-2
current_cpu=  2
host=frontier08469
allowed=1-2
host=frontier03419
current_cpu=  1
allowed=1-2
current_cpu=  2
host=frontier01225
allowed=1-2
host=frontier02433
current_cpu=  2
allowed=1-2
current_cpu=  1
host=frontier07169
allowed=1-2
host=frontier01069
current_cpu=  2
allowed=1-2
current_cpu=  2
host=frontier00187
allowed=1-2
host=frontier00046
current_cpu=  1
allowed=1-2
current_cpu=  1
host=frontier07690
allowed=1-2
host=frontier08208
current_cpu=  2
allowed=1-2
current_cpu=  1
host=frontier06580
allowed=1-2
host=frontier00796
current_cpu=  1
allowed=1-2
current_cpu=  2
host=frontier01620
allowed=1-2
host=frontier06191
current_cpu=  2
allowed=1-2
current_cpu=  2
host=frontier08733
allowed=1-2
host=frontier03932
current_cpu=  2
allowed=1-2
current_cpu=  2
host=frontier01982
allowed=1-2
host=frontier06066
current_cpu=  1
allowed=1-2
current_cpu=  1
host=frontier00466
allowed=1-2
host=frontier06529
current_cpu=  1
allowed=1-2
current_cpu=  2
host=frontier07829
allowed=1-2
host=frontier00337
current_cpu=  1
allowed=1-2
current_cpu=  2
host=frontier02496
allowed=1-2
host=frontier08870
current_cpu=  2
allowed=1-2
current_cpu=  1
host=frontier00807
allowed=1-2
host=frontier07831
current_cpu=  2
allowed=1-2
current_cpu=  2
host=frontier01088
allowed=1-2
host=frontier01688
current_cpu=  2
allowed=1-2
current_cpu=  1
host=frontier05851
allowed=1-2
host=frontier07837
current_cpu=  1
allowed=1-2
current_cpu=  2
host=frontier08094
allowed=1-2
host=frontier00344
current_cpu=  2
allowed=1-2
current_cpu=  2
host=frontier05716
allowed=1-2
host=frontier07451
current_cpu=  2
allowed=1-2
current_cpu=  1
host=frontier00963
allowed=1-2
host=frontier08754
current_cpu=  2
allowed=1-2
current_cpu=  1
host=frontier09283
allowed=1-2
host=frontier06540
current_cpu=  2
allowed=1-2
current_cpu=  1
host=frontier07976
allowed=1-2
host=frontier07977
current_cpu=  1
allowed=1-2
current_cpu=  2
host=frontier00673
allowed=1-2
host=frontier07716
current_cpu=  2
allowed=1-2
current_cpu=  2
host=frontier07458
allowed=1-2
host=frontier05722
current_cpu=  2
allowed=1-2
current_cpu=  1
host=frontier06933
allowed=1-2
host=frontier09033
current_cpu=  2
allowed=1-2
current_cpu=  2
host=frontier07195
allowed=1-2
host=frontier00533
current_cpu=  1
allowed=1-2
current_cpu=  2
host=frontier02651
allowed=1-2
host=frontier00843
current_cpu=  2
allowed=1-2
current_cpu=  2
host=frontier02182
allowed=1-2
host=frontier08901
current_cpu=  2
allowed=1-2
current_cpu=  1
host=frontier06548
allowed=1-2
host=frontier07600
current_cpu=  1
allowed=1-2
current_cpu=  1
host=frontier08392
allowed=1-2
current_cpu=  1
+ echo 'Launching Copper Gracefully On All Nodes : End'
Launching Copper Gracefully On All Nodes : End
+ conda activate /mnt/bb/wcastil/copper_mount/lustre/orion/stf243/world-shared/hagertnl/CUG26/benchmark_builds/python-pytorch/conda_env
+ local cmd=activate
+ case "$cmd" in
+ __conda_activate activate /mnt/bb/wcastil/copper_mount/lustre/orion/stf243/world-shared/hagertnl/CUG26/benchmark_builds/python-pytorch/conda_env
+ '[' -n '' ']'
+ local ask_conda
++ PS1='(base) '
++ __conda_exe shell.posix activate /mnt/bb/wcastil/copper_mount/lustre/orion/stf243/world-shared/hagertnl/CUG26/benchmark_builds/python-pytorch/conda_env
++ /autofs/nccs-svm1_sw/frontier/miniforge3/23.11.0-0/bin/conda shell.posix activate /mnt/bb/wcastil/copper_mount/lustre/orion/stf243/world-shared/hagertnl/CUG26/benchmark_builds/python-pytorch/conda_env
+ ask_conda='. "/autofs/nccs-svm1_sw/frontier/miniforge3/23.11.0-0/etc/conda/deactivate.d/libxml2_deactivate.sh"
. "/autofs/nccs-svm1_sw/frontier/miniforge3/23.11.0-0/etc/conda/deactivate.d/libglib_deactivate.sh"
PS1='\''(/mnt/bb/wcastil/copper_mount/lustre/orion/stf243/world-shared/hagertnl/CUG26/benchmark_builds/python-pytorch/conda_env) '\''
export PATH='\''/mnt/bb/wcastil/copper_mount/lustre/orion/stf243/world-shared/hagertnl/CUG26/benchmark_builds/python-pytorch/conda_env/bin:/autofs/nccs-svm1_sw/frontier/miniforge3/23.11.0-0/condabin:/sw/frontier/lfs-wrapper/0.0.1/bin/lfs:/sw/frontier/miniforge3/23.11.0-0/bin:/opt/cray/libfabric/1.22.0/bin:/opt/rocm-6.4.2/bin:/sw/frontier/spack-envs/cpe25.09-cpu/opt/llvm-amdgpu-6.4.2/darshan-runtime-3.4.7-tvdocpzv3jfj4y6ki5jvmmkics323gon/bin:/opt/cray/pe/mpich/9.0.1/ofi/amd/6.0/bin:/opt/cray/pe/mpich/9.0.1/bin:/opt/cray/pe/perftools/25.09.0/bin:/opt/cray/pe/papi/7.2.0.2/bin:/opt/cray/pe/craype/2.7.35/bin:/sw/frontier/ums/ums046/copper/build:/sw/sources/hpss/bin:/sw/frontier/spack-envs/core-25.03/opt/gcc-13.2/tmux-3.4-fcqqko3j4ga67yuc7zxaqcwsix5hns2v/bin:/opt/clmgr/sbin:/opt/clmgr/bin:/opt/sgi/sbin:/opt/sgi/bin:/sw/frontier/bin:/ccs/home/wcastil/.local/bin:/usr/local/bin:/usr/bin:/bin:/opt/bin:/opt/c3/bin:/usr/lib/mit/bin:/opt/puppetlabs/bin:/opt/cray/pe/bin'\''
export CONDA_PREFIX='\''/mnt/bb/wcastil/copper_mount/lustre/orion/stf243/world-shared/hagertnl/CUG26/benchmark_builds/python-pytorch/conda_env'\''
export CONDA_SHLVL='\''2'\''
export CONDA_DEFAULT_ENV='\''/mnt/bb/wcastil/copper_mount/lustre/orion/stf243/world-shared/hagertnl/CUG26/benchmark_builds/python-pytorch/conda_env'\''
export CONDA_PROMPT_MODIFIER='\''(/mnt/bb/wcastil/copper_mount/lustre/orion/stf243/world-shared/hagertnl/CUG26/benchmark_builds/python-pytorch/conda_env) '\''
export CONDA_PREFIX_1='\''/autofs/nccs-svm1_sw/frontier/miniforge3/23.11.0-0'\''
export CONDA_EXE='\''/autofs/nccs-svm1_sw/frontier/miniforge3/23.11.0-0/bin/conda'\''
export _CE_M='\'''\''
export _CE_CONDA='\'''\''
export CONDA_PYTHON_EXE='\''/autofs/nccs-svm1_sw/frontier/miniforge3/23.11.0-0/bin/python'\'''
+ eval '. "/autofs/nccs-svm1_sw/frontier/miniforge3/23.11.0-0/etc/conda/deactivate.d/libxml2_deactivate.sh"
. "/autofs/nccs-svm1_sw/frontier/miniforge3/23.11.0-0/etc/conda/deactivate.d/libglib_deactivate.sh"
PS1='\''(/mnt/bb/wcastil/copper_mount/lustre/orion/stf243/world-shared/hagertnl/CUG26/benchmark_builds/python-pytorch/conda_env) '\''
export PATH='\''/mnt/bb/wcastil/copper_mount/lustre/orion/stf243/world-shared/hagertnl/CUG26/benchmark_builds/python-pytorch/conda_env/bin:/autofs/nccs-svm1_sw/frontier/miniforge3/23.11.0-0/condabin:/sw/frontier/lfs-wrapper/0.0.1/bin/lfs:/sw/frontier/miniforge3/23.11.0-0/bin:/opt/cray/libfabric/1.22.0/bin:/opt/rocm-6.4.2/bin:/sw/frontier/spack-envs/cpe25.09-cpu/opt/llvm-amdgpu-6.4.2/darshan-runtime-3.4.7-tvdocpzv3jfj4y6ki5jvmmkics323gon/bin:/opt/cray/pe/mpich/9.0.1/ofi/amd/6.0/bin:/opt/cray/pe/mpich/9.0.1/bin:/opt/cray/pe/perftools/25.09.0/bin:/opt/cray/pe/papi/7.2.0.2/bin:/opt/cray/pe/craype/2.7.35/bin:/sw/frontier/ums/ums046/copper/build:/sw/sources/hpss/bin:/sw/frontier/spack-envs/core-25.03/opt/gcc-13.2/tmux-3.4-fcqqko3j4ga67yuc7zxaqcwsix5hns2v/bin:/opt/clmgr/sbin:/opt/clmgr/bin:/opt/sgi/sbin:/opt/sgi/bin:/sw/frontier/bin:/ccs/home/wcastil/.local/bin:/usr/local/bin:/usr/bin:/bin:/opt/bin:/opt/c3/bin:/usr/lib/mit/bin:/opt/puppetlabs/bin:/opt/cray/pe/bin'\''
export CONDA_PREFIX='\''/mnt/bb/wcastil/copper_mount/lustre/orion/stf243/world-shared/hagertnl/CUG26/benchmark_builds/python-pytorch/conda_env'\''
export CONDA_SHLVL='\''2'\''
export CONDA_DEFAULT_ENV='\''/mnt/bb/wcastil/copper_mount/lustre/orion/stf243/world-shared/hagertnl/CUG26/benchmark_builds/python-pytorch/conda_env'\''
export CONDA_PROMPT_MODIFIER='\''(/mnt/bb/wcastil/copper_mount/lustre/orion/stf243/world-shared/hagertnl/CUG26/benchmark_builds/python-pytorch/conda_env) '\''
export CONDA_PREFIX_1='\''/autofs/nccs-svm1_sw/frontier/miniforge3/23.11.0-0'\''
export CONDA_EXE='\''/autofs/nccs-svm1_sw/frontier/miniforge3/23.11.0-0/bin/conda'\''
export _CE_M='\'''\''
export _CE_CONDA='\'''\''
export CONDA_PYTHON_EXE='\''/autofs/nccs-svm1_sw/frontier/miniforge3/23.11.0-0/bin/python'\'''
++ . /autofs/nccs-svm1_sw/frontier/miniforge3/23.11.0-0/etc/conda/deactivate.d/libxml2_deactivate.sh
+++ test -n ''
+++ unset XML_CATALOG_FILES
+++ unset xml_catalog_files_libxml2
++ . /autofs/nccs-svm1_sw/frontier/miniforge3/23.11.0-0/etc/conda/deactivate.d/libglib_deactivate.sh
+++ export GSETTINGS_SCHEMA_DIR=
+++ GSETTINGS_SCHEMA_DIR=
+++ unset GSETTINGS_SCHEMA_DIR_CONDA_BACKUP
+++ '[' -z ']'
+++ unset GSETTINGS_SCHEMA_DIR
++ PS1='(/mnt/bb/wcastil/copper_mount/lustre/orion/stf243/world-shared/hagertnl/CUG26/benchmark_builds/python-pytorch/conda_env) '
++ export PATH=/mnt/bb/wcastil/copper_mount/lustre/orion/stf243/world-shared/hagertnl/CUG26/benchmark_builds/python-pytorch/conda_env/bin:/autofs/nccs-svm1_sw/frontier/miniforge3/23.11.0-0/condabin:/sw/frontier/lfs-wrapper/0.0.1/bin/lfs:/sw/frontier/miniforge3/23.11.0-0/bin:/opt/cray/libfabric/1.22.0/bin:/opt/rocm-6.4.2/bin:/sw/frontier/spack-envs/cpe25.09-cpu/opt/llvm-amdgpu-6.4.2/darshan-runtime-3.4.7-tvdocpzv3jfj4y6ki5jvmmkics323gon/bin:/opt/cray/pe/mpich/9.0.1/ofi/amd/6.0/bin:/opt/cray/pe/mpich/9.0.1/bin:/opt/cray/pe/perftools/25.09.0/bin:/opt/cray/pe/papi/7.2.0.2/bin:/opt/cray/pe/craype/2.7.35/bin:/sw/frontier/ums/ums046/copper/build:/sw/sources/hpss/bin:/sw/frontier/spack-envs/core-25.03/opt/gcc-13.2/tmux-3.4-fcqqko3j4ga67yuc7zxaqcwsix5hns2v/bin:/opt/clmgr/sbin:/opt/clmgr/bin:/opt/sgi/sbin:/opt/sgi/bin:/sw/frontier/bin:/ccs/home/wcastil/.local/bin:/usr/local/bin:/usr/bin:/bin:/opt/bin:/opt/c3/bin:/usr/lib/mit/bin:/opt/puppetlabs/bin:/opt/cray/pe/bin
++ PATH=/mnt/bb/wcastil/copper_mount/lustre/orion/stf243/world-shared/hagertnl/CUG26/benchmark_builds/python-pytorch/conda_env/bin:/autofs/nccs-svm1_sw/frontier/miniforge3/23.11.0-0/condabin:/sw/frontier/lfs-wrapper/0.0.1/bin/lfs:/sw/frontier/miniforge3/23.11.0-0/bin:/opt/cray/libfabric/1.22.0/bin:/opt/rocm-6.4.2/bin:/sw/frontier/spack-envs/cpe25.09-cpu/opt/llvm-amdgpu-6.4.2/darshan-runtime-3.4.7-tvdocpzv3jfj4y6ki5jvmmkics323gon/bin:/opt/cray/pe/mpich/9.0.1/ofi/amd/6.0/bin:/opt/cray/pe/mpich/9.0.1/bin:/opt/cray/pe/perftools/25.09.0/bin:/opt/cray/pe/papi/7.2.0.2/bin:/opt/cray/pe/craype/2.7.35/bin:/sw/frontier/ums/ums046/copper/build:/sw/sources/hpss/bin:/sw/frontier/spack-envs/core-25.03/opt/gcc-13.2/tmux-3.4-fcqqko3j4ga67yuc7zxaqcwsix5hns2v/bin:/opt/clmgr/sbin:/opt/clmgr/bin:/opt/sgi/sbin:/opt/sgi/bin:/sw/frontier/bin:/ccs/home/wcastil/.local/bin:/usr/local/bin:/usr/bin:/bin:/opt/bin:/opt/c3/bin:/usr/lib/mit/bin:/opt/puppetlabs/bin:/opt/cray/pe/bin
++ export CONDA_PREFIX=/mnt/bb/wcastil/copper_mount/lustre/orion/stf243/world-shared/hagertnl/CUG26/benchmark_builds/python-pytorch/conda_env
++ CONDA_PREFIX=/mnt/bb/wcastil/copper_mount/lustre/orion/stf243/world-shared/hagertnl/CUG26/benchmark_builds/python-pytorch/conda_env
++ export CONDA_SHLVL=2
++ CONDA_SHLVL=2
++ export CONDA_DEFAULT_ENV=/mnt/bb/wcastil/copper_mount/lustre/orion/stf243/world-shared/hagertnl/CUG26/benchmark_builds/python-pytorch/conda_env
++ CONDA_DEFAULT_ENV=/mnt/bb/wcastil/copper_mount/lustre/orion/stf243/world-shared/hagertnl/CUG26/benchmark_builds/python-pytorch/conda_env
++ export 'CONDA_PROMPT_MODIFIER=(/mnt/bb/wcastil/copper_mount/lustre/orion/stf243/world-shared/hagertnl/CUG26/benchmark_builds/python-pytorch/conda_env) '
++ CONDA_PROMPT_MODIFIER='(/mnt/bb/wcastil/copper_mount/lustre/orion/stf243/world-shared/hagertnl/CUG26/benchmark_builds/python-pytorch/conda_env) '
++ export CONDA_PREFIX_1=/autofs/nccs-svm1_sw/frontier/miniforge3/23.11.0-0
++ CONDA_PREFIX_1=/autofs/nccs-svm1_sw/frontier/miniforge3/23.11.0-0
++ export CONDA_EXE=/autofs/nccs-svm1_sw/frontier/miniforge3/23.11.0-0/bin/conda
++ CONDA_EXE=/autofs/nccs-svm1_sw/frontier/miniforge3/23.11.0-0/bin/conda
++ export _CE_M=
++ _CE_M=
++ export _CE_CONDA=
++ _CE_CONDA=
++ export CONDA_PYTHON_EXE=/autofs/nccs-svm1_sw/frontier/miniforge3/23.11.0-0/bin/python
++ CONDA_PYTHON_EXE=/autofs/nccs-svm1_sw/frontier/miniforge3/23.11.0-0/bin/python
+ __conda_hashr
+ '[' -n '' ']'
+ '[' -n '' ']'
+ hash -r
+ /usr/bin/time srun --overlap -N 2048 -n 16384 --ntasks-per-node=8 -c 5 python3 -c 'import torch'
4.44user 8.26system 4:01.79elapsed 5%CPU (0avgtext+0avgdata 27648maxresident)k
24inputs+0outputs (0major+8870minor)pagefaults 0swaps
+ sleep 2s
+ /usr/bin/time srun --overlap -N 2048 -n 16384 --ntasks-per-node=8 -c 5 python3 -c 'import torch'
2.22user 4.48system 0:54.86elapsed 12%CPU (0avgtext+0avgdata 26624maxresident)k
24inputs+0outputs (0major+8870minor)pagefaults 0swaps
+ sleep 2s
+ /usr/bin/time srun --overlap -N 2048 -n 16384 --ntasks-per-node=8 -c 5 python3 -c 'import torch'
1.57user 3.22system 0:40.88elapsed 11%CPU (0avgtext+0avgdata 27648maxresident)k
0inputs+0outputs (0major+8870minor)pagefaults 0swaps
+ sleep 2s
+ /usr/bin/time srun --overlap -N 2048 -n 16384 --ntasks-per-node=8 -c 5 python3 -c 'import torch'
1.35user 2.69system 0:44.34elapsed 9%CPU (0avgtext+0avgdata 26624maxresident)k
0inputs+0outputs (0major+8896minor)pagefaults 0swaps
+ sleep 2s
+ /usr/bin/time srun --overlap -N 2048 -n 16384 --ntasks-per-node=8 -c 5 python3 -c 'import torch'
1.08user 2.26system 0:36.36elapsed 9%CPU (0avgtext+0avgdata 27648maxresident)k
0inputs+0outputs (0major+8871minor)pagefaults 0swaps
+ sleep 2s
+ conda deactivate
+ local cmd=deactivate
+ case "$cmd" in
+ __conda_activate deactivate
+ '[' -n '' ']'
+ local ask_conda
++ PS1='(/mnt/bb/wcastil/copper_mount/lustre/orion/stf243/world-shared/hagertnl/CUG26/benchmark_builds/python-pytorch/conda_env) '
++ __conda_exe shell.posix deactivate
++ /autofs/nccs-svm1_sw/frontier/miniforge3/23.11.0-0/bin/conda shell.posix deactivate
+ ask_conda='export PATH='\''/autofs/nccs-svm1_sw/frontier/miniforge3/23.11.0-0/bin:/autofs/nccs-svm1_sw/frontier/miniforge3/23.11.0-0/condabin:/sw/frontier/lfs-wrapper/0.0.1/bin/lfs:/sw/frontier/miniforge3/23.11.0-0/bin:/opt/cray/libfabric/1.22.0/bin:/opt/rocm-6.4.2/bin:/sw/frontier/spack-envs/cpe25.09-cpu/opt/llvm-amdgpu-6.4.2/darshan-runtime-3.4.7-tvdocpzv3jfj4y6ki5jvmmkics323gon/bin:/opt/cray/pe/mpich/9.0.1/ofi/amd/6.0/bin:/opt/cray/pe/mpich/9.0.1/bin:/opt/cray/pe/perftools/25.09.0/bin:/opt/cray/pe/papi/7.2.0.2/bin:/opt/cray/pe/craype/2.7.35/bin:/sw/frontier/ums/ums046/copper/build:/sw/sources/hpss/bin:/sw/frontier/spack-envs/core-25.03/opt/gcc-13.2/tmux-3.4-fcqqko3j4ga67yuc7zxaqcwsix5hns2v/bin:/opt/clmgr/sbin:/opt/clmgr/bin:/opt/sgi/sbin:/opt/sgi/bin:/sw/frontier/bin:/ccs/home/wcastil/.local/bin:/usr/local/bin:/usr/bin:/bin:/opt/bin:/opt/c3/bin:/usr/lib/mit/bin:/opt/puppetlabs/bin:/opt/cray/pe/bin'\''
unset CONDA_PREFIX_1
PS1='\''(base) '\''
export CONDA_PREFIX='\''/autofs/nccs-svm1_sw/frontier/miniforge3/23.11.0-0'\''
export CONDA_SHLVL='\''1'\''
export CONDA_DEFAULT_ENV='\''base'\''
export CONDA_PROMPT_MODIFIER='\''(base) '\''
export CONDA_EXE='\''/autofs/nccs-svm1_sw/frontier/miniforge3/23.11.0-0/bin/conda'\''
export _CE_M='\'''\''
export _CE_CONDA='\'''\''
export CONDA_PYTHON_EXE='\''/autofs/nccs-svm1_sw/frontier/miniforge3/23.11.0-0/bin/python'\''
. "/autofs/nccs-svm1_sw/frontier/miniforge3/23.11.0-0/etc/conda/activate.d/libglib_activate.sh"
. "/autofs/nccs-svm1_sw/frontier/miniforge3/23.11.0-0/etc/conda/activate.d/libxml2_activate.sh"'
+ eval 'export PATH='\''/autofs/nccs-svm1_sw/frontier/miniforge3/23.11.0-0/bin:/autofs/nccs-svm1_sw/frontier/miniforge3/23.11.0-0/condabin:/sw/frontier/lfs-wrapper/0.0.1/bin/lfs:/sw/frontier/miniforge3/23.11.0-0/bin:/opt/cray/libfabric/1.22.0/bin:/opt/rocm-6.4.2/bin:/sw/frontier/spack-envs/cpe25.09-cpu/opt/llvm-amdgpu-6.4.2/darshan-runtime-3.4.7-tvdocpzv3jfj4y6ki5jvmmkics323gon/bin:/opt/cray/pe/mpich/9.0.1/ofi/amd/6.0/bin:/opt/cray/pe/mpich/9.0.1/bin:/opt/cray/pe/perftools/25.09.0/bin:/opt/cray/pe/papi/7.2.0.2/bin:/opt/cray/pe/craype/2.7.35/bin:/sw/frontier/ums/ums046/copper/build:/sw/sources/hpss/bin:/sw/frontier/spack-envs/core-25.03/opt/gcc-13.2/tmux-3.4-fcqqko3j4ga67yuc7zxaqcwsix5hns2v/bin:/opt/clmgr/sbin:/opt/clmgr/bin:/opt/sgi/sbin:/opt/sgi/bin:/sw/frontier/bin:/ccs/home/wcastil/.local/bin:/usr/local/bin:/usr/bin:/bin:/opt/bin:/opt/c3/bin:/usr/lib/mit/bin:/opt/puppetlabs/bin:/opt/cray/pe/bin'\''
unset CONDA_PREFIX_1
PS1='\''(base) '\''
export CONDA_PREFIX='\''/autofs/nccs-svm1_sw/frontier/miniforge3/23.11.0-0'\''
export CONDA_SHLVL='\''1'\''
export CONDA_DEFAULT_ENV='\''base'\''
export CONDA_PROMPT_MODIFIER='\''(base) '\''
export CONDA_EXE='\''/autofs/nccs-svm1_sw/frontier/miniforge3/23.11.0-0/bin/conda'\''
export _CE_M='\'''\''
export _CE_CONDA='\'''\''
export CONDA_PYTHON_EXE='\''/autofs/nccs-svm1_sw/frontier/miniforge3/23.11.0-0/bin/python'\''
. "/autofs/nccs-svm1_sw/frontier/miniforge3/23.11.0-0/etc/conda/activate.d/libglib_activate.sh"
. "/autofs/nccs-svm1_sw/frontier/miniforge3/23.11.0-0/etc/conda/activate.d/libxml2_activate.sh"'
++ export PATH=/autofs/nccs-svm1_sw/frontier/miniforge3/23.11.0-0/bin:/autofs/nccs-svm1_sw/frontier/miniforge3/23.11.0-0/condabin:/sw/frontier/lfs-wrapper/0.0.1/bin/lfs:/sw/frontier/miniforge3/23.11.0-0/bin:/opt/cray/libfabric/1.22.0/bin:/opt/rocm-6.4.2/bin:/sw/frontier/spack-envs/cpe25.09-cpu/opt/llvm-amdgpu-6.4.2/darshan-runtime-3.4.7-tvdocpzv3jfj4y6ki5jvmmkics323gon/bin:/opt/cray/pe/mpich/9.0.1/ofi/amd/6.0/bin:/opt/cray/pe/mpich/9.0.1/bin:/opt/cray/pe/perftools/25.09.0/bin:/opt/cray/pe/papi/7.2.0.2/bin:/opt/cray/pe/craype/2.7.35/bin:/sw/frontier/ums/ums046/copper/build:/sw/sources/hpss/bin:/sw/frontier/spack-envs/core-25.03/opt/gcc-13.2/tmux-3.4-fcqqko3j4ga67yuc7zxaqcwsix5hns2v/bin:/opt/clmgr/sbin:/opt/clmgr/bin:/opt/sgi/sbin:/opt/sgi/bin:/sw/frontier/bin:/ccs/home/wcastil/.local/bin:/usr/local/bin:/usr/bin:/bin:/opt/bin:/opt/c3/bin:/usr/lib/mit/bin:/opt/puppetlabs/bin:/opt/cray/pe/bin
++ PATH=/autofs/nccs-svm1_sw/frontier/miniforge3/23.11.0-0/bin:/autofs/nccs-svm1_sw/frontier/miniforge3/23.11.0-0/condabin:/sw/frontier/lfs-wrapper/0.0.1/bin/lfs:/sw/frontier/miniforge3/23.11.0-0/bin:/opt/cray/libfabric/1.22.0/bin:/opt/rocm-6.4.2/bin:/sw/frontier/spack-envs/cpe25.09-cpu/opt/llvm-amdgpu-6.4.2/darshan-runtime-3.4.7-tvdocpzv3jfj4y6ki5jvmmkics323gon/bin:/opt/cray/pe/mpich/9.0.1/ofi/amd/6.0/bin:/opt/cray/pe/mpich/9.0.1/bin:/opt/cray/pe/perftools/25.09.0/bin:/opt/cray/pe/papi/7.2.0.2/bin:/opt/cray/pe/craype/2.7.35/bin:/sw/frontier/ums/ums046/copper/build:/sw/sources/hpss/bin:/sw/frontier/spack-envs/core-25.03/opt/gcc-13.2/tmux-3.4-fcqqko3j4ga67yuc7zxaqcwsix5hns2v/bin:/opt/clmgr/sbin:/opt/clmgr/bin:/opt/sgi/sbin:/opt/sgi/bin:/sw/frontier/bin:/ccs/home/wcastil/.local/bin:/usr/local/bin:/usr/bin:/bin:/opt/bin:/opt/c3/bin:/usr/lib/mit/bin:/opt/puppetlabs/bin:/opt/cray/pe/bin
++ unset CONDA_PREFIX_1
++ PS1='(base) '
++ export CONDA_PREFIX=/autofs/nccs-svm1_sw/frontier/miniforge3/23.11.0-0
++ CONDA_PREFIX=/autofs/nccs-svm1_sw/frontier/miniforge3/23.11.0-0
++ export CONDA_SHLVL=1
++ CONDA_SHLVL=1
++ export CONDA_DEFAULT_ENV=base
++ CONDA_DEFAULT_ENV=base
++ export 'CONDA_PROMPT_MODIFIER=(base) '
++ CONDA_PROMPT_MODIFIER='(base) '
++ export CONDA_EXE=/autofs/nccs-svm1_sw/frontier/miniforge3/23.11.0-0/bin/conda
++ CONDA_EXE=/autofs/nccs-svm1_sw/frontier/miniforge3/23.11.0-0/bin/conda
++ export _CE_M=
++ _CE_M=
++ export _CE_CONDA=
++ _CE_CONDA=
++ export CONDA_PYTHON_EXE=/autofs/nccs-svm1_sw/frontier/miniforge3/23.11.0-0/bin/python
++ CONDA_PYTHON_EXE=/autofs/nccs-svm1_sw/frontier/miniforge3/23.11.0-0/bin/python
++ . /autofs/nccs-svm1_sw/frontier/miniforge3/23.11.0-0/etc/conda/activate.d/libglib_activate.sh
+++ export GSETTINGS_SCHEMA_DIR_CONDA_BACKUP=
+++ GSETTINGS_SCHEMA_DIR_CONDA_BACKUP=
+++ export GSETTINGS_SCHEMA_DIR=/autofs/nccs-svm1_sw/frontier/miniforge3/23.11.0-0/share/glib-2.0/schemas
+++ GSETTINGS_SCHEMA_DIR=/autofs/nccs-svm1_sw/frontier/miniforge3/23.11.0-0/share/glib-2.0/schemas
++ . /autofs/nccs-svm1_sw/frontier/miniforge3/23.11.0-0/etc/conda/activate.d/libxml2_activate.sh
+++ test -n ''
+++ xml_catalog_files_libxml2=
+++ XML_CATALOG_FILES=
+++ conda_catalog_files=
+++ ifs_libxml2=' 	
'
+++ IFS=' '
+++ rem=/autofs/nccs-svm1_sw/frontier/miniforge3/23.11.0-0
+++ for pre in ${rem}
+++ test '' = /autofs/nccs-svm1_sw/frontier/miniforge3/23.11.0-0
+++ conda_catalog_files=/autofs/nccs-svm1_sw/frontier/miniforge3/23.11.0-0
+++ rem=
+++ IFS=' 	
'
+++ conda_catalog_files='file:///autofs/nccs-svm1_sw/frontier/miniforge3/23.11.0-0/etc/xml/catalog file:///etc/xml/catalog'
+++ export 'XML_CATALOG_FILES=file:///autofs/nccs-svm1_sw/frontier/miniforge3/23.11.0-0/etc/xml/catalog file:///etc/xml/catalog'
+++ XML_CATALOG_FILES='file:///autofs/nccs-svm1_sw/frontier/miniforge3/23.11.0-0/etc/xml/catalog file:///etc/xml/catalog'
+++ unset conda_catalog_files ifs_libxml2 rem
+ __conda_hashr
+ '[' -n '' ']'
+ '[' -n '' ']'
+ hash -r
+ stop_copper.sh -d /lustre/orion/stf243/world-shared/wcastil/Experiments/CUG26/copper_run/logs -v /mnt/bb/wcastil/copper_mount
/var/spool/slurmd/job4348848/slurm_script: line 40: stop_copper.sh: command not found
