+ '[' -z '' ']'
+ case "$-" in
+ __lmod_vx=x
+ '[' -n x ']'
+ set +x
Shell debugging temporarily silenced: export LMOD_SH_DBG_ON=1 for this output (/opt/cray/pe/lmod/lmod/init/bash)
Shell debugging restarted
+ unset __lmod_vx
+ cd /lustre/orion/stf243/world-shared/wcastil/Experiments/CUG26/copper_run/python-pytorch
+ module load ums ums046 copper
+ '[' -z '' ']'
+ case "$-" in
+ __lmod_sh_dbg=x
+ '[' -n x ']'
+ set +x
Shell debugging temporarily silenced: export LMOD_SH_DBG_ON=1 for Lmod's output
Copper loaded: use 'launch_copper_frontier' and 'stop_copper_frontier'.
COPPER_ROOT: /sw/frontier/ums/ums046/copper
launch_copper_frontier points to:
/sw/frontier/ums/ums046/copper/build/launch_copper_frontier.sh 
Shell debugging restarted
+ unset __lmod_sh_dbg
+ return 0
+ module list
+ '[' -z '' ']'
+ case "$-" in
+ __lmod_sh_dbg=x
+ '[' -n x ']'
+ set +x
Shell debugging temporarily silenced: export LMOD_SH_DBG_ON=1 for Lmod's output

Currently Loaded Modules:
  1) craype-x86-trento               12) PrgEnv-cray/8.6.0
  2) libfabric/1.22.0                13) Core/25.03
  3) craype-network-ofi              14) tmux/3.4
  4) perftools-base/24.11.0          15) darshan-runtime/3.4.6-mpi (E4S)
  5) xpmem/2.11.3-1.3_gdbda01a1eb3d  16) hsi/default
  6) cray-pmi/6.1.15                 17) lfs-wrapper/0.0.1
  7) cce/18.0.1                      18) DefApps
  8) craype/2.7.33                   19) ums/default
  9) cray-dsmml/0.3.0                20) ums046/default
 10) cray-mpich/8.1.31               21) copper/0.1
 11) cray-libsci/24.11.0

  Where:
   E4S:  E4S: Extreme-scale Scientific Software Stack (E4S) https://e4s.io/index.html

 

Shell debugging restarted
+ unset __lmod_sh_dbg
+ return 0
+ echo 4352313
4352313
+ echo 2048
2048
+ echo copper_spindle
copper_spindle
+ echo 'frontier[00002-00005,00011,00017-00018,00025,00030-00033,00035,00043,00045,00047-00049,00051-00052,00055,00057,00059,00062-00071,00131,00133-00135,00137,00139-00145,00148-00160,00162-00166,00169-00170,00257-00269,00271,00274-00281,00284-00289,00291-00292,00295-00296,00385-00395,00400-00408,00410-00414,00416,00418,00421-00425,00513-00520,00522-00523,00526-00544,00547-00549,00641-00649,00652-00661,00663-00670,00673-00677,00769-00771,00773-00775,00778-00796,00799-00805,00897-00901,00904-00922,00925-00932,01025-01027,01031-01035,01038-01039,01041-01043,01046,01048,01051-01055,01057-01059,01133-01134,01139,01142,01254,01256-01258,01263-01273,01279,01378,01380,01382-01384,01388-01394,01396-01401,01408,01509-01510,01513-01519,01521-01527,01529,01535,01632-01636,01639,01642-01657,01663,01754-01755,01757-01758,01760,01762,01765,01767-01770,01772-01776,01778,01781-01783,01879-01880,01882-01888,01891-01896,01898-01906,01908-01909,01913,02009,02012-02014,02017-02021,02024,02026-02028,02031,02033-02034,02038-02039,02041,02047,02135-02138,02140,02143-02148,02150-02151,02155-02156,02158-02161,02165-02166,02168-02169,02176,02266,02269-02275,02277-02282,02284-02285,02290-02292,02294,02297-02298,02300-02301,02399-02403,02405-02408,02410-02411,02416-02418,02420-02422,02424,02432,02532-02538,02542-02546,02548,02552,02554-02557,02648-02658,02660,02662-02663,02665,02669-02672,02676-02678,02680-02681,02780-02787,02794-02795,02797-02800,02804,02806-02809,02815,02911,02913-02917,02920-02921,02923,02925-02930,02933,02935-02936,02941-02942,03039-03041,03043,03050-03052,03055-03056,03058,03060-03065,03070-03072,03172-03175,03177-03178,03180-03188,03190,03193-03194,03199-03200,03304,03310-03318,03320-03325,03327-03328,03429,03432,03435-03436,03439-03444,03446-03451,03453-03455,03561,03563-03570,03572-03577,03580-03581,03583,03681-03683,03686,03689-03694,03697-03698,03700-03705,03708,03710,03807,03813,03816-03826,03828-03833,03837-03839,03942-03954,03956-03961,03964,03966,04069-04070,04072,04074-04083,04085-04090,04095,04191,04194,04198-04201,04203,04205,04207-04211,04213-04218,04220-04223,04320,04322-04323,04325-04326,04332-04339,04341-04345,04349,04351,04437,04439-04441,04443,04447,04451-04452,04457,04460-04465,04471-04472,04474,04477,04479-04480,04577-04578,04581-04584,04587,04589-04594,04596-04597,04599-04602,04606,04608,04696,04698-04699,04701-04708,04710-04711,04716-04717,04720-04723,04725,04728,04730,04814-04815,04818,04821-04822,04829-04830,04833,04835,04839-04840,04842-04845,04848-04850,04856-04857,04863-04864,04941,04944,04947,04949-04950,04955-04956,04959,04961-04963,04965,04968,04971-04978,04980,04982-04983,04986-04987,04992,05068,05070,05073,05081-05083,05088-05089,05091,05093-05094,05096-05099,05101-05104,05106-05107,05109,05115,05193-05194,05196-05197,05199-05201,05206-05208,05211,05213-05215,05217-05218,05220-05222,05224-05229,05232,05240-05241,05247,05322-05325,05328,05332-05335,05337,05339-05340,05343-05344,05346-05347,05349-05350,05352-05355,05358-05361,05364,05367,05370,05375-05376,05439-05440,05442,05444-05445,05448-05449,05451-05452,05454,05457-05461,05464-05467,05469,05472,05474-05477,05480-05482,05484-05487,05565-05566,05568-05572,05574,05576-05578,05580-05582,05584-05587,05589,05591-05593,05595-05596,05598-05603,05605-05606,05681-05683,05689-05691,05693-05701,05703-05704,05709-05713,05715,05717-05718,05721,05724,05728,05731-05732,05734,05738,05820-05823,05826-05830,05832-05833,05835-05839,05841-05844,05847-05848,05850-05851,05853,05856-05862,05931,05933-05935,05937,05940-05944,05946-05950,05952-05956,05958-05959,05961-05965,05967-05970,05973,06061-06062,06064,06067-06070,06072-06076,06078-06082,06084-06085,06087-06091,06093-06097,06099-06101,06186-06187,06189,06192-06196,06198-06202,06204,06207-06210,06213-06222,06224-06226,06228,06311-06313,06315,06318-06322,06324-06328,06330,06333-06337,06339-06343,06345-06349,06351-06352,06445-06454,06456-06469,06471-06475,06477-06479,06565,06567,06570-06574,06576-06580,06582-06589,06591-06595,06597-06603,06696-06700,06702-06728,06823-06826,06828-06832,06834-06838,06840-06841,06843-06853,06855-06859,06948-06952,06954-06958,06960-06966,06968-06973,06975-06979,06981-06984,07075-07078,07080-07084,07086-07092,07094-07099,07101-07105,07107-07111,07202-07204,07206-07234,07330-07351,07353-07362,07425-07449,07451-07456,07458,07553-07554,07556-07585,07681-07712,07809-07827,07829-07841,07937-07958,07960-07969,08065-08096,08193-08209,08213-08219,08221-08226,08228-08229,08321-08322,08325-08328,08330,08332-08335,08338-08356,08358-08359,08449-08461,08464-08478,08480-08482,08484,08577-08580,08582-08583,08585-08587,08590-08604,08606-08608,08611-08615,08705-08711,08713,08716-08730,08732-08734,08737-08742,08833-08835,08837-08839,08842-08860,08863-08869,08961-08965,08968-08973,08975-08986,08989-08997,09089-09091,09094-09097,09100-09101,09104-09106,09108-09111,09116-09118,09121-09122,09124-09126,09137,09139,09141-09146,09217,09220-09238,09241-09252,09346-09364,09367-09378,09380,10114-10120,10123-10141,10144-10149]'
frontier[00002-00005,00011,00017-00018,00025,00030-00033,00035,00043,00045,00047-00049,00051-00052,00055,00057,00059,00062-00071,00131,00133-00135,00137,00139-00145,00148-00160,00162-00166,00169-00170,00257-00269,00271,00274-00281,00284-00289,00291-00292,00295-00296,00385-00395,00400-00408,00410-00414,00416,00418,00421-00425,00513-00520,00522-00523,00526-00544,00547-00549,00641-00649,00652-00661,00663-00670,00673-00677,00769-00771,00773-00775,00778-00796,00799-00805,00897-00901,00904-00922,00925-00932,01025-01027,01031-01035,01038-01039,01041-01043,01046,01048,01051-01055,01057-01059,01133-01134,01139,01142,01254,01256-01258,01263-01273,01279,01378,01380,01382-01384,01388-01394,01396-01401,01408,01509-01510,01513-01519,01521-01527,01529,01535,01632-01636,01639,01642-01657,01663,01754-01755,01757-01758,01760,01762,01765,01767-01770,01772-01776,01778,01781-01783,01879-01880,01882-01888,01891-01896,01898-01906,01908-01909,01913,02009,02012-02014,02017-02021,02024,02026-02028,02031,02033-02034,02038-02039,02041,02047,02135-02138,02140,02143-02148,02150-02151,02155-02156,02158-02161,02165-02166,02168-02169,02176,02266,02269-02275,02277-02282,02284-02285,02290-02292,02294,02297-02298,02300-02301,02399-02403,02405-02408,02410-02411,02416-02418,02420-02422,02424,02432,02532-02538,02542-02546,02548,02552,02554-02557,02648-02658,02660,02662-02663,02665,02669-02672,02676-02678,02680-02681,02780-02787,02794-02795,02797-02800,02804,02806-02809,02815,02911,02913-02917,02920-02921,02923,02925-02930,02933,02935-02936,02941-02942,03039-03041,03043,03050-03052,03055-03056,03058,03060-03065,03070-03072,03172-03175,03177-03178,03180-03188,03190,03193-03194,03199-03200,03304,03310-03318,03320-03325,03327-03328,03429,03432,03435-03436,03439-03444,03446-03451,03453-03455,03561,03563-03570,03572-03577,03580-03581,03583,03681-03683,03686,03689-03694,03697-03698,03700-03705,03708,03710,03807,03813,03816-03826,03828-03833,03837-03839,03942-03954,03956-03961,03964,03966,04069-04070,04072,04074-04083,04085-04090,04095,04191,04194,04198-04201,04203,04205,04207-04211,04213-04218,04220-04223,04320,04322-04323,04325-04326,04332-04339,04341-04345,04349,04351,04437,04439-04441,04443,04447,04451-04452,04457,04460-04465,04471-04472,04474,04477,04479-04480,04577-04578,04581-04584,04587,04589-04594,04596-04597,04599-04602,04606,04608,04696,04698-04699,04701-04708,04710-04711,04716-04717,04720-04723,04725,04728,04730,04814-04815,04818,04821-04822,04829-04830,04833,04835,04839-04840,04842-04845,04848-04850,04856-04857,04863-04864,04941,04944,04947,04949-04950,04955-04956,04959,04961-04963,04965,04968,04971-04978,04980,04982-04983,04986-04987,04992,05068,05070,05073,05081-05083,05088-05089,05091,05093-05094,05096-05099,05101-05104,05106-05107,05109,05115,05193-05194,05196-05197,05199-05201,05206-05208,05211,05213-05215,05217-05218,05220-05222,05224-05229,05232,05240-05241,05247,05322-05325,05328,05332-05335,05337,05339-05340,05343-05344,05346-05347,05349-05350,05352-05355,05358-05361,05364,05367,05370,05375-05376,05439-05440,05442,05444-05445,05448-05449,05451-05452,05454,05457-05461,05464-05467,05469,05472,05474-05477,05480-05482,05484-05487,05565-05566,05568-05572,05574,05576-05578,05580-05582,05584-05587,05589,05591-05593,05595-05596,05598-05603,05605-05606,05681-05683,05689-05691,05693-05701,05703-05704,05709-05713,05715,05717-05718,05721,05724,05728,05731-05732,05734,05738,05820-05823,05826-05830,05832-05833,05835-05839,05841-05844,05847-05848,05850-05851,05853,05856-05862,05931,05933-05935,05937,05940-05944,05946-05950,05952-05956,05958-05959,05961-05965,05967-05970,05973,06061-06062,06064,06067-06070,06072-06076,06078-06082,06084-06085,06087-06091,06093-06097,06099-06101,06186-06187,06189,06192-06196,06198-06202,06204,06207-06210,06213-06222,06224-06226,06228,06311-06313,06315,06318-06322,06324-06328,06330,06333-06337,06339-06343,06345-06349,06351-06352,06445-06454,06456-06469,06471-06475,06477-06479,06565,06567,06570-06574,06576-06580,06582-06589,06591-06595,06597-06603,06696-06700,06702-06728,06823-06826,06828-06832,06834-06838,06840-06841,06843-06853,06855-06859,06948-06952,06954-06958,06960-06966,06968-06973,06975-06979,06981-06984,07075-07078,07080-07084,07086-07092,07094-07099,07101-07105,07107-07111,07202-07204,07206-07234,07330-07351,07353-07362,07425-07449,07451-07456,07458,07553-07554,07556-07585,07681-07712,07809-07827,07829-07841,07937-07958,07960-07969,08065-08096,08193-08209,08213-08219,08221-08226,08228-08229,08321-08322,08325-08328,08330,08332-08335,08338-08356,08358-08359,08449-08461,08464-08478,08480-08482,08484,08577-08580,08582-08583,08585-08587,08590-08604,08606-08608,08611-08615,08705-08711,08713,08716-08730,08732-08734,08737-08742,08833-08835,08837-08839,08842-08860,08863-08869,08961-08965,08968-08973,08975-08986,08989-08997,09089-09091,09094-09097,09100-09101,09104-09106,09108-09111,09116-09118,09121-09122,09124-09126,09137,09139,09141-09146,09217,09220-09238,09241-09252,09346-09364,09367-09378,09380,10114-10120,10123-10141,10144-10149]
+ LOGDIR=/lustre/orion/stf243/world-shared/wcastil/Experiments/CUG26/copper_run/logs
+ cd /lustre/orion/stf243/world-shared/wcastil/Experiments/CUG26/copper_run/logs
+ PACKAGE_ENV_LOCATION=/lustre/orion/stf243/world-shared/hagertnl/CUG26/benchmark_builds
+ source /lustre/orion/stf243/world-shared/hagertnl/CUG26/benchmark_builds/common_modules.sh
++ module load PrgEnv-amd
++ '[' -z '' ']'
++ case "$-" in
++ __lmod_sh_dbg=x
++ '[' -n x ']'
++ set +x
Shell debugging temporarily silenced: export LMOD_SH_DBG_ON=1 for Lmod's output

Lmod is automatically replacing "cce/18.0.1" with "amd/6.2.4".


Lmod is automatically replacing "PrgEnv-cray/8.6.0" with "PrgEnv-amd/8.6.0".


Due to MODULEPATH changes, the following have been reloaded:
  1) cray-libsci/24.11.0     2) cray-mpich/8.1.31     3) darshan-runtime/3.4.6-mpi

Shell debugging restarted
++ unset __lmod_sh_dbg
++ return 0
++ module load cpe/25.09
++ '[' -z '' ']'
++ case "$-" in
++ __lmod_sh_dbg=x
++ '[' -n x ']'
++ set +x
Shell debugging temporarily silenced: export LMOD_SH_DBG_ON=1 for Lmod's output

The following have been reloaded with a version change:
  1) amd/6.2.4 => amd/6.4.2
  2) cray-dsmml/0.3.0 => cray-dsmml/0.3.1
  3) cray-libsci/24.11.0 => cray-libsci/25.09.0
  4) cray-mpich/8.1.31 => cray-mpich/9.0.1
  5) cray-pmi/6.1.15 => cray-pmi/6.1.16
  6) craype/2.7.33 => craype/2.7.35
  7) darshan-runtime/3.4.6-mpi => darshan-runtime/3.4.7-mpi
  8) perftools-base/24.11.0 => perftools-base/25.09.0

Shell debugging restarted
++ unset __lmod_sh_dbg
++ return 0
++ module load amd/6.4.2
++ '[' -z '' ']'
++ case "$-" in
++ __lmod_sh_dbg=x
++ '[' -n x ']'
++ set +x
Shell debugging temporarily silenced: export LMOD_SH_DBG_ON=1 for Lmod's output
Shell debugging restarted
++ unset __lmod_sh_dbg
++ return 0
++ module load rocm/6.4.2
++ '[' -z '' ']'
++ case "$-" in
++ __lmod_sh_dbg=x
++ '[' -n x ']'
++ set +x
Shell debugging temporarily silenced: export LMOD_SH_DBG_ON=1 for Lmod's output
Shell debugging restarted
++ unset __lmod_sh_dbg
++ return 0
++ module load libfabric/1.22.0
++ '[' -z '' ']'
++ case "$-" in
++ __lmod_sh_dbg=x
++ '[' -n x ']'
++ set +x
Shell debugging temporarily silenced: export LMOD_SH_DBG_ON=1 for Lmod's output
Shell debugging restarted
++ unset __lmod_sh_dbg
++ return 0
++ module load craype-accel-amd-gfx90a
++ '[' -z '' ']'
++ case "$-" in
++ __lmod_sh_dbg=x
++ '[' -n x ']'
++ set +x
Shell debugging temporarily silenced: export LMOD_SH_DBG_ON=1 for Lmod's output
Shell debugging restarted
++ unset __lmod_sh_dbg
++ return 0
++ module load miniforge3/23.11.0-0
++ '[' -z '' ']'
++ case "$-" in
++ __lmod_sh_dbg=x
++ '[' -n x ']'
++ set +x
Shell debugging temporarily silenced: export LMOD_SH_DBG_ON=1 for Lmod's output
Shell debugging restarted
++ unset __lmod_sh_dbg
++ return 0
++ export LD_LIBRARY_PATH=/opt/cray/pe/mpich/9.0.1/ofi/amd/6.0/lib:/opt/cray/pe/mpich/9.0.1/gtl/lib:/opt/cray/pe/libsci/25.09.0/AMD/6.0/x86_64/lib:/opt/cray/pe/perftools/25.09.0/lib64:/opt/cray/pe/pmi/6.1.16/lib:/opt/cray/pe/dsmml/0.3.1/dsmml/lib:/opt/cray/libfabric/1.22.0/lib64:/opt/rocm-6.4.2/lib/roctracer:/opt/rocm-6.4.2/lib/rocprofiler:/opt/rocm-6.4.2/lib:/sw/frontier/spack-envs/cpe25.09-cpu/opt/llvm-amdgpu-6.4.2/darshan-runtime-3.4.7-tvdocpzv3jfj4y6ki5jvmmkics323gon/lib:/opt/rocm-6.4.2/llvm/lib:/opt/cray/pe/papi/7.2.0.2/lib64
++ LD_LIBRARY_PATH=/opt/cray/pe/mpich/9.0.1/ofi/amd/6.0/lib:/opt/cray/pe/mpich/9.0.1/gtl/lib:/opt/cray/pe/libsci/25.09.0/AMD/6.0/x86_64/lib:/opt/cray/pe/perftools/25.09.0/lib64:/opt/cray/pe/pmi/6.1.16/lib:/opt/cray/pe/dsmml/0.3.1/dsmml/lib:/opt/cray/libfabric/1.22.0/lib64:/opt/rocm-6.4.2/lib/roctracer:/opt/rocm-6.4.2/lib/rocprofiler:/opt/rocm-6.4.2/lib:/sw/frontier/spack-envs/cpe25.09-cpu/opt/llvm-amdgpu-6.4.2/darshan-runtime-3.4.7-tvdocpzv3jfj4y6ki5jvmmkics323gon/lib:/opt/rocm-6.4.2/llvm/lib:/opt/cray/pe/papi/7.2.0.2/lib64
++ [[ /var/spool/slurmd/job4352313/slurm_script == \/\l\u\s\t\r\e\/\o\r\i\o\n\/\s\t\f\2\4\3\/\w\o\r\l\d\-\s\h\a\r\e\d\/\h\a\g\e\r\t\n\l\/\C\U\G\2\6\/\b\e\n\c\h\m\a\r\k\_\b\u\i\l\d\s\/\c\o\m\m\o\n\_\m\o\d\u\l\e\s\.\s\h ]]
+ COPPER_MOUNT_PATH=/mnt/bb/wcastil/copper_mount
+ /lustre/orion/stf243/world-shared/wcastil/Experiments/CUG26/copper_run/launch_copper_frontier.sh -d /lustre/orion/stf243/world-shared/wcastil/Experiments/CUG26/copper_run/logs -v /mnt/bb/wcastil/copper_mount -M 220000000
+ '[' -z '' ']'
+ case "$-" in
+ __lmod_vx=x
+ '[' -n x ']'
+ set +x
Shell debugging temporarily silenced: export LMOD_SH_DBG_ON=1 for this output (/opt/cray/pe/lmod/lmod/init/bash)
Shell debugging restarted
+ unset __lmod_vx
+ echo 'Launching Copper Gracefully On All Nodes : Start'
Launching Copper Gracefully On All Nodes : Start
+ echo /sw/frontier/ums/ums046/copper
/sw/frontier/ums/ums046/copper
+ CUPATH=/sw/frontier/ums/ums046/copper/build/cu_fuse
+ DISCOVERY_HELPER=/sw/frontier/ums/ums046/copper/build/list_cxi_hsn_thallium
+ CU_FUSE_MNT_VIEWDIR=/tmp/wcastil/copper
+ facility_address_book=/sw/frontier/ums/ums046/copper/build/olcf_frontier_copper_addressbook.txt
+ address_book_source=facility
+ log_level=0
+ log_dir=/ccs/home/wcastil/copper-logs
+ log_type=file
+ trees=1
+ max_cacheable_byte_size=10485760
+ md_enoent_ttl_ms=2000
+ profile_metrics=0
+ profile_top_n=0
+ profile_paths_full=0
+ profile_snapshot_interval_s=0
+ sleeptime=10
+ physcpubind=1,2
+ net_type=cxi://cxi1
+ getopts l:t:d:T:M:E:PN:AI:s:b:F:a:n:v: opt
+ case ${opt} in
+ log_dir=/lustre/orion/stf243/world-shared/wcastil/Experiments/CUG26/copper_run/logs
+ getopts l:t:d:T:M:E:PN:AI:s:b:F:a:n:v: opt
+ case ${opt} in
+ CU_FUSE_MNT_VIEWDIR=/mnt/bb/wcastil/copper_mount
+ getopts l:t:d:T:M:E:PN:AI:s:b:F:a:n:v: opt
+ case ${opt} in
+ max_cacheable_byte_size=220000000
+ getopts l:t:d:T:M:E:PN:AI:s:b:F:a:n:v: opt
+ log_dir=/lustre/orion/stf243/world-shared/wcastil/Experiments/CUG26/copper_run/logs/4352313
+ logs_dir=/lustre/orion/stf243/world-shared/wcastil/Experiments/CUG26/copper_run/logs/4352313/logs
+ tables_dir=/lustre/orion/stf243/world-shared/wcastil/Experiments/CUG26/copper_run/logs/4352313/tables
+ profiling_dir=/lustre/orion/stf243/world-shared/wcastil/Experiments/CUG26/copper_run/logs/4352313/profiling
+ profiling_final_dir=/lustre/orion/stf243/world-shared/wcastil/Experiments/CUG26/copper_run/logs/4352313/profiling/final
+ profiling_cluster_dir=/lustre/orion/stf243/world-shared/wcastil/Experiments/CUG26/copper_run/logs/4352313/profiling/cluster
+ node_file_copy=/lustre/orion/stf243/world-shared/wcastil/Experiments/CUG26/copper_run/logs/4352313/logs/node_file.txt
+ prepared_address_book=/lustre/orion/stf243/world-shared/wcastil/Experiments/CUG26/copper_run/logs/4352313/logs/copper_address_book.txt
+ prepared_address_book_full_output=/lustre/orion/stf243/world-shared/wcastil/Experiments/CUG26/copper_run/logs/4352313/logs/copper_address_book_full_output.txt
+ prepare_address_book_awk=/lustre/orion/stf243/world-shared/wcastil/Experiments/CUG26/copper_run/logs/4352313/logs/prepare_address_book.awk
+ select_discovered_address_book_awk=/lustre/orion/stf243/world-shared/wcastil/Experiments/CUG26/copper_run/logs/4352313/logs/select_discovered_address_book.awk
+ echo 'log_level                  : 0'
log_level                  : 0
+ echo 'log_type                   : file'
log_type                   : file
+ echo 'trees                      : 1'
trees                      : 1
+ echo 'max_cacheable_byte_size    : 220000000'
max_cacheable_byte_size    : 220000000
+ echo 'md_enoent_ttl_ms           : 2000'
md_enoent_ttl_ms           : 2000
+ echo 'profile_metrics            : 0'
profile_metrics            : 0
+ echo 'profile_top_n              : 0'
profile_top_n              : 0
+ echo 'profile_paths_full         : 0'
profile_paths_full         : 0
+ echo 'profile_snapshot_interval_s: 0'
profile_snapshot_interval_s: 0
+ echo 'sleeptime                  : 10'
sleeptime                  : 10
+ echo 'CU_FUSE_MNT_VIEWDIR        : /mnt/bb/wcastil/copper_mount'
CU_FUSE_MNT_VIEWDIR        : /mnt/bb/wcastil/copper_mount
+ echo 'LOGDIR                     : /lustre/orion/stf243/world-shared/wcastil/Experiments/CUG26/copper_run/logs/4352313'
LOGDIR                     : /lustre/orion/stf243/world-shared/wcastil/Experiments/CUG26/copper_run/logs/4352313
+ echo 'logs_dir                   : /lustre/orion/stf243/world-shared/wcastil/Experiments/CUG26/copper_run/logs/4352313/logs'
logs_dir                   : /lustre/orion/stf243/world-shared/wcastil/Experiments/CUG26/copper_run/logs/4352313/logs
+ echo 'tables_dir                 : /lustre/orion/stf243/world-shared/wcastil/Experiments/CUG26/copper_run/logs/4352313/tables'
tables_dir                 : /lustre/orion/stf243/world-shared/wcastil/Experiments/CUG26/copper_run/logs/4352313/tables
+ echo 'profiling_final_dir        : /lustre/orion/stf243/world-shared/wcastil/Experiments/CUG26/copper_run/logs/4352313/profiling/final'
profiling_final_dir        : /lustre/orion/stf243/world-shared/wcastil/Experiments/CUG26/copper_run/logs/4352313/profiling/final
+ echo 'profiling_cluster_dir      : /lustre/orion/stf243/world-shared/wcastil/Experiments/CUG26/copper_run/logs/4352313/profiling/cluster'
profiling_cluster_dir      : /lustre/orion/stf243/world-shared/wcastil/Experiments/CUG26/copper_run/logs/4352313/profiling/cluster
+ echo 'SLURM_NODEFILE             : '
SLURM_NODEFILE             : 
+ echo 'physcpubind                : 1,2'
physcpubind                : 1,2
+ echo 'facility_address_book      : /sw/frontier/ums/ums046/copper/build/olcf_frontier_copper_addressbook.txt'
facility_address_book      : /sw/frontier/ums/ums046/copper/build/olcf_frontier_copper_addressbook.txt
+ echo 'address_book_source        : facility'
address_book_source        : facility
+ echo 'prepared_address_book      : /lustre/orion/stf243/world-shared/wcastil/Experiments/CUG26/copper_run/logs/4352313/logs/copper_address_book.txt'
prepared_address_book      : /lustre/orion/stf243/world-shared/wcastil/Experiments/CUG26/copper_run/logs/4352313/logs/copper_address_book.txt
+ echo 'prepared_address_book_full : /lustre/orion/stf243/world-shared/wcastil/Experiments/CUG26/copper_run/logs/4352313/logs/copper_address_book_full_output.txt'
prepared_address_book_full : /lustre/orion/stf243/world-shared/wcastil/Experiments/CUG26/copper_run/logs/4352313/logs/copper_address_book_full_output.txt
+ echo 'discovery_helper           : /sw/frontier/ums/ums046/copper/build/list_cxi_hsn_thallium'
discovery_helper           : /sw/frontier/ums/ums046/copper/build/list_cxi_hsn_thallium
+ echo 'net_type                   : cxi://cxi1'
net_type                   : cxi://cxi1
+ mkdir -p /lustre/orion/stf243/world-shared/wcastil/Experiments/CUG26/copper_run/logs/4352313/logs /lustre/orion/stf243/world-shared/wcastil/Experiments/CUG26/copper_run/logs/4352313/tables/final /lustre/orion/stf243/world-shared/wcastil/Experiments/CUG26/copper_run/logs/4352313/profiling/final /lustre/orion/stf243/world-shared/wcastil/Experiments/CUG26/copper_run/logs/4352313/profiling/cluster
+ scontrol show hostnames 'frontier[00002-00005,00011,00017-00018,00025,00030-00033,00035,00043,00045,00047-00049,00051-00052,00055,00057,00059,00062-00071,00131,00133-00135,00137,00139-00145,00148-00160,00162-00166,00169-00170,00257-00269,00271,00274-00281,00284-00289,00291-00292,00295-00296,00385-00395,00400-00408,00410-00414,00416,00418,00421-00425,00513-00520,00522-00523,00526-00544,00547-00549,00641-00649,00652-00661,00663-00670,00673-00677,00769-00771,00773-00775,00778-00796,00799-00805,00897-00901,00904-00922,00925-00932,01025-01027,01031-01035,01038-01039,01041-01043,01046,01048,01051-01055,01057-01059,01133-01134,01139,01142,01254,01256-01258,01263-01273,01279,01378,01380,01382-01384,01388-01394,01396-01401,01408,01509-01510,01513-01519,01521-01527,01529,01535,01632-01636,01639,01642-01657,01663,01754-01755,01757-01758,01760,01762,01765,01767-01770,01772-01776,01778,01781-01783,01879-01880,01882-01888,01891-01896,01898-01906,01908-01909,01913,02009,02012-02014,02017-02021,02024,02026-02028,02031,02033-02034,02038-02039,02041,02047,02135-02138,02140,02143-02148,02150-02151,02155-02156,02158-02161,02165-02166,02168-02169,02176,02266,02269-02275,02277-02282,02284-02285,02290-02292,02294,02297-02298,02300-02301,02399-02403,02405-02408,02410-02411,02416-02418,02420-02422,02424,02432,02532-02538,02542-02546,02548,02552,02554-02557,02648-02658,02660,02662-02663,02665,02669-02672,02676-02678,02680-02681,02780-02787,02794-02795,02797-02800,02804,02806-02809,02815,02911,02913-02917,02920-02921,02923,02925-02930,02933,02935-02936,02941-02942,03039-03041,03043,03050-03052,03055-03056,03058,03060-03065,03070-03072,03172-03175,03177-03178,03180-03188,03190,03193-03194,03199-03200,03304,03310-03318,03320-03325,03327-03328,03429,03432,03435-03436,03439-03444,03446-03451,03453-03455,03561,03563-03570,03572-03577,03580-03581,03583,03681-03683,03686,03689-03694,03697-03698,03700-03705,03708,03710,03807,03813,03816-03826,03828-03833,03837-03839,03942-03954,03956-03961,03964,03966,04069-04070,04072,04074-04083,04085-04090,04095,04191,04194,04198-04201,04203,04205,04207-04211,04213-04218,04220-04223,04320,04322-04323,04325-04326,04332-04339,04341-04345,04349,04351,04437,04439-04441,04443,04447,04451-04452,04457,04460-04465,04471-04472,04474,04477,04479-04480,04577-04578,04581-04584,04587,04589-04594,04596-04597,04599-04602,04606,04608,04696,04698-04699,04701-04708,04710-04711,04716-04717,04720-04723,04725,04728,04730,04814-04815,04818,04821-04822,04829-04830,04833,04835,04839-04840,04842-04845,04848-04850,04856-04857,04863-04864,04941,04944,04947,04949-04950,04955-04956,04959,04961-04963,04965,04968,04971-04978,04980,04982-04983,04986-04987,04992,05068,05070,05073,05081-05083,05088-05089,05091,05093-05094,05096-05099,05101-05104,05106-05107,05109,05115,05193-05194,05196-05197,05199-05201,05206-05208,05211,05213-05215,05217-05218,05220-05222,05224-05229,05232,05240-05241,05247,05322-05325,05328,05332-05335,05337,05339-05340,05343-05344,05346-05347,05349-05350,05352-05355,05358-05361,05364,05367,05370,05375-05376,05439-05440,05442,05444-05445,05448-05449,05451-05452,05454,05457-05461,05464-05467,05469,05472,05474-05477,05480-05482,05484-05487,05565-05566,05568-05572,05574,05576-05578,05580-05582,05584-05587,05589,05591-05593,05595-05596,05598-05603,05605-05606,05681-05683,05689-05691,05693-05701,05703-05704,05709-05713,05715,05717-05718,05721,05724,05728,05731-05732,05734,05738,05820-05823,05826-05830,05832-05833,05835-05839,05841-05844,05847-05848,05850-05851,05853,05856-05862,05931,05933-05935,05937,05940-05944,05946-05950,05952-05956,05958-05959,05961-05965,05967-05970,05973,06061-06062,06064,06067-06070,06072-06076,06078-06082,06084-06085,06087-06091,06093-06097,06099-06101,06186-06187,06189,06192-06196,06198-06202,06204,06207-06210,06213-06222,06224-06226,06228,06311-06313,06315,06318-06322,06324-06328,06330,06333-06337,06339-06343,06345-06349,06351-06352,06445-06454,06456-06469,06471-06475,06477-06479,06565,06567,06570-06574,06576-06580,06582-06589,06591-06595,06597-06603,06696-06700,06702-06728,06823-06826,06828-06832,06834-06838,06840-06841,06843-06853,06855-06859,06948-06952,06954-06958,06960-06966,06968-06973,06975-06979,06981-06984,07075-07078,07080-07084,07086-07092,07094-07099,07101-07105,07107-07111,07202-07204,07206-07234,07330-07351,07353-07362,07425-07449,07451-07456,07458,07553-07554,07556-07585,07681-07712,07809-07827,07829-07841,07937-07958,07960-07969,08065-08096,08193-08209,08213-08219,08221-08226,08228-08229,08321-08322,08325-08328,08330,08332-08335,08338-08356,08358-08359,08449-08461,08464-08478,08480-08482,08484,08577-08580,08582-08583,08585-08587,08590-08604,08606-08608,08611-08615,08705-08711,08713,08716-08730,08732-08734,08737-08742,08833-08835,08837-08839,08842-08860,08863-08869,08961-08965,08968-08973,08975-08986,08989-08997,09089-09091,09094-09097,09100-09101,09104-09106,09108-09111,09116-09118,09121-09122,09124-09126,09137,09139,09141-09146,09217,09220-09238,09241-09252,09346-09364,09367-09378,09380,10114-10120,10123-10141,10144-10149]'
+ clush --hostfile /lustre/orion/stf243/world-shared/wcastil/Experiments/CUG26/copper_run/logs/4352313/logs/node_file.txt 'fusermount3 -u /mnt/bb/wcastil/copper_mount'
+ clush --hostfile /lustre/orion/stf243/world-shared/wcastil/Experiments/CUG26/copper_run/logs/4352313/logs/node_file.txt 'rm -rf /mnt/bb/wcastil/copper_mount'
+ clush --hostfile /lustre/orion/stf243/world-shared/wcastil/Experiments/CUG26/copper_run/logs/4352313/logs/node_file.txt 'mkdir -p /mnt/bb/wcastil/copper_mount'
+ rm -f /lustre/orion/stf243/world-shared/wcastil/Experiments/CUG26/copper_run/logs/4352313/logs/copper_address_book.txt /lustre/orion/stf243/world-shared/wcastil/Experiments/CUG26/copper_run/logs/4352313/logs/copper_address_book_full_output.txt /lustre/orion/stf243/world-shared/wcastil/Experiments/CUG26/copper_run/logs/4352313/logs/prepare_address_book.awk /lustre/orion/stf243/world-shared/wcastil/Experiments/CUG26/copper_run/logs/4352313/logs/select_discovered_address_book.awk
+ echo 'Preparing job-local address book once before full cu_fuse launch'
Preparing job-local address book once before full cu_fuse launch
++ date +%s
+ prepare_address_book_start_epoch=1775684981
+ prepare_address_book_rc=0
+ case "${address_book_source}" in
+ prepare_address_book_from_facility
+ cp /sw/frontier/ums/ums046/copper/build/olcf_frontier_copper_addressbook.txt /lustre/orion/stf243/world-shared/wcastil/Experiments/CUG26/copper_run/logs/4352313/logs/copper_address_book_full_output.txt
+ cat
+ srun --overlap -N 1 -n 1 --ntasks-per-node=1 env NODEFILE_PATH=/lustre/orion/stf243/world-shared/wcastil/Experiments/CUG26/copper_run/logs/4352313/logs/node_file.txt FACILITY_BOOK=/sw/frontier/ums/ums046/copper/build/olcf_frontier_copper_addressbook.txt OUTPUT_PATH=/lustre/orion/stf243/world-shared/wcastil/Experiments/CUG26/copper_run/logs/4352313/logs/copper_address_book.txt AWK_SCRIPT=/lustre/orion/stf243/world-shared/wcastil/Experiments/CUG26/copper_run/logs/4352313/logs/prepare_address_book.awk bash -lc 'awk -f "$AWK_SCRIPT" "$NODEFILE_PATH" "$FACILITY_BOOK" > "$OUTPUT_PATH"'
Deactivating conda environments
++ date +%s
+ prepare_address_book_end_epoch=1775684983
+ echo 'prepared address book generation took 2 s'
prepared address book generation took 2 s
+ '[' 0 -ne 0 ']'
+ '[' '!' -s /lustre/orion/stf243/world-shared/wcastil/Experiments/CUG26/copper_run/logs/4352313/logs/copper_address_book.txt ']'
+ profile_options=
+ '[' 0 -eq 1 ']'
+ '[' 0 -gt 0 ']'
+ '[' 0 -eq 1 ']'
+ '[' 0 -gt 0 ']'
+ options=' -f -tpath / -vpath /mnt/bb/wcastil/copper_mount -log_level 0 -log_type file -log_output_dir /lustre/orion/stf243/world-shared/wcastil/Experiments/CUG26/copper_run/logs/4352313 -net_type cxi://cxi1 -trees 1 -nf /lustre/orion/stf243/world-shared/wcastil/Experiments/CUG26/copper_run/logs/4352313/logs/node_file.txt -max_cacheable_byte_size 220000000 -md_enoent_ttl_ms 2000 -facility_address_book /lustre/orion/stf243/world-shared/wcastil/Experiments/CUG26/copper_run/logs/4352313/logs/copper_address_book.txt -prefiltered_address_book 1 -s /mnt/bb/wcastil/copper_mount'
+ echo 'sleeping for 10 s'
sleeping for 10 s
+ sleep 10s
+ srun --overlap -N 2048 --ntasks-per-node=1 --cpus-per-task=2 bash -c '
    echo "host=$(hostname)"
    echo "allowed=$(grep Cpus_allowed_list /proc/self/status | awk "{print \$2}")"
    echo "current_cpu=$(ps -o psr= -p $$)"
    exec /sw/frontier/ums/ums046/copper/build/cu_fuse  -f -tpath / -vpath /mnt/bb/wcastil/copper_mount -log_level 0 -log_type file -log_output_dir /lustre/orion/stf243/world-shared/wcastil/Experiments/CUG26/copper_run/logs/4352313 -net_type cxi://cxi1 -trees 1 -nf /lustre/orion/stf243/world-shared/wcastil/Experiments/CUG26/copper_run/logs/4352313/logs/node_file.txt -max_cacheable_byte_size 220000000 -md_enoent_ttl_ms 2000 -facility_address_book /lustre/orion/stf243/world-shared/wcastil/Experiments/CUG26/copper_run/logs/4352313/logs/copper_address_book.txt -prefiltered_address_book 1 -s /mnt/bb/wcastil/copper_mount
    '\''
  '
host=frontier08982
host=frontier01904
host=frontier04223
host=frontier09116
host=frontier02301
host=frontier09248
host=frontier00285
host=frontier08969
host=frontier06950
host=frontier01384
host=frontier02920
host=frontier02144
host=frontier10124
host=frontier02145
host=frontier08971
host=frontier08456
host=frontier02402
host=frontier01894
host=frontier05584
host=frontier06955
host=frontier00018
host=frontier09347
host=frontier04833
host=frontier05585
host=frontier07433
host=frontier06222
host=frontier02927
host=frontier08603
host=frontier08976
host=frontier09137
host=frontier06226
host=frontier07330
host=frontier01900
host=frontier02155
host=frontier04840
host=frontier02408
host=frontier00033
host=frontier01901
host=frontier09351
host=frontier04081
host=frontier06312
host=frontier04844
host=frontier05093
host=frontier08333
host=frontier03829
host=frontier00391
host=frontier02166
host=frontier03314
host=frontier09358
host=frontier02176
host=frontier04349
host=frontier05099
host=frontier05333
host=frontier02270
host=frontier01517
host=frontier06698
host=frontier02786
host=frontier08716
host=frontier01770
host=frontier05837
host=frontier01772
host=frontier09230
host=frontier02275
host=frontier03947
host=frontier01258
host=frontier02795
host=frontier09231
host=frontier03063
host=frontier09232
host=frontier02278
host=frontier09233
host=frontier00641
host=frontier07554
host=frontier09374
host=frontier03432
host=frontier05695
host=frontier02281
host=frontier04210
host=frontier01781
host=frontier09375
host=frontier00785
host=frontier01782
host=frontier08208
host=frontier03072
host=frontier05565
host=frontier05355
host=frontier07559
host=frontier06713
host=frontier02809
host=frontier03175
host=frontier02047
host=frontier01883
host=frontier06209
host=frontier09106
host=frontier06715
host=frontier09244
host=frontier02136
host=frontier01639
host=frontier09109
host=frontier04977
host=frontier02297
host=frontier04480
host=frontier04221
host=frontier09246
host=frontier05860
host=frontier00530
host=frontier03310
host=frontier06459
allowed=1-2
host=frontier07814
allowed=1-2
host=frontier02160
host=frontier02417
host=frontier00144
host=frontier06718
host=frontier02915
host=frontier09247
host=frontier08221
host=frontier00281
host=frontier03964
host=frontier03181
host=frontier07704
host=frontier06074
host=frontier06719
allowed=1-2
host=frontier08222
allowed=1-2
allowed=1-2
allowed=1-2
host=frontier01027
host=frontier06075
host=frontier04815
host=frontier03966
host=frontier00003
host=frontier02916
host=frontier02917
allowed=1-2
allowed=1-2
host=frontier00656
allowed=1-2
host=frontier02143
host=frontier06446
host=frontier01646
host=frontier05439
allowed=1-2
host=frontier04070
allowed=1-2
allowed=1-2
host=frontier04986
host=frontier03813
allowed=1-2
allowed=1-2
allowed=1-2
allowed=1-2
host=frontier06079
host=frontier05222
allowed=1-2
host=frontier00288
allowed=1-2
host=frontier02923
host=frontier01389
host=frontier08600
host=frontier07709
host=frontier05225
allowed=1-2
allowed=1-2
allowed=1-2
host=frontier02925
host=frontier01390
host=frontier00661
allowed=1-2
host=frontier01650
allowed=1-2
allowed=1-2
allowed=1-2
allowed=1-2
host=frontier01391
host=frontier03561
allowed=1-2
host=frontier08321
allowed=1-2
host=frontier05586
host=frontier00030
host=frontier05728
host=frontier02406
host=frontier04835
host=frontier00804
host=frontier06589
host=frontier08322
host=frontier00155
host=frontier05942
host=frontier07575
allowed=1-2
host=frontier05731
host=frontier06958
host=frontier08461
allowed=1-2
allowed=1-2
allowed=1-2
allowed=1-2
host=frontier01042
host=frontier05732
allowed=1-2
host=frontier03565
allowed=1-2
host=frontier03194
host=frontier08978
allowed=1-2
host=frontier07437
host=frontier05083
host=frontier00385
host=frontier10132
allowed=1-2
host=frontier02669
host=frontier05734
allowed=1-2
host=frontier00899
host=frontier04337
host=frontier07102
host=frontier05592
host=frontier01902
allowed=1-2
host=frontier09352
host=frontier04338
allowed=1-2
allowed=1-2
host=frontier00043
host=frontier08611
host=frontier05241
host=frontier08467
host=frontier06963
host=frontier01656
host=frontier02416
host=frontier06091
host=frontier06964
host=frontier01663
allowed=1-2
host=frontier00531
host=frontier06460
host=frontier00670
host=frontier07581
host=frontier02676
allowed=1-2
host=frontier08614
allowed=1-2
host=frontier07336
host=frontier01754
host=frontier01401
host=frontier07955
host=frontier04342
host=frontier08470
allowed=1-2
host=frontier02678
host=frontier07956
host=frontier01054
host=frontier08846
host=frontier10138
host=frontier08334
allowed=1-2
host=frontier08615
host=frontier04343
allowed=1-2
allowed=1-2
host=frontier06831
host=frontier08705
host=frontier05953
host=frontier00165
host=frontier09220
host=frontier05464
host=frontier02168
host=frontier03040
host=frontier07339
host=frontier06832
host=frontier09359
host=frontier00393
host=frontier06464
allowed=1-2
allowed=1-2
host=frontier02780
allowed=1-2
host=frontier05829
host=frontier09360
host=frontier02009
host=frontier01760
host=frontier00536
host=frontier03576
host=frontier07447
allowed=1-2
host=frontier01514
host=frontier09361
host=frontier05101
host=frontier02781
host=frontier03838
host=frontier06325
host=frontier10145
host=frontier00257
host=frontier00538
host=frontier06837
allowed=1-2
host=frontier03320
host=frontier08477
host=frontier09363
allowed=1-2
host=frontier01139
allowed=1-2
host=frontier07344
host=frontier08994
host=frontier10147
host=frontier04440
host=frontier08478
host=frontier05475
host=frontier00541
host=frontier01142
host=frontier00914
host=frontier09227
host=frontier08199
allowed=1-2
host=frontier07453
allowed=1-2
allowed=1-2
host=frontier07346
host=frontier04703
host=frontier08855
host=frontier04200
host=frontier05963
allowed=1-2
host=frontier03323
host=frontier07454
allowed=1-2
host=frontier03060
host=frontier07967
host=frontier04955
host=frontier06333
host=frontier02787
host=frontier03325
host=frontier06474
host=frontier03946
allowed=1-2
allowed=1-2
host=frontier04203
host=frontier09089
host=frontier03686
host=frontier00917
host=frontier04451
host=frontier01522
host=frontier05839
host=frontier00780
allowed=1-2
allowed=1-2
allowed=1-2
host=frontier03327
host=frontier03062
allowed=1-2
allowed=1-2
host=frontier00548
host=frontier02797
allowed=1-2
host=frontier02544
allowed=1-2
host=frontier05482
host=frontier05484
host=frontier00410
host=frontier08860
allowed=1-2
allowed=1-2
allowed=1-2
host=frontier03065
host=frontier04963
allowed=1-2
host=frontier02280
host=frontier06479
allowed=1-2
host=frontier06199
allowed=1-2
allowed=1-2
host=frontier07076
allowed=1-2
allowed=1-2
allowed=1-2
host=frontier05199
host=frontier05973
allowed=1-2
allowed=1-2
host=frontier01267
host=frontier07835
host=frontier03436
host=frontier06709
host=frontier00133
host=frontier06341
allowed=1-2
allowed=1-2
host=frontier07356
host=frontier00644
allowed=1-2
host=frontier02554
host=frontier08866
host=frontier06570
host=frontier05698
host=frontier06202
host=frontier02807
allowed=1-2
host=frontier07697
host=frontier06571
host=frontier06204
allowed=1-2
host=frontier00416
host=frontier03698
host=frontier08726
host=frontier01879
host=frontier00418
host=frontier04471
host=frontier03956
host=frontier01633
host=frontier09242
allowed=1-2
allowed=1-2
host=frontier08073
host=frontier00276
host=frontier06573
host=frontier06208
host=frontier08590
host=frontier04722
host=frontier05857
allowed=1-2
allowed=1-2
host=frontier06714
allowed=1-2
host=frontier08359
allowed=1-2
host=frontier07840
allowed=1-2
host=frontier04474
host=frontier00141
host=frontier06348
allowed=1-2
host=frontier05213
host=frontier05858
allowed=1-2
host=frontier04220
allowed=1-2
allowed=1-2
allowed=1-2
host=frontier08593
allowed=1-2
host=frontier07362
allowed=1-2
host=frontier02651
allowed=1-2
allowed=1-2
host=frontier08451
host=frontier07087
allowed=1-2
host=frontier07224
allowed=1-2
host=frontier08219
host=frontier03705
host=frontier09111
host=frontier02300
host=frontier05861
host=frontier01887
host=frontier05576
host=frontier05712
host=frontier04982
host=frontier02653
host=frontier01644
host=frontier05375
host=frontier05221
host=frontier05933
host=frontier02655
host=frontier06447
host=frontier00658
host=frontier09252
host=frontier00518
host=frontier04830
host=frontier10127
host=frontier02148
host=frontier07096
host=frontier06956
host=frontier05940
host=frontier06587
host=frontier03820
host=frontier03190
host=frontier00292
host=frontier00523
host=frontier06591
host=frontier05229
host=frontier04335
host=frontier02410
host=frontier08327
host=frontier07438
host=frontier07812
host=frontier00667
host=frontier06458
host=frontier05593
host=frontier03568
host=frontier02935
host=frontier06594
host=frontier09143
host=frontier02672
host=frontier01657
host=frontier09354
host=frontier06826
host=frontier06093
host=frontier05459
host=frontier04849
host=frontier04086
host=frontier08095
host=frontier00906
host=frontier01909
host=frontier02680
host=frontier01057
host=frontier09222
host=frontier00910
host=frontier07961
host=frontier03577
host=frontier09223
host=frontier06835
host=frontier05334
host=frontier03580
host=frontier00770
host=frontier00062
host=frontier07206
host=frontier05835
host=frontier05681
host=frontier05961
host=frontier09226
host=frontier08853
host=frontier00773
host=frontier07685
host=frontier04702
host=frontier05107
host=frontier00262
host=frontier08202
host=frontier05481
host=frontier09091
host=frontier09372
host=frontier06705
host=frontier04708
host=frontier06984
host=frontier05196
host=frontier03950
host=frontier06707
host=frontier05486
host=frontier00412
host=frontier01527
host=frontier05697
host=frontier09236
host=frontier08353
host=frontier05850
host=frontier03439
host=frontier04720
host=frontier04465
host=frontier09238
host=frontier09378
host=frontier01269
host=frontier00275
host=frontier00647
host=frontier02041
host=frontier04974
host=frontier09243
host=frontier04217
host=frontier02292
host=frontier00648
host=frontier06069
host=frontier07841
host=frontier08962
host=frontier04976
host=frontier03446
host=frontier05572
host=frontier06349
host=frontier06214
host=frontier06351
host=frontier02298
host=frontier02137
host=frontier04730
allowed=1-2
allowed=1-2
allowed=1-2
host=frontier00901
current_cpu=  1
allowed=1-2
current_cpu=  1
allowed=1-2
host=frontier02936
allowed=1-2
allowed=1-2
host=frontier08078
allowed=1-2
allowed=1-2
allowed=1-2
allowed=1-2
host=frontier00654
allowed=1-2
allowed=1-2
host=frontier01380
allowed=1-2
allowed=1-2
allowed=1-2
allowed=1-2
current_cpu=  1
allowed=1-2
current_cpu=  1
current_cpu=  1
allowed=1-2
allowed=1-2
host=frontier00145
allowed=1-2
allowed=1-2
allowed=1-2
allowed=1-2
allowed=1-2
current_cpu=  1
allowed=1-2
current_cpu=  1
allowed=1-2
host=frontier00515
allowed=1-2
host=frontier05220
allowed=1-2
allowed=1-2
current_cpu=  2
allowed=1-2
current_cpu=  2
host=frontier07942
allowed=1-2
allowed=1-2
host=frontier08455
host=frontier02400
host=frontier06583
current_cpu=  1
current_cpu=  1
host=frontier08225
current_cpu=  2
current_cpu=  1
host=frontier00287
allowed=1-2
host=frontier05934
allowed=1-2
host=frontier06448
host=frontier00011
current_cpu=  1
allowed=1-2
current_cpu=  1
allowed=1-2
allowed=1-2
host=frontier05582
allowed=1-2
host=frontier03186
allowed=1-2
host=frontier06723
host=frontier00289
host=frontier00802
allowed=1-2
current_cpu=  1
current_cpu=  2
current_cpu=  1
host=frontier03187
host=frontier07231
host=frontier08228
allowed=1-2
allowed=1-2
allowed=1-2
current_cpu=  2
host=frontier03188
host=frontier00025
allowed=1-2
current_cpu=  2
host=frontier04332
current_cpu=  1
current_cpu=  1
current_cpu=  1
allowed=1-2
host=frontier05724
allowed=1-2
current_cpu=  1
allowed=1-2
current_cpu=  2
allowed=1-2
allowed=1-2
allowed=1-2
allowed=1-2
allowed=1-2
allowed=1-2
allowed=1-2
host=frontier00664
allowed=1-2
allowed=1-2
allowed=1-2
allowed=1-2
allowed=1-2
host=frontier06727
host=frontier01899
allowed=1-2
host=frontier04334
current_cpu=  2
current_cpu=  1
current_cpu=  1
current_cpu=  1
allowed=1-2
allowed=1-2
current_cpu=  2
allowed=1-2
host=frontier07576
current_cpu=  1
allowed=1-2
allowed=1-2
current_cpu=  2
allowed=1-2
allowed=1-2
host=frontier01654
allowed=1-2
host=frontier01043
allowed=1-2
current_cpu=  2
allowed=1-2
host=frontier06961
allowed=1-2
host=frontier00666
host=frontier09141
current_cpu=  1
host=frontier08608
allowed=1-2
host=frontier07578
allowed=1-2
allowed=1-2
allowed=1-2
allowed=1-2
current_cpu=  1
allowed=1-2
allowed=1-2
host=frontier06825
current_cpu=  2
current_cpu=  2
allowed=1-2
allowed=1-2
host=frontier03825
allowed=1-2
allowed=1-2
allowed=1-2
host=frontier05820
allowed=1-2
allowed=1-2
host=frontier07440
host=frontier06595
allowed=1-2
host=frontier04597
host=frontier00045
host=frontier01399
host=frontier05247
allowed=1-2
allowed=1-2
current_cpu=  1
host=frontier01052
allowed=1-2
allowed=1-2
host=frontier00904
allowed=1-2
host=frontier02941
allowed=1-2
allowed=1-2
host=frontier05596
current_cpu=  2
allowed=1-2
current_cpu=  1
allowed=1-2
host=frontier06094
host=frontier10137
allowed=1-2
host=frontier00048
allowed=1-2
host=frontier03572
allowed=1-2
allowed=1-2
allowed=1-2
current_cpu=  1
allowed=1-2
allowed=1-2
host=frontier07817
allowed=1-2
allowed=1-2
allowed=1-2
allowed=1-2
host=frontier07108
host=frontier03039
current_cpu=  2
allowed=1-2
allowed=1-2
host=frontier01755
current_cpu=  1
current_cpu=  2
allowed=1-2
host=frontier07957
host=frontier07444
allowed=1-2
allowed=1-2
allowed=1-2
allowed=1-2
allowed=1-2
allowed=1-2
allowed=1-2
host=frontier08096
host=frontier00535
host=frontier08473
allowed=1-2
host=frontier05465
allowed=1-2
host=frontier05954
allowed=1-2
host=frontier00166
host=frontier05828
allowed=1-2
allowed=1-2
current_cpu=  1
current_cpu=  1
allowed=1-2
current_cpu=  2
allowed=1-2
allowed=1-2
allowed=1-2
allowed=1-2
allowed=1-2
host=frontier07446
allowed=1-2
allowed=1-2
current_cpu=  2
host=frontier08475
host=frontier02532
allowed=1-2
host=frontier03317
host=frontier04696
host=frontier00537
host=frontier08850
allowed=1-2
allowed=1-2
allowed=1-2
allowed=1-2
host=frontier08851
allowed=1-2
host=frontier02533
host=frontier06696
host=frontier03318
allowed=1-2
allowed=1-2
host=frontier07963
allowed=1-2
current_cpu=  1
allowed=1-2
allowed=1-2
allowed=1-2
host=frontier06186
host=frontier10146
current_cpu=  1
allowed=1-2
allowed=1-2
host=frontier00913
allowed=1-2
allowed=1-2
allowed=1-2
host=frontier04947
host=frontier03583
host=frontier03942
host=frontier07345
host=frontier01518
host=frontier08713
allowed=1-2
host=frontier05339
allowed=1-2
allowed=1-2
host=frontier01769
host=frontier04199
host=frontier05682
allowed=1-2
allowed=1-2
allowed=1-2
host=frontier06699
current_cpu=  2
allowed=1-2
current_cpu=  1
allowed=1-2
host=frontier08200
host=frontier00065
allowed=1-2
host=frontier03944
allowed=1-2
allowed=1-2
allowed=1-2
current_cpu=  2
allowed=1-2
host=frontier00261
allowed=1-2
current_cpu=  2
host=frontier03324
allowed=1-2
allowed=1-2
host=frontier08201
host=frontier05689
allowed=1-2
allowed=1-2
allowed=1-2
host=frontier05838
host=frontier08718
allowed=1-2
allowed=1-2
allowed=1-2
current_cpu=  1
current_cpu=  2
allowed=1-2
host=frontier00779
allowed=1-2
allowed=1-2
allowed=1-2
allowed=1-2
allowed=1-2
allowed=1-2
allowed=1-2
current_cpu=  2
current_cpu=  1
current_cpu=  1
allowed=1-2
host=frontier07969
host=frontier00068
allowed=1-2
host=frontier04205
host=frontier03689
host=frontier05841
host=frontier05691
current_cpu=  1
allowed=1-2
allowed=1-2
current_cpu=  2
allowed=1-2
current_cpu=  1
allowed=1-2
host=frontier04961
host=frontier03691
allowed=1-2
host=frontier02798
allowed=1-2
host=frontier04962
allowed=1-2
current_cpu=  2
host=frontier07832
host=frontier03949
current_cpu=  1
current_cpu=  1
allowed=1-2
allowed=1-2
current_cpu=  1
allowed=1-2
current_cpu=  1
allowed=1-2
current_cpu=  1
current_cpu=  2
host=frontier04462
allowed=1-2
current_cpu=  2
host=frontier08723
current_cpu=  1
current_cpu=  1
allowed=1-2
host=frontier03951
allowed=1-2
host=frontier06565
host=frontier06200
current_cpu=  1
allowed=1-2
allowed=1-2
allowed=1-2
host=frontier04716
allowed=1-2
host=frontier00269
allowed=1-2
allowed=1-2
host=frontier04463
current_cpu=  1
host=frontier08069
host=frontier00414
current_cpu=  1
allowed=1-2
host=frontier07836
host=frontier05354
allowed=1-2
current_cpu=  2
allowed=1-2
allowed=1-2
allowed=1-2
host=frontier07217
allowed=1-2
allowed=1-2
allowed=1-2
current_cpu=  1
allowed=1-2
allowed=1-2
allowed=1-2
host=frontier06711
current_cpu=  2
allowed=1-2
allowed=1-2
allowed=1-2
host=frontier04214
host=frontier03954
allowed=1-2
allowed=1-2
allowed=1-2
host=frontier00646
host=frontier08587
host=frontier06207
allowed=1-2
allowed=1-2
host=frontier08356
host=frontier00928
host=frontier00788
host=frontier09104
allowed=1-2
current_cpu=  2
current_cpu=  1
allowed=1-2
host=frontier00789
host=frontier01271
host=frontier03442
host=frontier10114
allowed=1-2
allowed=1-2
allowed=1-2
allowed=1-2
allowed=1-2
allowed=1-2
current_cpu=  1
current_cpu=  1
allowed=1-2
current_cpu=  1
allowed=1-2
current_cpu=  2
allowed=1-2
current_cpu=  1
host=frontier08729
allowed=1-2
host=frontier04975
host=frontier01273
allowed=1-2
allowed=1-2
host=frontier08592
host=frontier00278
current_cpu=  1
allowed=1-2
host=frontier10116
host=frontier02294
allowed=1-2
host=frontier02649
host=frontier01636
current_cpu=  1
allowed=1-2
current_cpu=  1
current_cpu=  2
current_cpu=  1
allowed=1-2
current_cpu=  1
host=frontier00142
host=frontier00279
host=frontier07223
host=frontier05709
current_cpu=  2
host=frontier03960
allowed=1-2
current_cpu=  1
current_cpu=  1
allowed=1-2
allowed=1-2
current_cpu=  1
host=frontier03447
host=frontier00425
allowed=1-2
current_cpu=  2
allowed=1-2
host=frontier03180
allowed=1-2
host=frontier06579
host=frontier00794
allowed=1-2
allowed=1-2
allowed=1-2
host=frontier02138
allowed=1-2
allowed=1-2
host=frontier04222
host=frontier08596
allowed=1-2
allowed=1-2
host=frontier04578
host=frontier05862
host=frontier00655
allowed=1-2
allowed=1-2
host=frontier07427
allowed=1-2
host=frontier00514
host=frontier07941
host=frontier06076
host=frontier01383
allowed=1-2
allowed=1-2
allowed=1-2
allowed=1-2
host=frontier00516
host=frontier00657
host=frontier04072
allowed=1-2
host=frontier03816
host=frontier06952
host=frontier01388
host=frontier06080
host=frontier04829
allowed=1-2
host=frontier03817
host=frontier04584
host=frontier00801
allowed=1-2
host=frontier03818
host=frontier00519
allowed=1-2
host=frontier06081
allowed=1-2
allowed=1-2
host=frontier08459
host=frontier00520
allowed=1-2
allowed=1-2
allowed=1-2
allowed=1-2
allowed=1-2
allowed=1-2
host=frontier00154
host=frontier05073
host=frontier01651
host=frontier09348
host=frontier01652
allowed=1-2
host=frontier05449
host=frontier02663
host=frontier06225
host=frontier01041
allowed=1-2
host=frontier05589
allowed=1-2
host=frontier05082
allowed=1-2
host=frontier10131
host=frontier00526
host=frontier03199
host=frontier04842
host=frontier03566
allowed=1-2
host=frontier04336
host=frontier08979
host=frontier02930
allowed=1-2
allowed=1-2
allowed=1-2
host=frontier00035
host=frontier03200
allowed=1-2
allowed=1-2
allowed=1-2
allowed=1-2
allowed=1-2
host=frontier00529
allowed=1-2
allowed=1-2
host=frontier04845
allowed=1-2
allowed=1-2
allowed=1-2
host=frontier00388
host=frontier04339
host=frontier08092
allowed=1-2
allowed=1-2
host=frontier02418
host=frontier05822
host=frontier05322
allowed=1-2
host=frontier03311
allowed=1-2
host=frontier00532
host=frontier08984
host=frontier00673
host=frontier03312
allowed=1-2
host=frontier09146
host=frontier00390
host=frontier06461
allowed=1-2
host=frontier06830
host=frontier05096
allowed=1-2
host=frontier05324
host=frontier00674
host=frontier05461
host=frontier03313
host=frontier07337
allowed=1-2
host=frontier01055
allowed=1-2
host=frontier04344
host=frontier00051
host=frontier07584
host=frontier06969
host=frontier01758
host=frontier01913
host=frontier07958
host=frontier05328
host=frontier02681
host=frontier06601
allowed=1-2
host=frontier08848
allowed=1-2
host=frontier03837
allowed=1-2
host=frontier05956
allowed=1-2
allowed=1-2
host=frontier05603
host=frontier03050
allowed=1-2
host=frontier00057
allowed=1-2
host=frontier02266
host=frontier01133
allowed=1-2
host=frontier08341
allowed=1-2
allowed=1-2
host=frontier03051
host=frontier04944
allowed=1-2
host=frontier00771
host=frontier04439
host=frontier01516
host=frontier06838
allowed=1-2
allowed=1-2
allowed=1-2
allowed=1-2
host=frontier08198
allowed=1-2
allowed=1-2
host=frontier02784
allowed=1-2
host=frontier03055
allowed=1-2
host=frontier03943
host=frontier02785
host=frontier08995
host=frontier06471
allowed=1-2
host=frontier07966
host=frontier08345
host=frontier00542
host=frontier03058
allowed=1-2
host=frontier01519
host=frontier00775
host=frontier00915
host=frontier07688
allowed=1-2
host=frontier05477
host=frontier02274
host=frontier06981
allowed=1-2
host=frontier02021
host=frontier07210
host=frontier07455
host=frontier05965
host=frontier04956
host=frontier00544
host=frontier08857
host=frontier06475
host=frontier00547
allowed=1-2
allowed=1-2
allowed=1-2
host=frontier01263
host=frontier05194
allowed=1-2
allowed=1-2
allowed=1-2
host=frontier05349
allowed=1-2
host=frontier03064
host=frontier06198
host=frontier02545
allowed=1-2
host=frontier00411
host=frontier09234
host=frontier02799
allowed=1-2
host=frontier05844
host=frontier01526
allowed=1-2
host=frontier08207
host=frontier03070
allowed=1-2
host=frontier00922
allowed=1-2
host=frontier07695
allowed=1-2
host=frontier06567
host=frontier06201
host=frontier06061
allowed=1-2
host=frontier02804
host=frontier00643
allowed=1-2
allowed=1-2
allowed=1-2
host=frontier09237
allowed=1-2
allowed=1-2
host=frontier05566
allowed=1-2
allowed=1-2
host=frontier00927
host=frontier07357
host=frontier02285
host=frontier05851
allowed=1-2
allowed=1-2
host=frontier07081
host=frontier05853
host=frontier03173
host=frontier05207
host=frontier06572
allowed=1-2
allowed=1-2
allowed=1-2
host=frontier06855
host=frontier08728
host=frontier01882
host=frontier09105
host=frontier01634
allowed=1-2
allowed=1-2
host=frontier05360
host=frontier01635
host=frontier07562
allowed=1-2
allowed=1-2
allowed=1-2
host=frontier02648
allowed=1-2
host=frontier00649
host=frontier07222
host=frontier05361
allowed=1-2
allowed=1-2
host=frontier04477
host=frontier02911
allowed=1-2
host=frontier06072
allowed=1-2
host=frontier01885
allowed=1-2
host=frontier08077
allowed=1-2
allowed=1-2
host=frontier04978
host=frontier05574
allowed=1-2
host=frontier05710
allowed=1-2
allowed=1-2
host=frontier04577
host=frontier05711
host=frontier03182
host=frontier01382
host=frontier06949
host=frontier03710
host=frontier06720
host=frontier06217
host=frontier08738
host=frontier02399
host=frontier00004
host=frontier01645
host=frontier09118
host=frontier04322
host=frontier06721
host=frontier03453
host=frontier09121
host=frontier07943
host=frontier01893
host=frontier02921
host=frontier03185
host=frontier02656
host=frontier06220
host=frontier06585
host=frontier02657
host=frontier02146
host=frontier06449
host=frontier10126
host=frontier04074
host=frontier04326
host=frontier05068
host=frontier06725
host=frontier06451
host=frontier02926
host=frontier01896
host=frontier04076
host=frontier00153
host=frontier05445
host=frontier01392
host=frontier09126
host=frontier06224
host=frontier02150
host=frontier05227
host=frontier07097
host=frontier06588
host=frontier10130
host=frontier04591
host=frontier05081
host=frontier03193
host=frontier06454
host=frontier06960
host=frontier05451
host=frontier04592
host=frontier04080
host=frontier09142
host=frontier05088
host=frontier05738
host=frontier02670
host=frontier06962
host=frontier03824
host=frontier04082
host=frontier09353
host=frontier08981
host=frontier03304
host=frontier08469
host=frontier04848
host=frontier06965
host=frontier02677
host=frontier02165
host=frontier05323
host=frontier06829
host=frontier06599
host=frontier07583
host=frontier09217
host=frontier09357
host=frontier06968
host=frontier08985
host=frontier01908
host=frontier01757
host=frontier05827
host=frontier08472
host=frontier10139
host=frontier08989
host=frontier03832
host=frontier06970
host=frontier09221
host=frontier05098
host=frontier07960
host=frontier03316
host=frontier06834
host=frontier05332
host=frontier01059
host=frontier04864
host=frontier00769
host=frontier08195
host=frontier05467
host=frontier05832
host=frontier06973
host=frontier06468
host=frontier02014
host=frontier07204
host=frontier06327
host=frontier04198
host=frontier05104
host=frontier09364
host=frontier02535
host=frontier04441
host=frontier06977
host=frontier02272
host=frontier07825
host=frontier06978
host=frontier09368
host=frontier04447
host=frontier09369
host=frontier02020
host=frontier01256
host=frontier00916
host=frontier00263
host=frontier01257
host=frontier01773
host=frontier09370
host=frontier02794
host=frontier06334
host=frontier05115
host=frontier07968
host=frontier06195
host=frontier02277
host=frontier05346
host=frontier04706
host=frontier01523
host=frontier00265
host=frontier06477
host=frontier06196
host=frontier05347
host=frontier01524
host=frontier05693
host=frontier00920
host=frontier02027
host=frontier09373
host=frontier06706
host=frontier06337
host=frontier03429
host=frontier09094
host=frontier01778
host=frontier02546
host=frontier06848
host=frontier00642
host=frontier02031
host=frontier04711
host=frontier09096
host=frontier04211
host=frontier08865
host=frontier02033
host=frontier09097
host=frontier09376
host=frontier02282
host=frontier01529
host=frontier05200
host=frontier02552
host=frontier09100
host=frontier05201
host=frontier01268
host=frontier04464
host=frontier05699
host=frontier01632
host=frontier06852
host=frontier08867
host=frontier00274
host=frontier06343
host=frontier02038
host=frontier09380
host=frontier04973
host=frontier02039
host=frontier03700
host=frontier07219
host=frontier08358
host=frontier04472
host=frontier06346
host=frontier01272
host=frontier00930
host=frontier07360
host=frontier00277
host=frontier05703
host=frontier00791
host=frontier00931
host=frontier06210
host=frontier09108
host=frontier02135
host=frontier05571
host=frontier06576
host=frontier03959
host=frontier07086
host=frontier02650
host=frontier04479
host=frontier00652
host=frontier00932
host=frontier06577
host=frontier00793
host=frontier02914
host=frontier01025
current_cpu=  2
current_cpu=  1
current_cpu=  1
allowed=1-2
current_cpu=  2
host=frontier00160
current_cpu=  2
host=frontier08612
host=frontier05821
allowed=1-2
host=frontier10135
current_cpu=  1
host=frontier07104
current_cpu=  2
allowed=1-2
current_cpu=  2
current_cpu=  1
current_cpu=  2
current_cpu=  2
allowed=1-2
current_cpu=  1
current_cpu=  1
allowed=1-2
host=frontier08595
current_cpu=  2
current_cpu=  1
host=frontier03448
current_cpu=  1
current_cpu=  2
current_cpu=  2
current_cpu=  1
current_cpu=  2
current_cpu=  2
allowed=1-2
current_cpu=  2
current_cpu=  1
host=frontier00284
host=frontier07226
current_cpu=  2
current_cpu=  1
current_cpu=  2
current_cpu=  2
current_cpu=  1
current_cpu=  2
host=frontier01031
host=frontier04320
allowed=1-2
host=frontier02654
current_cpu=  1
host=frontier05376
host=frontier05578
host=frontier07568
allowed=1-2
current_cpu=  1
current_cpu=  2
current_cpu=  1
current_cpu=  1
allowed=1-2
current_cpu=  2
current_cpu=  1
host=frontier07707
allowed=1-2
allowed=1-2
allowed=1-2
host=frontier01892
allowed=1-2
allowed=1-2
current_cpu=  2
host=frontier02401
allowed=1-2
current_cpu=  1
host=frontier00150
host=frontier04822
allowed=1-2
host=frontier00800
host=frontier06584
allowed=1-2
current_cpu=  2
current_cpu=  1
current_cpu=  2
allowed=1-2
host=frontier01648
host=frontier05442
current_cpu=  1
host=frontier07094
host=frontier00017
allowed=1-2
current_cpu=  2
allowed=1-2
host=frontier08741
allowed=1-2
allowed=1-2
current_cpu=  1
allowed=1-2
host=frontier07710
allowed=1-2
host=frontier01035
allowed=1-2
host=frontier06586
host=frontier00152
current_cpu=  2
current_cpu=  1
current_cpu=  2
allowed=1-2
allowed=1-2
current_cpu=  1
host=frontier07946
allowed=1-2
current_cpu=  1
allowed=1-2
host=frontier01038
current_cpu=  1
current_cpu=  2
current_cpu=  2
current_cpu=  1
current_cpu=  1
current_cpu=  2
host=frontier07574
current_cpu=  2
host=frontier05448
host=frontier07233
host=frontier10129
host=frontier06957
current_cpu=  1
current_cpu=  1
allowed=1-2
current_cpu=  1
allowed=1-2
current_cpu=  2
current_cpu=  1
allowed=1-2
current_cpu=  2
current_cpu=  2
host=frontier07234
current_cpu=  2
host=frontier08977
allowed=1-2
allowed=1-2
current_cpu=  2
allowed=1-2
current_cpu=  1
current_cpu=  2
host=frontier00665
current_cpu=  1
allowed=1-2
host=frontier01653
current_cpu=  1
host=frontier06087
current_cpu=  2
current_cpu=  1
current_cpu=  1
allowed=1-2
current_cpu=  1
allowed=1-2
current_cpu=  1
current_cpu=  1
allowed=1-2
current_cpu=  1
allowed=1-2
allowed=1-2
host=frontier06592
allowed=1-2
current_cpu=  1
allowed=1-2
current_cpu=  1
current_cpu=  2
host=frontier06089
current_cpu=  1
host=frontier00158
host=frontier05454
host=frontier08090
current_cpu=  1
host=frontier06311
current_cpu=  1
host=frontier00528
current_cpu=  2
allowed=1-2
current_cpu=  2
current_cpu=  2
allowed=1-2
current_cpu=  2
current_cpu=  2
current_cpu=  1
host=frontier07952
allowed=1-2
current_cpu=  1
current_cpu=  2
host=frontier00159
allowed=1-2
allowed=1-2
current_cpu=  1
host=frontier01051
host=frontier00669
host=frontier03569
allowed=1-2
host=frontier07953
host=frontier05595
allowed=1-2
host=frontier08468
host=frontier07334
allowed=1-2
allowed=1-2
current_cpu=  1
current_cpu=  2
allowed=1-2
current_cpu=  1
current_cpu=  1
allowed=1-2
current_cpu=  1
allowed=1-2
host=frontier03570
host=frontier08332
host=frontier00047
current_cpu=  2
current_cpu=  2
allowed=1-2
host=frontier08983
current_cpu=  1
current_cpu=  1
allowed=1-2
allowed=1-2
current_cpu=  2
host=frontier08845
allowed=1-2
host=frontier05460
current_cpu=  2
allowed=1-2
current_cpu=  2
current_cpu=  1
current_cpu=  1
current_cpu=  2
current_cpu=  1
allowed=1-2
current_cpu=  2
current_cpu=  2
current_cpu=  2
current_cpu=  1
allowed=1-2
allowed=1-2
current_cpu=  2
current_cpu=  2
allowed=1-2
host=frontier03573
current_cpu=  1
allowed=1-2
allowed=1-2
current_cpu=  2
current_cpu=  2
current_cpu=  2
current_cpu=  2
current_cpu=  2
current_cpu=  2
host=frontier00534
current_cpu=  2
host=frontier07818
allowed=1-2
allowed=1-2
allowed=1-2
current_cpu=  2
allowed=1-2
current_cpu=  2
host=frontier02424
allowed=1-2
host=frontier04089
current_cpu=  1
allowed=1-2
allowed=1-2
current_cpu=  2
current_cpu=  2
host=frontier08706
host=frontier07110
current_cpu=  2
current_cpu=  1
current_cpu=  2
current_cpu=  1
current_cpu=  1
current_cpu=  2
host=frontier05602
host=frontier00909
host=frontier08339
allowed=1-2
host=frontier00169
current_cpu=  2
current_cpu=  2
allowed=1-2
allowed=1-2
current_cpu=  2
allowed=1-2
host=frontier08340
allowed=1-2
allowed=1-2
allowed=1-2
allowed=1-2
current_cpu=  2
host=frontier10144
current_cpu=  1
host=frontier08991
current_cpu=  1
current_cpu=  2
allowed=1-2
current_cpu=  2
allowed=1-2
allowed=1-2
host=frontier04941
allowed=1-2
host=frontier06101
host=frontier07203
host=frontier07342
current_cpu=  1
host=frontier02782
current_cpu=  2
host=frontier09362
allowed=1-2
current_cpu=  1
host=frontier04194
host=frontier00539
current_cpu=  2
current_cpu=  2
current_cpu=  2
allowed=1-2
allowed=1-2
host=frontier00258
host=frontier07684
host=frontier02534
host=frontier08342
host=frontier00912
current_cpu=  2
current_cpu=  1
current_cpu=  2
allowed=1-2
allowed=1-2
current_cpu=  1
current_cpu=  2
current_cpu=  2
host=frontier00402
allowed=1-2
allowed=1-2
allowed=1-2
host=frontier06469
host=frontier05474
allowed=1-2
allowed=1-2
allowed=1-2
current_cpu=  1
allowed=1-2
current_cpu=  2
current_cpu=  1
allowed=1-2
allowed=1-2
allowed=1-2
current_cpu=  1
current_cpu=  1
current_cpu=  2
host=frontier05106
allowed=1-2
current_cpu=  2
current_cpu=  1
current_cpu=  2
allowed=1-2
allowed=1-2
current_cpu=  1
allowed=1-2
current_cpu=  2
current_cpu=  2
current_cpu=  2
current_cpu=  2
allowed=1-2
current_cpu=  2
allowed=1-2
current_cpu=  1
current_cpu=  1
allowed=1-2
host=frontier06843
allowed=1-2
current_cpu=  1
current_cpu=  1
host=frontier07827
current_cpu=  2
allowed=1-2
host=frontier01521
host=frontier06193
allowed=1-2
current_cpu=  1
current_cpu=  1
current_cpu=  2
current_cpu=  1
allowed=1-2
current_cpu=  2
current_cpu=  1
current_cpu=  2
current_cpu=  1
current_cpu=  1
host=frontier07689
current_cpu=  2
current_cpu=  1
current_cpu=  1
allowed=1-2
allowed=1-2
current_cpu=  2
allowed=1-2
host=frontier05967
allowed=1-2
allowed=1-2
allowed=1-2
current_cpu=  2
host=frontier00264
current_cpu=  2
current_cpu=  2
current_cpu=  1
host=frontier04707
host=frontier00408
current_cpu=  2
host=frontier00069
host=frontier07350
host=frontier08720
host=frontier06336
allowed=1-2
host=frontier05968
allowed=1-2
current_cpu=  1
host=frontier05694
allowed=1-2
current_cpu=  1
allowed=1-2
current_cpu=  1
host=frontier00549
host=frontier07692
allowed=1-2
host=frontier05843
allowed=1-2
host=frontier08205
host=frontier00782
current_cpu=  1
current_cpu=  1
host=frontier08863
host=frontier07075
host=frontier01265
host=frontier05970
allowed=1-2
current_cpu=  2
current_cpu=  1
host=frontier00071
allowed=1-2
current_cpu=  2
allowed=1-2
current_cpu=  2
allowed=1-2
current_cpu=  2
host=frontier03693
allowed=1-2
host=frontier08864
host=frontier08352
allowed=1-2
current_cpu=  2
current_cpu=  1
current_cpu=  2
current_cpu=  1
allowed=1-2
host=frontier06850
current_cpu=  1
allowed=1-2
current_cpu=  2
current_cpu=  1
host=frontier07557
allowed=1-2
allowed=1-2
allowed=1-2
current_cpu=  1
allowed=1-2
allowed=1-2
current_cpu=  2
host=frontier08725
current_cpu=  1
current_cpu=  1
current_cpu=  2
host=frontier04717
allowed=1-2
current_cpu=  2
current_cpu=  1
current_cpu=  1
current_cpu=  2
allowed=1-2
allowed=1-2
allowed=1-2
current_cpu=  1
current_cpu=  2
allowed=1-2
current_cpu=  1
allowed=1-2
current_cpu=  2
current_cpu=  1
current_cpu=  1
allowed=1-2
current_cpu=  2
allowed=1-2
current_cpu=  1
current_cpu=  1
allowed=1-2
allowed=1-2
current_cpu=  2
current_cpu=  1
allowed=1-2
allowed=1-2
current_cpu=  2
current_cpu=  2
current_cpu=  1
allowed=1-2
current_cpu=  2
allowed=1-2
current_cpu=  2
allowed=1-2
allowed=1-2
current_cpu=  2
current_cpu=  1
allowed=1-2
current_cpu=  2
current_cpu=  2
current_cpu=  2
current_cpu=  1
allowed=1-2
current_cpu=  2
current_cpu=  2
allowed=1-2
current_cpu=  2
allowed=1-2
allowed=1-2
current_cpu=  2
current_cpu=  2
allowed=1-2
current_cpu=  1
allowed=1-2
current_cpu=  1
current_cpu=  1
current_cpu=  1
allowed=1-2
current_cpu=  1
allowed=1-2
allowed=1-2
allowed=1-2
current_cpu=  1
current_cpu=  2
current_cpu=  1
current_cpu=  2
allowed=1-2
current_cpu=  1
current_cpu=  2
current_cpu=  1
current_cpu=  2
allowed=1-2
current_cpu=  1
current_cpu=  2
allowed=1-2
current_cpu=  1
current_cpu=  2
allowed=1-2
current_cpu=  2
allowed=1-2
current_cpu=  2
current_cpu=  1
current_cpu=  2
allowed=1-2
current_cpu=  1
current_cpu=  2
current_cpu=  2
allowed=1-2
current_cpu=  2
allowed=1-2
current_cpu=  2
allowed=1-2
current_cpu=  2
allowed=1-2
current_cpu=  1
allowed=1-2
current_cpu=  1
allowed=1-2
current_cpu=  1
current_cpu=  2
current_cpu=  1
current_cpu=  2
current_cpu=  2
current_cpu=  1
allowed=1-2
allowed=1-2
current_cpu=  1
current_cpu=  2
current_cpu=  1
current_cpu=  1
current_cpu=  2
current_cpu=  1
allowed=1-2
current_cpu=  1
current_cpu=  1
allowed=1-2
current_cpu=  2
allowed=1-2
current_cpu=  2
current_cpu=  2
current_cpu=  1
current_cpu=  1
current_cpu=  2
current_cpu=  2
allowed=1-2
current_cpu=  2
current_cpu=  2
current_cpu=  1
allowed=1-2
allowed=1-2
current_cpu=  2
current_cpu=  2
allowed=1-2
allowed=1-2
current_cpu=  2
current_cpu=  2
allowed=1-2
allowed=1-2
current_cpu=  2
current_cpu=  1
current_cpu=  1
allowed=1-2
current_cpu=  1
current_cpu=  2
allowed=1-2
current_cpu=  1
current_cpu=  2
current_cpu=  1
allowed=1-2
allowed=1-2
current_cpu=  1
current_cpu=  1
current_cpu=  1
allowed=1-2
allowed=1-2
current_cpu=  1
current_cpu=  1
allowed=1-2
current_cpu=  1
allowed=1-2
current_cpu=  1
current_cpu=  2
current_cpu=  2
current_cpu=  2
current_cpu=  1
current_cpu=  2
allowed=1-2
allowed=1-2
current_cpu=  2
current_cpu=  1
allowed=1-2
current_cpu=  1
current_cpu=  2
allowed=1-2
current_cpu=  1
current_cpu=  1
current_cpu=  1
allowed=1-2
current_cpu=  2
current_cpu=  2
allowed=1-2
current_cpu=  1
current_cpu=  2
current_cpu=  1
current_cpu=  2
current_cpu=  2
current_cpu=  1
current_cpu=  2
current_cpu=  1
allowed=1-2
current_cpu=  1
current_cpu=  1
current_cpu=  2
allowed=1-2
current_cpu=  1
allowed=1-2
current_cpu=  1
current_cpu=  2
current_cpu=  1
current_cpu=  1
current_cpu=  2
current_cpu=  1
allowed=1-2
current_cpu=  2
current_cpu=  1
allowed=1-2
current_cpu=  1
current_cpu=  2
current_cpu=  1
allowed=1-2
current_cpu=  1
allowed=1-2
current_cpu=  2
allowed=1-2
current_cpu=  2
allowed=1-2
current_cpu=  1
allowed=1-2
current_cpu=  2
current_cpu=  2
allowed=1-2
current_cpu=  1
current_cpu=  2
current_cpu=  2
current_cpu=  1
allowed=1-2
current_cpu=  2
current_cpu=  2
allowed=1-2
current_cpu=  1
current_cpu=  1
current_cpu=  2
allowed=1-2
allowed=1-2
current_cpu=  1
current_cpu=  1
current_cpu=  2
current_cpu=  2
current_cpu=  1
allowed=1-2
current_cpu=  1
current_cpu=  1
allowed=1-2
allowed=1-2
current_cpu=  2
current_cpu=  2
allowed=1-2
allowed=1-2
current_cpu=  2
current_cpu=  2
current_cpu=  1
allowed=1-2
current_cpu=  2
current_cpu=  2
allowed=1-2
allowed=1-2
current_cpu=  2
current_cpu=  2
current_cpu=  2
current_cpu=  1
allowed=1-2
allowed=1-2
current_cpu=  1
current_cpu=  1
allowed=1-2
allowed=1-2
current_cpu=  1
current_cpu=  1
allowed=1-2
current_cpu=  1
current_cpu=  1
current_cpu=  2
allowed=1-2
current_cpu=  1
current_cpu=  2
current_cpu=  1
current_cpu=  2
allowed=1-2
current_cpu=  2
allowed=1-2
current_cpu=  1
current_cpu=  2
current_cpu=  1
current_cpu=  1
current_cpu=  2
current_cpu=  2
current_cpu=  2
current_cpu=  1
allowed=1-2
current_cpu=  2
current_cpu=  1
current_cpu=  1
current_cpu=  2
current_cpu=  2
current_cpu=  1
current_cpu=  2
allowed=1-2
current_cpu=  1
current_cpu=  1
allowed=1-2
current_cpu=  2
current_cpu=  2
allowed=1-2
allowed=1-2
current_cpu=  1
current_cpu=  1
current_cpu=  1
current_cpu=  1
allowed=1-2
current_cpu=  2
current_cpu=  2
current_cpu=  2
current_cpu=  2
allowed=1-2
current_cpu=  1
current_cpu=  1
current_cpu=  2
current_cpu=  2
allowed=1-2
allowed=1-2
current_cpu=  1
current_cpu=  1
allowed=1-2
allowed=1-2
current_cpu=  2
current_cpu=  1
allowed=1-2
allowed=1-2
current_cpu=  2
current_cpu=  2
allowed=1-2
current_cpu=  2
current_cpu=  2
allowed=1-2
current_cpu=  2
current_cpu=  2
allowed=1-2
current_cpu=  1
current_cpu=  2
current_cpu=  1
allowed=1-2
allowed=1-2
current_cpu=  1
current_cpu=  1
current_cpu=  1
allowed=1-2
current_cpu=  1
current_cpu=  2
allowed=1-2
allowed=1-2
current_cpu=  2
current_cpu=  2
allowed=1-2
allowed=1-2
current_cpu=  1
current_cpu=  1
allowed=1-2
allowed=1-2
current_cpu=  1
current_cpu=  1
current_cpu=  1
allowed=1-2
current_cpu=  2
current_cpu=  2
current_cpu=  2
current_cpu=  1
allowed=1-2
current_cpu=  1
current_cpu=  1
allowed=1-2
current_cpu=  1
allowed=1-2
current_cpu=  1
current_cpu=  2
current_cpu=  1
allowed=1-2
current_cpu=  1
current_cpu=  2
allowed=1-2
current_cpu=  2
current_cpu=  1
current_cpu=  2
current_cpu=  1
current_cpu=  2
current_cpu=  1
allowed=1-2
current_cpu=  2
allowed=1-2
current_cpu=  2
current_cpu=  1
current_cpu=  2
current_cpu=  2
current_cpu=  1
allowed=1-2
current_cpu=  2
current_cpu=  2
current_cpu=  2
current_cpu=  2
host=frontier05206
allowed=1-2
allowed=1-2
current_cpu=  2
current_cpu=  2
allowed=1-2
current_cpu=  2
current_cpu=  1
host=frontier07080
current_cpu=  2
allowed=1-2
current_cpu=  2
allowed=1-2
allowed=1-2
current_cpu=  1
current_cpu=  1
host=frontier06853
host=frontier07838
allowed=1-2
allowed=1-2
current_cpu=  2
current_cpu=  2
allowed=1-2
current_cpu=  2
current_cpu=  2
current_cpu=  1
allowed=1-2
allowed=1-2
current_cpu=  2
current_cpu=  1
host=frontier02808
host=frontier01880
allowed=1-2
allowed=1-2
current_cpu=  2
current_cpu=  2
allowed=1-2
allowed=1-2
current_cpu=  2
current_cpu=  2
current_cpu=  2
current_cpu=  1
current_cpu=  1
allowed=1-2
current_cpu=  1
allowed=1-2
current_cpu=  1
allowed=1-2
current_cpu=  2
allowed=1-2
current_cpu=  1
current_cpu=  1
current_cpu=  2
current_cpu=  1
host=frontier07082
current_cpu=  1
allowed=1-2
current_cpu=  2
current_cpu=  2
host=frontier06068
allowed=1-2
current_cpu=  1
current_cpu=  1
current_cpu=  1
current_cpu=  1
current_cpu=  1
host=frontier06347
current_cpu=  1
allowed=1-2
host=frontier08074
current_cpu=  2
allowed=1-2
current_cpu=  2
allowed=1-2
current_cpu=  2
current_cpu=  1
allowed=1-2
host=frontier02815
current_cpu=  1
allowed=1-2
current_cpu=  2
allowed=1-2
current_cpu=  1
current_cpu=  1
current_cpu=  1
allowed=1-2
current_cpu=  1
allowed=1-2
current_cpu=  2
current_cpu=  1
allowed=1-2
allowed=1-2
current_cpu=  2
current_cpu=  1
current_cpu=  2
allowed=1-2
current_cpu=  1
host=frontier07563
allowed=1-2
host=frontier04725
current_cpu=  1
allowed=1-2
current_cpu=  2
allowed=1-2
current_cpu=  2
current_cpu=  2
current_cpu=  1
allowed=1-2
current_cpu=  2
host=frontier06858
allowed=1-2
allowed=1-2
current_cpu=  2
current_cpu=  2
allowed=1-2
allowed=1-2
current_cpu=  1
current_cpu=  2
allowed=1-2
host=frontier02913
current_cpu=  1
allowed=1-2
current_cpu=  2
allowed=1-2
current_cpu=  1
current_cpu=  1
current_cpu=  2
current_cpu=  1
allowed=1-2
allowed=1-2
current_cpu=  2
current_cpu=  2
current_cpu=  1
current_cpu=  1
allowed=1-2
host=frontier01642
current_cpu=  2
allowed=1-2
current_cpu=  1
host=frontier07565
allowed=1-2
current_cpu=  2
current_cpu=  1
allowed=1-2
current_cpu=  1
host=frontier01026
allowed=1-2
allowed=1-2
current_cpu=  2
current_cpu=  2
current_cpu=  2
current_cpu=  2
current_cpu=  2
allowed=1-2
current_cpu=  2
host=frontier08452
allowed=1-2
host=frontier01643
current_cpu=  1
allowed=1-2
current_cpu=  2
host=frontier05370
allowed=1-2
current_cpu=  1
current_cpu=  2
host=frontier03708
allowed=1-2
host=frontier06215
current_cpu=  2
allowed=1-2
current_cpu=  1
current_cpu=  2
allowed=1-2
allowed=1-2
current_cpu=  2
current_cpu=  1
current_cpu=  2
current_cpu=  2
allowed=1-2
allowed=1-2
current_cpu=  1
current_cpu=  2
host=frontier06445
allowed=1-2
allowed=1-2
current_cpu=  1
current_cpu=  1
host=frontier07089
allowed=1-2
host=frontier00795
current_cpu=  2
allowed=1-2
current_cpu=  2
current_cpu=  1
current_cpu=  2
allowed=1-2
current_cpu=  1
host=frontier06216
allowed=1-2
current_cpu=  2
current_cpu=  2
allowed=1-2
current_cpu=  1
host=frontier08454
allowed=1-2
host=frontier07428
current_cpu=  1
allowed=1-2
host=frontier07706
host=frontier07090
allowed=1-2
allowed=1-2
current_cpu=  2
current_cpu=  1
allowed=1-2
host=frontier00796
current_cpu=  2
allowed=1-2
current_cpu=  2
host=frontier03183
allowed=1-2
host=frontier00148
current_cpu=  1
current_cpu=  1
allowed=1-2
host=frontier04581
current_cpu=  2
allowed=1-2
current_cpu=  2
allowed=1-2
current_cpu=  2
host=frontier08597
allowed=1-2
host=frontier04983
current_cpu=  2
allowed=1-2
current_cpu=  2
host=frontier09117
allowed=1-2
host=frontier05931
current_cpu=  1
allowed=1-2
current_cpu=  1
allowed=1-2
current_cpu=  1
current_cpu=  1
current_cpu=  1
current_cpu=  2
host=frontier05580
current_cpu=  2
allowed=1-2
host=frontier06951
current_cpu=  2
allowed=1-2
current_cpu=  1
host=frontier07569
allowed=1-2
host=frontier03184
current_cpu=  2
allowed=1-2
current_cpu=  2
allowed=1-2
current_cpu=  2
host=frontier00149
allowed=1-2
allowed=1-2
current_cpu=  1
current_cpu=  1
current_cpu=  1
host=frontier07228
allowed=1-2
host=frontier01032
current_cpu=  1
allowed=1-2
current_cpu=  2
host=frontier08224
allowed=1-2
host=frontier00005
current_cpu=  1
allowed=1-2
current_cpu=  2
allowed=1-2
current_cpu=  2
current_cpu=  1
current_cpu=  2
host=frontier07092
allowed=1-2
host=frontier07570
current_cpu=  2
allowed=1-2
current_cpu=  2
host=frontier09251
allowed=1-2
host=frontier08599
current_cpu=  1
allowed=1-2
current_cpu=  1
allowed=1-2
current_cpu=  1
host=frontier08740
allowed=1-2
host=frontier00517
current_cpu=  2
allowed=1-2
current_cpu=  2
host=frontier07430
allowed=1-2
host=frontier07229
current_cpu=  1
allowed=1-2
current_cpu=  1
allowed=1-2
current_cpu=  1
allowed=1-2
current_cpu=  2
host=frontier04323
allowed=1-2
host=frontier05717
current_cpu=  1
allowed=1-2
current_cpu=  1
allowed=1-2
current_cpu=  2
host=frontier00151
allowed=1-2
host=frontier08457
current_cpu=  1
allowed=1-2
current_cpu=  1
allowed=1-2
current_cpu=  1
host=frontier03454
allowed=1-2
host=frontier04992
current_cpu=  1
allowed=1-2
current_cpu=  1
current_cpu=  2
host=frontier07431
host=frontier01034
allowed=1-2
allowed=1-2
current_cpu=  2
current_cpu=  1
host=frontier05224
allowed=1-2
allowed=1-2
current_cpu=  1
current_cpu=  1
allowed=1-2
current_cpu=  2
host=frontier07571
allowed=1-2
allowed=1-2
current_cpu=  1
current_cpu=  1
current_cpu=  1
allowed=1-2
current_cpu=  2
allowed=1-2
current_cpu=  1
host=frontier03455
allowed=1-2
host=frontier08458
current_cpu=  2
allowed=1-2
current_cpu=  2
current_cpu=  1
host=frontier05444
allowed=1-2
allowed=1-2
current_cpu=  1
current_cpu=  2
host=frontier00660
allowed=1-2
host=frontier02658
current_cpu=  2
allowed=1-2
current_cpu=  2
host=frontier05937
allowed=1-2
host=frontier01649
current_cpu=  1
allowed=1-2
current_cpu=  1
host=frontier07095
allowed=1-2
host=frontier07945
current_cpu=  1
allowed=1-2
current_cpu=  1
host=frontier01895
allowed=1-2
current_cpu=  1
current_cpu=  1
current_cpu=  1
host=frontier08602
host=frontier00291
allowed=1-2
allowed=1-2
current_cpu=  1
current_cpu=  1
allowed=1-2
host=frontier05226
current_cpu=  2
allowed=1-2
current_cpu=  2
host=frontier02660
allowed=1-2
host=frontier05070
current_cpu=  2
allowed=1-2
current_cpu=  1
allowed=1-2
current_cpu=  1
allowed=1-2
current_cpu=  1
host=frontier08975
allowed=1-2
current_cpu=  1
current_cpu=  2
host=frontier08085
allowed=1-2
host=frontier10128
current_cpu=  2
allowed=1-2
current_cpu=  1
current_cpu=  2
current_cpu=  1
host=frontier07947
allowed=1-2
host=frontier03563
current_cpu=  1
allowed=1-2
current_cpu=  2
current_cpu=  2
current_cpu=  2
host=frontier08834
allowed=1-2
current_cpu=  2
current_cpu=  2
host=frontier02662
allowed=1-2
allowed=1-2
current_cpu=  2
current_cpu=  2
allowed=1-2
host=frontier04077
current_cpu=  2
allowed=1-2
current_cpu=  2
host=frontier00522
allowed=1-2
allowed=1-2
current_cpu=  1
current_cpu=  2
host=frontier07434
host=frontier00663
allowed=1-2
allowed=1-2
current_cpu=  2
current_cpu=  1
allowed=1-2
allowed=1-2
current_cpu=  1
current_cpu=  1
current_cpu=  2
allowed=1-2
current_cpu=  1
allowed=1-2
current_cpu=  2
host=frontier02928
allowed=1-2
host=frontier00031
current_cpu=  1
allowed=1-2
current_cpu=  2
allowed=1-2
current_cpu=  1
host=frontier08604
allowed=1-2
host=frontier09349
current_cpu=  2
allowed=1-2
current_cpu=  1
current_cpu=  1
host=frontier05228
host=frontier07809
allowed=1-2
allowed=1-2
current_cpu=  2
current_cpu=  2
host=frontier00805
host=frontier06453
allowed=1-2
allowed=1-2
current_cpu=  2
current_cpu=  2
host=frontier00295
allowed=1-2
allowed=1-2
current_cpu=  2
current_cpu=  1
current_cpu=  2
host=frontier07949
allowed=1-2
current_cpu=  2
allowed=1-2
current_cpu=  2
current_cpu=  1
host=frontier09350
host=frontier02929
allowed=1-2
allowed=1-2
current_cpu=  2
current_cpu=  2
current_cpu=  2
host=frontier07810
allowed=1-2
host=frontier00156
current_cpu=  1
allowed=1-2
current_cpu=  1
host=frontier04079
allowed=1-2
allowed=1-2
current_cpu=  2
current_cpu=  2
host=frontier05943
current_cpu=  2
allowed=1-2
allowed=1-2
current_cpu=  1
current_cpu=  2
host=frontier08088
allowed=1-2
allowed=1-2
current_cpu=  2
current_cpu=  1
host=frontier06228
allowed=1-2
allowed=1-2
current_cpu=  1
current_cpu=  2
allowed=1-2
allowed=1-2
current_cpu=  1
current_cpu=  1
current_cpu=  2
host=frontier08326
allowed=1-2
host=frontier07101
current_cpu=  1
allowed=1-2
current_cpu=  1
allowed=1-2
current_cpu=  1
host=frontier00157
allowed=1-2
host=frontier00898
current_cpu=  2
allowed=1-2
current_cpu=  1
allowed=1-2
current_cpu=  1
host=frontier07331
allowed=1-2
allowed=1-2
current_cpu=  2
current_cpu=  1
host=frontier05232
host=frontier05452
allowed=1-2
allowed=1-2
current_cpu=  2
current_cpu=  1
host=frontier00386
current_cpu=  2
allowed=1-2
host=frontier04843
current_cpu=  2
allowed=1-2
current_cpu=  1
host=frontier02411
allowed=1-2
host=frontier10133
current_cpu=  2
allowed=1-2
current_cpu=  2
host=frontier06457
allowed=1-2
host=frontier02933
current_cpu=  1
allowed=1-2
current_cpu=  2
current_cpu=  2
current_cpu=  1
allowed=1-2
current_cpu=  2
host=frontier08839
allowed=1-2
host=frontier03567
current_cpu=  2
allowed=1-2
current_cpu=  1
allowed=1-2
current_cpu=  1
current_cpu=  1
host=frontier05240
host=frontier02159
allowed=1-2
allowed=1-2
current_cpu=  1
current_cpu=  1
current_cpu=  2
current_cpu=  2
current_cpu=  1
current_cpu=  2
current_cpu=  2
allowed=1-2
current_cpu=  2
current_cpu=  1
host=frontier01903
host=frontier06090
allowed=1-2
allowed=1-2
current_cpu=  1
current_cpu=  2
host=frontier07813
host=frontier07439
allowed=1-2
allowed=1-2
current_cpu=  2
current_cpu=  1
current_cpu=  1
host=frontier00387
allowed=1-2
host=frontier01048
current_cpu=  2
allowed=1-2
current_cpu=  1
host=frontier04596
allowed=1-2
host=frontier04083
current_cpu=  2
allowed=1-2
current_cpu=  1
allowed=1-2
current_cpu=  2
host=frontier08330
allowed=1-2
host=frontier06313
allowed=1-2
current_cpu=  2
current_cpu=  2
current_cpu=  2
host=frontier08843
host=frontier05948
allowed=1-2
allowed=1-2
current_cpu=  2
current_cpu=  1
current_cpu=  2
allowed=1-2
current_cpu=  2
host=frontier09144
allowed=1-2
allowed=1-2
current_cpu=  1
current_cpu=  1
host=frontier05091
allowed=1-2
allowed=1-2
current_cpu=  2
current_cpu=  2
current_cpu=  2
current_cpu=  1
host=frontier03828
allowed=1-2
host=frontier00389
current_cpu=  2
allowed=1-2
current_cpu=  2
allowed=1-2
current_cpu=  1
host=frontier00162
allowed=1-2
host=frontier09355
current_cpu=  1
allowed=1-2
current_cpu=  1
allowed=1-2
current_cpu=  1
allowed=1-2
current_cpu=  2
current_cpu=  1
host=frontier10136
host=frontier07954
allowed=1-2
allowed=1-2
current_cpu=  1
host=frontier02161
allowed=1-2
allowed=1-2
current_cpu=  1
current_cpu=  2
host=frontier08093
host=frontier07105
allowed=1-2
allowed=1-2
current_cpu=  2
current_cpu=  2
current_cpu=  1
host=frontier06318
allowed=1-2
host=frontier01053
current_cpu=  2
allowed=1-2
current_cpu=  1
allowed=1-2
current_cpu=  2
allowed=1-2
current_cpu=  1
host=frontier06966
allowed=1-2
allowed=1-2
current_cpu=  1
current_cpu=  2
allowed=1-2
host=frontier05950
current_cpu=  2
allowed=1-2
current_cpu=  1
host=frontier01906
allowed=1-2
current_cpu=  1
current_cpu=  1
allowed=1-2
current_cpu=  1
allowed=1-2
current_cpu=  2
host=frontier07442
allowed=1-2
allowed=1-2
current_cpu=  1
current_cpu=  1
current_cpu=  2
allowed=1-2
current_cpu=  2
host=frontier08471
allowed=1-2
host=frontier05952
current_cpu=  2
allowed=1-2
current_cpu=  1
allowed=1-2
current_cpu=  2
current_cpu=  2
allowed=1-2
allowed=1-2
current_cpu=  1
current_cpu=  2
host=frontier04087
host=frontier03830
allowed=1-2
allowed=1-2
current_cpu=  1
current_cpu=  2
allowed=1-2
allowed=1-2
current_cpu=  1
current_cpu=  1
host=frontier00533
host=frontier00164
allowed=1-2
allowed=1-2
current_cpu=  2
current_cpu=  1
allowed=1-2
host=frontier06600
current_cpu=  2
allowed=1-2
current_cpu=  1
current_cpu=  2
allowed=1-2
host=frontier04088
current_cpu=  2
allowed=1-2
current_cpu=  2
current_cpu=  1
current_cpu=  2
host=frontier03574
allowed=1-2
host=frontier06320
current_cpu=  2
allowed=1-2
current_cpu=  1
host=frontier05325
allowed=1-2
allowed=1-2
current_cpu=  2
current_cpu=  2
host=frontier05097
host=frontier00907
allowed=1-2
allowed=1-2
current_cpu=  1
current_cpu=  2
allowed=1-2
host=frontier01509
current_cpu=  2
allowed=1-2
current_cpu=  1
allowed=1-2
current_cpu=  2
allowed=1-2
current_cpu=  2
host=frontier00908
allowed=1-2
host=frontier00676
current_cpu=  2
allowed=1-2
current_cpu=  1
host=frontier07585
allowed=1-2
allowed=1-2
current_cpu=  2
current_cpu=  2
host=frontier03041
allowed=1-2
allowed=1-2
current_cpu=  1
current_cpu=  1
host=frontier06321
allowed=1-2
host=frontier08338
current_cpu=  2
allowed=1-2
current_cpu=  1
allowed=1-2
current_cpu=  1
current_cpu=  1
allowed=1-2
allowed=1-2
current_cpu=  2
current_cpu=  1
allowed=1-2
current_cpu=  1
current_cpu=  2
host=frontier06097
allowed=1-2
allowed=1-2
current_cpu=  2
current_cpu=  1
host=frontier00055
host=frontier04090
allowed=1-2
allowed=1-2
current_cpu=  2
current_cpu=  2
host=frontier06322
host=frontier05466
allowed=1-2
allowed=1-2
current_cpu=  1
current_cpu=  2
host=frontier08474
host=frontier02432
allowed=1-2
allowed=1-2
current_cpu=  1
current_cpu=  1
host=frontier04863
host=frontier08194
allowed=1-2
allowed=1-2
current_cpu=  2
current_cpu=  1
host=frontier06971
host=frontier07681
allowed=1-2
allowed=1-2
current_cpu=  2
current_cpu=  1
host=frontier00677
host=frontier01058
allowed=1-2
allowed=1-2
current_cpu=  2
current_cpu=  1
host=frontier06602
current_cpu=  1
allowed=1-2
host=frontier07820
current_cpu=  2
allowed=1-2
current_cpu=  2
host=frontier07202
allowed=1-2
allowed=1-2
current_cpu=  1
current_cpu=  2
current_cpu=  2
allowed=1-2
current_cpu=  2
current_cpu=  2
current_cpu=  2
allowed=1-2
current_cpu=  1
allowed=1-2
current_cpu=  1
current_cpu=  2
host=frontier00170
allowed=1-2
allowed=1-2
current_cpu=  1
current_cpu=  1
current_cpu=  2
host=frontier04351
host=frontier01762
allowed=1-2
allowed=1-2
current_cpu=  1
current_cpu=  2
allowed=1-2
allowed=1-2
current_cpu=  1
current_cpu=  1
host=frontier05958
current_cpu=  2
allowed=1-2
host=frontier05102
current_cpu=  1
allowed=1-2
current_cpu=  2
host=frontier00059
allowed=1-2
allowed=1-2
current_cpu=  2
current_cpu=  2
current_cpu=  2
host=frontier07822
allowed=1-2
current_cpu=  2
current_cpu=  2
host=frontier06467
allowed=1-2
allowed=1-2
current_cpu=  1
current_cpu=  2
host=frontier07683
host=frontier07448
allowed=1-2
allowed=1-2
current_cpu=  2
current_cpu=  2
host=frontier01515
host=frontier08476
allowed=1-2
allowed=1-2
current_cpu=  2
current_cpu=  2
host=frontier03581
host=frontier01767
allowed=1-2
allowed=1-2
current_cpu=  1
current_cpu=  2
allowed=1-2
current_cpu=  1
current_cpu=  1
allowed=1-2
current_cpu=  1
host=frontier03839
allowed=1-2
host=frontier02783
current_cpu=  2
allowed=1-2
current_cpu=  1
host=frontier07449
allowed=1-2
host=frontier05103
current_cpu=  1
allowed=1-2
current_cpu=  1
host=frontier04699
allowed=1-2
allowed=1-2
current_cpu=  1
current_cpu=  2
host=frontier07343
host=frontier01134
allowed=1-2
allowed=1-2
current_cpu=  2
current_cpu=  2
allowed=1-2
host=frontier05833
current_cpu=  2
allowed=1-2
current_cpu=  1
allowed=1-2
current_cpu=  1
current_cpu=  1
current_cpu=  1
current_cpu=  1
current_cpu=  2
allowed=1-2
current_cpu=  1
current_cpu=  1
host=frontier08343
host=frontier00540
allowed=1-2
allowed=1-2
current_cpu=  1
current_cpu=  1
current_cpu=  2
allowed=1-2
current_cpu=  1
host=frontier07824
allowed=1-2
current_cpu=  1
current_cpu=  1
allowed=1-2
current_cpu=  1
current_cpu=  2
host=frontier02536
host=frontier06189
allowed=1-2
allowed=1-2
current_cpu=  1
current_cpu=  1
allowed=1-2
host=frontier03322
current_cpu=  2
allowed=1-2
current_cpu=  1
host=frontier00774
allowed=1-2
allowed=1-2
current_cpu=  2
current_cpu=  2
host=frontier00260
allowed=1-2
allowed=1-2
current_cpu=  2
current_cpu=  2
host=frontier06328
allowed=1-2
host=frontier04949
current_cpu=  2
allowed=1-2
current_cpu=  2
host=frontier07686
allowed=1-2
host=frontier09367
current_cpu=  1
allowed=1-2
current_cpu=  2
allowed=1-2
current_cpu=  2
current_cpu=  2
host=frontier02018
host=frontier07826
allowed=1-2
allowed=1-2
current_cpu=  2
current_cpu=  2
allowed=1-2
allowed=1-2
current_cpu=  2
current_cpu=  2
host=frontier03682
allowed=1-2
allowed=1-2
current_cpu=  2
current_cpu=  2
allowed=1-2
current_cpu=  1
host=frontier06192
allowed=1-2
current_cpu=  2
current_cpu=  1
host=frontier02019
allowed=1-2
host=frontier01254
current_cpu=  2
allowed=1-2
current_cpu=  1
host=frontier06841
allowed=1-2
allowed=1-2
current_cpu=  1
current_cpu=  2
allowed=1-2
allowed=1-2
current_cpu=  1
current_cpu=  1
host=frontier04950
host=frontier06702
allowed=1-2
allowed=1-2
current_cpu=  2
current_cpu=  1
allowed=1-2
host=frontier04704
current_cpu=  1
allowed=1-2
current_cpu=  1
host=frontier06979
allowed=1-2
host=frontier08856
current_cpu=  2
allowed=1-2
current_cpu=  2
host=frontier00778
allowed=1-2
current_cpu=  1
current_cpu=  1
host=frontier08482
allowed=1-2
host=frontier02538
current_cpu=  2
allowed=1-2
current_cpu=  2
host=frontier09229
allowed=1-2
allowed=1-2
current_cpu=  1
current_cpu=  2
host=frontier08997
host=frontier07209
allowed=1-2
allowed=1-2
current_cpu=  2
current_cpu=  2
host=frontier03683
allowed=1-2
allowed=1-2
current_cpu=  2
current_cpu=  2
host=frontier05690
allowed=1-2
allowed=1-2
current_cpu=  2
current_cpu=  1
current_cpu=  1
host=frontier04705
allowed=1-2
host=frontier08347
current_cpu=  1
allowed=1-2
current_cpu=  2
allowed=1-2
current_cpu=  2
allowed=1-2
current_cpu=  1
allowed=1-2
current_cpu=  2
allowed=1-2
current_cpu=  2
allowed=1-2
current_cpu=  1
host=frontier03061
allowed=1-2
allowed=1-2
current_cpu=  1
current_cpu=  1
host=frontier08484
host=frontier07348
allowed=1-2
allowed=1-2
current_cpu=  2
current_cpu=  1
allowed=1-2
allowed=1-2
current_cpu=  2
current_cpu=  1
host=frontier08719
host=frontier07349
allowed=1-2
allowed=1-2
current_cpu=  2
current_cpu=  2
host=frontier07690
host=frontier07211
allowed=1-2
allowed=1-2
current_cpu=  1
current_cpu=  2
host=frontier00918
host=frontier01774
allowed=1-2
allowed=1-2
current_cpu=  2
current_cpu=  1
host=frontier09090
allowed=1-2
allowed=1-2
current_cpu=  2
current_cpu=  1
current_cpu=  1
host=frontier06704
host=frontier05193
allowed=1-2
allowed=1-2
current_cpu=  2
current_cpu=  1
host=frontier08858
host=frontier06335
allowed=1-2
allowed=1-2
current_cpu=  2
current_cpu=  2
host=frontier06982
current_cpu=  2
allowed=1-2
host=frontier08578
current_cpu=  1
allowed=1-2
current_cpu=  2
host=frontier03948
allowed=1-2
current_cpu=  2
current_cpu=  1
host=frontier07691
allowed=1-2
allowed=1-2
current_cpu=  1
current_cpu=  2
host=frontier06983
host=frontier06846
allowed=1-2
allowed=1-2
current_cpu=  1
current_cpu=  2
host=frontier03690
host=frontier00919
allowed=1-2
allowed=1-2
current_cpu=  2
current_cpu=  1
allowed=1-2
host=frontier07831
current_cpu=  1
allowed=1-2
current_cpu=  1
host=frontier08349
allowed=1-2
host=frontier04457
current_cpu=  2
allowed=1-2
current_cpu=  1
current_cpu=  2
host=frontier08579
current_cpu=  1
allowed=1-2
host=frontier08350
current_cpu=  2
allowed=1-2
current_cpu=  2
host=frontier01264
allowed=1-2
current_cpu=  2
current_cpu=  2
host=frontier07213
allowed=1-2
allowed=1-2
current_cpu=  1
current_cpu=  1
current_cpu=  2
host=frontier04208
allowed=1-2
host=frontier00070
current_cpu=  1
allowed=1-2
current_cpu=  2
allowed=1-2
current_cpu=  1
host=frontier08066
allowed=1-2
allowed=1-2
current_cpu=  2
current_cpu=  1
allowed=1-2
host=frontier07553
current_cpu=  1
allowed=1-2
current_cpu=  2
current_cpu=  2
allowed=1-2
host=frontier08580
current_cpu=  1
allowed=1-2
current_cpu=  1
host=frontier05350
allowed=1-2
allowed=1-2
current_cpu=  2
current_cpu=  1
allowed=1-2
current_cpu=  2
current_cpu=  1
host=frontier08722
allowed=1-2
allowed=1-2
current_cpu=  1
current_cpu=  1
host=frontier08206
host=frontier07833
allowed=1-2
allowed=1-2
current_cpu=  1
current_cpu=  2
host=frontier08067
allowed=1-2
allowed=1-2
current_cpu=  1
current_cpu=  1
host=frontier00783
allowed=1-2
host=frontier08351
current_cpu=  2
allowed=1-2
current_cpu=  1
current_cpu=  2
host=frontier02800
allowed=1-2
allowed=1-2
current_cpu=  2
current_cpu=  2
allowed=1-2
current_cpu=  2
current_cpu=  1
host=frontier07556
host=frontier09235
allowed=1-2
allowed=1-2
current_cpu=  2
current_cpu=  1
host=frontier05696
host=frontier07215
allowed=1-2
allowed=1-2
current_cpu=  2
current_cpu=  1
allowed=1-2
current_cpu=  1
current_cpu=  2
host=frontier08068
allowed=1-2
host=frontier06340
current_cpu=  2
allowed=1-2
current_cpu=  2
host=frontier00268
allowed=1-2
host=frontier03435
current_cpu=  2
allowed=1-2
current_cpu=  1
allowed=1-2
current_cpu=  2
host=frontier07355
allowed=1-2
current_cpu=  2
current_cpu=  2
allowed=1-2
current_cpu=  2
host=frontier04968
allowed=1-2
allowed=1-2
current_cpu=  1
current_cpu=  2
host=frontier08583
allowed=1-2
allowed=1-2
current_cpu=  2
current_cpu=  2
current_cpu=  1
host=frontier00925
host=frontier07216
allowed=1-2
allowed=1-2
current_cpu=  2
current_cpu=  1
allowed=1-2
allowed=1-2
current_cpu=  1
current_cpu=  1
current_cpu=  1
host=frontier03071
allowed=1-2
host=frontier06851
current_cpu=  2
allowed=1-2
current_cpu=  1
host=frontier00271
allowed=1-2
host=frontier08209
current_cpu=  1
allowed=1-2
current_cpu=  2
host=frontier00786
allowed=1-2
host=frontier03953
current_cpu=  2
allowed=1-2
current_cpu=  2
current_cpu=  2
current_cpu=  1
host=frontier01535
allowed=1-2
host=frontier08354
current_cpu=  1
allowed=1-2
current_cpu=  1
host=frontier06342
allowed=1-2
host=frontier04971
current_cpu=  2
allowed=1-2
current_cpu=  2
host=frontier02034
allowed=1-2
host=frontier02806
current_cpu=  2
allowed=1-2
current_cpu=  1
host=frontier09377
allowed=1-2
allowed=1-2
current_cpu=  1
current_cpu=  2
current_cpu=  2
current_cpu=  1
allowed=1-2
current_cpu=  2
current_cpu=  2
current_cpu=  2
host=frontier08071
allowed=1-2
allowed=1-2
current_cpu=  2
current_cpu=  1
host=frontier07218
allowed=1-2
allowed=1-2
current_cpu=  2
current_cpu=  1
allowed=1-2
allowed=1-2
current_cpu=  2
current_cpu=  1
current_cpu=  2
host=frontier06064
allowed=1-2
host=frontier08355
current_cpu=  1
allowed=1-2
current_cpu=  1
host=frontier08586
allowed=1-2
current_cpu=  2
current_cpu=  1
host=frontier06345
allowed=1-2
host=frontier08214
current_cpu=  1
allowed=1-2
current_cpu=  2
allowed=1-2
current_cpu=  1
host=frontier02556
allowed=1-2
host=frontier03441
current_cpu=  1
allowed=1-2
current_cpu=  1
allowed=1-2
current_cpu=  2
allowed=1-2
current_cpu=  1
allowed=1-2
current_cpu=  1
host=frontier08868
allowed=1-2
host=frontier05568
current_cpu=  2
allowed=1-2
current_cpu=  2
host=frontier06067
allowed=1-2
allowed=1-2
current_cpu=  1
current_cpu=  2
host=frontier05358
host=frontier07698
allowed=1-2
allowed=1-2
current_cpu=  1
current_cpu=  2
host=frontier05856
host=frontier05208
allowed=1-2
allowed=1-2
current_cpu=  2
current_cpu=  2
host=frontier03174
current_cpu=  2
allowed=1-2
host=frontier05701
current_cpu=  2
allowed=1-2
current_cpu=  1
current_cpu=  1
current_cpu=  2
host=frontier05359
allowed=1-2
host=frontier00421
current_cpu=  1
allowed=1-2
current_cpu=  1
allowed=1-2
current_cpu=  2
allowed=1-2
current_cpu=  2
host=frontier04216
allowed=1-2
allowed=1-2
current_cpu=  1
current_cpu=  2
allowed=1-2
allowed=1-2
current_cpu=  2
current_cpu=  2
host=frontier08216
current_cpu=  1
allowed=1-2
current_cpu=  1
current_cpu=  1
host=frontier03702
allowed=1-2
host=frontier05211
current_cpu=  2
allowed=1-2
current_cpu=  2
allowed=1-2
current_cpu=  2
allowed=1-2
current_cpu=  2
allowed=1-2
current_cpu=  2
current_cpu=  2
current_cpu=  2
current_cpu=  1
host=frontier05570
host=frontier03443
allowed=1-2
allowed=1-2
current_cpu=  1
current_cpu=  1
host=frontier08591
allowed=1-2
allowed=1-2
current_cpu=  2
current_cpu=  1
host=frontier07361
allowed=1-2
current_cpu=  2
current_cpu=  2
allowed=1-2
current_cpu=  2
host=frontier03444
allowed=1-2
host=frontier01884
current_cpu=  1
allowed=1-2
current_cpu=  1
host=frontier08730
allowed=1-2
host=frontier05704
current_cpu=  1
allowed=1-2
current_cpu=  2
allowed=1-2
current_cpu=  1
allowed=1-2
current_cpu=  2
current_cpu=  1
host=frontier04218
current_cpu=  2
allowed=1-2
allowed=1-2
current_cpu=  2
current_cpu=  2
allowed=1-2
host=frontier08075
current_cpu=  2
allowed=1-2
current_cpu=  1
current_cpu=  2
allowed=1-2
host=frontier03704
current_cpu=  2
allowed=1-2
current_cpu=  2
current_cpu=  2
host=frontier06213
host=frontier01279
allowed=1-2
allowed=1-2
current_cpu=  1
current_cpu=  1
host=frontier00424
allowed=1-2
allowed=1-2
current_cpu=  1
current_cpu=  2
host=frontier07937
allowed=1-2
host=frontier05859
current_cpu=  2
allowed=1-2
current_cpu=  1
host=frontier08963
allowed=1-2
host=frontier10117
current_cpu=  2
allowed=1-2
current_cpu=  2
host=frontier06716
allowed=1-2
current_cpu=  1
current_cpu=  2
host=frontier05364
allowed=1-2
allowed=1-2
current_cpu=  2
current_cpu=  1
host=frontier00653
current_cpu=  2
allowed=1-2
current_cpu=  2
current_cpu=  2
allowed=1-2
current_cpu=  1
host=frontier06073
allowed=1-2
host=frontier07703
current_cpu=  2
allowed=1-2
current_cpu=  2
allowed=1-2
current_cpu=  1
current_cpu=  2
host=frontier06859
host=frontier09110
allowed=1-2
allowed=1-2
current_cpu=  2
current_cpu=  1
allowed=1-2
current_cpu=  2
current_cpu=  2
host=frontier01886
allowed=1-2
current_cpu=  2
current_cpu=  2
allowed=1-2
current_cpu=  2
host=frontier07426
allowed=1-2
host=frontier04814
current_cpu=  2
allowed=1-2
current_cpu=  1
host=frontier10119
allowed=1-2
host=frontier07088
current_cpu=  2
allowed=1-2
current_cpu=  1
host=frontier07939
allowed=1-2
allowed=1-2
current_cpu=  2
current_cpu=  2
host=frontier06352
host=frontier02652
allowed=1-2
allowed=1-2
current_cpu=  1
current_cpu=  1
host=frontier07566
host=frontier08965
allowed=1-2
allowed=1-2
current_cpu=  2
current_cpu=  1
host=frontier08734
host=frontier07225
allowed=1-2
allowed=1-2
current_cpu=  1
current_cpu=  2
host=frontier05217
host=frontier06948
allowed=1-2
allowed=1-2
current_cpu=  2
current_cpu=  2
allowed=1-2
host=frontier08453
current_cpu=  1
allowed=1-2
current_cpu=  2
allowed=1-2
current_cpu=  2
host=frontier10120
allowed=1-2
host=frontier01888
current_cpu=  2
allowed=1-2
current_cpu=  2
host=frontier07705
allowed=1-2
host=frontier02140
current_cpu=  2
allowed=1-2
current_cpu=  2
allowed=1-2
current_cpu=  1
host=frontier07567
allowed=1-2
host=frontier03449
current_cpu=  2
allowed=1-2
current_cpu=  1
host=frontier06580
allowed=1-2
host=frontier08737
current_cpu=  2
allowed=1-2
current_cpu=  1
host=frontier05218
allowed=1-2
host=frontier08968
current_cpu=  1
allowed=1-2
current_cpu=  2
allowed=1-2
current_cpu=  1
allowed=1-2
current_cpu=  1
host=frontier04818
allowed=1-2
allowed=1-2
current_cpu=  2
current_cpu=  1
allowed=1-2
host=frontier08223
current_cpu=  2
allowed=1-2
current_cpu=  2
allowed=1-2
current_cpu=  1
allowed=1-2
current_cpu=  1
host=frontier07227
allowed=1-2
host=frontier09249
current_cpu=  1
allowed=1-2
current_cpu=  2
host=frontier06582
allowed=1-2
allowed=1-2
current_cpu=  2
current_cpu=  1
host=frontier01891
host=frontier03807
allowed=1-2
allowed=1-2
current_cpu=  2
current_cpu=  2
host=frontier10123
host=frontier04069
allowed=1-2
allowed=1-2
current_cpu=  2
current_cpu=  1
allowed=1-2
host=frontier05715
current_cpu=  2
allowed=1-2
current_cpu=  1
host=frontier04582
allowed=1-2
host=frontier04821
current_cpu=  2
allowed=1-2
current_cpu=  1
host=frontier07091
allowed=1-2
host=frontier08598
current_cpu=  2
allowed=1-2
current_cpu=  1
allowed=1-2
current_cpu=  2
host=frontier03451
allowed=1-2
host=frontier09250
current_cpu=  2
allowed=1-2
current_cpu=  1
host=frontier07429
allowed=1-2
host=frontier08739
current_cpu=  1
allowed=1-2
current_cpu=  1
host=frontier06218
allowed=1-2
host=frontier08970
current_cpu=  2
allowed=1-2
current_cpu=  1
host=frontier06078
allowed=1-2
allowed=1-2
current_cpu=  1
current_cpu=  1
host=frontier06219
allowed=1-2
allowed=1-2
current_cpu=  2
current_cpu=  2
allowed=1-2
current_cpu=  2
allowed=1-2
current_cpu=  2
host=frontier04987
allowed=1-2
allowed=1-2
current_cpu=  1
current_cpu=  2
allowed=1-2
host=frontier08082
current_cpu=  2
allowed=1-2
current_cpu=  1
host=frontier07708
allowed=1-2
allowed=1-2
current_cpu=  1
current_cpu=  1
host=frontier06722
host=frontier05440
allowed=1-2
allowed=1-2
current_cpu=  1
current_cpu=  2
host=frontier04583
host=frontier10125
allowed=1-2
allowed=1-2
current_cpu=  1
current_cpu=  1
allowed=1-2
allowed=1-2
current_cpu=  1
current_cpu=  1
host=frontier09122
allowed=1-2
allowed=1-2
current_cpu=  1
current_cpu=  2
host=frontier07944
allowed=1-2
host=frontier08226
current_cpu=  1
allowed=1-2
current_cpu=  2
host=frontier08972
allowed=1-2
allowed=1-2
current_cpu=  2
current_cpu=  1
host=frontier04325
host=frontier00659
allowed=1-2
allowed=1-2
current_cpu=  1
current_cpu=  1
allowed=1-2
host=frontier07230
current_cpu=  1
allowed=1-2
current_cpu=  1
allowed=1-2
current_cpu=  1
allowed=1-2
current_cpu=  1
allowed=1-2
current_cpu=  1
host=frontier08083
allowed=1-2
host=frontier09124
current_cpu=  1
allowed=1-2
current_cpu=  1
host=frontier07432
allowed=1-2
host=frontier06221
current_cpu=  1
allowed=1-2
current_cpu=  1
host=frontier09346
allowed=1-2
host=frontier04587
current_cpu=  1
allowed=1-2
current_cpu=  2
host=frontier07572
allowed=1-2
host=frontier08973
current_cpu=  2
allowed=1-2
current_cpu=  1
allowed=1-2
current_cpu=  2
host=frontier02147
allowed=1-2
allowed=1-2
current_cpu=  2
current_cpu=  1
host=frontier02403
host=frontier05721
allowed=1-2
allowed=1-2
current_cpu=  2
current_cpu=  2
host=frontier08084
host=frontier06724
allowed=1-2
allowed=1-2
current_cpu=  2
current_cpu=  1
host=frontier08601
allowed=1-2
allowed=1-2
current_cpu=  1
current_cpu=  1
host=frontier07232
allowed=1-2
allowed=1-2
current_cpu=  2
current_cpu=  1
host=frontier08833
allowed=1-2
allowed=1-2
current_cpu=  1
current_cpu=  1
allowed=1-2
current_cpu=  2
host=frontier09125
allowed=1-2
allowed=1-2
current_cpu=  1
current_cpu=  2
host=frontier08229
host=frontier04589
allowed=1-2
allowed=1-2
current_cpu=  2
current_cpu=  1
host=frontier02405
allowed=1-2
allowed=1-2
current_cpu=  2
current_cpu=  1
host=frontier07711
allowed=1-2
allowed=1-2
current_cpu=  2
current_cpu=  1
host=frontier06082
allowed=1-2
allowed=1-2
current_cpu=  1
current_cpu=  1
allowed=1-2
current_cpu=  2
host=frontier01039
allowed=1-2
host=frontier06452
current_cpu=  1
allowed=1-2
current_cpu=  1
host=frontier06084
allowed=1-2
host=frontier05941
current_cpu=  1
allowed=1-2
current_cpu=  1
host=frontier08086
allowed=1-2
host=frontier07712
current_cpu=  2
allowed=1-2
current_cpu=  2
allowed=1-2
current_cpu=  2
allowed=1-2
current_cpu=  1
host=frontier01898
allowed=1-2
allowed=1-2
current_cpu=  1
current_cpu=  2
host=frontier04333
allowed=1-2
allowed=1-2
current_cpu=  2
current_cpu=  1
allowed=1-2
current_cpu=  1
host=frontier01393
allowed=1-2
allowed=1-2
current_cpu=  1
current_cpu=  2
host=frontier08087
allowed=1-2
allowed=1-2
current_cpu=  2
current_cpu=  1
host=frontier03564
allowed=1-2
host=frontier04839
current_cpu=  1
allowed=1-2
current_cpu=  1
host=frontier08835
allowed=1-2
host=frontier04078
current_cpu=  1
allowed=1-2
current_cpu=  2
host=frontier07948
allowed=1-2
allowed=1-2
current_cpu=  1
current_cpu=  2
host=frontier02407
host=frontier03821
allowed=1-2
allowed=1-2
current_cpu=  2
current_cpu=  2
allowed=1-2
host=frontier07435
current_cpu=  1
allowed=1-2
current_cpu=  1
host=frontier05587
allowed=1-2
host=frontier06728
current_cpu=  1
allowed=1-2
current_cpu=  2
host=frontier08325
allowed=1-2
host=frontier00296
current_cpu=  1
allowed=1-2
current_cpu=  1
allowed=1-2
current_cpu=  2
allowed=1-2
current_cpu=  2
host=frontier09139
allowed=1-2
host=frontier00032
current_cpu=  2
allowed=1-2
current_cpu=  1
host=frontier08464
allowed=1-2
host=frontier07099
current_cpu=  2
allowed=1-2
current_cpu=  1
host=frontier07436
allowed=1-2
allowed=1-2
current_cpu=  2
current_cpu=  1
host=frontier08837
host=frontier02665
allowed=1-2
allowed=1-2
current_cpu=  2
current_cpu=  2
allowed=1-2
host=frontier08606
current_cpu=  1
allowed=1-2
current_cpu=  2
host=frontier02156
allowed=1-2
host=frontier07577
current_cpu=  2
allowed=1-2
current_cpu=  1
host=frontier05944
allowed=1-2
host=frontier07811
current_cpu=  2
allowed=1-2
current_cpu=  2
host=frontier07950
allowed=1-2
host=frontier06456
current_cpu=  2
allowed=1-2
current_cpu=  1
host=frontier06088
allowed=1-2
host=frontier05591
current_cpu=  2
allowed=1-2
current_cpu=  1
host=frontier06823
allowed=1-2
allowed=1-2
current_cpu=  1
current_cpu=  1
host=frontier04593
host=frontier01396
allowed=1-2
allowed=1-2
current_cpu=  1
current_cpu=  2
host=frontier03823
host=frontier08089
allowed=1-2
allowed=1-2
current_cpu=  1
current_cpu=  2
host=frontier08465
host=frontier05946
allowed=1-2
allowed=1-2
current_cpu=  1
current_cpu=  2
host=frontier06824
host=frontier06593
allowed=1-2
allowed=1-2
current_cpu=  2
current_cpu=  1
host=frontier01655
host=frontier01046
allowed=1-2
allowed=1-2
current_cpu=  1
current_cpu=  2
allowed=1-2
host=frontier01397
current_cpu=  2
allowed=1-2
current_cpu=  2
allowed=1-2
current_cpu=  1
allowed=1-2
current_cpu=  1
allowed=1-2
current_cpu=  1
host=frontier08466
allowed=1-2
allowed=1-2
current_cpu=  2
current_cpu=  1
host=frontier02158
allowed=1-2
allowed=1-2
current_cpu=  1
current_cpu=  2
host=frontier08980
allowed=1-2
host=frontier08328
current_cpu=  1
allowed=1-2
current_cpu=  1
host=frontier01398
allowed=1-2
host=frontier00900
current_cpu=  1
allowed=1-2
current_cpu=  1
allowed=1-2
current_cpu=  1
host=frontier02671
allowed=1-2
host=frontier00668
current_cpu=  1
allowed=1-2
current_cpu=  1
allowed=1-2
current_cpu=  2
host=frontier05089
allowed=1-2
host=frontier08091
current_cpu=  2
allowed=1-2
current_cpu=  1
host=frontier07103
allowed=1-2
host=frontier08842
current_cpu=  2
allowed=1-2
current_cpu=  2
host=frontier07333
allowed=1-2
allowed=1-2
current_cpu=  1
current_cpu=  2
allowed=1-2
host=frontier07579
current_cpu=  1
allowed=1-2
current_cpu=  2
host=frontier07580
allowed=1-2
host=frontier03826
current_cpu=  2
allowed=1-2
current_cpu=  2
host=frontier05458
allowed=1-2
allowed=1-2
current_cpu=  2
current_cpu=  2
host=frontier08613
host=frontier06597
allowed=1-2
allowed=1-2
current_cpu=  1
current_cpu=  1
host=frontier07815
host=frontier07335
allowed=1-2
allowed=1-2
current_cpu=  2
current_cpu=  2
allowed=1-2
host=frontier04085
current_cpu=  2
allowed=1-2
current_cpu=  2
host=frontier09145
allowed=1-2
host=frontier01905
current_cpu=  2
allowed=1-2
current_cpu=  1
allowed=1-2
current_cpu=  1
host=frontier05949
allowed=1-2
host=frontier08844
current_cpu=  2
allowed=1-2
current_cpu=  1
host=frontier01400
allowed=1-2
host=frontier06828
current_cpu=  2
allowed=1-2
current_cpu=  1
host=frontier07441
allowed=1-2
host=frontier07582
current_cpu=  2
allowed=1-2
current_cpu=  2
host=frontier09356
allowed=1-2
allowed=1-2
current_cpu=  1
current_cpu=  1
host=frontier00163
allowed=1-2
allowed=1-2
current_cpu=  1
current_cpu=  2
allowed=1-2
current_cpu=  2
host=frontier05094
allowed=1-2
allowed=1-2
current_cpu=  2
current_cpu=  1
host=frontier08094
host=frontier05598
allowed=1-2
allowed=1-2
current_cpu=  1
current_cpu=  1
host=frontier07107
host=frontier02942
allowed=1-2
allowed=1-2
current_cpu=  1
current_cpu=  2
host=frontier07816
host=frontier06598
allowed=1-2
allowed=1-2
current_cpu=  2
current_cpu=  2
host=frontier00905
allowed=1-2
allowed=1-2
current_cpu=  2
current_cpu=  2
host=frontier06319
allowed=1-2
host=frontier06462
current_cpu=  1
allowed=1-2
current_cpu=  1
host=frontier04850
allowed=1-2
allowed=1-2
current_cpu=  1
current_cpu=  2
host=frontier02421
allowed=1-2
allowed=1-2
current_cpu=  1
current_cpu=  1
allowed=1-2
current_cpu=  1
host=frontier00049
allowed=1-2
host=frontier07443
current_cpu=  1
allowed=1-2
current_cpu=  1
host=frontier05599
allowed=1-2
allowed=1-2
current_cpu=  2
current_cpu=  2
allowed=1-2
allowed=1-2
current_cpu=  2
current_cpu=  1
host=frontier01408
allowed=1-2
allowed=1-2
current_cpu=  2
current_cpu=  2
host=frontier00392
allowed=1-2
host=frontier04602
current_cpu=  2
allowed=1-2
current_cpu=  2
allowed=1-2
current_cpu=  2
host=frontier07109
allowed=1-2
host=frontier08847
current_cpu=  1
allowed=1-2
current_cpu=  1
allowed=1-2
current_cpu=  1
host=frontier06463
allowed=1-2
host=frontier08335
current_cpu=  1
allowed=1-2
current_cpu=  2
host=frontier06096
allowed=1-2
host=frontier07338
current_cpu=  2
allowed=1-2
current_cpu=  1
host=frontier08986
allowed=1-2
host=frontier02422
current_cpu=  1
allowed=1-2
current_cpu=  2
allowed=1-2
current_cpu=  1
host=frontier03831
allowed=1-2
host=frontier03315
current_cpu=  1
allowed=1-2
current_cpu=  2
host=frontier08193
allowed=1-2
allowed=1-2
current_cpu=  2
current_cpu=  2
host=frontier02169
host=frontier01510
allowed=1-2
allowed=1-2
current_cpu=  2
current_cpu=  2
host=frontier00052
host=frontier04345
allowed=1-2
allowed=1-2
current_cpu=  2
current_cpu=  2
host=frontier05601
allowed=1-2
allowed=1-2
current_cpu=  1
current_cpu=  1
host=frontier03575
allowed=1-2
host=frontier04606
current_cpu=  2
allowed=1-2
current_cpu=  2
allowed=1-2
current_cpu=  2
allowed=1-2
current_cpu=  2
host=frontier10140
allowed=1-2
allowed=1-2
current_cpu=  1
current_cpu=  1
allowed=1-2
host=frontier08849
current_cpu=  1
allowed=1-2
current_cpu=  2
host=frontier08707
allowed=1-2
host=frontier06099
current_cpu=  1
allowed=1-2
current_cpu=  1
host=frontier07340
allowed=1-2
allowed=1-2
current_cpu=  2
current_cpu=  2
host=frontier01513
host=frontier03833
allowed=1-2
allowed=1-2
current_cpu=  2
current_cpu=  2
allowed=1-2
host=frontier07111
current_cpu=  2
allowed=1-2
current_cpu=  2
host=frontier04608
allowed=1-2
host=frontier10141
current_cpu=  1
allowed=1-2
current_cpu=  1
allowed=1-2
current_cpu=  1
host=frontier03043
allowed=1-2
host=frontier00394
current_cpu=  2
allowed=1-2
current_cpu=  2
allowed=1-2
current_cpu=  2
allowed=1-2
current_cpu=  2
host=frontier06100
allowed=1-2
allowed=1-2
current_cpu=  2
current_cpu=  2
host=frontier06324
host=frontier07682
allowed=1-2
allowed=1-2
current_cpu=  2
current_cpu=  1
allowed=1-2
host=frontier06972
current_cpu=  2
allowed=1-2
current_cpu=  2
host=frontier04095
allowed=1-2
host=frontier07821
current_cpu=  1
allowed=1-2
current_cpu=  2
allowed=1-2
current_cpu=  1
host=frontier07341
allowed=1-2
host=frontier02012
current_cpu=  2
allowed=1-2
current_cpu=  1
host=frontier06466
allowed=1-2
host=frontier00395
current_cpu=  2
allowed=1-2
current_cpu=  1
host=frontier01765
allowed=1-2
host=frontier05605
current_cpu=  2
allowed=1-2
current_cpu=  2
host=frontier08196
allowed=1-2
host=frontier08709
current_cpu=  1
allowed=1-2
current_cpu=  1
host=frontier08992
allowed=1-2
host=frontier04437
current_cpu=  2
allowed=1-2
current_cpu=  1
host=frontier02013
allowed=1-2
host=frontier07962
current_cpu=  2
allowed=1-2
current_cpu=  1
allowed=1-2
current_cpu=  1
host=frontier05469
allowed=1-2
allowed=1-2
current_cpu=  2
current_cpu=  2
host=frontier04191
host=frontier00400
allowed=1-2
allowed=1-2
current_cpu=  2
current_cpu=  1
host=frontier00911
host=frontier09224
allowed=1-2
allowed=1-2
current_cpu=  2
current_cpu=  1
allowed=1-2
host=frontier05606
current_cpu=  2
allowed=1-2
current_cpu=  1
host=frontier03052
allowed=1-2
host=frontier06326
current_cpu=  2
allowed=1-2
current_cpu=  1
host=frontier05959
allowed=1-2
host=frontier08710
current_cpu=  1
allowed=1-2
current_cpu=  2
host=frontier08197
allowed=1-2
allowed=1-2
current_cpu=  1
current_cpu=  1
host=frontier06975
host=frontier08993
allowed=1-2
allowed=1-2
current_cpu=  1
current_cpu=  1
host=frontier05472
host=frontier07823
allowed=1-2
allowed=1-2
current_cpu=  2
current_cpu=  2
host=frontier06697
host=frontier08852
allowed=1-2
allowed=1-2
current_cpu=  2
current_cpu=  1
allowed=1-2
host=frontier04701
current_cpu=  2
allowed=1-2
current_cpu=  2
host=frontier07964
allowed=1-2
allowed=1-2
current_cpu=  1
current_cpu=  1
host=frontier07451
host=frontier06976
allowed=1-2
allowed=1-2
current_cpu=  1
current_cpu=  1
allowed=1-2
allowed=1-2
current_cpu=  2
current_cpu=  2
host=frontier06187
host=frontier05337
allowed=1-2
allowed=1-2
current_cpu=  2
current_cpu=  1
host=frontier03321
host=frontier00259
allowed=1-2
allowed=1-2
current_cpu=  1
current_cpu=  2
host=frontier00063
allowed=1-2
allowed=1-2
current_cpu=  1
current_cpu=  1
host=frontier02017
allowed=1-2
allowed=1-2
current_cpu=  2
current_cpu=  1
host=frontier03056
allowed=1-2
allowed=1-2
current_cpu=  2
current_cpu=  2
host=frontier07207
allowed=1-2
host=frontier07452
current_cpu=  1
allowed=1-2
current_cpu=  1
host=frontier05836
allowed=1-2
host=frontier08854
current_cpu=  1
allowed=1-2
current_cpu=  1
host=frontier00064
allowed=1-2
host=frontier10148
current_cpu=  2
allowed=1-2
current_cpu=  1
host=frontier06840
allowed=1-2
host=frontier00403
current_cpu=  1
allowed=1-2
current_cpu=  2
allowed=1-2
current_cpu=  1
host=frontier03681
allowed=1-2
host=frontier07965
current_cpu=  1
allowed=1-2
current_cpu=  1
allowed=1-2
current_cpu=  2
allowed=1-2
current_cpu=  2
allowed=1-2
current_cpu=  1
host=frontier02537
allowed=1-2
host=frontier07208
current_cpu=  1
allowed=1-2
current_cpu=  1
host=frontier04443
allowed=1-2
allowed=1-2
current_cpu=  2
current_cpu=  1
host=frontier05683
host=frontier05476
allowed=1-2
allowed=1-2
current_cpu=  2
current_cpu=  2
host=frontier06330
host=frontier05340
allowed=1-2
allowed=1-2
current_cpu=  2
current_cpu=  2
host=frontier06700
host=frontier00404
allowed=1-2
allowed=1-2
current_cpu=  1
current_cpu=  1
host=frontier09228
host=frontier07687
allowed=1-2
allowed=1-2
current_cpu=  1
current_cpu=  1
host=frontier02273
host=frontier06472
allowed=1-2
allowed=1-2
current_cpu=  1
current_cpu=  2
host=frontier06473
host=frontier08717
allowed=1-2
allowed=1-2
current_cpu=  2
current_cpu=  1
allowed=1-2
host=frontier03945
current_cpu=  2
allowed=1-2
current_cpu=  1
allowed=1-2
current_cpu=  2
host=frontier05343
allowed=1-2
allowed=1-2
current_cpu=  2
current_cpu=  2
host=frontier00066
host=frontier08346
allowed=1-2
allowed=1-2
current_cpu=  1
current_cpu=  1
host=frontier05964
allowed=1-2
allowed=1-2
current_cpu=  2
current_cpu=  1
allowed=1-2
current_cpu=  1
host=frontier05109
allowed=1-2
host=frontier04201
current_cpu=  1
allowed=1-2
current_cpu=  2
host=frontier07347
allowed=1-2
allowed=1-2
current_cpu=  1
current_cpu=  2
host=frontier05480
host=frontier00067
allowed=1-2
allowed=1-2
current_cpu=  1
current_cpu=  1
allowed=1-2
allowed=1-2
current_cpu=  2
current_cpu=  1
allowed=1-2
allowed=1-2
current_cpu=  1
current_cpu=  1
allowed=1-2
allowed=1-2
current_cpu=  2
current_cpu=  2
host=frontier00406
host=frontier07829
allowed=1-2
allowed=1-2
current_cpu=  2
current_cpu=  2
host=frontier06194
allowed=1-2
allowed=1-2
current_cpu=  1
current_cpu=  2
host=frontier06844
allowed=1-2
host=frontier05344
current_cpu=  2
allowed=1-2
current_cpu=  1
allowed=1-2
current_cpu=  2
host=frontier00407
allowed=1-2
allowed=1-2
current_cpu=  2
current_cpu=  2
host=frontier08348
host=frontier09371
allowed=1-2
allowed=1-2
current_cpu=  2
current_cpu=  1
host=frontier02543
host=frontier07830
allowed=1-2
allowed=1-2
current_cpu=  2
current_cpu=  1
allowed=1-2
host=frontier02024
current_cpu=  2
allowed=1-2
current_cpu=  2
allowed=1-2
current_cpu=  2
host=frontier04452
allowed=1-2
host=frontier08577
current_cpu=  1
allowed=1-2
current_cpu=  2
allowed=1-2
current_cpu=  1
host=frontier04959
allowed=1-2
host=frontier07456
current_cpu=  1
allowed=1-2
current_cpu=  2
host=frontier02026
allowed=1-2
allowed=1-2
current_cpu=  2
current_cpu=  2
host=frontier07212
allowed=1-2
allowed=1-2
current_cpu=  2
current_cpu=  1
allowed=1-2
current_cpu=  1
host=frontier04207
allowed=1-2
host=frontier03328
current_cpu=  1
allowed=1-2
current_cpu=  2
host=frontier01775
allowed=1-2
allowed=1-2
current_cpu=  1
current_cpu=  1
host=frontier07458
allowed=1-2
allowed=1-2
current_cpu=  2
current_cpu=  1
host=frontier08859
allowed=1-2
host=frontier05842
current_cpu=  2
allowed=1-2
current_cpu=  2
allowed=1-2
current_cpu=  1
host=frontier08204
allowed=1-2
host=frontier01525
current_cpu=  2
allowed=1-2
current_cpu=  2
host=frontier07351
allowed=1-2
host=frontier04460
current_cpu=  1
allowed=1-2
current_cpu=  2
allowed=1-2
current_cpu=  1
allowed=1-2
current_cpu=  1
host=frontier06478
allowed=1-2
host=frontier05969
current_cpu=  2
allowed=1-2
current_cpu=  2
allowed=1-2
current_cpu=  1
host=frontier08721
allowed=1-2
allowed=1-2
current_cpu=  2
current_cpu=  1
host=frontier06847
allowed=1-2
allowed=1-2
current_cpu=  2
current_cpu=  1
host=frontier00266
allowed=1-2
allowed=1-2
current_cpu=  2
current_cpu=  2
allowed=1-2
host=frontier02028
current_cpu=  2
allowed=1-2
current_cpu=  1
host=frontier06339
allowed=1-2
host=frontier00267
current_cpu=  2
allowed=1-2
current_cpu=  1
allowed=1-2
current_cpu=  1
host=frontier03692
allowed=1-2
host=frontier07353
current_cpu=  2
allowed=1-2
current_cpu=  1
host=frontier04461
allowed=1-2
host=frontier07214
current_cpu=  1
allowed=1-2
current_cpu=  1
allowed=1-2
current_cpu=  1
host=frontier05197
allowed=1-2
host=frontier07693
current_cpu=  1
allowed=1-2
current_cpu=  2
allowed=1-2
current_cpu=  2
host=frontier05485
allowed=1-2
host=frontier00921
current_cpu=  2
allowed=1-2
current_cpu=  1
host=frontier09095
allowed=1-2
allowed=1-2
current_cpu=  1
current_cpu=  2
host=frontier05352
host=frontier04965
allowed=1-2
allowed=1-2
current_cpu=  1
current_cpu=  1
allowed=1-2
host=frontier05847
current_cpu=  2
allowed=1-2
current_cpu=  1
host=frontier00131
allowed=1-2
host=frontier08582
current_cpu=  2
allowed=1-2
current_cpu=  1
host=frontier00784
allowed=1-2
host=frontier07694
current_cpu=  2
allowed=1-2
current_cpu=  2
host=frontier02548
allowed=1-2
allowed=1-2
current_cpu=  1
current_cpu=  2
host=frontier07834
allowed=1-2
allowed=1-2
current_cpu=  1
current_cpu=  1
host=frontier06849
allowed=1-2
host=frontier06708
current_cpu=  2
allowed=1-2
current_cpu=  2
host=frontier05487
allowed=1-2
host=frontier00413
current_cpu=  1
allowed=1-2
current_cpu=  1
allowed=1-2
current_cpu=  1
allowed=1-2
current_cpu=  1
allowed=1-2
current_cpu=  2
host=frontier05353
allowed=1-2
host=frontier03952
current_cpu=  1
allowed=1-2
current_cpu=  2
allowed=1-2
current_cpu=  1
host=frontier08724
allowed=1-2
allowed=1-2
current_cpu=  1
current_cpu=  1
allowed=1-2
allowed=1-2
current_cpu=  1
current_cpu=  2
host=frontier05848
allowed=1-2
allowed=1-2
current_cpu=  2
current_cpu=  2
allowed=1-2
current_cpu=  1
host=frontier00134
allowed=1-2
allowed=1-2
current_cpu=  2
current_cpu=  2
allowed=1-2
allowed=1-2
current_cpu=  1
current_cpu=  1
host=frontier00926
host=frontier04213
allowed=1-2
allowed=1-2
current_cpu=  1
current_cpu=  2
host=frontier08070
host=frontier06062
allowed=1-2
allowed=1-2
current_cpu=  1
current_cpu=  1
host=frontier07696
host=frontier07078
allowed=1-2
allowed=1-2
current_cpu=  1
current_cpu=  2
host=frontier06710
host=frontier02284
allowed=1-2
allowed=1-2
current_cpu=  1
current_cpu=  1
allowed=1-2
host=frontier01783
current_cpu=  2
allowed=1-2
current_cpu=  2
host=frontier03697
allowed=1-2
allowed=1-2
current_cpu=  1
current_cpu=  1
allowed=1-2
host=frontier09101
current_cpu=  1
allowed=1-2
current_cpu=  2
host=frontier04972
allowed=1-2
allowed=1-2
current_cpu=  2
current_cpu=  1
allowed=1-2
host=frontier03440
current_cpu=  1
allowed=1-2
current_cpu=  1
allowed=1-2
current_cpu=  2
host=frontier00787
allowed=1-2
host=frontier00135
current_cpu=  1
allowed=1-2
current_cpu=  1
host=frontier08213
allowed=1-2
host=frontier02555
current_cpu=  2
allowed=1-2
current_cpu=  2
allowed=1-2
current_cpu=  1
host=frontier03172
allowed=1-2
allowed=1-2
current_cpu=  2
current_cpu=  2
host=frontier05700
host=frontier04215
allowed=1-2
allowed=1-2
current_cpu=  2
current_cpu=  1
host=frontier07358
host=frontier01270
allowed=1-2
allowed=1-2
current_cpu=  2
current_cpu=  1
allowed=1-2
allowed=1-2
current_cpu=  1
current_cpu=  2
host=frontier06712
host=frontier08727
allowed=1-2
allowed=1-2
current_cpu=  2
current_cpu=  1
allowed=1-2
allowed=1-2
current_cpu=  1
current_cpu=  2
allowed=1-2
host=frontier00137
current_cpu=  2
allowed=1-2
current_cpu=  2
host=frontier02290
allowed=1-2
host=frontier08072
current_cpu=  2
allowed=1-2
current_cpu=  2
host=frontier04721
allowed=1-2
allowed=1-2
current_cpu=  1
current_cpu=  1
host=frontier00139
host=frontier00929
allowed=1-2
allowed=1-2
current_cpu=  2
current_cpu=  2
host=frontier07839
host=frontier02557
allowed=1-2
allowed=1-2
current_cpu=  2
current_cpu=  1
allowed=1-2
host=frontier08215
current_cpu=  2
allowed=1-2
current_cpu=  1
host=frontier08869
allowed=1-2
host=frontier03701
current_cpu=  2
allowed=1-2
current_cpu=  1
host=frontier03957
allowed=1-2
host=frontier07359
current_cpu=  1
allowed=1-2
current_cpu=  2
allowed=1-2
current_cpu=  2
host=frontier05569
allowed=1-2
host=frontier02291
current_cpu=  1
allowed=1-2
current_cpu=  1
host=frontier07220
allowed=1-2
allowed=1-2
current_cpu=  1
current_cpu=  2
host=frontier04723
host=frontier00140
allowed=1-2
allowed=1-2
current_cpu=  2
current_cpu=  2
allowed=1-2
host=frontier08961
current_cpu=  1
allowed=1-2
current_cpu=  1
host=frontier07083
allowed=1-2
host=frontier06574
current_cpu=  2
allowed=1-2
current_cpu=  2
host=frontier07700
allowed=1-2
allowed=1-2
current_cpu=  2
current_cpu=  1
host=frontier06856
host=frontier10115
allowed=1-2
allowed=1-2
current_cpu=  1
current_cpu=  2
allowed=1-2
host=frontier00422
current_cpu=  2
allowed=1-2
current_cpu=  1
allowed=1-2
current_cpu=  1
host=frontier07221
allowed=1-2
host=frontier00423
current_cpu=  2
allowed=1-2
current_cpu=  1
host=frontier03703
allowed=1-2
host=frontier07084
current_cpu=  1
allowed=1-2
current_cpu=  2
host=frontier08217
allowed=1-2
allowed=1-2
current_cpu=  1
current_cpu=  2
allowed=1-2
allowed=1-2
current_cpu=  1
current_cpu=  1
host=frontier08449
host=frontier06857
allowed=1-2
allowed=1-2
current_cpu=  2
current_cpu=  1
allowed=1-2
allowed=1-2
current_cpu=  2
current_cpu=  2
allowed=1-2
allowed=1-2
current_cpu=  1
current_cpu=  1
host=frontier07701
allowed=1-2
allowed=1-2
current_cpu=  2
current_cpu=  1
host=frontier08076
allowed=1-2
host=frontier08732
current_cpu=  2
allowed=1-2
current_cpu=  1
allowed=1-2
current_cpu=  1
host=frontier05214
allowed=1-2
host=frontier09245
current_cpu=  2
allowed=1-2
current_cpu=  1
host=frontier08450
allowed=1-2
allowed=1-2
current_cpu=  2
current_cpu=  1
allowed=1-2
host=frontier08218
current_cpu=  2
allowed=1-2
current_cpu=  2
host=frontier07564
allowed=1-2
allowed=1-2
current_cpu=  2
current_cpu=  1
host=frontier00792
host=frontier07702
allowed=1-2
allowed=1-2
current_cpu=  2
current_cpu=  1
allowed=1-2
allowed=1-2
current_cpu=  1
current_cpu=  1
host=frontier08964
allowed=1-2
allowed=1-2
current_cpu=  2
current_cpu=  2
host=frontier00143
allowed=1-2
host=frontier05215
current_cpu=  2
allowed=1-2
current_cpu=  2
host=frontier08594
allowed=1-2
host=frontier07425
current_cpu=  2
allowed=1-2
current_cpu=  2
host=frontier06578
allowed=1-2
host=frontier05367
current_cpu=  2
allowed=1-2
current_cpu=  1
allowed=1-2
current_cpu=  1
host=frontier08733
allowed=1-2
host=frontier00280
current_cpu=  1
allowed=1-2
current_cpu=  2
host=frontier06717
allowed=1-2
host=frontier10118
current_cpu=  2
allowed=1-2
current_cpu=  2
host=frontier03961
allowed=1-2
allowed=1-2
current_cpu=  2
current_cpu=  1
host=frontier00002
host=frontier00513
allowed=1-2
allowed=1-2
current_cpu=  1
current_cpu=  1
host=frontier04980
host=frontier07940
allowed=1-2
allowed=1-2
current_cpu=  1
current_cpu=  1
host=frontier05577
host=frontier08079
allowed=1-2
allowed=1-2
current_cpu=  2
current_cpu=  1
host=frontier08080
host=frontier05713
allowed=1-2
allowed=1-2
current_cpu=  1
current_cpu=  2
host=frontier03450
host=frontier00286
allowed=1-2
allowed=1-2
current_cpu=  2
current_cpu=  1
host=frontier08081
host=frontier00799
allowed=1-2
allowed=1-2
current_cpu=  1
current_cpu=  2
host=frontier01033
host=frontier01647
allowed=1-2
allowed=1-2
current_cpu=  2
current_cpu=  1
host=frontier05581
host=frontier06954
allowed=1-2
allowed=1-2
current_cpu=  2
current_cpu=  2
host=frontier05718
host=frontier05935
allowed=1-2
allowed=1-2
current_cpu=  1
current_cpu=  1
host=frontier08742
host=frontier04075
allowed=1-2
allowed=1-2
current_cpu=  2
current_cpu=  2
host=frontier06450
host=frontier03819
allowed=1-2
allowed=1-2
current_cpu=  1
current_cpu=  1
host=frontier07573
host=frontier00803
allowed=1-2
allowed=1-2
current_cpu=  2
current_cpu=  2
host=frontier06726
host=frontier08460
allowed=1-2
allowed=1-2
current_cpu=  2
current_cpu=  2
host=frontier04590
host=frontier02151
allowed=1-2
allowed=1-2
current_cpu=  1
current_cpu=  2
host=frontier07098
host=frontier06085
allowed=1-2
allowed=1-2
current_cpu=  2
current_cpu=  2
host=frontier03822
host=frontier01394
allowed=1-2
allowed=1-2
current_cpu=  1
current_cpu=  1
host=frontier00897
host=frontier00527
allowed=1-2
allowed=1-2
current_cpu=  1
current_cpu=  2
host=frontier08838
host=frontier08607
allowed=1-2
allowed=1-2
current_cpu=  2
current_cpu=  2
host=frontier04594
host=frontier07332
allowed=1-2
allowed=1-2
current_cpu=  2
current_cpu=  2
host=frontier07951
host=frontier05947
allowed=1-2
allowed=1-2
current_cpu=  1
current_cpu=  1
host=frontier05457
host=frontier10134
allowed=1-2
allowed=1-2
current_cpu=  2
current_cpu=  1
host=frontier06315
host=frontier04341
allowed=1-2
allowed=1-2
current_cpu=  2
current_cpu=  2
host=frontier04599
host=frontier02420
allowed=1-2
allowed=1-2
current_cpu=  2
current_cpu=  2
host=frontier05823
host=frontier04600
allowed=1-2
allowed=1-2
current_cpu=  1
current_cpu=  1
host=frontier04601
host=frontier06095
allowed=1-2
allowed=1-2
current_cpu=  1
current_cpu=  2
host=frontier05826
host=frontier05600
allowed=1-2
allowed=1-2
current_cpu=  2
current_cpu=  2
host=frontier00675
host=frontier04856
allowed=1-2
allowed=1-2
current_cpu=  2
current_cpu=  1
host=frontier07819
host=frontier04857
allowed=1-2
allowed=1-2
current_cpu=  2
current_cpu=  2
host=frontier07445
host=frontier08990
allowed=1-2
allowed=1-2
current_cpu=  2
current_cpu=  1
host=frontier06465
host=frontier05955
allowed=1-2
allowed=1-2
current_cpu=  1
current_cpu=  1
host=frontier06603
host=frontier08708
allowed=1-2
allowed=1-2
current_cpu=  1
current_cpu=  2
host=frontier05830
host=frontier04698
allowed=1-2
allowed=1-2
current_cpu=  1
current_cpu=  2
host=frontier06836
host=frontier02269
allowed=1-2
allowed=1-2
current_cpu=  2
current_cpu=  2
host=frontier09225
host=frontier00401
allowed=1-2
allowed=1-2
current_cpu=  1
current_cpu=  2
host=frontier05335
host=frontier08711
allowed=1-2
allowed=1-2
current_cpu=  2
current_cpu=  2
host=frontier01768
host=frontier02271
allowed=1-2
allowed=1-2
current_cpu=  1
current_cpu=  2
host=frontier08344
host=frontier08480
allowed=1-2
allowed=1-2
current_cpu=  2
current_cpu=  1
host=frontier05962
host=frontier10149
allowed=1-2
allowed=1-2
current_cpu=  1
current_cpu=  1
host=frontier08481
host=frontier08996
allowed=1-2
allowed=1-2
current_cpu=  2
current_cpu=  2
host=frontier00543
host=frontier00405
allowed=1-2
allowed=1-2
current_cpu=  2
current_cpu=  1
host=frontier02542
host=frontier06703
allowed=1-2
allowed=1-2
current_cpu=  1
current_cpu=  2
host=frontier06845
host=frontier08203
allowed=1-2
allowed=1-2
current_cpu=  2
current_cpu=  1
host=frontier00781
host=frontier08065
allowed=1-2
allowed=1-2
current_cpu=  1
current_cpu=  1
host=frontier02279
host=frontier01776
allowed=1-2
allowed=1-2
current_cpu=  1
current_cpu=  2
host=frontier04209
host=frontier04710
allowed=1-2
allowed=1-2
current_cpu=  2
current_cpu=  1
host=frontier07354
host=frontier01266
allowed=1-2
allowed=1-2
current_cpu=  2
current_cpu=  1
host=frontier03694
host=frontier07077
allowed=1-2
allowed=1-2
current_cpu=  2
current_cpu=  1
host=frontier07558
host=frontier08585
allowed=1-2
allowed=1-2
current_cpu=  1
current_cpu=  2
host=frontier07837
host=frontier00645
allowed=1-2
allowed=1-2
current_cpu=  2
current_cpu=  1
host=frontier09241
host=frontier07560
allowed=1-2
allowed=1-2
current_cpu=  2
current_cpu=  2
host=frontier07561
host=frontier07699
allowed=1-2
allowed=1-2
current_cpu=  2
current_cpu=  1
host=frontier03958
host=frontier00790
allowed=1-2
allowed=1-2
current_cpu=  1
current_cpu=  2
host=frontier03177
host=frontier06070
allowed=1-2
allowed=1-2
current_cpu=  1
current_cpu=  1
host=frontier04728
host=frontier03178
allowed=1-2
allowed=1-2
current_cpu=  2
current_cpu=  1
host=frontier07938
host=frontier01378
allowed=1-2
allowed=1-2
current_cpu=  2
current_cpu=  2
+ echo 'Launching Copper Gracefully On All Nodes : End'
Launching Copper Gracefully On All Nodes : End
+ conda activate /mnt/bb/wcastil/copper_mount/lustre/orion/stf243/world-shared/hagertnl/CUG26/benchmark_builds/python-pytorch/conda_env
+ local cmd=activate
+ case "$cmd" in
+ __conda_activate activate /mnt/bb/wcastil/copper_mount/lustre/orion/stf243/world-shared/hagertnl/CUG26/benchmark_builds/python-pytorch/conda_env
+ '[' -n '' ']'
+ local ask_conda
++ PS1='(base) '
++ __conda_exe shell.posix activate /mnt/bb/wcastil/copper_mount/lustre/orion/stf243/world-shared/hagertnl/CUG26/benchmark_builds/python-pytorch/conda_env
++ /autofs/nccs-svm1_sw/frontier/miniforge3/23.11.0-0/bin/conda shell.posix activate /mnt/bb/wcastil/copper_mount/lustre/orion/stf243/world-shared/hagertnl/CUG26/benchmark_builds/python-pytorch/conda_env
+ ask_conda='. "/autofs/nccs-svm1_sw/frontier/miniforge3/23.11.0-0/etc/conda/deactivate.d/libxml2_deactivate.sh"
. "/autofs/nccs-svm1_sw/frontier/miniforge3/23.11.0-0/etc/conda/deactivate.d/libglib_deactivate.sh"
PS1='\''(/mnt/bb/wcastil/copper_mount/lustre/orion/stf243/world-shared/hagertnl/CUG26/benchmark_builds/python-pytorch/conda_env) '\''
export PATH='\''/mnt/bb/wcastil/copper_mount/lustre/orion/stf243/world-shared/hagertnl/CUG26/benchmark_builds/python-pytorch/conda_env/bin:/autofs/nccs-svm1_sw/frontier/miniforge3/23.11.0-0/condabin:/sw/frontier/lfs-wrapper/0.0.1/bin/lfs:/sw/frontier/miniforge3/23.11.0-0/bin:/opt/cray/libfabric/1.22.0/bin:/opt/rocm-6.4.2/bin:/sw/frontier/spack-envs/cpe25.09-cpu/opt/llvm-amdgpu-6.4.2/darshan-runtime-3.4.7-tvdocpzv3jfj4y6ki5jvmmkics323gon/bin:/opt/cray/pe/mpich/9.0.1/ofi/amd/6.0/bin:/opt/cray/pe/mpich/9.0.1/bin:/opt/cray/pe/perftools/25.09.0/bin:/opt/cray/pe/papi/7.2.0.2/bin:/opt/cray/pe/craype/2.7.35/bin:/sw/frontier/ums/ums046/copper/build:/sw/sources/hpss/bin:/sw/frontier/spack-envs/core-25.03/opt/gcc-13.2/tmux-3.4-fcqqko3j4ga67yuc7zxaqcwsix5hns2v/bin:/opt/clmgr/sbin:/opt/clmgr/bin:/opt/sgi/sbin:/opt/sgi/bin:/sw/frontier/bin:/ccs/home/wcastil/.local/bin:/usr/local/bin:/usr/bin:/bin:/opt/bin:/opt/c3/bin:/usr/lib/mit/bin:/opt/puppetlabs/bin:/opt/cray/pe/bin'\''
export CONDA_PREFIX='\''/mnt/bb/wcastil/copper_mount/lustre/orion/stf243/world-shared/hagertnl/CUG26/benchmark_builds/python-pytorch/conda_env'\''
export CONDA_SHLVL='\''2'\''
export CONDA_DEFAULT_ENV='\''/mnt/bb/wcastil/copper_mount/lustre/orion/stf243/world-shared/hagertnl/CUG26/benchmark_builds/python-pytorch/conda_env'\''
export CONDA_PROMPT_MODIFIER='\''(/mnt/bb/wcastil/copper_mount/lustre/orion/stf243/world-shared/hagertnl/CUG26/benchmark_builds/python-pytorch/conda_env) '\''
export CONDA_PREFIX_1='\''/autofs/nccs-svm1_sw/frontier/miniforge3/23.11.0-0'\''
export CONDA_EXE='\''/autofs/nccs-svm1_sw/frontier/miniforge3/23.11.0-0/bin/conda'\''
export _CE_M='\'''\''
export _CE_CONDA='\'''\''
export CONDA_PYTHON_EXE='\''/autofs/nccs-svm1_sw/frontier/miniforge3/23.11.0-0/bin/python'\'''
+ eval '. "/autofs/nccs-svm1_sw/frontier/miniforge3/23.11.0-0/etc/conda/deactivate.d/libxml2_deactivate.sh"
. "/autofs/nccs-svm1_sw/frontier/miniforge3/23.11.0-0/etc/conda/deactivate.d/libglib_deactivate.sh"
PS1='\''(/mnt/bb/wcastil/copper_mount/lustre/orion/stf243/world-shared/hagertnl/CUG26/benchmark_builds/python-pytorch/conda_env) '\''
export PATH='\''/mnt/bb/wcastil/copper_mount/lustre/orion/stf243/world-shared/hagertnl/CUG26/benchmark_builds/python-pytorch/conda_env/bin:/autofs/nccs-svm1_sw/frontier/miniforge3/23.11.0-0/condabin:/sw/frontier/lfs-wrapper/0.0.1/bin/lfs:/sw/frontier/miniforge3/23.11.0-0/bin:/opt/cray/libfabric/1.22.0/bin:/opt/rocm-6.4.2/bin:/sw/frontier/spack-envs/cpe25.09-cpu/opt/llvm-amdgpu-6.4.2/darshan-runtime-3.4.7-tvdocpzv3jfj4y6ki5jvmmkics323gon/bin:/opt/cray/pe/mpich/9.0.1/ofi/amd/6.0/bin:/opt/cray/pe/mpich/9.0.1/bin:/opt/cray/pe/perftools/25.09.0/bin:/opt/cray/pe/papi/7.2.0.2/bin:/opt/cray/pe/craype/2.7.35/bin:/sw/frontier/ums/ums046/copper/build:/sw/sources/hpss/bin:/sw/frontier/spack-envs/core-25.03/opt/gcc-13.2/tmux-3.4-fcqqko3j4ga67yuc7zxaqcwsix5hns2v/bin:/opt/clmgr/sbin:/opt/clmgr/bin:/opt/sgi/sbin:/opt/sgi/bin:/sw/frontier/bin:/ccs/home/wcastil/.local/bin:/usr/local/bin:/usr/bin:/bin:/opt/bin:/opt/c3/bin:/usr/lib/mit/bin:/opt/puppetlabs/bin:/opt/cray/pe/bin'\''
export CONDA_PREFIX='\''/mnt/bb/wcastil/copper_mount/lustre/orion/stf243/world-shared/hagertnl/CUG26/benchmark_builds/python-pytorch/conda_env'\''
export CONDA_SHLVL='\''2'\''
export CONDA_DEFAULT_ENV='\''/mnt/bb/wcastil/copper_mount/lustre/orion/stf243/world-shared/hagertnl/CUG26/benchmark_builds/python-pytorch/conda_env'\''
export CONDA_PROMPT_MODIFIER='\''(/mnt/bb/wcastil/copper_mount/lustre/orion/stf243/world-shared/hagertnl/CUG26/benchmark_builds/python-pytorch/conda_env) '\''
export CONDA_PREFIX_1='\''/autofs/nccs-svm1_sw/frontier/miniforge3/23.11.0-0'\''
export CONDA_EXE='\''/autofs/nccs-svm1_sw/frontier/miniforge3/23.11.0-0/bin/conda'\''
export _CE_M='\'''\''
export _CE_CONDA='\'''\''
export CONDA_PYTHON_EXE='\''/autofs/nccs-svm1_sw/frontier/miniforge3/23.11.0-0/bin/python'\'''
++ . /autofs/nccs-svm1_sw/frontier/miniforge3/23.11.0-0/etc/conda/deactivate.d/libxml2_deactivate.sh
+++ test -n ''
+++ unset XML_CATALOG_FILES
+++ unset xml_catalog_files_libxml2
++ . /autofs/nccs-svm1_sw/frontier/miniforge3/23.11.0-0/etc/conda/deactivate.d/libglib_deactivate.sh
+++ export GSETTINGS_SCHEMA_DIR=
+++ GSETTINGS_SCHEMA_DIR=
+++ unset GSETTINGS_SCHEMA_DIR_CONDA_BACKUP
+++ '[' -z ']'
+++ unset GSETTINGS_SCHEMA_DIR
++ PS1='(/mnt/bb/wcastil/copper_mount/lustre/orion/stf243/world-shared/hagertnl/CUG26/benchmark_builds/python-pytorch/conda_env) '
++ export PATH=/mnt/bb/wcastil/copper_mount/lustre/orion/stf243/world-shared/hagertnl/CUG26/benchmark_builds/python-pytorch/conda_env/bin:/autofs/nccs-svm1_sw/frontier/miniforge3/23.11.0-0/condabin:/sw/frontier/lfs-wrapper/0.0.1/bin/lfs:/sw/frontier/miniforge3/23.11.0-0/bin:/opt/cray/libfabric/1.22.0/bin:/opt/rocm-6.4.2/bin:/sw/frontier/spack-envs/cpe25.09-cpu/opt/llvm-amdgpu-6.4.2/darshan-runtime-3.4.7-tvdocpzv3jfj4y6ki5jvmmkics323gon/bin:/opt/cray/pe/mpich/9.0.1/ofi/amd/6.0/bin:/opt/cray/pe/mpich/9.0.1/bin:/opt/cray/pe/perftools/25.09.0/bin:/opt/cray/pe/papi/7.2.0.2/bin:/opt/cray/pe/craype/2.7.35/bin:/sw/frontier/ums/ums046/copper/build:/sw/sources/hpss/bin:/sw/frontier/spack-envs/core-25.03/opt/gcc-13.2/tmux-3.4-fcqqko3j4ga67yuc7zxaqcwsix5hns2v/bin:/opt/clmgr/sbin:/opt/clmgr/bin:/opt/sgi/sbin:/opt/sgi/bin:/sw/frontier/bin:/ccs/home/wcastil/.local/bin:/usr/local/bin:/usr/bin:/bin:/opt/bin:/opt/c3/bin:/usr/lib/mit/bin:/opt/puppetlabs/bin:/opt/cray/pe/bin
++ PATH=/mnt/bb/wcastil/copper_mount/lustre/orion/stf243/world-shared/hagertnl/CUG26/benchmark_builds/python-pytorch/conda_env/bin:/autofs/nccs-svm1_sw/frontier/miniforge3/23.11.0-0/condabin:/sw/frontier/lfs-wrapper/0.0.1/bin/lfs:/sw/frontier/miniforge3/23.11.0-0/bin:/opt/cray/libfabric/1.22.0/bin:/opt/rocm-6.4.2/bin:/sw/frontier/spack-envs/cpe25.09-cpu/opt/llvm-amdgpu-6.4.2/darshan-runtime-3.4.7-tvdocpzv3jfj4y6ki5jvmmkics323gon/bin:/opt/cray/pe/mpich/9.0.1/ofi/amd/6.0/bin:/opt/cray/pe/mpich/9.0.1/bin:/opt/cray/pe/perftools/25.09.0/bin:/opt/cray/pe/papi/7.2.0.2/bin:/opt/cray/pe/craype/2.7.35/bin:/sw/frontier/ums/ums046/copper/build:/sw/sources/hpss/bin:/sw/frontier/spack-envs/core-25.03/opt/gcc-13.2/tmux-3.4-fcqqko3j4ga67yuc7zxaqcwsix5hns2v/bin:/opt/clmgr/sbin:/opt/clmgr/bin:/opt/sgi/sbin:/opt/sgi/bin:/sw/frontier/bin:/ccs/home/wcastil/.local/bin:/usr/local/bin:/usr/bin:/bin:/opt/bin:/opt/c3/bin:/usr/lib/mit/bin:/opt/puppetlabs/bin:/opt/cray/pe/bin
++ export CONDA_PREFIX=/mnt/bb/wcastil/copper_mount/lustre/orion/stf243/world-shared/hagertnl/CUG26/benchmark_builds/python-pytorch/conda_env
++ CONDA_PREFIX=/mnt/bb/wcastil/copper_mount/lustre/orion/stf243/world-shared/hagertnl/CUG26/benchmark_builds/python-pytorch/conda_env
++ export CONDA_SHLVL=2
++ CONDA_SHLVL=2
++ export CONDA_DEFAULT_ENV=/mnt/bb/wcastil/copper_mount/lustre/orion/stf243/world-shared/hagertnl/CUG26/benchmark_builds/python-pytorch/conda_env
++ CONDA_DEFAULT_ENV=/mnt/bb/wcastil/copper_mount/lustre/orion/stf243/world-shared/hagertnl/CUG26/benchmark_builds/python-pytorch/conda_env
++ export 'CONDA_PROMPT_MODIFIER=(/mnt/bb/wcastil/copper_mount/lustre/orion/stf243/world-shared/hagertnl/CUG26/benchmark_builds/python-pytorch/conda_env) '
++ CONDA_PROMPT_MODIFIER='(/mnt/bb/wcastil/copper_mount/lustre/orion/stf243/world-shared/hagertnl/CUG26/benchmark_builds/python-pytorch/conda_env) '
++ export CONDA_PREFIX_1=/autofs/nccs-svm1_sw/frontier/miniforge3/23.11.0-0
++ CONDA_PREFIX_1=/autofs/nccs-svm1_sw/frontier/miniforge3/23.11.0-0
++ export CONDA_EXE=/autofs/nccs-svm1_sw/frontier/miniforge3/23.11.0-0/bin/conda
++ CONDA_EXE=/autofs/nccs-svm1_sw/frontier/miniforge3/23.11.0-0/bin/conda
++ export _CE_M=
++ _CE_M=
++ export _CE_CONDA=
++ _CE_CONDA=
++ export CONDA_PYTHON_EXE=/autofs/nccs-svm1_sw/frontier/miniforge3/23.11.0-0/bin/python
++ CONDA_PYTHON_EXE=/autofs/nccs-svm1_sw/frontier/miniforge3/23.11.0-0/bin/python
+ __conda_hashr
+ '[' -n '' ']'
+ '[' -n '' ']'
+ hash -r
+ /usr/bin/time srun --overlap -N 2048 -n 16384 --ntasks-per-node=8 -c 5 python3 -c 'import torch'
5.22user 9.04system 3:28.93elapsed 6%CPU (0avgtext+0avgdata 30720maxresident)k
24inputs+0outputs (0major+10678minor)pagefaults 0swaps
+ sleep 2s
+ /usr/bin/time srun --overlap -N 2048 -n 16384 --ntasks-per-node=8 -c 5 python3 -c 'import torch'
2.22user 4.30system 0:46.72elapsed 13%CPU (0avgtext+0avgdata 29696maxresident)k
0inputs+0outputs (0major+10692minor)pagefaults 0swaps
+ sleep 2s
+ /usr/bin/time srun --overlap -N 2048 -n 16384 --ntasks-per-node=8 -c 5 python3 -c 'import torch'
1.49user 3.04system 0:40.67elapsed 11%CPU (0avgtext+0avgdata 28672maxresident)k
0inputs+0outputs (0major+10682minor)pagefaults 0swaps
+ sleep 2s
+ /usr/bin/time srun --overlap -N 2048 -n 16384 --ntasks-per-node=8 -c 5 python3 -c 'import torch'
1.24user 2.57system 0:38.41elapsed 9%CPU (0avgtext+0avgdata 30720maxresident)k
0inputs+0outputs (0major+10678minor)pagefaults 0swaps
+ sleep 2s
+ /usr/bin/time srun --overlap -N 2048 -n 16384 --ntasks-per-node=8 -c 5 python3 -c 'import torch'
1.08user 2.30system 0:38.24elapsed 8%CPU (0avgtext+0avgdata 28672maxresident)k
0inputs+0outputs (0major+10682minor)pagefaults 0swaps
+ sleep 2s
+ conda deactivate
+ local cmd=deactivate
+ case "$cmd" in
+ __conda_activate deactivate
+ '[' -n '' ']'
+ local ask_conda
++ PS1='(/mnt/bb/wcastil/copper_mount/lustre/orion/stf243/world-shared/hagertnl/CUG26/benchmark_builds/python-pytorch/conda_env) '
++ __conda_exe shell.posix deactivate
++ /autofs/nccs-svm1_sw/frontier/miniforge3/23.11.0-0/bin/conda shell.posix deactivate
+ ask_conda='export PATH='\''/autofs/nccs-svm1_sw/frontier/miniforge3/23.11.0-0/bin:/autofs/nccs-svm1_sw/frontier/miniforge3/23.11.0-0/condabin:/sw/frontier/lfs-wrapper/0.0.1/bin/lfs:/sw/frontier/miniforge3/23.11.0-0/bin:/opt/cray/libfabric/1.22.0/bin:/opt/rocm-6.4.2/bin:/sw/frontier/spack-envs/cpe25.09-cpu/opt/llvm-amdgpu-6.4.2/darshan-runtime-3.4.7-tvdocpzv3jfj4y6ki5jvmmkics323gon/bin:/opt/cray/pe/mpich/9.0.1/ofi/amd/6.0/bin:/opt/cray/pe/mpich/9.0.1/bin:/opt/cray/pe/perftools/25.09.0/bin:/opt/cray/pe/papi/7.2.0.2/bin:/opt/cray/pe/craype/2.7.35/bin:/sw/frontier/ums/ums046/copper/build:/sw/sources/hpss/bin:/sw/frontier/spack-envs/core-25.03/opt/gcc-13.2/tmux-3.4-fcqqko3j4ga67yuc7zxaqcwsix5hns2v/bin:/opt/clmgr/sbin:/opt/clmgr/bin:/opt/sgi/sbin:/opt/sgi/bin:/sw/frontier/bin:/ccs/home/wcastil/.local/bin:/usr/local/bin:/usr/bin:/bin:/opt/bin:/opt/c3/bin:/usr/lib/mit/bin:/opt/puppetlabs/bin:/opt/cray/pe/bin'\''
unset CONDA_PREFIX_1
PS1='\''(base) '\''
export CONDA_PREFIX='\''/autofs/nccs-svm1_sw/frontier/miniforge3/23.11.0-0'\''
export CONDA_SHLVL='\''1'\''
export CONDA_DEFAULT_ENV='\''base'\''
export CONDA_PROMPT_MODIFIER='\''(base) '\''
export CONDA_EXE='\''/autofs/nccs-svm1_sw/frontier/miniforge3/23.11.0-0/bin/conda'\''
export _CE_M='\'''\''
export _CE_CONDA='\'''\''
export CONDA_PYTHON_EXE='\''/autofs/nccs-svm1_sw/frontier/miniforge3/23.11.0-0/bin/python'\''
. "/autofs/nccs-svm1_sw/frontier/miniforge3/23.11.0-0/etc/conda/activate.d/libglib_activate.sh"
. "/autofs/nccs-svm1_sw/frontier/miniforge3/23.11.0-0/etc/conda/activate.d/libxml2_activate.sh"'
+ eval 'export PATH='\''/autofs/nccs-svm1_sw/frontier/miniforge3/23.11.0-0/bin:/autofs/nccs-svm1_sw/frontier/miniforge3/23.11.0-0/condabin:/sw/frontier/lfs-wrapper/0.0.1/bin/lfs:/sw/frontier/miniforge3/23.11.0-0/bin:/opt/cray/libfabric/1.22.0/bin:/opt/rocm-6.4.2/bin:/sw/frontier/spack-envs/cpe25.09-cpu/opt/llvm-amdgpu-6.4.2/darshan-runtime-3.4.7-tvdocpzv3jfj4y6ki5jvmmkics323gon/bin:/opt/cray/pe/mpich/9.0.1/ofi/amd/6.0/bin:/opt/cray/pe/mpich/9.0.1/bin:/opt/cray/pe/perftools/25.09.0/bin:/opt/cray/pe/papi/7.2.0.2/bin:/opt/cray/pe/craype/2.7.35/bin:/sw/frontier/ums/ums046/copper/build:/sw/sources/hpss/bin:/sw/frontier/spack-envs/core-25.03/opt/gcc-13.2/tmux-3.4-fcqqko3j4ga67yuc7zxaqcwsix5hns2v/bin:/opt/clmgr/sbin:/opt/clmgr/bin:/opt/sgi/sbin:/opt/sgi/bin:/sw/frontier/bin:/ccs/home/wcastil/.local/bin:/usr/local/bin:/usr/bin:/bin:/opt/bin:/opt/c3/bin:/usr/lib/mit/bin:/opt/puppetlabs/bin:/opt/cray/pe/bin'\''
unset CONDA_PREFIX_1
PS1='\''(base) '\''
export CONDA_PREFIX='\''/autofs/nccs-svm1_sw/frontier/miniforge3/23.11.0-0'\''
export CONDA_SHLVL='\''1'\''
export CONDA_DEFAULT_ENV='\''base'\''
export CONDA_PROMPT_MODIFIER='\''(base) '\''
export CONDA_EXE='\''/autofs/nccs-svm1_sw/frontier/miniforge3/23.11.0-0/bin/conda'\''
export _CE_M='\'''\''
export _CE_CONDA='\'''\''
export CONDA_PYTHON_EXE='\''/autofs/nccs-svm1_sw/frontier/miniforge3/23.11.0-0/bin/python'\''
. "/autofs/nccs-svm1_sw/frontier/miniforge3/23.11.0-0/etc/conda/activate.d/libglib_activate.sh"
. "/autofs/nccs-svm1_sw/frontier/miniforge3/23.11.0-0/etc/conda/activate.d/libxml2_activate.sh"'
++ export PATH=/autofs/nccs-svm1_sw/frontier/miniforge3/23.11.0-0/bin:/autofs/nccs-svm1_sw/frontier/miniforge3/23.11.0-0/condabin:/sw/frontier/lfs-wrapper/0.0.1/bin/lfs:/sw/frontier/miniforge3/23.11.0-0/bin:/opt/cray/libfabric/1.22.0/bin:/opt/rocm-6.4.2/bin:/sw/frontier/spack-envs/cpe25.09-cpu/opt/llvm-amdgpu-6.4.2/darshan-runtime-3.4.7-tvdocpzv3jfj4y6ki5jvmmkics323gon/bin:/opt/cray/pe/mpich/9.0.1/ofi/amd/6.0/bin:/opt/cray/pe/mpich/9.0.1/bin:/opt/cray/pe/perftools/25.09.0/bin:/opt/cray/pe/papi/7.2.0.2/bin:/opt/cray/pe/craype/2.7.35/bin:/sw/frontier/ums/ums046/copper/build:/sw/sources/hpss/bin:/sw/frontier/spack-envs/core-25.03/opt/gcc-13.2/tmux-3.4-fcqqko3j4ga67yuc7zxaqcwsix5hns2v/bin:/opt/clmgr/sbin:/opt/clmgr/bin:/opt/sgi/sbin:/opt/sgi/bin:/sw/frontier/bin:/ccs/home/wcastil/.local/bin:/usr/local/bin:/usr/bin:/bin:/opt/bin:/opt/c3/bin:/usr/lib/mit/bin:/opt/puppetlabs/bin:/opt/cray/pe/bin
++ PATH=/autofs/nccs-svm1_sw/frontier/miniforge3/23.11.0-0/bin:/autofs/nccs-svm1_sw/frontier/miniforge3/23.11.0-0/condabin:/sw/frontier/lfs-wrapper/0.0.1/bin/lfs:/sw/frontier/miniforge3/23.11.0-0/bin:/opt/cray/libfabric/1.22.0/bin:/opt/rocm-6.4.2/bin:/sw/frontier/spack-envs/cpe25.09-cpu/opt/llvm-amdgpu-6.4.2/darshan-runtime-3.4.7-tvdocpzv3jfj4y6ki5jvmmkics323gon/bin:/opt/cray/pe/mpich/9.0.1/ofi/amd/6.0/bin:/opt/cray/pe/mpich/9.0.1/bin:/opt/cray/pe/perftools/25.09.0/bin:/opt/cray/pe/papi/7.2.0.2/bin:/opt/cray/pe/craype/2.7.35/bin:/sw/frontier/ums/ums046/copper/build:/sw/sources/hpss/bin:/sw/frontier/spack-envs/core-25.03/opt/gcc-13.2/tmux-3.4-fcqqko3j4ga67yuc7zxaqcwsix5hns2v/bin:/opt/clmgr/sbin:/opt/clmgr/bin:/opt/sgi/sbin:/opt/sgi/bin:/sw/frontier/bin:/ccs/home/wcastil/.local/bin:/usr/local/bin:/usr/bin:/bin:/opt/bin:/opt/c3/bin:/usr/lib/mit/bin:/opt/puppetlabs/bin:/opt/cray/pe/bin
++ unset CONDA_PREFIX_1
++ PS1='(base) '
++ export CONDA_PREFIX=/autofs/nccs-svm1_sw/frontier/miniforge3/23.11.0-0
++ CONDA_PREFIX=/autofs/nccs-svm1_sw/frontier/miniforge3/23.11.0-0
++ export CONDA_SHLVL=1
++ CONDA_SHLVL=1
++ export CONDA_DEFAULT_ENV=base
++ CONDA_DEFAULT_ENV=base
++ export 'CONDA_PROMPT_MODIFIER=(base) '
++ CONDA_PROMPT_MODIFIER='(base) '
++ export CONDA_EXE=/autofs/nccs-svm1_sw/frontier/miniforge3/23.11.0-0/bin/conda
++ CONDA_EXE=/autofs/nccs-svm1_sw/frontier/miniforge3/23.11.0-0/bin/conda
++ export _CE_M=
++ _CE_M=
++ export _CE_CONDA=
++ _CE_CONDA=
++ export CONDA_PYTHON_EXE=/autofs/nccs-svm1_sw/frontier/miniforge3/23.11.0-0/bin/python
++ CONDA_PYTHON_EXE=/autofs/nccs-svm1_sw/frontier/miniforge3/23.11.0-0/bin/python
++ . /autofs/nccs-svm1_sw/frontier/miniforge3/23.11.0-0/etc/conda/activate.d/libglib_activate.sh
+++ export GSETTINGS_SCHEMA_DIR_CONDA_BACKUP=
+++ GSETTINGS_SCHEMA_DIR_CONDA_BACKUP=
+++ export GSETTINGS_SCHEMA_DIR=/autofs/nccs-svm1_sw/frontier/miniforge3/23.11.0-0/share/glib-2.0/schemas
+++ GSETTINGS_SCHEMA_DIR=/autofs/nccs-svm1_sw/frontier/miniforge3/23.11.0-0/share/glib-2.0/schemas
++ . /autofs/nccs-svm1_sw/frontier/miniforge3/23.11.0-0/etc/conda/activate.d/libxml2_activate.sh
+++ test -n ''
+++ xml_catalog_files_libxml2=
+++ XML_CATALOG_FILES=
+++ conda_catalog_files=
+++ ifs_libxml2=' 	
'
+++ IFS=' '
+++ rem=/autofs/nccs-svm1_sw/frontier/miniforge3/23.11.0-0
+++ for pre in ${rem}
+++ test '' = /autofs/nccs-svm1_sw/frontier/miniforge3/23.11.0-0
+++ conda_catalog_files=/autofs/nccs-svm1_sw/frontier/miniforge3/23.11.0-0
+++ rem=
+++ IFS=' 	
'
+++ conda_catalog_files='file:///autofs/nccs-svm1_sw/frontier/miniforge3/23.11.0-0/etc/xml/catalog file:///etc/xml/catalog'
+++ export 'XML_CATALOG_FILES=file:///autofs/nccs-svm1_sw/frontier/miniforge3/23.11.0-0/etc/xml/catalog file:///etc/xml/catalog'
+++ XML_CATALOG_FILES='file:///autofs/nccs-svm1_sw/frontier/miniforge3/23.11.0-0/etc/xml/catalog file:///etc/xml/catalog'
+++ unset conda_catalog_files ifs_libxml2 rem
+ __conda_hashr
+ '[' -n '' ']'
+ '[' -n '' ']'
+ hash -r
+ stop_copper.sh -d /lustre/orion/stf243/world-shared/wcastil/Experiments/CUG26/copper_run/logs -v /mnt/bb/wcastil/copper_mount
/var/spool/slurmd/job4352313/slurm_script: line 40: stop_copper.sh: command not found
