
Lmod is automatically replacing "cce/18.0.1" with "amd/6.2.4".


Lmod is automatically replacing "PrgEnv-cray/8.6.0" with "PrgEnv-amd/8.6.0".


Due to MODULEPATH changes, the following have been reloaded:
  1) cray-libsci/24.11.0     2) cray-mpich/8.1.31     3) darshan-runtime/3.4.6-mpi


The following have been reloaded with a version change:
  1) amd/6.2.4 => amd/6.4.2
  2) cray-dsmml/0.3.0 => cray-dsmml/0.3.1
  3) cray-libsci/24.11.0 => cray-libsci/25.09.0
  4) cray-mpich/8.1.31 => cray-mpich/9.0.1
  5) cray-pmi/6.1.15 => cray-pmi/6.1.16
  6) craype/2.7.33 => craype/2.7.35
  7) darshan-runtime/3.4.6-mpi => darshan-runtime/3.4.7-mpi
  8) perftools-base/24.11.0 => perftools-base/25.09.0

Copper loaded: use 'launch_copper' and 'stop_copper'.
COPPER_ROOT: /sw/frontier/ums/ums046/copper
launch_copper points to: /sw/frontier/ums/ums046/copper/build/launch_copper.sh
This script should be sourced! When it is not, it prints out the resulting module set:

Currently Loaded Modules:
  1) craype-x86-trento               14) cpe/25.09
  2) craype-network-ofi              15) amd/6.4.2
  3) xpmem/2.11.3-1.3_gdbda01a1eb3d  16) cray-libsci/25.09.0
  4) Core/25.03                      17) cray-mpich/9.0.1
  5) tmux/3.4                        18) darshan-runtime/3.4.7-mpi (E4S)
  6) hsi/default                     19) rocm/6.4.2
  7) lfs-wrapper/0.0.1               20) libfabric/1.22.0
  8) DefApps                         21) craype-accel-amd-gfx90a
  9) PrgEnv-amd/8.6.0                22) miniforge3/23.11.0-0
 10) cray-dsmml/0.3.1                23) ums/default
 11) cray-pmi/6.1.16                 24) ums046/default
 12) craype/2.7.35                   25) copper/0.1
 13) perftools-base/25.09.0

  Where:
   E4S:  E4S: Extreme-scale Scientific Software Stack (E4S) https://e4s.io/index.html

 

+ '[' -z '' ']'
+ case "$-" in
+ __lmod_vx=x
+ '[' -n x ']'
+ set +x
Shell debugging temporarily silenced: export LMOD_SH_DBG_ON=1 for this output (/opt/cray/pe/lmod/lmod/init/bash)
Shell debugging restarted
+ unset __lmod_vx
+ echo 'Launching Copper Gracefully On All Nodes : Start'
Launching Copper Gracefully On All Nodes : Start
+ echo /sw/frontier/ums/ums046/copper
/sw/frontier/ums/ums046/copper
+ CUPATH=/sw/frontier/ums/ums046/copper/build/cu_fuse
+ CU_FUSE_MNT_VIEWDIR=/tmp/hagertnl/copper
+ facility_address_book=/sw/frontier/ums/ums046/copper/olcf_copper_addressbook.txt
+ log_level=6
+ log_dir=/ccs/home/hagertnl/copper-logs/4203415
+ log_type=file
+ trees=1
+ max_cacheable_byte_size=10485760
+ sleeptime=20
+ physcpubind=57-60
+ net_type=cxi://cxi1
+ getopts l:t:d:T:M:s:b:F:n: opt
+ case ${opt} in
+ sleeptime=30
+ getopts l:t:d:T:M:s:b:F:n: opt
+ case ${opt} in
+ log_dir=/lustre/orion/stf243/world-shared/hagertnl/CUG26/copper_run/python-pytorch/copper_logs/4203415
+ getopts l:t:d:T:M:s:b:F:n: opt
+ echo 'log_level                  : 6'
log_level                  : 6
+ echo 'log_type                   : file'
log_type                   : file
+ echo 'trees                      : 1'
trees                      : 1
+ echo 'max_cacheable_byte_size    : 10485760'
max_cacheable_byte_size    : 10485760
+ echo 'sleeptime                  : 30'
sleeptime                  : 30
+ echo 'CU_FUSE_MNT_VIEWDIR        : /tmp/hagertnl/copper'
CU_FUSE_MNT_VIEWDIR        : /tmp/hagertnl/copper
+ echo 'LOGDIR                     : /lustre/orion/stf243/world-shared/hagertnl/CUG26/copper_run/python-pytorch/copper_logs/4203415'
LOGDIR                     : /lustre/orion/stf243/world-shared/hagertnl/CUG26/copper_run/python-pytorch/copper_logs/4203415
+ echo 'SLURM_NODEFILE             : '
SLURM_NODEFILE             : 
+ echo 'physcpubind                : 57-60'
physcpubind                : 57-60
+ echo 'facility_address_book      : /sw/frontier/ums/ums046/copper/olcf_copper_addressbook.txt'
facility_address_book      : /sw/frontier/ums/ums046/copper/olcf_copper_addressbook.txt
+ echo 'net_type                   : cxi://cxi1'
net_type                   : cxi://cxi1
+ mkdir -p /lustre/orion/stf243/world-shared/hagertnl/CUG26/copper_run/python-pytorch/copper_logs/4203415
+ SLURM_NODEFILE=/lustre/orion/stf243/world-shared/hagertnl/CUG26/copper_run/python-pytorch/copper_logs/4203415/node_file.txt
+ scontrol show hostnames 'frontier[05499,05501,05632,05883,05886,06006,06008,06010,06136,06266,06391,06650,06777-06778,06901,06907-06909,07165,07285,07289-07290,07412,07415-07417,07535,07546-07548,07798-07801,07920,07926-07928,08046,08053-08054,08311-08312,08314,08440,08444,08565-08567,08685,08690-08691,08958,09077-09079,09204,09208,09328-09329,09331,09459-09460,09462]'
+ echo 'Ignore errors below this line related to copper fuse unmount or cleanup if any. '
Ignore errors below this line related to copper fuse unmount or cleanup if any. 
+ clush --hostfile /lustre/orion/stf243/world-shared/hagertnl/CUG26/copper_run/python-pytorch/copper_logs/4203415/node_file.txt 'fusermount3 -u /tmp/hagertnl/copper'
frontier08565: fusermount3: bad mount point /tmp/hagertnl/copper: No such file or directory
clush: frontier08565: exited with exit code 1
frontier07535: fusermount3: bad mount point /tmp/hagertnl/copper: No such file or directory
clush: frontier07535: exited with exit code 1
frontier06006: fusermount3: bad mount point /tmp/hagertnl/copper: No such file or directory
clush: frontier06006: exited with exit code 1
frontier07548: fusermount3: bad mount point /tmp/hagertnl/copper: No such file or directory
clush: frontier07548: exited with exit code 1
frontier06136: fusermount3: bad mount point /tmp/hagertnl/copper: No such file or directory
clush: frontier06136: exited with exit code 1
frontier08440: fusermount3: bad mount point /tmp/hagertnl/copper: No such file or directory
clush: frontier08440: exited with exit code 1
frontier06008: fusermount3: bad mount point /tmp/hagertnl/copper: No such file or directory
clush: frontier06008: exited with exit code 1
frontier05501: fusermount3: bad mount point /tmp/hagertnl/copper: No such file or directory
clush: frontier05501: exited with exit code 1
frontier05886: fusermount3: bad mount point /tmp/hagertnl/copper: No such file or directory
clush: frontier05886: exited with exit code 1
frontier08685: fusermount3: bad mount point /tmp/hagertnl/copper: No such file or directory
clush: frontier08685: exited with exit code 1
frontier07547: fusermount3: bad mount point /tmp/hagertnl/copper: No such file or directory
clush: frontier07547: exited with exit code 1
frontier05883: fusermount3: bad mount point /tmp/hagertnl/copper: No such file or directory
clush: frontier05883: exited with exit code 1
frontier07415: fusermount3: bad mount point /tmp/hagertnl/copper: No such file or directory
clush: frontier07415: exited with exit code 1
frontier08444: fusermount3: bad mount point /tmp/hagertnl/copper: No such file or directory
clush: frontier08444: exited with exit code 1
frontier07417: fusermount3: bad mount point /tmp/hagertnl/copper: No such file or directory
clush: frontier07417: exited with exit code 1
frontier05632: fusermount3: bad mount point /tmp/hagertnl/copper: No such file or directory
clush: frontier05632: exited with exit code 1
frontier08566: fusermount3: bad mount point /tmp/hagertnl/copper: No such file or directory
clush: frontier08566: exited with exit code 1
frontier06266: fusermount3: bad mount point /tmp/hagertnl/copper: No such file or directory
clush: frontier06266: exited with exit code 1
frontier07799: fusermount3: bad mount point /tmp/hagertnl/copper: No such file or directory
clush: frontier07799: exited with exit code 1
frontier07416: fusermount3: bad mount point /tmp/hagertnl/copper: No such file or directory
clush: frontier07416: exited with exit code 1
frontier07412: fusermount3: bad mount point /tmp/hagertnl/copper: No such file or directory
clush: frontier07412: exited with exit code 1
frontier08567: fusermount3: bad mount point /tmp/hagertnl/copper: No such file or directory
clush: frontier08567: exited with exit code 1
frontier06010: fusermount3: bad mount point /tmp/hagertnl/copper: No such file or directory
clush: frontier06010: exited with exit code 1
frontier08314: fusermount3: bad mount point /tmp/hagertnl/copper: No such file or directory
clush: frontier08314: exited with exit code 1
frontier05499: fusermount3: bad mount point /tmp/hagertnl/copper: No such file or directory
clush: frontier05499: exited with exit code 1
frontier06909: fusermount3: bad mount point /tmp/hagertnl/copper: No such file or directory
clush: frontier06909: exited with exit code 1
frontier07546: fusermount3: bad mount point /tmp/hagertnl/copper: No such file or directory
clush: frontier07546: exited with exit code 1
frontier07290: fusermount3: bad mount point /tmp/hagertnl/copper: No such file or directory
clush: frontier07290: exited with exit code 1
frontier08958: fusermount3: bad mount point /tmp/hagertnl/copper: No such file or directory
frontier08691: fusermount3: bad mount point /tmp/hagertnl/copper: No such file or directory
clush: frontier08958: exited with exit code 1
clush: frontier08691: exited with exit code 1
frontier06907: fusermount3: bad mount point /tmp/hagertnl/copper: No such file or directory
clush: frontier06907: exited with exit code 1
frontier07798: fusermount3: bad mount point /tmp/hagertnl/copper: No such file or directory
clush: frontier07798: exited with exit code 1
frontier06777: fusermount3: bad mount point /tmp/hagertnl/copper: No such file or directory
clush: frontier06777: exited with exit code 1
frontier08690: fusermount3: bad mount point /tmp/hagertnl/copper: No such file or directory
clush: frontier08690: exited with exit code 1
frontier09204: fusermount3: bad mount point /tmp/hagertnl/copper: No such file or directory
clush: frontier09204: exited with exit code 1
frontier09328: fusermount3: bad mount point /tmp/hagertnl/copper: No such file or directory
clush: frontier09328: exited with exit code 1
frontier06391: fusermount3: bad mount point /tmp/hagertnl/copper: No such file or directory
frontier07801: fusermount3: bad mount point /tmp/hagertnl/copper: No such file or directory
clush: frontier06391: exited with exit code 1
clush: frontier07801: exited with exit code 1
frontier09208: fusermount3: bad mount point /tmp/hagertnl/copper: No such file or directory
clush: frontier09208: exited with exit code 1
frontier06778: fusermount3: bad mount point /tmp/hagertnl/copper: No such file or directory
clush: frontier06778: exited with exit code 1
frontier07928: fusermount3: bad mount point /tmp/hagertnl/copper: No such file or directory
clush: frontier07928: exited with exit code 1
frontier09078: fusermount3: bad mount point /tmp/hagertnl/copper: No such file or directory
clush: frontier09078: exited with exit code 1
frontier09079: fusermount3: bad mount point /tmp/hagertnl/copper: No such file or directory
clush: frontier09079: exited with exit code 1
frontier07920: fusermount3: bad mount point /tmp/hagertnl/copper: No such file or directory
clush: frontier07920: exited with exit code 1
frontier08046: fusermount3: bad mount point /tmp/hagertnl/copper: No such file or directory
clush: frontier08046: exited with exit code 1
frontier07289: fusermount3: bad mount point /tmp/hagertnl/copper: No such file or directory
clush: frontier07289: exited with exit code 1
frontier08054: fusermount3: bad mount point /tmp/hagertnl/copper: No such file or directory
clush: frontier08054: exited with exit code 1
frontier08312: fusermount3: bad mount point /tmp/hagertnl/copper: No such file or directory
clush: frontier08312: exited with exit code 1
frontier07926: fusermount3: bad mount point /tmp/hagertnl/copper: No such file or directory
clush: frontier07926: exited with exit code 1
frontier09331: fusermount3: entry for /tmp/hagertnl/copper not found in /etc/mtab
clush: frontier09331: exited with exit code 1
frontier09329: fusermount3: bad mount point /tmp/hagertnl/copper: No such file or directory
clush: frontier09329: exited with exit code 1
frontier08053: fusermount3: bad mount point /tmp/hagertnl/copper: No such file or directory
clush: frontier08053: exited with exit code 1
frontier08311: fusermount3: bad mount point /tmp/hagertnl/copper: No such file or directory
clush: frontier08311: exited with exit code 1
frontier07927: fusermount3: bad mount point /tmp/hagertnl/copper: No such file or directory
clush: frontier07927: exited with exit code 1
frontier07285: fusermount3: bad mount point /tmp/hagertnl/copper: No such file or directory
clush: frontier07285: exited with exit code 1
frontier06650: fusermount3: bad mount point /tmp/hagertnl/copper: No such file or directory
clush: frontier06650: exited with exit code 1
frontier09460: fusermount3: bad mount point /tmp/hagertnl/copper: No such file or directory
clush: frontier09460: exited with exit code 1
frontier09459: fusermount3: bad mount point /tmp/hagertnl/copper: No such file or directory
clush: frontier09459: exited with exit code 1
frontier07800: fusermount3: bad mount point /tmp/hagertnl/copper: No such file or directory
clush: frontier07800: exited with exit code 1
frontier09462: fusermount3: entry for /tmp/hagertnl/copper not found in /etc/mtab
clush: frontier09462: exited with exit code 1
frontier09077: fusermount3: bad mount point /tmp/hagertnl/copper: No such file or directory
clush: frontier09077: exited with exit code 1
frontier07165: fusermount3: bad mount point /tmp/hagertnl/copper: No such file or directory
clush: frontier07165: exited with exit code 1
frontier06901: fusermount3: bad mount point /tmp/hagertnl/copper: No such file or directory
clush: frontier06901: exited with exit code 1
frontier06908: fusermount3: bad mount point /tmp/hagertnl/copper: No such file or directory
clush: frontier06908: exited with exit code 1
+ clush --hostfile /lustre/orion/stf243/world-shared/hagertnl/CUG26/copper_run/python-pytorch/copper_logs/4203415/node_file.txt 'rm -rf /tmp/hagertnl/copper'
+ clush --hostfile /lustre/orion/stf243/world-shared/hagertnl/CUG26/copper_run/python-pytorch/copper_logs/4203415/node_file.txt 'mkdir -p /tmp/hagertnl/copper'
+ echo 'Errors below this line are critical - report if any. '
Errors below this line are critical - report if any. 
+ options=' -f -tpath / -vpath /tmp/hagertnl/copper -log_level 6 -log_type file -log_output_dir /lustre/orion/stf243/world-shared/hagertnl/CUG26/copper_run/python-pytorch/copper_logs/4203415 -net_type cxi://cxi1 -trees 1 -nf /lustre/orion/stf243/world-shared/hagertnl/CUG26/copper_run/python-pytorch/copper_logs/4203415/node_file.txt -max_cacheable_byte_size 10485760  -facility_address_book /sw/frontier/ums/ums046/copper/olcf_copper_addressbook.txt -s /tmp/hagertnl/copper'
+ sleep 30s
+ srun -N 64 --ntasks-per-node=1 --cpus-per-task=2 --cpu-bind=threads --network=single_node_vni,job_vni /sw/frontier/ums/ums046/copper/build/cu_fuse -f -tpath / -vpath /tmp/hagertnl/copper -log_level 6 -log_type file -log_output_dir /lustre/orion/stf243/world-shared/hagertnl/CUG26/copper_run/python-pytorch/copper_logs/4203415 -net_type cxi://cxi1 -trees 1 -nf /lustre/orion/stf243/world-shared/hagertnl/CUG26/copper_run/python-pytorch/copper_logs/4203415/node_file.txt -max_cacheable_byte_size 10485760 -facility_address_book /sw/frontier/ums/ums046/copper/olcf_copper_addressbook.txt -s /tmp/hagertnl/copper
2026-03-12 21-12-54.203 [Debug] (cu_hello_main)  
2026-03-12 21-12-54.203 [Info] (cu_hello_main) hostname found to be: frontier07535
2026-03-12 21-12-54.203 [Debug] (process_args) -tpath was found: /
2026-03-12 21-12-54.203 [Debug] (process_args) -vpath was found: /tmp/hagertnl/copper
2026-03-12 21-12-54.203 [Debug] (process_args) -log_level was found: 6
2026-03-12 21-12-54.203 [Debug] (process_args) -log_type was found: file
2026-03-12 21-12-54.203 [Debug] (process_args) -log_output_dir was found: /lustre/orion/stf243/world-shared/hagertnl/CUG26/copper_run/python-pytorch/copper_logs/4203415
2026-03-12 21-12-54.203 [Debug] (process_args) -net_type was found: cxi://cxi1
2026-03-12 21-12-54.203 [Debug] (process_args) -trees was found: 1
2026-03-12 21-12-54.203 [Debug] (process_args) -nf was found: /lustre/orion/stf243/world-shared/hagertnl/CUG26/copper_run/python-pytorch/copper_logs/4203415/node_file.txt
2026-03-12 21-12-54.203 [Debug] (process_args) -max_cacheable_byte_size was found: 10485760
2026-03-12 21-12-54.203 [Debug] (process_args) -facility_address_book was found: /sw/frontier/ums/ums046/copper/olcf_copper_addressbook.txt
2026-03-12 21-12-54.203 [Info] (cu_hello_main) copper address located at path: /lustre/orion/stf243/world-shared/hagertnl/CUG26/copper_run/python-pytorch/copper_logs/4203415/copper_address_book.txt
2026-03-12 21-12-54.203 [Info] (cu_hello_main) facility address book filename path: /sw/frontier/ums/ums046/copper/olcf_copper_addressbook.txt
2026-03-12 21-12-54.203 [Info] (cu_hello_main) output filename path: /lustre/orion/stf243/world-shared/hagertnl/CUG26/copper_run/python-pytorch/copper_logs/4203415/frontier07535-237781-output.log
2026-03-12 21-12-54.205 [Debug] (cu_hello_main)  
2026-03-12 21-12-54.205 [Info] (cu_hello_main) hostname found to be: frontier05499
2026-03-12 21-12-54.205 [Debug] (process_args) -tpath was found: /
2026-03-12 21-12-54.205 [Debug] (process_args) -vpath was found: /tmp/hagertnl/copper
2026-03-12 21-12-54.205 [Debug] (process_args) -log_level was found: 6
2026-03-12 21-12-54.205 [Debug] (process_args) -log_type was found: file
2026-03-12 21-12-54.205 [Debug] (process_args) -log_output_dir was found: /lustre/orion/stf243/world-shared/hagertnl/CUG26/copper_run/python-pytorch/copper_logs/4203415
2026-03-12 21-12-54.205 [Debug] (process_args) -net_type was found: cxi://cxi1
2026-03-12 21-12-54.205 [Debug] (process_args) -trees was found: 1
2026-03-12 21-12-54.205 [Debug] (process_args) -nf was found: /lustre/orion/stf243/world-shared/hagertnl/CUG26/copper_run/python-pytorch/copper_logs/4203415/node_file.txt
2026-03-12 21-12-54.206 [Debug] (process_args) -max_cacheable_byte_size was found: 10485760
2026-03-12 21-12-54.206 [Debug] (process_args) -facility_address_book was found: /sw/frontier/ums/ums046/copper/olcf_copper_addressbook.txt
2026-03-12 21-12-54.206 [Info] (cu_hello_main) copper address located at path: /lustre/orion/stf243/world-shared/hagertnl/CUG26/copper_run/python-pytorch/copper_logs/4203415/copper_address_book.txt
2026-03-12 21-12-54.206 [Info] (cu_hello_main) facility address book filename path: /sw/frontier/ums/ums046/copper/olcf_copper_addressbook.txt
2026-03-12 21-12-54.206 [Info] (cu_hello_main) output filename path: /lustre/orion/stf243/world-shared/hagertnl/CUG26/copper_run/python-pytorch/copper_logs/4203415/frontier05499-1151199-output.log
2026-03-12 21-12-54.206 [Debug] (cu_hello_main)  
2026-03-12 21-12-54.206 [Info] (cu_hello_main) hostname found to be: frontier08691
2026-03-12 21-12-54.206 [Debug] (process_args) -tpath was found: /
2026-03-12 21-12-54.206 [Debug] (process_args) -vpath was found: /tmp/hagertnl/copper
2026-03-12 21-12-54.206 [Debug] (process_args) -log_level was found: 6
2026-03-12 21-12-54.206 [Debug] (process_args) -log_type was found: file
2026-03-12 21-12-54.206 [Debug] (process_args) -log_output_dir was found: /lustre/orion/stf243/world-shared/hagertnl/CUG26/copper_run/python-pytorch/copper_logs/4203415
2026-03-12 21-12-54.206 [Debug] (process_args) -net_type was found: cxi://cxi1
2026-03-12 21-12-54.206 [Debug] (process_args) -trees was found: 1
2026-03-12 21-12-54.206 [Debug] (process_args) -nf was found: /lustre/orion/stf243/world-shared/hagertnl/CUG26/copper_run/python-pytorch/copper_logs/4203415/node_file.txt
2026-03-12 21-12-54.206 [Debug] (process_args) -max_cacheable_byte_size was found: 10485760
2026-03-12 21-12-54.206 [Debug] (process_args) -facility_address_book was found: /sw/frontier/ums/ums046/copper/olcf_copper_addressbook.txt
2026-03-12 21-12-54.206 [Info] (cu_hello_main) copper address located at path: /lustre/orion/stf243/world-shared/hagertnl/CUG26/copper_run/python-pytorch/copper_logs/4203415/copper_address_book.txt
2026-03-12 21-12-54.206 [Info] (cu_hello_main) facility address book filename path: /sw/frontier/ums/ums046/copper/olcf_copper_addressbook.txt
2026-03-12 21-12-54.206 [Info] (cu_hello_main) output filename path: /lustre/orion/stf243/world-shared/hagertnl/CUG26/copper_run/python-pytorch/copper_logs/4203415/frontier08691-2556244-output.log
2026-03-12 21-12-54.208 [Debug] (cu_hello_main)  
2026-03-12 21-12-54.208 [Info] (cu_hello_main) hostname found to be: frontier06391
2026-03-12 21-12-54.208 [Debug] (process_args) -tpath was found: /
2026-03-12 21-12-54.208 [Debug] (process_args) -vpath was found: /tmp/hagertnl/copper
2026-03-12 21-12-54.208 [Debug] (process_args) -log_level was found: 6
2026-03-12 21-12-54.208 [Debug] (process_args) -log_type was found: file
2026-03-12 21-12-54.208 [Debug] (process_args) -log_output_dir was found: /lustre/orion/stf243/world-shared/hagertnl/CUG26/copper_run/python-pytorch/copper_logs/4203415
2026-03-12 21-12-54.208 [Debug] (process_args) -net_type was found: cxi://cxi1
2026-03-12 21-12-54.208 [Debug] (process_args) -trees was found: 1
2026-03-12 21-12-54.208 [Debug] (process_args) -nf was found: /lustre/orion/stf243/world-shared/hagertnl/CUG26/copper_run/python-pytorch/copper_logs/4203415/node_file.txt
2026-03-12 21-12-54.208 [Debug] (process_args) -max_cacheable_byte_size was found: 10485760
2026-03-12 21-12-54.208 [Debug] (process_args) -facility_address_book was found: /sw/frontier/ums/ums046/copper/olcf_copper_addressbook.txt
2026-03-12 21-12-54.208 [Info] (cu_hello_main) copper address located at path: /lustre/orion/stf243/world-shared/hagertnl/CUG26/copper_run/python-pytorch/copper_logs/4203415/copper_address_book.txt
2026-03-12 21-12-54.208 [Info] (cu_hello_main) facility address book filename path: /sw/frontier/ums/ums046/copper/olcf_copper_addressbook.txt
2026-03-12 21-12-54.208 [Info] (cu_hello_main) output filename path: /lustre/orion/stf243/world-shared/hagertnl/CUG26/copper_run/python-pytorch/copper_logs/4203415/frontier06391-1471692-output.log
2026-03-12 21-12-54.211 [Debug] (cu_hello_main)  
2026-03-12 21-12-54.211 [Info] (cu_hello_main) hostname found to be: frontier05886
2026-03-12 21-12-54.211 [Debug] (process_args) -tpath was found: /
2026-03-12 21-12-54.211 [Debug] (process_args) -vpath was found: /tmp/hagertnl/copper
2026-03-12 21-12-54.211 [Debug] (process_args) -log_level was found: 6
2026-03-12 21-12-54.211 [Debug] (process_args) -log_type was found: file
2026-03-12 21-12-54.211 [Debug] (process_args) -log_output_dir was found: /lustre/orion/stf243/world-shared/hagertnl/CUG26/copper_run/python-pytorch/copper_logs/4203415
2026-03-12 21-12-54.211 [Debug] (process_args) -net_type was found: cxi://cxi1
2026-03-12 21-12-54.211 [Debug] (process_args) -trees was found: 1
2026-03-12 21-12-54.211 [Debug] (process_args) -nf was found: /lustre/orion/stf243/world-shared/hagertnl/CUG26/copper_run/python-pytorch/copper_logs/4203415/node_file.txt
2026-03-12 21-12-54.211 [Debug] (process_args) -max_cacheable_byte_size was found: 10485760
2026-03-12 21-12-54.211 [Debug] (process_args) -facility_address_book was found: /sw/frontier/ums/ums046/copper/olcf_copper_addressbook.txt
2026-03-12 21-12-54.211 [Info] (cu_hello_main) copper address located at path: /lustre/orion/stf243/world-shared/hagertnl/CUG26/copper_run/python-pytorch/copper_logs/4203415/copper_address_book.txt
2026-03-12 21-12-54.211 [Info] (cu_hello_main) facility address book filename path: /sw/frontier/ums/ums046/copper/olcf_copper_addressbook.txt
2026-03-12 21-12-54.211 [Info] (cu_hello_main) output filename path: /lustre/orion/stf243/world-shared/hagertnl/CUG26/copper_run/python-pytorch/copper_logs/4203415/frontier05886-213083-output.log
2026-03-12 21-12-54.212 [Debug] (cu_hello_main)  
2026-03-12 21-12-54.212 [Info] (cu_hello_main) hostname found to be: frontier09208
2026-03-12 21-12-54.212 [Debug] (process_args) -tpath was found: /
2026-03-12 21-12-54.212 [Debug] (process_args) -vpath was found: /tmp/hagertnl/copper
2026-03-12 21-12-54.212 [Debug] (process_args) -log_level was found: 6
2026-03-12 21-12-54.212 [Debug] (process_args) -log_type was found: file
2026-03-12 21-12-54.212 [Debug] (process_args) -log_output_dir was found: /lustre/orion/stf243/world-shared/hagertnl/CUG26/copper_run/python-pytorch/copper_logs/4203415
2026-03-12 21-12-54.212 [Debug] (process_args) -net_type was found: cxi://cxi1
2026-03-12 21-12-54.212 [Debug] (process_args) -trees was found: 1
2026-03-12 21-12-54.212 [Debug] (process_args) -nf was found: /lustre/orion/stf243/world-shared/hagertnl/CUG26/copper_run/python-pytorch/copper_logs/4203415/node_file.txt
2026-03-12 21-12-54.212 [Debug] (process_args) -max_cacheable_byte_size was found: 10485760
2026-03-12 21-12-54.212 [Debug] (process_args) -facility_address_book was found: /sw/frontier/ums/ums046/copper/olcf_copper_addressbook.txt
2026-03-12 21-12-54.212 [Info] (cu_hello_main) copper address located at path: /lustre/orion/stf243/world-shared/hagertnl/CUG26/copper_run/python-pytorch/copper_logs/4203415/copper_address_book.txt
2026-03-12 21-12-54.212 [Info] (cu_hello_main) facility address book filename path: /sw/frontier/ums/ums046/copper/olcf_copper_addressbook.txt
2026-03-12 21-12-54.212 [Info] (cu_hello_main) output filename path: /lustre/orion/stf243/world-shared/hagertnl/CUG26/copper_run/python-pytorch/copper_logs/4203415/frontier09208-1539898-output.log
2026-03-12 21-12-54.214 [Debug] (cu_hello_main)  
2026-03-12 21-12-54.214 [Info] (cu_hello_main) hostname found to be: frontier08958
2026-03-12 21-12-54.214 [Debug] (process_args) -tpath was found: /
2026-03-12 21-12-54.214 [Debug] (process_args) -vpath was found: /tmp/hagertnl/copper
2026-03-12 21-12-54.214 [Debug] (process_args) -log_level was found: 6
2026-03-12 21-12-54.214 [Debug] (cu_hello_main)  
2026-03-12 21-12-54.214 [Info] (cu_hello_main) hostname found to be: frontier09331
2026-03-12 21-12-54.214 [Debug] (process_args) -log_type was found: file
2026-03-12 21-12-54.214 [Debug] (process_args) -log_output_dir was found: /lustre/orion/stf243/world-shared/hagertnl/CUG26/copper_run/python-pytorch/copper_logs/4203415
2026-03-12 21-12-54.214 [Debug] (process_args) -net_type was found: cxi://cxi1
2026-03-12 21-12-54.214 [Debug] (process_args) -trees was found: 1
2026-03-12 21-12-54.214 [Debug] (process_args) -nf was found: /lustre/orion/stf243/world-shared/hagertnl/CUG26/copper_run/python-pytorch/copper_logs/4203415/node_file.txt
2026-03-12 21-12-54.215 [Debug] (process_args) -max_cacheable_byte_size was found: 10485760
2026-03-12 21-12-54.215 [Debug] (process_args) -facility_address_book was found: /sw/frontier/ums/ums046/copper/olcf_copper_addressbook.txt
2026-03-12 21-12-54.214 [Debug] (process_args) -tpath was found: /
2026-03-12 21-12-54.214 [Debug] (process_args) -vpath was found: /tmp/hagertnl/copper
2026-03-12 21-12-54.214 [Debug] (process_args) -log_level was found: 6
2026-03-12 21-12-54.214 [Debug] (process_args) -log_type was found: file
2026-03-12 21-12-54.215 [Debug] (process_args) -log_output_dir was found: /lustre/orion/stf243/world-shared/hagertnl/CUG26/copper_run/python-pytorch/copper_logs/4203415
2026-03-12 21-12-54.215 [Debug] (process_args) -net_type was found: cxi://cxi1
2026-03-12 21-12-54.215 [Debug] (process_args) -trees was found: 1
2026-03-12 21-12-54.215 [Info] (cu_hello_main) copper address located at path: /lustre/orion/stf243/world-shared/hagertnl/CUG26/copper_run/python-pytorch/copper_logs/4203415/copper_address_book.txt
2026-03-12 21-12-54.215 [Info] (cu_hello_main) facility address book filename path: /sw/frontier/ums/ums046/copper/olcf_copper_addressbook.txt
2026-03-12 21-12-54.215 [Info] (cu_hello_main) output filename path: /lustre/orion/stf243/world-shared/hagertnl/CUG26/copper_run/python-pytorch/copper_logs/4203415/frontier08958-209615-output.log
2026-03-12 21-12-54.215 [Debug] (process_args) -nf was found: /lustre/orion/stf243/world-shared/hagertnl/CUG26/copper_run/python-pytorch/copper_logs/4203415/node_file.txt
2026-03-12 21-12-54.215 [Debug] (process_args) -max_cacheable_byte_size was found: 10485760
2026-03-12 21-12-54.215 [Debug] (process_args) -facility_address_book was found: /sw/frontier/ums/ums046/copper/olcf_copper_addressbook.txt
2026-03-12 21-12-54.215 [Info] (cu_hello_main) copper address located at path: /lustre/orion/stf243/world-shared/hagertnl/CUG26/copper_run/python-pytorch/copper_logs/4203415/copper_address_book.txt
2026-03-12 21-12-54.215 [Info] (cu_hello_main) facility address book filename path: /sw/frontier/ums/ums046/copper/olcf_copper_addressbook.txt
2026-03-12 21-12-54.215 [Info] (cu_hello_main) output filename path: /lustre/orion/stf243/world-shared/hagertnl/CUG26/copper_run/python-pytorch/copper_logs/4203415/frontier09331-1836261-output.log
2026-03-12 21-12-54.215 [Debug] (cu_hello_main)  
2026-03-12 21-12-54.216 [Info] (cu_hello_main) hostname found to be: frontier07547
2026-03-12 21-12-54.216 [Debug] (process_args) -tpath was found: /
2026-03-12 21-12-54.216 [Debug] (process_args) -vpath was found: /tmp/hagertnl/copper
2026-03-12 21-12-54.216 [Debug] (process_args) -log_level was found: 6
2026-03-12 21-12-54.216 [Debug] (process_args) -log_type was found: file
2026-03-12 21-12-54.216 [Debug] (process_args) -log_output_dir was found: /lustre/orion/stf243/world-shared/hagertnl/CUG26/copper_run/python-pytorch/copper_logs/4203415
2026-03-12 21-12-54.216 [Debug] (process_args) -net_type was found: cxi://cxi1
2026-03-12 21-12-54.216 [Debug] (process_args) -trees was found: 1
2026-03-12 21-12-54.216 [Debug] (process_args) -nf was found: /lustre/orion/stf243/world-shared/hagertnl/CUG26/copper_run/python-pytorch/copper_logs/4203415/node_file.txt
2026-03-12 21-12-54.216 [Debug] (process_args) -max_cacheable_byte_size was found: 10485760
2026-03-12 21-12-54.216 [Debug] (process_args) -facility_address_book was found: /sw/frontier/ums/ums046/copper/olcf_copper_addressbook.txt
2026-03-12 21-12-54.216 [Info] (cu_hello_main) copper address located at path: /lustre/orion/stf243/world-shared/hagertnl/CUG26/copper_run/python-pytorch/copper_logs/4203415/copper_address_book.txt
2026-03-12 21-12-54.216 [Info] (cu_hello_main) facility address book filename path: /sw/frontier/ums/ums046/copper/olcf_copper_addressbook.txt
2026-03-12 21-12-54.216 [Info] (cu_hello_main) output filename path: /lustre/orion/stf243/world-shared/hagertnl/CUG26/copper_run/python-pytorch/copper_logs/4203415/frontier07547-1824867-output.log
2026-03-12 21-12-54.217 [Debug] (cu_hello_main)  
2026-03-12 21-12-54.217 [Info] (cu_hello_main) hostname found to be: frontier06777
2026-03-12 21-12-54.217 [Debug] (process_args) -tpath was found: /
2026-03-12 21-12-54.217 [Debug] (process_args) -vpath was found: /tmp/hagertnl/copper
2026-03-12 21-12-54.217 [Debug] (process_args) -log_level was found: 6
2026-03-12 21-12-54.217 [Debug] (process_args) -log_type was found: file
2026-03-12 21-12-54.217 [Debug] (process_args) -log_output_dir was found: /lustre/orion/stf243/world-shared/hagertnl/CUG26/copper_run/python-pytorch/copper_logs/4203415
2026-03-12 21-12-54.217 [Debug] (process_args) -net_type was found: cxi://cxi1
2026-03-12 21-12-54.217 [Debug] (process_args) -trees was found: 1
2026-03-12 21-12-54.217 [Debug] (process_args) -nf was found: /lustre/orion/stf243/world-shared/hagertnl/CUG26/copper_run/python-pytorch/copper_logs/4203415/node_file.txt
2026-03-12 21-12-54.217 [Debug] (process_args) -max_cacheable_byte_size was found: 10485760
2026-03-12 21-12-54.217 [Debug] (process_args) -facility_address_book was found: /sw/frontier/ums/ums046/copper/olcf_copper_addressbook.txt
2026-03-12 21-12-54.217 [Info] (cu_hello_main) copper address located at path: /lustre/orion/stf243/world-shared/hagertnl/CUG26/copper_run/python-pytorch/copper_logs/4203415/copper_address_book.txt
2026-03-12 21-12-54.217 [Info] (cu_hello_main) facility address book filename path: /sw/frontier/ums/ums046/copper/olcf_copper_addressbook.txt
2026-03-12 21-12-54.217 [Info] (cu_hello_main) output filename path: /lustre/orion/stf243/world-shared/hagertnl/CUG26/copper_run/python-pytorch/copper_logs/4203415/frontier06777-225097-output.log
2026-03-12 21-12-54.218 [Debug] (cu_hello_main)  
2026-03-12 21-12-54.218 [Info] (cu_hello_main) hostname found to be: frontier05883
2026-03-12 21-12-54.218 [Debug] (process_args) -tpath was found: /
2026-03-12 21-12-54.218 [Debug] (process_args) -vpath was found: /tmp/hagertnl/copper
2026-03-12 21-12-54.218 [Debug] (process_args) -log_level was found: 6
2026-03-12 21-12-54.218 [Debug] (process_args) -log_type was found: file
2026-03-12 21-12-54.218 [Debug] (process_args) -log_output_dir was found: /lustre/orion/stf243/world-shared/hagertnl/CUG26/copper_run/python-pytorch/copper_logs/4203415
2026-03-12 21-12-54.218 [Debug] (process_args) -net_type was found: cxi://cxi1
2026-03-12 21-12-54.218 [Debug] (process_args) -trees was found: 1
2026-03-12 21-12-54.218 [Debug] (process_args) -nf was found: /lustre/orion/stf243/world-shared/hagertnl/CUG26/copper_run/python-pytorch/copper_logs/4203415/node_file.txt
2026-03-12 21-12-54.218 [Debug] (process_args) -max_cacheable_byte_size was found: 10485760
2026-03-12 21-12-54.218 [Debug] (process_args) -facility_address_book was found: /sw/frontier/ums/ums046/copper/olcf_copper_addressbook.txt
2026-03-12 21-12-54.218 [Info] (cu_hello_main) copper address located at path: /lustre/orion/stf243/world-shared/hagertnl/CUG26/copper_run/python-pytorch/copper_logs/4203415/copper_address_book.txt
2026-03-12 21-12-54.218 [Info] (cu_hello_main) facility address book filename path: /sw/frontier/ums/ums046/copper/olcf_copper_addressbook.txt
2026-03-12 21-12-54.218 [Info] (cu_hello_main) output filename path: /lustre/orion/stf243/world-shared/hagertnl/CUG26/copper_run/python-pytorch/copper_logs/4203415/frontier05883-214105-output.log
2026-03-12 21-12-54.218 [Debug] (cu_hello_main)  
2026-03-12 21-12-54.218 [Info] (cu_hello_main) hostname found to be: frontier06008
2026-03-12 21-12-54.218 [Debug] (process_args) -tpath was found: /
2026-03-12 21-12-54.218 [Debug] (process_args) -vpath was found: /tmp/hagertnl/copper
2026-03-12 21-12-54.218 [Debug] (process_args) -log_level was found: 6
2026-03-12 21-12-54.218 [Debug] (process_args) -log_type was found: file
2026-03-12 21-12-54.218 [Debug] (process_args) -log_output_dir was found: /lustre/orion/stf243/world-shared/hagertnl/CUG26/copper_run/python-pytorch/copper_logs/4203415
2026-03-12 21-12-54.218 [Debug] (process_args) -net_type was found: cxi://cxi1
2026-03-12 21-12-54.218 [Debug] (process_args) -trees was found: 1
2026-03-12 21-12-54.218 [Debug] (process_args) -nf was found: /lustre/orion/stf243/world-shared/hagertnl/CUG26/copper_run/python-pytorch/copper_logs/4203415/node_file.txt
2026-03-12 21-12-54.218 [Debug] (process_args) -max_cacheable_byte_size was found: 10485760
2026-03-12 21-12-54.218 [Debug] (process_args) -facility_address_book was found: /sw/frontier/ums/ums046/copper/olcf_copper_addressbook.txt
2026-03-12 21-12-54.218 [Info] (cu_hello_main) copper address located at path: /lustre/orion/stf243/world-shared/hagertnl/CUG26/copper_run/python-pytorch/copper_logs/4203415/copper_address_book.txt
2026-03-12 21-12-54.218 [Info] (cu_hello_main) facility address book filename path: /sw/frontier/ums/ums046/copper/olcf_copper_addressbook.txt
2026-03-12 21-12-54.218 [Info] (cu_hello_main) output filename path: /lustre/orion/stf243/world-shared/hagertnl/CUG26/copper_run/python-pytorch/copper_logs/4203415/frontier06008-4090240-output.log
2026-03-12 21-12-54.218 [Debug] (cu_hello_main)  
2026-03-12 21-12-54.219 [Info] (cu_hello_main) hostname found to be: frontier06909
2026-03-12 21-12-54.219 [Debug] (process_args) -tpath was found: /
2026-03-12 21-12-54.219 [Debug] (process_args) -vpath was found: /tmp/hagertnl/copper
2026-03-12 21-12-54.219 [Debug] (process_args) -log_level was found: 6
2026-03-12 21-12-54.219 [Debug] (process_args) -log_type was found: file
2026-03-12 21-12-54.219 [Debug] (process_args) -log_output_dir was found: /lustre/orion/stf243/world-shared/hagertnl/CUG26/copper_run/python-pytorch/copper_logs/4203415
2026-03-12 21-12-54.219 [Debug] (process_args) -net_type was found: cxi://cxi1
2026-03-12 21-12-54.219 [Debug] (process_args) -trees was found: 1
2026-03-12 21-12-54.219 [Debug] (process_args) -nf was found: /lustre/orion/stf243/world-shared/hagertnl/CUG26/copper_run/python-pytorch/copper_logs/4203415/node_file.txt
2026-03-12 21-12-54.219 [Debug] (process_args) -max_cacheable_byte_size was found: 10485760
2026-03-12 21-12-54.219 [Debug] (process_args) -facility_address_book was found: /sw/frontier/ums/ums046/copper/olcf_copper_addressbook.txt
2026-03-12 21-12-54.219 [Info] (cu_hello_main) copper address located at path: /lustre/orion/stf243/world-shared/hagertnl/CUG26/copper_run/python-pytorch/copper_logs/4203415/copper_address_book.txt
2026-03-12 21-12-54.219 [Info] (cu_hello_main) facility address book filename path: /sw/frontier/ums/ums046/copper/olcf_copper_addressbook.txt
2026-03-12 21-12-54.219 [Info] (cu_hello_main) output filename path: /lustre/orion/stf243/world-shared/hagertnl/CUG26/copper_run/python-pytorch/copper_logs/4203415/frontier06909-954161-output.log
2026-03-12 21-12-54.219 [Debug] (cu_hello_main)  
2026-03-12 21-12-54.219 [Info] (cu_hello_main) hostname found to be: frontier08046
2026-03-12 21-12-54.219 [Debug] (process_args) -tpath was found: /
2026-03-12 21-12-54.219 [Debug] (process_args) -vpath was found: /tmp/hagertnl/copper
2026-03-12 21-12-54.219 [Debug] (process_args) -log_level was found: 6
2026-03-12 21-12-54.219 [Debug] (process_args) -log_type was found: file
2026-03-12 21-12-54.219 [Debug] (process_args) -log_output_dir was found: /lustre/orion/stf243/world-shared/hagertnl/CUG26/copper_run/python-pytorch/copper_logs/4203415
2026-03-12 21-12-54.219 [Debug] (process_args) -net_type was found: cxi://cxi1
2026-03-12 21-12-54.219 [Debug] (process_args) -trees was found: 1
2026-03-12 21-12-54.219 [Debug] (process_args) -nf was found: /lustre/orion/stf243/world-shared/hagertnl/CUG26/copper_run/python-pytorch/copper_logs/4203415/node_file.txt
2026-03-12 21-12-54.219 [Debug] (process_args) -max_cacheable_byte_size was found: 10485760
2026-03-12 21-12-54.219 [Debug] (process_args) -facility_address_book was found: /sw/frontier/ums/ums046/copper/olcf_copper_addressbook.txt
2026-03-12 21-12-54.219 [Info] (cu_hello_main) copper address located at path: /lustre/orion/stf243/world-shared/hagertnl/CUG26/copper_run/python-pytorch/copper_logs/4203415/copper_address_book.txt
2026-03-12 21-12-54.219 [Info] (cu_hello_main) facility address book filename path: /sw/frontier/ums/ums046/copper/olcf_copper_addressbook.txt
2026-03-12 21-12-54.219 [Info] (cu_hello_main) output filename path: /lustre/orion/stf243/world-shared/hagertnl/CUG26/copper_run/python-pytorch/copper_logs/4203415/frontier08046-254433-output.log
2026-03-12 21-12-54.219 [Debug] (cu_hello_main)  
2026-03-12 21-12-54.219 [Info] (cu_hello_main) hostname found to be: frontier07285
2026-03-12 21-12-54.219 [Debug] (process_args) -tpath was found: /
2026-03-12 21-12-54.219 [Debug] (process_args) -vpath was found: /tmp/hagertnl/copper
2026-03-12 21-12-54.219 [Debug] (process_args) -log_level was found: 6
2026-03-12 21-12-54.219 [Debug] (process_args) -log_type was found: file
2026-03-12 21-12-54.219 [Debug] (process_args) -log_output_dir was found: /lustre/orion/stf243/world-shared/hagertnl/CUG26/copper_run/python-pytorch/copper_logs/4203415
2026-03-12 21-12-54.219 [Debug] (process_args) -net_type was found: cxi://cxi1
2026-03-12 21-12-54.219 [Debug] (process_args) -trees was found: 1
2026-03-12 21-12-54.219 [Debug] (process_args) -nf was found: /lustre/orion/stf243/world-shared/hagertnl/CUG26/copper_run/python-pytorch/copper_logs/4203415/node_file.txt
2026-03-12 21-12-54.219 [Debug] (process_args) -max_cacheable_byte_size was found: 10485760
2026-03-12 21-12-54.219 [Debug] (process_args) -facility_address_book was found: /sw/frontier/ums/ums046/copper/olcf_copper_addressbook.txt
2026-03-12 21-12-54.219 [Info] (cu_hello_main) copper address located at path: /lustre/orion/stf243/world-shared/hagertnl/CUG26/copper_run/python-pytorch/copper_logs/4203415/copper_address_book.txt
2026-03-12 21-12-54.219 [Info] (cu_hello_main) facility address book filename path: /sw/frontier/ums/ums046/copper/olcf_copper_addressbook.txt
2026-03-12 21-12-54.219 [Info] (cu_hello_main) output filename path: /lustre/orion/stf243/world-shared/hagertnl/CUG26/copper_run/python-pytorch/copper_logs/4203415/frontier07285-646224-output.log
2026-03-12 21-12-54.219 [Debug] (cu_hello_main)  
2026-03-12 21-12-54.219 [Info] (cu_hello_main) hostname found to be: frontier06266
2026-03-12 21-12-54.219 [Debug] (process_args) -tpath was found: /
2026-03-12 21-12-54.219 [Debug] (process_args) -vpath was found: /tmp/hagertnl/copper
2026-03-12 21-12-54.219 [Debug] (process_args) -log_level was found: 6
2026-03-12 21-12-54.219 [Debug] (process_args) -log_type was found: file
2026-03-12 21-12-54.219 [Debug] (process_args) -log_output_dir was found: /lustre/orion/stf243/world-shared/hagertnl/CUG26/copper_run/python-pytorch/copper_logs/4203415
2026-03-12 21-12-54.219 [Debug] (process_args) -net_type was found: cxi://cxi1
2026-03-12 21-12-54.219 [Debug] (process_args) -trees was found: 1
2026-03-12 21-12-54.219 [Debug] (process_args) -nf was found: /lustre/orion/stf243/world-shared/hagertnl/CUG26/copper_run/python-pytorch/copper_logs/4203415/node_file.txt
2026-03-12 21-12-54.219 [Debug] (process_args) -max_cacheable_byte_size was found: 10485760
2026-03-12 21-12-54.219 [Debug] (process_args) -facility_address_book was found: /sw/frontier/ums/ums046/copper/olcf_copper_addressbook.txt
2026-03-12 21-12-54.219 [Info] (cu_hello_main) copper address located at path: /lustre/orion/stf243/world-shared/hagertnl/CUG26/copper_run/python-pytorch/copper_logs/4203415/copper_address_book.txt
2026-03-12 21-12-54.219 [Info] (cu_hello_main) facility address book filename path: /sw/frontier/ums/ums046/copper/olcf_copper_addressbook.txt
2026-03-12 21-12-54.219 [Info] (cu_hello_main) output filename path: /lustre/orion/stf243/world-shared/hagertnl/CUG26/copper_run/python-pytorch/copper_logs/4203415/frontier06266-213772-output.log
2026-03-12 21-12-54.219 [Debug] (cu_hello_main)  
2026-03-12 21-12-54.219 [Info] (cu_hello_main) hostname found to be: frontier07290
2026-03-12 21-12-54.219 [Debug] (process_args) -tpath was found: /
2026-03-12 21-12-54.219 [Debug] (process_args) -vpath was found: /tmp/hagertnl/copper
2026-03-12 21-12-54.219 [Debug] (cu_hello_main)  
2026-03-12 21-12-54.219 [Info] (cu_hello_main) hostname found to be: frontier08565
2026-03-12 21-12-54.219 [Debug] (process_args) -tpath was found: /
2026-03-12 21-12-54.219 [Debug] (process_args) -vpath was found: /tmp/hagertnl/copper
2026-03-12 21-12-54.219 [Debug] (process_args) -log_level was found: 6
2026-03-12 21-12-54.219 [Debug] (process_args) -log_type was found: file
2026-03-12 21-12-54.219 [Debug] (process_args) -log_level was found: 6
2026-03-12 21-12-54.219 [Debug] (process_args) -log_type was found: file
2026-03-12 21-12-54.219 [Debug] (process_args) -log_output_dir was found: /lustre/orion/stf243/world-shared/hagertnl/CUG26/copper_run/python-pytorch/copper_logs/4203415
2026-03-12 21-12-54.219 [Debug] (process_args) -net_type was found: cxi://cxi1
2026-03-12 21-12-54.219 [Debug] (process_args) -trees was found: 1
2026-03-12 21-12-54.219 [Debug] (process_args) -nf was found: /lustre/orion/stf243/world-shared/hagertnl/CUG26/copper_run/python-pytorch/copper_logs/4203415/node_file.txt
2026-03-12 21-12-54.219 [Debug] (process_args) -max_cacheable_byte_size was found: 10485760
2026-03-12 21-12-54.219 [Debug] (process_args) -facility_address_book was found: /sw/frontier/ums/ums046/copper/olcf_copper_addressbook.txt
2026-03-12 21-12-54.219 [Debug] (process_args) -log_output_dir was found: /lustre/orion/stf243/world-shared/hagertnl/CUG26/copper_run/python-pytorch/copper_logs/4203415
2026-03-12 21-12-54.219 [Debug] (process_args) -net_type was found: cxi://cxi1
2026-03-12 21-12-54.219 [Info] (cu_hello_main) copper address located at path: /lustre/orion/stf243/world-shared/hagertnl/CUG26/copper_run/python-pytorch/copper_logs/4203415/copper_address_book.txt
2026-03-12 21-12-54.219 [Info] (cu_hello_main) facility address book filename path: /sw/frontier/ums/ums046/copper/olcf_copper_addressbook.txt
2026-03-12 21-12-54.219 [Info] (cu_hello_main) output filename path: /lustre/orion/stf243/world-shared/hagertnl/CUG26/copper_run/python-pytorch/copper_logs/4203415/frontier08565-216631-output.log
2026-03-12 21-12-54.219 [Debug] (process_args) -trees was found: 1
2026-03-12 21-12-54.219 [Debug] (process_args) -nf was found: /lustre/orion/stf243/world-shared/hagertnl/CUG26/copper_run/python-pytorch/copper_logs/4203415/node_file.txt
2026-03-12 21-12-54.219 [Debug] (process_args) -max_cacheable_byte_size was found: 10485760
2026-03-12 21-12-54.219 [Debug] (process_args) -facility_address_book was found: /sw/frontier/ums/ums046/copper/olcf_copper_addressbook.txt
2026-03-12 21-12-54.219 [Info] (cu_hello_main) copper address located at path: /lustre/orion/stf243/world-shared/hagertnl/CUG26/copper_run/python-pytorch/copper_logs/4203415/copper_address_book.txt
2026-03-12 21-12-54.219 [Info] (cu_hello_main) facility address book filename path: /sw/frontier/ums/ums046/copper/olcf_copper_addressbook.txt
2026-03-12 21-12-54.219 [Info] (cu_hello_main) output filename path: /lustre/orion/stf243/world-shared/hagertnl/CUG26/copper_run/python-pytorch/copper_logs/4203415/frontier07290-211578-output.log
2026-03-12 21-12-54.220 [Debug] (cu_hello_main)  
2026-03-12 21-12-54.220 [Info] (cu_hello_main) hostname found to be: frontier08053
2026-03-12 21-12-54.220 [Debug] (process_args) -tpath was found: /
2026-03-12 21-12-54.220 [Debug] (process_args) -vpath was found: /tmp/hagertnl/copper
2026-03-12 21-12-54.220 [Debug] (process_args) -log_level was found: 6
2026-03-12 21-12-54.220 [Debug] (process_args) -log_type was found: file
2026-03-12 21-12-54.220 [Debug] (process_args) -log_output_dir was found: /lustre/orion/stf243/world-shared/hagertnl/CUG26/copper_run/python-pytorch/copper_logs/4203415
2026-03-12 21-12-54.220 [Debug] (process_args) -net_type was found: cxi://cxi1
2026-03-12 21-12-54.220 [Debug] (process_args) -trees was found: 1
2026-03-12 21-12-54.220 [Debug] (process_args) -nf was found: /lustre/orion/stf243/world-shared/hagertnl/CUG26/copper_run/python-pytorch/copper_logs/4203415/node_file.txt
2026-03-12 21-12-54.220 [Debug] (process_args) -max_cacheable_byte_size was found: 10485760
2026-03-12 21-12-54.220 [Debug] (process_args) -facility_address_book was found: /sw/frontier/ums/ums046/copper/olcf_copper_addressbook.txt
2026-03-12 21-12-54.220 [Info] (cu_hello_main) copper address located at path: /lustre/orion/stf243/world-shared/hagertnl/CUG26/copper_run/python-pytorch/copper_logs/4203415/copper_address_book.txt
2026-03-12 21-12-54.220 [Info] (cu_hello_main) facility address book filename path: /sw/frontier/ums/ums046/copper/olcf_copper_addressbook.txt
2026-03-12 21-12-54.220 [Info] (cu_hello_main) output filename path: /lustre/orion/stf243/world-shared/hagertnl/CUG26/copper_run/python-pytorch/copper_logs/4203415/frontier08053-200450-output.log
2026-03-12 21-12-54.221 [Debug] (cu_hello_main)  
2026-03-12 21-12-54.221 [Info] (cu_hello_main) hostname found to be: frontier06907
2026-03-12 21-12-54.221 [Debug] (process_args) -tpath was found: /
2026-03-12 21-12-54.221 [Debug] (process_args) -vpath was found: /tmp/hagertnl/copper
2026-03-12 21-12-54.221 [Debug] (process_args) -log_level was found: 6
2026-03-12 21-12-54.221 [Debug] (process_args) -log_type was found: file
2026-03-12 21-12-54.221 [Debug] (process_args) -log_output_dir was found: /lustre/orion/stf243/world-shared/hagertnl/CUG26/copper_run/python-pytorch/copper_logs/4203415
2026-03-12 21-12-54.221 [Debug] (process_args) -net_type was found: cxi://cxi1
2026-03-12 21-12-54.221 [Debug] (process_args) -trees was found: 1
2026-03-12 21-12-54.221 [Debug] (process_args) -nf was found: /lustre/orion/stf243/world-shared/hagertnl/CUG26/copper_run/python-pytorch/copper_logs/4203415/node_file.txt
2026-03-12 21-12-54.221 [Debug] (process_args) -max_cacheable_byte_size was found: 10485760
2026-03-12 21-12-54.221 [Debug] (process_args) -facility_address_book was found: /sw/frontier/ums/ums046/copper/olcf_copper_addressbook.txt
2026-03-12 21-12-54.221 [Info] (cu_hello_main) copper address located at path: /lustre/orion/stf243/world-shared/hagertnl/CUG26/copper_run/python-pytorch/copper_logs/4203415/copper_address_book.txt
2026-03-12 21-12-54.221 [Info] (cu_hello_main) facility address book filename path: /sw/frontier/ums/ums046/copper/olcf_copper_addressbook.txt
2026-03-12 21-12-54.221 [Info] (cu_hello_main) output filename path: /lustre/orion/stf243/world-shared/hagertnl/CUG26/copper_run/python-pytorch/copper_logs/4203415/frontier06907-2103103-output.log
2026-03-12 21-12-54.221 [Debug] (cu_hello_main)  
2026-03-12 21-12-54.221 [Info] (cu_hello_main) hostname found to be: frontier07165
2026-03-12 21-12-54.221 [Debug] (process_args) -tpath was found: /
2026-03-12 21-12-54.221 [Debug] (process_args) -vpath was found: /tmp/hagertnl/copper
2026-03-12 21-12-54.221 [Debug] (process_args) -log_level was found: 6
2026-03-12 21-12-54.221 [Debug] (process_args) -log_type was found: file
2026-03-12 21-12-54.221 [Debug] (process_args) -log_output_dir was found: /lustre/orion/stf243/world-shared/hagertnl/CUG26/copper_run/python-pytorch/copper_logs/4203415
2026-03-12 21-12-54.221 [Debug] (process_args) -net_type was found: cxi://cxi1
2026-03-12 21-12-54.221 [Debug] (process_args) -trees was found: 1
2026-03-12 21-12-54.221 [Debug] (process_args) -nf was found: /lustre/orion/stf243/world-shared/hagertnl/CUG26/copper_run/python-pytorch/copper_logs/4203415/node_file.txt
2026-03-12 21-12-54.221 [Debug] (process_args) -max_cacheable_byte_size was found: 10485760
2026-03-12 21-12-54.221 [Debug] (process_args) -facility_address_book was found: /sw/frontier/ums/ums046/copper/olcf_copper_addressbook.txt
2026-03-12 21-12-54.221 [Info] (cu_hello_main) copper address located at path: /lustre/orion/stf243/world-shared/hagertnl/CUG26/copper_run/python-pytorch/copper_logs/4203415/copper_address_book.txt
2026-03-12 21-12-54.221 [Info] (cu_hello_main) facility address book filename path: /sw/frontier/ums/ums046/copper/olcf_copper_addressbook.txt
2026-03-12 21-12-54.221 [Info] (cu_hello_main) output filename path: /lustre/orion/stf243/world-shared/hagertnl/CUG26/copper_run/python-pytorch/copper_logs/4203415/frontier07165-228061-output.log
2026-03-12 21-12-54.221 [Debug] (cu_hello_main)  
2026-03-12 21-12-54.221 [Info] (cu_hello_main) hostname found to be: frontier06650
2026-03-12 21-12-54.221 [Debug] (process_args) -tpath was found: /
2026-03-12 21-12-54.221 [Debug] (process_args) -vpath was found: /tmp/hagertnl/copper
2026-03-12 21-12-54.221 [Debug] (process_args) -log_level was found: 6
2026-03-12 21-12-54.221 [Debug] (process_args) -log_type was found: file
2026-03-12 21-12-54.221 [Debug] (process_args) -log_output_dir was found: /lustre/orion/stf243/world-shared/hagertnl/CUG26/copper_run/python-pytorch/copper_logs/4203415
2026-03-12 21-12-54.221 [Debug] (process_args) -net_type was found: cxi://cxi1
2026-03-12 21-12-54.221 [Debug] (process_args) -trees was found: 1
2026-03-12 21-12-54.221 [Debug] (process_args) -nf was found: /lustre/orion/stf243/world-shared/hagertnl/CUG26/copper_run/python-pytorch/copper_logs/4203415/node_file.txt
2026-03-12 21-12-54.221 [Debug] (process_args) -max_cacheable_byte_size was found: 10485760
2026-03-12 21-12-54.221 [Debug] (process_args) -facility_address_book was found: /sw/frontier/ums/ums046/copper/olcf_copper_addressbook.txt
2026-03-12 21-12-54.221 [Info] (cu_hello_main) copper address located at path: /lustre/orion/stf243/world-shared/hagertnl/CUG26/copper_run/python-pytorch/copper_logs/4203415/copper_address_book.txt
2026-03-12 21-12-54.221 [Info] (cu_hello_main) facility address book filename path: /sw/frontier/ums/ums046/copper/olcf_copper_addressbook.txt
2026-03-12 21-12-54.221 [Info] (cu_hello_main) output filename path: /lustre/orion/stf243/world-shared/hagertnl/CUG26/copper_run/python-pytorch/copper_logs/4203415/frontier06650-214566-output.log
2026-03-12 21-12-54.222 [Debug] (cu_hello_main)  
2026-03-12 21-12-54.222 [Info] (cu_hello_main) hostname found to be: frontier09328
2026-03-12 21-12-54.222 [Debug] (process_args) -tpath was found: /
2026-03-12 21-12-54.222 [Debug] (process_args) -vpath was found: /tmp/hagertnl/copper
2026-03-12 21-12-54.222 [Debug] (process_args) -log_level was found: 6
2026-03-12 21-12-54.222 [Debug] (process_args) -log_type was found: file
2026-03-12 21-12-54.222 [Debug] (process_args) -log_output_dir was found: /lustre/orion/stf243/world-shared/hagertnl/CUG26/copper_run/python-pytorch/copper_logs/4203415
2026-03-12 21-12-54.222 [Debug] (process_args) -net_type was found: cxi://cxi1
2026-03-12 21-12-54.222 [Debug] (process_args) -trees was found: 1
2026-03-12 21-12-54.222 [Debug] (process_args) -nf was found: /lustre/orion/stf243/world-shared/hagertnl/CUG26/copper_run/python-pytorch/copper_logs/4203415/node_file.txt
2026-03-12 21-12-54.222 [Debug] (process_args) -max_cacheable_byte_size was found: 10485760
2026-03-12 21-12-54.222 [Debug] (process_args) -facility_address_book was found: /sw/frontier/ums/ums046/copper/olcf_copper_addressbook.txt
2026-03-12 21-12-54.222 [Info] (cu_hello_main) copper address located at path: /lustre/orion/stf243/world-shared/hagertnl/CUG26/copper_run/python-pytorch/copper_logs/4203415/copper_address_book.txt
2026-03-12 21-12-54.222 [Info] (cu_hello_main) facility address book filename path: /sw/frontier/ums/ums046/copper/olcf_copper_addressbook.txt
2026-03-12 21-12-54.222 [Debug] (cu_hello_main)  
2026-03-12 21-12-54.222 [Info] (cu_hello_main) hostname found to be: frontier06136
2026-03-12 21-12-54.222 [Debug] (process_args) -tpath was found: /
2026-03-12 21-12-54.222 [Debug] (process_args) -vpath was found: /tmp/hagertnl/copper
2026-03-12 21-12-54.222 [Debug] (process_args) -log_level was found: 6
2026-03-12 21-12-54.222 [Info] (cu_hello_main) output filename path: /lustre/orion/stf243/world-shared/hagertnl/CUG26/copper_run/python-pytorch/copper_logs/4203415/frontier09328-1445291-output.log
2026-03-12 21-12-54.222 [Debug] (process_args) -log_type was found: file
2026-03-12 21-12-54.222 [Debug] (process_args) -log_output_dir was found: /lustre/orion/stf243/world-shared/hagertnl/CUG26/copper_run/python-pytorch/copper_logs/4203415
2026-03-12 21-12-54.222 [Debug] (process_args) -net_type was found: cxi://cxi1
2026-03-12 21-12-54.222 [Debug] (process_args) -trees was found: 1
2026-03-12 21-12-54.222 [Debug] (process_args) -nf was found: /lustre/orion/stf243/world-shared/hagertnl/CUG26/copper_run/python-pytorch/copper_logs/4203415/node_file.txt
2026-03-12 21-12-54.222 [Debug] (process_args) -max_cacheable_byte_size was found: 10485760
2026-03-12 21-12-54.222 [Debug] (process_args) -facility_address_book was found: /sw/frontier/ums/ums046/copper/olcf_copper_addressbook.txt
2026-03-12 21-12-54.222 [Info] (cu_hello_main) copper address located at path: /lustre/orion/stf243/world-shared/hagertnl/CUG26/copper_run/python-pytorch/copper_logs/4203415/copper_address_book.txt
2026-03-12 21-12-54.222 [Info] (cu_hello_main) facility address book filename path: /sw/frontier/ums/ums046/copper/olcf_copper_addressbook.txt
2026-03-12 21-12-54.222 [Info] (cu_hello_main) output filename path: /lustre/orion/stf243/world-shared/hagertnl/CUG26/copper_run/python-pytorch/copper_logs/4203415/frontier06136-872750-output.log
2026-03-12 21-12-54.222 [Debug] (cu_hello_main)  
2026-03-12 21-12-54.222 [Info] (cu_hello_main) hostname found to be: frontier09462
2026-03-12 21-12-54.222 [Debug] (process_args) -tpath was found: /
2026-03-12 21-12-54.222 [Debug] (process_args) -vpath was found: /tmp/hagertnl/copper
2026-03-12 21-12-54.222 [Debug] (process_args) -log_level was found: 6
2026-03-12 21-12-54.222 [Debug] (process_args) -log_type was found: file
2026-03-12 21-12-54.222 [Debug] (process_args) -log_output_dir was found: /lustre/orion/stf243/world-shared/hagertnl/CUG26/copper_run/python-pytorch/copper_logs/4203415
2026-03-12 21-12-54.222 [Debug] (process_args) -net_type was found: cxi://cxi1
2026-03-12 21-12-54.222 [Debug] (process_args) -trees was found: 1
2026-03-12 21-12-54.222 [Debug] (process_args) -nf was found: /lustre/orion/stf243/world-shared/hagertnl/CUG26/copper_run/python-pytorch/copper_logs/4203415/node_file.txt
2026-03-12 21-12-54.222 [Debug] (process_args) -max_cacheable_byte_size was found: 10485760
2026-03-12 21-12-54.222 [Debug] (process_args) -facility_address_book was found: /sw/frontier/ums/ums046/copper/olcf_copper_addressbook.txt
2026-03-12 21-12-54.222 [Info] (cu_hello_main) copper address located at path: /lustre/orion/stf243/world-shared/hagertnl/CUG26/copper_run/python-pytorch/copper_logs/4203415/copper_address_book.txt
2026-03-12 21-12-54.222 [Info] (cu_hello_main) facility address book filename path: /sw/frontier/ums/ums046/copper/olcf_copper_addressbook.txt
2026-03-12 21-12-54.222 [Info] (cu_hello_main) output filename path: /lustre/orion/stf243/world-shared/hagertnl/CUG26/copper_run/python-pytorch/copper_logs/4203415/frontier09462-1400796-output.log
2026-03-12 21-12-54.222 [Debug] (cu_hello_main)  
2026-03-12 21-12-54.222 [Info] (cu_hello_main) hostname found to be: frontier08440
2026-03-12 21-12-54.222 [Debug] (process_args) -tpath was found: /
2026-03-12 21-12-54.222 [Debug] (process_args) -vpath was found: /tmp/hagertnl/copper
2026-03-12 21-12-54.222 [Debug] (process_args) -log_level was found: 6
2026-03-12 21-12-54.222 [Debug] (process_args) -log_type was found: file
2026-03-12 21-12-54.222 [Debug] (process_args) -log_output_dir was found: /lustre/orion/stf243/world-shared/hagertnl/CUG26/copper_run/python-pytorch/copper_logs/4203415
2026-03-12 21-12-54.222 [Debug] (process_args) -net_type was found: cxi://cxi1
2026-03-12 21-12-54.222 [Debug] (process_args) -trees was found: 1
2026-03-12 21-12-54.222 [Debug] (process_args) -nf was found: /lustre/orion/stf243/world-shared/hagertnl/CUG26/copper_run/python-pytorch/copper_logs/4203415/node_file.txt
2026-03-12 21-12-54.222 [Debug] (process_args) -max_cacheable_byte_size was found: 10485760
2026-03-12 21-12-54.222 [Debug] (process_args) -facility_address_book was found: /sw/frontier/ums/ums046/copper/olcf_copper_addressbook.txt
2026-03-12 21-12-54.222 [Info] (cu_hello_main) copper address located at path: /lustre/orion/stf243/world-shared/hagertnl/CUG26/copper_run/python-pytorch/copper_logs/4203415/copper_address_book.txt
2026-03-12 21-12-54.222 [Info] (cu_hello_main) facility address book filename path: /sw/frontier/ums/ums046/copper/olcf_copper_addressbook.txt
2026-03-12 21-12-54.222 [Info] (cu_hello_main) output filename path: /lustre/orion/stf243/world-shared/hagertnl/CUG26/copper_run/python-pytorch/copper_logs/4203415/frontier08440-2343028-output.log
2026-03-12 21-12-54.222 [Debug] (cu_hello_main)  
2026-03-12 21-12-54.222 [Info] (cu_hello_main) hostname found to be: frontier07801
2026-03-12 21-12-54.222 [Debug] (process_args) -tpath was found: /
2026-03-12 21-12-54.222 [Debug] (process_args) -vpath was found: /tmp/hagertnl/copper
2026-03-12 21-12-54.222 [Debug] (process_args) -log_level was found: 6
2026-03-12 21-12-54.222 [Debug] (process_args) -log_type was found: file
2026-03-12 21-12-54.222 [Debug] (process_args) -log_output_dir was found: /lustre/orion/stf243/world-shared/hagertnl/CUG26/copper_run/python-pytorch/copper_logs/4203415
2026-03-12 21-12-54.222 [Debug] (process_args) -net_type was found: cxi://cxi1
2026-03-12 21-12-54.222 [Debug] (process_args) -trees was found: 1
2026-03-12 21-12-54.222 [Debug] (process_args) -nf was found: /lustre/orion/stf243/world-shared/hagertnl/CUG26/copper_run/python-pytorch/copper_logs/4203415/node_file.txt
2026-03-12 21-12-54.222 [Debug] (process_args) -max_cacheable_byte_size was found: 10485760
2026-03-12 21-12-54.222 [Debug] (process_args) -facility_address_book was found: /sw/frontier/ums/ums046/copper/olcf_copper_addressbook.txt
2026-03-12 21-12-54.222 [Info] (cu_hello_main) copper address located at path: /lustre/orion/stf243/world-shared/hagertnl/CUG26/copper_run/python-pytorch/copper_logs/4203415/copper_address_book.txt
2026-03-12 21-12-54.222 [Info] (cu_hello_main) facility address book filename path: /sw/frontier/ums/ums046/copper/olcf_copper_addressbook.txt
2026-03-12 21-12-54.222 [Info] (cu_hello_main) output filename path: /lustre/orion/stf243/world-shared/hagertnl/CUG26/copper_run/python-pytorch/copper_logs/4203415/frontier07801-681708-output.log
2026-03-12 21-12-54.228 [Debug] (cu_hello_main)  
2026-03-12 21-12-54.228 [Info] (cu_hello_main) hostname found to be: frontier06010
2026-03-12 21-12-54.228 [Debug] (process_args) -tpath was found: /
2026-03-12 21-12-54.228 [Debug] (process_args) -vpath was found: /tmp/hagertnl/copper
2026-03-12 21-12-54.228 [Debug] (process_args) -log_level was found: 6
2026-03-12 21-12-54.228 [Debug] (process_args) -log_type was found: file
2026-03-12 21-12-54.228 [Debug] (process_args) -log_output_dir was found: /lustre/orion/stf243/world-shared/hagertnl/CUG26/copper_run/python-pytorch/copper_logs/4203415
2026-03-12 21-12-54.228 [Debug] (process_args) -net_type was found: cxi://cxi1
2026-03-12 21-12-54.228 [Debug] (process_args) -trees was found: 1
2026-03-12 21-12-54.228 [Debug] (process_args) -nf was found: /lustre/orion/stf243/world-shared/hagertnl/CUG26/copper_run/python-pytorch/copper_logs/4203415/node_file.txt
2026-03-12 21-12-54.228 [Debug] (process_args) -max_cacheable_byte_size was found: 10485760
2026-03-12 21-12-54.228 [Debug] (process_args) -facility_address_book was found: /sw/frontier/ums/ums046/copper/olcf_copper_addressbook.txt
2026-03-12 21-12-54.228 [Debug] (cu_hello_main)  
2026-03-12 21-12-54.228 [Info] (cu_hello_main) hostname found to be: frontier06006
2026-03-12 21-12-54.228 [Debug] (process_args) -tpath was found: /
2026-03-12 21-12-54.228 [Debug] (process_args) -vpath was found: /tmp/hagertnl/copper
2026-03-12 21-12-54.228 [Info] (cu_hello_main) copper address located at path: /lustre/orion/stf243/world-shared/hagertnl/CUG26/copper_run/python-pytorch/copper_logs/4203415/copper_address_book.txt
2026-03-12 21-12-54.228 [Debug] (process_args) -log_level was found: 6
2026-03-12 21-12-54.228 [Debug] (process_args) -log_type was found: file
2026-03-12 21-12-54.228 [Debug] (process_args) -log_output_dir was found: /lustre/orion/stf243/world-shared/hagertnl/CUG26/copper_run/python-pytorch/copper_logs/4203415
2026-03-12 21-12-54.228 [Debug] (process_args) -net_type was found: cxi://cxi1
2026-03-12 21-12-54.228 [Debug] (process_args) -trees was found: 1
2026-03-12 21-12-54.228 [Debug] (process_args) -nf was found: /lustre/orion/stf243/world-shared/hagertnl/CUG26/copper_run/python-pytorch/copper_logs/4203415/node_file.txt
2026-03-12 21-12-54.228 [Debug] (process_args) -max_cacheable_byte_size was found: 10485760
2026-03-12 21-12-54.228 [Debug] (process_args) -facility_address_book was found: /sw/frontier/ums/ums046/copper/olcf_copper_addressbook.txt
2026-03-12 21-12-54.228 [Info] (cu_hello_main) facility address book filename path: /sw/frontier/ums/ums046/copper/olcf_copper_addressbook.txt
2026-03-12 21-12-54.228 [Info] (cu_hello_main) copper address located at path: /lustre/orion/stf243/world-shared/hagertnl/CUG26/copper_run/python-pytorch/copper_logs/4203415/copper_address_book.txt
2026-03-12 21-12-54.228 [Info] (cu_hello_main) facility address book filename path: /sw/frontier/ums/ums046/copper/olcf_copper_addressbook.txt
2026-03-12 21-12-54.228 [Info] (cu_hello_main) output filename path: /lustre/orion/stf243/world-shared/hagertnl/CUG26/copper_run/python-pytorch/copper_logs/4203415/frontier06006-1558786-output.log
2026-03-12 21-12-54.228 [Info] (cu_hello_main) output filename path: /lustre/orion/stf243/world-shared/hagertnl/CUG26/copper_run/python-pytorch/copper_logs/4203415/frontier06010-244890-output.log
2026-03-12 21-12-54.228 [Debug] (cu_hello_main)  
2026-03-12 21-12-54.228 [Info] (cu_hello_main) hostname found to be: frontier08685
2026-03-12 21-12-54.228 [Debug] (process_args) -tpath was found: /
2026-03-12 21-12-54.228 [Debug] (process_args) -vpath was found: /tmp/hagertnl/copper
2026-03-12 21-12-54.228 [Debug] (process_args) -log_level was found: 6
2026-03-12 21-12-54.228 [Debug] (process_args) -log_type was found: file
2026-03-12 21-12-54.228 [Debug] (process_args) -log_output_dir was found: /lustre/orion/stf243/world-shared/hagertnl/CUG26/copper_run/python-pytorch/copper_logs/4203415
2026-03-12 21-12-54.228 [Debug] (process_args) -net_type was found: cxi://cxi1
2026-03-12 21-12-54.228 [Debug] (process_args) -trees was found: 1
2026-03-12 21-12-54.228 [Debug] (process_args) -nf was found: /lustre/orion/stf243/world-shared/hagertnl/CUG26/copper_run/python-pytorch/copper_logs/4203415/node_file.txt
2026-03-12 21-12-54.228 [Debug] (process_args) -max_cacheable_byte_size was found: 10485760
2026-03-12 21-12-54.228 [Debug] (process_args) -facility_address_book was found: /sw/frontier/ums/ums046/copper/olcf_copper_addressbook.txt
2026-03-12 21-12-54.228 [Info] (cu_hello_main) copper address located at path: /lustre/orion/stf243/world-shared/hagertnl/CUG26/copper_run/python-pytorch/copper_logs/4203415/copper_address_book.txt
2026-03-12 21-12-54.228 [Info] (cu_hello_main) facility address book filename path: /sw/frontier/ums/ums046/copper/olcf_copper_addressbook.txt
2026-03-12 21-12-54.228 [Info] (cu_hello_main) output filename path: /lustre/orion/stf243/world-shared/hagertnl/CUG26/copper_run/python-pytorch/copper_logs/4203415/frontier08685-2338060-output.log
2026-03-12 21-12-54.229 [Debug] (cu_hello_main)  
2026-03-12 21-12-54.229 [Info] (cu_hello_main) hostname found to be: frontier05632
2026-03-12 21-12-54.229 [Debug] (process_args) -tpath was found: /
2026-03-12 21-12-54.229 [Debug] (process_args) -vpath was found: /tmp/hagertnl/copper
2026-03-12 21-12-54.229 [Debug] (process_args) -log_level was found: 6
2026-03-12 21-12-54.229 [Debug] (process_args) -log_type was found: file
2026-03-12 21-12-54.229 [Debug] (process_args) -log_output_dir was found: /lustre/orion/stf243/world-shared/hagertnl/CUG26/copper_run/python-pytorch/copper_logs/4203415
2026-03-12 21-12-54.229 [Debug] (process_args) -net_type was found: cxi://cxi1
2026-03-12 21-12-54.229 [Debug] (process_args) -trees was found: 1
2026-03-12 21-12-54.229 [Debug] (process_args) -nf was found: /lustre/orion/stf243/world-shared/hagertnl/CUG26/copper_run/python-pytorch/copper_logs/4203415/node_file.txt
2026-03-12 21-12-54.229 [Debug] (process_args) -max_cacheable_byte_size was found: 10485760
2026-03-12 21-12-54.229 [Debug] (cu_hello_main)  
2026-03-12 21-12-54.229 [Info] (cu_hello_main) hostname found to be: frontier07920
2026-03-12 21-12-54.229 [Debug] (process_args) -facility_address_book was found: /sw/frontier/ums/ums046/copper/olcf_copper_addressbook.txt
2026-03-12 21-12-54.229 [Debug] (process_args) -tpath was found: /
2026-03-12 21-12-54.229 [Debug] (process_args) -vpath was found: /tmp/hagertnl/copper
2026-03-12 21-12-54.229 [Debug] (process_args) -log_level was found: 6
2026-03-12 21-12-54.229 [Debug] (process_args) -log_type was found: file
2026-03-12 21-12-54.229 [Debug] (process_args) -log_output_dir was found: /lustre/orion/stf243/world-shared/hagertnl/CUG26/copper_run/python-pytorch/copper_logs/4203415
2026-03-12 21-12-54.229 [Debug] (process_args) -net_type was found: cxi://cxi1
2026-03-12 21-12-54.229 [Debug] (process_args) -trees was found: 1
2026-03-12 21-12-54.229 [Info] (cu_hello_main) copper address located at path: /lustre/orion/stf243/world-shared/hagertnl/CUG26/copper_run/python-pytorch/copper_logs/4203415/copper_address_book.txt
2026-03-12 21-12-54.229 [Debug] (process_args) -nf was found: /lustre/orion/stf243/world-shared/hagertnl/CUG26/copper_run/python-pytorch/copper_logs/4203415/node_file.txt
2026-03-12 21-12-54.229 [Debug] (process_args) -max_cacheable_byte_size was found: 10485760
2026-03-12 21-12-54.229 [Debug] (process_args) -facility_address_book was found: /sw/frontier/ums/ums046/copper/olcf_copper_addressbook.txt
2026-03-12 21-12-54.229 [Info] (cu_hello_main) facility address book filename path: /sw/frontier/ums/ums046/copper/olcf_copper_addressbook.txt
2026-03-12 21-12-54.229 [Info] (cu_hello_main) output filename path: /lustre/orion/stf243/world-shared/hagertnl/CUG26/copper_run/python-pytorch/copper_logs/4203415/frontier05632-1646550-output.log
2026-03-12 21-12-54.229 [Info] (cu_hello_main) copper address located at path: /lustre/orion/stf243/world-shared/hagertnl/CUG26/copper_run/python-pytorch/copper_logs/4203415/copper_address_book.txt
2026-03-12 21-12-54.229 [Info] (cu_hello_main) facility address book filename path: /sw/frontier/ums/ums046/copper/olcf_copper_addressbook.txt
2026-03-12 21-12-54.229 [Info] (cu_hello_main) output filename path: /lustre/orion/stf243/world-shared/hagertnl/CUG26/copper_run/python-pytorch/copper_logs/4203415/frontier07920-268206-output.log
2026-03-12 21-12-54.230 [Debug] (cu_hello_main)  
2026-03-12 21-12-54.230 [Info] (cu_hello_main) hostname found to be: frontier09329
2026-03-12 21-12-54.230 [Debug] (process_args) -tpath was found: /
2026-03-12 21-12-54.230 [Debug] (process_args) -vpath was found: /tmp/hagertnl/copper
2026-03-12 21-12-54.230 [Debug] (process_args) -log_level was found: 6
2026-03-12 21-12-54.230 [Debug] (process_args) -log_type was found: file
2026-03-12 21-12-54.230 [Debug] (process_args) -log_output_dir was found: /lustre/orion/stf243/world-shared/hagertnl/CUG26/copper_run/python-pytorch/copper_logs/4203415
2026-03-12 21-12-54.230 [Debug] (process_args) -net_type was found: cxi://cxi1
2026-03-12 21-12-54.230 [Debug] (process_args) -trees was found: 1
2026-03-12 21-12-54.230 [Debug] (process_args) -nf was found: /lustre/orion/stf243/world-shared/hagertnl/CUG26/copper_run/python-pytorch/copper_logs/4203415/node_file.txt
2026-03-12 21-12-54.230 [Debug] (process_args) -max_cacheable_byte_size was found: 10485760
2026-03-12 21-12-54.230 [Debug] (process_args) -facility_address_book was found: /sw/frontier/ums/ums046/copper/olcf_copper_addressbook.txt
2026-03-12 21-12-54.230 [Info] (cu_hello_main) copper address located at path: /lustre/orion/stf243/world-shared/hagertnl/CUG26/copper_run/python-pytorch/copper_logs/4203415/copper_address_book.txt
2026-03-12 21-12-54.230 [Info] (cu_hello_main) facility address book filename path: /sw/frontier/ums/ums046/copper/olcf_copper_addressbook.txt
2026-03-12 21-12-54.230 [Info] (cu_hello_main) output filename path: /lustre/orion/stf243/world-shared/hagertnl/CUG26/copper_run/python-pytorch/copper_logs/4203415/frontier09329-1343256-output.log
2026-03-12 21-12-54.230 [Debug] (cu_hello_main)  
2026-03-12 21-12-54.230 [Info] (cu_hello_main) hostname found to be: frontier09204
2026-03-12 21-12-54.230 [Debug] (process_args) -tpath was found: /
2026-03-12 21-12-54.230 [Debug] (process_args) -vpath was found: /tmp/hagertnl/copper
2026-03-12 21-12-54.230 [Debug] (process_args) -log_level was found: 6
2026-03-12 21-12-54.230 [Debug] (process_args) -log_type was found: file
2026-03-12 21-12-54.230 [Debug] (process_args) -log_output_dir was found: /lustre/orion/stf243/world-shared/hagertnl/CUG26/copper_run/python-pytorch/copper_logs/4203415
2026-03-12 21-12-54.230 [Debug] (process_args) -net_type was found: cxi://cxi1
2026-03-12 21-12-54.230 [Debug] (process_args) -trees was found: 1
2026-03-12 21-12-54.230 [Debug] (process_args) -nf was found: /lustre/orion/stf243/world-shared/hagertnl/CUG26/copper_run/python-pytorch/copper_logs/4203415/node_file.txt
2026-03-12 21-12-54.230 [Debug] (process_args) -max_cacheable_byte_size was found: 10485760
2026-03-12 21-12-54.230 [Debug] (process_args) -facility_address_book was found: /sw/frontier/ums/ums046/copper/olcf_copper_addressbook.txt
2026-03-12 21-12-54.230 [Info] (cu_hello_main) copper address located at path: /lustre/orion/stf243/world-shared/hagertnl/CUG26/copper_run/python-pytorch/copper_logs/4203415/copper_address_book.txt
2026-03-12 21-12-54.230 [Info] (cu_hello_main) facility address book filename path: /sw/frontier/ums/ums046/copper/olcf_copper_addressbook.txt
2026-03-12 21-12-54.230 [Info] (cu_hello_main) output filename path: /lustre/orion/stf243/world-shared/hagertnl/CUG26/copper_run/python-pytorch/copper_logs/4203415/frontier09204-233612-output.log
2026-03-12 21-12-54.232 [Debug] (cu_hello_main)  
2026-03-12 21-12-54.232 [Info] (cu_hello_main) hostname found to be: frontier08054
2026-03-12 21-12-54.232 [Debug] (process_args) -tpath was found: /
2026-03-12 21-12-54.232 [Debug] (process_args) -vpath was found: /tmp/hagertnl/copper
2026-03-12 21-12-54.232 [Debug] (process_args) -log_level was found: 6
2026-03-12 21-12-54.232 [Debug] (process_args) -log_type was found: file
2026-03-12 21-12-54.232 [Debug] (process_args) -log_output_dir was found: /lustre/orion/stf243/world-shared/hagertnl/CUG26/copper_run/python-pytorch/copper_logs/4203415
2026-03-12 21-12-54.232 [Debug] (process_args) -net_type was found: cxi://cxi1
2026-03-12 21-12-54.232 [Debug] (process_args) -trees was found: 1
2026-03-12 21-12-54.232 [Debug] (process_args) -nf was found: /lustre/orion/stf243/world-shared/hagertnl/CUG26/copper_run/python-pytorch/copper_logs/4203415/node_file.txt
2026-03-12 21-12-54.232 [Debug] (process_args) -max_cacheable_byte_size was found: 10485760
2026-03-12 21-12-54.232 [Debug] (process_args) -facility_address_book was found: /sw/frontier/ums/ums046/copper/olcf_copper_addressbook.txt
2026-03-12 21-12-54.232 [Info] (cu_hello_main) copper address located at path: /lustre/orion/stf243/world-shared/hagertnl/CUG26/copper_run/python-pytorch/copper_logs/4203415/copper_address_book.txt
2026-03-12 21-12-54.232 [Info] (cu_hello_main) facility address book filename path: /sw/frontier/ums/ums046/copper/olcf_copper_addressbook.txt
2026-03-12 21-12-54.232 [Info] (cu_hello_main) output filename path: /lustre/orion/stf243/world-shared/hagertnl/CUG26/copper_run/python-pytorch/copper_logs/4203415/frontier08054-211694-output.log
2026-03-12 21-12-54.233 [Debug] (cu_hello_main)  
2026-03-12 21-12-54.233 [Info] (cu_hello_main) hostname found to be: frontier08690
2026-03-12 21-12-54.233 [Debug] (process_args) -tpath was found: /
2026-03-12 21-12-54.233 [Debug] (process_args) -vpath was found: /tmp/hagertnl/copper
2026-03-12 21-12-54.233 [Debug] (process_args) -log_level was found: 6
2026-03-12 21-12-54.233 [Debug] (process_args) -log_type was found: file
2026-03-12 21-12-54.233 [Debug] (process_args) -log_output_dir was found: /lustre/orion/stf243/world-shared/hagertnl/CUG26/copper_run/python-pytorch/copper_logs/4203415
2026-03-12 21-12-54.233 [Debug] (process_args) -net_type was found: cxi://cxi1
2026-03-12 21-12-54.233 [Debug] (process_args) -trees was found: 1
2026-03-12 21-12-54.233 [Debug] (process_args) -nf was found: /lustre/orion/stf243/world-shared/hagertnl/CUG26/copper_run/python-pytorch/copper_logs/4203415/node_file.txt
2026-03-12 21-12-54.233 [Debug] (process_args) -max_cacheable_byte_size was found: 10485760
2026-03-12 21-12-54.233 [Debug] (process_args) -facility_address_book was found: /sw/frontier/ums/ums046/copper/olcf_copper_addressbook.txt
2026-03-12 21-12-54.233 [Info] (cu_hello_main) copper address located at path: /lustre/orion/stf243/world-shared/hagertnl/CUG26/copper_run/python-pytorch/copper_logs/4203415/copper_address_book.txt
2026-03-12 21-12-54.233 [Info] (cu_hello_main) facility address book filename path: /sw/frontier/ums/ums046/copper/olcf_copper_addressbook.txt
2026-03-12 21-12-54.233 [Info] (cu_hello_main) output filename path: /lustre/orion/stf243/world-shared/hagertnl/CUG26/copper_run/python-pytorch/copper_logs/4203415/frontier08690-942370-output.log
2026-03-12 21-12-54.233 [Debug] (cu_hello_main)  
2026-03-12 21-12-54.233 [Info] (cu_hello_main) hostname found to be: frontier09077
2026-03-12 21-12-54.233 [Debug] (process_args) -tpath was found: /
2026-03-12 21-12-54.233 [Debug] (process_args) -vpath was found: /tmp/hagertnl/copper
2026-03-12 21-12-54.233 [Debug] (process_args) -log_level was found: 6
2026-03-12 21-12-54.233 [Debug] (process_args) -log_type was found: file
2026-03-12 21-12-54.233 [Debug] (process_args) -log_output_dir was found: /lustre/orion/stf243/world-shared/hagertnl/CUG26/copper_run/python-pytorch/copper_logs/4203415
2026-03-12 21-12-54.233 [Debug] (process_args) -net_type was found: cxi://cxi1
2026-03-12 21-12-54.233 [Debug] (process_args) -trees was found: 1
2026-03-12 21-12-54.233 [Debug] (process_args) -nf was found: /lustre/orion/stf243/world-shared/hagertnl/CUG26/copper_run/python-pytorch/copper_logs/4203415/node_file.txt
2026-03-12 21-12-54.233 [Debug] (process_args) -max_cacheable_byte_size was found: 10485760
2026-03-12 21-12-54.233 [Debug] (process_args) -facility_address_book was found: /sw/frontier/ums/ums046/copper/olcf_copper_addressbook.txt
2026-03-12 21-12-54.233 [Info] (cu_hello_main) copper address located at path: /lustre/orion/stf243/world-shared/hagertnl/CUG26/copper_run/python-pytorch/copper_logs/4203415/copper_address_book.txt
2026-03-12 21-12-54.233 [Info] (cu_hello_main) facility address book filename path: /sw/frontier/ums/ums046/copper/olcf_copper_addressbook.txt
2026-03-12 21-12-54.233 [Info] (cu_hello_main) output filename path: /lustre/orion/stf243/world-shared/hagertnl/CUG26/copper_run/python-pytorch/copper_logs/4203415/frontier09077-1747587-output.log
2026-03-12 21-12-54.234 [Debug] (cu_hello_main)  
2026-03-12 21-12-54.234 [Info] (cu_hello_main) hostname found to be: frontier09460
2026-03-12 21-12-54.234 [Debug] (process_args) -tpath was found: /
2026-03-12 21-12-54.234 [Debug] (process_args) -vpath was found: /tmp/hagertnl/copper
2026-03-12 21-12-54.234 [Debug] (process_args) -log_level was found: 6
2026-03-12 21-12-54.234 [Debug] (process_args) -log_type was found: file
2026-03-12 21-12-54.234 [Debug] (process_args) -log_output_dir was found: /lustre/orion/stf243/world-shared/hagertnl/CUG26/copper_run/python-pytorch/copper_logs/4203415
2026-03-12 21-12-54.234 [Debug] (process_args) -net_type was found: cxi://cxi1
2026-03-12 21-12-54.234 [Debug] (process_args) -trees was found: 1
2026-03-12 21-12-54.234 [Debug] (process_args) -nf was found: /lustre/orion/stf243/world-shared/hagertnl/CUG26/copper_run/python-pytorch/copper_logs/4203415/node_file.txt
2026-03-12 21-12-54.234 [Debug] (process_args) -max_cacheable_byte_size was found: 10485760
2026-03-12 21-12-54.234 [Debug] (process_args) -facility_address_book was found: /sw/frontier/ums/ums046/copper/olcf_copper_addressbook.txt
2026-03-12 21-12-54.234 [Info] (cu_hello_main) copper address located at path: /lustre/orion/stf243/world-shared/hagertnl/CUG26/copper_run/python-pytorch/copper_logs/4203415/copper_address_book.txt
2026-03-12 21-12-54.234 [Info] (cu_hello_main) facility address book filename path: /sw/frontier/ums/ums046/copper/olcf_copper_addressbook.txt
2026-03-12 21-12-54.234 [Info] (cu_hello_main) output filename path: /lustre/orion/stf243/world-shared/hagertnl/CUG26/copper_run/python-pytorch/copper_logs/4203415/frontier09460-226227-output.log
2026-03-12 21-12-54.235 [Debug] (cu_hello_main)  
2026-03-12 21-12-54.235 [Info] (cu_hello_main) hostname found to be: frontier07926
2026-03-12 21-12-54.235 [Debug] (process_args) -tpath was found: /
2026-03-12 21-12-54.235 [Debug] (process_args) -vpath was found: /tmp/hagertnl/copper
2026-03-12 21-12-54.235 [Debug] (process_args) -log_level was found: 6
2026-03-12 21-12-54.235 [Debug] (process_args) -log_type was found: file
2026-03-12 21-12-54.235 [Debug] (process_args) -log_output_dir was found: /lustre/orion/stf243/world-shared/hagertnl/CUG26/copper_run/python-pytorch/copper_logs/4203415
2026-03-12 21-12-54.235 [Debug] (process_args) -net_type was found: cxi://cxi1
2026-03-12 21-12-54.235 [Debug] (process_args) -trees was found: 1
2026-03-12 21-12-54.235 [Debug] (process_args) -nf was found: /lustre/orion/stf243/world-shared/hagertnl/CUG26/copper_run/python-pytorch/copper_logs/4203415/node_file.txt
2026-03-12 21-12-54.235 [Debug] (process_args) -max_cacheable_byte_size was found: 10485760
2026-03-12 21-12-54.235 [Debug] (process_args) -facility_address_book was found: /sw/frontier/ums/ums046/copper/olcf_copper_addressbook.txt
2026-03-12 21-12-54.235 [Info] (cu_hello_main) copper address located at path: /lustre/orion/stf243/world-shared/hagertnl/CUG26/copper_run/python-pytorch/copper_logs/4203415/copper_address_book.txt
2026-03-12 21-12-54.235 [Info] (cu_hello_main) facility address book filename path: /sw/frontier/ums/ums046/copper/olcf_copper_addressbook.txt
2026-03-12 21-12-54.235 [Info] (cu_hello_main) output filename path: /lustre/orion/stf243/world-shared/hagertnl/CUG26/copper_run/python-pytorch/copper_logs/4203415/frontier07926-1785273-output.log
2026-03-12 21-12-54.235 [Debug] (cu_hello_main)  
2026-03-12 21-12-54.235 [Info] (cu_hello_main) hostname found to be: frontier08311
2026-03-12 21-12-54.235 [Debug] (process_args) -tpath was found: /
2026-03-12 21-12-54.235 [Debug] (process_args) -vpath was found: /tmp/hagertnl/copper
2026-03-12 21-12-54.235 [Debug] (process_args) -log_level was found: 6
2026-03-12 21-12-54.235 [Debug] (process_args) -log_type was found: file
2026-03-12 21-12-54.235 [Debug] (cu_hello_main)  
2026-03-12 21-12-54.235 [Info] (cu_hello_main) hostname found to be: frontier09078
2026-03-12 21-12-54.235 [Debug] (process_args) -log_output_dir was found: /lustre/orion/stf243/world-shared/hagertnl/CUG26/copper_run/python-pytorch/copper_logs/4203415
2026-03-12 21-12-54.235 [Debug] (process_args) -net_type was found: cxi://cxi1
2026-03-12 21-12-54.235 [Debug] (process_args) -trees was found: 1
2026-03-12 21-12-54.235 [Debug] (process_args) -nf was found: /lustre/orion/stf243/world-shared/hagertnl/CUG26/copper_run/python-pytorch/copper_logs/4203415/node_file.txt
2026-03-12 21-12-54.235 [Debug] (process_args) -max_cacheable_byte_size was found: 10485760
2026-03-12 21-12-54.235 [Debug] (process_args) -facility_address_book was found: /sw/frontier/ums/ums046/copper/olcf_copper_addressbook.txt
2026-03-12 21-12-54.235 [Info] (cu_hello_main) copper address located at path: /lustre/orion/stf243/world-shared/hagertnl/CUG26/copper_run/python-pytorch/copper_logs/4203415/copper_address_book.txt
2026-03-12 21-12-54.235 [Debug] (process_args) -tpath was found: /
2026-03-12 21-12-54.235 [Debug] (process_args) -vpath was found: /tmp/hagertnl/copper
2026-03-12 21-12-54.235 [Debug] (process_args) -log_level was found: 6
2026-03-12 21-12-54.235 [Debug] (process_args) -log_type was found: file
2026-03-12 21-12-54.235 [Debug] (process_args) -log_output_dir was found: /lustre/orion/stf243/world-shared/hagertnl/CUG26/copper_run/python-pytorch/copper_logs/4203415
2026-03-12 21-12-54.235 [Debug] (process_args) -net_type was found: cxi://cxi1
2026-03-12 21-12-54.235 [Debug] (process_args) -trees was found: 1
2026-03-12 21-12-54.235 [Info] (cu_hello_main) facility address book filename path: /sw/frontier/ums/ums046/copper/olcf_copper_addressbook.txt
2026-03-12 21-12-54.235 [Info] (cu_hello_main) output filename path: /lustre/orion/stf243/world-shared/hagertnl/CUG26/copper_run/python-pytorch/copper_logs/4203415/frontier08311-830061-output.log
2026-03-12 21-12-54.235 [Debug] (process_args) -nf was found: /lustre/orion/stf243/world-shared/hagertnl/CUG26/copper_run/python-pytorch/copper_logs/4203415/node_file.txt
2026-03-12 21-12-54.235 [Debug] (process_args) -max_cacheable_byte_size was found: 10485760
2026-03-12 21-12-54.235 [Debug] (process_args) -facility_address_book was found: /sw/frontier/ums/ums046/copper/olcf_copper_addressbook.txt
2026-03-12 21-12-54.235 [Info] (cu_hello_main) copper address located at path: /lustre/orion/stf243/world-shared/hagertnl/CUG26/copper_run/python-pytorch/copper_logs/4203415/copper_address_book.txt
2026-03-12 21-12-54.235 [Info] (cu_hello_main) facility address book filename path: /sw/frontier/ums/ums046/copper/olcf_copper_addressbook.txt
2026-03-12 21-12-54.235 [Info] (cu_hello_main) output filename path: /lustre/orion/stf243/world-shared/hagertnl/CUG26/copper_run/python-pytorch/copper_logs/4203415/frontier09078-682434-output.log
2026-03-12 21-12-54.235 [Debug] (cu_hello_main)  
2026-03-12 21-12-54.235 [Info] (cu_hello_main) hostname found to be: frontier07289
2026-03-12 21-12-54.235 [Debug] (process_args) -tpath was found: /
2026-03-12 21-12-54.235 [Debug] (process_args) -vpath was found: /tmp/hagertnl/copper
2026-03-12 21-12-54.235 [Debug] (process_args) -log_level was found: 6
2026-03-12 21-12-54.236 [Debug] (process_args) -log_type was found: file
2026-03-12 21-12-54.236 [Debug] (process_args) -log_output_dir was found: /lustre/orion/stf243/world-shared/hagertnl/CUG26/copper_run/python-pytorch/copper_logs/4203415
2026-03-12 21-12-54.236 [Debug] (process_args) -net_type was found: cxi://cxi1
2026-03-12 21-12-54.236 [Debug] (process_args) -trees was found: 1
2026-03-12 21-12-54.236 [Debug] (process_args) -nf was found: /lustre/orion/stf243/world-shared/hagertnl/CUG26/copper_run/python-pytorch/copper_logs/4203415/node_file.txt
2026-03-12 21-12-54.236 [Debug] (process_args) -max_cacheable_byte_size was found: 10485760
2026-03-12 21-12-54.236 [Debug] (process_args) -facility_address_book was found: /sw/frontier/ums/ums046/copper/olcf_copper_addressbook.txt
2026-03-12 21-12-54.236 [Info] (cu_hello_main) copper address located at path: /lustre/orion/stf243/world-shared/hagertnl/CUG26/copper_run/python-pytorch/copper_logs/4203415/copper_address_book.txt
2026-03-12 21-12-54.236 [Info] (cu_hello_main) facility address book filename path: /sw/frontier/ums/ums046/copper/olcf_copper_addressbook.txt
2026-03-12 21-12-54.236 [Info] (cu_hello_main) output filename path: /lustre/orion/stf243/world-shared/hagertnl/CUG26/copper_run/python-pytorch/copper_logs/4203415/frontier07289-210396-output.log
2026-03-12 21-12-54.236 [Debug] (cu_hello_main)  
2026-03-12 21-12-54.236 [Info] (cu_hello_main) hostname found to be: frontier07799
2026-03-12 21-12-54.236 [Debug] (process_args) -tpath was found: /
2026-03-12 21-12-54.236 [Debug] (process_args) -vpath was found: /tmp/hagertnl/copper
2026-03-12 21-12-54.236 [Debug] (process_args) -log_level was found: 6
2026-03-12 21-12-54.236 [Debug] (process_args) -log_type was found: file
2026-03-12 21-12-54.236 [Debug] (process_args) -log_output_dir was found: /lustre/orion/stf243/world-shared/hagertnl/CUG26/copper_run/python-pytorch/copper_logs/4203415
2026-03-12 21-12-54.236 [Debug] (process_args) -net_type was found: cxi://cxi1
2026-03-12 21-12-54.236 [Debug] (process_args) -trees was found: 1
2026-03-12 21-12-54.236 [Debug] (process_args) -nf was found: /lustre/orion/stf243/world-shared/hagertnl/CUG26/copper_run/python-pytorch/copper_logs/4203415/node_file.txt
2026-03-12 21-12-54.236 [Debug] (process_args) -max_cacheable_byte_size was found: 10485760
2026-03-12 21-12-54.236 [Debug] (process_args) -facility_address_book was found: /sw/frontier/ums/ums046/copper/olcf_copper_addressbook.txt
2026-03-12 21-12-54.236 [Info] (cu_hello_main) copper address located at path: /lustre/orion/stf243/world-shared/hagertnl/CUG26/copper_run/python-pytorch/copper_logs/4203415/copper_address_book.txt
2026-03-12 21-12-54.236 [Info] (cu_hello_main) facility address book filename path: /sw/frontier/ums/ums046/copper/olcf_copper_addressbook.txt
2026-03-12 21-12-54.236 [Info] (cu_hello_main) output filename path: /lustre/orion/stf243/world-shared/hagertnl/CUG26/copper_run/python-pytorch/copper_logs/4203415/frontier07799-1995501-output.log
2026-03-12 21-12-54.236 [Debug] (cu_hello_main)  
2026-03-12 21-12-54.237 [Info] (cu_hello_main) hostname found to be: frontier05501
2026-03-12 21-12-54.237 [Debug] (process_args) -tpath was found: /
2026-03-12 21-12-54.237 [Debug] (process_args) -vpath was found: /tmp/hagertnl/copper
2026-03-12 21-12-54.237 [Debug] (process_args) -log_level was found: 6
2026-03-12 21-12-54.237 [Debug] (process_args) -log_type was found: file
2026-03-12 21-12-54.237 [Debug] (process_args) -log_output_dir was found: /lustre/orion/stf243/world-shared/hagertnl/CUG26/copper_run/python-pytorch/copper_logs/4203415
2026-03-12 21-12-54.237 [Debug] (process_args) -net_type was found: cxi://cxi1
2026-03-12 21-12-54.237 [Debug] (process_args) -trees was found: 1
2026-03-12 21-12-54.237 [Debug] (process_args) -nf was found: /lustre/orion/stf243/world-shared/hagertnl/CUG26/copper_run/python-pytorch/copper_logs/4203415/node_file.txt
2026-03-12 21-12-54.237 [Debug] (process_args) -max_cacheable_byte_size was found: 10485760
2026-03-12 21-12-54.237 [Debug] (process_args) -facility_address_book was found: /sw/frontier/ums/ums046/copper/olcf_copper_addressbook.txt
2026-03-12 21-12-54.237 [Info] (cu_hello_main) copper address located at path: /lustre/orion/stf243/world-shared/hagertnl/CUG26/copper_run/python-pytorch/copper_logs/4203415/copper_address_book.txt
2026-03-12 21-12-54.237 [Info] (cu_hello_main) facility address book filename path: /sw/frontier/ums/ums046/copper/olcf_copper_addressbook.txt
2026-03-12 21-12-54.237 [Info] (cu_hello_main) output filename path: /lustre/orion/stf243/world-shared/hagertnl/CUG26/copper_run/python-pytorch/copper_logs/4203415/frontier05501-213921-output.log
2026-03-12 21-12-54.237 [Debug] (cu_hello_main)  
2026-03-12 21-12-54.237 [Info] (cu_hello_main) hostname found to be: frontier08314
2026-03-12 21-12-54.237 [Debug] (process_args) -tpath was found: /
2026-03-12 21-12-54.237 [Debug] (process_args) -vpath was found: /tmp/hagertnl/copper
2026-03-12 21-12-54.237 [Debug] (process_args) -log_level was found: 6
2026-03-12 21-12-54.237 [Debug] (process_args) -log_type was found: file
2026-03-12 21-12-54.237 [Debug] (process_args) -log_output_dir was found: /lustre/orion/stf243/world-shared/hagertnl/CUG26/copper_run/python-pytorch/copper_logs/4203415
2026-03-12 21-12-54.237 [Debug] (process_args) -net_type was found: cxi://cxi1
2026-03-12 21-12-54.237 [Debug] (process_args) -trees was found: 1
2026-03-12 21-12-54.237 [Debug] (process_args) -nf was found: /lustre/orion/stf243/world-shared/hagertnl/CUG26/copper_run/python-pytorch/copper_logs/4203415/node_file.txt
2026-03-12 21-12-54.237 [Debug] (process_args) -max_cacheable_byte_size was found: 10485760
2026-03-12 21-12-54.237 [Debug] (process_args) -facility_address_book was found: /sw/frontier/ums/ums046/copper/olcf_copper_addressbook.txt
2026-03-12 21-12-54.237 [Info] (cu_hello_main) copper address located at path: /lustre/orion/stf243/world-shared/hagertnl/CUG26/copper_run/python-pytorch/copper_logs/4203415/copper_address_book.txt
2026-03-12 21-12-54.237 [Info] (cu_hello_main) facility address book filename path: /sw/frontier/ums/ums046/copper/olcf_copper_addressbook.txt
2026-03-12 21-12-54.237 [Info] (cu_hello_main) output filename path: /lustre/orion/stf243/world-shared/hagertnl/CUG26/copper_run/python-pytorch/copper_logs/4203415/frontier08314-2942493-output.log
2026-03-12 21-12-54.240 [Debug] (cu_hello_main)  
2026-03-12 21-12-54.240 [Info] (cu_hello_main) hostname found to be: frontier08566
2026-03-12 21-12-54.240 [Debug] (process_args) -tpath was found: /
2026-03-12 21-12-54.240 [Debug] (process_args) -vpath was found: /tmp/hagertnl/copper
2026-03-12 21-12-54.240 [Debug] (process_args) -log_level was found: 6
2026-03-12 21-12-54.240 [Debug] (process_args) -log_type was found: file
2026-03-12 21-12-54.240 [Debug] (process_args) -log_output_dir was found: /lustre/orion/stf243/world-shared/hagertnl/CUG26/copper_run/python-pytorch/copper_logs/4203415
2026-03-12 21-12-54.240 [Debug] (process_args) -net_type was found: cxi://cxi1
2026-03-12 21-12-54.240 [Debug] (process_args) -trees was found: 1
2026-03-12 21-12-54.240 [Debug] (process_args) -nf was found: /lustre/orion/stf243/world-shared/hagertnl/CUG26/copper_run/python-pytorch/copper_logs/4203415/node_file.txt
2026-03-12 21-12-54.240 [Debug] (process_args) -max_cacheable_byte_size was found: 10485760
2026-03-12 21-12-54.240 [Debug] (process_args) -facility_address_book was found: /sw/frontier/ums/ums046/copper/olcf_copper_addressbook.txt
2026-03-12 21-12-54.240 [Info] (cu_hello_main) copper address located at path: /lustre/orion/stf243/world-shared/hagertnl/CUG26/copper_run/python-pytorch/copper_logs/4203415/copper_address_book.txt
2026-03-12 21-12-54.240 [Info] (cu_hello_main) facility address book filename path: /sw/frontier/ums/ums046/copper/olcf_copper_addressbook.txt
2026-03-12 21-12-54.240 [Info] (cu_hello_main) output filename path: /lustre/orion/stf243/world-shared/hagertnl/CUG26/copper_run/python-pytorch/copper_logs/4203415/frontier08566-3546013-output.log
2026-03-12 21-12-54.241 [Debug] (cu_hello_main)  
2026-03-12 21-12-54.241 [Info] (cu_hello_main) hostname found to be: frontier07548
2026-03-12 21-12-54.241 [Debug] (process_args) -tpath was found: /
2026-03-12 21-12-54.241 [Debug] (process_args) -vpath was found: /tmp/hagertnl/copper
2026-03-12 21-12-54.241 [Debug] (process_args) -log_level was found: 6
2026-03-12 21-12-54.241 [Debug] (process_args) -log_type was found: file
2026-03-12 21-12-54.241 [Debug] (process_args) -log_output_dir was found: /lustre/orion/stf243/world-shared/hagertnl/CUG26/copper_run/python-pytorch/copper_logs/4203415
2026-03-12 21-12-54.241 [Debug] (process_args) -net_type was found: cxi://cxi1
2026-03-12 21-12-54.241 [Debug] (process_args) -trees was found: 1
2026-03-12 21-12-54.241 [Debug] (process_args) -nf was found: /lustre/orion/stf243/world-shared/hagertnl/CUG26/copper_run/python-pytorch/copper_logs/4203415/node_file.txt
2026-03-12 21-12-54.241 [Debug] (process_args) -max_cacheable_byte_size was found: 10485760
2026-03-12 21-12-54.241 [Debug] (process_args) -facility_address_book was found: /sw/frontier/ums/ums046/copper/olcf_copper_addressbook.txt
2026-03-12 21-12-54.241 [Info] (cu_hello_main) copper address located at path: /lustre/orion/stf243/world-shared/hagertnl/CUG26/copper_run/python-pytorch/copper_logs/4203415/copper_address_book.txt
2026-03-12 21-12-54.241 [Info] (cu_hello_main) facility address book filename path: /sw/frontier/ums/ums046/copper/olcf_copper_addressbook.txt
2026-03-12 21-12-54.241 [Info] (cu_hello_main) output filename path: /lustre/orion/stf243/world-shared/hagertnl/CUG26/copper_run/python-pytorch/copper_logs/4203415/frontier07548-1934540-output.log
2026-03-12 21-12-54.242 [Debug] (cu_hello_main)  
2026-03-12 21-12-54.242 [Info] (cu_hello_main) hostname found to be: frontier06908
2026-03-12 21-12-54.242 [Debug] (process_args) -tpath was found: /
2026-03-12 21-12-54.242 [Debug] (process_args) -vpath was found: /tmp/hagertnl/copper
2026-03-12 21-12-54.242 [Debug] (process_args) -log_level was found: 6
2026-03-12 21-12-54.242 [Debug] (process_args) -log_type was found: file
2026-03-12 21-12-54.242 [Debug] (process_args) -log_output_dir was found: /lustre/orion/stf243/world-shared/hagertnl/CUG26/copper_run/python-pytorch/copper_logs/4203415
2026-03-12 21-12-54.242 [Debug] (process_args) -net_type was found: cxi://cxi1
2026-03-12 21-12-54.242 [Debug] (process_args) -trees was found: 1
2026-03-12 21-12-54.242 [Debug] (process_args) -nf was found: /lustre/orion/stf243/world-shared/hagertnl/CUG26/copper_run/python-pytorch/copper_logs/4203415/node_file.txt
2026-03-12 21-12-54.242 [Debug] (process_args) -max_cacheable_byte_size was found: 10485760
2026-03-12 21-12-54.242 [Debug] (process_args) -facility_address_book was found: /sw/frontier/ums/ums046/copper/olcf_copper_addressbook.txt
2026-03-12 21-12-54.242 [Info] (cu_hello_main) copper address located at path: /lustre/orion/stf243/world-shared/hagertnl/CUG26/copper_run/python-pytorch/copper_logs/4203415/copper_address_book.txt
2026-03-12 21-12-54.242 [Info] (cu_hello_main) facility address book filename path: /sw/frontier/ums/ums046/copper/olcf_copper_addressbook.txt
2026-03-12 21-12-54.242 [Info] (cu_hello_main) output filename path: /lustre/orion/stf243/world-shared/hagertnl/CUG26/copper_run/python-pytorch/copper_logs/4203415/frontier06908-817719-output.log
2026-03-12 21-12-54.242 [Debug] (cu_hello_main)  
2026-03-12 21-12-54.242 [Info] (cu_hello_main) hostname found to be: frontier07928
2026-03-12 21-12-54.242 [Debug] (process_args) -tpath was found: /
2026-03-12 21-12-54.242 [Debug] (process_args) -vpath was found: /tmp/hagertnl/copper
2026-03-12 21-12-54.242 [Debug] (process_args) -log_level was found: 6
2026-03-12 21-12-54.242 [Debug] (process_args) -log_type was found: file
2026-03-12 21-12-54.242 [Debug] (process_args) -log_output_dir was found: /lustre/orion/stf243/world-shared/hagertnl/CUG26/copper_run/python-pytorch/copper_logs/4203415
2026-03-12 21-12-54.242 [Debug] (process_args) -net_type was found: cxi://cxi1
2026-03-12 21-12-54.242 [Debug] (process_args) -trees was found: 1
2026-03-12 21-12-54.242 [Debug] (process_args) -nf was found: /lustre/orion/stf243/world-shared/hagertnl/CUG26/copper_run/python-pytorch/copper_logs/4203415/node_file.txt
2026-03-12 21-12-54.242 [Debug] (process_args) -max_cacheable_byte_size was found: 10485760
2026-03-12 21-12-54.242 [Debug] (process_args) -facility_address_book was found: /sw/frontier/ums/ums046/copper/olcf_copper_addressbook.txt
2026-03-12 21-12-54.242 [Info] (cu_hello_main) copper address located at path: /lustre/orion/stf243/world-shared/hagertnl/CUG26/copper_run/python-pytorch/copper_logs/4203415/copper_address_book.txt
2026-03-12 21-12-54.242 [Info] (cu_hello_main) facility address book filename path: /sw/frontier/ums/ums046/copper/olcf_copper_addressbook.txt
2026-03-12 21-12-54.242 [Info] (cu_hello_main) output filename path: /lustre/orion/stf243/world-shared/hagertnl/CUG26/copper_run/python-pytorch/copper_logs/4203415/frontier07928-221894-output.log
2026-03-12 21-12-54.243 [Debug] (cu_hello_main)  
2026-03-12 21-12-54.243 [Info] (cu_hello_main) hostname found to be: frontier08444
2026-03-12 21-12-54.243 [Debug] (process_args) -tpath was found: /
2026-03-12 21-12-54.243 [Debug] (process_args) -vpath was found: /tmp/hagertnl/copper
2026-03-12 21-12-54.243 [Debug] (process_args) -log_level was found: 6
2026-03-12 21-12-54.243 [Debug] (process_args) -log_type was found: file
2026-03-12 21-12-54.243 [Debug] (process_args) -log_output_dir was found: /lustre/orion/stf243/world-shared/hagertnl/CUG26/copper_run/python-pytorch/copper_logs/4203415
2026-03-12 21-12-54.243 [Debug] (process_args) -net_type was found: cxi://cxi1
2026-03-12 21-12-54.243 [Debug] (process_args) -trees was found: 1
2026-03-12 21-12-54.243 [Debug] (process_args) -nf was found: /lustre/orion/stf243/world-shared/hagertnl/CUG26/copper_run/python-pytorch/copper_logs/4203415/node_file.txt
2026-03-12 21-12-54.244 [Debug] (process_args) -max_cacheable_byte_size was found: 10485760
2026-03-12 21-12-54.244 [Debug] (process_args) -facility_address_book was found: /sw/frontier/ums/ums046/copper/olcf_copper_addressbook.txt
2026-03-12 21-12-54.243 [Debug] (cu_hello_main)  
2026-03-12 21-12-54.244 [Info] (cu_hello_main) hostname found to be: frontier06778
2026-03-12 21-12-54.244 [Debug] (process_args) -tpath was found: /
2026-03-12 21-12-54.244 [Debug] (process_args) -vpath was found: /tmp/hagertnl/copper
2026-03-12 21-12-54.244 [Debug] (process_args) -log_level was found: 6
2026-03-12 21-12-54.243 [Debug] (cu_hello_main)  
2026-03-12 21-12-54.244 [Info] (cu_hello_main) hostname found to be: frontier07546
2026-03-12 21-12-54.244 [Info] (cu_hello_main) copper address located at path: /lustre/orion/stf243/world-shared/hagertnl/CUG26/copper_run/python-pytorch/copper_logs/4203415/copper_address_book.txt
2026-03-12 21-12-54.244 [Info] (cu_hello_main) facility address book filename path: /sw/frontier/ums/ums046/copper/olcf_copper_addressbook.txt
2026-03-12 21-12-54.244 [Debug] (process_args) -log_type was found: file
2026-03-12 21-12-54.244 [Debug] (process_args) -log_output_dir was found: /lustre/orion/stf243/world-shared/hagertnl/CUG26/copper_run/python-pytorch/copper_logs/4203415
2026-03-12 21-12-54.244 [Debug] (process_args) -net_type was found: cxi://cxi1
2026-03-12 21-12-54.244 [Debug] (process_args) -trees was found: 1
2026-03-12 21-12-54.244 [Debug] (process_args) -nf was found: /lustre/orion/stf243/world-shared/hagertnl/CUG26/copper_run/python-pytorch/copper_logs/4203415/node_file.txt
2026-03-12 21-12-54.244 [Debug] (process_args) -max_cacheable_byte_size was found: 10485760
2026-03-12 21-12-54.244 [Debug] (process_args) -facility_address_book was found: /sw/frontier/ums/ums046/copper/olcf_copper_addressbook.txt
2026-03-12 21-12-54.244 [Debug] (process_args) -tpath was found: /
2026-03-12 21-12-54.244 [Debug] (process_args) -vpath was found: /tmp/hagertnl/copper
2026-03-12 21-12-54.244 [Debug] (process_args) -log_level was found: 6
2026-03-12 21-12-54.244 [Debug] (process_args) -log_type was found: file
2026-03-12 21-12-54.244 [Debug] (process_args) -log_output_dir was found: /lustre/orion/stf243/world-shared/hagertnl/CUG26/copper_run/python-pytorch/copper_logs/4203415
2026-03-12 21-12-54.244 [Debug] (process_args) -net_type was found: cxi://cxi1
2026-03-12 21-12-54.244 [Info] (cu_hello_main) output filename path: /lustre/orion/stf243/world-shared/hagertnl/CUG26/copper_run/python-pytorch/copper_logs/4203415/frontier08444-998458-output.log
2026-03-12 21-12-54.244 [Info] (cu_hello_main) copper address located at path: /lustre/orion/stf243/world-shared/hagertnl/CUG26/copper_run/python-pytorch/copper_logs/4203415/copper_address_book.txt
2026-03-12 21-12-54.244 [Info] (cu_hello_main) facility address book filename path: /sw/frontier/ums/ums046/copper/olcf_copper_addressbook.txt
2026-03-12 21-12-54.244 [Debug] (process_args) -trees was found: 1
2026-03-12 21-12-54.244 [Debug] (process_args) -nf was found: /lustre/orion/stf243/world-shared/hagertnl/CUG26/copper_run/python-pytorch/copper_logs/4203415/node_file.txt
2026-03-12 21-12-54.244 [Debug] (process_args) -max_cacheable_byte_size was found: 10485760
2026-03-12 21-12-54.244 [Info] (cu_hello_main) output filename path: /lustre/orion/stf243/world-shared/hagertnl/CUG26/copper_run/python-pytorch/copper_logs/4203415/frontier06778-218214-output.log
2026-03-12 21-12-54.244 [Debug] (process_args) -facility_address_book was found: /sw/frontier/ums/ums046/copper/olcf_copper_addressbook.txt
2026-03-12 21-12-54.244 [Info] (cu_hello_main) copper address located at path: /lustre/orion/stf243/world-shared/hagertnl/CUG26/copper_run/python-pytorch/copper_logs/4203415/copper_address_book.txt
2026-03-12 21-12-54.244 [Info] (cu_hello_main) facility address book filename path: /sw/frontier/ums/ums046/copper/olcf_copper_addressbook.txt
2026-03-12 21-12-54.244 [Info] (cu_hello_main) output filename path: /lustre/orion/stf243/world-shared/hagertnl/CUG26/copper_run/python-pytorch/copper_logs/4203415/frontier07546-1673397-output.log
2026-03-12 21-12-54.245 [Debug] (cu_hello_main)  
2026-03-12 21-12-54.245 [Info] (cu_hello_main) hostname found to be: frontier07416
2026-03-12 21-12-54.245 [Debug] (process_args) -tpath was found: /
2026-03-12 21-12-54.245 [Debug] (process_args) -vpath was found: /tmp/hagertnl/copper
2026-03-12 21-12-54.245 [Debug] (process_args) -log_level was found: 6
2026-03-12 21-12-54.245 [Debug] (process_args) -log_type was found: file
2026-03-12 21-12-54.245 [Debug] (process_args) -log_output_dir was found: /lustre/orion/stf243/world-shared/hagertnl/CUG26/copper_run/python-pytorch/copper_logs/4203415
2026-03-12 21-12-54.245 [Debug] (process_args) -net_type was found: cxi://cxi1
2026-03-12 21-12-54.245 [Debug] (process_args) -trees was found: 1
2026-03-12 21-12-54.245 [Debug] (process_args) -nf was found: /lustre/orion/stf243/world-shared/hagertnl/CUG26/copper_run/python-pytorch/copper_logs/4203415/node_file.txt
2026-03-12 21-12-54.245 [Debug] (process_args) -max_cacheable_byte_size was found: 10485760
2026-03-12 21-12-54.245 [Debug] (process_args) -facility_address_book was found: /sw/frontier/ums/ums046/copper/olcf_copper_addressbook.txt
2026-03-12 21-12-54.245 [Info] (cu_hello_main) copper address located at path: /lustre/orion/stf243/world-shared/hagertnl/CUG26/copper_run/python-pytorch/copper_logs/4203415/copper_address_book.txt
2026-03-12 21-12-54.245 [Info] (cu_hello_main) facility address book filename path: /sw/frontier/ums/ums046/copper/olcf_copper_addressbook.txt
2026-03-12 21-12-54.245 [Info] (cu_hello_main) output filename path: /lustre/orion/stf243/world-shared/hagertnl/CUG26/copper_run/python-pytorch/copper_logs/4203415/frontier07416-1180861-output.log
2026-03-12 21-12-54.246 [Debug] (cu_hello_main)  
2026-03-12 21-12-54.246 [Info] (cu_hello_main) hostname found to be: frontier09459
2026-03-12 21-12-54.246 [Debug] (process_args) -tpath was found: /
2026-03-12 21-12-54.246 [Debug] (process_args) -vpath was found: /tmp/hagertnl/copper
2026-03-12 21-12-54.246 [Debug] (process_args) -log_level was found: 6
2026-03-12 21-12-54.246 [Debug] (process_args) -log_type was found: file
2026-03-12 21-12-54.246 [Debug] (process_args) -log_output_dir was found: /lustre/orion/stf243/world-shared/hagertnl/CUG26/copper_run/python-pytorch/copper_logs/4203415
2026-03-12 21-12-54.246 [Debug] (process_args) -net_type was found: cxi://cxi1
2026-03-12 21-12-54.246 [Debug] (process_args) -trees was found: 1
2026-03-12 21-12-54.246 [Debug] (process_args) -nf was found: /lustre/orion/stf243/world-shared/hagertnl/CUG26/copper_run/python-pytorch/copper_logs/4203415/node_file.txt
2026-03-12 21-12-54.246 [Debug] (process_args) -max_cacheable_byte_size was found: 10485760
2026-03-12 21-12-54.246 [Debug] (process_args) -facility_address_book was found: /sw/frontier/ums/ums046/copper/olcf_copper_addressbook.txt
2026-03-12 21-12-54.246 [Info] (cu_hello_main) copper address located at path: /lustre/orion/stf243/world-shared/hagertnl/CUG26/copper_run/python-pytorch/copper_logs/4203415/copper_address_book.txt
2026-03-12 21-12-54.246 [Info] (cu_hello_main) facility address book filename path: /sw/frontier/ums/ums046/copper/olcf_copper_addressbook.txt
2026-03-12 21-12-54.246 [Info] (cu_hello_main) output filename path: /lustre/orion/stf243/world-shared/hagertnl/CUG26/copper_run/python-pytorch/copper_logs/4203415/frontier09459-227129-output.log
2026-03-12 21-12-54.251 [Debug] (cu_hello_main)  
2026-03-12 21-12-54.251 [Info] (cu_hello_main) hostname found to be: frontier06901
2026-03-12 21-12-54.251 [Debug] (process_args) -tpath was found: /
2026-03-12 21-12-54.251 [Debug] (process_args) -vpath was found: /tmp/hagertnl/copper
2026-03-12 21-12-54.251 [Debug] (process_args) -log_level was found: 6
2026-03-12 21-12-54.251 [Debug] (process_args) -log_type was found: file
2026-03-12 21-12-54.251 [Debug] (process_args) -log_output_dir was found: /lustre/orion/stf243/world-shared/hagertnl/CUG26/copper_run/python-pytorch/copper_logs/4203415
2026-03-12 21-12-54.251 [Debug] (process_args) -net_type was found: cxi://cxi1
2026-03-12 21-12-54.251 [Debug] (process_args) -trees was found: 1
2026-03-12 21-12-54.251 [Debug] (process_args) -nf was found: /lustre/orion/stf243/world-shared/hagertnl/CUG26/copper_run/python-pytorch/copper_logs/4203415/node_file.txt
2026-03-12 21-12-54.251 [Debug] (process_args) -max_cacheable_byte_size was found: 10485760
2026-03-12 21-12-54.251 [Debug] (process_args) -facility_address_book was found: /sw/frontier/ums/ums046/copper/olcf_copper_addressbook.txt
2026-03-12 21-12-54.251 [Info] (cu_hello_main) copper address located at path: /lustre/orion/stf243/world-shared/hagertnl/CUG26/copper_run/python-pytorch/copper_logs/4203415/copper_address_book.txt
2026-03-12 21-12-54.251 [Info] (cu_hello_main) facility address book filename path: /sw/frontier/ums/ums046/copper/olcf_copper_addressbook.txt
2026-03-12 21-12-54.251 [Info] (cu_hello_main) output filename path: /lustre/orion/stf243/world-shared/hagertnl/CUG26/copper_run/python-pytorch/copper_logs/4203415/frontier06901-1637828-output.log
2026-03-12 21-12-54.252 [Debug] (cu_hello_main)  
2026-03-12 21-12-54.252 [Info] (cu_hello_main) hostname found to be: frontier07415
2026-03-12 21-12-54.252 [Debug] (process_args) -tpath was found: /
2026-03-12 21-12-54.252 [Debug] (process_args) -vpath was found: /tmp/hagertnl/copper
2026-03-12 21-12-54.252 [Debug] (process_args) -log_level was found: 6
2026-03-12 21-12-54.252 [Debug] (process_args) -log_type was found: file
2026-03-12 21-12-54.252 [Debug] (process_args) -log_output_dir was found: /lustre/orion/stf243/world-shared/hagertnl/CUG26/copper_run/python-pytorch/copper_logs/4203415
2026-03-12 21-12-54.252 [Debug] (process_args) -net_type was found: cxi://cxi1
2026-03-12 21-12-54.252 [Debug] (process_args) -trees was found: 1
2026-03-12 21-12-54.252 [Debug] (process_args) -nf was found: /lustre/orion/stf243/world-shared/hagertnl/CUG26/copper_run/python-pytorch/copper_logs/4203415/node_file.txt
2026-03-12 21-12-54.252 [Debug] (process_args) -max_cacheable_byte_size was found: 10485760
2026-03-12 21-12-54.252 [Debug] (process_args) -facility_address_book was found: /sw/frontier/ums/ums046/copper/olcf_copper_addressbook.txt
2026-03-12 21-12-54.252 [Info] (cu_hello_main) copper address located at path: /lustre/orion/stf243/world-shared/hagertnl/CUG26/copper_run/python-pytorch/copper_logs/4203415/copper_address_book.txt
2026-03-12 21-12-54.252 [Info] (cu_hello_main) facility address book filename path: /sw/frontier/ums/ums046/copper/olcf_copper_addressbook.txt
2026-03-12 21-12-54.252 [Info] (cu_hello_main) output filename path: /lustre/orion/stf243/world-shared/hagertnl/CUG26/copper_run/python-pytorch/copper_logs/4203415/frontier07415-733793-output.log
2026-03-12 21-12-54.258 [Debug] (cu_hello_main)  
2026-03-12 21-12-54.258 [Info] (cu_hello_main) hostname found to be: frontier07798
2026-03-12 21-12-54.258 [Debug] (process_args) -tpath was found: /
2026-03-12 21-12-54.258 [Debug] (process_args) -vpath was found: /tmp/hagertnl/copper
2026-03-12 21-12-54.258 [Debug] (process_args) -log_level was found: 6
2026-03-12 21-12-54.258 [Debug] (process_args) -log_type was found: file
2026-03-12 21-12-54.258 [Debug] (process_args) -log_output_dir was found: /lustre/orion/stf243/world-shared/hagertnl/CUG26/copper_run/python-pytorch/copper_logs/4203415
2026-03-12 21-12-54.258 [Debug] (process_args) -net_type was found: cxi://cxi1
2026-03-12 21-12-54.258 [Debug] (process_args) -trees was found: 1
2026-03-12 21-12-54.258 [Debug] (process_args) -nf was found: /lustre/orion/stf243/world-shared/hagertnl/CUG26/copper_run/python-pytorch/copper_logs/4203415/node_file.txt
2026-03-12 21-12-54.258 [Debug] (process_args) -max_cacheable_byte_size was found: 10485760
2026-03-12 21-12-54.258 [Debug] (process_args) -facility_address_book was found: /sw/frontier/ums/ums046/copper/olcf_copper_addressbook.txt
2026-03-12 21-12-54.258 [Info] (cu_hello_main) copper address located at path: /lustre/orion/stf243/world-shared/hagertnl/CUG26/copper_run/python-pytorch/copper_logs/4203415/copper_address_book.txt
2026-03-12 21-12-54.258 [Info] (cu_hello_main) facility address book filename path: /sw/frontier/ums/ums046/copper/olcf_copper_addressbook.txt
2026-03-12 21-12-54.258 [Info] (cu_hello_main) output filename path: /lustre/orion/stf243/world-shared/hagertnl/CUG26/copper_run/python-pytorch/copper_logs/4203415/frontier07798-1313503-output.log
2026-03-12 21-12-54.260 [Debug] (cu_hello_main)  
2026-03-12 21-12-54.260 [Info] (cu_hello_main) hostname found to be: frontier07927
2026-03-12 21-12-54.260 [Debug] (process_args) -tpath was found: /
2026-03-12 21-12-54.260 [Debug] (process_args) -vpath was found: /tmp/hagertnl/copper
2026-03-12 21-12-54.260 [Debug] (process_args) -log_level was found: 6
2026-03-12 21-12-54.260 [Debug] (process_args) -log_type was found: file
2026-03-12 21-12-54.260 [Debug] (process_args) -log_output_dir was found: /lustre/orion/stf243/world-shared/hagertnl/CUG26/copper_run/python-pytorch/copper_logs/4203415
2026-03-12 21-12-54.260 [Debug] (process_args) -net_type was found: cxi://cxi1
2026-03-12 21-12-54.260 [Debug] (process_args) -trees was found: 1
2026-03-12 21-12-54.260 [Debug] (process_args) -nf was found: /lustre/orion/stf243/world-shared/hagertnl/CUG26/copper_run/python-pytorch/copper_logs/4203415/node_file.txt
2026-03-12 21-12-54.260 [Debug] (process_args) -max_cacheable_byte_size was found: 10485760
2026-03-12 21-12-54.260 [Debug] (process_args) -facility_address_book was found: /sw/frontier/ums/ums046/copper/olcf_copper_addressbook.txt
2026-03-12 21-12-54.260 [Info] (cu_hello_main) copper address located at path: /lustre/orion/stf243/world-shared/hagertnl/CUG26/copper_run/python-pytorch/copper_logs/4203415/copper_address_book.txt
2026-03-12 21-12-54.260 [Info] (cu_hello_main) facility address book filename path: /sw/frontier/ums/ums046/copper/olcf_copper_addressbook.txt
2026-03-12 21-12-54.260 [Info] (cu_hello_main) output filename path: /lustre/orion/stf243/world-shared/hagertnl/CUG26/copper_run/python-pytorch/copper_logs/4203415/frontier07927-212594-output.log
2026-03-12 21-12-54.261 [Debug] (cu_hello_main)  
2026-03-12 21-12-54.261 [Info] (cu_hello_main) hostname found to be: frontier09079
2026-03-12 21-12-54.261 [Debug] (process_args) -tpath was found: /
2026-03-12 21-12-54.261 [Debug] (process_args) -vpath was found: /tmp/hagertnl/copper
2026-03-12 21-12-54.261 [Debug] (process_args) -log_level was found: 6
2026-03-12 21-12-54.261 [Debug] (process_args) -log_type was found: file
2026-03-12 21-12-54.261 [Debug] (process_args) -log_output_dir was found: /lustre/orion/stf243/world-shared/hagertnl/CUG26/copper_run/python-pytorch/copper_logs/4203415
2026-03-12 21-12-54.261 [Debug] (process_args) -net_type was found: cxi://cxi1
2026-03-12 21-12-54.261 [Debug] (process_args) -trees was found: 1
2026-03-12 21-12-54.261 [Debug] (process_args) -nf was found: /lustre/orion/stf243/world-shared/hagertnl/CUG26/copper_run/python-pytorch/copper_logs/4203415/node_file.txt
2026-03-12 21-12-54.261 [Debug] (process_args) -max_cacheable_byte_size was found: 10485760
2026-03-12 21-12-54.261 [Debug] (process_args) -facility_address_book was found: /sw/frontier/ums/ums046/copper/olcf_copper_addressbook.txt
2026-03-12 21-12-54.261 [Info] (cu_hello_main) copper address located at path: /lustre/orion/stf243/world-shared/hagertnl/CUG26/copper_run/python-pytorch/copper_logs/4203415/copper_address_book.txt
2026-03-12 21-12-54.261 [Info] (cu_hello_main) facility address book filename path: /sw/frontier/ums/ums046/copper/olcf_copper_addressbook.txt
2026-03-12 21-12-54.261 [Info] (cu_hello_main) output filename path: /lustre/orion/stf243/world-shared/hagertnl/CUG26/copper_run/python-pytorch/copper_logs/4203415/frontier09079-222621-output.log
2026-03-12 21-12-54.266 [Debug] (cu_hello_main)  
2026-03-12 21-12-54.266 [Info] (cu_hello_main) hostname found to be: frontier08312
2026-03-12 21-12-54.266 [Debug] (process_args) -tpath was found: /
2026-03-12 21-12-54.266 [Debug] (process_args) -vpath was found: /tmp/hagertnl/copper
2026-03-12 21-12-54.266 [Debug] (process_args) -log_level was found: 6
2026-03-12 21-12-54.266 [Debug] (process_args) -log_type was found: file
2026-03-12 21-12-54.266 [Debug] (process_args) -log_output_dir was found: /lustre/orion/stf243/world-shared/hagertnl/CUG26/copper_run/python-pytorch/copper_logs/4203415
2026-03-12 21-12-54.266 [Debug] (process_args) -net_type was found: cxi://cxi1
2026-03-12 21-12-54.266 [Debug] (process_args) -trees was found: 1
2026-03-12 21-12-54.266 [Debug] (process_args) -nf was found: /lustre/orion/stf243/world-shared/hagertnl/CUG26/copper_run/python-pytorch/copper_logs/4203415/node_file.txt
2026-03-12 21-12-54.266 [Debug] (process_args) -max_cacheable_byte_size was found: 10485760
2026-03-12 21-12-54.266 [Debug] (process_args) -facility_address_book was found: /sw/frontier/ums/ums046/copper/olcf_copper_addressbook.txt
2026-03-12 21-12-54.266 [Info] (cu_hello_main) copper address located at path: /lustre/orion/stf243/world-shared/hagertnl/CUG26/copper_run/python-pytorch/copper_logs/4203415/copper_address_book.txt
2026-03-12 21-12-54.266 [Info] (cu_hello_main) facility address book filename path: /sw/frontier/ums/ums046/copper/olcf_copper_addressbook.txt
2026-03-12 21-12-54.266 [Info] (cu_hello_main) output filename path: /lustre/orion/stf243/world-shared/hagertnl/CUG26/copper_run/python-pytorch/copper_logs/4203415/frontier08312-1585865-output.log
2026-03-12 21-12-54.274 [Debug] (cu_hello_main)  
2026-03-12 21-12-54.274 [Info] (cu_hello_main) hostname found to be: frontier07412
2026-03-12 21-12-54.274 [Debug] (process_args) -tpath was found: /
2026-03-12 21-12-54.274 [Debug] (process_args) -vpath was found: /tmp/hagertnl/copper
2026-03-12 21-12-54.274 [Debug] (process_args) -log_level was found: 6
2026-03-12 21-12-54.274 [Debug] (process_args) -log_type was found: file
2026-03-12 21-12-54.274 [Debug] (process_args) -log_output_dir was found: /lustre/orion/stf243/world-shared/hagertnl/CUG26/copper_run/python-pytorch/copper_logs/4203415
2026-03-12 21-12-54.274 [Debug] (process_args) -net_type was found: cxi://cxi1
2026-03-12 21-12-54.274 [Debug] (process_args) -trees was found: 1
2026-03-12 21-12-54.274 [Debug] (process_args) -nf was found: /lustre/orion/stf243/world-shared/hagertnl/CUG26/copper_run/python-pytorch/copper_logs/4203415/node_file.txt
2026-03-12 21-12-54.274 [Debug] (process_args) -max_cacheable_byte_size was found: 10485760
2026-03-12 21-12-54.274 [Debug] (process_args) -facility_address_book was found: /sw/frontier/ums/ums046/copper/olcf_copper_addressbook.txt
2026-03-12 21-12-54.274 [Info] (cu_hello_main) copper address located at path: /lustre/orion/stf243/world-shared/hagertnl/CUG26/copper_run/python-pytorch/copper_logs/4203415/copper_address_book.txt
2026-03-12 21-12-54.274 [Info] (cu_hello_main) facility address book filename path: /sw/frontier/ums/ums046/copper/olcf_copper_addressbook.txt
2026-03-12 21-12-54.274 [Info] (cu_hello_main) output filename path: /lustre/orion/stf243/world-shared/hagertnl/CUG26/copper_run/python-pytorch/copper_logs/4203415/frontier07412-2134138-output.log
2026-03-12 21-12-54.284 [Debug] (cu_hello_main)  
2026-03-12 21-12-54.284 [Info] (cu_hello_main) hostname found to be: frontier07800
2026-03-12 21-12-54.284 [Debug] (process_args) -tpath was found: /
2026-03-12 21-12-54.284 [Debug] (process_args) -vpath was found: /tmp/hagertnl/copper
2026-03-12 21-12-54.284 [Debug] (process_args) -log_level was found: 6
2026-03-12 21-12-54.284 [Debug] (process_args) -log_type was found: file
2026-03-12 21-12-54.284 [Debug] (process_args) -log_output_dir was found: /lustre/orion/stf243/world-shared/hagertnl/CUG26/copper_run/python-pytorch/copper_logs/4203415
2026-03-12 21-12-54.284 [Debug] (process_args) -net_type was found: cxi://cxi1
2026-03-12 21-12-54.284 [Debug] (process_args) -trees was found: 1
2026-03-12 21-12-54.284 [Debug] (process_args) -nf was found: /lustre/orion/stf243/world-shared/hagertnl/CUG26/copper_run/python-pytorch/copper_logs/4203415/node_file.txt
2026-03-12 21-12-54.284 [Debug] (process_args) -max_cacheable_byte_size was found: 10485760
2026-03-12 21-12-54.284 [Debug] (process_args) -facility_address_book was found: /sw/frontier/ums/ums046/copper/olcf_copper_addressbook.txt
2026-03-12 21-12-54.284 [Info] (cu_hello_main) copper address located at path: /lustre/orion/stf243/world-shared/hagertnl/CUG26/copper_run/python-pytorch/copper_logs/4203415/copper_address_book.txt
2026-03-12 21-12-54.284 [Info] (cu_hello_main) facility address book filename path: /sw/frontier/ums/ums046/copper/olcf_copper_addressbook.txt
2026-03-12 21-12-54.284 [Info] (cu_hello_main) output filename path: /lustre/orion/stf243/world-shared/hagertnl/CUG26/copper_run/python-pytorch/copper_logs/4203415/frontier07800-760714-output.log
2026-03-12 21-12-54.438 [Debug] (cu_hello_main)  
2026-03-12 21-12-54.438 [Info] (cu_hello_main) hostname found to be: frontier07417
2026-03-12 21-12-54.438 [Debug] (process_args) -tpath was found: /
2026-03-12 21-12-54.438 [Debug] (process_args) -vpath was found: /tmp/hagertnl/copper
2026-03-12 21-12-54.438 [Debug] (process_args) -log_level was found: 6
2026-03-12 21-12-54.438 [Debug] (process_args) -log_type was found: file
2026-03-12 21-12-54.438 [Debug] (process_args) -log_output_dir was found: /lustre/orion/stf243/world-shared/hagertnl/CUG26/copper_run/python-pytorch/copper_logs/4203415
2026-03-12 21-12-54.438 [Debug] (process_args) -net_type was found: cxi://cxi1
2026-03-12 21-12-54.438 [Debug] (process_args) -trees was found: 1
2026-03-12 21-12-54.438 [Debug] (process_args) -nf was found: /lustre/orion/stf243/world-shared/hagertnl/CUG26/copper_run/python-pytorch/copper_logs/4203415/node_file.txt
2026-03-12 21-12-54.438 [Debug] (process_args) -max_cacheable_byte_size was found: 10485760
2026-03-12 21-12-54.438 [Debug] (process_args) -facility_address_book was found: /sw/frontier/ums/ums046/copper/olcf_copper_addressbook.txt
2026-03-12 21-12-54.438 [Info] (cu_hello_main) copper address located at path: /lustre/orion/stf243/world-shared/hagertnl/CUG26/copper_run/python-pytorch/copper_logs/4203415/copper_address_book.txt
2026-03-12 21-12-54.438 [Info] (cu_hello_main) facility address book filename path: /sw/frontier/ums/ums046/copper/olcf_copper_addressbook.txt
2026-03-12 21-12-54.438 [Info] (cu_hello_main) output filename path: /lustre/orion/stf243/world-shared/hagertnl/CUG26/copper_run/python-pytorch/copper_logs/4203415/frontier07417-1175759-output.log
2026-03-12 21-12-54.447 [Debug] (cu_hello_main)  
2026-03-12 21-12-54.447 [Info] (cu_hello_main) hostname found to be: frontier08567
2026-03-12 21-12-54.447 [Debug] (process_args) -tpath was found: /
2026-03-12 21-12-54.447 [Debug] (process_args) -vpath was found: /tmp/hagertnl/copper
2026-03-12 21-12-54.447 [Debug] (process_args) -log_level was found: 6
2026-03-12 21-12-54.447 [Debug] (process_args) -log_type was found: file
2026-03-12 21-12-54.447 [Debug] (process_args) -log_output_dir was found: /lustre/orion/stf243/world-shared/hagertnl/CUG26/copper_run/python-pytorch/copper_logs/4203415
2026-03-12 21-12-54.448 [Debug] (process_args) -net_type was found: cxi://cxi1
2026-03-12 21-12-54.448 [Debug] (process_args) -trees was found: 1
2026-03-12 21-12-54.448 [Debug] (process_args) -nf was found: /lustre/orion/stf243/world-shared/hagertnl/CUG26/copper_run/python-pytorch/copper_logs/4203415/node_file.txt
2026-03-12 21-12-54.448 [Debug] (process_args) -max_cacheable_byte_size was found: 10485760
2026-03-12 21-12-54.448 [Debug] (process_args) -facility_address_book was found: /sw/frontier/ums/ums046/copper/olcf_copper_addressbook.txt
2026-03-12 21-12-54.448 [Info] (cu_hello_main) copper address located at path: /lustre/orion/stf243/world-shared/hagertnl/CUG26/copper_run/python-pytorch/copper_logs/4203415/copper_address_book.txt
2026-03-12 21-12-54.448 [Info] (cu_hello_main) facility address book filename path: /sw/frontier/ums/ums046/copper/olcf_copper_addressbook.txt
2026-03-12 21-12-54.448 [Info] (cu_hello_main) output filename path: /lustre/orion/stf243/world-shared/hagertnl/CUG26/copper_run/python-pytorch/copper_logs/4203415/frontier08567-2810873-output.log
+ echo 'Launching Copper Gracefully On All Nodes : End'
Launching Copper Gracefully On All Nodes : End
++ seq 1 5
+ for i in $(seq 1 5)
+ /usr/bin/time srun -N 64 -n 512 -c 2 --ntasks-per-node=8 --gpus-per-node=8 --gpu-bind=closest --network=single_node_vni,job_vni python3 -c 'import torch'
0.01user 0.07system 0:41.28elapsed 0%CPU (0avgtext+0avgdata 18432maxresident)k
38inputs+0outputs (0major+3952minor)pagefaults 0swaps
+ sleep 10
+ for i in $(seq 1 5)
+ /usr/bin/time srun -N 64 -n 512 -c 2 --ntasks-per-node=8 --gpus-per-node=8 --gpu-bind=closest --network=single_node_vni,job_vni python3 -c 'import torch'
0.02user 0.05system 0:25.51elapsed 0%CPU (0avgtext+0avgdata 18432maxresident)k
38inputs+0outputs (0major+3951minor)pagefaults 0swaps
+ sleep 10
+ for i in $(seq 1 5)
+ /usr/bin/time srun -N 64 -n 512 -c 2 --ntasks-per-node=8 --gpus-per-node=8 --gpu-bind=closest --network=single_node_vni,job_vni python3 -c 'import torch'
0.05user 0.02system 0:25.07elapsed 0%CPU (0avgtext+0avgdata 17408maxresident)k
0inputs+0outputs (0major+3952minor)pagefaults 0swaps
+ sleep 10
+ for i in $(seq 1 5)
+ /usr/bin/time srun -N 64 -n 512 -c 2 --ntasks-per-node=8 --gpus-per-node=8 --gpu-bind=closest --network=single_node_vni,job_vni python3 -c 'import torch'
0.02user 0.05system 0:25.24elapsed 0%CPU (0avgtext+0avgdata 17408maxresident)k
38inputs+0outputs (0major+3952minor)pagefaults 0swaps
+ sleep 10
+ for i in $(seq 1 5)
+ /usr/bin/time srun -N 64 -n 512 -c 2 --ntasks-per-node=8 --gpus-per-node=8 --gpu-bind=closest --network=single_node_vni,job_vni python3 -c 'import torch'
0.02user 0.06system 0:24.17elapsed 0%CPU (0avgtext+0avgdata 18432maxresident)k
0inputs+0outputs (0major+3951minor)pagefaults 0swaps
+ sleep 10
+ stop_copper.sh -d /lustre/orion/stf243/world-shared/hagertnl/CUG26/copper_run/python-pytorch/copper_logs/4203415
+ '[' -z '' ']'
+ case "$-" in
+ __lmod_vx=x
+ '[' -n x ']'
+ set +x
Shell debugging temporarily silenced: export LMOD_SH_DBG_ON=1 for this output (/opt/cray/pe/lmod/lmod/init/bash)
Shell debugging restarted
+ unset __lmod_vx
+ log_dir=/ccs/home/hagertnl/copper-logs/4203415
+ getopts d: opt
+ case ${opt} in
+ log_dir=/lustre/orion/stf243/world-shared/hagertnl/CUG26/copper_run/python-pytorch/copper_logs/4203415
+ getopts d: opt
+ SLURM_NODEFILE=/lustre/orion/stf243/world-shared/hagertnl/CUG26/copper_run/python-pytorch/copper_logs/4203415/node_file.txt
+ echo 'Stopping Copper Gracefully On All Nodes : Start'
Stopping Copper Gracefully On All Nodes : Start
+ CU_FUSE_MNT_VIEWDIR=/tmp/hagertnl/copper
+ clush --hostfile /lustre/orion/stf243/world-shared/hagertnl/CUG26/copper_run/python-pytorch/copper_logs/4203415/node_file.txt 'pkill -9 cu_fuse'
srun: error: frontier08566: task 47: Killed
srun: Terminating StepId=4203415.0
slurmstepd: error: *** STEP 4203415.0 ON frontier05499 CANCELLED AT 2026-03-12T21:16:37 ***
srun: error: frontier08565: task 46: Killed
srun: error: frontier05886: task 4: Killed
srun: error: frontier07546: task 27: Killed
srun: error: frontier07417: task 25: Killed
srun: error: frontier08567: task 48: Killed
srun: error: frontier08444: task 45: Killed
srun: error: frontier07535: task 26: Killed
srun: error: frontier08440: task 44: Killed
srun: error: frontier07799: task 31: Killed
srun: error: frontier09208: task 57: Exited with exit code 7
srun: error: frontier06006: task 5: Killed
srun: error: frontier08311: task 41: Exited with exit code 7
srun: error: frontier09460: task 62: Exited with exit code 7
srun: error: frontier07289: task 20: Exited with exit code 7
srun: error: frontier06907: task 15: Exited with exit code 7
srun: error: frontier08046: task 38: Exited with exit code 7
srun: error: frontier09462: task 63: Exited with exit code 7
srun: error: frontier05883: task 3: Exited with exit code 7
srun: error: frontier08054: task 40: Exited with exit code 7
srun: error: frontier07548: task 29: Exited with exit code 7
srun: error: frontier09079: task 55: Exited with exit code 7
clush: frontier08054: exited with exit code 1
srun: error: frontier07920: task 34: Exited with exit code 7
srun: error: frontier08053: task 39: Exited with exit code 7
srun: error: frontier06008: task 6: Exited with exit code 7
srun: error: frontier09328: task 58: Exited with exit code 7
srun: error: frontier09329: task 59: Exited with exit code 7
clush: frontier09329: exited with exit code 1
srun: error: frontier05632: task 2: Exited with exit code 7
clush: frontier07548: exited with exit code 1
srun: error: frontier08958: task 52: Exited with exit code 7
srun: error: frontier07285: task 19: Exited with exit code 7
clush: frontier09460: exited with exit code 1
clush: frontier07920: exited with exit code 1
srun: error: frontier06777: task 12: Exited with exit code 7
srun: error: frontier07547: task 28: Exited with exit code 7
srun: error: frontier07798: task 30: Exited with exit code 7
srun: error: frontier06010: task 7: Exited with exit code 7
srun: error: frontier07412: task 22: Exited with exit code 7
srun: error: frontier07928: task 37: Exited with exit code 7
srun: error: frontier09078: task 54: Exited with exit code 7
srun: error: frontier07165: task 18: Exited with exit code 7
srun: error: frontier08314: task 43: Exited with exit code 7
srun: error: frontier07800: task 32: Killed
srun: error: frontier08312: task 42: Exited with exit code 7
srun: error: frontier07415: task 23: Exited with exit code 7
srun: error: frontier05499: task 0: Exited with exit code 7
srun: error: frontier06778: task 13: Exited with exit code 7
srun: error: frontier05501: task 1: Exited with exit code 7
srun: error: frontier07926: task 35: Exited with exit code 7
srun: error: frontier06901: task 14: Exited with exit code 7
clush: frontier06907: exited with exit code 1
srun: error: frontier08685: task 49: Exited with exit code 7
clush: frontier06778: exited with exit code 1
srun: error: frontier07290: task 21: Exited with exit code 7
srun: error: frontier06266: task 9: Exited with exit code 7
srun: error: frontier07801: task 33: Exited with exit code 7
srun: error: frontier06391: task 10: Exited with exit code 7
srun: error: frontier06908: task 16: Exited with exit code 7
clush: frontier07926: exited with exit code 1
srun: error: frontier06650: task 11: Exited with exit code 7
clush: frontier08685: exited with exit code 1
clush: frontier08312: exited with exit code 1
clush: frontier08046: exited with exit code 1
clush: frontier06777: exited with exit code 1
clush: frontier07928: exited with exit code 1
clush: frontier06650: exited with exit code 1
clush: frontier07801: exited with exit code 1
clush: frontier07165: exited with exit code 1
clush: frontier06901: exited with exit code 1
clush: frontier08311: exited with exit code 1
clush: frontier05499: exited with exit code 1
clush: frontier05883: exited with exit code 1
clush: frontier08314: exited with exit code 1
clush: frontier06010: exited with exit code 1
clush: frontier08053: exited with exit code 1
clush: frontier07415: exited with exit code 1
clush: frontier07290: exited with exit code 1
clush: frontier07289: exited with exit code 1
clush: frontier08958: exited with exit code 1
clush: frontier05632: exited with exit code 1
+ clush --hostfile /lustre/orion/stf243/world-shared/hagertnl/CUG26/copper_run/python-pytorch/copper_logs/4203415/node_file.txt 'fusermount3 -u /tmp/hagertnl/copper'
srun: error: frontier09459: task 61: Killed
srun: error: frontier06909: task 17: Killed
srun: error: frontier07927: task 36: Killed
srun: error: frontier09077: task 53: Killed
srun: error: frontier09204: task 56: Killed
srun: error: frontier08690: task 50: Killed
srun: error: frontier08691: task 51: Killed
srun: error: frontier07416: task 24: Killed
srun: error: frontier09331: task 60: Killed
srun: error: frontier06136: task 8: Killed
srun: Force Terminated StepId=4203415.0
frontier06006: fusermount3: entry for /tmp/hagertnl/copper not found in /etc/mtab
clush: frontier06006: exited with exit code 1
frontier07416: fusermount3: entry for /tmp/hagertnl/copper not found in /etc/mtab
clush: frontier07416: exited with exit code 1
frontier06650: fusermount3: entry for /tmp/hagertnl/copper not found in /etc/mtab
clush: frontier06650: exited with exit code 1
frontier07285: fusermount3: entry for /tmp/hagertnl/copper not found in /etc/mtab
clush: frontier07285: exited with exit code 1
frontier07926: fusermount3: entry for /tmp/hagertnl/copper not found in /etc/mtab
clush: frontier07926: exited with exit code 1
frontier09078: fusermount3: entry for /tmp/hagertnl/copper not found in /etc/mtab
clush: frontier09078: exited with exit code 1
frontier08690: fusermount3: entry for /tmp/hagertnl/copper not found in /etc/mtab
clush: frontier08690: exited with exit code 1
frontier06908: fusermount3: entry for /tmp/hagertnl/copper not found in /etc/mtab
clush: frontier06908: exited with exit code 1
frontier06008: fusermount3: entry for /tmp/hagertnl/copper not found in /etc/mtab
clush: frontier06008: exited with exit code 1
frontier07927: fusermount3: entry for /tmp/hagertnl/copper not found in /etc/mtab
clush: frontier07927: exited with exit code 1
frontier07415: fusermount3: entry for /tmp/hagertnl/copper not found in /etc/mtab
clush: frontier07415: exited with exit code 1
frontier09208: fusermount3: entry for /tmp/hagertnl/copper not found in /etc/mtab
clush: frontier09208: exited with exit code 1
frontier06778: fusermount3: entry for /tmp/hagertnl/copper not found in /etc/mtab
clush: frontier06778: exited with exit code 1
frontier09077: fusermount3: entry for /tmp/hagertnl/copper not found in /etc/mtab
clush: frontier09077: exited with exit code 1
frontier06136: fusermount3: entry for /tmp/hagertnl/copper not found in /etc/mtab
clush: frontier06136: exited with exit code 1
frontier07920: fusermount3: entry for /tmp/hagertnl/copper not found in /etc/mtab
clush: frontier07920: exited with exit code 1
frontier07290: fusermount3: entry for /tmp/hagertnl/copper not found in /etc/mtab
clush: frontier07290: exited with exit code 1
frontier07412: fusermount3: entry for /tmp/hagertnl/copper not found in /etc/mtab
clush: frontier07412: exited with exit code 1
frontier09460: fusermount3: entry for /tmp/hagertnl/copper not found in /etc/mtab
clush: frontier09460: exited with exit code 1
frontier06777: fusermount3: entry for /tmp/hagertnl/copper not found in /etc/mtab
clush: frontier06777: exited with exit code 1
frontier07547: fusermount3: entry for /tmp/hagertnl/copper not found in /etc/mtab
clush: frontier07547: exited with exit code 1
frontier06010: fusermount3: entry for /tmp/hagertnl/copper not found in /etc/mtab
clush: frontier06010: exited with exit code 1
frontier08053: fusermount3: entry for /tmp/hagertnl/copper not found in /etc/mtab
clush: frontier08053: exited with exit code 1
frontier09328: fusermount3: entry for /tmp/hagertnl/copper not found in /etc/mtab
clush: frontier09328: exited with exit code 1
frontier05501: fusermount3: entry for /tmp/hagertnl/copper not found in /etc/mtab
clush: frontier05501: exited with exit code 1
frontier08311: fusermount3: entry for /tmp/hagertnl/copper not found in /etc/mtab
clush: frontier08311: exited with exit code 1
frontier06909: fusermount3: entry for /tmp/hagertnl/copper not found in /etc/mtab
clush: frontier06909: exited with exit code 1
frontier07798: fusermount3: entry for /tmp/hagertnl/copper not found in /etc/mtab
clush: frontier07798: exited with exit code 1
frontier05632: fusermount3: entry for /tmp/hagertnl/copper not found in /etc/mtab
clush: frontier05632: exited with exit code 1
frontier06391: fusermount3: entry for /tmp/hagertnl/copper not found in /etc/mtab
clush: frontier06391: exited with exit code 1
frontier06266: fusermount3: entry for /tmp/hagertnl/copper not found in /etc/mtab
clush: frontier06266: exited with exit code 1
frontier08958: fusermount3: entry for /tmp/hagertnl/copper not found in /etc/mtab
clush: frontier08958: exited with exit code 1
frontier08312: fusermount3: entry for /tmp/hagertnl/copper not found in /etc/mtab
clush: frontier08312: exited with exit code 1
frontier08685: fusermount3: entry for /tmp/hagertnl/copper not found in /etc/mtab
clush: frontier08685: exited with exit code 1
frontier09462: fusermount3: entry for /tmp/hagertnl/copper not found in /etc/mtab
clush: frontier09462: exited with exit code 1
frontier09204: fusermount3: entry for /tmp/hagertnl/copper not found in /etc/mtab
clush: frontier09204: exited with exit code 1
frontier07289: fusermount3: entry for /tmp/hagertnl/copper not found in /etc/mtab
frontier07165: fusermount3: entry for /tmp/hagertnl/copper not found in /etc/mtab
clush: frontier07289: exited with exit code 1
clush: frontier07165: exited with exit code 1
frontier07548: fusermount3: entry for /tmp/hagertnl/copper not found in /etc/mtab
clush: frontier07548: exited with exit code 1
frontier07799: fusermount3: entry for /tmp/hagertnl/copper not found in /etc/mtab
clush: frontier07799: exited with exit code 1
frontier07801: fusermount3: entry for /tmp/hagertnl/copper not found in /etc/mtab
clush: frontier07801: exited with exit code 1
frontier07800: fusermount3: entry for /tmp/hagertnl/copper not found in /etc/mtab
clush: frontier07800: exited with exit code 1
frontier08054: fusermount3: entry for /tmp/hagertnl/copper not found in /etc/mtab
clush: frontier08054: exited with exit code 1
frontier09459: fusermount3: entry for /tmp/hagertnl/copper not found in /etc/mtab
clush: frontier09459: exited with exit code 1
frontier08314: fusermount3: entry for /tmp/hagertnl/copper not found in /etc/mtab
clush: frontier08314: exited with exit code 1
frontier09079: fusermount3: entry for /tmp/hagertnl/copper not found in /etc/mtab
clush: frontier09079: exited with exit code 1
frontier09329: fusermount3: entry for /tmp/hagertnl/copper not found in /etc/mtab
clush: frontier09329: exited with exit code 1
frontier08691: fusermount3: entry for /tmp/hagertnl/copper not found in /etc/mtab
clush: frontier08691: exited with exit code 1
frontier06901: fusermount3: entry for /tmp/hagertnl/copper not found in /etc/mtab
frontier06907: fusermount3: entry for /tmp/hagertnl/copper not found in /etc/mtab
clush: frontier06901: exited with exit code 1
clush: frontier06907: exited with exit code 1
frontier05883: fusermount3: entry for /tmp/hagertnl/copper not found in /etc/mtab
clush: frontier05883: exited with exit code 1
frontier09331: fusermount3: entry for /tmp/hagertnl/copper not found in /etc/mtab
clush: frontier09331: exited with exit code 1
frontier05499: fusermount3: entry for /tmp/hagertnl/copper not found in /etc/mtab
clush: frontier05499: exited with exit code 1
frontier07928: fusermount3: entry for /tmp/hagertnl/copper not found in /etc/mtab
clush: frontier07928: exited with exit code 1
frontier08046: fusermount3: entry for /tmp/hagertnl/copper not found in /etc/mtab
clush: frontier08046: exited with exit code 1
+ clush --hostfile /lustre/orion/stf243/world-shared/hagertnl/CUG26/copper_run/python-pytorch/copper_logs/4203415/node_file.txt 'rm -rf /tmp/hagertnl/copper'
+ echo 'Stopping Copper Gracefully On All Nodes : End'
Stopping Copper Gracefully On All Nodes : End
