+ '[' -z '' ']'
+ case "$-" in
+ __lmod_vx=x
+ '[' -n x ']'
+ set +x
Shell debugging temporarily silenced: export LMOD_SH_DBG_ON=1 for this output (/opt/cray/pe/lmod/lmod/init/bash)
Shell debugging restarted
+ unset __lmod_vx
+ cd /lustre/orion/stf243/world-shared/wcastil/Experiments/CUG26/copper_run/python-mpi4py
+ module load ums ums046 copper
+ '[' -z '' ']'
+ case "$-" in
+ __lmod_sh_dbg=x
+ '[' -n x ']'
+ set +x
Shell debugging temporarily silenced: export LMOD_SH_DBG_ON=1 for Lmod's output
Copper loaded: use 'launch_copper_frontier' and 'stop_copper_frontier'.
COPPER_ROOT: /sw/frontier/ums/ums046/copper
launch_copper_frontier points to:
/sw/frontier/ums/ums046/copper/build/launch_copper_frontier.sh 
Shell debugging restarted
+ unset __lmod_sh_dbg
+ return 0
+ module list
+ '[' -z '' ']'
+ case "$-" in
+ __lmod_sh_dbg=x
+ '[' -n x ']'
+ set +x
Shell debugging temporarily silenced: export LMOD_SH_DBG_ON=1 for Lmod's output

Currently Loaded Modules:
  1) craype-x86-trento               12) PrgEnv-cray/8.6.0
  2) libfabric/1.22.0                13) Core/25.03
  3) craype-network-ofi              14) tmux/3.4
  4) perftools-base/24.11.0          15) darshan-runtime/3.4.6-mpi (E4S)
  5) xpmem/2.11.3-1.3_gdbda01a1eb3d  16) hsi/default
  6) cray-pmi/6.1.15                 17) lfs-wrapper/0.0.1
  7) cce/18.0.1                      18) DefApps
  8) craype/2.7.33                   19) ums/default
  9) cray-dsmml/0.3.0                20) ums046/default
 10) cray-mpich/8.1.31               21) copper/0.1
 11) cray-libsci/24.11.0

  Where:
   E4S:  E4S: Extreme-scale Scientific Software Stack (E4S) https://e4s.io/index.html

 

Shell debugging restarted
+ unset __lmod_sh_dbg
+ return 0
+ echo 4348590
4348590
+ echo 2048
2048
+ echo copper_spindle
copper_spindle
+ echo 'frontier[00002,00058,00079-00082,00100,00116-00117,00121,00124-00128,00184-00185,00192-00195,00205,00226,00230,00236-00249,00310,00315-00316,00320-00324,00331,00362-00377,00436,00449-00452,00457,00485-00486,00492-00505,00541,00577-00581,00583,00604,00620-00634,00702,00704-00709,00746-00762,00831-00836,00873-00889,00953,00959-00964,01001-01017,01087-01092,01108,01130-01145,01213,01216-01220,01234,01258-01273,01340,01343-01347,01379,01385-01401,01471-01473,01486,01507,01509,01515-01529,01593-01594,01599-01601,01633,01636-01637,01643-01657,01681,01727-01730,01738,01759,01766,01772-01785,01793,01856-01859,01864,01885,01900-01913,01977,01983-01986,01990,02011,02027-02041,02111-02113,02116,02137,02149,02155-02169,02191,02240-02242,02248,02279-02280,02286-02294,02297-02300,02367-02369,02389,02404-02405,02410-02425,02497-02500,02515,02535,02542-02556,02623-02627,02630,02639,02641-02642,02648,02650-02651,02653-02655,02657-02658,02661-02676,02698,02752-02757,02762-02787,02879-02884,02889-02915,03007-03012,03017-03043,03134,03137-03142,03147-03170,03172-03173,03264-03269,03274-03282,03285-03298,03300-03303,03383,03390-03394,03400-03424,03427-03428,03519-03523,03528-03553,03555-03556,03647-03652,03657-03679,03681-03684,03770,03773-03774,03776-03779,03784-03808,03902-03907,03912-03936,03938,04031-04035,04040-04066,04158-04162,04167-04193,04286-04290,04295-04315,04317-04321,04323,04415-04419,04424-04439,04442-04443,04451-04459,04538,04542-04546,04551-04564,04569,04573-04575,04580-04587,04670-04674,04679-04691,04700-04701,04706-04712,04714-04718,04798-04802,04807-04817,04834-04849,04927-04931,04936-04940,04947,04964-04984,05055-05059,05064-05066,05068,05073,05094-05115,05181-05185,05190-05194,05217-05238,05309-05313,05330-05331,05345-05367,05369-05370,05430-05431,05433,05437-05441,05473-05496,05562,05565-05569,05603-05625,05694-05696,05729-05730,05735-05753,05821-05824,05835,05862-05867,05869-05882,05949-05952,05957,05990-06009,06078-06079,06113-06115,06120-06137,06200,06205,06207,06241-06243,06248-06265,06331-06335,06369-06370,06375-06393,06461-06463,06497-06498,06503-06521,06557,06586,06590-06591,06625-06627,06632-06649,06672,06719,06754-06757,06762-06778,06845-06847,06881-06882,06887-06905,06974,06976-06980,06985-07010,07104-07108,07113-07139,07230-07234,07239-07265,07357-07362,07367-07387,07389-07393,07486-07490,07495-07521,07614-07616,07618-07619,07624-07650,07742-07746,07750-07776,07868,07872-07876,07880-07905,07997-08001,08005-08026,08030,08125-08129,08133-08159,08250,08252,08254-08258,08262-08285,08287,08389-08393,08397-08411,08416,08419,08422,08427,08434,08508-08512,08516-08529,08532,08534,08540,08545,08553,08557,08560,08576,08636-08640,08644-08656,08658,08662,08665,08668,08679,08683,08689,08695,08764-08768,08772-08780,08784,08788,08794,08809,08812,08818-08824,08892-08896,08900-08907,08914,08920,08926,08935,08944-08952,09020-09024,09028,09036,09046,09057,09064-09080,09149-09151,09184-09185,09189-09208,09216,09270-09271,09276-09280,09316-09336,09406-09411,09448-09467,10138,10159,10170,10175-10176]'
frontier[00002,00058,00079-00082,00100,00116-00117,00121,00124-00128,00184-00185,00192-00195,00205,00226,00230,00236-00249,00310,00315-00316,00320-00324,00331,00362-00377,00436,00449-00452,00457,00485-00486,00492-00505,00541,00577-00581,00583,00604,00620-00634,00702,00704-00709,00746-00762,00831-00836,00873-00889,00953,00959-00964,01001-01017,01087-01092,01108,01130-01145,01213,01216-01220,01234,01258-01273,01340,01343-01347,01379,01385-01401,01471-01473,01486,01507,01509,01515-01529,01593-01594,01599-01601,01633,01636-01637,01643-01657,01681,01727-01730,01738,01759,01766,01772-01785,01793,01856-01859,01864,01885,01900-01913,01977,01983-01986,01990,02011,02027-02041,02111-02113,02116,02137,02149,02155-02169,02191,02240-02242,02248,02279-02280,02286-02294,02297-02300,02367-02369,02389,02404-02405,02410-02425,02497-02500,02515,02535,02542-02556,02623-02627,02630,02639,02641-02642,02648,02650-02651,02653-02655,02657-02658,02661-02676,02698,02752-02757,02762-02787,02879-02884,02889-02915,03007-03012,03017-03043,03134,03137-03142,03147-03170,03172-03173,03264-03269,03274-03282,03285-03298,03300-03303,03383,03390-03394,03400-03424,03427-03428,03519-03523,03528-03553,03555-03556,03647-03652,03657-03679,03681-03684,03770,03773-03774,03776-03779,03784-03808,03902-03907,03912-03936,03938,04031-04035,04040-04066,04158-04162,04167-04193,04286-04290,04295-04315,04317-04321,04323,04415-04419,04424-04439,04442-04443,04451-04459,04538,04542-04546,04551-04564,04569,04573-04575,04580-04587,04670-04674,04679-04691,04700-04701,04706-04712,04714-04718,04798-04802,04807-04817,04834-04849,04927-04931,04936-04940,04947,04964-04984,05055-05059,05064-05066,05068,05073,05094-05115,05181-05185,05190-05194,05217-05238,05309-05313,05330-05331,05345-05367,05369-05370,05430-05431,05433,05437-05441,05473-05496,05562,05565-05569,05603-05625,05694-05696,05729-05730,05735-05753,05821-05824,05835,05862-05867,05869-05882,05949-05952,05957,05990-06009,06078-06079,06113-06115,06120-06137,06200,06205,06207,06241-06243,06248-06265,06331-06335,06369-06370,06375-06393,06461-06463,06497-06498,06503-06521,06557,06586,06590-06591,06625-06627,06632-06649,06672,06719,06754-06757,06762-06778,06845-06847,06881-06882,06887-06905,06974,06976-06980,06985-07010,07104-07108,07113-07139,07230-07234,07239-07265,07357-07362,07367-07387,07389-07393,07486-07490,07495-07521,07614-07616,07618-07619,07624-07650,07742-07746,07750-07776,07868,07872-07876,07880-07905,07997-08001,08005-08026,08030,08125-08129,08133-08159,08250,08252,08254-08258,08262-08285,08287,08389-08393,08397-08411,08416,08419,08422,08427,08434,08508-08512,08516-08529,08532,08534,08540,08545,08553,08557,08560,08576,08636-08640,08644-08656,08658,08662,08665,08668,08679,08683,08689,08695,08764-08768,08772-08780,08784,08788,08794,08809,08812,08818-08824,08892-08896,08900-08907,08914,08920,08926,08935,08944-08952,09020-09024,09028,09036,09046,09057,09064-09080,09149-09151,09184-09185,09189-09208,09216,09270-09271,09276-09280,09316-09336,09406-09411,09448-09467,10138,10159,10170,10175-10176]
+ LOGDIR=/lustre/orion/stf243/world-shared/wcastil/Experiments/CUG26/copper_run/logs
+ cd /lustre/orion/stf243/world-shared/wcastil/Experiments/CUG26/copper_run/logs
+ PACKAGE_ENV_LOCATION=/lustre/orion/stf243/world-shared/hagertnl/CUG26/benchmark_builds
+ source /lustre/orion/stf243/world-shared/hagertnl/CUG26/benchmark_builds/common_modules.sh
++ module load PrgEnv-amd
++ '[' -z '' ']'
++ case "$-" in
++ __lmod_sh_dbg=x
++ '[' -n x ']'
++ set +x
Shell debugging temporarily silenced: export LMOD_SH_DBG_ON=1 for Lmod's output

Lmod is automatically replacing "cce/18.0.1" with "amd/6.2.4".


Lmod is automatically replacing "PrgEnv-cray/8.6.0" with "PrgEnv-amd/8.6.0".


Due to MODULEPATH changes, the following have been reloaded:
  1) cray-libsci/24.11.0     2) cray-mpich/8.1.31     3) darshan-runtime/3.4.6-mpi

Shell debugging restarted
++ unset __lmod_sh_dbg
++ return 0
++ module load cpe/25.09
++ '[' -z '' ']'
++ case "$-" in
++ __lmod_sh_dbg=x
++ '[' -n x ']'
++ set +x
Shell debugging temporarily silenced: export LMOD_SH_DBG_ON=1 for Lmod's output

The following have been reloaded with a version change:
  1) amd/6.2.4 => amd/6.4.2
  2) cray-dsmml/0.3.0 => cray-dsmml/0.3.1
  3) cray-libsci/24.11.0 => cray-libsci/25.09.0
  4) cray-mpich/8.1.31 => cray-mpich/9.0.1
  5) cray-pmi/6.1.15 => cray-pmi/6.1.16
  6) craype/2.7.33 => craype/2.7.35
  7) darshan-runtime/3.4.6-mpi => darshan-runtime/3.4.7-mpi
  8) perftools-base/24.11.0 => perftools-base/25.09.0

Shell debugging restarted
++ unset __lmod_sh_dbg
++ return 0
++ module load amd/6.4.2
++ '[' -z '' ']'
++ case "$-" in
++ __lmod_sh_dbg=x
++ '[' -n x ']'
++ set +x
Shell debugging temporarily silenced: export LMOD_SH_DBG_ON=1 for Lmod's output
Shell debugging restarted
++ unset __lmod_sh_dbg
++ return 0
++ module load rocm/6.4.2
++ '[' -z '' ']'
++ case "$-" in
++ __lmod_sh_dbg=x
++ '[' -n x ']'
++ set +x
Shell debugging temporarily silenced: export LMOD_SH_DBG_ON=1 for Lmod's output
Shell debugging restarted
++ unset __lmod_sh_dbg
++ return 0
++ module load libfabric/1.22.0
++ '[' -z '' ']'
++ case "$-" in
++ __lmod_sh_dbg=x
++ '[' -n x ']'
++ set +x
Shell debugging temporarily silenced: export LMOD_SH_DBG_ON=1 for Lmod's output
Shell debugging restarted
++ unset __lmod_sh_dbg
++ return 0
++ module load craype-accel-amd-gfx90a
++ '[' -z '' ']'
++ case "$-" in
++ __lmod_sh_dbg=x
++ '[' -n x ']'
++ set +x
Shell debugging temporarily silenced: export LMOD_SH_DBG_ON=1 for Lmod's output
Shell debugging restarted
++ unset __lmod_sh_dbg
++ return 0
++ module load miniforge3/23.11.0-0
++ '[' -z '' ']'
++ case "$-" in
++ __lmod_sh_dbg=x
++ '[' -n x ']'
++ set +x
Shell debugging temporarily silenced: export LMOD_SH_DBG_ON=1 for Lmod's output
Shell debugging restarted
++ unset __lmod_sh_dbg
++ return 0
++ export LD_LIBRARY_PATH=/opt/cray/pe/mpich/9.0.1/ofi/amd/6.0/lib:/opt/cray/pe/mpich/9.0.1/gtl/lib:/opt/cray/pe/libsci/25.09.0/AMD/6.0/x86_64/lib:/opt/cray/pe/perftools/25.09.0/lib64:/opt/cray/pe/pmi/6.1.16/lib:/opt/cray/pe/dsmml/0.3.1/dsmml/lib:/opt/cray/libfabric/1.22.0/lib64:/opt/rocm-6.4.2/lib/roctracer:/opt/rocm-6.4.2/lib/rocprofiler:/opt/rocm-6.4.2/lib:/sw/frontier/spack-envs/cpe25.09-cpu/opt/llvm-amdgpu-6.4.2/darshan-runtime-3.4.7-tvdocpzv3jfj4y6ki5jvmmkics323gon/lib:/opt/rocm-6.4.2/llvm/lib:/opt/cray/pe/papi/7.2.0.2/lib64
++ LD_LIBRARY_PATH=/opt/cray/pe/mpich/9.0.1/ofi/amd/6.0/lib:/opt/cray/pe/mpich/9.0.1/gtl/lib:/opt/cray/pe/libsci/25.09.0/AMD/6.0/x86_64/lib:/opt/cray/pe/perftools/25.09.0/lib64:/opt/cray/pe/pmi/6.1.16/lib:/opt/cray/pe/dsmml/0.3.1/dsmml/lib:/opt/cray/libfabric/1.22.0/lib64:/opt/rocm-6.4.2/lib/roctracer:/opt/rocm-6.4.2/lib/rocprofiler:/opt/rocm-6.4.2/lib:/sw/frontier/spack-envs/cpe25.09-cpu/opt/llvm-amdgpu-6.4.2/darshan-runtime-3.4.7-tvdocpzv3jfj4y6ki5jvmmkics323gon/lib:/opt/rocm-6.4.2/llvm/lib:/opt/cray/pe/papi/7.2.0.2/lib64
++ [[ /var/spool/slurmd/job4348590/slurm_script == \/\l\u\s\t\r\e\/\o\r\i\o\n\/\s\t\f\2\4\3\/\w\o\r\l\d\-\s\h\a\r\e\d\/\h\a\g\e\r\t\n\l\/\C\U\G\2\6\/\b\e\n\c\h\m\a\r\k\_\b\u\i\l\d\s\/\c\o\m\m\o\n\_\m\o\d\u\l\e\s\.\s\h ]]
+ COPPER_MOUNT_PATH=/mnt/bb/wcastil/copper_mount
+ /lustre/orion/stf243/world-shared/wcastil/Experiments/CUG26/copper_run/launch_copper_frontier.sh -d /lustre/orion/stf243/world-shared/wcastil/Experiments/CUG26/copper_run/logs -v /mnt/bb/wcastil/copper_mount -M 220000000
+ '[' -z '' ']'
+ case "$-" in
+ __lmod_vx=x
+ '[' -n x ']'
+ set +x
Shell debugging temporarily silenced: export LMOD_SH_DBG_ON=1 for this output (/opt/cray/pe/lmod/lmod/init/bash)
Shell debugging restarted
+ unset __lmod_vx
+ echo 'Launching Copper Gracefully On All Nodes : Start'
Launching Copper Gracefully On All Nodes : Start
+ echo /sw/frontier/ums/ums046/copper
/sw/frontier/ums/ums046/copper
+ CUPATH=/sw/frontier/ums/ums046/copper/build/cu_fuse
+ DISCOVERY_HELPER=/sw/frontier/ums/ums046/copper/build/list_cxi_hsn_thallium
+ CU_FUSE_MNT_VIEWDIR=/tmp/wcastil/copper
+ facility_address_book=/sw/frontier/ums/ums046/copper/build/olcf_frontier_copper_addressbook.txt
+ address_book_source=facility
+ log_level=0
+ log_dir=/ccs/home/wcastil/copper-logs
+ log_type=file
+ trees=1
+ max_cacheable_byte_size=10485760
+ md_enoent_ttl_ms=2000
+ profile_metrics=0
+ profile_top_n=0
+ profile_paths_full=0
+ profile_snapshot_interval_s=0
+ sleeptime=10
+ physcpubind=1,2
+ net_type=cxi://cxi1
+ getopts l:t:d:T:M:E:PN:AI:s:b:F:a:n:v: opt
+ case ${opt} in
+ log_dir=/lustre/orion/stf243/world-shared/wcastil/Experiments/CUG26/copper_run/logs
+ getopts l:t:d:T:M:E:PN:AI:s:b:F:a:n:v: opt
+ case ${opt} in
+ CU_FUSE_MNT_VIEWDIR=/mnt/bb/wcastil/copper_mount
+ getopts l:t:d:T:M:E:PN:AI:s:b:F:a:n:v: opt
+ case ${opt} in
+ max_cacheable_byte_size=220000000
+ getopts l:t:d:T:M:E:PN:AI:s:b:F:a:n:v: opt
+ log_dir=/lustre/orion/stf243/world-shared/wcastil/Experiments/CUG26/copper_run/logs/4348590
+ logs_dir=/lustre/orion/stf243/world-shared/wcastil/Experiments/CUG26/copper_run/logs/4348590/logs
+ tables_dir=/lustre/orion/stf243/world-shared/wcastil/Experiments/CUG26/copper_run/logs/4348590/tables
+ profiling_dir=/lustre/orion/stf243/world-shared/wcastil/Experiments/CUG26/copper_run/logs/4348590/profiling
+ profiling_final_dir=/lustre/orion/stf243/world-shared/wcastil/Experiments/CUG26/copper_run/logs/4348590/profiling/final
+ profiling_cluster_dir=/lustre/orion/stf243/world-shared/wcastil/Experiments/CUG26/copper_run/logs/4348590/profiling/cluster
+ node_file_copy=/lustre/orion/stf243/world-shared/wcastil/Experiments/CUG26/copper_run/logs/4348590/logs/node_file.txt
+ prepared_address_book=/lustre/orion/stf243/world-shared/wcastil/Experiments/CUG26/copper_run/logs/4348590/logs/copper_address_book.txt
+ prepared_address_book_full_output=/lustre/orion/stf243/world-shared/wcastil/Experiments/CUG26/copper_run/logs/4348590/logs/copper_address_book_full_output.txt
+ prepare_address_book_awk=/lustre/orion/stf243/world-shared/wcastil/Experiments/CUG26/copper_run/logs/4348590/logs/prepare_address_book.awk
+ select_discovered_address_book_awk=/lustre/orion/stf243/world-shared/wcastil/Experiments/CUG26/copper_run/logs/4348590/logs/select_discovered_address_book.awk
+ echo 'log_level                  : 0'
log_level                  : 0
+ echo 'log_type                   : file'
log_type                   : file
+ echo 'trees                      : 1'
trees                      : 1
+ echo 'max_cacheable_byte_size    : 220000000'
max_cacheable_byte_size    : 220000000
+ echo 'md_enoent_ttl_ms           : 2000'
md_enoent_ttl_ms           : 2000
+ echo 'profile_metrics            : 0'
profile_metrics            : 0
+ echo 'profile_top_n              : 0'
profile_top_n              : 0
+ echo 'profile_paths_full         : 0'
profile_paths_full         : 0
+ echo 'profile_snapshot_interval_s: 0'
profile_snapshot_interval_s: 0
+ echo 'sleeptime                  : 10'
sleeptime                  : 10
+ echo 'CU_FUSE_MNT_VIEWDIR        : /mnt/bb/wcastil/copper_mount'
CU_FUSE_MNT_VIEWDIR        : /mnt/bb/wcastil/copper_mount
+ echo 'LOGDIR                     : /lustre/orion/stf243/world-shared/wcastil/Experiments/CUG26/copper_run/logs/4348590'
LOGDIR                     : /lustre/orion/stf243/world-shared/wcastil/Experiments/CUG26/copper_run/logs/4348590
+ echo 'logs_dir                   : /lustre/orion/stf243/world-shared/wcastil/Experiments/CUG26/copper_run/logs/4348590/logs'
logs_dir                   : /lustre/orion/stf243/world-shared/wcastil/Experiments/CUG26/copper_run/logs/4348590/logs
+ echo 'tables_dir                 : /lustre/orion/stf243/world-shared/wcastil/Experiments/CUG26/copper_run/logs/4348590/tables'
tables_dir                 : /lustre/orion/stf243/world-shared/wcastil/Experiments/CUG26/copper_run/logs/4348590/tables
+ echo 'profiling_final_dir        : /lustre/orion/stf243/world-shared/wcastil/Experiments/CUG26/copper_run/logs/4348590/profiling/final'
profiling_final_dir        : /lustre/orion/stf243/world-shared/wcastil/Experiments/CUG26/copper_run/logs/4348590/profiling/final
+ echo 'profiling_cluster_dir      : /lustre/orion/stf243/world-shared/wcastil/Experiments/CUG26/copper_run/logs/4348590/profiling/cluster'
profiling_cluster_dir      : /lustre/orion/stf243/world-shared/wcastil/Experiments/CUG26/copper_run/logs/4348590/profiling/cluster
+ echo 'SLURM_NODEFILE             : '
SLURM_NODEFILE             : 
+ echo 'physcpubind                : 1,2'
physcpubind                : 1,2
+ echo 'facility_address_book      : /sw/frontier/ums/ums046/copper/build/olcf_frontier_copper_addressbook.txt'
facility_address_book      : /sw/frontier/ums/ums046/copper/build/olcf_frontier_copper_addressbook.txt
+ echo 'address_book_source        : facility'
address_book_source        : facility
+ echo 'prepared_address_book      : /lustre/orion/stf243/world-shared/wcastil/Experiments/CUG26/copper_run/logs/4348590/logs/copper_address_book.txt'
prepared_address_book      : /lustre/orion/stf243/world-shared/wcastil/Experiments/CUG26/copper_run/logs/4348590/logs/copper_address_book.txt
+ echo 'prepared_address_book_full : /lustre/orion/stf243/world-shared/wcastil/Experiments/CUG26/copper_run/logs/4348590/logs/copper_address_book_full_output.txt'
prepared_address_book_full : /lustre/orion/stf243/world-shared/wcastil/Experiments/CUG26/copper_run/logs/4348590/logs/copper_address_book_full_output.txt
+ echo 'discovery_helper           : /sw/frontier/ums/ums046/copper/build/list_cxi_hsn_thallium'
discovery_helper           : /sw/frontier/ums/ums046/copper/build/list_cxi_hsn_thallium
+ echo 'net_type                   : cxi://cxi1'
net_type                   : cxi://cxi1
+ mkdir -p /lustre/orion/stf243/world-shared/wcastil/Experiments/CUG26/copper_run/logs/4348590/logs /lustre/orion/stf243/world-shared/wcastil/Experiments/CUG26/copper_run/logs/4348590/tables/final /lustre/orion/stf243/world-shared/wcastil/Experiments/CUG26/copper_run/logs/4348590/profiling/final /lustre/orion/stf243/world-shared/wcastil/Experiments/CUG26/copper_run/logs/4348590/profiling/cluster
+ scontrol show hostnames 'frontier[00002,00058,00079-00082,00100,00116-00117,00121,00124-00128,00184-00185,00192-00195,00205,00226,00230,00236-00249,00310,00315-00316,00320-00324,00331,00362-00377,00436,00449-00452,00457,00485-00486,00492-00505,00541,00577-00581,00583,00604,00620-00634,00702,00704-00709,00746-00762,00831-00836,00873-00889,00953,00959-00964,01001-01017,01087-01092,01108,01130-01145,01213,01216-01220,01234,01258-01273,01340,01343-01347,01379,01385-01401,01471-01473,01486,01507,01509,01515-01529,01593-01594,01599-01601,01633,01636-01637,01643-01657,01681,01727-01730,01738,01759,01766,01772-01785,01793,01856-01859,01864,01885,01900-01913,01977,01983-01986,01990,02011,02027-02041,02111-02113,02116,02137,02149,02155-02169,02191,02240-02242,02248,02279-02280,02286-02294,02297-02300,02367-02369,02389,02404-02405,02410-02425,02497-02500,02515,02535,02542-02556,02623-02627,02630,02639,02641-02642,02648,02650-02651,02653-02655,02657-02658,02661-02676,02698,02752-02757,02762-02787,02879-02884,02889-02915,03007-03012,03017-03043,03134,03137-03142,03147-03170,03172-03173,03264-03269,03274-03282,03285-03298,03300-03303,03383,03390-03394,03400-03424,03427-03428,03519-03523,03528-03553,03555-03556,03647-03652,03657-03679,03681-03684,03770,03773-03774,03776-03779,03784-03808,03902-03907,03912-03936,03938,04031-04035,04040-04066,04158-04162,04167-04193,04286-04290,04295-04315,04317-04321,04323,04415-04419,04424-04439,04442-04443,04451-04459,04538,04542-04546,04551-04564,04569,04573-04575,04580-04587,04670-04674,04679-04691,04700-04701,04706-04712,04714-04718,04798-04802,04807-04817,04834-04849,04927-04931,04936-04940,04947,04964-04984,05055-05059,05064-05066,05068,05073,05094-05115,05181-05185,05190-05194,05217-05238,05309-05313,05330-05331,05345-05367,05369-05370,05430-05431,05433,05437-05441,05473-05496,05562,05565-05569,05603-05625,05694-05696,05729-05730,05735-05753,05821-05824,05835,05862-05867,05869-05882,05949-05952,05957,05990-06009,06078-06079,06113-06115,06120-06137,06200,06205,06207,06241-06243,06248-06265,06331-06335,06369-06370,06375-06393,06461-06463,06497-06498,06503-06521,06557,06586,06590-06591,06625-06627,06632-06649,06672,06719,06754-06757,06762-06778,06845-06847,06881-06882,06887-06905,06974,06976-06980,06985-07010,07104-07108,07113-07139,07230-07234,07239-07265,07357-07362,07367-07387,07389-07393,07486-07490,07495-07521,07614-07616,07618-07619,07624-07650,07742-07746,07750-07776,07868,07872-07876,07880-07905,07997-08001,08005-08026,08030,08125-08129,08133-08159,08250,08252,08254-08258,08262-08285,08287,08389-08393,08397-08411,08416,08419,08422,08427,08434,08508-08512,08516-08529,08532,08534,08540,08545,08553,08557,08560,08576,08636-08640,08644-08656,08658,08662,08665,08668,08679,08683,08689,08695,08764-08768,08772-08780,08784,08788,08794,08809,08812,08818-08824,08892-08896,08900-08907,08914,08920,08926,08935,08944-08952,09020-09024,09028,09036,09046,09057,09064-09080,09149-09151,09184-09185,09189-09208,09216,09270-09271,09276-09280,09316-09336,09406-09411,09448-09467,10138,10159,10170,10175-10176]'
+ clush --hostfile /lustre/orion/stf243/world-shared/wcastil/Experiments/CUG26/copper_run/logs/4348590/logs/node_file.txt 'fusermount3 -u /mnt/bb/wcastil/copper_mount'
+ clush --hostfile /lustre/orion/stf243/world-shared/wcastil/Experiments/CUG26/copper_run/logs/4348590/logs/node_file.txt 'rm -rf /mnt/bb/wcastil/copper_mount'
+ clush --hostfile /lustre/orion/stf243/world-shared/wcastil/Experiments/CUG26/copper_run/logs/4348590/logs/node_file.txt 'mkdir -p /mnt/bb/wcastil/copper_mount'
+ rm -f /lustre/orion/stf243/world-shared/wcastil/Experiments/CUG26/copper_run/logs/4348590/logs/copper_address_book.txt /lustre/orion/stf243/world-shared/wcastil/Experiments/CUG26/copper_run/logs/4348590/logs/copper_address_book_full_output.txt /lustre/orion/stf243/world-shared/wcastil/Experiments/CUG26/copper_run/logs/4348590/logs/prepare_address_book.awk /lustre/orion/stf243/world-shared/wcastil/Experiments/CUG26/copper_run/logs/4348590/logs/select_discovered_address_book.awk
+ echo 'Preparing job-local address book once before full cu_fuse launch'
Preparing job-local address book once before full cu_fuse launch
++ date +%s
+ prepare_address_book_start_epoch=1775659556
+ prepare_address_book_rc=0
+ case "${address_book_source}" in
+ prepare_address_book_from_facility
+ cp /sw/frontier/ums/ums046/copper/build/olcf_frontier_copper_addressbook.txt /lustre/orion/stf243/world-shared/wcastil/Experiments/CUG26/copper_run/logs/4348590/logs/copper_address_book_full_output.txt
+ cat
+ srun --overlap -N 1 -n 1 --ntasks-per-node=1 env NODEFILE_PATH=/lustre/orion/stf243/world-shared/wcastil/Experiments/CUG26/copper_run/logs/4348590/logs/node_file.txt FACILITY_BOOK=/sw/frontier/ums/ums046/copper/build/olcf_frontier_copper_addressbook.txt OUTPUT_PATH=/lustre/orion/stf243/world-shared/wcastil/Experiments/CUG26/copper_run/logs/4348590/logs/copper_address_book.txt AWK_SCRIPT=/lustre/orion/stf243/world-shared/wcastil/Experiments/CUG26/copper_run/logs/4348590/logs/prepare_address_book.awk bash -lc 'awk -f "$AWK_SCRIPT" "$NODEFILE_PATH" "$FACILITY_BOOK" > "$OUTPUT_PATH"'
Deactivating conda environments
++ date +%s
+ prepare_address_book_end_epoch=1775659557
+ echo 'prepared address book generation took 1 s'
prepared address book generation took 1 s
+ '[' 0 -ne 0 ']'
+ '[' '!' -s /lustre/orion/stf243/world-shared/wcastil/Experiments/CUG26/copper_run/logs/4348590/logs/copper_address_book.txt ']'
+ profile_options=
+ '[' 0 -eq 1 ']'
+ '[' 0 -gt 0 ']'
+ '[' 0 -eq 1 ']'
+ '[' 0 -gt 0 ']'
+ options=' -f -tpath / -vpath /mnt/bb/wcastil/copper_mount -log_level 0 -log_type file -log_output_dir /lustre/orion/stf243/world-shared/wcastil/Experiments/CUG26/copper_run/logs/4348590 -net_type cxi://cxi1 -trees 1 -nf /lustre/orion/stf243/world-shared/wcastil/Experiments/CUG26/copper_run/logs/4348590/logs/node_file.txt -max_cacheable_byte_size 220000000 -md_enoent_ttl_ms 2000 -facility_address_book /lustre/orion/stf243/world-shared/wcastil/Experiments/CUG26/copper_run/logs/4348590/logs/copper_address_book.txt -prefiltered_address_book 1 -s /mnt/bb/wcastil/copper_mount'
+ echo 'sleeping for 10 s'
sleeping for 10 s
+ sleep 10s
+ srun --overlap -N 2048 --ntasks-per-node=1 --cpus-per-task=2 bash -c '
    echo "host=$(hostname)"
    echo "allowed=$(grep Cpus_allowed_list /proc/self/status | awk "{print \$2}")"
    echo "current_cpu=$(ps -o psr= -p $$)"
    exec /sw/frontier/ums/ums046/copper/build/cu_fuse  -f -tpath / -vpath /mnt/bb/wcastil/copper_mount -log_level 0 -log_type file -log_output_dir /lustre/orion/stf243/world-shared/wcastil/Experiments/CUG26/copper_run/logs/4348590 -net_type cxi://cxi1 -trees 1 -nf /lustre/orion/stf243/world-shared/wcastil/Experiments/CUG26/copper_run/logs/4348590/logs/node_file.txt -max_cacheable_byte_size 220000000 -md_enoent_ttl_ms 2000 -facility_address_book /lustre/orion/stf243/world-shared/wcastil/Experiments/CUG26/copper_run/logs/4348590/logs/copper_address_book.txt -prefiltered_address_book 1 -s /mnt/bb/wcastil/copper_mount
    '\''
  '
host=frontier02548
host=frontier03402
host=frontier00580
host=frontier04563
host=frontier03172
host=frontier01772
host=frontier02545
host=frontier04714
host=frontier04425
host=frontier02547
host=frontier04715
host=frontier06113
host=frontier02698
host=frontier03173
host=frontier01015
host=frontier03033
host=frontier06987
host=frontier01523
host=frontier02550
host=frontier04573
host=frontier01779
host=frontier02756
host=frontier07129
host=frontier03036
host=frontier01087
host=frontier00366
host=frontier05108
host=frontier03546
host=frontier04966
host=frontier06124
host=frontier09057
host=frontier00874
host=frontier06370
host=frontier05875
host=frontier01529
host=frontier04807
host=frontier05876
host=frontier05331
host=frontier04434
host=frontier02765
host=frontier03275
host=frontier03411
host=frontier04296
host=frontier06377
host=frontier02766
host=frontier01594
host=frontier04585
host=frontier09460
host=frontier02768
host=frontier03414
host=frontier03925
host=frontier09462
host=frontier03555
host=frontier04299
host=frontier02769
host=frontier09069
host=frontier09279
host=frontier02630
host=frontier04670
host=frontier09316
host=frontier06382
host=frontier03787
host=frontier00377
host=frontier05490
host=frontier02641
host=frontier04451
host=frontier00633
host=frontier02642
host=frontier03141
host=frontier04303
host=frontier03419
host=frontier03649
host=frontier06882
host=frontier06385
host=frontier02650
host=frontier04454
host=frontier03421
host=frontier02651
host=frontier08896
host=frontier02914
host=frontier02415
host=frontier04306
host=frontier01647
host=frontier02915
host=frontier03423
host=frontier09322
host=frontier02653
host=frontier02416
host=frontier02654
host=frontier10176
host=frontier04838
host=frontier02655
host=frontier03291
host=frontier04684
host=frontier09325
host=frontier04311
host=frontier09149
host=frontier04538
host=frontier03519
host=frontier04685
host=frontier06643
host=frontier02661
host=frontier04841
host=frontier03155
host=frontier02662
host=frontier03521
host=frontier02422
host=frontier04543
host=frontier02423
host=frontier04843
host=frontier05223
host=frontier04844
host=frontier04034
host=frontier00245
host=frontier03019
host=frontier03802
host=frontier04845
host=frontier09331
host=frontier05065
host=frontier09332
host=frontier03803
host=frontier03021
host=frontier02667
host=frontier09333
host=frontier06504
host=frontier04707
host=frontier08523
host=frontier07117
host=frontier06904
host=frontier04182
host=frontier02670
host=frontier01007
host=frontier03390
host=frontier01730
host=frontier04709
host=frontier04557
host=frontier00758
host=frontier05612
host=frontier02544
host=frontier04418
allowed=1-2
host=frontier06766
host=frontier08391
allowed=1-2
allowed=1-2
host=frontier01521
host=frontier04426
host=frontier06114
host=frontier04052
allowed=1-2
allowed=1-2
host=frontier06763
allowed=1-2
allowed=1-2
host=frontier00322
host=frontier02891
host=frontier01011
host=frontier03538
host=frontier04936
host=frontier07634
allowed=1-2
host=frontier00323
host=frontier03030
host=frontier05865
host=frontier00579
allowed=1-2
allowed=1-2
allowed=1-2
allowed=1-2
allowed=1-2
host=frontier05236
host=frontier08390
host=frontier09201
host=frontier04562
host=frontier02030
host=frontier05616
allowed=1-2
host=frontier00081
host=frontier00581
host=frontier08392
host=frontier09022
host=frontier06986
host=frontier04940
allowed=1-2
host=frontier01268
host=frontier05104
host=frontier02895
host=frontier06331
allowed=1-2
host=frontier01777
allowed=1-2
allowed=1-2
allowed=1-2
host=frontier05476
host=frontier06332
host=frontier02292
host=frontier09023
host=frontier01269
host=frontier04192
host=frontier00604
host=frontier02034
host=frontier01524
allowed=1-2
host=frontier09024
host=frontier08154
host=frontier03915
host=frontier09205
host=frontier07128
allowed=1-2
allowed=1-2
allowed=1-2
host=frontier06770
allowed=1-2
host=frontier01525
allowed=1-2
host=frontier09028
host=frontier01526
allowed=1-2
allowed=1-2
host=frontier03037
allowed=1-2
host=frontier00621
host=frontier06335
allowed=1-2
host=frontier03917
host=frontier07130
allowed=1-2
host=frontier05480
host=frontier02554
host=frontier06520
host=frontier09046
host=frontier08794
host=frontier02298
host=frontier01781
host=frontier00368
host=frontier02555
allowed=1-2
host=frontier06773
allowed=1-2
host=frontier04581
allowed=1-2
host=frontier02299
allowed=1-2
allowed=1-2
allowed=1-2
host=frontier02556
allowed=1-2
allowed=1-2
host=frontier05625
host=frontier05482
host=frontier00369
host=frontier06126
allowed=1-2
host=frontier05111
host=frontier08637
allowed=1-2
allowed=1-2
host=frontier03777
host=frontier03921
host=frontier01344
host=frontier02903
host=frontier00126
host=frontier06127
host=frontier08017
host=frontier08818
host=frontier04970
allowed=1-2
allowed=1-2
host=frontier00371
host=frontier07367
allowed=1-2
host=frontier02904
host=frontier05695
host=frontier02041
host=frontier08404
allowed=1-2
allowed=1-2
host=frontier05878
host=frontier00372
host=frontier05114
host=frontier03923
host=frontier02767
allowed=1-2
host=frontier04297
host=frontier03552
allowed=1-2
allowed=1-2
host=frontier00628
host=frontier04298
host=frontier02626
host=frontier06130
allowed=1-2
host=frontier06625
allowed=1-2
host=frontier05730
allowed=1-2
allowed=1-2
allowed=1-2
allowed=1-2
host=frontier01379
host=frontier05487
allowed=1-2
allowed=1-2
host=frontier05881
host=frontier04974
host=frontier00881
host=frontier05882
allowed=1-2
allowed=1-2
host=frontier04066
host=frontier04813
host=frontier01858
host=frontier00376
allowed=1-2
host=frontier08023
allowed=1-2
host=frontier00631
allowed=1-2
host=frontier07230
host=frontier01386
host=frontier05183
host=frontier03927
host=frontier04301
allowed=1-2
allowed=1-2
host=frontier01387
host=frontier06134
host=frontier03418
host=frontier02772
allowed=1-2
allowed=1-2
host=frontier09317
allowed=1-2
host=frontier02773
host=frontier00436
allowed=1-2
allowed=1-2
allowed=1-2
host=frontier07002
host=frontier04673
allowed=1-2
host=frontier01643
allowed=1-2
host=frontier04452
allowed=1-2
host=frontier05491
host=frontier08416
host=frontier05492
allowed=1-2
host=frontier07515
host=frontier03930
host=frontier03650
host=frontier09074
allowed=1-2
allowed=1-2
allowed=1-2
host=frontier05957
host=frontier01645
host=frontier00450
host=frontier04162
host=frontier02414
host=frontier05191
host=frontier06386
host=frontier01138
allowed=1-2
host=frontier00451
host=frontier00887
allowed=1-2
allowed=1-2
allowed=1-2
host=frontier04981
host=frontier01391
allowed=1-2
host=frontier00705
allowed=1-2
allowed=1-2
host=frontier01140
allowed=1-2
allowed=1-2
host=frontier02159
host=frontier07006
allowed=1-2
allowed=1-2
allowed=1-2
host=frontier02778
host=frontier03290
host=frontier09323
host=frontier05194
host=frontier04682
allowed=1-2
host=frontier00238
host=frontier07380
host=frontier01142
allowed=1-2
host=frontier07242
host=frontier09324
allowed=1-2
host=frontier01394
allowed=1-2
host=frontier07754
host=frontier07243
host=frontier02162
host=frontier01395
allowed=1-2
host=frontier03796
host=frontier03009
host=frontier06391
host=frontier05565
host=frontier05360
allowed=1-2
host=frontier03938
allowed=1-2
host=frontier07614
allowed=1-2
host=frontier06894
host=frontier02163
host=frontier00709
host=frontier07382
host=frontier08133
host=frontier08658
allowed=1-2
allowed=1-2
allowed=1-2
allowed=1-2
host=frontier08905
host=frontier09150
allowed=1-2
host=frontier01652
host=frontier02421
host=frontier00493
allowed=1-2
host=frontier03662
host=frontier02164
host=frontier02783
allowed=1-2
allowed=1-2
host=frontier00747
host=frontier00962
host=frontier05568
allowed=1-2
allowed=1-2
host=frontier09151
host=frontier08665
allowed=1-2
allowed=1-2
host=frontier01654
host=frontier05222
host=frontier08516
allowed=1-2
host=frontier08274
host=frontier03296
host=frontier01399
host=frontier09329
host=frontier00964
allowed=1-2
allowed=1-2
host=frontier08275
host=frontier06251
allowed=1-2
host=frontier02664
host=frontier02167
host=frontier00496
host=frontier03666
allowed=1-2
host=frontier00750
allowed=1-2
allowed=1-2
allowed=1-2
host=frontier02425
allowed=1-2
host=frontier08518
host=frontier02168
host=frontier01656
host=frontier06497
host=frontier09189
allowed=1-2
host=frontier00751
host=frontier06001
host=frontier07389
allowed=1-2
host=frontier01913
allowed=1-2
host=frontier08139
host=frontier04178
host=frontier02666
host=frontier04040
allowed=1-2
allowed=1-2
host=frontier09191
host=frontier05753
allowed=1-2
host=frontier06901
host=frontier08278
host=frontier04319
host=frontier03530
host=frontier07626
host=frontier01727
host=frontier03531
host=frontier04320
allowed=1-2
host=frontier04042
host=frontier06672
host=frontier09334
host=frontier04181
host=frontier01005
host=frontier02669
host=frontier06004
host=frontier05430
host=frontier03303
host=frontier01984
host=frontier04043
host=frontier03670
host=frontier01486
allowed=1-2
allowed=1-2
allowed=1-2
allowed=1-2
allowed=1-2
host=frontier04927
host=frontier00310
host=frontier08946
host=frontier05095
allowed=1-2
host=frontier05229
host=frontier05609
host=frontier02671
host=frontier06905
allowed=1-2
allowed=1-2
host=frontier08144
allowed=1-2
host=frontier01986
host=frontier05824
host=frontier08283
allowed=1-2
host=frontier09407
host=frontier01515
allowed=1-2
host=frontier02542
host=frontier07999
host=frontier01261
host=frontier02884
host=frontier01008
allowed=1-2
host=frontier07769
host=frontier05098
allowed=1-2
host=frontier02889
host=frontier02543
host=frontier05862
host=frontier06977
allowed=1-2
host=frontier04711
host=frontier00321
allowed=1-2
host=frontier08285
host=frontier00759
host=frontier00541
host=frontier05614
host=frontier03394
host=frontier03168
host=frontier05235
host=frontier03169
host=frontier01773
host=frontier06263
host=frontier03906
host=frontier03678
host=frontier06513
host=frontier03540
host=frontier03170
host=frontier04939
host=frontier05617
host=frontier05867
host=frontier08778
host=frontier09203
host=frontier01776
host=frontier06115
host=frontier03914
host=frontier03683
host=frontier03544
host=frontier04429
host=frontier00834
host=frontier03406
host=frontier04575
host=frontier06123
host=frontier04432
host=frontier01527
host=frontier09208
host=frontier03547
host=frontier05874
host=frontier08809
host=frontier07360
host=frontier03269
host=frontier00875
host=frontier07880
host=frontier00876
host=frontier03276
host=frontier01345
host=frontier04809
host=frontier05879
host=frontier04973
host=frontier01601
host=frontier03416
host=frontier01133
host=frontier00630
host=frontier03281
host=frontier02909
host=frontier04302
host=frontier04978
host=frontier02911
host=frontier06135
host=frontier08893
host=frontier03286
host=frontier04161
host=frontier08265
host=frontier04455
host=frontier01139
host=frontier04982
host=frontier04681
host=frontier09077
host=frontier03289
host=frontier04836
host=frontier03934
host=frontier04308
host=frontier03424
host=frontier03935
host=frontier03795
host=frontier07008
host=frontier00239
host=frontier05745
host=frontier04459
host=frontier07896
host=frontier00960
host=frontier02658
host=frontier05057
host=frontier04312
host=frontier03294
host=frontier09327
host=frontier00746
host=frontier03154
host=frontier01908
host=frontier05748
host=frontier08512
host=frontier04032
host=frontier00963
host=frontier07900
host=frontier04315
host=frontier06899
host=frontier02786
host=frontier04546
host=frontier01912
host=frontier07387
host=frontier01001
host=frontier03667
host=frontier03020
host=frontier01657
host=frontier04551
host=frontier04041
host=frontier03804
host=frontier02191
host=frontier03301
host=frontier08944
host=frontier07116
host=frontier06505
host=frontier00501
host=frontier02500
host=frontier05822
host=frontier00755
host=frontier07766
host=frontier02882
host=frontier05823
host=frontier04045
host=frontier05433
host=frontier00756
host=frontier02672
host=frontier09408
host=frontier03536
host=frontier03166
host=frontier07121
host=frontier03393
host=frontier05099
host=frontier01517
host=frontier03167
allowed=1-2
allowed=1-2
current_cpu=  1
allowed=1-2
allowed=1-2
host=frontier05474
allowed=1-2
allowed=1-2
current_cpu=  1
current_cpu=  2
host=frontier00331
allowed=1-2
current_cpu=  1
allowed=1-2
host=frontier05100
host=frontier09199
allowed=1-2
allowed=1-2
allowed=1-2
allowed=1-2
allowed=1-2
current_cpu=  1
host=frontier01519
host=frontier04188
host=frontier02029
allowed=1-2
host=frontier08952
allowed=1-2
host=frontier09411
allowed=1-2
host=frontier02892
host=frontier02676
allowed=1-2
current_cpu=  2
current_cpu=  2
current_cpu=  2
current_cpu=  1
allowed=1-2
allowed=1-2
host=frontier09020
allowed=1-2
allowed=1-2
allowed=1-2
allowed=1-2
allowed=1-2
allowed=1-2
allowed=1-2
allowed=1-2
allowed=1-2
current_cpu=  1
allowed=1-2
allowed=1-2
host=frontier05618
allowed=1-2
allowed=1-2
current_cpu=  1
host=frontier00833
allowed=1-2
current_cpu=  2
current_cpu=  2
current_cpu=  1
host=frontier08545
allowed=1-2
allowed=1-2
allowed=1-2
allowed=1-2
allowed=1-2
host=frontier02033
allowed=1-2
allowed=1-2
allowed=1-2
allowed=1-2
current_cpu=  2
host=frontier01017
allowed=1-2
allowed=1-2
allowed=1-2
host=frontier07868
allowed=1-2
allowed=1-2
current_cpu=  1
host=frontier05478
host=frontier04965
allowed=1-2
host=frontier08784
current_cpu=  2
allowed=1-2
current_cpu=  2
allowed=1-2
host=frontier03266
host=frontier04056
host=frontier05311
allowed=1-2
current_cpu=  1
current_cpu=  2
allowed=1-2
current_cpu=  1
host=frontier08788
allowed=1-2
allowed=1-2
current_cpu=  1
host=frontier07873
allowed=1-2
current_cpu=  1
allowed=1-2
allowed=1-2
allowed=1-2
host=frontier02762
allowed=1-2
allowed=1-2
allowed=1-2
host=frontier08157
allowed=1-2
host=frontier02900
allowed=1-2
allowed=1-2
host=frontier08015
current_cpu=  1
host=frontier07875
allowed=1-2
current_cpu=  1
allowed=1-2
current_cpu=  2
allowed=1-2
host=frontier07132
host=frontier03774
host=frontier08158
current_cpu=  2
current_cpu=  2
current_cpu=  2
allowed=1-2
current_cpu=  2
current_cpu=  2
allowed=1-2
allowed=1-2
allowed=1-2
allowed=1-2
current_cpu=  1
allowed=1-2
allowed=1-2
host=frontier05345
current_cpu=  2
current_cpu=  2
allowed=1-2
allowed=1-2
host=frontier09458
allowed=1-2
allowed=1-2
allowed=1-2
allowed=1-2
allowed=1-2
allowed=1-2
allowed=1-2
current_cpu=  2
current_cpu=  2
allowed=1-2
allowed=1-2
current_cpu=  2
allowed=1-2
allowed=1-2
allowed=1-2
allowed=1-2
current_cpu=  1
host=frontier07135
current_cpu=  1
allowed=1-2
host=frontier08819
allowed=1-2
allowed=1-2
allowed=1-2
allowed=1-2
current_cpu=  2
allowed=1-2
allowed=1-2
host=frontier02625
current_cpu=  1
host=frontier06996
host=frontier09277
current_cpu=  1
allowed=1-2
host=frontier01347
host=frontier06778
allowed=1-2
allowed=1-2
allowed=1-2
host=frontier05729
current_cpu=  1
allowed=1-2
current_cpu=  1
allowed=1-2
current_cpu=  1
current_cpu=  1
allowed=1-2
allowed=1-2
current_cpu=  2
host=frontier00185
current_cpu=  2
host=frontier08822
allowed=1-2
allowed=1-2
allowed=1-2
current_cpu=  2
current_cpu=  2
host=frontier06846
host=frontier05735
allowed=1-2
allowed=1-2
allowed=1-2
allowed=1-2
current_cpu=  2
allowed=1-2
current_cpu=  2
allowed=1-2
current_cpu=  2
allowed=1-2
host=frontier08409
allowed=1-2
allowed=1-2
host=frontier06133
host=frontier07000
allowed=1-2
allowed=1-2
current_cpu=  1
current_cpu=  1
allowed=1-2
allowed=1-2
allowed=1-2
host=frontier03140
allowed=1-2
current_cpu=  2
current_cpu=  2
host=frontier07887
allowed=1-2
current_cpu=  1
allowed=1-2
current_cpu=  2
current_cpu=  2
current_cpu=  1
allowed=1-2
allowed=1-2
allowed=1-2
current_cpu=  2
allowed=1-2
current_cpu=  2
allowed=1-2
host=frontier06887
allowed=1-2
allowed=1-2
host=frontier00205
current_cpu=  2
host=frontier02648
allowed=1-2
allowed=1-2
host=frontier02774
allowed=1-2
current_cpu=  2
current_cpu=  1
current_cpu=  2
allowed=1-2
allowed=1-2
allowed=1-2
allowed=1-2
host=frontier08651
allowed=1-2
allowed=1-2
allowed=1-2
allowed=1-2
current_cpu=  1
allowed=1-2
allowed=1-2
current_cpu=  1
host=frontier00230
host=frontier06387
allowed=1-2
allowed=1-2
host=frontier06200
current_cpu=  2
allowed=1-2
current_cpu=  1
allowed=1-2
current_cpu=  2
current_cpu=  1
allowed=1-2
host=frontier07752
current_cpu=  2
current_cpu=  1
host=frontier00452
host=frontier05357
allowed=1-2
allowed=1-2
allowed=1-2
allowed=1-2
host=frontier00889
host=frontier05743
host=frontier02160
allowed=1-2
host=frontier00457
host=frontier00237
current_cpu=  2
allowed=1-2
allowed=1-2
allowed=1-2
host=frontier01649
current_cpu=  1
allowed=1-2
allowed=1-2
current_cpu=  2
allowed=1-2
current_cpu=  2
host=frontier04984
allowed=1-2
allowed=1-2
allowed=1-2
allowed=1-2
allowed=1-2
host=frontier00708
allowed=1-2
allowed=1-2
host=frontier05055
allowed=1-2
host=frontier01906
allowed=1-2
current_cpu=  1
allowed=1-2
current_cpu=  2
allowed=1-2
current_cpu=  1
allowed=1-2
allowed=1-2
allowed=1-2
host=frontier05361
allowed=1-2
allowed=1-2
current_cpu=  1
current_cpu=  2
current_cpu=  2
allowed=1-2
host=frontier08662
allowed=1-2
host=frontier07615
host=frontier04173
current_cpu=  2
allowed=1-2
allowed=1-2
allowed=1-2
current_cpu=  2
host=frontier05567
allowed=1-2
allowed=1-2
allowed=1-2
current_cpu=  2
current_cpu=  2
host=frontier07105
allowed=1-2
allowed=1-2
host=frontier08906
allowed=1-2
current_cpu=  1
current_cpu=  2
host=frontier07758
allowed=1-2
allowed=1-2
current_cpu=  1
current_cpu=  2
allowed=1-2
allowed=1-2
current_cpu=  2
host=frontier08668
host=frontier07759
allowed=1-2
allowed=1-2
allowed=1-2
allowed=1-2
allowed=1-2
current_cpu=  1
current_cpu=  1
allowed=1-2
host=frontier03523
allowed=1-2
current_cpu=  2
host=frontier05999
host=frontier01911
allowed=1-2
allowed=1-2
allowed=1-2
host=frontier08914
allowed=1-2
current_cpu=  2
allowed=1-2
current_cpu=  1
current_cpu=  1
current_cpu=  2
allowed=1-2
current_cpu=  1
allowed=1-2
allowed=1-2
allowed=1-2
allowed=1-2
allowed=1-2
current_cpu=  2
allowed=1-2
allowed=1-2
allowed=1-2
current_cpu=  1
allowed=1-2
current_cpu=  2
allowed=1-2
host=frontier07902
host=frontier05367
allowed=1-2
host=frontier06900
allowed=1-2
allowed=1-2
host=frontier05225
current_cpu=  1
host=frontier01472
host=frontier04179
allowed=1-2
host=frontier05226
allowed=1-2
current_cpu=  1
allowed=1-2
allowed=1-2
allowed=1-2
allowed=1-2
allowed=1-2
host=frontier01003
allowed=1-2
allowed=1-2
allowed=1-2
current_cpu=  2
allowed=1-2
host=frontier08141
host=frontier08764
host=frontier03805
allowed=1-2
allowed=1-2
allowed=1-2
allowed=1-2
allowed=1-2
allowed=1-2
host=frontier08280
allowed=1-2
host=frontier08945
allowed=1-2
allowed=1-2
allowed=1-2
allowed=1-2
current_cpu=  2
current_cpu=  2
current_cpu=  1
current_cpu=  2
current_cpu=  1
allowed=1-2
allowed=1-2
allowed=1-2
current_cpu=  1
allowed=1-2
allowed=1-2
allowed=1-2
allowed=1-2
host=frontier01509
host=frontier08767
current_cpu=  2
host=frontier06258
current_cpu=  1
allowed=1-2
current_cpu=  1
host=frontier02248
allowed=1-2
host=frontier01260
allowed=1-2
host=frontier09406
allowed=1-2
current_cpu=  1
allowed=1-2
allowed=1-2
current_cpu=  1
allowed=1-2
allowed=1-2
host=frontier07487
allowed=1-2
allowed=1-2
host=frontier07119
allowed=1-2
host=frontier06974
current_cpu=  2
allowed=1-2
host=frontier06260
allowed=1-2
host=frontier08284
current_cpu=  1
allowed=1-2
host=frontier01262
allowed=1-2
host=frontier03027
host=frontier08772
host=frontier02011
allowed=1-2
host=frontier07488
allowed=1-2
current_cpu=  1
allowed=1-2
allowed=1-2
host=frontier02890
host=frontier05439
allowed=1-2
host=frontier08773
host=frontier04048
allowed=1-2
allowed=1-2
host=frontier05234
allowed=1-2
allowed=1-2
host=frontier02675
host=frontier06511
host=frontier02028
host=frontier04712
host=frontier06978
allowed=1-2
host=frontier08951
host=frontier00577
allowed=1-2
host=frontier08149
allowed=1-2
host=frontier00761
allowed=1-2
allowed=1-2
allowed=1-2
host=frontier03677
host=frontier07772
allowed=1-2
allowed=1-2
allowed=1-2
host=frontier03907
allowed=1-2
allowed=1-2
allowed=1-2
host=frontier06985
allowed=1-2
allowed=1-2
allowed=1-2
allowed=1-2
host=frontier04427
host=frontier07498
host=frontier05475
host=frontier00583
host=frontier05870
host=frontier02896
allowed=1-2
host=frontier00082
host=frontier07776
allowed=1-2
allowed=1-2
host=frontier01270
allowed=1-2
host=frontier04964
host=frontier03265
host=frontier05871
allowed=1-2
allowed=1-2
host=frontier00365
host=frontier06518
host=frontier03545
host=frontier00620
host=frontier02552
host=frontier04574
host=frontier05479
host=frontier06990
allowed=1-2
allowed=1-2
host=frontier03407
host=frontier05873
host=frontier02553
allowed=1-2
allowed=1-2
host=frontier01089
allowed=1-2
allowed=1-2
host=frontier03408
allowed=1-2
allowed=1-2
host=frontier02038
allowed=1-2
host=frontier00623
allowed=1-2
host=frontier01528
host=frontier05481
allowed=1-2
host=frontier08812
allowed=1-2
allowed=1-2
host=frontier03041
host=frontier02623
host=frontier06376
host=frontier05694
allowed=1-2
host=frontier09459
host=frontier00127
host=frontier04584
allowed=1-2
allowed=1-2
host=frontier00626
host=frontier07881
host=frontier02368
host=frontier01130
host=frontier03277
host=frontier03413
allowed=1-2
host=frontier06129
host=frontier02111
host=frontier04810
host=frontier07508
host=frontier00878
allowed=1-2
host=frontier09278
host=frontier08645
host=frontier00880
allowed=1-2
host=frontier01132
host=frontier00374
allowed=1-2
allowed=1-2
allowed=1-2
host=frontier08022
host=frontier09070
host=frontier06627
host=frontier01134
host=frontier02771
allowed=1-2
allowed=1-2
allowed=1-2
host=frontier01135
host=frontier01637
host=frontier02149
host=frontier04977
host=frontier05184
host=frontier05353
host=frontier04160
host=frontier01136
allowed=1-2
allowed=1-2
allowed=1-2
allowed=1-2
host=frontier05738
host=frontier07888
allowed=1-2
allowed=1-2
host=frontier01389
host=frontier05952
host=frontier01644
host=frontier00886
host=frontier04980
host=frontier02913
host=frontier00702
allowed=1-2
host=frontier03932
allowed=1-2
allowed=1-2
host=frontier04835
allowed=1-2
host=frontier08126
allowed=1-2
host=frontier02777
allowed=1-2
allowed=1-2
allowed=1-2
host=frontier07893
allowed=1-2
allowed=1-2
allowed=1-2
allowed=1-2
host=frontier06390
allowed=1-2
host=frontier06241
host=frontier05562
allowed=1-2
host=frontier01143
host=frontier06242
host=frontier00486
host=frontier08129
host=frontier09080
allowed=1-2
host=frontier03428
allowed=1-2
host=frontier01396
allowed=1-2
host=frontier01651
allowed=1-2
host=frontier05995
allowed=1-2
allowed=1-2
allowed=1-2
allowed=1-2
allowed=1-2
allowed=1-2
host=frontier00961
allowed=1-2
allowed=1-2
host=frontier07616
allowed=1-2
allowed=1-2
host=frontier03012
host=frontier05997
host=frontier07384
host=frontier01909
host=frontier00242
host=frontier05569
host=frontier01910
allowed=1-2
host=frontier03800
host=frontier06645
allowed=1-2
host=frontier06646
host=frontier03018
allowed=1-2
host=frontier05224
allowed=1-2
allowed=1-2
allowed=1-2
allowed=1-2
host=frontier05366
host=frontier01401
allowed=1-2
host=frontier02665
host=frontier01471
allowed=1-2
allowed=1-2
host=frontier08519
allowed=1-2
allowed=1-2
allowed=1-2
allowed=1-2
allowed=1-2
allowed=1-2
host=frontier04180
host=frontier05073
host=frontier02499
host=frontier01004
host=frontier02240
allowed=1-2
host=frontier04848
allowed=1-2
allowed=1-2
allowed=1-2
allowed=1-2
allowed=1-2
host=frontier04321
host=frontier04554
host=frontier01258
allowed=1-2
allowed=1-2
allowed=1-2
host=frontier09336
allowed=1-2
host=frontier01729
host=frontier03533
allowed=1-2
allowed=1-2
allowed=1-2
host=frontier05231
host=frontier01738
host=frontier00316
allowed=1-2
host=frontier03535
host=frontier05097
host=frontier08948
host=frontier04185
allowed=1-2
allowed=1-2
host=frontier04417
host=frontier00320
allowed=1-2
host=frontier01009
host=frontier02673
allowed=1-2
allowed=1-2
allowed=1-2
host=frontier09198
allowed=1-2
host=frontier01766
allowed=1-2
host=frontier04931
host=frontier03029
host=frontier04419
host=frontier08287
host=frontier00002
host=frontier03676
host=frontier04561
host=frontier04937
host=frontier06512
host=frontier01012
host=frontier02546
host=frontier04050
host=frontier07496
host=frontier04189
host=frontier09448
host=frontier01013
host=frontier03031
host=frontier06980
host=frontier02289
host=frontier02894
host=frontier09449
host=frontier01014
host=frontier02032
host=frontier06515
host=frontier02753
host=frontier05869
host=frontier03404
host=frontier04718
host=frontier05309
host=frontier03264
host=frontier03682
host=frontier06121
host=frontier05477
host=frontier02897
host=frontier06769
host=frontier06333
host=frontier02035
host=frontier03684
host=frontier07357
host=frontier04430
host=frontier09207
host=frontier01272
host=frontier07642
host=frontier01780
host=frontier00117
host=frontier02037
host=frontier04967
host=frontier08401
host=frontier09456
host=frontier04289
host=frontier05110
host=frontier07644
host=frontier05624
host=frontier02039
host=frontier03040
host=frontier03274
host=frontier03549
host=frontier03776
host=frontier00125
host=frontier08250
host=frontier01593
host=frontier09271
host=frontier04435
host=frontier00625
host=frontier09276
host=frontier01785
host=frontier04437
host=frontier00128
host=frontier04063
host=frontier00627
host=frontier06591
host=frontier05485
host=frontier09067
host=frontier08644
host=frontier03134
host=frontier07649
host=frontier07509
host=frontier04438
host=frontier03279
host=frontier05181
host=frontier04587
host=frontier04439
host=frontier06626
host=frontier06381
host=frontier07511
host=frontier03926
host=frontier05182
host=frontier05488
host=frontier04442
host=frontier02137
host=frontier04443
host=frontier04671
host=frontier05737
host=frontier03928
host=frontier06881
host=frontier06384
host=frontier04816
host=frontier06634
host=frontier09073
host=frontier09318
host=frontier09466
host=frontier04453
host=frontier07375
host=frontier10138
host=frontier04679
host=frontier01390
host=frontier03287
host=frontier03931
host=frontier03791
host=frontier01901
host=frontier05355
host=frontier01902
host=frontier07517
host=frontier06637
host=frontier04456
host=frontier05742
host=frontier01903
host=frontier08900
host=frontier00236
host=frontier07378
host=frontier06639
host=frontier01904
host=frontier03007
host=frontier05744
host=frontier03008
host=frontier04309
host=frontier09079
host=frontier00953
host=frontier06640
host=frontier08902
host=frontier04683
host=frontier05994
host=frontier02657
host=frontier06893
host=frontier07895
host=frontier08270
host=frontier06392
host=frontier01907
host=frontier03293
host=frontier04840
host=frontier05566
host=frontier08271
host=frontier05220
host=frontier08511
host=frontier02782
host=frontier07897
host=frontier01213
host=frontier06644
host=frontier06249
host=frontier08273
host=frontier05221
host=frontier02165
host=frontier04314
host=frontier03156
host=frontier01216
host=frontier04033
host=frontier04544
host=frontier06462
host=frontier03157
host=frontier06898
host=frontier05064
host=frontier05751
host=frontier07108
host=frontier06252
host=frontier09190
host=frontier03159
host=frontier04846
host=frontier05605
host=frontier03668
host=frontier06254
host=frontier06002
host=frontier05369
host=frontier04552
host=frontier09192
host=frontier08279
host=frontier02668
host=frontier04553
host=frontier06003
host=frontier06255
host=frontier04701
host=frontier03023
host=frontier01728
host=frontier03162
host=frontier03532
host=frontier08142
host=frontier09193
host=frontier03671
host=frontier02242
host=frontier03024
host=frontier05431
host=frontier07254
host=frontier04708
host=frontier04183
host=frontier08524
host=frontier02535
host=frontier06755
host=frontier03025
host=frontier07998
host=frontier05437
host=frontier03026
host=frontier06756
host=frontier05835
host=frontier04710
host=frontier07257
host=frontier03903
host=frontier03392
host=frontier08146
host=frontier04047
host=frontier06261
host=frontier08001
host=frontier03537
host=frontier05863
host=frontier07489
current_cpu=  2
current_cpu=  1
current_cpu=  1
host=frontier00831
host=frontier02752
current_cpu=  2
current_cpu=  2
current_cpu=  1
allowed=1-2
current_cpu=  1
current_cpu=  2
allowed=1-2
current_cpu=  2
current_cpu=  2
current_cpu=  1
allowed=1-2
allowed=1-2
host=frontier02287
current_cpu=  2
current_cpu=  2
current_cpu=  1
current_cpu=  1
current_cpu=  1
host=frontier05440
host=frontier08005
host=frontier08528
allowed=1-2
host=frontier06764
allowed=1-2
allowed=1-2
current_cpu=  1
allowed=1-2
current_cpu=  2
allowed=1-2
current_cpu=  2
host=frontier05101
allowed=1-2
host=frontier09200
allowed=1-2
host=frontier08775
current_cpu=  1
current_cpu=  1
current_cpu=  1
current_cpu=  2
host=frontier07124
host=frontier07773
allowed=1-2
current_cpu=  2
current_cpu=  1
current_cpu=  1
current_cpu=  1
current_cpu=  2
current_cpu=  1
current_cpu=  1
current_cpu=  2
host=frontier07775
current_cpu=  2
allowed=1-2
current_cpu=  2
current_cpu=  1
current_cpu=  2
allowed=1-2
current_cpu=  2
current_cpu=  1
allowed=1-2
current_cpu=  1
allowed=1-2
current_cpu=  2
current_cpu=  2
current_cpu=  2
current_cpu=  2
current_cpu=  2
allowed=1-2
current_cpu=  1
host=frontier08779
host=frontier05619
current_cpu=  1
current_cpu=  1
current_cpu=  1
host=frontier04193
allowed=1-2
host=frontier01778
current_cpu=  1
current_cpu=  2
current_cpu=  1
host=frontier09452
allowed=1-2
current_cpu=  2
current_cpu=  1
host=frontier05106
current_cpu=  1
current_cpu=  2
allowed=1-2
allowed=1-2
current_cpu=  1
allowed=1-2
current_cpu=  2
current_cpu=  1
allowed=1-2
allowed=1-2
allowed=1-2
host=frontier02294
current_cpu=  2
current_cpu=  1
allowed=1-2
host=frontier08399
host=frontier02036
current_cpu=  1
current_cpu=  2
allowed=1-2
allowed=1-2
host=frontier02757
current_cpu=  2
current_cpu=  2
current_cpu=  1
current_cpu=  1
host=frontier07503
allowed=1-2
host=frontier05109
current_cpu=  1
current_cpu=  2
current_cpu=  2
host=frontier00622
allowed=1-2
current_cpu=  2
allowed=1-2
host=frontier08576
current_cpu=  1
current_cpu=  1
allowed=1-2
allowed=1-2
current_cpu=  1
current_cpu=  1
current_cpu=  1
allowed=1-2
allowed=1-2
allowed=1-2
host=frontier03039
host=frontier04290
current_cpu=  1
current_cpu=  2
current_cpu=  1
current_cpu=  1
current_cpu=  2
current_cpu=  2
current_cpu=  2
host=frontier09457
host=frontier07133
allowed=1-2
current_cpu=  1
current_cpu=  1
allowed=1-2
current_cpu=  1
current_cpu=  1
host=frontier07362
current_cpu=  1
current_cpu=  1
current_cpu=  1
current_cpu=  1
current_cpu=  2
current_cpu=  1
current_cpu=  1
current_cpu=  2
current_cpu=  2
current_cpu=  2
current_cpu=  2
allowed=1-2
host=frontier03042
current_cpu=  2
allowed=1-2
host=frontier06128
current_cpu=  2
current_cpu=  2
current_cpu=  1
current_cpu=  1
current_cpu=  2
host=frontier07882
current_cpu=  2
allowed=1-2
host=frontier05696
host=frontier02905
allowed=1-2
host=frontier01346
allowed=1-2
current_cpu=  2
host=frontier07369
allowed=1-2
host=frontier03278
allowed=1-2
current_cpu=  2
host=frontier09068
current_cpu=  2
current_cpu=  2
allowed=1-2
current_cpu=  1
host=frontier00184
host=frontier08821
current_cpu=  2
current_cpu=  1
current_cpu=  2
current_cpu=  1
current_cpu=  1
host=frontier05349
allowed=1-2
allowed=1-2
allowed=1-2
current_cpu=  2
current_cpu=  1
host=frontier02116
current_cpu=  1
host=frontier07371
allowed=1-2
allowed=1-2
host=frontier03138
current_cpu=  1
current_cpu=  2
host=frontier03280
host=frontier00192
current_cpu=  1
host=frontier03786
current_cpu=  1
current_cpu=  2
current_cpu=  1
current_cpu=  2
allowed=1-2
current_cpu=  2
current_cpu=  1
allowed=1-2
allowed=1-2
current_cpu=  1
current_cpu=  1
host=frontier07743
current_cpu=  1
current_cpu=  2
current_cpu=  2
allowed=1-2
current_cpu=  2
host=frontier02910
host=frontier09465
allowed=1-2
current_cpu=  1
host=frontier07744
host=frontier08892
current_cpu=  2
allowed=1-2
current_cpu=  2
current_cpu=  2
current_cpu=  2
current_cpu=  1
current_cpu=  2
host=frontier08649
current_cpu=  1
allowed=1-2
current_cpu=  1
current_cpu=  2
allowed=1-2
allowed=1-2
host=frontier04817
allowed=1-2
current_cpu=  2
current_cpu=  2
allowed=1-2
host=frontier07746
host=frontier01137
current_cpu=  1
host=frontier00634
current_cpu=  1
current_cpu=  2
current_cpu=  1
host=frontier06636
current_cpu=  2
allowed=1-2
current_cpu=  1
current_cpu=  2
current_cpu=  1
host=frontier04305
current_cpu=  1
host=frontier06137
current_cpu=  2
current_cpu=  1
current_cpu=  2
current_cpu=  2
allowed=1-2
allowed=1-2
current_cpu=  1
current_cpu=  2
allowed=1-2
host=frontier07377
host=frontier08652
host=frontier09076
current_cpu=  2
current_cpu=  1
current_cpu=  2
allowed=1-2
current_cpu=  1
host=frontier04168
allowed=1-2
allowed=1-2
host=frontier10170
allowed=1-2
current_cpu=  2
current_cpu=  1
host=frontier05496
current_cpu=  2
current_cpu=  1
current_cpu=  1
host=frontier10175
allowed=1-2
allowed=1-2
host=frontier04169
host=frontier06891
allowed=1-2
current_cpu=  1
allowed=1-2
allowed=1-2
current_cpu=  2
current_cpu=  1
current_cpu=  2
allowed=1-2
current_cpu=  1
current_cpu=  2
current_cpu=  2
allowed=1-2
current_cpu=  1
host=frontier07894
host=frontier04170
current_cpu=  1
current_cpu=  2
current_cpu=  1
current_cpu=  1
current_cpu=  1
allowed=1-2
current_cpu=  1
current_cpu=  2
allowed=1-2
current_cpu=  1
allowed=1-2
current_cpu=  1
host=frontier00959
host=frontier08903
current_cpu=  2
current_cpu=  2
current_cpu=  1
host=frontier08510
current_cpu=  2
current_cpu=  1
allowed=1-2
allowed=1-2
current_cpu=  1
current_cpu=  1
current_cpu=  2
current_cpu=  1
allowed=1-2
current_cpu=  1
allowed=1-2
allowed=1-2
current_cpu=  2
current_cpu=  1
host=frontier00241
current_cpu=  1
allowed=1-2
current_cpu=  2
current_cpu=  2
current_cpu=  1
allowed=1-2
current_cpu=  2
current_cpu=  2
allowed=1-2
current_cpu=  1
allowed=1-2
current_cpu=  1
host=frontier05363
current_cpu=  2
allowed=1-2
current_cpu=  1
allowed=1-2
current_cpu=  1
current_cpu=  1
current_cpu=  2
current_cpu=  2
current_cpu=  2
allowed=1-2
current_cpu=  2
allowed=1-2
current_cpu=  2
allowed=1-2
current_cpu=  2
allowed=1-2
current_cpu=  1
current_cpu=  1
allowed=1-2
current_cpu=  1
current_cpu=  2
current_cpu=  2
current_cpu=  1
allowed=1-2
current_cpu=  1
current_cpu=  1
allowed=1-2
current_cpu=  2
current_cpu=  1
allowed=1-2
current_cpu=  2
allowed=1-2
current_cpu=  2
allowed=1-2
current_cpu=  1
allowed=1-2
current_cpu=  1
current_cpu=  1
current_cpu=  2
current_cpu=  1
current_cpu=  2
current_cpu=  1
allowed=1-2
allowed=1-2
current_cpu=  2
current_cpu=  1
allowed=1-2
current_cpu=  2
current_cpu=  1
allowed=1-2
current_cpu=  2
allowed=1-2
current_cpu=  2
current_cpu=  1
allowed=1-2
current_cpu=  2
current_cpu=  2
current_cpu=  1
current_cpu=  1
current_cpu=  1
current_cpu=  1
current_cpu=  1
allowed=1-2
current_cpu=  1
current_cpu=  2
allowed=1-2
current_cpu=  2
allowed=1-2
current_cpu=  2
current_cpu=  2
allowed=1-2
allowed=1-2
current_cpu=  1
current_cpu=  2
current_cpu=  1
allowed=1-2
current_cpu=  2
allowed=1-2
current_cpu=  1
current_cpu=  1
current_cpu=  2
allowed=1-2
current_cpu=  1
current_cpu=  2
current_cpu=  2
current_cpu=  1
current_cpu=  1
current_cpu=  1
allowed=1-2
allowed=1-2
current_cpu=  1
current_cpu=  2
allowed=1-2
allowed=1-2
current_cpu=  1
current_cpu=  2
current_cpu=  1
current_cpu=  2
allowed=1-2
current_cpu=  2
current_cpu=  1
allowed=1-2
current_cpu=  1
current_cpu=  1
allowed=1-2
allowed=1-2
current_cpu=  2
current_cpu=  1
current_cpu=  2
allowed=1-2
current_cpu=  2
current_cpu=  1
allowed=1-2
current_cpu=  1
allowed=1-2
current_cpu=  2
current_cpu=  2
allowed=1-2
current_cpu=  2
current_cpu=  2
allowed=1-2
current_cpu=  1
current_cpu=  2
allowed=1-2
current_cpu=  1
allowed=1-2
current_cpu=  1
allowed=1-2
current_cpu=  1
allowed=1-2
current_cpu=  1
current_cpu=  2
current_cpu=  1
current_cpu=  1
current_cpu=  2
allowed=1-2
current_cpu=  2
allowed=1-2
current_cpu=  2
current_cpu=  2
current_cpu=  1
allowed=1-2
current_cpu=  1
allowed=1-2
current_cpu=  1
allowed=1-2
current_cpu=  2
allowed=1-2
current_cpu=  2
current_cpu=  1
current_cpu=  2
current_cpu=  1
allowed=1-2
current_cpu=  2
current_cpu=  2
allowed=1-2
current_cpu=  2
allowed=1-2
current_cpu=  2
current_cpu=  1
allowed=1-2
allowed=1-2
current_cpu=  2
current_cpu=  1
current_cpu=  2
allowed=1-2
current_cpu=  2
current_cpu=  2
current_cpu=  1
current_cpu=  2
allowed=1-2
current_cpu=  1
current_cpu=  1
allowed=1-2
current_cpu=  1
allowed=1-2
current_cpu=  2
allowed=1-2
current_cpu=  1
allowed=1-2
current_cpu=  2
current_cpu=  1
allowed=1-2
allowed=1-2
current_cpu=  1
current_cpu=  2
current_cpu=  2
current_cpu=  1
current_cpu=  2
allowed=1-2
current_cpu=  1
allowed=1-2
current_cpu=  1
allowed=1-2
current_cpu=  1
current_cpu=  2
allowed=1-2
current_cpu=  1
current_cpu=  2
current_cpu=  2
allowed=1-2
current_cpu=  1
current_cpu=  1
allowed=1-2
current_cpu=  2
allowed=1-2
current_cpu=  2
current_cpu=  2
current_cpu=  2
allowed=1-2
current_cpu=  2
allowed=1-2
current_cpu=  1
current_cpu=  1
current_cpu=  1
current_cpu=  1
current_cpu=  1
current_cpu=  1
allowed=1-2
allowed=1-2
current_cpu=  1
current_cpu=  2
current_cpu=  1
current_cpu=  2
current_cpu=  1
allowed=1-2
current_cpu=  2
allowed=1-2
current_cpu=  1
allowed=1-2
current_cpu=  2
current_cpu=  2
current_cpu=  1
current_cpu=  1
current_cpu=  2
current_cpu=  1
allowed=1-2
current_cpu=  2
current_cpu=  2
current_cpu=  2
current_cpu=  2
allowed=1-2
current_cpu=  2
allowed=1-2
current_cpu=  2
current_cpu=  1
host=frontier07247
current_cpu=  1
allowed=1-2
host=frontier07106
current_cpu=  2
allowed=1-2
current_cpu=  2
allowed=1-2
current_cpu=  1
allowed=1-2
current_cpu=  2
current_cpu=  1
current_cpu=  1
host=frontier07899
allowed=1-2
current_cpu=  1
current_cpu=  2
current_cpu=  2
current_cpu=  2
host=frontier03522
allowed=1-2
current_cpu=  1
current_cpu=  1
current_cpu=  2
allowed=1-2
current_cpu=  1
current_cpu=  2
allowed=1-2
current_cpu=  1
allowed=1-2
current_cpu=  1
current_cpu=  1
host=frontier07107
current_cpu=  2
allowed=1-2
current_cpu=  2
current_cpu=  1
allowed=1-2
current_cpu=  1
host=frontier03665
allowed=1-2
current_cpu=  1
current_cpu=  1
current_cpu=  1
host=frontier00497
current_cpu=  2
allowed=1-2
current_cpu=  2
current_cpu=  2
current_cpu=  1
current_cpu=  1
current_cpu=  2
current_cpu=  1
current_cpu=  2
current_cpu=  2
current_cpu=  2
current_cpu=  1
current_cpu=  2
allowed=1-2
allowed=1-2
current_cpu=  1
current_cpu=  1
current_cpu=  2
allowed=1-2
current_cpu=  2
host=frontier08926
allowed=1-2
current_cpu=  1
current_cpu=  1
current_cpu=  1
allowed=1-2
current_cpu=  1
current_cpu=  1
allowed=1-2
current_cpu=  1
allowed=1-2
current_cpu=  2
current_cpu=  1
allowed=1-2
current_cpu=  1
current_cpu=  2
current_cpu=  1
current_cpu=  2
current_cpu=  2
current_cpu=  2
current_cpu=  2
host=frontier08140
allowed=1-2
allowed=1-2
current_cpu=  2
current_cpu=  2
current_cpu=  2
host=frontier06902
current_cpu=  2
allowed=1-2
host=frontier05607
allowed=1-2
current_cpu=  2
current_cpu=  2
current_cpu=  2
host=frontier01234
allowed=1-2
allowed=1-2
current_cpu=  2
current_cpu=  1
host=frontier05370
allowed=1-2
allowed=1-2
current_cpu=  2
current_cpu=  2
current_cpu=  1
current_cpu=  1
allowed=1-2
allowed=1-2
current_cpu=  2
current_cpu=  1
current_cpu=  2
host=frontier08521
allowed=1-2
current_cpu=  1
current_cpu=  1
current_cpu=  1
current_cpu=  1
current_cpu=  2
current_cpu=  1
host=frontier08522
allowed=1-2
allowed=1-2
current_cpu=  2
current_cpu=  2
current_cpu=  2
allowed=1-2
current_cpu=  1
host=frontier03806
allowed=1-2
current_cpu=  2
current_cpu=  1
current_cpu=  2
current_cpu=  2
host=frontier08765
allowed=1-2
current_cpu=  2
current_cpu=  2
current_cpu=  1
allowed=1-2
current_cpu=  2
current_cpu=  2
host=frontier01006
allowed=1-2
host=frontier09194
current_cpu=  1
allowed=1-2
current_cpu=  2
current_cpu=  2
host=frontier01985
current_cpu=  2
allowed=1-2
current_cpu=  2
current_cpu=  2
allowed=1-2
current_cpu=  2
host=frontier02883
allowed=1-2
allowed=1-2
current_cpu=  1
current_cpu=  1
allowed=1-2
current_cpu=  2
current_cpu=  1
allowed=1-2
current_cpu=  2
current_cpu=  2
allowed=1-2
current_cpu=  2
current_cpu=  2
allowed=1-2
current_cpu=  1
current_cpu=  1
current_cpu=  2
current_cpu=  2
current_cpu=  1
host=frontier08525
allowed=1-2
current_cpu=  1
current_cpu=  1
allowed=1-2
current_cpu=  1
current_cpu=  1
current_cpu=  2
allowed=1-2
current_cpu=  2
current_cpu=  2
host=frontier00757
allowed=1-2
allowed=1-2
current_cpu=  2
current_cpu=  2
current_cpu=  2
allowed=1-2
current_cpu=  2
current_cpu=  1
allowed=1-2
current_cpu=  2
current_cpu=  2
allowed=1-2
current_cpu=  1
current_cpu=  2
allowed=1-2
current_cpu=  2
allowed=1-2
current_cpu=  2
allowed=1-2
current_cpu=  1
current_cpu=  1
host=frontier05232
allowed=1-2
allowed=1-2
current_cpu=  2
current_cpu=  2
current_cpu=  1
current_cpu=  1
current_cpu=  1
allowed=1-2
allowed=1-2
current_cpu=  2
current_cpu=  2
current_cpu=  2
current_cpu=  1
allowed=1-2
allowed=1-2
current_cpu=  1
current_cpu=  1
current_cpu=  1
host=frontier05613
allowed=1-2
host=frontier06762
current_cpu=  2
allowed=1-2
current_cpu=  1
host=frontier09409
allowed=1-2
current_cpu=  2
current_cpu=  1
host=frontier09410
allowed=1-2
allowed=1-2
current_cpu=  2
current_cpu=  2
current_cpu=  1
current_cpu=  1
current_cpu=  2
host=frontier08774
allowed=1-2
allowed=1-2
current_cpu=  1
current_cpu=  2
allowed=1-2
host=frontier07490
current_cpu=  2
allowed=1-2
current_cpu=  1
allowed=1-2
current_cpu=  2
allowed=1-2
current_cpu=  1
allowed=1-2
current_cpu=  2
current_cpu=  2
host=frontier05864
allowed=1-2
current_cpu=  1
allowed=1-2
current_cpu=  1
current_cpu=  1
allowed=1-2
host=frontier06079
current_cpu=  1
allowed=1-2
current_cpu=  1
current_cpu=  1
host=frontier06979
allowed=1-2
allowed=1-2
current_cpu=  2
current_cpu=  1
current_cpu=  2
allowed=1-2
current_cpu=  1
current_cpu=  1
current_cpu=  1
current_cpu=  2
allowed=1-2
current_cpu=  2
host=frontier00578
allowed=1-2
host=frontier03539
current_cpu=  2
allowed=1-2
current_cpu=  2
current_cpu=  2
host=frontier00058
host=frontier01265
allowed=1-2
allowed=1-2
current_cpu=  2
current_cpu=  1
allowed=1-2
current_cpu=  1
current_cpu=  2
current_cpu=  2
current_cpu=  2
host=frontier04938
allowed=1-2
allowed=1-2
current_cpu=  2
current_cpu=  2
host=frontier08532
host=frontier06765
allowed=1-2
allowed=1-2
current_cpu=  1
current_cpu=  1
current_cpu=  2
host=frontier01520
allowed=1-2
host=frontier08776
current_cpu=  2
allowed=1-2
current_cpu=  2
host=frontier08150
allowed=1-2
host=frontier03401
current_cpu=  1
allowed=1-2
current_cpu=  1
host=frontier00762
allowed=1-2
host=frontier07636
current_cpu=  2
allowed=1-2
current_cpu=  2
host=frontier01266
allowed=1-2
host=frontier06265
current_cpu=  2
allowed=1-2
current_cpu=  1
current_cpu=  2
host=frontier03032
host=frontier05237
allowed=1-2
allowed=1-2
current_cpu=  1
current_cpu=  2
host=frontier08777
current_cpu=  1
allowed=1-2
host=frontier03541
current_cpu=  2
allowed=1-2
current_cpu=  1
host=frontier07262
allowed=1-2
host=frontier07125
current_cpu=  1
allowed=1-2
host=frontier00080
allowed=1-2
allowed=1-2
current_cpu=  1
current_cpu=  1
host=frontier08008
allowed=1-2
current_cpu=  1
current_cpu=  1
host=frontier03679
allowed=1-2
host=frontier08151
current_cpu=  1
allowed=1-2
current_cpu=  1
current_cpu=  2
current_cpu=  2
host=frontier02291
allowed=1-2
host=frontier04717
current_cpu=  1
allowed=1-2
current_cpu=  1
host=frontier03403
allowed=1-2
allowed=1-2
current_cpu=  1
current_cpu=  2
current_cpu=  2
host=frontier02549
allowed=1-2
allowed=1-2
current_cpu=  1
current_cpu=  2
host=frontier05238
allowed=1-2
allowed=1-2
current_cpu=  1
current_cpu=  2
host=frontier01522
allowed=1-2
allowed=1-2
current_cpu=  1
current_cpu=  1
host=frontier06767
host=frontier09450
allowed=1-2
allowed=1-2
current_cpu=  1
current_cpu=  2
host=frontier09204
allowed=1-2
allowed=1-2
current_cpu=  1
current_cpu=  1
current_cpu=  2
host=frontier06768
host=frontier07127
allowed=1-2
allowed=1-2
current_cpu=  2
current_cpu=  1
allowed=1-2
host=frontier03543
current_cpu=  1
allowed=1-2
current_cpu=  2
allowed=1-2
current_cpu=  1
host=frontier02754
allowed=1-2
host=frontier08010
current_cpu=  2
allowed=1-2
current_cpu=  1
host=frontier07499
allowed=1-2
host=frontier04947
current_cpu=  2
allowed=1-2
current_cpu=  2
host=frontier07639
allowed=1-2
current_cpu=  1
current_cpu=  2
allowed=1-2
current_cpu=  1
allowed=1-2
current_cpu=  2
host=frontier02293
allowed=1-2
current_cpu=  1
current_cpu=  1
host=frontier04055
allowed=1-2
current_cpu=  2
current_cpu=  2
allowed=1-2
current_cpu=  2
current_cpu=  2
current_cpu=  1
allowed=1-2
current_cpu=  2
host=frontier02551
allowed=1-2
allowed=1-2
current_cpu=  1
current_cpu=  2
current_cpu=  1
host=frontier00364
allowed=1-2
host=frontier07265
current_cpu=  2
allowed=1-2
current_cpu=  2
host=frontier07640
allowed=1-2
allowed=1-2
current_cpu=  2
current_cpu=  1
current_cpu=  1
host=frontier08780
allowed=1-2
host=frontier00835
current_cpu=  1
allowed=1-2
current_cpu=  1
current_cpu=  1
allowed=1-2
host=frontier05872
current_cpu=  2
allowed=1-2
current_cpu=  1
host=frontier05621
allowed=1-2
allowed=1-2
current_cpu=  1
current_cpu=  1
allowed=1-2
host=frontier09206
current_cpu=  2
allowed=1-2
current_cpu=  1
allowed=1-2
current_cpu=  1
allowed=1-2
current_cpu=  1
allowed=1-2
current_cpu=  2
host=frontier08012
allowed=1-2
host=frontier05107
current_cpu=  1
allowed=1-2
current_cpu=  1
host=frontier04799
allowed=1-2
host=frontier04286
current_cpu=  2
allowed=1-2
current_cpu=  2
host=frontier09036
allowed=1-2
allowed=1-2
current_cpu=  2
current_cpu=  1
allowed=1-2
current_cpu=  1
current_cpu=  2
current_cpu=  1
allowed=1-2
host=frontier04431
current_cpu=  1
allowed=1-2
current_cpu=  1
host=frontier00836
allowed=1-2
host=frontier03770
current_cpu=  2
allowed=1-2
current_cpu=  1
allowed=1-2
current_cpu=  2
host=frontier05622
allowed=1-2
host=frontier01088
current_cpu=  2
allowed=1-2
current_cpu=  2
allowed=1-2
current_cpu=  1
host=frontier05312
allowed=1-2
host=frontier06519
current_cpu=  1
allowed=1-2
current_cpu=  1
current_cpu=  2
host=frontier07643
host=frontier07131
allowed=1-2
allowed=1-2
current_cpu=  2
current_cpu=  1
host=frontier01273
current_cpu=  1
allowed=1-2
allowed=1-2
current_cpu=  2
current_cpu=  1
current_cpu=  2
host=frontier06772
allowed=1-2
host=frontier09455
current_cpu=  1
allowed=1-2
current_cpu=  1
current_cpu=  2
host=frontier03918
allowed=1-2
allowed=1-2
current_cpu=  2
current_cpu=  2
host=frontier03038
allowed=1-2
current_cpu=  1
current_cpu=  2
host=frontier07874
allowed=1-2
current_cpu=  2
current_cpu=  2
host=frontier06992
allowed=1-2
host=frontier07504
current_cpu=  1
allowed=1-2
current_cpu=  1
host=frontier01090
allowed=1-2
allowed=1-2
current_cpu=  2
current_cpu=  2
current_cpu=  1
allowed=1-2
current_cpu=  1
host=frontier01782
allowed=1-2
current_cpu=  2
current_cpu=  1
host=frontier00124
allowed=1-2
host=frontier02901
current_cpu=  2
allowed=1-2
current_cpu=  2
host=frontier04968
allowed=1-2
host=frontier03548
current_cpu=  2
allowed=1-2
current_cpu=  1
allowed=1-2
current_cpu=  1
allowed=1-2
current_cpu=  1
host=frontier03920
allowed=1-2
host=frontier08016
current_cpu=  2
allowed=1-2
current_cpu=  2
host=frontier01091
allowed=1-2
current_cpu=  2
current_cpu=  1
host=frontier07361
allowed=1-2
host=frontier00624
current_cpu=  1
allowed=1-2
current_cpu=  2
host=frontier06993
allowed=1-2
host=frontier01343
current_cpu=  1
allowed=1-2
current_cpu=  2
host=frontier06375
allowed=1-2
allowed=1-2
current_cpu=  1
current_cpu=  1
host=frontier04582
host=frontier06774
allowed=1-2
allowed=1-2
current_cpu=  2
current_cpu=  1
host=frontier02902
host=frontier09270
allowed=1-2
allowed=1-2
current_cpu=  2
current_cpu=  1
host=frontier08159
current_cpu=  2
allowed=1-2
host=frontier01092
current_cpu=  2
allowed=1-2
current_cpu=  2
current_cpu=  2
host=frontier09065
host=frontier07506
allowed=1-2
allowed=1-2
current_cpu=  1
current_cpu=  2
allowed=1-2
host=frontier08403
current_cpu=  1
allowed=1-2
current_cpu=  2
host=frontier05877
allowed=1-2
allowed=1-2
current_cpu=  2
current_cpu=  2
host=frontier04583
host=frontier07646
allowed=1-2
allowed=1-2
current_cpu=  1
current_cpu=  2
host=frontier06775
allowed=1-2
allowed=1-2
current_cpu=  1
current_cpu=  1
allowed=1-2
current_cpu=  1
host=frontier06586
allowed=1-2
current_cpu=  2
current_cpu=  2
allowed=1-2
current_cpu=  1
host=frontier07647
allowed=1-2
allowed=1-2
current_cpu=  2
current_cpu=  1
allowed=1-2
host=frontier04971
current_cpu=  1
allowed=1-2
current_cpu=  1
current_cpu=  2
host=frontier07507
host=frontier05113
allowed=1-2
allowed=1-2
current_cpu=  1
current_cpu=  2
current_cpu=  2
allowed=1-2
current_cpu=  2
allowed=1-2
current_cpu=  1
host=frontier04062
allowed=1-2
host=frontier08252
current_cpu=  1
allowed=1-2
current_cpu=  2
allowed=1-2
current_cpu=  2
allowed=1-2
current_cpu=  1
allowed=1-2
current_cpu=  1
allowed=1-2
current_cpu=  1
current_cpu=  1
host=frontier03043
allowed=1-2
allowed=1-2
current_cpu=  1
current_cpu=  1
host=frontier02369
allowed=1-2
allowed=1-2
current_cpu=  2
current_cpu=  1
host=frontier08019
host=frontier08820
allowed=1-2
allowed=1-2
current_cpu=  2
current_cpu=  1
allowed=1-2
host=frontier01599
current_cpu=  2
allowed=1-2
current_cpu=  2
allowed=1-2
current_cpu=  1
allowed=1-2
current_cpu=  1
host=frontier01793
allowed=1-2
host=frontier01131
current_cpu=  1
allowed=1-2
current_cpu=  1
host=frontier03784
allowed=1-2
host=frontier05880
current_cpu=  1
allowed=1-2
current_cpu=  2
host=frontier04064
allowed=1-2
host=frontier07137
current_cpu=  1
allowed=1-2
current_cpu=  1
current_cpu=  2
allowed=1-2
host=frontier07883
current_cpu=  1
allowed=1-2
current_cpu=  2
host=frontier01600
allowed=1-2
host=frontier04811
current_cpu=  1
allowed=1-2
current_cpu=  1
host=frontier02112
allowed=1-2
host=frontier05348
current_cpu=  1
allowed=1-2
current_cpu=  2
host=frontier08020
allowed=1-2
host=frontier02906
current_cpu=  2
allowed=1-2
current_cpu=  2
host=frontier04586
allowed=1-2
allowed=1-2
current_cpu=  1
current_cpu=  2
host=frontier07884
host=frontier02627
allowed=1-2
allowed=1-2
current_cpu=  2
current_cpu=  2
allowed=1-2
current_cpu=  2
current_cpu=  2
host=frontier04065
allowed=1-2
host=frontier00629
current_cpu=  1
allowed=1-2
current_cpu=  2
host=frontier04812
allowed=1-2
host=frontier06845
current_cpu=  1
allowed=1-2
current_cpu=  2
host=frontier06380
allowed=1-2
host=frontier02907
current_cpu=  1
allowed=1-2
current_cpu=  1
allowed=1-2
current_cpu=  1
allowed=1-2
current_cpu=  1
host=frontier07650
allowed=1-2
host=frontier06131
current_cpu=  2
allowed=1-2
current_cpu=  1
current_cpu=  1
host=frontier06999
host=frontier08408
allowed=1-2
allowed=1-2
current_cpu=  2
current_cpu=  2
current_cpu=  2
host=frontier04300
allowed=1-2
host=frontier08646
current_cpu=  1
allowed=1-2
current_cpu=  1
current_cpu=  1
allowed=1-2
host=frontier01385
current_cpu=  2
allowed=1-2
current_cpu=  2
allowed=1-2
current_cpu=  1
host=frontier07139
allowed=1-2
host=frontier03556
current_cpu=  1
allowed=1-2
current_cpu=  1
allowed=1-2
current_cpu=  2
host=frontier09280
allowed=1-2
host=frontier04975
current_cpu=  1
allowed=1-2
current_cpu=  1
allowed=1-2
current_cpu=  2
host=frontier00193
allowed=1-2
host=frontier03139
current_cpu=  1
allowed=1-2
current_cpu=  1
host=frontier08824
allowed=1-2
host=frontier06632
current_cpu=  1
allowed=1-2
current_cpu=  1
allowed=1-2
current_cpu=  2
host=frontier04976
allowed=1-2
current_cpu=  2
current_cpu=  2
host=frontier01636
allowed=1-2
current_cpu=  1
current_cpu=  1
host=frontier06847
allowed=1-2
host=frontier03417
current_cpu=  1
allowed=1-2
current_cpu=  1
host=frontier07512
allowed=1-2
host=frontier09071
current_cpu=  2
allowed=1-2
current_cpu=  2
host=frontier04814
allowed=1-2
current_cpu=  2
current_cpu=  2
allowed=1-2
current_cpu=  2
host=frontier07001
allowed=1-2
host=frontier06633
current_cpu=  2
allowed=1-2
current_cpu=  2
host=frontier07513
allowed=1-2
allowed=1-2
current_cpu=  1
current_cpu=  1
host=frontier00632
host=frontier00883
allowed=1-2
allowed=1-2
current_cpu=  1
current_cpu=  1
host=frontier04159
allowed=1-2
allowed=1-2
current_cpu=  1
current_cpu=  2
host=frontier03788
allowed=1-2
allowed=1-2
current_cpu=  2
current_cpu=  1
allowed=1-2
host=frontier00194
current_cpu=  2
allowed=1-2
current_cpu=  1
host=frontier03648
allowed=1-2
allowed=1-2
current_cpu=  2
current_cpu=  1
allowed=1-2
allowed=1-2
current_cpu=  1
current_cpu=  2
current_cpu=  1
current_cpu=  2
current_cpu=  1
current_cpu=  2
host=frontier05185
allowed=1-2
allowed=1-2
current_cpu=  2
current_cpu=  2
allowed=1-2
current_cpu=  1
host=frontier01388
allowed=1-2
host=frontier02412
current_cpu=  1
allowed=1-2
current_cpu=  2
host=frontier00195
allowed=1-2
host=frontier08411
current_cpu=  1
allowed=1-2
current_cpu=  2
host=frontier07232
allowed=1-2
current_cpu=  1
current_cpu=  1
current_cpu=  2
host=frontier02156
host=frontier04979
allowed=1-2
allowed=1-2
current_cpu=  1
current_cpu=  1
host=frontier03790
host=frontier02413
allowed=1-2
allowed=1-2
current_cpu=  1
current_cpu=  2
host=frontier08026
allowed=1-2
allowed=1-2
current_cpu=  1
current_cpu=  1
host=frontier07003
allowed=1-2
host=frontier05354
current_cpu=  1
allowed=1-2
current_cpu=  1
allowed=1-2
current_cpu=  2
host=frontier00449
allowed=1-2
host=frontier03142
current_cpu=  1
allowed=1-2
current_cpu=  2
host=frontier04674
allowed=1-2
allowed=1-2
current_cpu=  1
current_cpu=  1
host=frontier02775
allowed=1-2
allowed=1-2
current_cpu=  2
current_cpu=  2
host=frontier08030
allowed=1-2
allowed=1-2
current_cpu=  2
current_cpu=  2
host=frontier00226
host=frontier08895
allowed=1-2
allowed=1-2
current_cpu=  2
current_cpu=  2
host=frontier02157
allowed=1-2
allowed=1-2
current_cpu=  2
current_cpu=  2
host=frontier07376
allowed=1-2
allowed=1-2
current_cpu=  2
current_cpu=  1
host=frontier03147
host=frontier07004
allowed=1-2
allowed=1-2
current_cpu=  2
current_cpu=  2
host=frontier07234
current_cpu=  1
allowed=1-2
host=frontier03651
current_cpu=  2
allowed=1-2
current_cpu=  2
allowed=1-2
current_cpu=  1
current_cpu=  1
current_cpu=  2
host=frontier00704
allowed=1-2
host=frontier09321
current_cpu=  1
allowed=1-2
current_cpu=  2
host=frontier07751
allowed=1-2
host=frontier05494
current_cpu=  2
allowed=1-2
current_cpu=  1
host=frontier07239
allowed=1-2
host=frontier03652
current_cpu=  2
allowed=1-2
current_cpu=  2
host=frontier05741
allowed=1-2
host=frontier07891
current_cpu=  1
allowed=1-2
current_cpu=  2
host=frontier03422
allowed=1-2
host=frontier04680
current_cpu=  1
allowed=1-2
current_cpu=  1
host=frontier08266
allowed=1-2
allowed=1-2
current_cpu=  2
current_cpu=  1
host=frontier05991
current_cpu=  2
allowed=1-2
allowed=1-2
current_cpu=  1
current_cpu=  2
current_cpu=  2
allowed=1-2
current_cpu=  2
host=frontier06388
allowed=1-2
current_cpu=  2
current_cpu=  1
current_cpu=  1
host=frontier06890
host=frontier08427
allowed=1-2
allowed=1-2
current_cpu=  2
current_cpu=  2
host=frontier08653
host=frontier03657
allowed=1-2
allowed=1-2
current_cpu=  1
current_cpu=  1
host=frontier03933
host=frontier07518
allowed=1-2
allowed=1-2
current_cpu=  2
current_cpu=  2
current_cpu=  2
host=frontier08268
allowed=1-2
host=frontier03658
current_cpu=  2
allowed=1-2
current_cpu=  1
host=frontier07379
allowed=1-2
allowed=1-2
current_cpu=  2
current_cpu=  1
host=frontier08434
host=frontier01393
allowed=1-2
allowed=1-2
current_cpu=  1
current_cpu=  1
current_cpu=  2
host=frontier01648
allowed=1-2
host=frontier05992
current_cpu=  2
allowed=1-2
current_cpu=  1
host=frontier00706
allowed=1-2
current_cpu=  2
current_cpu=  1
host=frontier06207
allowed=1-2
allowed=1-2
current_cpu=  1
current_cpu=  1
host=frontier03150
host=frontier03794
allowed=1-2
allowed=1-2
current_cpu=  2
current_cpu=  2
current_cpu=  1
host=frontier03151
allowed=1-2
host=frontier00485
current_cpu=  2
allowed=1-2
current_cpu=  1
current_cpu=  1
allowed=1-2
current_cpu=  2
current_cpu=  2
host=frontier08269
allowed=1-2
host=frontier02418
current_cpu=  1
allowed=1-2
current_cpu=  1
host=frontier05217
allowed=1-2
host=frontier02779
current_cpu=  2
allowed=1-2
current_cpu=  1
allowed=1-2
current_cpu=  2
allowed=1-2
current_cpu=  2
host=frontier08128
allowed=1-2
host=frontier05359
current_cpu=  2
allowed=1-2
current_cpu=  2
host=frontier08508
allowed=1-2
current_cpu=  2
current_cpu=  2
allowed=1-2
current_cpu=  2
host=frontier01650
allowed=1-2
allowed=1-2
current_cpu=  2
current_cpu=  1
host=frontier03660
allowed=1-2
allowed=1-2
current_cpu=  2
current_cpu=  2
allowed=1-2
current_cpu=  1
host=frontier06641
allowed=1-2
allowed=1-2
current_cpu=  1
current_cpu=  2
current_cpu=  1
allowed=1-2
current_cpu=  2
host=frontier07521
allowed=1-2
host=frontier08509
current_cpu=  2
allowed=1-2
current_cpu=  1
current_cpu=  1
host=frontier02780
allowed=1-2
allowed=1-2
current_cpu=  1
current_cpu=  2
host=frontier05746
allowed=1-2
host=frontier03153
current_cpu=  1
allowed=1-2
current_cpu=  1
host=frontier00492
allowed=1-2
allowed=1-2
current_cpu=  2
current_cpu=  2
host=frontier07244
host=frontier01144
allowed=1-2
allowed=1-2
current_cpu=  1
current_cpu=  1
current_cpu=  1
allowed=1-2
current_cpu=  2
current_cpu=  2
allowed=1-2
host=frontier06243
current_cpu=  1
allowed=1-2
current_cpu=  1
host=frontier06642
allowed=1-2
host=frontier00240
current_cpu=  2
allowed=1-2
current_cpu=  1
host=frontier04172
allowed=1-2
current_cpu=  2
current_cpu=  2
current_cpu=  1
host=frontier04031
current_cpu=  1
allowed=1-2
host=frontier07383
current_cpu=  2
allowed=1-2
current_cpu=  1
current_cpu=  1
current_cpu=  1
host=frontier03520
allowed=1-2
host=frontier06393
current_cpu=  1
allowed=1-2
current_cpu=  2
host=frontier07757
allowed=1-2
host=frontier06248
current_cpu=  2
allowed=1-2
current_cpu=  2
current_cpu=  2
allowed=1-2
current_cpu=  1
current_cpu=  1
host=frontier05747
allowed=1-2
current_cpu=  2
current_cpu=  1
allowed=1-2
current_cpu=  1
current_cpu=  1
host=frontier01653
current_cpu=  1
allowed=1-2
allowed=1-2
current_cpu=  1
current_cpu=  1
allowed=1-2
allowed=1-2
current_cpu=  1
current_cpu=  2
host=frontier07898
allowed=1-2
allowed=1-2
current_cpu=  1
current_cpu=  2
allowed=1-2
current_cpu=  1
host=frontier06461
allowed=1-2
host=frontier04687
current_cpu=  2
allowed=1-2
current_cpu=  1
host=frontier00494
allowed=1-2
host=frontier05058
current_cpu=  2
allowed=1-2
current_cpu=  2
host=frontier03664
allowed=1-2
host=frontier09184
current_cpu=  2
allowed=1-2
current_cpu=  1
allowed=1-2
current_cpu=  1
allowed=1-2
current_cpu=  1
current_cpu=  2
host=frontier06250
host=frontier00748
allowed=1-2
allowed=1-2
current_cpu=  2
current_cpu=  2
host=frontier02166
allowed=1-2
allowed=1-2
current_cpu=  1
current_cpu=  1
allowed=1-2
current_cpu=  1
host=frontier00243
allowed=1-2
host=frontier03017
current_cpu=  1
allowed=1-2
current_cpu=  2
host=frontier00495
allowed=1-2
host=frontier04175
current_cpu=  2
allowed=1-2
current_cpu=  2
host=frontier05364
allowed=1-2
host=frontier05365
current_cpu=  2
allowed=1-2
current_cpu=  2
current_cpu=  2
host=frontier04176
host=frontier09185
allowed=1-2
allowed=1-2
current_cpu=  1
current_cpu=  1
host=frontier07760
allowed=1-2
allowed=1-2
current_cpu=  1
current_cpu=  2
allowed=1-2
current_cpu=  1
host=frontier00749
allowed=1-2
allowed=1-2
current_cpu=  1
current_cpu=  2
host=frontier02785
host=frontier00244
allowed=1-2
allowed=1-2
current_cpu=  1
current_cpu=  1
host=frontier05603
host=frontier01217
allowed=1-2
allowed=1-2
current_cpu=  1
current_cpu=  1
host=frontier08517
host=frontier05750
allowed=1-2
allowed=1-2
current_cpu=  1
current_cpu=  2
current_cpu=  2
allowed=1-2
current_cpu=  2
current_cpu=  2
current_cpu=  1
current_cpu=  2
host=frontier08683
host=frontier04035
allowed=1-2
allowed=1-2
current_cpu=  1
current_cpu=  2
current_cpu=  2
allowed=1-2
current_cpu=  1
host=frontier08276
allowed=1-2
host=frontier06000
current_cpu=  2
allowed=1-2
current_cpu=  2
allowed=1-2
current_cpu=  1
current_cpu=  2
allowed=1-2
host=frontier07761
current_cpu=  1
allowed=1-2
current_cpu=  2
allowed=1-2
current_cpu=  1
current_cpu=  2
host=frontier02169
current_cpu=  1
allowed=1-2
allowed=1-2
current_cpu=  2
current_cpu=  2
host=frontier07250
current_cpu=  2
allowed=1-2
host=frontier03529
current_cpu=  2
allowed=1-2
current_cpu=  1
host=frontier04318
allowed=1-2
host=frontier01002
current_cpu=  2
allowed=1-2
current_cpu=  2
current_cpu=  2
host=frontier00498
host=frontier02787
allowed=1-2
allowed=1-2
current_cpu=  2
current_cpu=  2
host=frontier04691
host=frontier07762
allowed=1-2
allowed=1-2
current_cpu=  1
current_cpu=  1
current_cpu=  1
host=frontier00499
allowed=1-2
host=frontier02498
current_cpu=  1
allowed=1-2
current_cpu=  1
current_cpu=  2
host=frontier05068
host=frontier07390
allowed=1-2
allowed=1-2
current_cpu=  1
current_cpu=  1
host=frontier07251
host=frontier01681
allowed=1-2
allowed=1-2
current_cpu=  2
current_cpu=  1
current_cpu=  2
host=frontier05606
allowed=1-2
host=frontier04700
current_cpu=  2
allowed=1-2
current_cpu=  1
host=frontier03160
allowed=1-2
host=frontier07763
current_cpu=  1
allowed=1-2
current_cpu=  2
host=frontier08520
allowed=1-2
current_cpu=  1
current_cpu=  1
host=frontier00753
allowed=1-2
host=frontier03161
current_cpu=  1
allowed=1-2
current_cpu=  2
allowed=1-2
current_cpu=  1
allowed=1-2
current_cpu=  1
allowed=1-2
current_cpu=  2
host=frontier07391
allowed=1-2
host=frontier03302
current_cpu=  1
allowed=1-2
current_cpu=  1
host=frontier07904
allowed=1-2
allowed=1-2
current_cpu=  1
current_cpu=  1
host=frontier07115
host=frontier00248
allowed=1-2
allowed=1-2
current_cpu=  2
current_cpu=  2
host=frontier03022
allowed=1-2
allowed=1-2
current_cpu=  2
current_cpu=  1
current_cpu=  2
allowed=1-2
host=frontier07253
current_cpu=  1
allowed=1-2
current_cpu=  1
current_cpu=  2
current_cpu=  2
current_cpu=  1
current_cpu=  1
host=frontier02241
allowed=1-2
current_cpu=  1
current_cpu=  2
allowed=1-2
current_cpu=  1
host=frontier00754
allowed=1-2
host=frontier09335
current_cpu=  1
allowed=1-2
current_cpu=  1
allowed=1-2
current_cpu=  1
allowed=1-2
current_cpu=  2
host=frontier06256
allowed=1-2
host=frontier06903
current_cpu=  2
allowed=1-2
current_cpu=  2
host=frontier02881
allowed=1-2
current_cpu=  2
current_cpu=  1
host=frontier06005
allowed=1-2
current_cpu=  2
current_cpu=  1
host=frontier06754
allowed=1-2
host=frontier06257
current_cpu=  2
allowed=1-2
current_cpu=  1
host=frontier03807
allowed=1-2
current_cpu=  2
current_cpu=  2
allowed=1-2
current_cpu=  1
current_cpu=  2
allowed=1-2
host=frontier00502
current_cpu=  1
allowed=1-2
current_cpu=  2
allowed=1-2
current_cpu=  1
host=frontier08766
allowed=1-2
host=frontier07629
current_cpu=  2
allowed=1-2
current_cpu=  1
host=frontier04323
allowed=1-2
current_cpu=  1
current_cpu=  2
host=frontier07767
allowed=1-2
current_cpu=  2
current_cpu=  1
host=frontier03164
allowed=1-2
current_cpu=  2
current_cpu=  1
host=frontier00503
allowed=1-2
host=frontier05096
current_cpu=  2
allowed=1-2
current_cpu=  1
host=frontier07630
allowed=1-2
host=frontier04928
current_cpu=  1
allowed=1-2
current_cpu=  1
host=frontier07118
allowed=1-2
host=frontier09195
current_cpu=  2
allowed=1-2
current_cpu=  1
host=frontier04415
allowed=1-2
host=frontier07486
current_cpu=  1
allowed=1-2
current_cpu=  2
host=frontier05610
allowed=1-2
host=frontier08282
current_cpu=  2
allowed=1-2
current_cpu=  2
allowed=1-2
current_cpu=  1
allowed=1-2
current_cpu=  2
host=frontier04046
allowed=1-2
allowed=1-2
current_cpu=  2
current_cpu=  1
current_cpu=  2
allowed=1-2
current_cpu=  2
host=frontier04416
allowed=1-2
allowed=1-2
current_cpu=  2
current_cpu=  2
allowed=1-2
host=frontier02279
current_cpu=  2
allowed=1-2
current_cpu=  1
host=frontier06508
allowed=1-2
host=frontier09196
current_cpu=  1
allowed=1-2
current_cpu=  1
host=frontier04184
allowed=1-2
host=frontier05611
current_cpu=  2
allowed=1-2
current_cpu=  2
host=frontier03902
allowed=1-2
allowed=1-2
current_cpu=  1
current_cpu=  1
host=frontier07120
current_cpu=  2
allowed=1-2
current_cpu=  2
current_cpu=  1
allowed=1-2
current_cpu=  1
host=frontier01516
allowed=1-2
allowed=1-2
current_cpu=  2
current_cpu=  2
current_cpu=  2
host=frontier07632
allowed=1-2
host=frontier02280
current_cpu=  1
allowed=1-2
current_cpu=  2
allowed=1-2
current_cpu=  1
allowed=1-2
current_cpu=  2
host=frontier06757
allowed=1-2
host=frontier01759
current_cpu=  1
allowed=1-2
current_cpu=  2
host=frontier06008
allowed=1-2
current_cpu=  1
current_cpu=  1
host=frontier04186
allowed=1-2
host=frontier08147
current_cpu=  2
allowed=1-2
current_cpu=  2
current_cpu=  1
host=frontier03904
host=frontier06009
allowed=1-2
allowed=1-2
current_cpu=  2
current_cpu=  1
current_cpu=  2
allowed=1-2
current_cpu=  1
host=frontier02674
allowed=1-2
host=frontier07633
current_cpu=  2
allowed=1-2
current_cpu=  2
current_cpu=  2
allowed=1-2
current_cpu=  2
current_cpu=  1
allowed=1-2
current_cpu=  2
host=frontier05233
allowed=1-2
allowed=1-2
current_cpu=  2
current_cpu=  2
allowed=1-2
host=frontier01264
current_cpu=  1
allowed=1-2
current_cpu=  1
host=frontier01518
allowed=1-2
host=frontier07259
current_cpu=  1
allowed=1-2
current_cpu=  1
host=frontier00760
allowed=1-2
host=frontier08148
current_cpu=  2
allowed=1-2
current_cpu=  2
host=frontier06078
allowed=1-2
host=frontier06262
current_cpu=  2
allowed=1-2
current_cpu=  1
host=frontier04560
allowed=1-2
host=frontier07122
current_cpu=  1
allowed=1-2
current_cpu=  1
allowed=1-2
current_cpu=  2
host=frontier07771
allowed=1-2
allowed=1-2
current_cpu=  2
current_cpu=  1
allowed=1-2
allowed=1-2
current_cpu=  1
current_cpu=  2
host=frontier03400
allowed=1-2
allowed=1-2
current_cpu=  1
current_cpu=  2
allowed=1-2
current_cpu=  2
allowed=1-2
current_cpu=  2
allowed=1-2
current_cpu=  2
host=frontier07635
allowed=1-2
host=frontier07260
current_cpu=  2
allowed=1-2
current_cpu=  1
allowed=1-2
current_cpu=  2
host=frontier04424
allowed=1-2
host=frontier07495
current_cpu=  1
allowed=1-2
current_cpu=  2
host=frontier02288
allowed=1-2
host=frontier08006
current_cpu=  1
allowed=1-2
current_cpu=  1
host=frontier08389
allowed=1-2
host=frontier08529
current_cpu=  1
allowed=1-2
current_cpu=  1
allowed=1-2
current_cpu=  1
allowed=1-2
current_cpu=  1
host=frontier08007
allowed=1-2
allowed=1-2
current_cpu=  1
current_cpu=  2
allowed=1-2
host=frontier01774
current_cpu=  1
allowed=1-2
current_cpu=  2
host=frontier02893
allowed=1-2
host=frontier00324
current_cpu=  2
allowed=1-2
current_cpu=  1
allowed=1-2
current_cpu=  1
allowed=1-2
current_cpu=  1
host=frontier05102
allowed=1-2
host=frontier05473
current_cpu=  2
allowed=1-2
current_cpu=  1
host=frontier07261
allowed=1-2
host=frontier04051
current_cpu=  2
allowed=1-2
current_cpu=  2
allowed=1-2
current_cpu=  1
host=frontier01775
allowed=1-2
host=frontier04190
current_cpu=  1
allowed=1-2
current_cpu=  2
host=frontier05103
allowed=1-2
allowed=1-2
current_cpu=  1
current_cpu=  2
host=frontier07497
host=frontier03912
allowed=1-2
allowed=1-2
current_cpu=  1
current_cpu=  2
host=frontier01267
host=frontier09021
allowed=1-2
allowed=1-2
current_cpu=  1
current_cpu=  1
allowed=1-2
allowed=1-2
current_cpu=  1
current_cpu=  2
host=frontier06514
host=frontier02290
allowed=1-2
allowed=1-2
current_cpu=  1
current_cpu=  1
host=frontier09202
host=frontier02031
allowed=1-2
allowed=1-2
current_cpu=  2
current_cpu=  1
host=frontier08534
host=frontier00362
allowed=1-2
allowed=1-2
current_cpu=  2
current_cpu=  1
allowed=1-2
allowed=1-2
current_cpu=  1
current_cpu=  2
host=frontier08152
allowed=1-2
allowed=1-2
current_cpu=  1
current_cpu=  2
host=frontier03681
allowed=1-2
host=frontier04053
current_cpu=  1
allowed=1-2
current_cpu=  1
host=frontier03542
allowed=1-2
host=frontier04191
current_cpu=  2
allowed=1-2
current_cpu=  1
host=frontier04564
allowed=1-2
host=frontier03913
current_cpu=  2
allowed=1-2
current_cpu=  2
allowed=1-2
current_cpu=  1
host=frontier08009
allowed=1-2
host=frontier08540
current_cpu=  1
allowed=1-2
current_cpu=  1
host=frontier07263
allowed=1-2
host=frontier01016
current_cpu=  1
allowed=1-2
current_cpu=  1
allowed=1-2
current_cpu=  2
allowed=1-2
current_cpu=  2
allowed=1-2
current_cpu=  1
host=frontier08153
allowed=1-2
host=frontier09451
current_cpu=  1
allowed=1-2
current_cpu=  1
host=frontier07264
allowed=1-2
allowed=1-2
current_cpu=  2
current_cpu=  2
allowed=1-2
host=frontier06120
current_cpu=  1
allowed=1-2
current_cpu=  2
host=frontier04054
allowed=1-2
host=frontier03034
current_cpu=  2
allowed=1-2
current_cpu=  1
host=frontier00363
allowed=1-2
host=frontier05105
current_cpu=  2
allowed=1-2
current_cpu=  1
host=frontier04569
allowed=1-2
host=frontier03035
current_cpu=  1
allowed=1-2
current_cpu=  2
host=frontier02755
allowed=1-2
allowed=1-2
current_cpu=  2
current_cpu=  2
host=frontier04798
allowed=1-2
allowed=1-2
current_cpu=  1
current_cpu=  2
host=frontier06988
allowed=1-2
host=frontier08553
current_cpu=  2
allowed=1-2
current_cpu=  2
host=frontier00100
allowed=1-2
allowed=1-2
current_cpu=  1
current_cpu=  1
host=frontier08011
host=frontier05620
allowed=1-2
allowed=1-2
current_cpu=  2
current_cpu=  2
allowed=1-2
host=frontier08397
current_cpu=  1
allowed=1-2
current_cpu=  2
host=frontier03405
allowed=1-2
allowed=1-2
current_cpu=  1
current_cpu=  1
host=frontier03916
allowed=1-2
allowed=1-2
current_cpu=  1
current_cpu=  2
host=frontier09453
allowed=1-2
allowed=1-2
current_cpu=  1
current_cpu=  2
allowed=1-2
host=frontier00116
current_cpu=  1
allowed=1-2
current_cpu=  1
host=frontier01271
allowed=1-2
host=frontier07501
current_cpu=  2
allowed=1-2
current_cpu=  2
host=frontier08557
allowed=1-2
host=frontier08398
current_cpu=  1
allowed=1-2
current_cpu=  1
host=frontier08155
allowed=1-2
host=frontier07872
current_cpu=  1
allowed=1-2
current_cpu=  2
host=frontier06122
allowed=1-2
allowed=1-2
current_cpu=  2
current_cpu=  2
host=frontier07641
host=frontier07502
allowed=1-2
allowed=1-2
current_cpu=  1
current_cpu=  2
host=frontier06771
host=frontier08156
allowed=1-2
allowed=1-2
current_cpu=  2
current_cpu=  1
allowed=1-2
allowed=1-2
current_cpu=  2
current_cpu=  2
host=frontier08560
host=frontier08013
allowed=1-2
allowed=1-2
current_cpu=  1
current_cpu=  1
allowed=1-2
allowed=1-2
current_cpu=  1
current_cpu=  1
host=frontier02899
host=frontier03267
allowed=1-2
allowed=1-2
current_cpu=  2
current_cpu=  1
host=frontier04057
host=frontier04287
allowed=1-2
allowed=1-2
current_cpu=  1
current_cpu=  2
host=frontier09454
allowed=1-2
allowed=1-2
current_cpu=  2
current_cpu=  2
host=frontier06991
allowed=1-2
host=frontier00367
current_cpu=  1
allowed=1-2
current_cpu=  1
host=frontier08014
allowed=1-2
host=frontier08400
current_cpu=  2
allowed=1-2
current_cpu=  2
host=frontier04801
allowed=1-2
host=frontier07359
current_cpu=  2
allowed=1-2
current_cpu=  2
allowed=1-2
current_cpu=  1
host=frontier03268
allowed=1-2
host=frontier04288
current_cpu=  2
allowed=1-2
current_cpu=  1
allowed=1-2
current_cpu=  2
host=frontier05623
allowed=1-2
host=frontier03773
current_cpu=  2
allowed=1-2
current_cpu=  1
host=frontier06369
allowed=1-2
host=frontier00121
current_cpu=  1
allowed=1-2
current_cpu=  1
host=frontier04580
allowed=1-2
host=frontier09216
current_cpu=  2
allowed=1-2
current_cpu=  2
allowed=1-2
current_cpu=  2
host=frontier03919
allowed=1-2
host=frontier05330
current_cpu=  2
allowed=1-2
current_cpu=  1
host=frontier04059
allowed=1-2
allowed=1-2
current_cpu=  2
current_cpu=  1
host=frontier04433
host=frontier08636
allowed=1-2
allowed=1-2
current_cpu=  2
current_cpu=  1
allowed=1-2
host=frontier04802
current_cpu=  2
allowed=1-2
current_cpu=  2
allowed=1-2
current_cpu=  1
host=frontier01340
allowed=1-2
host=frontier06521
current_cpu=  1
allowed=1-2
current_cpu=  2
allowed=1-2
current_cpu=  2
allowed=1-2
current_cpu=  2
host=frontier02764
allowed=1-2
host=frontier09064
current_cpu=  2
allowed=1-2
current_cpu=  2
host=frontier03410
allowed=1-2
host=frontier06557
current_cpu=  2
allowed=1-2
current_cpu=  2
allowed=1-2
current_cpu=  1
host=frontier04060
allowed=1-2
allowed=1-2
current_cpu=  1
current_cpu=  1
allowed=1-2
host=frontier04969
current_cpu=  1
allowed=1-2
current_cpu=  2
host=frontier02300
allowed=1-2
host=frontier01783
current_cpu=  2
allowed=1-2
current_cpu=  1
allowed=1-2
current_cpu=  2
allowed=1-2
current_cpu=  2
host=frontier07645
allowed=1-2
allowed=1-2
current_cpu=  2
current_cpu=  2
host=frontier07134
allowed=1-2
allowed=1-2
current_cpu=  1
current_cpu=  2
host=frontier02040
allowed=1-2
host=frontier05112
current_cpu=  1
allowed=1-2
current_cpu=  2
host=frontier04808
allowed=1-2
allowed=1-2
current_cpu=  2
current_cpu=  2
allowed=1-2
host=frontier00370
current_cpu=  2
allowed=1-2
current_cpu=  2
host=frontier08638
allowed=1-2
allowed=1-2
current_cpu=  1
current_cpu=  2
host=frontier02367
allowed=1-2
allowed=1-2
current_cpu=  2
current_cpu=  1
host=frontier05483
allowed=1-2
host=frontier01784
current_cpu=  2
allowed=1-2
current_cpu=  1
host=frontier06994
allowed=1-2
host=frontier02624
current_cpu=  2
allowed=1-2
current_cpu=  2
host=frontier03778
allowed=1-2
host=frontier06995
current_cpu=  2
allowed=1-2
current_cpu=  1
host=frontier05484
allowed=1-2
host=frontier03551
current_cpu=  1
allowed=1-2
current_cpu=  1
host=frontier08639
allowed=1-2
host=frontier04436
current_cpu=  1
allowed=1-2
current_cpu=  2
host=frontier00877
allowed=1-2
host=frontier08018
current_cpu=  2
allowed=1-2
current_cpu=  2
host=frontier03412
allowed=1-2
allowed=1-2
current_cpu=  2
current_cpu=  1
host=frontier09066
host=frontier03922
allowed=1-2
allowed=1-2
current_cpu=  1
current_cpu=  1
host=frontier01108
allowed=1-2
allowed=1-2
current_cpu=  2
current_cpu=  1
host=frontier06777
allowed=1-2
host=frontier07368
current_cpu=  2
allowed=1-2
current_cpu=  2
allowed=1-2
current_cpu=  2
host=frontier08405
allowed=1-2
allowed=1-2
current_cpu=  1
current_cpu=  2
host=frontier06378
allowed=1-2
allowed=1-2
current_cpu=  2
current_cpu=  1
host=frontier07136
allowed=1-2
allowed=1-2
current_cpu=  1
current_cpu=  2
host=frontier07648
host=frontier04972
allowed=1-2
allowed=1-2
current_cpu=  2
current_cpu=  2
allowed=1-2
allowed=1-2
current_cpu=  2
current_cpu=  2
host=frontier08640
allowed=1-2
allowed=1-2
current_cpu=  2
current_cpu=  2
host=frontier08406
allowed=1-2
host=frontier03553
current_cpu=  2
allowed=1-2
current_cpu=  2
host=frontier09461
allowed=1-2
allowed=1-2
current_cpu=  1
current_cpu=  1
host=frontier00879
allowed=1-2
allowed=1-2
current_cpu=  1
current_cpu=  2
host=frontier01856
allowed=1-2
host=frontier06379
current_cpu=  1
allowed=1-2
current_cpu=  2
host=frontier00373
allowed=1-2
host=frontier03924
current_cpu=  1
allowed=1-2
current_cpu=  1
allowed=1-2
current_cpu=  1
allowed=1-2
current_cpu=  1
host=frontier08255
allowed=1-2
allowed=1-2
current_cpu=  2
current_cpu=  2
host=frontier02389
host=frontier07138
allowed=1-2
allowed=1-2
current_cpu=  2
current_cpu=  1
host=frontier02113
allowed=1-2
allowed=1-2
current_cpu=  2
current_cpu=  2
host=frontier08256
allowed=1-2
allowed=1-2
current_cpu=  1
current_cpu=  2
host=frontier08407
allowed=1-2
allowed=1-2
current_cpu=  2
current_cpu=  1
allowed=1-2
current_cpu=  1
host=frontier07370
allowed=1-2
host=frontier06998
current_cpu=  2
allowed=1-2
current_cpu=  2
host=frontier03415
allowed=1-2
host=frontier01857
current_cpu=  1
allowed=1-2
current_cpu=  2
host=frontier07510
allowed=1-2
allowed=1-2
current_cpu=  1
current_cpu=  1
host=frontier03785
allowed=1-2
allowed=1-2
current_cpu=  2
current_cpu=  1
allowed=1-2
current_cpu=  2
host=frontier02770
allowed=1-2
allowed=1-2
current_cpu=  1
current_cpu=  2
allowed=1-2
allowed=1-2
current_cpu=  2
current_cpu=  1
host=frontier08257
host=frontier06132
allowed=1-2
allowed=1-2
current_cpu=  1
current_cpu=  2
host=frontier09463
host=frontier02908
allowed=1-2
allowed=1-2
current_cpu=  1
current_cpu=  2
host=frontier01633
host=frontier07742
allowed=1-2
allowed=1-2
current_cpu=  1
current_cpu=  1
allowed=1-2
host=frontier07885
current_cpu=  1
allowed=1-2
current_cpu=  1
host=frontier05350
allowed=1-2
host=frontier05489
current_cpu=  1
allowed=1-2
current_cpu=  2
host=frontier05736
allowed=1-2
host=frontier02639
current_cpu=  1
allowed=1-2
current_cpu=  2
host=frontier09464
allowed=1-2
host=frontier03647
current_cpu=  2
allowed=1-2
current_cpu=  2
host=frontier05351
allowed=1-2
host=frontier05949
current_cpu=  1
allowed=1-2
current_cpu=  2
host=frontier02410
allowed=1-2
host=frontier07372
current_cpu=  2
allowed=1-2
current_cpu=  1
allowed=1-2
current_cpu=  2
allowed=1-2
current_cpu=  1
host=frontier07886
allowed=1-2
host=frontier00882
current_cpu=  2
allowed=1-2
current_cpu=  2
allowed=1-2
current_cpu=  2
host=frontier01859
allowed=1-2
host=frontier06383
current_cpu=  1
allowed=1-2
current_cpu=  2
host=frontier08024
allowed=1-2
allowed=1-2
current_cpu=  1
current_cpu=  1
host=frontier09072
host=frontier05352
allowed=1-2
allowed=1-2
current_cpu=  2
current_cpu=  2
host=frontier05950
host=frontier02411
allowed=1-2
allowed=1-2
current_cpu=  2
current_cpu=  2
host=frontier01864
host=frontier08648
allowed=1-2
allowed=1-2
current_cpu=  1
current_cpu=  2
host=frontier08262
allowed=1-2
allowed=1-2
current_cpu=  1
current_cpu=  1
host=frontier08410
allowed=1-2
host=frontier07373
current_cpu=  1
allowed=1-2
current_cpu=  1
host=frontier07231
allowed=1-2
allowed=1-2
current_cpu=  2
current_cpu=  1
allowed=1-2
host=frontier08025
current_cpu=  2
allowed=1-2
current_cpu=  1
allowed=1-2
current_cpu=  2
host=frontier03789
allowed=1-2
allowed=1-2
current_cpu=  2
current_cpu=  2
allowed=1-2
allowed=1-2
current_cpu=  1
current_cpu=  2
host=frontier07745
host=frontier00884
allowed=1-2
allowed=1-2
current_cpu=  1
current_cpu=  2
host=frontier03929
host=frontier01885
allowed=1-2
allowed=1-2
current_cpu=  1
current_cpu=  1
host=frontier05951
host=frontier08263
allowed=1-2
allowed=1-2
current_cpu=  2
current_cpu=  1
host=frontier07514
allowed=1-2
allowed=1-2
current_cpu=  2
current_cpu=  2
host=frontier06136
allowed=1-2
host=frontier08264
current_cpu=  2
allowed=1-2
current_cpu=  1
host=frontier02912
allowed=1-2
host=frontier08650
current_cpu=  2
allowed=1-2
current_cpu=  1
host=frontier07889
allowed=1-2
host=frontier03420
current_cpu=  2
allowed=1-2
current_cpu=  1
host=frontier04304
allowed=1-2
host=frontier00885
current_cpu=  1
allowed=1-2
current_cpu=  2
allowed=1-2
current_cpu=  2
allowed=1-2
current_cpu=  1
host=frontier07233
allowed=1-2
host=frontier09467
current_cpu=  2
allowed=1-2
current_cpu=  2
host=frontier08894
allowed=1-2
host=frontier05739
current_cpu=  1
allowed=1-2
current_cpu=  1
host=frontier09319
allowed=1-2
host=frontier09320
current_cpu=  1
allowed=1-2
current_cpu=  1
allowed=1-2
current_cpu=  2
allowed=1-2
current_cpu=  2
allowed=1-2
current_cpu=  2
host=frontier07750
allowed=1-2
allowed=1-2
current_cpu=  1
current_cpu=  2
host=frontier07516
host=frontier07890
allowed=1-2
allowed=1-2
current_cpu=  1
current_cpu=  1
host=frontier08419
allowed=1-2
allowed=1-2
current_cpu=  1
current_cpu=  1
host=frontier04834
allowed=1-2
allowed=1-2
current_cpu=  1
current_cpu=  1
host=frontier09075
allowed=1-2
allowed=1-2
current_cpu=  1
current_cpu=  2
allowed=1-2
current_cpu=  2
host=frontier07005
allowed=1-2
host=frontier02158
current_cpu=  1
allowed=1-2
current_cpu=  2
host=frontier01646
allowed=1-2
host=frontier10159
current_cpu=  1
allowed=1-2
current_cpu=  2
host=frontier05990
allowed=1-2
host=frontier03792
current_cpu=  2
allowed=1-2
current_cpu=  1
host=frontier08422
allowed=1-2
host=frontier03288
current_cpu=  1
allowed=1-2
current_cpu=  2
allowed=1-2
current_cpu=  1
host=frontier05356
allowed=1-2
host=frontier06889
current_cpu=  1
allowed=1-2
current_cpu=  1
host=frontier08125
allowed=1-2
host=frontier03148
current_cpu=  2
allowed=1-2
current_cpu=  1
allowed=1-2
current_cpu=  2
allowed=1-2
current_cpu=  1
host=frontier05193
allowed=1-2
host=frontier03793
current_cpu=  1
allowed=1-2
current_cpu=  2
host=frontier05495
allowed=1-2
allowed=1-2
current_cpu=  2
current_cpu=  1
host=frontier08267
allowed=1-2
allowed=1-2
current_cpu=  2
current_cpu=  1
host=frontier07892
allowed=1-2
allowed=1-2
current_cpu=  1
current_cpu=  2
host=frontier06205
allowed=1-2
allowed=1-2
current_cpu=  1
current_cpu=  2
host=frontier01392
allowed=1-2
allowed=1-2
current_cpu=  1
current_cpu=  1
allowed=1-2
host=frontier06638
current_cpu=  2
allowed=1-2
current_cpu=  2
host=frontier07240
allowed=1-2
host=frontier08654
current_cpu=  1
allowed=1-2
current_cpu=  1
allowed=1-2
current_cpu=  2
host=frontier01141
allowed=1-2
host=frontier05358
current_cpu=  1
allowed=1-2
current_cpu=  1
host=frontier02417
allowed=1-2
allowed=1-2
current_cpu=  2
current_cpu=  1
allowed=1-2
host=frontier08901
current_cpu=  2
allowed=1-2
current_cpu=  2
host=frontier04983
allowed=1-2
host=frontier07753
current_cpu=  1
allowed=1-2
current_cpu=  1
host=frontier04457
allowed=1-2
host=frontier04837
current_cpu=  2
allowed=1-2
current_cpu=  1
host=frontier08127
allowed=1-2
host=frontier07007
current_cpu=  2
allowed=1-2
current_cpu=  1
host=frontier09078
allowed=1-2
allowed=1-2
current_cpu=  1
current_cpu=  2
host=frontier04458
allowed=1-2
allowed=1-2
current_cpu=  2
current_cpu=  2
host=frontier01905
allowed=1-2
host=frontier08655
current_cpu=  2
allowed=1-2
current_cpu=  2
allowed=1-2
current_cpu=  1
host=frontier03427
allowed=1-2
host=frontier00707
current_cpu=  2
allowed=1-2
current_cpu=  1
allowed=1-2
current_cpu=  1
allowed=1-2
current_cpu=  2
host=frontier02161
allowed=1-2
allowed=1-2
current_cpu=  1
current_cpu=  1
host=frontier07520
allowed=1-2
allowed=1-2
current_cpu=  2
current_cpu=  2
allowed=1-2
current_cpu=  2
host=frontier03936
allowed=1-2
host=frontier05218
current_cpu=  2
allowed=1-2
current_cpu=  2
allowed=1-2
current_cpu=  2
host=frontier07381
allowed=1-2
allowed=1-2
current_cpu=  2
current_cpu=  2
allowed=1-2
host=frontier03292
current_cpu=  1
allowed=1-2
current_cpu=  1
host=frontier07009
allowed=1-2
allowed=1-2
current_cpu=  1
current_cpu=  2
host=frontier04171
host=frontier07755
allowed=1-2
allowed=1-2
current_cpu=  1
current_cpu=  1
host=frontier04310
host=frontier04839
allowed=1-2
allowed=1-2
current_cpu=  1
current_cpu=  1
allowed=1-2
host=frontier02419
current_cpu=  2
allowed=1-2
current_cpu=  2
host=frontier07010
allowed=1-2
host=frontier08904
current_cpu=  2
allowed=1-2
current_cpu=  1
host=frontier03010
allowed=1-2
allowed=1-2
current_cpu=  2
current_cpu=  1
host=frontier09326
host=frontier05056
allowed=1-2
allowed=1-2
current_cpu=  1
current_cpu=  1
allowed=1-2
host=frontier03661
current_cpu=  1
allowed=1-2
current_cpu=  2
allowed=1-2
current_cpu=  2
allowed=1-2
current_cpu=  1
allowed=1-2
current_cpu=  1
host=frontier02420
allowed=1-2
host=frontier05219
current_cpu=  2
allowed=1-2
current_cpu=  1
allowed=1-2
current_cpu=  2
host=frontier03797
allowed=1-2
host=frontier06895
current_cpu=  2
allowed=1-2
current_cpu=  2
allowed=1-2
current_cpu=  1
host=frontier05996
allowed=1-2
host=frontier05362
current_cpu=  2
allowed=1-2
current_cpu=  2
host=frontier07104
allowed=1-2
host=frontier07245
current_cpu=  2
allowed=1-2
current_cpu=  2
host=frontier03011
allowed=1-2
host=frontier01145
current_cpu=  1
allowed=1-2
current_cpu=  2
allowed=1-2
current_cpu=  1
host=frontier03798
allowed=1-2
host=frontier01397
current_cpu=  1
allowed=1-2
current_cpu=  2
host=frontier04686
allowed=1-2
allowed=1-2
current_cpu=  1
current_cpu=  1
host=frontier08134
allowed=1-2
allowed=1-2
current_cpu=  2
current_cpu=  2
host=frontier03663
allowed=1-2
allowed=1-2
current_cpu=  2
current_cpu=  1
host=frontier01398
allowed=1-2
allowed=1-2
current_cpu=  2
current_cpu=  1
allowed=1-2
current_cpu=  1
host=frontier08135
allowed=1-2
host=frontier04842
current_cpu=  2
allowed=1-2
current_cpu=  2
host=frontier06896
allowed=1-2
host=frontier09328
current_cpu=  2
allowed=1-2
current_cpu=  1
allowed=1-2
current_cpu=  2
allowed=1-2
current_cpu=  2
host=frontier03295
allowed=1-2
host=frontier07246
current_cpu=  2
allowed=1-2
current_cpu=  2
allowed=1-2
current_cpu=  1
host=frontier03799
allowed=1-2
host=frontier02663
current_cpu=  2
allowed=1-2
current_cpu=  2
allowed=1-2
current_cpu=  1
allowed=1-2
current_cpu=  2
allowed=1-2
current_cpu=  1
allowed=1-2
current_cpu=  1
host=frontier08907
allowed=1-2
host=frontier05749
current_cpu=  1
allowed=1-2
current_cpu=  2
host=frontier04688
allowed=1-2
host=frontier07385
current_cpu=  1
allowed=1-2
current_cpu=  2
allowed=1-2
current_cpu=  1
host=frontier02784
allowed=1-2
host=frontier08136
current_cpu=  2
allowed=1-2
current_cpu=  2
allowed=1-2
current_cpu=  2
host=frontier05998
allowed=1-2
host=frontier05059
current_cpu=  1
allowed=1-2
current_cpu=  1
host=frontier07248
allowed=1-2
allowed=1-2
current_cpu=  1
current_cpu=  1
host=frontier04545
host=frontier08679
allowed=1-2
allowed=1-2
current_cpu=  1
current_cpu=  1
host=frontier01400
host=frontier03297
allowed=1-2
allowed=1-2
current_cpu=  1
current_cpu=  1
host=frontier07619
host=frontier03801
allowed=1-2
allowed=1-2
current_cpu=  2
current_cpu=  2
allowed=1-2
allowed=1-2
current_cpu=  1
current_cpu=  2
host=frontier09330
host=frontier07386
allowed=1-2
allowed=1-2
current_cpu=  1
current_cpu=  1
host=frontier01655
host=frontier06463
allowed=1-2
allowed=1-2
current_cpu=  1
current_cpu=  2
host=frontier02424
host=frontier07249
allowed=1-2
allowed=1-2
current_cpu=  1
current_cpu=  2
host=frontier05604
allowed=1-2
allowed=1-2
current_cpu=  2
current_cpu=  1
host=frontier01218
allowed=1-2
host=frontier03158
current_cpu=  1
allowed=1-2
current_cpu=  1
host=frontier04317
allowed=1-2
host=frontier04690
current_cpu=  2
allowed=1-2
current_cpu=  1
host=frontier06647
allowed=1-2
allowed=1-2
current_cpu=  1
current_cpu=  1
host=frontier03528
allowed=1-2
allowed=1-2
current_cpu=  1
current_cpu=  1
host=frontier07901
allowed=1-2
host=frontier03298
current_cpu=  2
allowed=1-2
current_cpu=  1
host=frontier08138
allowed=1-2
host=frontier08920
current_cpu=  2
allowed=1-2
current_cpu=  1
allowed=1-2
current_cpu=  2
host=frontier06648
allowed=1-2
host=frontier08689
current_cpu=  1
allowed=1-2
current_cpu=  1
host=frontier07113
allowed=1-2
host=frontier03300
current_cpu=  1
allowed=1-2
current_cpu=  1
host=frontier01219
allowed=1-2
host=frontier07625
current_cpu=  1
allowed=1-2
current_cpu=  1
allowed=1-2
current_cpu=  2
host=frontier06253
allowed=1-2
host=frontier06498
current_cpu=  2
allowed=1-2
current_cpu=  1
host=frontier00246
allowed=1-2
allowed=1-2
current_cpu=  1
current_cpu=  2
allowed=1-2
host=frontier08277
current_cpu=  2
allowed=1-2
current_cpu=  1
host=frontier05752
allowed=1-2
host=frontier04847
current_cpu=  2
allowed=1-2
current_cpu=  1
host=frontier00752
allowed=1-2
host=frontier06649
current_cpu=  2
allowed=1-2
current_cpu=  1
host=frontier02879
allowed=1-2
allowed=1-2
current_cpu=  1
current_cpu=  2
allowed=1-2
host=frontier07114
current_cpu=  1
allowed=1-2
current_cpu=  2
host=frontier08935
allowed=1-2
host=frontier00247
current_cpu=  1
allowed=1-2
current_cpu=  2
host=frontier01977
allowed=1-2
allowed=1-2
current_cpu=  1
current_cpu=  2
host=frontier01220
allowed=1-2
allowed=1-2
current_cpu=  1
current_cpu=  1
allowed=1-2
current_cpu=  2
host=frontier07903
allowed=1-2
allowed=1-2
current_cpu=  2
current_cpu=  1
allowed=1-2
host=frontier05227
current_cpu=  1
allowed=1-2
current_cpu=  1
host=frontier03669
allowed=1-2
host=frontier01473
current_cpu=  2
allowed=1-2
current_cpu=  1
host=frontier01983
allowed=1-2
allowed=1-2
current_cpu=  2
current_cpu=  1
allowed=1-2
allowed=1-2
current_cpu=  1
current_cpu=  1
host=frontier07252
host=frontier00500
allowed=1-2
allowed=1-2
current_cpu=  1
current_cpu=  1
allowed=1-2
host=frontier05821
current_cpu=  2
allowed=1-2
current_cpu=  2
allowed=1-2
current_cpu=  1
host=frontier07764
allowed=1-2
host=frontier07628
current_cpu=  1
allowed=1-2
current_cpu=  2
host=frontier07905
allowed=1-2
host=frontier04849
current_cpu=  2
allowed=1-2
current_cpu=  2
host=frontier07765
allowed=1-2
allowed=1-2
current_cpu=  1
current_cpu=  2
allowed=1-2
allowed=1-2
current_cpu=  2
current_cpu=  1
host=frontier06719
host=frontier05608
allowed=1-2
allowed=1-2
current_cpu=  1
current_cpu=  2
allowed=1-2
host=frontier05094
current_cpu=  1
allowed=1-2
current_cpu=  1
allowed=1-2
current_cpu=  1
allowed=1-2
current_cpu=  2
host=frontier00249
allowed=1-2
host=frontier05228
current_cpu=  2
allowed=1-2
current_cpu=  1
host=frontier07997
allowed=1-2
host=frontier02515
current_cpu=  2
allowed=1-2
current_cpu=  2
host=frontier04044
allowed=1-2
host=frontier08281
current_cpu=  1
allowed=1-2
current_cpu=  1
host=frontier06506
allowed=1-2
allowed=1-2
current_cpu=  2
current_cpu=  2
allowed=1-2
host=frontier03383
current_cpu=  1
allowed=1-2
current_cpu=  1
allowed=1-2
current_cpu=  2
host=frontier07393
allowed=1-2
host=frontier04555
current_cpu=  1
allowed=1-2
current_cpu=  1
host=frontier08143
allowed=1-2
allowed=1-2
current_cpu=  2
current_cpu=  1
allowed=1-2
host=frontier01507
current_cpu=  2
allowed=1-2
current_cpu=  1
allowed=1-2
current_cpu=  2
allowed=1-2
current_cpu=  2
host=frontier07255
allowed=1-2
host=frontier03672
current_cpu=  2
allowed=1-2
current_cpu=  1
host=frontier08947
allowed=1-2
host=frontier00315
current_cpu=  2
allowed=1-2
current_cpu=  1
host=frontier06006
allowed=1-2
allowed=1-2
current_cpu=  2
current_cpu=  1
host=frontier03808
allowed=1-2
allowed=1-2
current_cpu=  1
current_cpu=  2
allowed=1-2
current_cpu=  2
allowed=1-2
current_cpu=  2
host=frontier04556
allowed=1-2
allowed=1-2
current_cpu=  1
current_cpu=  2
host=frontier06507
host=frontier00504
allowed=1-2
allowed=1-2
current_cpu=  2
current_cpu=  1
host=frontier04929
host=frontier08768
allowed=1-2
allowed=1-2
current_cpu=  2
current_cpu=  2
host=frontier06007
allowed=1-2
allowed=1-2
current_cpu=  1
current_cpu=  1
host=frontier08145
allowed=1-2
host=frontier07256
current_cpu=  2
allowed=1-2
current_cpu=  2
host=frontier07768
allowed=1-2
host=frontier06259
current_cpu=  1
allowed=1-2
current_cpu=  2
host=frontier03673
allowed=1-2
host=frontier03165
current_cpu=  2
allowed=1-2
current_cpu=  2
allowed=1-2
current_cpu=  2
allowed=1-2
current_cpu=  1
host=frontier03391
allowed=1-2
allowed=1-2
current_cpu=  1
current_cpu=  2
allowed=1-2
host=frontier05438
current_cpu=  2
allowed=1-2
current_cpu=  1
allowed=1-2
current_cpu=  2
host=frontier06509
allowed=1-2
allowed=1-2
current_cpu=  1
current_cpu=  2
allowed=1-2
host=frontier08949
current_cpu=  2
allowed=1-2
current_cpu=  2
host=frontier06976
allowed=1-2
host=frontier03674
current_cpu=  1
allowed=1-2
current_cpu=  1
host=frontier08526
allowed=1-2
allowed=1-2
current_cpu=  2
current_cpu=  2
host=frontier08000
host=frontier00505
allowed=1-2
allowed=1-2
current_cpu=  2
current_cpu=  2
allowed=1-2
host=frontier04558
current_cpu=  2
allowed=1-2
current_cpu=  2
host=frontier02286
allowed=1-2
host=frontier04559
current_cpu=  2
allowed=1-2
current_cpu=  1
allowed=1-2
current_cpu=  1
allowed=1-2
current_cpu=  2
host=frontier03028
allowed=1-2
host=frontier02027
current_cpu=  1
allowed=1-2
current_cpu=  2
host=frontier08950
allowed=1-2
host=frontier01010
current_cpu=  2
allowed=1-2
current_cpu=  1
allowed=1-2
current_cpu=  1
allowed=1-2
current_cpu=  2
host=frontier08527
allowed=1-2
allowed=1-2
current_cpu=  1
current_cpu=  1
host=frontier06510
host=frontier07770
allowed=1-2
allowed=1-2
current_cpu=  2
current_cpu=  1
host=frontier01263
host=frontier04049
allowed=1-2
allowed=1-2
current_cpu=  1
current_cpu=  1
host=frontier03905
host=frontier04187
allowed=1-2
allowed=1-2
current_cpu=  2
current_cpu=  2
host=frontier05615
host=frontier07123
allowed=1-2
allowed=1-2
current_cpu=  2
current_cpu=  2
host=frontier05441
host=frontier00079
allowed=1-2
allowed=1-2
current_cpu=  1
current_cpu=  2
host=frontier06264
host=frontier05866
allowed=1-2
allowed=1-2
current_cpu=  2
current_cpu=  2
host=frontier07637
host=frontier07774
allowed=1-2
allowed=1-2
current_cpu=  2
current_cpu=  2
host=frontier04716
host=frontier00832
allowed=1-2
allowed=1-2
current_cpu=  2
current_cpu=  1
host=frontier07638
host=frontier07126
allowed=1-2
allowed=1-2
current_cpu=  2
current_cpu=  2
host=frontier06516
host=frontier04428
allowed=1-2
allowed=1-2
current_cpu=  1
current_cpu=  2
host=frontier08393
host=frontier05310
allowed=1-2
allowed=1-2
current_cpu=  1
current_cpu=  1
host=frontier07500
host=frontier06517
allowed=1-2
allowed=1-2
current_cpu=  2
current_cpu=  2
host=frontier06989
host=frontier02898
allowed=1-2
allowed=1-2
current_cpu=  1
current_cpu=  2
host=frontier06334
host=frontier07358
allowed=1-2
allowed=1-2
current_cpu=  2
current_cpu=  1
host=frontier02297
host=frontier04800
allowed=1-2
allowed=1-2
current_cpu=  2
current_cpu=  2
host=frontier05313
host=frontier04058
allowed=1-2
allowed=1-2
current_cpu=  2
current_cpu=  1
host=frontier00873
host=frontier03409
allowed=1-2
allowed=1-2
current_cpu=  1
current_cpu=  2
host=frontier02763
host=frontier06125
allowed=1-2
allowed=1-2
current_cpu=  2
current_cpu=  2
host=frontier07505
host=frontier08402
allowed=1-2
allowed=1-2
current_cpu=  2
current_cpu=  2
host=frontier07876
host=frontier04295
allowed=1-2
allowed=1-2
current_cpu=  2
current_cpu=  2
host=frontier03550
host=frontier04061
allowed=1-2
allowed=1-2
current_cpu=  2
current_cpu=  1
host=frontier06590
host=frontier06776
allowed=1-2
allowed=1-2
current_cpu=  2
current_cpu=  2
host=frontier05346
host=frontier05347
allowed=1-2
allowed=1-2
current_cpu=  1
current_cpu=  2
host=frontier08254
host=frontier03779
allowed=1-2
allowed=1-2
current_cpu=  2
current_cpu=  1
host=frontier05486
host=frontier05115
allowed=1-2
allowed=1-2
current_cpu=  1
current_cpu=  1
host=frontier06997
host=frontier08021
allowed=1-2
allowed=1-2
current_cpu=  2
current_cpu=  1
host=frontier02404
host=frontier03137
allowed=1-2
allowed=1-2
current_cpu=  2
current_cpu=  2
host=frontier08823
host=frontier02405
allowed=1-2
allowed=1-2
current_cpu=  2
current_cpu=  1
host=frontier00375
host=frontier08647
allowed=1-2
allowed=1-2
current_cpu=  1
current_cpu=  1
host=frontier04158
host=frontier08258
allowed=1-2
allowed=1-2
current_cpu=  2
current_cpu=  1
host=frontier04672
host=frontier04815
allowed=1-2
allowed=1-2
current_cpu=  1
current_cpu=  2
host=frontier03282
host=frontier03285
allowed=1-2
allowed=1-2
current_cpu=  1
current_cpu=  2
host=frontier07374
host=frontier02155
allowed=1-2
allowed=1-2
current_cpu=  1
current_cpu=  1
host=frontier06635
host=frontier05190
allowed=1-2
allowed=1-2
current_cpu=  1
current_cpu=  1
host=frontier01900
host=frontier05493
allowed=1-2
allowed=1-2
current_cpu=  1
current_cpu=  1
host=frontier06888
host=frontier05740
allowed=1-2
allowed=1-2
current_cpu=  2
current_cpu=  1
host=frontier05192
host=frontier04167
allowed=1-2
allowed=1-2
current_cpu=  1
current_cpu=  1
host=frontier02776
host=frontier00888
allowed=1-2
allowed=1-2
current_cpu=  2
current_cpu=  2
host=frontier04307
host=frontier03149
allowed=1-2
allowed=1-2
current_cpu=  2
current_cpu=  1
host=frontier07241
host=frontier06389
allowed=1-2
allowed=1-2
current_cpu=  1
current_cpu=  1
host=frontier07519
host=frontier06892
allowed=1-2
allowed=1-2
current_cpu=  2
current_cpu=  1
host=frontier05993
host=frontier03659
allowed=1-2
allowed=1-2
current_cpu=  2
current_cpu=  2
host=frontier08656
host=frontier03152
allowed=1-2
allowed=1-2
current_cpu=  2
current_cpu=  2
host=frontier02781
host=frontier07756
allowed=1-2
allowed=1-2
current_cpu=  2
current_cpu=  2
host=frontier08272
host=frontier04542
allowed=1-2
allowed=1-2
current_cpu=  1
current_cpu=  1
host=frontier04174
host=frontier04313
allowed=1-2
allowed=1-2
current_cpu=  1
current_cpu=  2
host=frontier06897
host=frontier07618
allowed=1-2
allowed=1-2
current_cpu=  1
current_cpu=  2
host=frontier08137
host=frontier04689
allowed=1-2
allowed=1-2
current_cpu=  2
current_cpu=  2
host=frontier04177
host=frontier07624
allowed=1-2
allowed=1-2
current_cpu=  2
current_cpu=  2
host=frontier05066
host=frontier02497
allowed=1-2
allowed=1-2
current_cpu=  1
current_cpu=  2
host=frontier08695
host=frontier06503
allowed=1-2
allowed=1-2
current_cpu=  1
current_cpu=  1
host=frontier07627
host=frontier02880
allowed=1-2
allowed=1-2
current_cpu=  1
current_cpu=  2
host=frontier04706
host=frontier07392
allowed=1-2
allowed=1-2
current_cpu=  2
current_cpu=  1
host=frontier01259
host=frontier03163
allowed=1-2
allowed=1-2
current_cpu=  1
current_cpu=  1
host=frontier03534
host=frontier05230
allowed=1-2
allowed=1-2
current_cpu=  2
current_cpu=  2
host=frontier07631
host=frontier01990
allowed=1-2
allowed=1-2
current_cpu=  2
current_cpu=  1
host=frontier09197
host=frontier04930
allowed=1-2
allowed=1-2
current_cpu=  2
current_cpu=  1
host=frontier07258
host=frontier03675
allowed=1-2
allowed=1-2
current_cpu=  2
current_cpu=  1
+ echo 'Launching Copper Gracefully On All Nodes : End'
Launching Copper Gracefully On All Nodes : End
+ conda activate /mnt/bb/wcastil/copper_mount/lustre/orion/stf243/world-shared/hagertnl/CUG26/benchmark_builds/python-mpi4py/conda_env
+ local cmd=activate
+ case "$cmd" in
+ __conda_activate activate /mnt/bb/wcastil/copper_mount/lustre/orion/stf243/world-shared/hagertnl/CUG26/benchmark_builds/python-mpi4py/conda_env
+ '[' -n '' ']'
+ local ask_conda
++ PS1='(base) '
++ __conda_exe shell.posix activate /mnt/bb/wcastil/copper_mount/lustre/orion/stf243/world-shared/hagertnl/CUG26/benchmark_builds/python-mpi4py/conda_env
++ /autofs/nccs-svm1_sw/frontier/miniforge3/23.11.0-0/bin/conda shell.posix activate /mnt/bb/wcastil/copper_mount/lustre/orion/stf243/world-shared/hagertnl/CUG26/benchmark_builds/python-mpi4py/conda_env
+ ask_conda='. "/autofs/nccs-svm1_sw/frontier/miniforge3/23.11.0-0/etc/conda/deactivate.d/libxml2_deactivate.sh"
. "/autofs/nccs-svm1_sw/frontier/miniforge3/23.11.0-0/etc/conda/deactivate.d/libglib_deactivate.sh"
PS1='\''(/mnt/bb/wcastil/copper_mount/lustre/orion/stf243/world-shared/hagertnl/CUG26/benchmark_builds/python-mpi4py/conda_env) '\''
export PATH='\''/mnt/bb/wcastil/copper_mount/lustre/orion/stf243/world-shared/hagertnl/CUG26/benchmark_builds/python-mpi4py/conda_env/bin:/autofs/nccs-svm1_sw/frontier/miniforge3/23.11.0-0/condabin:/sw/frontier/lfs-wrapper/0.0.1/bin/lfs:/sw/frontier/miniforge3/23.11.0-0/bin:/opt/cray/libfabric/1.22.0/bin:/opt/rocm-6.4.2/bin:/sw/frontier/spack-envs/cpe25.09-cpu/opt/llvm-amdgpu-6.4.2/darshan-runtime-3.4.7-tvdocpzv3jfj4y6ki5jvmmkics323gon/bin:/opt/cray/pe/mpich/9.0.1/ofi/amd/6.0/bin:/opt/cray/pe/mpich/9.0.1/bin:/opt/cray/pe/perftools/25.09.0/bin:/opt/cray/pe/papi/7.2.0.2/bin:/opt/cray/pe/craype/2.7.35/bin:/sw/frontier/ums/ums046/copper/build:/sw/sources/hpss/bin:/sw/frontier/spack-envs/core-25.03/opt/gcc-13.2/tmux-3.4-fcqqko3j4ga67yuc7zxaqcwsix5hns2v/bin:/opt/clmgr/sbin:/opt/clmgr/bin:/opt/sgi/sbin:/opt/sgi/bin:/sw/frontier/bin:/ccs/home/wcastil/.local/bin:/usr/local/bin:/usr/bin:/bin:/opt/bin:/opt/c3/bin:/usr/lib/mit/bin:/opt/puppetlabs/bin:/opt/cray/pe/bin'\''
export CONDA_PREFIX='\''/mnt/bb/wcastil/copper_mount/lustre/orion/stf243/world-shared/hagertnl/CUG26/benchmark_builds/python-mpi4py/conda_env'\''
export CONDA_SHLVL='\''2'\''
export CONDA_DEFAULT_ENV='\''/mnt/bb/wcastil/copper_mount/lustre/orion/stf243/world-shared/hagertnl/CUG26/benchmark_builds/python-mpi4py/conda_env'\''
export CONDA_PROMPT_MODIFIER='\''(/mnt/bb/wcastil/copper_mount/lustre/orion/stf243/world-shared/hagertnl/CUG26/benchmark_builds/python-mpi4py/conda_env) '\''
export CONDA_PREFIX_1='\''/autofs/nccs-svm1_sw/frontier/miniforge3/23.11.0-0'\''
export CONDA_EXE='\''/autofs/nccs-svm1_sw/frontier/miniforge3/23.11.0-0/bin/conda'\''
export _CE_M='\'''\''
export _CE_CONDA='\'''\''
export CONDA_PYTHON_EXE='\''/autofs/nccs-svm1_sw/frontier/miniforge3/23.11.0-0/bin/python'\'''
+ eval '. "/autofs/nccs-svm1_sw/frontier/miniforge3/23.11.0-0/etc/conda/deactivate.d/libxml2_deactivate.sh"
. "/autofs/nccs-svm1_sw/frontier/miniforge3/23.11.0-0/etc/conda/deactivate.d/libglib_deactivate.sh"
PS1='\''(/mnt/bb/wcastil/copper_mount/lustre/orion/stf243/world-shared/hagertnl/CUG26/benchmark_builds/python-mpi4py/conda_env) '\''
export PATH='\''/mnt/bb/wcastil/copper_mount/lustre/orion/stf243/world-shared/hagertnl/CUG26/benchmark_builds/python-mpi4py/conda_env/bin:/autofs/nccs-svm1_sw/frontier/miniforge3/23.11.0-0/condabin:/sw/frontier/lfs-wrapper/0.0.1/bin/lfs:/sw/frontier/miniforge3/23.11.0-0/bin:/opt/cray/libfabric/1.22.0/bin:/opt/rocm-6.4.2/bin:/sw/frontier/spack-envs/cpe25.09-cpu/opt/llvm-amdgpu-6.4.2/darshan-runtime-3.4.7-tvdocpzv3jfj4y6ki5jvmmkics323gon/bin:/opt/cray/pe/mpich/9.0.1/ofi/amd/6.0/bin:/opt/cray/pe/mpich/9.0.1/bin:/opt/cray/pe/perftools/25.09.0/bin:/opt/cray/pe/papi/7.2.0.2/bin:/opt/cray/pe/craype/2.7.35/bin:/sw/frontier/ums/ums046/copper/build:/sw/sources/hpss/bin:/sw/frontier/spack-envs/core-25.03/opt/gcc-13.2/tmux-3.4-fcqqko3j4ga67yuc7zxaqcwsix5hns2v/bin:/opt/clmgr/sbin:/opt/clmgr/bin:/opt/sgi/sbin:/opt/sgi/bin:/sw/frontier/bin:/ccs/home/wcastil/.local/bin:/usr/local/bin:/usr/bin:/bin:/opt/bin:/opt/c3/bin:/usr/lib/mit/bin:/opt/puppetlabs/bin:/opt/cray/pe/bin'\''
export CONDA_PREFIX='\''/mnt/bb/wcastil/copper_mount/lustre/orion/stf243/world-shared/hagertnl/CUG26/benchmark_builds/python-mpi4py/conda_env'\''
export CONDA_SHLVL='\''2'\''
export CONDA_DEFAULT_ENV='\''/mnt/bb/wcastil/copper_mount/lustre/orion/stf243/world-shared/hagertnl/CUG26/benchmark_builds/python-mpi4py/conda_env'\''
export CONDA_PROMPT_MODIFIER='\''(/mnt/bb/wcastil/copper_mount/lustre/orion/stf243/world-shared/hagertnl/CUG26/benchmark_builds/python-mpi4py/conda_env) '\''
export CONDA_PREFIX_1='\''/autofs/nccs-svm1_sw/frontier/miniforge3/23.11.0-0'\''
export CONDA_EXE='\''/autofs/nccs-svm1_sw/frontier/miniforge3/23.11.0-0/bin/conda'\''
export _CE_M='\'''\''
export _CE_CONDA='\'''\''
export CONDA_PYTHON_EXE='\''/autofs/nccs-svm1_sw/frontier/miniforge3/23.11.0-0/bin/python'\'''
++ . /autofs/nccs-svm1_sw/frontier/miniforge3/23.11.0-0/etc/conda/deactivate.d/libxml2_deactivate.sh
+++ test -n ''
+++ unset XML_CATALOG_FILES
+++ unset xml_catalog_files_libxml2
++ . /autofs/nccs-svm1_sw/frontier/miniforge3/23.11.0-0/etc/conda/deactivate.d/libglib_deactivate.sh
+++ export GSETTINGS_SCHEMA_DIR=
+++ GSETTINGS_SCHEMA_DIR=
+++ unset GSETTINGS_SCHEMA_DIR_CONDA_BACKUP
+++ '[' -z ']'
+++ unset GSETTINGS_SCHEMA_DIR
++ PS1='(/mnt/bb/wcastil/copper_mount/lustre/orion/stf243/world-shared/hagertnl/CUG26/benchmark_builds/python-mpi4py/conda_env) '
++ export PATH=/mnt/bb/wcastil/copper_mount/lustre/orion/stf243/world-shared/hagertnl/CUG26/benchmark_builds/python-mpi4py/conda_env/bin:/autofs/nccs-svm1_sw/frontier/miniforge3/23.11.0-0/condabin:/sw/frontier/lfs-wrapper/0.0.1/bin/lfs:/sw/frontier/miniforge3/23.11.0-0/bin:/opt/cray/libfabric/1.22.0/bin:/opt/rocm-6.4.2/bin:/sw/frontier/spack-envs/cpe25.09-cpu/opt/llvm-amdgpu-6.4.2/darshan-runtime-3.4.7-tvdocpzv3jfj4y6ki5jvmmkics323gon/bin:/opt/cray/pe/mpich/9.0.1/ofi/amd/6.0/bin:/opt/cray/pe/mpich/9.0.1/bin:/opt/cray/pe/perftools/25.09.0/bin:/opt/cray/pe/papi/7.2.0.2/bin:/opt/cray/pe/craype/2.7.35/bin:/sw/frontier/ums/ums046/copper/build:/sw/sources/hpss/bin:/sw/frontier/spack-envs/core-25.03/opt/gcc-13.2/tmux-3.4-fcqqko3j4ga67yuc7zxaqcwsix5hns2v/bin:/opt/clmgr/sbin:/opt/clmgr/bin:/opt/sgi/sbin:/opt/sgi/bin:/sw/frontier/bin:/ccs/home/wcastil/.local/bin:/usr/local/bin:/usr/bin:/bin:/opt/bin:/opt/c3/bin:/usr/lib/mit/bin:/opt/puppetlabs/bin:/opt/cray/pe/bin
++ PATH=/mnt/bb/wcastil/copper_mount/lustre/orion/stf243/world-shared/hagertnl/CUG26/benchmark_builds/python-mpi4py/conda_env/bin:/autofs/nccs-svm1_sw/frontier/miniforge3/23.11.0-0/condabin:/sw/frontier/lfs-wrapper/0.0.1/bin/lfs:/sw/frontier/miniforge3/23.11.0-0/bin:/opt/cray/libfabric/1.22.0/bin:/opt/rocm-6.4.2/bin:/sw/frontier/spack-envs/cpe25.09-cpu/opt/llvm-amdgpu-6.4.2/darshan-runtime-3.4.7-tvdocpzv3jfj4y6ki5jvmmkics323gon/bin:/opt/cray/pe/mpich/9.0.1/ofi/amd/6.0/bin:/opt/cray/pe/mpich/9.0.1/bin:/opt/cray/pe/perftools/25.09.0/bin:/opt/cray/pe/papi/7.2.0.2/bin:/opt/cray/pe/craype/2.7.35/bin:/sw/frontier/ums/ums046/copper/build:/sw/sources/hpss/bin:/sw/frontier/spack-envs/core-25.03/opt/gcc-13.2/tmux-3.4-fcqqko3j4ga67yuc7zxaqcwsix5hns2v/bin:/opt/clmgr/sbin:/opt/clmgr/bin:/opt/sgi/sbin:/opt/sgi/bin:/sw/frontier/bin:/ccs/home/wcastil/.local/bin:/usr/local/bin:/usr/bin:/bin:/opt/bin:/opt/c3/bin:/usr/lib/mit/bin:/opt/puppetlabs/bin:/opt/cray/pe/bin
++ export CONDA_PREFIX=/mnt/bb/wcastil/copper_mount/lustre/orion/stf243/world-shared/hagertnl/CUG26/benchmark_builds/python-mpi4py/conda_env
++ CONDA_PREFIX=/mnt/bb/wcastil/copper_mount/lustre/orion/stf243/world-shared/hagertnl/CUG26/benchmark_builds/python-mpi4py/conda_env
++ export CONDA_SHLVL=2
++ CONDA_SHLVL=2
++ export CONDA_DEFAULT_ENV=/mnt/bb/wcastil/copper_mount/lustre/orion/stf243/world-shared/hagertnl/CUG26/benchmark_builds/python-mpi4py/conda_env
++ CONDA_DEFAULT_ENV=/mnt/bb/wcastil/copper_mount/lustre/orion/stf243/world-shared/hagertnl/CUG26/benchmark_builds/python-mpi4py/conda_env
++ export 'CONDA_PROMPT_MODIFIER=(/mnt/bb/wcastil/copper_mount/lustre/orion/stf243/world-shared/hagertnl/CUG26/benchmark_builds/python-mpi4py/conda_env) '
++ CONDA_PROMPT_MODIFIER='(/mnt/bb/wcastil/copper_mount/lustre/orion/stf243/world-shared/hagertnl/CUG26/benchmark_builds/python-mpi4py/conda_env) '
++ export CONDA_PREFIX_1=/autofs/nccs-svm1_sw/frontier/miniforge3/23.11.0-0
++ CONDA_PREFIX_1=/autofs/nccs-svm1_sw/frontier/miniforge3/23.11.0-0
++ export CONDA_EXE=/autofs/nccs-svm1_sw/frontier/miniforge3/23.11.0-0/bin/conda
++ CONDA_EXE=/autofs/nccs-svm1_sw/frontier/miniforge3/23.11.0-0/bin/conda
++ export _CE_M=
++ _CE_M=
++ export _CE_CONDA=
++ _CE_CONDA=
++ export CONDA_PYTHON_EXE=/autofs/nccs-svm1_sw/frontier/miniforge3/23.11.0-0/bin/python
++ CONDA_PYTHON_EXE=/autofs/nccs-svm1_sw/frontier/miniforge3/23.11.0-0/bin/python
+ __conda_hashr
+ '[' -n '' ']'
+ '[' -n '' ']'
+ hash -r
+ /usr/bin/time srun --overlap -N 2048 -n 16384 --ntasks-per-node=8 -c 5 python3 -c 'from mpi4py import MPI'
# [60737.684518] mercury->op [warning] /tmp/kaushikv/spack-stage/spack-stage-mercury-2.4.2-mdorier-new-na-krulc2amcfb6fq5nc3zmbjacxxnz4qal/spack-src/src/na/na_ofi.c:7106 na_ofi_cq_readerr() fi_cq_readerr() got err: 107 (Transport endpoint is not connected), prov_errno: 25 (Inappropriate ioctl for device)
# [60737.694794] mercury->op [warning] /tmp/kaushikv/spack-stage/spack-stage-mercury-2.4.2-mdorier-new-na-krulc2amcfb6fq5nc3zmbjacxxnz4qal/spack-src/src/na/na_ofi.c:7106 na_ofi_cq_readerr() fi_cq_readerr() got err: 107 (Transport endpoint is not connected), prov_errno: 25 (Inappropriate ioctl for device)
# [60737.714937] mercury->op [warning] /tmp/kaushikv/spack-stage/spack-stage-mercury-2.4.2-mdorier-new-na-krulc2amcfb6fq5nc3zmbjacxxnz4qal/spack-src/src/na/na_ofi.c:7106 na_ofi_cq_readerr() fi_cq_readerr() got err: 107 (Transport endpoint is not connected), prov_errno: 25 (Inappropriate ioctl for device)
# [60737.755397] mercury->op [warning] /tmp/kaushikv/spack-stage/spack-stage-mercury-2.4.2-mdorier-new-na-krulc2amcfb6fq5nc3zmbjacxxnz4qal/spack-src/src/na/na_ofi.c:7106 na_ofi_cq_readerr() fi_cq_readerr() got err: 107 (Transport endpoint is not connected), prov_errno: 25 (Inappropriate ioctl for device)
# [60737.835891] mercury->op [warning] /tmp/kaushikv/spack-stage/spack-stage-mercury-2.4.2-mdorier-new-na-krulc2amcfb6fq5nc3zmbjacxxnz4qal/spack-src/src/na/na_ofi.c:7106 na_ofi_cq_readerr() fi_cq_readerr() got err: 107 (Transport endpoint is not connected), prov_errno: 25 (Inappropriate ioctl for device)
# [60737.996058] mercury->op [warning] /tmp/kaushikv/spack-stage/spack-stage-mercury-2.4.2-mdorier-new-na-krulc2amcfb6fq5nc3zmbjacxxnz4qal/spack-src/src/na/na_ofi.c:7106 na_ofi_cq_readerr() fi_cq_readerr() got err: 107 (Transport endpoint is not connected), prov_errno: 25 (Inappropriate ioctl for device)
# [66661.300341] mercury->op [warning] /tmp/kaushikv/spack-stage/spack-stage-mercury-2.4.2-mdorier-new-na-krulc2amcfb6fq5nc3zmbjacxxnz4qal/spack-src/src/na/na_ofi.c:7106 na_ofi_cq_readerr() fi_cq_readerr() got err: 107 (Transport endpoint is not connected), prov_errno: 25 (Inappropriate ioctl for device)
# [66661.310616] mercury->op [warning] /tmp/kaushikv/spack-stage/spack-stage-mercury-2.4.2-mdorier-new-na-krulc2amcfb6fq5nc3zmbjacxxnz4qal/spack-src/src/na/na_ofi.c:7106 na_ofi_cq_readerr() fi_cq_readerr() got err: 107 (Transport endpoint is not connected), prov_errno: 25 (Inappropriate ioctl for device)
# [66661.330758] mercury->op [warning] /tmp/kaushikv/spack-stage/spack-stage-mercury-2.4.2-mdorier-new-na-krulc2amcfb6fq5nc3zmbjacxxnz4qal/spack-src/src/na/na_ofi.c:7106 na_ofi_cq_readerr() fi_cq_readerr() got err: 107 (Transport endpoint is not connected), prov_errno: 25 (Inappropriate ioctl for device)
# [60738.316220] mercury->op [warning] /tmp/kaushikv/spack-stage/spack-stage-mercury-2.4.2-mdorier-new-na-krulc2amcfb6fq5nc3zmbjacxxnz4qal/spack-src/src/na/na_ofi.c:7106 na_ofi_cq_readerr() fi_cq_readerr() got err: 107 (Transport endpoint is not connected), prov_errno: 25 (Inappropriate ioctl for device)
# [60738.956383] mercury->op [warning] /tmp/kaushikv/spack-stage/spack-stage-mercury-2.4.2-mdorier-new-na-krulc2amcfb6fq5nc3zmbjacxxnz4qal/spack-src/src/na/na_ofi.c:7106 na_ofi_cq_readerr() fi_cq_readerr() got err: 107 (Transport endpoint is not connected), prov_errno: 25 (Inappropriate ioctl for device)
# [60739.956550] mercury->op [warning] /tmp/kaushikv/spack-stage/spack-stage-mercury-2.4.2-mdorier-new-na-krulc2amcfb6fq5nc3zmbjacxxnz4qal/spack-src/src/na/na_ofi.c:7106 na_ofi_cq_readerr() fi_cq_readerr() got err: 107 (Transport endpoint is not connected), prov_errno: 25 (Inappropriate ioctl for device)
# [66661.371054] mercury->op [warning] /tmp/kaushikv/spack-stage/spack-stage-mercury-2.4.2-mdorier-new-na-krulc2amcfb6fq5nc3zmbjacxxnz4qal/spack-src/src/na/na_ofi.c:7106 na_ofi_cq_readerr() fi_cq_readerr() got err: 107 (Transport endpoint is not connected), prov_errno: 25 (Inappropriate ioctl for device)
# [66661.451360] mercury->op [warning] /tmp/kaushikv/spack-stage/spack-stage-mercury-2.4.2-mdorier-new-na-krulc2amcfb6fq5nc3zmbjacxxnz4qal/spack-src/src/na/na_ofi.c:7106 na_ofi_cq_readerr() fi_cq_readerr() got err: 107 (Transport endpoint is not connected), prov_errno: 25 (Inappropriate ioctl for device)
# [66661.611799] mercury->op [warning] /tmp/kaushikv/spack-stage/spack-stage-mercury-2.4.2-mdorier-new-na-krulc2amcfb6fq5nc3zmbjacxxnz4qal/spack-src/src/na/na_ofi.c:7106 na_ofi_cq_readerr() fi_cq_readerr() got err: 107 (Transport endpoint is not connected), prov_errno: 25 (Inappropriate ioctl for device)
# [60740.956721] mercury->op [warning] /tmp/kaushikv/spack-stage/spack-stage-mercury-2.4.2-mdorier-new-na-krulc2amcfb6fq5nc3zmbjacxxnz4qal/spack-src/src/na/na_ofi.c:7106 na_ofi_cq_readerr() fi_cq_readerr() got err: 107 (Transport endpoint is not connected), prov_errno: 25 (Inappropriate ioctl for device)
# [60741.956893] mercury->op [warning] /tmp/kaushikv/spack-stage/spack-stage-mercury-2.4.2-mdorier-new-na-krulc2amcfb6fq5nc3zmbjacxxnz4qal/spack-src/src/na/na_ofi.c:7106 na_ofi_cq_readerr() fi_cq_readerr() got err: 107 (Transport endpoint is not connected), prov_errno: 25 (Inappropriate ioctl for device)
# [60742.957067] mercury->op [warning] /tmp/kaushikv/spack-stage/spack-stage-mercury-2.4.2-mdorier-new-na-krulc2amcfb6fq5nc3zmbjacxxnz4qal/spack-src/src/na/na_ofi.c:7106 na_ofi_cq_readerr() fi_cq_readerr() got err: 107 (Transport endpoint is not connected), prov_errno: 25 (Inappropriate ioctl for device)
# [66661.931965] mercury->op [warning] /tmp/kaushikv/spack-stage/spack-stage-mercury-2.4.2-mdorier-new-na-krulc2amcfb6fq5nc3zmbjacxxnz4qal/spack-src/src/na/na_ofi.c:7106 na_ofi_cq_readerr() fi_cq_readerr() got err: 107 (Transport endpoint is not connected), prov_errno: 25 (Inappropriate ioctl for device)
# [66662.572310] mercury->op [warning] /tmp/kaushikv/spack-stage/spack-stage-mercury-2.4.2-mdorier-new-na-krulc2amcfb6fq5nc3zmbjacxxnz4qal/spack-src/src/na/na_ofi.c:7106 na_ofi_cq_readerr() fi_cq_readerr() got err: 107 (Transport endpoint is not connected), prov_errno: 25 (Inappropriate ioctl for device)
# [66663.572716] mercury->op [warning] /tmp/kaushikv/spack-stage/spack-stage-mercury-2.4.2-mdorier-new-na-krulc2amcfb6fq5nc3zmbjacxxnz4qal/spack-src/src/na/na_ofi.c:7106 na_ofi_cq_readerr() fi_cq_readerr() got err: 107 (Transport endpoint is not connected), prov_errno: 25 (Inappropriate ioctl for device)
# [74344.595712] mercury->op [warning] /tmp/kaushikv/spack-stage/spack-stage-mercury-2.4.2-mdorier-new-na-krulc2amcfb6fq5nc3zmbjacxxnz4qal/spack-src/src/na/na_ofi.c:7106 na_ofi_cq_readerr() fi_cq_readerr() got err: 107 (Transport endpoint is not connected), prov_errno: 25 (Inappropriate ioctl for device)
# [74344.606066] mercury->op [warning] /tmp/kaushikv/spack-stage/spack-stage-mercury-2.4.2-mdorier-new-na-krulc2amcfb6fq5nc3zmbjacxxnz4qal/spack-src/src/na/na_ofi.c:7106 na_ofi_cq_readerr() fi_cq_readerr() got err: 107 (Transport endpoint is not connected), prov_errno: 25 (Inappropriate ioctl for device)
# [74344.626315] mercury->op [warning] /tmp/kaushikv/spack-stage/spack-stage-mercury-2.4.2-mdorier-new-na-krulc2amcfb6fq5nc3zmbjacxxnz4qal/spack-src/src/na/na_ofi.c:7106 na_ofi_cq_readerr() fi_cq_readerr() got err: 107 (Transport endpoint is not connected), prov_errno: 25 (Inappropriate ioctl for device)
# [60743.957722] mercury->op [warning] /tmp/kaushikv/spack-stage/spack-stage-mercury-2.4.2-mdorier-new-na-krulc2amcfb6fq5nc3zmbjacxxnz4qal/spack-src/src/na/na_ofi.c:7106 na_ofi_cq_readerr() fi_cq_readerr() got err: 107 (Transport endpoint is not connected), prov_errno: 25 (Inappropriate ioctl for device)
# [66664.572890] mercury->op [warning] /tmp/kaushikv/spack-stage/spack-stage-mercury-2.4.2-mdorier-new-na-krulc2amcfb6fq5nc3zmbjacxxnz4qal/spack-src/src/na/na_ofi.c:7106 na_ofi_cq_readerr() fi_cq_readerr() got err: 107 (Transport endpoint is not connected), prov_errno: 25 (Inappropriate ioctl for device)
# [66665.573300] mercury->op [warning] /tmp/kaushikv/spack-stage/spack-stage-mercury-2.4.2-mdorier-new-na-krulc2amcfb6fq5nc3zmbjacxxnz4qal/spack-src/src/na/na_ofi.c:7106 na_ofi_cq_readerr() fi_cq_readerr() got err: 107 (Transport endpoint is not connected), prov_errno: 25 (Inappropriate ioctl for device)
# [66666.573711] mercury->op [warning] /tmp/kaushikv/spack-stage/spack-stage-mercury-2.4.2-mdorier-new-na-krulc2amcfb6fq5nc3zmbjacxxnz4qal/spack-src/src/na/na_ofi.c:7106 na_ofi_cq_readerr() fi_cq_readerr() got err: 107 (Transport endpoint is not connected), prov_errno: 25 (Inappropriate ioctl for device)
# [74344.666620] mercury->op [warning] /tmp/kaushikv/spack-stage/spack-stage-mercury-2.4.2-mdorier-new-na-krulc2amcfb6fq5nc3zmbjacxxnz4qal/spack-src/src/na/na_ofi.c:7106 na_ofi_cq_readerr() fi_cq_readerr() got err: 107 (Transport endpoint is not connected), prov_errno: 25 (Inappropriate ioctl for device)
# [74344.747046] mercury->op [warning] /tmp/kaushikv/spack-stage/spack-stage-mercury-2.4.2-mdorier-new-na-krulc2amcfb6fq5nc3zmbjacxxnz4qal/spack-src/src/na/na_ofi.c:7106 na_ofi_cq_readerr() fi_cq_readerr() got err: 107 (Transport endpoint is not connected), prov_errno: 25 (Inappropriate ioctl for device)
# [74344.907228] mercury->op [warning] /tmp/kaushikv/spack-stage/spack-stage-mercury-2.4.2-mdorier-new-na-krulc2amcfb6fq5nc3zmbjacxxnz4qal/spack-src/src/na/na_ofi.c:7106 na_ofi_cq_readerr() fi_cq_readerr() got err: 107 (Transport endpoint is not connected), prov_errno: 25 (Inappropriate ioctl for device)
# [66660.864758] mercury->op [warning] /tmp/kaushikv/spack-stage/spack-stage-mercury-2.4.2-mdorier-new-na-krulc2amcfb6fq5nc3zmbjacxxnz4qal/spack-src/src/na/na_ofi.c:7106 na_ofi_cq_readerr() fi_cq_readerr() got err: 107 (Transport endpoint is not connected), prov_errno: 25 (Inappropriate ioctl for device)
# [66660.875037] mercury->op [warning] /tmp/kaushikv/spack-stage/spack-stage-mercury-2.4.2-mdorier-new-na-krulc2amcfb6fq5nc3zmbjacxxnz4qal/spack-src/src/na/na_ofi.c:7106 na_ofi_cq_readerr() fi_cq_readerr() got err: 107 (Transport endpoint is not connected), prov_errno: 25 (Inappropriate ioctl for device)
# [66660.895299] mercury->op [warning] /tmp/kaushikv/spack-stage/spack-stage-mercury-2.4.2-mdorier-new-na-krulc2amcfb6fq5nc3zmbjacxxnz4qal/spack-src/src/na/na_ofi.c:7106 na_ofi_cq_readerr() fi_cq_readerr() got err: 107 (Transport endpoint is not connected), prov_errno: 25 (Inappropriate ioctl for device)
# [66667.575103] mercury->op [warning] /tmp/kaushikv/spack-stage/spack-stage-mercury-2.4.2-mdorier-new-na-krulc2amcfb6fq5nc3zmbjacxxnz4qal/spack-src/src/na/na_ofi.c:7106 na_ofi_cq_readerr() fi_cq_readerr() got err: 107 (Transport endpoint is not connected), prov_errno: 25 (Inappropriate ioctl for device)
# [74345.227382] mercury->op [warning] /tmp/kaushikv/spack-stage/spack-stage-mercury-2.4.2-mdorier-new-na-krulc2amcfb6fq5nc3zmbjacxxnz4qal/spack-src/src/na/na_ofi.c:7106 na_ofi_cq_readerr() fi_cq_readerr() got err: 107 (Transport endpoint is not connected), prov_errno: 25 (Inappropriate ioctl for device)
# [74345.867792] mercury->op [warning] /tmp/kaushikv/spack-stage/spack-stage-mercury-2.4.2-mdorier-new-na-krulc2amcfb6fq5nc3zmbjacxxnz4qal/spack-src/src/na/na_ofi.c:7106 na_ofi_cq_readerr() fi_cq_readerr() got err: 107 (Transport endpoint is not connected), prov_errno: 25 (Inappropriate ioctl for device)
# [74346.868204] mercury->op [warning] /tmp/kaushikv/spack-stage/spack-stage-mercury-2.4.2-mdorier-new-na-krulc2amcfb6fq5nc3zmbjacxxnz4qal/spack-src/src/na/na_ofi.c:7106 na_ofi_cq_readerr() fi_cq_readerr() got err: 107 (Transport endpoint is not connected), prov_errno: 25 (Inappropriate ioctl for device)
# [66660.935741] mercury->op [warning] /tmp/kaushikv/spack-stage/spack-stage-mercury-2.4.2-mdorier-new-na-krulc2amcfb6fq5nc3zmbjacxxnz4qal/spack-src/src/na/na_ofi.c:7106 na_ofi_cq_readerr() fi_cq_readerr() got err: 107 (Transport endpoint is not connected), prov_errno: 25 (Inappropriate ioctl for device)
# [66661.016067] mercury->op [warning] /tmp/kaushikv/spack-stage/spack-stage-mercury-2.4.2-mdorier-new-na-krulc2amcfb6fq5nc3zmbjacxxnz4qal/spack-src/src/na/na_ofi.c:7106 na_ofi_cq_readerr() fi_cq_readerr() got err: 107 (Transport endpoint is not connected), prov_errno: 25 (Inappropriate ioctl for device)
# [66661.176223] mercury->op [warning] /tmp/kaushikv/spack-stage/spack-stage-mercury-2.4.2-mdorier-new-na-krulc2amcfb6fq5nc3zmbjacxxnz4qal/spack-src/src/na/na_ofi.c:7106 na_ofi_cq_readerr() fi_cq_readerr() got err: 107 (Transport endpoint is not connected), prov_errno: 25 (Inappropriate ioctl for device)
# [74347.868621] mercury->op [warning] /tmp/kaushikv/spack-stage/spack-stage-mercury-2.4.2-mdorier-new-na-krulc2amcfb6fq5nc3zmbjacxxnz4qal/spack-src/src/na/na_ofi.c:7106 na_ofi_cq_readerr() fi_cq_readerr() got err: 107 (Transport endpoint is not connected), prov_errno: 25 (Inappropriate ioctl for device)
# [74348.869046] mercury->op [warning] /tmp/kaushikv/spack-stage/spack-stage-mercury-2.4.2-mdorier-new-na-krulc2amcfb6fq5nc3zmbjacxxnz4qal/spack-src/src/na/na_ofi.c:7106 na_ofi_cq_readerr() fi_cq_readerr() got err: 107 (Transport endpoint is not connected), prov_errno: 25 (Inappropriate ioctl for device)
# [74349.869460] mercury->op [warning] /tmp/kaushikv/spack-stage/spack-stage-mercury-2.4.2-mdorier-new-na-krulc2amcfb6fq5nc3zmbjacxxnz4qal/spack-src/src/na/na_ofi.c:7106 na_ofi_cq_readerr() fi_cq_readerr() got err: 107 (Transport endpoint is not connected), prov_errno: 25 (Inappropriate ioctl for device)
# [74344.148585] mercury->op [warning] /tmp/kaushikv/spack-stage/spack-stage-mercury-2.4.2-mdorier-new-na-krulc2amcfb6fq5nc3zmbjacxxnz4qal/spack-src/src/na/na_ofi.c:7106 na_ofi_cq_readerr() fi_cq_readerr() got err: 107 (Transport endpoint is not connected), prov_errno: 25 (Inappropriate ioctl for device)
# [74344.158863] mercury->op [warning] /tmp/kaushikv/spack-stage/spack-stage-mercury-2.4.2-mdorier-new-na-krulc2amcfb6fq5nc3zmbjacxxnz4qal/spack-src/src/na/na_ofi.c:7106 na_ofi_cq_readerr() fi_cq_readerr() got err: 107 (Transport endpoint is not connected), prov_errno: 25 (Inappropriate ioctl for device)
# [74344.179017] mercury->op [warning] /tmp/kaushikv/spack-stage/spack-stage-mercury-2.4.2-mdorier-new-na-krulc2amcfb6fq5nc3zmbjacxxnz4qal/spack-src/src/na/na_ofi.c:7106 na_ofi_cq_readerr() fi_cq_readerr() got err: 107 (Transport endpoint is not connected), prov_errno: 25 (Inappropriate ioctl for device)
# [66661.496373] mercury->op [warning] /tmp/kaushikv/spack-stage/spack-stage-mercury-2.4.2-mdorier-new-na-krulc2amcfb6fq5nc3zmbjacxxnz4qal/spack-src/src/na/na_ofi.c:7106 na_ofi_cq_readerr() fi_cq_readerr() got err: 107 (Transport endpoint is not connected), prov_errno: 25 (Inappropriate ioctl for device)
# [66662.136532] mercury->op [warning] /tmp/kaushikv/spack-stage/spack-stage-mercury-2.4.2-mdorier-new-na-krulc2amcfb6fq5nc3zmbjacxxnz4qal/spack-src/src/na/na_ofi.c:7106 na_ofi_cq_readerr() fi_cq_readerr() got err: 107 (Transport endpoint is not connected), prov_errno: 25 (Inappropriate ioctl for device)
# [66663.136698] mercury->op [warning] /tmp/kaushikv/spack-stage/spack-stage-mercury-2.4.2-mdorier-new-na-krulc2amcfb6fq5nc3zmbjacxxnz4qal/spack-src/src/na/na_ofi.c:7106 na_ofi_cq_readerr() fi_cq_readerr() got err: 107 (Transport endpoint is not connected), prov_errno: 25 (Inappropriate ioctl for device)
# [74350.870296] mercury->op [warning] /tmp/kaushikv/spack-stage/spack-stage-mercury-2.4.2-mdorier-new-na-krulc2amcfb6fq5nc3zmbjacxxnz4qal/spack-src/src/na/na_ofi.c:7106 na_ofi_cq_readerr() fi_cq_readerr() got err: 107 (Transport endpoint is not connected), prov_errno: 25 (Inappropriate ioctl for device)
# [74344.219447] mercury->op [warning] /tmp/kaushikv/spack-stage/spack-stage-mercury-2.4.2-mdorier-new-na-krulc2amcfb6fq5nc3zmbjacxxnz4qal/spack-src/src/na/na_ofi.c:7106 na_ofi_cq_readerr() fi_cq_readerr() got err: 107 (Transport endpoint is not connected), prov_errno: 25 (Inappropriate ioctl for device)
# [74344.299909] mercury->op [warning] /tmp/kaushikv/spack-stage/spack-stage-mercury-2.4.2-mdorier-new-na-krulc2amcfb6fq5nc3zmbjacxxnz4qal/spack-src/src/na/na_ofi.c:7106 na_ofi_cq_readerr() fi_cq_readerr() got err: 107 (Transport endpoint is not connected), prov_errno: 25 (Inappropriate ioctl for device)
# [74344.460068] mercury->op [warning] /tmp/kaushikv/spack-stage/spack-stage-mercury-2.4.2-mdorier-new-na-krulc2amcfb6fq5nc3zmbjacxxnz4qal/spack-src/src/na/na_ofi.c:7106 na_ofi_cq_readerr() fi_cq_readerr() got err: 107 (Transport endpoint is not connected), prov_errno: 25 (Inappropriate ioctl for device)
# [66664.136866] mercury->op [warning] /tmp/kaushikv/spack-stage/spack-stage-mercury-2.4.2-mdorier-new-na-krulc2amcfb6fq5nc3zmbjacxxnz4qal/spack-src/src/na/na_ofi.c:7106 na_ofi_cq_readerr() fi_cq_readerr() got err: 107 (Transport endpoint is not connected), prov_errno: 25 (Inappropriate ioctl for device)
# [66665.137035] mercury->op [warning] /tmp/kaushikv/spack-stage/spack-stage-mercury-2.4.2-mdorier-new-na-krulc2amcfb6fq5nc3zmbjacxxnz4qal/spack-src/src/na/na_ofi.c:7106 na_ofi_cq_readerr() fi_cq_readerr() got err: 107 (Transport endpoint is not connected), prov_errno: 25 (Inappropriate ioctl for device)
# [66666.137204] mercury->op [warning] /tmp/kaushikv/spack-stage/spack-stage-mercury-2.4.2-mdorier-new-na-krulc2amcfb6fq5nc3zmbjacxxnz4qal/spack-src/src/na/na_ofi.c:7106 na_ofi_cq_readerr() fi_cq_readerr() got err: 107 (Transport endpoint is not connected), prov_errno: 25 (Inappropriate ioctl for device)
# [74344.780235] mercury->op [warning] /tmp/kaushikv/spack-stage/spack-stage-mercury-2.4.2-mdorier-new-na-krulc2amcfb6fq5nc3zmbjacxxnz4qal/spack-src/src/na/na_ofi.c:7106 na_ofi_cq_readerr() fi_cq_readerr() got err: 107 (Transport endpoint is not connected), prov_errno: 25 (Inappropriate ioctl for device)
# [74345.420400] mercury->op [warning] /tmp/kaushikv/spack-stage/spack-stage-mercury-2.4.2-mdorier-new-na-krulc2amcfb6fq5nc3zmbjacxxnz4qal/spack-src/src/na/na_ofi.c:7106 na_ofi_cq_readerr() fi_cq_readerr() got err: 107 (Transport endpoint is not connected), prov_errno: 25 (Inappropriate ioctl for device)
# [74346.420570] mercury->op [warning] /tmp/kaushikv/spack-stage/spack-stage-mercury-2.4.2-mdorier-new-na-krulc2amcfb6fq5nc3zmbjacxxnz4qal/spack-src/src/na/na_ofi.c:7106 na_ofi_cq_readerr() fi_cq_readerr() got err: 107 (Transport endpoint is not connected), prov_errno: 25 (Inappropriate ioctl for device)
# [66667.137891] mercury->op [warning] /tmp/kaushikv/spack-stage/spack-stage-mercury-2.4.2-mdorier-new-na-krulc2amcfb6fq5nc3zmbjacxxnz4qal/spack-src/src/na/na_ofi.c:7106 na_ofi_cq_readerr() fi_cq_readerr() got err: 107 (Transport endpoint is not connected), prov_errno: 25 (Inappropriate ioctl for device)
# [67144.464387] mercury->op [warning] /tmp/kaushikv/spack-stage/spack-stage-mercury-2.4.2-mdorier-new-na-krulc2amcfb6fq5nc3zmbjacxxnz4qal/spack-src/src/na/na_ofi.c:7106 na_ofi_cq_readerr() fi_cq_readerr() got err: 107 (Transport endpoint is not connected), prov_errno: 25 (Inappropriate ioctl for device)
# [67144.474663] mercury->op [warning] /tmp/kaushikv/spack-stage/spack-stage-mercury-2.4.2-mdorier-new-na-krulc2amcfb6fq5nc3zmbjacxxnz4qal/spack-src/src/na/na_ofi.c:7106 na_ofi_cq_readerr() fi_cq_readerr() got err: 107 (Transport endpoint is not connected), prov_errno: 25 (Inappropriate ioctl for device)
# [67144.494807] mercury->op [warning] /tmp/kaushikv/spack-stage/spack-stage-mercury-2.4.2-mdorier-new-na-krulc2amcfb6fq5nc3zmbjacxxnz4qal/spack-src/src/na/na_ofi.c:7106 na_ofi_cq_readerr() fi_cq_readerr() got err: 107 (Transport endpoint is not connected), prov_errno: 25 (Inappropriate ioctl for device)
# [74347.420737] mercury->op [warning] /tmp/kaushikv/spack-stage/spack-stage-mercury-2.4.2-mdorier-new-na-krulc2amcfb6fq5nc3zmbjacxxnz4qal/spack-src/src/na/na_ofi.c:7106 na_ofi_cq_readerr() fi_cq_readerr() got err: 107 (Transport endpoint is not connected), prov_errno: 25 (Inappropriate ioctl for device)
# [74348.420919] mercury->op [warning] /tmp/kaushikv/spack-stage/spack-stage-mercury-2.4.2-mdorier-new-na-krulc2amcfb6fq5nc3zmbjacxxnz4qal/spack-src/src/na/na_ofi.c:7106 na_ofi_cq_readerr() fi_cq_readerr() got err: 107 (Transport endpoint is not connected), prov_errno: 25 (Inappropriate ioctl for device)
# [74349.421094] mercury->op [warning] /tmp/kaushikv/spack-stage/spack-stage-mercury-2.4.2-mdorier-new-na-krulc2amcfb6fq5nc3zmbjacxxnz4qal/spack-src/src/na/na_ofi.c:7106 na_ofi_cq_readerr() fi_cq_readerr() got err: 107 (Transport endpoint is not connected), prov_errno: 25 (Inappropriate ioctl for device)
# [67144.534958] mercury->op [warning] /tmp/kaushikv/spack-stage/spack-stage-mercury-2.4.2-mdorier-new-na-krulc2amcfb6fq5nc3zmbjacxxnz4qal/spack-src/src/na/na_ofi.c:7106 na_ofi_cq_readerr() fi_cq_readerr() got err: 107 (Transport endpoint is not connected), prov_errno: 25 (Inappropriate ioctl for device)
# [67144.615111] mercury->op [warning] /tmp/kaushikv/spack-stage/spack-stage-mercury-2.4.2-mdorier-new-na-krulc2amcfb6fq5nc3zmbjacxxnz4qal/spack-src/src/na/na_ofi.c:7106 na_ofi_cq_readerr() fi_cq_readerr() got err: 107 (Transport endpoint is not connected), prov_errno: 25 (Inappropriate ioctl for device)
# [67144.775271] mercury->op [warning] /tmp/kaushikv/spack-stage/spack-stage-mercury-2.4.2-mdorier-new-na-krulc2amcfb6fq5nc3zmbjacxxnz4qal/spack-src/src/na/na_ofi.c:7106 na_ofi_cq_readerr() fi_cq_readerr() got err: 107 (Transport endpoint is not connected), prov_errno: 25 (Inappropriate ioctl for device)
# [74350.421955] mercury->op [warning] /tmp/kaushikv/spack-stage/spack-stage-mercury-2.4.2-mdorier-new-na-krulc2amcfb6fq5nc3zmbjacxxnz4qal/spack-src/src/na/na_ofi.c:7106 na_ofi_cq_readerr() fi_cq_readerr() got err: 107 (Transport endpoint is not connected), prov_errno: 25 (Inappropriate ioctl for device)
# [74342.190157] mercury->op [warning] /tmp/kaushikv/spack-stage/spack-stage-mercury-2.4.2-mdorier-new-na-krulc2amcfb6fq5nc3zmbjacxxnz4qal/spack-src/src/na/na_ofi.c:7106 na_ofi_cq_readerr() fi_cq_readerr() got err: 107 (Transport endpoint is not connected), prov_errno: 25 (Inappropriate ioctl for device)
# [74342.200424] mercury->op [warning] /tmp/kaushikv/spack-stage/spack-stage-mercury-2.4.2-mdorier-new-na-krulc2amcfb6fq5nc3zmbjacxxnz4qal/spack-src/src/na/na_ofi.c:7106 na_ofi_cq_readerr() fi_cq_readerr() got err: 107 (Transport endpoint is not connected), prov_errno: 25 (Inappropriate ioctl for device)
# [74342.220702] mercury->op [warning] /tmp/kaushikv/spack-stage/spack-stage-mercury-2.4.2-mdorier-new-na-krulc2amcfb6fq5nc3zmbjacxxnz4qal/spack-src/src/na/na_ofi.c:7106 na_ofi_cq_readerr() fi_cq_readerr() got err: 107 (Transport endpoint is not connected), prov_errno: 25 (Inappropriate ioctl for device)
# [67146.696700] mercury->op [warning] /tmp/kaushikv/spack-stage/spack-stage-mercury-2.4.2-mdorier-new-na-krulc2amcfb6fq5nc3zmbjacxxnz4qal/spack-src/src/na/na_ofi.c:7106 na_ofi_cq_readerr() fi_cq_readerr() got err: 107 (Transport endpoint is not connected), prov_errno: 25 (Inappropriate ioctl for device)
# [67146.706979] mercury->op [warning] /tmp/kaushikv/spack-stage/spack-stage-mercury-2.4.2-mdorier-new-na-krulc2amcfb6fq5nc3zmbjacxxnz4qal/spack-src/src/na/na_ofi.c:7106 na_ofi_cq_readerr() fi_cq_readerr() got err: 107 (Transport endpoint is not connected), prov_errno: 25 (Inappropriate ioctl for device)
# [67146.727126] mercury->op [warning] /tmp/kaushikv/spack-stage/spack-stage-mercury-2.4.2-mdorier-new-na-krulc2amcfb6fq5nc3zmbjacxxnz4qal/spack-src/src/na/na_ofi.c:7106 na_ofi_cq_readerr() fi_cq_readerr() got err: 107 (Transport endpoint is not connected), prov_errno: 25 (Inappropriate ioctl for device)
# [67145.095428] mercury->op [warning] /tmp/kaushikv/spack-stage/spack-stage-mercury-2.4.2-mdorier-new-na-krulc2amcfb6fq5nc3zmbjacxxnz4qal/spack-src/src/na/na_ofi.c:7106 na_ofi_cq_readerr() fi_cq_readerr() got err: 107 (Transport endpoint is not connected), prov_errno: 25 (Inappropriate ioctl for device)
# [67145.735834] mercury->op [warning] /tmp/kaushikv/spack-stage/spack-stage-mercury-2.4.2-mdorier-new-na-krulc2amcfb6fq5nc3zmbjacxxnz4qal/spack-src/src/na/na_ofi.c:7106 na_ofi_cq_readerr() fi_cq_readerr() got err: 107 (Transport endpoint is not connected), prov_errno: 25 (Inappropriate ioctl for device)
# [67146.736269] mercury->op [warning] /tmp/kaushikv/spack-stage/spack-stage-mercury-2.4.2-mdorier-new-na-krulc2amcfb6fq5nc3zmbjacxxnz4qal/spack-src/src/na/na_ofi.c:7106 na_ofi_cq_readerr() fi_cq_readerr() got err: 107 (Transport endpoint is not connected), prov_errno: 25 (Inappropriate ioctl for device)
# [74342.261007] mercury->op [warning] /tmp/kaushikv/spack-stage/spack-stage-mercury-2.4.2-mdorier-new-na-krulc2amcfb6fq5nc3zmbjacxxnz4qal/spack-src/src/na/na_ofi.c:7106 na_ofi_cq_readerr() fi_cq_readerr() got err: 107 (Transport endpoint is not connected), prov_errno: 25 (Inappropriate ioctl for device)
# [74342.341307] mercury->op [warning] /tmp/kaushikv/spack-stage/spack-stage-mercury-2.4.2-mdorier-new-na-krulc2amcfb6fq5nc3zmbjacxxnz4qal/spack-src/src/na/na_ofi.c:7106 na_ofi_cq_readerr() fi_cq_readerr() got err: 107 (Transport endpoint is not connected), prov_errno: 25 (Inappropriate ioctl for device)
# [74342.501460] mercury->op [warning] /tmp/kaushikv/spack-stage/spack-stage-mercury-2.4.2-mdorier-new-na-krulc2amcfb6fq5nc3zmbjacxxnz4qal/spack-src/src/na/na_ofi.c:7106 na_ofi_cq_readerr() fi_cq_readerr() got err: 107 (Transport endpoint is not connected), prov_errno: 25 (Inappropriate ioctl for device)
# [67798.116489] mercury->op [warning] /tmp/kaushikv/spack-stage/spack-stage-mercury-2.4.2-mdorier-new-na-krulc2amcfb6fq5nc3zmbjacxxnz4qal/spack-src/src/na/na_ofi.c:7106 na_ofi_cq_readerr() fi_cq_readerr() got err: 107 (Transport endpoint is not connected), prov_errno: 25 (Inappropriate ioctl for device)
# [67798.126766] mercury->op [warning] /tmp/kaushikv/spack-stage/spack-stage-mercury-2.4.2-mdorier-new-na-krulc2amcfb6fq5nc3zmbjacxxnz4qal/spack-src/src/na/na_ofi.c:7106 na_ofi_cq_readerr() fi_cq_readerr() got err: 107 (Transport endpoint is not connected), prov_errno: 25 (Inappropriate ioctl for device)
# [67798.146912] mercury->op [warning] /tmp/kaushikv/spack-stage/spack-stage-mercury-2.4.2-mdorier-new-na-krulc2amcfb6fq5nc3zmbjacxxnz4qal/spack-src/src/na/na_ofi.c:7106 na_ofi_cq_readerr() fi_cq_readerr() got err: 107 (Transport endpoint is not connected), prov_errno: 25 (Inappropriate ioctl for device)
# [67146.767277] mercury->op [warning] /tmp/kaushikv/spack-stage/spack-stage-mercury-2.4.2-mdorier-new-na-krulc2amcfb6fq5nc3zmbjacxxnz4qal/spack-src/src/na/na_ofi.c:7106 na_ofi_cq_readerr() fi_cq_readerr() got err: 107 (Transport endpoint is not connected), prov_errno: 25 (Inappropriate ioctl for device)
# [67146.847433] mercury->op [warning] /tmp/kaushikv/spack-stage/spack-stage-mercury-2.4.2-mdorier-new-na-krulc2amcfb6fq5nc3zmbjacxxnz4qal/spack-src/src/na/na_ofi.c:7106 na_ofi_cq_readerr() fi_cq_readerr() got err: 107 (Transport endpoint is not connected), prov_errno: 25 (Inappropriate ioctl for device)
# [67147.007597] mercury->op [warning] /tmp/kaushikv/spack-stage/spack-stage-mercury-2.4.2-mdorier-new-na-krulc2amcfb6fq5nc3zmbjacxxnz4qal/spack-src/src/na/na_ofi.c:7106 na_ofi_cq_readerr() fi_cq_readerr() got err: 107 (Transport endpoint is not connected), prov_errno: 25 (Inappropriate ioctl for device)
# [67147.736682] mercury->op [warning] /tmp/kaushikv/spack-stage/spack-stage-mercury-2.4.2-mdorier-new-na-krulc2amcfb6fq5nc3zmbjacxxnz4qal/spack-src/src/na/na_ofi.c:7106 na_ofi_cq_readerr() fi_cq_readerr() got err: 107 (Transport endpoint is not connected), prov_errno: 25 (Inappropriate ioctl for device)
# [67148.737096] mercury->op [warning] /tmp/kaushikv/spack-stage/spack-stage-mercury-2.4.2-mdorier-new-na-krulc2amcfb6fq5nc3zmbjacxxnz4qal/spack-src/src/na/na_ofi.c:7106 na_ofi_cq_readerr() fi_cq_readerr() got err: 107 (Transport endpoint is not connected), prov_errno: 25 (Inappropriate ioctl for device)
# [67149.737268] mercury->op [warning] /tmp/kaushikv/spack-stage/spack-stage-mercury-2.4.2-mdorier-new-na-krulc2amcfb6fq5nc3zmbjacxxnz4qal/spack-src/src/na/na_ofi.c:7106 na_ofi_cq_readerr() fi_cq_readerr() got err: 107 (Transport endpoint is not connected), prov_errno: 25 (Inappropriate ioctl for device)
# [74342.821613] mercury->op [warning] /tmp/kaushikv/spack-stage/spack-stage-mercury-2.4.2-mdorier-new-na-krulc2amcfb6fq5nc3zmbjacxxnz4qal/spack-src/src/na/na_ofi.c:7106 na_ofi_cq_readerr() fi_cq_readerr() got err: 107 (Transport endpoint is not connected), prov_errno: 25 (Inappropriate ioctl for device)
# [74343.461772] mercury->op [warning] /tmp/kaushikv/spack-stage/spack-stage-mercury-2.4.2-mdorier-new-na-krulc2amcfb6fq5nc3zmbjacxxnz4qal/spack-src/src/na/na_ofi.c:7106 na_ofi_cq_readerr() fi_cq_readerr() got err: 107 (Transport endpoint is not connected), prov_errno: 25 (Inappropriate ioctl for device)
# [74344.461943] mercury->op [warning] /tmp/kaushikv/spack-stage/spack-stage-mercury-2.4.2-mdorier-new-na-krulc2amcfb6fq5nc3zmbjacxxnz4qal/spack-src/src/na/na_ofi.c:7106 na_ofi_cq_readerr() fi_cq_readerr() got err: 107 (Transport endpoint is not connected), prov_errno: 25 (Inappropriate ioctl for device)
# [67798.187065] mercury->op [warning] /tmp/kaushikv/spack-stage/spack-stage-mercury-2.4.2-mdorier-new-na-krulc2amcfb6fq5nc3zmbjacxxnz4qal/spack-src/src/na/na_ofi.c:7106 na_ofi_cq_readerr() fi_cq_readerr() got err: 107 (Transport endpoint is not connected), prov_errno: 25 (Inappropriate ioctl for device)
# [67798.267218] mercury->op [warning] /tmp/kaushikv/spack-stage/spack-stage-mercury-2.4.2-mdorier-new-na-krulc2amcfb6fq5nc3zmbjacxxnz4qal/spack-src/src/na/na_ofi.c:7106 na_ofi_cq_readerr() fi_cq_readerr() got err: 107 (Transport endpoint is not connected), prov_errno: 25 (Inappropriate ioctl for device)
# [67798.427377] mercury->op [warning] /tmp/kaushikv/spack-stage/spack-stage-mercury-2.4.2-mdorier-new-na-krulc2amcfb6fq5nc3zmbjacxxnz4qal/spack-src/src/na/na_ofi.c:7106 na_ofi_cq_readerr() fi_cq_readerr() got err: 107 (Transport endpoint is not connected), prov_errno: 25 (Inappropriate ioctl for device)
# [67147.327750] mercury->op [warning] /tmp/kaushikv/spack-stage/spack-stage-mercury-2.4.2-mdorier-new-na-krulc2amcfb6fq5nc3zmbjacxxnz4qal/spack-src/src/na/na_ofi.c:7106 na_ofi_cq_readerr() fi_cq_readerr() got err: 107 (Transport endpoint is not connected), prov_errno: 25 (Inappropriate ioctl for device)
# [67147.968150] mercury->op [warning] /tmp/kaushikv/spack-stage/spack-stage-mercury-2.4.2-mdorier-new-na-krulc2amcfb6fq5nc3zmbjacxxnz4qal/spack-src/src/na/na_ofi.c:7106 na_ofi_cq_readerr() fi_cq_readerr() got err: 107 (Transport endpoint is not connected), prov_errno: 25 (Inappropriate ioctl for device)
# [67148.968549] mercury->op [warning] /tmp/kaushikv/spack-stage/spack-stage-mercury-2.4.2-mdorier-new-na-krulc2amcfb6fq5nc3zmbjacxxnz4qal/spack-src/src/na/na_ofi.c:7106 na_ofi_cq_readerr() fi_cq_readerr() got err: 107 (Transport endpoint is not connected), prov_errno: 25 (Inappropriate ioctl for device)
# [67150.738619] mercury->op [warning] /tmp/kaushikv/spack-stage/spack-stage-mercury-2.4.2-mdorier-new-na-krulc2amcfb6fq5nc3zmbjacxxnz4qal/spack-src/src/na/na_ofi.c:7106 na_ofi_cq_readerr() fi_cq_readerr() got err: 107 (Transport endpoint is not connected), prov_errno: 25 (Inappropriate ioctl for device)
# [74345.462106] mercury->op [warning] /tmp/kaushikv/spack-stage/spack-stage-mercury-2.4.2-mdorier-new-na-krulc2amcfb6fq5nc3zmbjacxxnz4qal/spack-src/src/na/na_ofi.c:7106 na_ofi_cq_readerr() fi_cq_readerr() got err: 107 (Transport endpoint is not connected), prov_errno: 25 (Inappropriate ioctl for device)
# [74346.462285] mercury->op [warning] /tmp/kaushikv/spack-stage/spack-stage-mercury-2.4.2-mdorier-new-na-krulc2amcfb6fq5nc3zmbjacxxnz4qal/spack-src/src/na/na_ofi.c:7106 na_ofi_cq_readerr() fi_cq_readerr() got err: 107 (Transport endpoint is not connected), prov_errno: 25 (Inappropriate ioctl for device)
# [74347.462459] mercury->op [warning] /tmp/kaushikv/spack-stage/spack-stage-mercury-2.4.2-mdorier-new-na-krulc2amcfb6fq5nc3zmbjacxxnz4qal/spack-src/src/na/na_ofi.c:7106 na_ofi_cq_readerr() fi_cq_readerr() got err: 107 (Transport endpoint is not connected), prov_errno: 25 (Inappropriate ioctl for device)
# [67798.747534] mercury->op [warning] /tmp/kaushikv/spack-stage/spack-stage-mercury-2.4.2-mdorier-new-na-krulc2amcfb6fq5nc3zmbjacxxnz4qal/spack-src/src/na/na_ofi.c:7106 na_ofi_cq_readerr() fi_cq_readerr() got err: 107 (Transport endpoint is not connected), prov_errno: 25 (Inappropriate ioctl for device)
# [67799.387700] mercury->op [warning] /tmp/kaushikv/spack-stage/spack-stage-mercury-2.4.2-mdorier-new-na-krulc2amcfb6fq5nc3zmbjacxxnz4qal/spack-src/src/na/na_ofi.c:7106 na_ofi_cq_readerr() fi_cq_readerr() got err: 107 (Transport endpoint is not connected), prov_errno: 25 (Inappropriate ioctl for device)
# [67800.387873] mercury->op [warning] /tmp/kaushikv/spack-stage/spack-stage-mercury-2.4.2-mdorier-new-na-krulc2amcfb6fq5nc3zmbjacxxnz4qal/spack-src/src/na/na_ofi.c:7106 na_ofi_cq_readerr() fi_cq_readerr() got err: 107 (Transport endpoint is not connected), prov_errno: 25 (Inappropriate ioctl for device)
# [67149.968957] mercury->op [warning] /tmp/kaushikv/spack-stage/spack-stage-mercury-2.4.2-mdorier-new-na-krulc2amcfb6fq5nc3zmbjacxxnz4qal/spack-src/src/na/na_ofi.c:7106 na_ofi_cq_readerr() fi_cq_readerr() got err: 107 (Transport endpoint is not connected), prov_errno: 25 (Inappropriate ioctl for device)
# [67150.969383] mercury->op [warning] /tmp/kaushikv/spack-stage/spack-stage-mercury-2.4.2-mdorier-new-na-krulc2amcfb6fq5nc3zmbjacxxnz4qal/spack-src/src/na/na_ofi.c:7106 na_ofi_cq_readerr() fi_cq_readerr() got err: 107 (Transport endpoint is not connected), prov_errno: 25 (Inappropriate ioctl for device)
# [67151.969554] mercury->op [warning] /tmp/kaushikv/spack-stage/spack-stage-mercury-2.4.2-mdorier-new-na-krulc2amcfb6fq5nc3zmbjacxxnz4qal/spack-src/src/na/na_ofi.c:7106 na_ofi_cq_readerr() fi_cq_readerr() got err: 107 (Transport endpoint is not connected), prov_errno: 25 (Inappropriate ioctl for device)
# [74348.463371] mercury->op [warning] /tmp/kaushikv/spack-stage/spack-stage-mercury-2.4.2-mdorier-new-na-krulc2amcfb6fq5nc3zmbjacxxnz4qal/spack-src/src/na/na_ofi.c:7106 na_ofi_cq_readerr() fi_cq_readerr() got err: 107 (Transport endpoint is not connected), prov_errno: 25 (Inappropriate ioctl for device)
# [53025.312668] mercury->op [warning] /tmp/kaushikv/spack-stage/spack-stage-mercury-2.4.2-mdorier-new-na-krulc2amcfb6fq5nc3zmbjacxxnz4qal/spack-src/src/na/na_ofi.c:7106 na_ofi_cq_readerr() fi_cq_readerr() got err: 107 (Transport endpoint is not connected), prov_errno: 25 (Inappropriate ioctl for device)
# [53025.322943] mercury->op [warning] /tmp/kaushikv/spack-stage/spack-stage-mercury-2.4.2-mdorier-new-na-krulc2amcfb6fq5nc3zmbjacxxnz4qal/spack-src/src/na/na_ofi.c:7106 na_ofi_cq_readerr() fi_cq_readerr() got err: 107 (Transport endpoint is not connected), prov_errno: 25 (Inappropriate ioctl for device)
# [53025.343087] mercury->op [warning] /tmp/kaushikv/spack-stage/spack-stage-mercury-2.4.2-mdorier-new-na-krulc2amcfb6fq5nc3zmbjacxxnz4qal/spack-src/src/na/na_ofi.c:7106 na_ofi_cq_readerr() fi_cq_readerr() got err: 107 (Transport endpoint is not connected), prov_errno: 25 (Inappropriate ioctl for device)
# [67801.388042] mercury->op [warning] /tmp/kaushikv/spack-stage/spack-stage-mercury-2.4.2-mdorier-new-na-krulc2amcfb6fq5nc3zmbjacxxnz4qal/spack-src/src/na/na_ofi.c:7106 na_ofi_cq_readerr() fi_cq_readerr() got err: 107 (Transport endpoint is not connected), prov_errno: 25 (Inappropriate ioctl for device)
# [67802.388213] mercury->op [warning] /tmp/kaushikv/spack-stage/spack-stage-mercury-2.4.2-mdorier-new-na-krulc2amcfb6fq5nc3zmbjacxxnz4qal/spack-src/src/na/na_ofi.c:7106 na_ofi_cq_readerr() fi_cq_readerr() got err: 107 (Transport endpoint is not connected), prov_errno: 25 (Inappropriate ioctl for device)
# [67803.388386] mercury->op [warning] /tmp/kaushikv/spack-stage/spack-stage-mercury-2.4.2-mdorier-new-na-krulc2amcfb6fq5nc3zmbjacxxnz4qal/spack-src/src/na/na_ofi.c:7106 na_ofi_cq_readerr() fi_cq_readerr() got err: 107 (Transport endpoint is not connected), prov_errno: 25 (Inappropriate ioctl for device)
# [67152.970211] mercury->op [warning] /tmp/kaushikv/spack-stage/spack-stage-mercury-2.4.2-mdorier-new-na-krulc2amcfb6fq5nc3zmbjacxxnz4qal/spack-src/src/na/na_ofi.c:7106 na_ofi_cq_readerr() fi_cq_readerr() got err: 107 (Transport endpoint is not connected), prov_errno: 25 (Inappropriate ioctl for device)
# [53025.383240] mercury->op [warning] /tmp/kaushikv/spack-stage/spack-stage-mercury-2.4.2-mdorier-new-na-krulc2amcfb6fq5nc3zmbjacxxnz4qal/spack-src/src/na/na_ofi.c:7106 na_ofi_cq_readerr() fi_cq_readerr() got err: 107 (Transport endpoint is not connected), prov_errno: 25 (Inappropriate ioctl for device)
# [53025.463394] mercury->op [warning] /tmp/kaushikv/spack-stage/spack-stage-mercury-2.4.2-mdorier-new-na-krulc2amcfb6fq5nc3zmbjacxxnz4qal/spack-src/src/na/na_ofi.c:7106 na_ofi_cq_readerr() fi_cq_readerr() got err: 107 (Transport endpoint is not connected), prov_errno: 25 (Inappropriate ioctl for device)
# [53025.623554] mercury->op [warning] /tmp/kaushikv/spack-stage/spack-stage-mercury-2.4.2-mdorier-new-na-krulc2amcfb6fq5nc3zmbjacxxnz4qal/spack-src/src/na/na_ofi.c:7106 na_ofi_cq_readerr() fi_cq_readerr() got err: 107 (Transport endpoint is not connected), prov_errno: 25 (Inappropriate ioctl for device)
# [67804.389376] mercury->op [warning] /tmp/kaushikv/spack-stage/spack-stage-mercury-2.4.2-mdorier-new-na-krulc2amcfb6fq5nc3zmbjacxxnz4qal/spack-src/src/na/na_ofi.c:7106 na_ofi_cq_readerr() fi_cq_readerr() got err: 107 (Transport endpoint is not connected), prov_errno: 25 (Inappropriate ioctl for device)
# [66661.138254] mercury->op [warning] /tmp/kaushikv/spack-stage/spack-stage-mercury-2.4.2-mdorier-new-na-krulc2amcfb6fq5nc3zmbjacxxnz4qal/spack-src/src/na/na_ofi.c:7106 na_ofi_cq_readerr() fi_cq_readerr() got err: 107 (Transport endpoint is not connected), prov_errno: 25 (Inappropriate ioctl for device)
# [66661.148541] mercury->op [warning] /tmp/kaushikv/spack-stage/spack-stage-mercury-2.4.2-mdorier-new-na-krulc2amcfb6fq5nc3zmbjacxxnz4qal/spack-src/src/na/na_ofi.c:7106 na_ofi_cq_readerr() fi_cq_readerr() got err: 107 (Transport endpoint is not connected), prov_errno: 25 (Inappropriate ioctl for device)
# [66661.168798] mercury->op [warning] /tmp/kaushikv/spack-stage/spack-stage-mercury-2.4.2-mdorier-new-na-krulc2amcfb6fq5nc3zmbjacxxnz4qal/spack-src/src/na/na_ofi.c:7106 na_ofi_cq_readerr() fi_cq_readerr() got err: 107 (Transport endpoint is not connected), prov_errno: 25 (Inappropriate ioctl for device)
# [53025.943712] mercury->op [warning] /tmp/kaushikv/spack-stage/spack-stage-mercury-2.4.2-mdorier-new-na-krulc2amcfb6fq5nc3zmbjacxxnz4qal/spack-src/src/na/na_ofi.c:7106 na_ofi_cq_readerr() fi_cq_readerr() got err: 107 (Transport endpoint is not connected), prov_errno: 25 (Inappropriate ioctl for device)
# [53026.583879] mercury->op [warning] /tmp/kaushikv/spack-stage/spack-stage-mercury-2.4.2-mdorier-new-na-krulc2amcfb6fq5nc3zmbjacxxnz4qal/spack-src/src/na/na_ofi.c:7106 na_ofi_cq_readerr() fi_cq_readerr() got err: 107 (Transport endpoint is not connected), prov_errno: 25 (Inappropriate ioctl for device)
# [53027.584280] mercury->op [warning] /tmp/kaushikv/spack-stage/spack-stage-mercury-2.4.2-mdorier-new-na-krulc2amcfb6fq5nc3zmbjacxxnz4qal/spack-src/src/na/na_ofi.c:7106 na_ofi_cq_readerr() fi_cq_readerr() got err: 107 (Transport endpoint is not connected), prov_errno: 25 (Inappropriate ioctl for device)
# [66661.209106] mercury->op [warning] /tmp/kaushikv/spack-stage/spack-stage-mercury-2.4.2-mdorier-new-na-krulc2amcfb6fq5nc3zmbjacxxnz4qal/spack-src/src/na/na_ofi.c:7106 na_ofi_cq_readerr() fi_cq_readerr() got err: 107 (Transport endpoint is not connected), prov_errno: 25 (Inappropriate ioctl for device)
# [66661.289563] mercury->op [warning] /tmp/kaushikv/spack-stage/spack-stage-mercury-2.4.2-mdorier-new-na-krulc2amcfb6fq5nc3zmbjacxxnz4qal/spack-src/src/na/na_ofi.c:7106 na_ofi_cq_readerr() fi_cq_readerr() got err: 107 (Transport endpoint is not connected), prov_errno: 25 (Inappropriate ioctl for device)
# [66661.449723] mercury->op [warning] /tmp/kaushikv/spack-stage/spack-stage-mercury-2.4.2-mdorier-new-na-krulc2amcfb6fq5nc3zmbjacxxnz4qal/spack-src/src/na/na_ofi.c:7106 na_ofi_cq_readerr() fi_cq_readerr() got err: 107 (Transport endpoint is not connected), prov_errno: 25 (Inappropriate ioctl for device)
# [53028.584690] mercury->op [warning] /tmp/kaushikv/spack-stage/spack-stage-mercury-2.4.2-mdorier-new-na-krulc2amcfb6fq5nc3zmbjacxxnz4qal/spack-src/src/na/na_ofi.c:7106 na_ofi_cq_readerr() fi_cq_readerr() got err: 107 (Transport endpoint is not connected), prov_errno: 25 (Inappropriate ioctl for device)
# [53029.585108] mercury->op [warning] /tmp/kaushikv/spack-stage/spack-stage-mercury-2.4.2-mdorier-new-na-krulc2amcfb6fq5nc3zmbjacxxnz4qal/spack-src/src/na/na_ofi.c:7106 na_ofi_cq_readerr() fi_cq_readerr() got err: 107 (Transport endpoint is not connected), prov_errno: 25 (Inappropriate ioctl for device)
# [53030.585513] mercury->op [warning] /tmp/kaushikv/spack-stage/spack-stage-mercury-2.4.2-mdorier-new-na-krulc2amcfb6fq5nc3zmbjacxxnz4qal/spack-src/src/na/na_ofi.c:7106 na_ofi_cq_readerr() fi_cq_readerr() got err: 107 (Transport endpoint is not connected), prov_errno: 25 (Inappropriate ioctl for device)
# [66661.769882] mercury->op [warning] /tmp/kaushikv/spack-stage/spack-stage-mercury-2.4.2-mdorier-new-na-krulc2amcfb6fq5nc3zmbjacxxnz4qal/spack-src/src/na/na_ofi.c:7106 na_ofi_cq_readerr() fi_cq_readerr() got err: 107 (Transport endpoint is not connected), prov_errno: 25 (Inappropriate ioctl for device)
# [66662.410282] mercury->op [warning] /tmp/kaushikv/spack-stage/spack-stage-mercury-2.4.2-mdorier-new-na-krulc2amcfb6fq5nc3zmbjacxxnz4qal/spack-src/src/na/na_ofi.c:7106 na_ofi_cq_readerr() fi_cq_readerr() got err: 107 (Transport endpoint is not connected), prov_errno: 25 (Inappropriate ioctl for device)
# [66663.410698] mercury->op [warning] /tmp/kaushikv/spack-stage/spack-stage-mercury-2.4.2-mdorier-new-na-krulc2amcfb6fq5nc3zmbjacxxnz4qal/spack-src/src/na/na_ofi.c:7106 na_ofi_cq_readerr() fi_cq_readerr() got err: 107 (Transport endpoint is not connected), prov_errno: 25 (Inappropriate ioctl for device)
# [53031.586721] mercury->op [warning] /tmp/kaushikv/spack-stage/spack-stage-mercury-2.4.2-mdorier-new-na-krulc2amcfb6fq5nc3zmbjacxxnz4qal/spack-src/src/na/na_ofi.c:7106 na_ofi_cq_readerr() fi_cq_readerr() got err: 107 (Transport endpoint is not connected), prov_errno: 25 (Inappropriate ioctl for device)
# [66664.411104] mercury->op [warning] /tmp/kaushikv/spack-stage/spack-stage-mercury-2.4.2-mdorier-new-na-krulc2amcfb6fq5nc3zmbjacxxnz4qal/spack-src/src/na/na_ofi.c:7106 na_ofi_cq_readerr() fi_cq_readerr() got err: 107 (Transport endpoint is not connected), prov_errno: 25 (Inappropriate ioctl for device)
# [66665.411511] mercury->op [warning] /tmp/kaushikv/spack-stage/spack-stage-mercury-2.4.2-mdorier-new-na-krulc2amcfb6fq5nc3zmbjacxxnz4qal/spack-src/src/na/na_ofi.c:7106 na_ofi_cq_readerr() fi_cq_readerr() got err: 107 (Transport endpoint is not connected), prov_errno: 25 (Inappropriate ioctl for device)
# [66666.411687] mercury->op [warning] /tmp/kaushikv/spack-stage/spack-stage-mercury-2.4.2-mdorier-new-na-krulc2amcfb6fq5nc3zmbjacxxnz4qal/spack-src/src/na/na_ofi.c:7106 na_ofi_cq_readerr() fi_cq_readerr() got err: 107 (Transport endpoint is not connected), prov_errno: 25 (Inappropriate ioctl for device)
# [67797.532404] mercury->op [warning] /tmp/kaushikv/spack-stage/spack-stage-mercury-2.4.2-mdorier-new-na-krulc2amcfb6fq5nc3zmbjacxxnz4qal/spack-src/src/na/na_ofi.c:7106 na_ofi_cq_readerr() fi_cq_readerr() got err: 107 (Transport endpoint is not connected), prov_errno: 25 (Inappropriate ioctl for device)
# [67797.542683] mercury->op [warning] /tmp/kaushikv/spack-stage/spack-stage-mercury-2.4.2-mdorier-new-na-krulc2amcfb6fq5nc3zmbjacxxnz4qal/spack-src/src/na/na_ofi.c:7106 na_ofi_cq_readerr() fi_cq_readerr() got err: 107 (Transport endpoint is not connected), prov_errno: 25 (Inappropriate ioctl for device)
# [67797.562830] mercury->op [warning] /tmp/kaushikv/spack-stage/spack-stage-mercury-2.4.2-mdorier-new-na-krulc2amcfb6fq5nc3zmbjacxxnz4qal/spack-src/src/na/na_ofi.c:7106 na_ofi_cq_readerr() fi_cq_readerr() got err: 107 (Transport endpoint is not connected), prov_errno: 25 (Inappropriate ioctl for device)
# [66667.412453] mercury->op [warning] /tmp/kaushikv/spack-stage/spack-stage-mercury-2.4.2-mdorier-new-na-krulc2amcfb6fq5nc3zmbjacxxnz4qal/spack-src/src/na/na_ofi.c:7106 na_ofi_cq_readerr() fi_cq_readerr() got err: 107 (Transport endpoint is not connected), prov_errno: 25 (Inappropriate ioctl for device)
# [67797.602983] mercury->op [warning] /tmp/kaushikv/spack-stage/spack-stage-mercury-2.4.2-mdorier-new-na-krulc2amcfb6fq5nc3zmbjacxxnz4qal/spack-src/src/na/na_ofi.c:7106 na_ofi_cq_readerr() fi_cq_readerr() got err: 107 (Transport endpoint is not connected), prov_errno: 25 (Inappropriate ioctl for device)
# [67797.683137] mercury->op [warning] /tmp/kaushikv/spack-stage/spack-stage-mercury-2.4.2-mdorier-new-na-krulc2amcfb6fq5nc3zmbjacxxnz4qal/spack-src/src/na/na_ofi.c:7106 na_ofi_cq_readerr() fi_cq_readerr() got err: 107 (Transport endpoint is not connected), prov_errno: 25 (Inappropriate ioctl for device)
# [67797.843298] mercury->op [warning] /tmp/kaushikv/spack-stage/spack-stage-mercury-2.4.2-mdorier-new-na-krulc2amcfb6fq5nc3zmbjacxxnz4qal/spack-src/src/na/na_ofi.c:7106 na_ofi_cq_readerr() fi_cq_readerr() got err: 107 (Transport endpoint is not connected), prov_errno: 25 (Inappropriate ioctl for device)
# [67798.163454] mercury->op [warning] /tmp/kaushikv/spack-stage/spack-stage-mercury-2.4.2-mdorier-new-na-krulc2amcfb6fq5nc3zmbjacxxnz4qal/spack-src/src/na/na_ofi.c:7106 na_ofi_cq_readerr() fi_cq_readerr() got err: 107 (Transport endpoint is not connected), prov_errno: 25 (Inappropriate ioctl for device)
# [67798.803855] mercury->op [warning] /tmp/kaushikv/spack-stage/spack-stage-mercury-2.4.2-mdorier-new-na-krulc2amcfb6fq5nc3zmbjacxxnz4qal/spack-src/src/na/na_ofi.c:7106 na_ofi_cq_readerr() fi_cq_readerr() got err: 107 (Transport endpoint is not connected), prov_errno: 25 (Inappropriate ioctl for device)
# [67799.804260] mercury->op [warning] /tmp/kaushikv/spack-stage/spack-stage-mercury-2.4.2-mdorier-new-na-krulc2amcfb6fq5nc3zmbjacxxnz4qal/spack-src/src/na/na_ofi.c:7106 na_ofi_cq_readerr() fi_cq_readerr() got err: 107 (Transport endpoint is not connected), prov_errno: 25 (Inappropriate ioctl for device)
# [67800.804683] mercury->op [warning] /tmp/kaushikv/spack-stage/spack-stage-mercury-2.4.2-mdorier-new-na-krulc2amcfb6fq5nc3zmbjacxxnz4qal/spack-src/src/na/na_ofi.c:7106 na_ofi_cq_readerr() fi_cq_readerr() got err: 107 (Transport endpoint is not connected), prov_errno: 25 (Inappropriate ioctl for device)
# [67801.805100] mercury->op [warning] /tmp/kaushikv/spack-stage/spack-stage-mercury-2.4.2-mdorier-new-na-krulc2amcfb6fq5nc3zmbjacxxnz4qal/spack-src/src/na/na_ofi.c:7106 na_ofi_cq_readerr() fi_cq_readerr() got err: 107 (Transport endpoint is not connected), prov_errno: 25 (Inappropriate ioctl for device)
# [67802.805509] mercury->op [warning] /tmp/kaushikv/spack-stage/spack-stage-mercury-2.4.2-mdorier-new-na-krulc2amcfb6fq5nc3zmbjacxxnz4qal/spack-src/src/na/na_ofi.c:7106 na_ofi_cq_readerr() fi_cq_readerr() got err: 107 (Transport endpoint is not connected), prov_errno: 25 (Inappropriate ioctl for device)
# [67803.806528] mercury->op [warning] /tmp/kaushikv/spack-stage/spack-stage-mercury-2.4.2-mdorier-new-na-krulc2amcfb6fq5nc3zmbjacxxnz4qal/spack-src/src/na/na_ofi.c:7106 na_ofi_cq_readerr() fi_cq_readerr() got err: 107 (Transport endpoint is not connected), prov_errno: 25 (Inappropriate ioctl for device)
# [66838.001992] mercury->op [warning] /tmp/kaushikv/spack-stage/spack-stage-mercury-2.4.2-mdorier-new-na-krulc2amcfb6fq5nc3zmbjacxxnz4qal/spack-src/src/na/na_ofi.c:7106 na_ofi_cq_readerr() fi_cq_readerr() got err: 107 (Transport endpoint is not connected), prov_errno: 25 (Inappropriate ioctl for device)
# [66838.012275] mercury->op [warning] /tmp/kaushikv/spack-stage/spack-stage-mercury-2.4.2-mdorier-new-na-krulc2amcfb6fq5nc3zmbjacxxnz4qal/spack-src/src/na/na_ofi.c:7106 na_ofi_cq_readerr() fi_cq_readerr() got err: 107 (Transport endpoint is not connected), prov_errno: 25 (Inappropriate ioctl for device)
# [66838.032417] mercury->op [warning] /tmp/kaushikv/spack-stage/spack-stage-mercury-2.4.2-mdorier-new-na-krulc2amcfb6fq5nc3zmbjacxxnz4qal/spack-src/src/na/na_ofi.c:7106 na_ofi_cq_readerr() fi_cq_readerr() got err: 107 (Transport endpoint is not connected), prov_errno: 25 (Inappropriate ioctl for device)
# [66838.072575] mercury->op [warning] /tmp/kaushikv/spack-stage/spack-stage-mercury-2.4.2-mdorier-new-na-krulc2amcfb6fq5nc3zmbjacxxnz4qal/spack-src/src/na/na_ofi.c:7106 na_ofi_cq_readerr() fi_cq_readerr() got err: 107 (Transport endpoint is not connected), prov_errno: 25 (Inappropriate ioctl for device)
# [66838.152733] mercury->op [warning] /tmp/kaushikv/spack-stage/spack-stage-mercury-2.4.2-mdorier-new-na-krulc2amcfb6fq5nc3zmbjacxxnz4qal/spack-src/src/na/na_ofi.c:7106 na_ofi_cq_readerr() fi_cq_readerr() got err: 107 (Transport endpoint is not connected), prov_errno: 25 (Inappropriate ioctl for device)
# [66838.312897] mercury->op [warning] /tmp/kaushikv/spack-stage/spack-stage-mercury-2.4.2-mdorier-new-na-krulc2amcfb6fq5nc3zmbjacxxnz4qal/spack-src/src/na/na_ofi.c:7106 na_ofi_cq_readerr() fi_cq_readerr() got err: 107 (Transport endpoint is not connected), prov_errno: 25 (Inappropriate ioctl for device)
# [66838.633051] mercury->op [warning] /tmp/kaushikv/spack-stage/spack-stage-mercury-2.4.2-mdorier-new-na-krulc2amcfb6fq5nc3zmbjacxxnz4qal/spack-src/src/na/na_ofi.c:7106 na_ofi_cq_readerr() fi_cq_readerr() got err: 107 (Transport endpoint is not connected), prov_errno: 25 (Inappropriate ioctl for device)
# [66839.273207] mercury->op [warning] /tmp/kaushikv/spack-stage/spack-stage-mercury-2.4.2-mdorier-new-na-krulc2amcfb6fq5nc3zmbjacxxnz4qal/spack-src/src/na/na_ofi.c:7106 na_ofi_cq_readerr() fi_cq_readerr() got err: 107 (Transport endpoint is not connected), prov_errno: 25 (Inappropriate ioctl for device)
# [66840.273376] mercury->op [warning] /tmp/kaushikv/spack-stage/spack-stage-mercury-2.4.2-mdorier-new-na-krulc2amcfb6fq5nc3zmbjacxxnz4qal/spack-src/src/na/na_ofi.c:7106 na_ofi_cq_readerr() fi_cq_readerr() got err: 107 (Transport endpoint is not connected), prov_errno: 25 (Inappropriate ioctl for device)
# [66841.273551] mercury->op [warning] /tmp/kaushikv/spack-stage/spack-stage-mercury-2.4.2-mdorier-new-na-krulc2amcfb6fq5nc3zmbjacxxnz4qal/spack-src/src/na/na_ofi.c:7106 na_ofi_cq_readerr() fi_cq_readerr() got err: 107 (Transport endpoint is not connected), prov_errno: 25 (Inappropriate ioctl for device)
# [66842.273726] mercury->op [warning] /tmp/kaushikv/spack-stage/spack-stage-mercury-2.4.2-mdorier-new-na-krulc2amcfb6fq5nc3zmbjacxxnz4qal/spack-src/src/na/na_ofi.c:7106 na_ofi_cq_readerr() fi_cq_readerr() got err: 107 (Transport endpoint is not connected), prov_errno: 25 (Inappropriate ioctl for device)
# [66843.273895] mercury->op [warning] /tmp/kaushikv/spack-stage/spack-stage-mercury-2.4.2-mdorier-new-na-krulc2amcfb6fq5nc3zmbjacxxnz4qal/spack-src/src/na/na_ofi.c:7106 na_ofi_cq_readerr() fi_cq_readerr() got err: 107 (Transport endpoint is not connected), prov_errno: 25 (Inappropriate ioctl for device)
# [66844.274840] mercury->op [warning] /tmp/kaushikv/spack-stage/spack-stage-mercury-2.4.2-mdorier-new-na-krulc2amcfb6fq5nc3zmbjacxxnz4qal/spack-src/src/na/na_ofi.c:7106 na_ofi_cq_readerr() fi_cq_readerr() got err: 107 (Transport endpoint is not connected), prov_errno: 25 (Inappropriate ioctl for device)
# [67795.968961] mercury->op [warning] /tmp/kaushikv/spack-stage/spack-stage-mercury-2.4.2-mdorier-new-na-krulc2amcfb6fq5nc3zmbjacxxnz4qal/spack-src/src/na/na_ofi.c:7106 na_ofi_cq_readerr() fi_cq_readerr() got err: 107 (Transport endpoint is not connected), prov_errno: 25 (Inappropriate ioctl for device)
# [67795.979236] mercury->op [warning] /tmp/kaushikv/spack-stage/spack-stage-mercury-2.4.2-mdorier-new-na-krulc2amcfb6fq5nc3zmbjacxxnz4qal/spack-src/src/na/na_ofi.c:7106 na_ofi_cq_readerr() fi_cq_readerr() got err: 107 (Transport endpoint is not connected), prov_errno: 25 (Inappropriate ioctl for device)
# [67795.999378] mercury->op [warning] /tmp/kaushikv/spack-stage/spack-stage-mercury-2.4.2-mdorier-new-na-krulc2amcfb6fq5nc3zmbjacxxnz4qal/spack-src/src/na/na_ofi.c:7106 na_ofi_cq_readerr() fi_cq_readerr() got err: 107 (Transport endpoint is not connected), prov_errno: 25 (Inappropriate ioctl for device)
# [67796.039529] mercury->op [warning] /tmp/kaushikv/spack-stage/spack-stage-mercury-2.4.2-mdorier-new-na-krulc2amcfb6fq5nc3zmbjacxxnz4qal/spack-src/src/na/na_ofi.c:7106 na_ofi_cq_readerr() fi_cq_readerr() got err: 107 (Transport endpoint is not connected), prov_errno: 25 (Inappropriate ioctl for device)
# [67796.119682] mercury->op [warning] /tmp/kaushikv/spack-stage/spack-stage-mercury-2.4.2-mdorier-new-na-krulc2amcfb6fq5nc3zmbjacxxnz4qal/spack-src/src/na/na_ofi.c:7106 na_ofi_cq_readerr() fi_cq_readerr() got err: 107 (Transport endpoint is not connected), prov_errno: 25 (Inappropriate ioctl for device)
# [67796.279847] mercury->op [warning] /tmp/kaushikv/spack-stage/spack-stage-mercury-2.4.2-mdorier-new-na-krulc2amcfb6fq5nc3zmbjacxxnz4qal/spack-src/src/na/na_ofi.c:7106 na_ofi_cq_readerr() fi_cq_readerr() got err: 107 (Transport endpoint is not connected), prov_errno: 25 (Inappropriate ioctl for device)
# [67796.600004] mercury->op [warning] /tmp/kaushikv/spack-stage/spack-stage-mercury-2.4.2-mdorier-new-na-krulc2amcfb6fq5nc3zmbjacxxnz4qal/spack-src/src/na/na_ofi.c:7106 na_ofi_cq_readerr() fi_cq_readerr() got err: 107 (Transport endpoint is not connected), prov_errno: 25 (Inappropriate ioctl for device)
# [67797.240408] mercury->op [warning] /tmp/kaushikv/spack-stage/spack-stage-mercury-2.4.2-mdorier-new-na-krulc2amcfb6fq5nc3zmbjacxxnz4qal/spack-src/src/na/na_ofi.c:7106 na_ofi_cq_readerr() fi_cq_readerr() got err: 107 (Transport endpoint is not connected), prov_errno: 25 (Inappropriate ioctl for device)
# [67798.240824] mercury->op [warning] /tmp/kaushikv/spack-stage/spack-stage-mercury-2.4.2-mdorier-new-na-krulc2amcfb6fq5nc3zmbjacxxnz4qal/spack-src/src/na/na_ofi.c:7106 na_ofi_cq_readerr() fi_cq_readerr() got err: 107 (Transport endpoint is not connected), prov_errno: 25 (Inappropriate ioctl for device)
# [66836.978252] mercury->op [warning] /tmp/kaushikv/spack-stage/spack-stage-mercury-2.4.2-mdorier-new-na-krulc2amcfb6fq5nc3zmbjacxxnz4qal/spack-src/src/na/na_ofi.c:7106 na_ofi_cq_readerr() fi_cq_readerr() got err: 107 (Transport endpoint is not connected), prov_errno: 25 (Inappropriate ioctl for device)
# [66836.988531] mercury->op [warning] /tmp/kaushikv/spack-stage/spack-stage-mercury-2.4.2-mdorier-new-na-krulc2amcfb6fq5nc3zmbjacxxnz4qal/spack-src/src/na/na_ofi.c:7106 na_ofi_cq_readerr() fi_cq_readerr() got err: 107 (Transport endpoint is not connected), prov_errno: 25 (Inappropriate ioctl for device)
# [66837.008678] mercury->op [warning] /tmp/kaushikv/spack-stage/spack-stage-mercury-2.4.2-mdorier-new-na-krulc2amcfb6fq5nc3zmbjacxxnz4qal/spack-src/src/na/na_ofi.c:7106 na_ofi_cq_readerr() fi_cq_readerr() got err: 107 (Transport endpoint is not connected), prov_errno: 25 (Inappropriate ioctl for device)
# [67799.241001] mercury->op [warning] /tmp/kaushikv/spack-stage/spack-stage-mercury-2.4.2-mdorier-new-na-krulc2amcfb6fq5nc3zmbjacxxnz4qal/spack-src/src/na/na_ofi.c:7106 na_ofi_cq_readerr() fi_cq_readerr() got err: 107 (Transport endpoint is not connected), prov_errno: 25 (Inappropriate ioctl for device)
# [67800.241176] mercury->op [warning] /tmp/kaushikv/spack-stage/spack-stage-mercury-2.4.2-mdorier-new-na-krulc2amcfb6fq5nc3zmbjacxxnz4qal/spack-src/src/na/na_ofi.c:7106 na_ofi_cq_readerr() fi_cq_readerr() got err: 107 (Transport endpoint is not connected), prov_errno: 25 (Inappropriate ioctl for device)
# [67801.241348] mercury->op [warning] /tmp/kaushikv/spack-stage/spack-stage-mercury-2.4.2-mdorier-new-na-krulc2amcfb6fq5nc3zmbjacxxnz4qal/spack-src/src/na/na_ofi.c:7106 na_ofi_cq_readerr() fi_cq_readerr() got err: 107 (Transport endpoint is not connected), prov_errno: 25 (Inappropriate ioctl for device)
# [66837.048829] mercury->op [warning] /tmp/kaushikv/spack-stage/spack-stage-mercury-2.4.2-mdorier-new-na-krulc2amcfb6fq5nc3zmbjacxxnz4qal/spack-src/src/na/na_ofi.c:7106 na_ofi_cq_readerr() fi_cq_readerr() got err: 107 (Transport endpoint is not connected), prov_errno: 25 (Inappropriate ioctl for device)
# [66837.128980] mercury->op [warning] /tmp/kaushikv/spack-stage/spack-stage-mercury-2.4.2-mdorier-new-na-krulc2amcfb6fq5nc3zmbjacxxnz4qal/spack-src/src/na/na_ofi.c:7106 na_ofi_cq_readerr() fi_cq_readerr() got err: 107 (Transport endpoint is not connected), prov_errno: 25 (Inappropriate ioctl for device)
# [66837.289137] mercury->op [warning] /tmp/kaushikv/spack-stage/spack-stage-mercury-2.4.2-mdorier-new-na-krulc2amcfb6fq5nc3zmbjacxxnz4qal/spack-src/src/na/na_ofi.c:7106 na_ofi_cq_readerr() fi_cq_readerr() got err: 107 (Transport endpoint is not connected), prov_errno: 25 (Inappropriate ioctl for device)
# [67802.242322] mercury->op [warning] /tmp/kaushikv/spack-stage/spack-stage-mercury-2.4.2-mdorier-new-na-krulc2amcfb6fq5nc3zmbjacxxnz4qal/spack-src/src/na/na_ofi.c:7106 na_ofi_cq_readerr() fi_cq_readerr() got err: 107 (Transport endpoint is not connected), prov_errno: 25 (Inappropriate ioctl for device)
# [66837.609292] mercury->op [warning] /tmp/kaushikv/spack-stage/spack-stage-mercury-2.4.2-mdorier-new-na-krulc2amcfb6fq5nc3zmbjacxxnz4qal/spack-src/src/na/na_ofi.c:7106 na_ofi_cq_readerr() fi_cq_readerr() got err: 107 (Transport endpoint is not connected), prov_errno: 25 (Inappropriate ioctl for device)
# [66838.249696] mercury->op [warning] /tmp/kaushikv/spack-stage/spack-stage-mercury-2.4.2-mdorier-new-na-krulc2amcfb6fq5nc3zmbjacxxnz4qal/spack-src/src/na/na_ofi.c:7106 na_ofi_cq_readerr() fi_cq_readerr() got err: 107 (Transport endpoint is not connected), prov_errno: 25 (Inappropriate ioctl for device)
# [66839.250105] mercury->op [warning] /tmp/kaushikv/spack-stage/spack-stage-mercury-2.4.2-mdorier-new-na-krulc2amcfb6fq5nc3zmbjacxxnz4qal/spack-src/src/na/na_ofi.c:7106 na_ofi_cq_readerr() fi_cq_readerr() got err: 107 (Transport endpoint is not connected), prov_errno: 25 (Inappropriate ioctl for device)
# [67797.260168] mercury->op [warning] /tmp/kaushikv/spack-stage/spack-stage-mercury-2.4.2-mdorier-new-na-krulc2amcfb6fq5nc3zmbjacxxnz4qal/spack-src/src/na/na_ofi.c:7106 na_ofi_cq_readerr() fi_cq_readerr() got err: 107 (Transport endpoint is not connected), prov_errno: 25 (Inappropriate ioctl for device)
# [67797.270437] mercury->op [warning] /tmp/kaushikv/spack-stage/spack-stage-mercury-2.4.2-mdorier-new-na-krulc2amcfb6fq5nc3zmbjacxxnz4qal/spack-src/src/na/na_ofi.c:7106 na_ofi_cq_readerr() fi_cq_readerr() got err: 107 (Transport endpoint is not connected), prov_errno: 25 (Inappropriate ioctl for device)
# [67797.290582] mercury->op [warning] /tmp/kaushikv/spack-stage/spack-stage-mercury-2.4.2-mdorier-new-na-krulc2amcfb6fq5nc3zmbjacxxnz4qal/spack-src/src/na/na_ofi.c:7106 na_ofi_cq_readerr() fi_cq_readerr() got err: 107 (Transport endpoint is not connected), prov_errno: 25 (Inappropriate ioctl for device)
# [66840.250514] mercury->op [warning] /tmp/kaushikv/spack-stage/spack-stage-mercury-2.4.2-mdorier-new-na-krulc2amcfb6fq5nc3zmbjacxxnz4qal/spack-src/src/na/na_ofi.c:7106 na_ofi_cq_readerr() fi_cq_readerr() got err: 107 (Transport endpoint is not connected), prov_errno: 25 (Inappropriate ioctl for device)
# [66841.250923] mercury->op [warning] /tmp/kaushikv/spack-stage/spack-stage-mercury-2.4.2-mdorier-new-na-krulc2amcfb6fq5nc3zmbjacxxnz4qal/spack-src/src/na/na_ofi.c:7106 na_ofi_cq_readerr() fi_cq_readerr() got err: 107 (Transport endpoint is not connected), prov_errno: 25 (Inappropriate ioctl for device)
# [66842.251102] mercury->op [warning] /tmp/kaushikv/spack-stage/spack-stage-mercury-2.4.2-mdorier-new-na-krulc2amcfb6fq5nc3zmbjacxxnz4qal/spack-src/src/na/na_ofi.c:7106 na_ofi_cq_readerr() fi_cq_readerr() got err: 107 (Transport endpoint is not connected), prov_errno: 25 (Inappropriate ioctl for device)
# [67797.330735] mercury->op [warning] /tmp/kaushikv/spack-stage/spack-stage-mercury-2.4.2-mdorier-new-na-krulc2amcfb6fq5nc3zmbjacxxnz4qal/spack-src/src/na/na_ofi.c:7106 na_ofi_cq_readerr() fi_cq_readerr() got err: 107 (Transport endpoint is not connected), prov_errno: 25 (Inappropriate ioctl for device)
# [67797.410888] mercury->op [warning] /tmp/kaushikv/spack-stage/spack-stage-mercury-2.4.2-mdorier-new-na-krulc2amcfb6fq5nc3zmbjacxxnz4qal/spack-src/src/na/na_ofi.c:7106 na_ofi_cq_readerr() fi_cq_readerr() got err: 107 (Transport endpoint is not connected), prov_errno: 25 (Inappropriate ioctl for device)
# [67797.571047] mercury->op [warning] /tmp/kaushikv/spack-stage/spack-stage-mercury-2.4.2-mdorier-new-na-krulc2amcfb6fq5nc3zmbjacxxnz4qal/spack-src/src/na/na_ofi.c:7106 na_ofi_cq_readerr() fi_cq_readerr() got err: 107 (Transport endpoint is not connected), prov_errno: 25 (Inappropriate ioctl for device)
# [66843.252007] mercury->op [warning] /tmp/kaushikv/spack-stage/spack-stage-mercury-2.4.2-mdorier-new-na-krulc2amcfb6fq5nc3zmbjacxxnz4qal/spack-src/src/na/na_ofi.c:7106 na_ofi_cq_readerr() fi_cq_readerr() got err: 107 (Transport endpoint is not connected), prov_errno: 25 (Inappropriate ioctl for device)
# [67797.891205] mercury->op [warning] /tmp/kaushikv/spack-stage/spack-stage-mercury-2.4.2-mdorier-new-na-krulc2amcfb6fq5nc3zmbjacxxnz4qal/spack-src/src/na/na_ofi.c:7106 na_ofi_cq_readerr() fi_cq_readerr() got err: 107 (Transport endpoint is not connected), prov_errno: 25 (Inappropriate ioctl for device)
# [67798.531373] mercury->op [warning] /tmp/kaushikv/spack-stage/spack-stage-mercury-2.4.2-mdorier-new-na-krulc2amcfb6fq5nc3zmbjacxxnz4qal/spack-src/src/na/na_ofi.c:7106 na_ofi_cq_readerr() fi_cq_readerr() got err: 107 (Transport endpoint is not connected), prov_errno: 25 (Inappropriate ioctl for device)
# [67799.531550] mercury->op [warning] /tmp/kaushikv/spack-stage/spack-stage-mercury-2.4.2-mdorier-new-na-krulc2amcfb6fq5nc3zmbjacxxnz4qal/spack-src/src/na/na_ofi.c:7106 na_ofi_cq_readerr() fi_cq_readerr() got err: 107 (Transport endpoint is not connected), prov_errno: 25 (Inappropriate ioctl for device)
# [67148.418073] mercury->op [warning] /tmp/kaushikv/spack-stage/spack-stage-mercury-2.4.2-mdorier-new-na-krulc2amcfb6fq5nc3zmbjacxxnz4qal/spack-src/src/na/na_ofi.c:7106 na_ofi_cq_readerr() fi_cq_readerr() got err: 107 (Transport endpoint is not connected), prov_errno: 25 (Inappropriate ioctl for device)
# [67148.428354] mercury->op [warning] /tmp/kaushikv/spack-stage/spack-stage-mercury-2.4.2-mdorier-new-na-krulc2amcfb6fq5nc3zmbjacxxnz4qal/spack-src/src/na/na_ofi.c:7106 na_ofi_cq_readerr() fi_cq_readerr() got err: 107 (Transport endpoint is not connected), prov_errno: 25 (Inappropriate ioctl for device)
# [67148.448497] mercury->op [warning] /tmp/kaushikv/spack-stage/spack-stage-mercury-2.4.2-mdorier-new-na-krulc2amcfb6fq5nc3zmbjacxxnz4qal/spack-src/src/na/na_ofi.c:7106 na_ofi_cq_readerr() fi_cq_readerr() got err: 107 (Transport endpoint is not connected), prov_errno: 25 (Inappropriate ioctl for device)
# [67800.531721] mercury->op [warning] /tmp/kaushikv/spack-stage/spack-stage-mercury-2.4.2-mdorier-new-na-krulc2amcfb6fq5nc3zmbjacxxnz4qal/spack-src/src/na/na_ofi.c:7106 na_ofi_cq_readerr() fi_cq_readerr() got err: 107 (Transport endpoint is not connected), prov_errno: 25 (Inappropriate ioctl for device)
# [67801.531899] mercury->op [warning] /tmp/kaushikv/spack-stage/spack-stage-mercury-2.4.2-mdorier-new-na-krulc2amcfb6fq5nc3zmbjacxxnz4qal/spack-src/src/na/na_ofi.c:7106 na_ofi_cq_readerr() fi_cq_readerr() got err: 107 (Transport endpoint is not connected), prov_errno: 25 (Inappropriate ioctl for device)
# [67802.532072] mercury->op [warning] /tmp/kaushikv/spack-stage/spack-stage-mercury-2.4.2-mdorier-new-na-krulc2amcfb6fq5nc3zmbjacxxnz4qal/spack-src/src/na/na_ofi.c:7106 na_ofi_cq_readerr() fi_cq_readerr() got err: 107 (Transport endpoint is not connected), prov_errno: 25 (Inappropriate ioctl for device)
# [67795.853827] mercury->op [warning] /tmp/kaushikv/spack-stage/spack-stage-mercury-2.4.2-mdorier-new-na-krulc2amcfb6fq5nc3zmbjacxxnz4qal/spack-src/src/na/na_ofi.c:7106 na_ofi_cq_readerr() fi_cq_readerr() got err: 107 (Transport endpoint is not connected), prov_errno: 25 (Inappropriate ioctl for device)
# [67795.864056] mercury->op [warning] /tmp/kaushikv/spack-stage/spack-stage-mercury-2.4.2-mdorier-new-na-krulc2amcfb6fq5nc3zmbjacxxnz4qal/spack-src/src/na/na_ofi.c:7106 na_ofi_cq_readerr() fi_cq_readerr() got err: 107 (Transport endpoint is not connected), prov_errno: 25 (Inappropriate ioctl for device)
# [67795.884199] mercury->op [warning] /tmp/kaushikv/spack-stage/spack-stage-mercury-2.4.2-mdorier-new-na-krulc2amcfb6fq5nc3zmbjacxxnz4qal/spack-src/src/na/na_ofi.c:7106 na_ofi_cq_readerr() fi_cq_readerr() got err: 107 (Transport endpoint is not connected), prov_errno: 25 (Inappropriate ioctl for device)
# [67148.488648] mercury->op [warning] /tmp/kaushikv/spack-stage/spack-stage-mercury-2.4.2-mdorier-new-na-krulc2amcfb6fq5nc3zmbjacxxnz4qal/spack-src/src/na/na_ofi.c:7106 na_ofi_cq_readerr() fi_cq_readerr() got err: 107 (Transport endpoint is not connected), prov_errno: 25 (Inappropriate ioctl for device)
# [67148.568804] mercury->op [warning] /tmp/kaushikv/spack-stage/spack-stage-mercury-2.4.2-mdorier-new-na-krulc2amcfb6fq5nc3zmbjacxxnz4qal/spack-src/src/na/na_ofi.c:7106 na_ofi_cq_readerr() fi_cq_readerr() got err: 107 (Transport endpoint is not connected), prov_errno: 25 (Inappropriate ioctl for device)
# [67148.728963] mercury->op [warning] /tmp/kaushikv/spack-stage/spack-stage-mercury-2.4.2-mdorier-new-na-krulc2amcfb6fq5nc3zmbjacxxnz4qal/spack-src/src/na/na_ofi.c:7106 na_ofi_cq_readerr() fi_cq_readerr() got err: 107 (Transport endpoint is not connected), prov_errno: 25 (Inappropriate ioctl for device)
# [67803.533127] mercury->op [warning] /tmp/kaushikv/spack-stage/spack-stage-mercury-2.4.2-mdorier-new-na-krulc2amcfb6fq5nc3zmbjacxxnz4qal/spack-src/src/na/na_ofi.c:7106 na_ofi_cq_readerr() fi_cq_readerr() got err: 107 (Transport endpoint is not connected), prov_errno: 25 (Inappropriate ioctl for device)
# [67795.924354] mercury->op [warning] /tmp/kaushikv/spack-stage/spack-stage-mercury-2.4.2-mdorier-new-na-krulc2amcfb6fq5nc3zmbjacxxnz4qal/spack-src/src/na/na_ofi.c:7106 na_ofi_cq_readerr() fi_cq_readerr() got err: 107 (Transport endpoint is not connected), prov_errno: 25 (Inappropriate ioctl for device)
# [67796.004507] mercury->op [warning] /tmp/kaushikv/spack-stage/spack-stage-mercury-2.4.2-mdorier-new-na-krulc2amcfb6fq5nc3zmbjacxxnz4qal/spack-src/src/na/na_ofi.c:7106 na_ofi_cq_readerr() fi_cq_readerr() got err: 107 (Transport endpoint is not connected), prov_errno: 25 (Inappropriate ioctl for device)
# [67796.164663] mercury->op [warning] /tmp/kaushikv/spack-stage/spack-stage-mercury-2.4.2-mdorier-new-na-krulc2amcfb6fq5nc3zmbjacxxnz4qal/spack-src/src/na/na_ofi.c:7106 na_ofi_cq_readerr() fi_cq_readerr() got err: 107 (Transport endpoint is not connected), prov_errno: 25 (Inappropriate ioctl for device)
# [67149.049120] mercury->op [warning] /tmp/kaushikv/spack-stage/spack-stage-mercury-2.4.2-mdorier-new-na-krulc2amcfb6fq5nc3zmbjacxxnz4qal/spack-src/src/na/na_ofi.c:7106 na_ofi_cq_readerr() fi_cq_readerr() got err: 107 (Transport endpoint is not connected), prov_errno: 25 (Inappropriate ioctl for device)
# [67149.689525] mercury->op [warning] /tmp/kaushikv/spack-stage/spack-stage-mercury-2.4.2-mdorier-new-na-krulc2amcfb6fq5nc3zmbjacxxnz4qal/spack-src/src/na/na_ofi.c:7106 na_ofi_cq_readerr() fi_cq_readerr() got err: 107 (Transport endpoint is not connected), prov_errno: 25 (Inappropriate ioctl for device)
# [67150.689927] mercury->op [warning] /tmp/kaushikv/spack-stage/spack-stage-mercury-2.4.2-mdorier-new-na-krulc2amcfb6fq5nc3zmbjacxxnz4qal/spack-src/src/na/na_ofi.c:7106 na_ofi_cq_readerr() fi_cq_readerr() got err: 107 (Transport endpoint is not connected), prov_errno: 25 (Inappropriate ioctl for device)
# [67141.813888] mercury->op [warning] /tmp/kaushikv/spack-stage/spack-stage-mercury-2.4.2-mdorier-new-na-krulc2amcfb6fq5nc3zmbjacxxnz4qal/spack-src/src/na/na_ofi.c:7106 na_ofi_cq_readerr() fi_cq_readerr() got err: 107 (Transport endpoint is not connected), prov_errno: 25 (Inappropriate ioctl for device)
# [67141.824159] mercury->op [warning] /tmp/kaushikv/spack-stage/spack-stage-mercury-2.4.2-mdorier-new-na-krulc2amcfb6fq5nc3zmbjacxxnz4qal/spack-src/src/na/na_ofi.c:7106 na_ofi_cq_readerr() fi_cq_readerr() got err: 107 (Transport endpoint is not connected), prov_errno: 25 (Inappropriate ioctl for device)
# [67141.844302] mercury->op [warning] /tmp/kaushikv/spack-stage/spack-stage-mercury-2.4.2-mdorier-new-na-krulc2amcfb6fq5nc3zmbjacxxnz4qal/spack-src/src/na/na_ofi.c:7106 na_ofi_cq_readerr() fi_cq_readerr() got err: 107 (Transport endpoint is not connected), prov_errno: 25 (Inappropriate ioctl for device)
# [67796.484828] mercury->op [warning] /tmp/kaushikv/spack-stage/spack-stage-mercury-2.4.2-mdorier-new-na-krulc2amcfb6fq5nc3zmbjacxxnz4qal/spack-src/src/na/na_ofi.c:7106 na_ofi_cq_readerr() fi_cq_readerr() got err: 107 (Transport endpoint is not connected), prov_errno: 25 (Inappropriate ioctl for device)
# [67797.125242] mercury->op [warning] /tmp/kaushikv/spack-stage/spack-stage-mercury-2.4.2-mdorier-new-na-krulc2amcfb6fq5nc3zmbjacxxnz4qal/spack-src/src/na/na_ofi.c:7106 na_ofi_cq_readerr() fi_cq_readerr() got err: 107 (Transport endpoint is not connected), prov_errno: 25 (Inappropriate ioctl for device)
# [67798.125644] mercury->op [warning] /tmp/kaushikv/spack-stage/spack-stage-mercury-2.4.2-mdorier-new-na-krulc2amcfb6fq5nc3zmbjacxxnz4qal/spack-src/src/na/na_ofi.c:7106 na_ofi_cq_readerr() fi_cq_readerr() got err: 107 (Transport endpoint is not connected), prov_errno: 25 (Inappropriate ioctl for device)
# [67151.690351] mercury->op [warning] /tmp/kaushikv/spack-stage/spack-stage-mercury-2.4.2-mdorier-new-na-krulc2amcfb6fq5nc3zmbjacxxnz4qal/spack-src/src/na/na_ofi.c:7106 na_ofi_cq_readerr() fi_cq_readerr() got err: 107 (Transport endpoint is not connected), prov_errno: 25 (Inappropriate ioctl for device)
# [67152.690778] mercury->op [warning] /tmp/kaushikv/spack-stage/spack-stage-mercury-2.4.2-mdorier-new-na-krulc2amcfb6fq5nc3zmbjacxxnz4qal/spack-src/src/na/na_ofi.c:7106 na_ofi_cq_readerr() fi_cq_readerr() got err: 107 (Transport endpoint is not connected), prov_errno: 25 (Inappropriate ioctl for device)
# [67153.691188] mercury->op [warning] /tmp/kaushikv/spack-stage/spack-stage-mercury-2.4.2-mdorier-new-na-krulc2amcfb6fq5nc3zmbjacxxnz4qal/spack-src/src/na/na_ofi.c:7106 na_ofi_cq_readerr() fi_cq_readerr() got err: 107 (Transport endpoint is not connected), prov_errno: 25 (Inappropriate ioctl for device)
# [67141.884456] mercury->op [warning] /tmp/kaushikv/spack-stage/spack-stage-mercury-2.4.2-mdorier-new-na-krulc2amcfb6fq5nc3zmbjacxxnz4qal/spack-src/src/na/na_ofi.c:7106 na_ofi_cq_readerr() fi_cq_readerr() got err: 107 (Transport endpoint is not connected), prov_errno: 25 (Inappropriate ioctl for device)
# [67141.964607] mercury->op [warning] /tmp/kaushikv/spack-stage/spack-stage-mercury-2.4.2-mdorier-new-na-krulc2amcfb6fq5nc3zmbjacxxnz4qal/spack-src/src/na/na_ofi.c:7106 na_ofi_cq_readerr() fi_cq_readerr() got err: 107 (Transport endpoint is not connected), prov_errno: 25 (Inappropriate ioctl for device)
# [67142.124769] mercury->op [warning] /tmp/kaushikv/spack-stage/spack-stage-mercury-2.4.2-mdorier-new-na-krulc2amcfb6fq5nc3zmbjacxxnz4qal/spack-src/src/na/na_ofi.c:7106 na_ofi_cq_readerr() fi_cq_readerr() got err: 107 (Transport endpoint is not connected), prov_errno: 25 (Inappropriate ioctl for device)
# [67799.126064] mercury->op [warning] /tmp/kaushikv/spack-stage/spack-stage-mercury-2.4.2-mdorier-new-na-krulc2amcfb6fq5nc3zmbjacxxnz4qal/spack-src/src/na/na_ofi.c:7106 na_ofi_cq_readerr() fi_cq_readerr() got err: 107 (Transport endpoint is not connected), prov_errno: 25 (Inappropriate ioctl for device)
# [67800.126481] mercury->op [warning] /tmp/kaushikv/spack-stage/spack-stage-mercury-2.4.2-mdorier-new-na-krulc2amcfb6fq5nc3zmbjacxxnz4qal/spack-src/src/na/na_ofi.c:7106 na_ofi_cq_readerr() fi_cq_readerr() got err: 107 (Transport endpoint is not connected), prov_errno: 25 (Inappropriate ioctl for device)
# [67801.126895] mercury->op [warning] /tmp/kaushikv/spack-stage/spack-stage-mercury-2.4.2-mdorier-new-na-krulc2amcfb6fq5nc3zmbjacxxnz4qal/spack-src/src/na/na_ofi.c:7106 na_ofi_cq_readerr() fi_cq_readerr() got err: 107 (Transport endpoint is not connected), prov_errno: 25 (Inappropriate ioctl for device)
# [67154.692653] mercury->op [warning] /tmp/kaushikv/spack-stage/spack-stage-mercury-2.4.2-mdorier-new-na-krulc2amcfb6fq5nc3zmbjacxxnz4qal/spack-src/src/na/na_ofi.c:7106 na_ofi_cq_readerr() fi_cq_readerr() got err: 107 (Transport endpoint is not connected), prov_errno: 25 (Inappropriate ioctl for device)
# [67142.444925] mercury->op [warning] /tmp/kaushikv/spack-stage/spack-stage-mercury-2.4.2-mdorier-new-na-krulc2amcfb6fq5nc3zmbjacxxnz4qal/spack-src/src/na/na_ofi.c:7106 na_ofi_cq_readerr() fi_cq_readerr() got err: 107 (Transport endpoint is not connected), prov_errno: 25 (Inappropriate ioctl for device)
# [67143.085089] mercury->op [warning] /tmp/kaushikv/spack-stage/spack-stage-mercury-2.4.2-mdorier-new-na-krulc2amcfb6fq5nc3zmbjacxxnz4qal/spack-src/src/na/na_ofi.c:7106 na_ofi_cq_readerr() fi_cq_readerr() got err: 107 (Transport endpoint is not connected), prov_errno: 25 (Inappropriate ioctl for device)
# [67144.085490] mercury->op [warning] /tmp/kaushikv/spack-stage/spack-stage-mercury-2.4.2-mdorier-new-na-krulc2amcfb6fq5nc3zmbjacxxnz4qal/spack-src/src/na/na_ofi.c:7106 na_ofi_cq_readerr() fi_cq_readerr() got err: 107 (Transport endpoint is not connected), prov_errno: 25 (Inappropriate ioctl for device)
# [67802.128123] mercury->op [warning] /tmp/kaushikv/spack-stage/spack-stage-mercury-2.4.2-mdorier-new-na-krulc2amcfb6fq5nc3zmbjacxxnz4qal/spack-src/src/na/na_ofi.c:7106 na_ofi_cq_readerr() fi_cq_readerr() got err: 107 (Transport endpoint is not connected), prov_errno: 25 (Inappropriate ioctl for device)
# [67145.085903] mercury->op [warning] /tmp/kaushikv/spack-stage/spack-stage-mercury-2.4.2-mdorier-new-na-krulc2amcfb6fq5nc3zmbjacxxnz4qal/spack-src/src/na/na_ofi.c:7106 na_ofi_cq_readerr() fi_cq_readerr() got err: 107 (Transport endpoint is not connected), prov_errno: 25 (Inappropriate ioctl for device)
# [67146.086316] mercury->op [warning] /tmp/kaushikv/spack-stage/spack-stage-mercury-2.4.2-mdorier-new-na-krulc2amcfb6fq5nc3zmbjacxxnz4qal/spack-src/src/na/na_ofi.c:7106 na_ofi_cq_readerr() fi_cq_readerr() got err: 107 (Transport endpoint is not connected), prov_errno: 25 (Inappropriate ioctl for device)
# [67147.086731] mercury->op [warning] /tmp/kaushikv/spack-stage/spack-stage-mercury-2.4.2-mdorier-new-na-krulc2amcfb6fq5nc3zmbjacxxnz4qal/spack-src/src/na/na_ofi.c:7106 na_ofi_cq_readerr() fi_cq_readerr() got err: 107 (Transport endpoint is not connected), prov_errno: 25 (Inappropriate ioctl for device)
# [67798.498031] mercury->op [warning] /tmp/kaushikv/spack-stage/spack-stage-mercury-2.4.2-mdorier-new-na-krulc2amcfb6fq5nc3zmbjacxxnz4qal/spack-src/src/na/na_ofi.c:7106 na_ofi_cq_readerr() fi_cq_readerr() got err: 107 (Transport endpoint is not connected), prov_errno: 25 (Inappropriate ioctl for device)
# [67798.508315] mercury->op [warning] /tmp/kaushikv/spack-stage/spack-stage-mercury-2.4.2-mdorier-new-na-krulc2amcfb6fq5nc3zmbjacxxnz4qal/spack-src/src/na/na_ofi.c:7106 na_ofi_cq_readerr() fi_cq_readerr() got err: 107 (Transport endpoint is not connected), prov_errno: 25 (Inappropriate ioctl for device)
# [67798.528458] mercury->op [warning] /tmp/kaushikv/spack-stage/spack-stage-mercury-2.4.2-mdorier-new-na-krulc2amcfb6fq5nc3zmbjacxxnz4qal/spack-src/src/na/na_ofi.c:7106 na_ofi_cq_readerr() fi_cq_readerr() got err: 107 (Transport endpoint is not connected), prov_errno: 25 (Inappropriate ioctl for device)
# [67148.087977] mercury->op [warning] /tmp/kaushikv/spack-stage/spack-stage-mercury-2.4.2-mdorier-new-na-krulc2amcfb6fq5nc3zmbjacxxnz4qal/spack-src/src/na/na_ofi.c:7106 na_ofi_cq_readerr() fi_cq_readerr() got err: 107 (Transport endpoint is not connected), prov_errno: 25 (Inappropriate ioctl for device)
# [67798.568611] mercury->op [warning] /tmp/kaushikv/spack-stage/spack-stage-mercury-2.4.2-mdorier-new-na-krulc2amcfb6fq5nc3zmbjacxxnz4qal/spack-src/src/na/na_ofi.c:7106 na_ofi_cq_readerr() fi_cq_readerr() got err: 107 (Transport endpoint is not connected), prov_errno: 25 (Inappropriate ioctl for device)
# [67798.648764] mercury->op [warning] /tmp/kaushikv/spack-stage/spack-stage-mercury-2.4.2-mdorier-new-na-krulc2amcfb6fq5nc3zmbjacxxnz4qal/spack-src/src/na/na_ofi.c:7106 na_ofi_cq_readerr() fi_cq_readerr() got err: 107 (Transport endpoint is not connected), prov_errno: 25 (Inappropriate ioctl for device)
# [67798.808924] mercury->op [warning] /tmp/kaushikv/spack-stage/spack-stage-mercury-2.4.2-mdorier-new-na-krulc2amcfb6fq5nc3zmbjacxxnz4qal/spack-src/src/na/na_ofi.c:7106 na_ofi_cq_readerr() fi_cq_readerr() got err: 107 (Transport endpoint is not connected), prov_errno: 25 (Inappropriate ioctl for device)
# [67799.129079] mercury->op [warning] /tmp/kaushikv/spack-stage/spack-stage-mercury-2.4.2-mdorier-new-na-krulc2amcfb6fq5nc3zmbjacxxnz4qal/spack-src/src/na/na_ofi.c:7106 na_ofi_cq_readerr() fi_cq_readerr() got err: 107 (Transport endpoint is not connected), prov_errno: 25 (Inappropriate ioctl for device)
# [67799.769238] mercury->op [warning] /tmp/kaushikv/spack-stage/spack-stage-mercury-2.4.2-mdorier-new-na-krulc2amcfb6fq5nc3zmbjacxxnz4qal/spack-src/src/na/na_ofi.c:7106 na_ofi_cq_readerr() fi_cq_readerr() got err: 107 (Transport endpoint is not connected), prov_errno: 25 (Inappropriate ioctl for device)
# [67800.769399] mercury->op [warning] /tmp/kaushikv/spack-stage/spack-stage-mercury-2.4.2-mdorier-new-na-krulc2amcfb6fq5nc3zmbjacxxnz4qal/spack-src/src/na/na_ofi.c:7106 na_ofi_cq_readerr() fi_cq_readerr() got err: 107 (Transport endpoint is not connected), prov_errno: 25 (Inappropriate ioctl for device)
# [67801.769563] mercury->op [warning] /tmp/kaushikv/spack-stage/spack-stage-mercury-2.4.2-mdorier-new-na-krulc2amcfb6fq5nc3zmbjacxxnz4qal/spack-src/src/na/na_ofi.c:7106 na_ofi_cq_readerr() fi_cq_readerr() got err: 107 (Transport endpoint is not connected), prov_errno: 25 (Inappropriate ioctl for device)
# [67802.769717] mercury->op [warning] /tmp/kaushikv/spack-stage/spack-stage-mercury-2.4.2-mdorier-new-na-krulc2amcfb6fq5nc3zmbjacxxnz4qal/spack-src/src/na/na_ofi.c:7106 na_ofi_cq_readerr() fi_cq_readerr() got err: 107 (Transport endpoint is not connected), prov_errno: 25 (Inappropriate ioctl for device)
# [67803.769886] mercury->op [warning] /tmp/kaushikv/spack-stage/spack-stage-mercury-2.4.2-mdorier-new-na-krulc2amcfb6fq5nc3zmbjacxxnz4qal/spack-src/src/na/na_ofi.c:7106 na_ofi_cq_readerr() fi_cq_readerr() got err: 107 (Transport endpoint is not connected), prov_errno: 25 (Inappropriate ioctl for device)
# [67804.770863] mercury->op [warning] /tmp/kaushikv/spack-stage/spack-stage-mercury-2.4.2-mdorier-new-na-krulc2amcfb6fq5nc3zmbjacxxnz4qal/spack-src/src/na/na_ofi.c:7106 na_ofi_cq_readerr() fi_cq_readerr() got err: 107 (Transport endpoint is not connected), prov_errno: 25 (Inappropriate ioctl for device)
# [67797.765843] mercury->op [warning] /tmp/kaushikv/spack-stage/spack-stage-mercury-2.4.2-mdorier-new-na-krulc2amcfb6fq5nc3zmbjacxxnz4qal/spack-src/src/na/na_ofi.c:7106 na_ofi_cq_readerr() fi_cq_readerr() got err: 107 (Transport endpoint is not connected), prov_errno: 25 (Inappropriate ioctl for device)
# [67797.776109] mercury->op [warning] /tmp/kaushikv/spack-stage/spack-stage-mercury-2.4.2-mdorier-new-na-krulc2amcfb6fq5nc3zmbjacxxnz4qal/spack-src/src/na/na_ofi.c:7106 na_ofi_cq_readerr() fi_cq_readerr() got err: 107 (Transport endpoint is not connected), prov_errno: 25 (Inappropriate ioctl for device)
# [67797.800129] mercury->op [warning] /tmp/kaushikv/spack-stage/spack-stage-mercury-2.4.2-mdorier-new-na-krulc2amcfb6fq5nc3zmbjacxxnz4qal/spack-src/src/na/na_ofi.c:7106 na_ofi_cq_readerr() fi_cq_readerr() got err: 107 (Transport endpoint is not connected), prov_errno: 25 (Inappropriate ioctl for device)
# [67797.840283] mercury->op [warning] /tmp/kaushikv/spack-stage/spack-stage-mercury-2.4.2-mdorier-new-na-krulc2amcfb6fq5nc3zmbjacxxnz4qal/spack-src/src/na/na_ofi.c:7106 na_ofi_cq_readerr() fi_cq_readerr() got err: 107 (Transport endpoint is not connected), prov_errno: 25 (Inappropriate ioctl for device)
# [67797.920436] mercury->op [warning] /tmp/kaushikv/spack-stage/spack-stage-mercury-2.4.2-mdorier-new-na-krulc2amcfb6fq5nc3zmbjacxxnz4qal/spack-src/src/na/na_ofi.c:7106 na_ofi_cq_readerr() fi_cq_readerr() got err: 107 (Transport endpoint is not connected), prov_errno: 25 (Inappropriate ioctl for device)
# [67798.080600] mercury->op [warning] /tmp/kaushikv/spack-stage/spack-stage-mercury-2.4.2-mdorier-new-na-krulc2amcfb6fq5nc3zmbjacxxnz4qal/spack-src/src/na/na_ofi.c:7106 na_ofi_cq_readerr() fi_cq_readerr() got err: 107 (Transport endpoint is not connected), prov_errno: 25 (Inappropriate ioctl for device)
# [67798.400761] mercury->op [warning] /tmp/kaushikv/spack-stage/spack-stage-mercury-2.4.2-mdorier-new-na-krulc2amcfb6fq5nc3zmbjacxxnz4qal/spack-src/src/na/na_ofi.c:7106 na_ofi_cq_readerr() fi_cq_readerr() got err: 107 (Transport endpoint is not connected), prov_errno: 25 (Inappropriate ioctl for device)
# [67799.040925] mercury->op [warning] /tmp/kaushikv/spack-stage/spack-stage-mercury-2.4.2-mdorier-new-na-krulc2amcfb6fq5nc3zmbjacxxnz4qal/spack-src/src/na/na_ofi.c:7106 na_ofi_cq_readerr() fi_cq_readerr() got err: 107 (Transport endpoint is not connected), prov_errno: 25 (Inappropriate ioctl for device)
# [67800.041094] mercury->op [warning] /tmp/kaushikv/spack-stage/spack-stage-mercury-2.4.2-mdorier-new-na-krulc2amcfb6fq5nc3zmbjacxxnz4qal/spack-src/src/na/na_ofi.c:7106 na_ofi_cq_readerr() fi_cq_readerr() got err: 107 (Transport endpoint is not connected), prov_errno: 25 (Inappropriate ioctl for device)
# [67801.041264] mercury->op [warning] /tmp/kaushikv/spack-stage/spack-stage-mercury-2.4.2-mdorier-new-na-krulc2amcfb6fq5nc3zmbjacxxnz4qal/spack-src/src/na/na_ofi.c:7106 na_ofi_cq_readerr() fi_cq_readerr() got err: 107 (Transport endpoint is not connected), prov_errno: 25 (Inappropriate ioctl for device)
# [67802.041440] mercury->op [warning] /tmp/kaushikv/spack-stage/spack-stage-mercury-2.4.2-mdorier-new-na-krulc2amcfb6fq5nc3zmbjacxxnz4qal/spack-src/src/na/na_ofi.c:7106 na_ofi_cq_readerr() fi_cq_readerr() got err: 107 (Transport endpoint is not connected), prov_errno: 25 (Inappropriate ioctl for device)
# [67803.041609] mercury->op [warning] /tmp/kaushikv/spack-stage/spack-stage-mercury-2.4.2-mdorier-new-na-krulc2amcfb6fq5nc3zmbjacxxnz4qal/spack-src/src/na/na_ofi.c:7106 na_ofi_cq_readerr() fi_cq_readerr() got err: 107 (Transport endpoint is not connected), prov_errno: 25 (Inappropriate ioctl for device)
# [67804.042564] mercury->op [warning] /tmp/kaushikv/spack-stage/spack-stage-mercury-2.4.2-mdorier-new-na-krulc2amcfb6fq5nc3zmbjacxxnz4qal/spack-src/src/na/na_ofi.c:7106 na_ofi_cq_readerr() fi_cq_readerr() got err: 107 (Transport endpoint is not connected), prov_errno: 25 (Inappropriate ioctl for device)
# [60744.957899] mercury->op [warning] /tmp/kaushikv/spack-stage/spack-stage-mercury-2.4.2-mdorier-new-na-krulc2amcfb6fq5nc3zmbjacxxnz4qal/spack-src/src/na/na_ofi.c:7106 na_ofi_cq_readerr() fi_cq_readerr() got err: 107 (Transport endpoint is not connected), prov_errno: 25 (Inappropriate ioctl for device)
# [60745.958084] mercury->op [warning] /tmp/kaushikv/spack-stage/spack-stage-mercury-2.4.2-mdorier-new-na-krulc2amcfb6fq5nc3zmbjacxxnz4qal/spack-src/src/na/na_ofi.c:7106 na_ofi_cq_readerr() fi_cq_readerr() got err: 107 (Transport endpoint is not connected), prov_errno: 25 (Inappropriate ioctl for device)
# [60746.958256] mercury->op [warning] /tmp/kaushikv/spack-stage/spack-stage-mercury-2.4.2-mdorier-new-na-krulc2amcfb6fq5nc3zmbjacxxnz4qal/spack-src/src/na/na_ofi.c:7106 na_ofi_cq_readerr() fi_cq_readerr() got err: 107 (Transport endpoint is not connected), prov_errno: 25 (Inappropriate ioctl for device)
# [60747.958437] mercury->op [warning] /tmp/kaushikv/spack-stage/spack-stage-mercury-2.4.2-mdorier-new-na-krulc2amcfb6fq5nc3zmbjacxxnz4qal/spack-src/src/na/na_ofi.c:7106 na_ofi_cq_readerr() fi_cq_readerr() got err: 107 (Transport endpoint is not connected), prov_errno: 25 (Inappropriate ioctl for device)
# [60748.958620] mercury->op [warning] /tmp/kaushikv/spack-stage/spack-stage-mercury-2.4.2-mdorier-new-na-krulc2amcfb6fq5nc3zmbjacxxnz4qal/spack-src/src/na/na_ofi.c:7106 na_ofi_cq_readerr() fi_cq_readerr() got err: 107 (Transport endpoint is not connected), prov_errno: 25 (Inappropriate ioctl for device)
# [60749.958793] mercury->op [warning] /tmp/kaushikv/spack-stage/spack-stage-mercury-2.4.2-mdorier-new-na-krulc2amcfb6fq5nc3zmbjacxxnz4qal/spack-src/src/na/na_ofi.c:7106 na_ofi_cq_readerr() fi_cq_readerr() got err: 107 (Transport endpoint is not connected), prov_errno: 25 (Inappropriate ioctl for device)
# [66668.575510] mercury->op [warning] /tmp/kaushikv/spack-stage/spack-stage-mercury-2.4.2-mdorier-new-na-krulc2amcfb6fq5nc3zmbjacxxnz4qal/spack-src/src/na/na_ofi.c:7106 na_ofi_cq_readerr() fi_cq_readerr() got err: 107 (Transport endpoint is not connected), prov_errno: 25 (Inappropriate ioctl for device)
# [66669.575944] mercury->op [warning] /tmp/kaushikv/spack-stage/spack-stage-mercury-2.4.2-mdorier-new-na-krulc2amcfb6fq5nc3zmbjacxxnz4qal/spack-src/src/na/na_ofi.c:7106 na_ofi_cq_readerr() fi_cq_readerr() got err: 107 (Transport endpoint is not connected), prov_errno: 25 (Inappropriate ioctl for device)
# [66670.576078] mercury->op [warning] /tmp/kaushikv/spack-stage/spack-stage-mercury-2.4.2-mdorier-new-na-krulc2amcfb6fq5nc3zmbjacxxnz4qal/spack-src/src/na/na_ofi.c:7106 na_ofi_cq_readerr() fi_cq_readerr() got err: 107 (Transport endpoint is not connected), prov_errno: 25 (Inappropriate ioctl for device)
# [60750.959207] mercury->op [warning] /tmp/kaushikv/spack-stage/spack-stage-mercury-2.4.2-mdorier-new-na-krulc2amcfb6fq5nc3zmbjacxxnz4qal/spack-src/src/na/na_ofi.c:7106 na_ofi_cq_readerr() fi_cq_readerr() got err: 107 (Transport endpoint is not connected), prov_errno: 25 (Inappropriate ioctl for device)
# [60751.959630] mercury->op [warning] /tmp/kaushikv/spack-stage/spack-stage-mercury-2.4.2-mdorier-new-na-krulc2amcfb6fq5nc3zmbjacxxnz4qal/spack-src/src/na/na_ofi.c:7106 na_ofi_cq_readerr() fi_cq_readerr() got err: 107 (Transport endpoint is not connected), prov_errno: 25 (Inappropriate ioctl for device)
# [60752.959805] mercury->op [warning] /tmp/kaushikv/spack-stage/spack-stage-mercury-2.4.2-mdorier-new-na-krulc2amcfb6fq5nc3zmbjacxxnz4qal/spack-src/src/na/na_ofi.c:7106 na_ofi_cq_readerr() fi_cq_readerr() got err: 107 (Transport endpoint is not connected), prov_errno: 25 (Inappropriate ioctl for device)
# [66671.576495] mercury->op [warning] /tmp/kaushikv/spack-stage/spack-stage-mercury-2.4.2-mdorier-new-na-krulc2amcfb6fq5nc3zmbjacxxnz4qal/spack-src/src/na/na_ofi.c:7106 na_ofi_cq_readerr() fi_cq_readerr() got err: 107 (Transport endpoint is not connected), prov_errno: 25 (Inappropriate ioctl for device)
# [66672.576914] mercury->op [warning] /tmp/kaushikv/spack-stage/spack-stage-mercury-2.4.2-mdorier-new-na-krulc2amcfb6fq5nc3zmbjacxxnz4qal/spack-src/src/na/na_ofi.c:7106 na_ofi_cq_readerr() fi_cq_readerr() got err: 107 (Transport endpoint is not connected), prov_errno: 25 (Inappropriate ioctl for device)
# [66673.577085] mercury->op [warning] /tmp/kaushikv/spack-stage/spack-stage-mercury-2.4.2-mdorier-new-na-krulc2amcfb6fq5nc3zmbjacxxnz4qal/spack-src/src/na/na_ofi.c:7106 na_ofi_cq_readerr() fi_cq_readerr() got err: 107 (Transport endpoint is not connected), prov_errno: 25 (Inappropriate ioctl for device)
# [60753.960214] mercury->op [warning] /tmp/kaushikv/spack-stage/spack-stage-mercury-2.4.2-mdorier-new-na-krulc2amcfb6fq5nc3zmbjacxxnz4qal/spack-src/src/na/na_ofi.c:7106 na_ofi_cq_readerr() fi_cq_readerr() got err: 107 (Transport endpoint is not connected), prov_errno: 25 (Inappropriate ioctl for device)
# [60754.960652] mercury->op [warning] /tmp/kaushikv/spack-stage/spack-stage-mercury-2.4.2-mdorier-new-na-krulc2amcfb6fq5nc3zmbjacxxnz4qal/spack-src/src/na/na_ofi.c:7106 na_ofi_cq_readerr() fi_cq_readerr() got err: 107 (Transport endpoint is not connected), prov_errno: 25 (Inappropriate ioctl for device)
# [60755.961125] mercury->op [warning] /tmp/kaushikv/spack-stage/spack-stage-mercury-2.4.2-mdorier-new-na-krulc2amcfb6fq5nc3zmbjacxxnz4qal/spack-src/src/na/na_ofi.c:7106 na_ofi_cq_readerr() fi_cq_readerr() got err: 107 (Transport endpoint is not connected), prov_errno: 25 (Inappropriate ioctl for device)
# [66674.577501] mercury->op [warning] /tmp/kaushikv/spack-stage/spack-stage-mercury-2.4.2-mdorier-new-na-krulc2amcfb6fq5nc3zmbjacxxnz4qal/spack-src/src/na/na_ofi.c:7106 na_ofi_cq_readerr() fi_cq_readerr() got err: 107 (Transport endpoint is not connected), prov_errno: 25 (Inappropriate ioctl for device)
# [66675.577682] mercury->op [warning] /tmp/kaushikv/spack-stage/spack-stage-mercury-2.4.2-mdorier-new-na-krulc2amcfb6fq5nc3zmbjacxxnz4qal/spack-src/src/na/na_ofi.c:7106 na_ofi_cq_readerr() fi_cq_readerr() got err: 107 (Transport endpoint is not connected), prov_errno: 25 (Inappropriate ioctl for device)
# [66676.577856] mercury->op [warning] /tmp/kaushikv/spack-stage/spack-stage-mercury-2.4.2-mdorier-new-na-krulc2amcfb6fq5nc3zmbjacxxnz4qal/spack-src/src/na/na_ofi.c:7106 na_ofi_cq_readerr() fi_cq_readerr() got err: 107 (Transport endpoint is not connected), prov_errno: 25 (Inappropriate ioctl for device)
# [60756.961544] mercury->op [warning] /tmp/kaushikv/spack-stage/spack-stage-mercury-2.4.2-mdorier-new-na-krulc2amcfb6fq5nc3zmbjacxxnz4qal/spack-src/src/na/na_ofi.c:7106 na_ofi_cq_readerr() fi_cq_readerr() got err: 107 (Transport endpoint is not connected), prov_errno: 25 (Inappropriate ioctl for device)
# [66668.138066] mercury->op [warning] /tmp/kaushikv/spack-stage/spack-stage-mercury-2.4.2-mdorier-new-na-krulc2amcfb6fq5nc3zmbjacxxnz4qal/spack-src/src/na/na_ofi.c:7106 na_ofi_cq_readerr() fi_cq_readerr() got err: 107 (Transport endpoint is not connected), prov_errno: 25 (Inappropriate ioctl for device)
# [66669.138245] mercury->op [warning] /tmp/kaushikv/spack-stage/spack-stage-mercury-2.4.2-mdorier-new-na-krulc2amcfb6fq5nc3zmbjacxxnz4qal/spack-src/src/na/na_ofi.c:7106 na_ofi_cq_readerr() fi_cq_readerr() got err: 107 (Transport endpoint is not connected), prov_errno: 25 (Inappropriate ioctl for device)
# [66670.138417] mercury->op [warning] /tmp/kaushikv/spack-stage/spack-stage-mercury-2.4.2-mdorier-new-na-krulc2amcfb6fq5nc3zmbjacxxnz4qal/spack-src/src/na/na_ofi.c:7106 na_ofi_cq_readerr() fi_cq_readerr() got err: 107 (Transport endpoint is not connected), prov_errno: 25 (Inappropriate ioctl for device)
# [66677.578030] mercury->op [warning] /tmp/kaushikv/spack-stage/spack-stage-mercury-2.4.2-mdorier-new-na-krulc2amcfb6fq5nc3zmbjacxxnz4qal/spack-src/src/na/na_ofi.c:7106 na_ofi_cq_readerr() fi_cq_readerr() got err: 107 (Transport endpoint is not connected), prov_errno: 25 (Inappropriate ioctl for device)
# [66678.578219] mercury->op [warning] /tmp/kaushikv/spack-stage/spack-stage-mercury-2.4.2-mdorier-new-na-krulc2amcfb6fq5nc3zmbjacxxnz4qal/spack-src/src/na/na_ofi.c:7106 na_ofi_cq_readerr() fi_cq_readerr() got err: 107 (Transport endpoint is not connected), prov_errno: 25 (Inappropriate ioctl for device)
# [66679.578450] mercury->op [warning] /tmp/kaushikv/spack-stage/spack-stage-mercury-2.4.2-mdorier-new-na-krulc2amcfb6fq5nc3zmbjacxxnz4qal/spack-src/src/na/na_ofi.c:7106 na_ofi_cq_readerr() fi_cq_readerr() got err: 107 (Transport endpoint is not connected), prov_errno: 25 (Inappropriate ioctl for device)
# [66671.138595] mercury->op [warning] /tmp/kaushikv/spack-stage/spack-stage-mercury-2.4.2-mdorier-new-na-krulc2amcfb6fq5nc3zmbjacxxnz4qal/spack-src/src/na/na_ofi.c:7106 na_ofi_cq_readerr() fi_cq_readerr() got err: 107 (Transport endpoint is not connected), prov_errno: 25 (Inappropriate ioctl for device)
# [66672.138773] mercury->op [warning] /tmp/kaushikv/spack-stage/spack-stage-mercury-2.4.2-mdorier-new-na-krulc2amcfb6fq5nc3zmbjacxxnz4qal/spack-src/src/na/na_ofi.c:7106 na_ofi_cq_readerr() fi_cq_readerr() got err: 107 (Transport endpoint is not connected), prov_errno: 25 (Inappropriate ioctl for device)
# [66673.138947] mercury->op [warning] /tmp/kaushikv/spack-stage/spack-stage-mercury-2.4.2-mdorier-new-na-krulc2amcfb6fq5nc3zmbjacxxnz4qal/spack-src/src/na/na_ofi.c:7106 na_ofi_cq_readerr() fi_cq_readerr() got err: 107 (Transport endpoint is not connected), prov_errno: 25 (Inappropriate ioctl for device)
# [66680.578641] mercury->op [warning] /tmp/kaushikv/spack-stage/spack-stage-mercury-2.4.2-mdorier-new-na-krulc2amcfb6fq5nc3zmbjacxxnz4qal/spack-src/src/na/na_ofi.c:7106 na_ofi_cq_readerr() fi_cq_readerr() got err: 107 (Transport endpoint is not connected), prov_errno: 25 (Inappropriate ioctl for device)
# [74351.870713] mercury->op [warning] /tmp/kaushikv/spack-stage/spack-stage-mercury-2.4.2-mdorier-new-na-krulc2amcfb6fq5nc3zmbjacxxnz4qal/spack-src/src/na/na_ofi.c:7106 na_ofi_cq_readerr() fi_cq_readerr() got err: 107 (Transport endpoint is not connected), prov_errno: 25 (Inappropriate ioctl for device)
# [74352.871134] mercury->op [warning] /tmp/kaushikv/spack-stage/spack-stage-mercury-2.4.2-mdorier-new-na-krulc2amcfb6fq5nc3zmbjacxxnz4qal/spack-src/src/na/na_ofi.c:7106 na_ofi_cq_readerr() fi_cq_readerr() got err: 107 (Transport endpoint is not connected), prov_errno: 25 (Inappropriate ioctl for device)
# [74353.871550] mercury->op [warning] /tmp/kaushikv/spack-stage/spack-stage-mercury-2.4.2-mdorier-new-na-krulc2amcfb6fq5nc3zmbjacxxnz4qal/spack-src/src/na/na_ofi.c:7106 na_ofi_cq_readerr() fi_cq_readerr() got err: 107 (Transport endpoint is not connected), prov_errno: 25 (Inappropriate ioctl for device)
# [66674.139124] mercury->op [warning] /tmp/kaushikv/spack-stage/spack-stage-mercury-2.4.2-mdorier-new-na-krulc2amcfb6fq5nc3zmbjacxxnz4qal/spack-src/src/na/na_ofi.c:7106 na_ofi_cq_readerr() fi_cq_readerr() got err: 107 (Transport endpoint is not connected), prov_errno: 25 (Inappropriate ioctl for device)
# [66675.139312] mercury->op [warning] /tmp/kaushikv/spack-stage/spack-stage-mercury-2.4.2-mdorier-new-na-krulc2amcfb6fq5nc3zmbjacxxnz4qal/spack-src/src/na/na_ofi.c:7106 na_ofi_cq_readerr() fi_cq_readerr() got err: 107 (Transport endpoint is not connected), prov_errno: 25 (Inappropriate ioctl for device)
# [66676.139494] mercury->op [warning] /tmp/kaushikv/spack-stage/spack-stage-mercury-2.4.2-mdorier-new-na-krulc2amcfb6fq5nc3zmbjacxxnz4qal/spack-src/src/na/na_ofi.c:7106 na_ofi_cq_readerr() fi_cq_readerr() got err: 107 (Transport endpoint is not connected), prov_errno: 25 (Inappropriate ioctl for device)
# [74354.871977] mercury->op [warning] /tmp/kaushikv/spack-stage/spack-stage-mercury-2.4.2-mdorier-new-na-krulc2amcfb6fq5nc3zmbjacxxnz4qal/spack-src/src/na/na_ofi.c:7106 na_ofi_cq_readerr() fi_cq_readerr() got err: 107 (Transport endpoint is not connected), prov_errno: 25 (Inappropriate ioctl for device)
# [74355.872392] mercury->op [warning] /tmp/kaushikv/spack-stage/spack-stage-mercury-2.4.2-mdorier-new-na-krulc2amcfb6fq5nc3zmbjacxxnz4qal/spack-src/src/na/na_ofi.c:7106 na_ofi_cq_readerr() fi_cq_readerr() got err: 107 (Transport endpoint is not connected), prov_errno: 25 (Inappropriate ioctl for device)
# [74356.872567] mercury->op [warning] /tmp/kaushikv/spack-stage/spack-stage-mercury-2.4.2-mdorier-new-na-krulc2amcfb6fq5nc3zmbjacxxnz4qal/spack-src/src/na/na_ofi.c:7106 na_ofi_cq_readerr() fi_cq_readerr() got err: 107 (Transport endpoint is not connected), prov_errno: 25 (Inappropriate ioctl for device)
# [66677.139667] mercury->op [warning] /tmp/kaushikv/spack-stage/spack-stage-mercury-2.4.2-mdorier-new-na-krulc2amcfb6fq5nc3zmbjacxxnz4qal/spack-src/src/na/na_ofi.c:7106 na_ofi_cq_readerr() fi_cq_readerr() got err: 107 (Transport endpoint is not connected), prov_errno: 25 (Inappropriate ioctl for device)
# [66678.139856] mercury->op [warning] /tmp/kaushikv/spack-stage/spack-stage-mercury-2.4.2-mdorier-new-na-krulc2amcfb6fq5nc3zmbjacxxnz4qal/spack-src/src/na/na_ofi.c:7106 na_ofi_cq_readerr() fi_cq_readerr() got err: 107 (Transport endpoint is not connected), prov_errno: 25 (Inappropriate ioctl for device)
# [66679.140321] mercury->op [warning] /tmp/kaushikv/spack-stage/spack-stage-mercury-2.4.2-mdorier-new-na-krulc2amcfb6fq5nc3zmbjacxxnz4qal/spack-src/src/na/na_ofi.c:7106 na_ofi_cq_readerr() fi_cq_readerr() got err: 107 (Transport endpoint is not connected), prov_errno: 25 (Inappropriate ioctl for device)
# [74357.872985] mercury->op [warning] /tmp/kaushikv/spack-stage/spack-stage-mercury-2.4.2-mdorier-new-na-krulc2amcfb6fq5nc3zmbjacxxnz4qal/spack-src/src/na/na_ofi.c:7106 na_ofi_cq_readerr() fi_cq_readerr() got err: 107 (Transport endpoint is not connected), prov_errno: 25 (Inappropriate ioctl for device)
# [74358.873416] mercury->op [warning] /tmp/kaushikv/spack-stage/spack-stage-mercury-2.4.2-mdorier-new-na-krulc2amcfb6fq5nc3zmbjacxxnz4qal/spack-src/src/na/na_ofi.c:7106 na_ofi_cq_readerr() fi_cq_readerr() got err: 107 (Transport endpoint is not connected), prov_errno: 25 (Inappropriate ioctl for device)
# [74359.873835] mercury->op [warning] /tmp/kaushikv/spack-stage/spack-stage-mercury-2.4.2-mdorier-new-na-krulc2amcfb6fq5nc3zmbjacxxnz4qal/spack-src/src/na/na_ofi.c:7106 na_ofi_cq_readerr() fi_cq_readerr() got err: 107 (Transport endpoint is not connected), prov_errno: 25 (Inappropriate ioctl for device)
# [74351.422370] mercury->op [warning] /tmp/kaushikv/spack-stage/spack-stage-mercury-2.4.2-mdorier-new-na-krulc2amcfb6fq5nc3zmbjacxxnz4qal/spack-src/src/na/na_ofi.c:7106 na_ofi_cq_readerr() fi_cq_readerr() got err: 107 (Transport endpoint is not connected), prov_errno: 25 (Inappropriate ioctl for device)
# [74352.422790] mercury->op [warning] /tmp/kaushikv/spack-stage/spack-stage-mercury-2.4.2-mdorier-new-na-krulc2amcfb6fq5nc3zmbjacxxnz4qal/spack-src/src/na/na_ofi.c:7106 na_ofi_cq_readerr() fi_cq_readerr() got err: 107 (Transport endpoint is not connected), prov_errno: 25 (Inappropriate ioctl for device)
# [74353.423205] mercury->op [warning] /tmp/kaushikv/spack-stage/spack-stage-mercury-2.4.2-mdorier-new-na-krulc2amcfb6fq5nc3zmbjacxxnz4qal/spack-src/src/na/na_ofi.c:7106 na_ofi_cq_readerr() fi_cq_readerr() got err: 107 (Transport endpoint is not connected), prov_errno: 25 (Inappropriate ioctl for device)
# [66680.140739] mercury->op [warning] /tmp/kaushikv/spack-stage/spack-stage-mercury-2.4.2-mdorier-new-na-krulc2amcfb6fq5nc3zmbjacxxnz4qal/spack-src/src/na/na_ofi.c:7106 na_ofi_cq_readerr() fi_cq_readerr() got err: 107 (Transport endpoint is not connected), prov_errno: 25 (Inappropriate ioctl for device)
# [74360.874256] mercury->op [warning] /tmp/kaushikv/spack-stage/spack-stage-mercury-2.4.2-mdorier-new-na-krulc2amcfb6fq5nc3zmbjacxxnz4qal/spack-src/src/na/na_ofi.c:7106 na_ofi_cq_readerr() fi_cq_readerr() got err: 107 (Transport endpoint is not connected), prov_errno: 25 (Inappropriate ioctl for device)
# [74361.874661] mercury->op [warning] /tmp/kaushikv/spack-stage/spack-stage-mercury-2.4.2-mdorier-new-na-krulc2amcfb6fq5nc3zmbjacxxnz4qal/spack-src/src/na/na_ofi.c:7106 na_ofi_cq_readerr() fi_cq_readerr() got err: 107 (Transport endpoint is not connected), prov_errno: 25 (Inappropriate ioctl for device)
# [74362.875133] mercury->op [warning] /tmp/kaushikv/spack-stage/spack-stage-mercury-2.4.2-mdorier-new-na-krulc2amcfb6fq5nc3zmbjacxxnz4qal/spack-src/src/na/na_ofi.c:7106 na_ofi_cq_readerr() fi_cq_readerr() got err: 107 (Transport endpoint is not connected), prov_errno: 25 (Inappropriate ioctl for device)
# [74354.423623] mercury->op [warning] /tmp/kaushikv/spack-stage/spack-stage-mercury-2.4.2-mdorier-new-na-krulc2amcfb6fq5nc3zmbjacxxnz4qal/spack-src/src/na/na_ofi.c:7106 na_ofi_cq_readerr() fi_cq_readerr() got err: 107 (Transport endpoint is not connected), prov_errno: 25 (Inappropriate ioctl for device)
# [74355.424042] mercury->op [warning] /tmp/kaushikv/spack-stage/spack-stage-mercury-2.4.2-mdorier-new-na-krulc2amcfb6fq5nc3zmbjacxxnz4qal/spack-src/src/na/na_ofi.c:7106 na_ofi_cq_readerr() fi_cq_readerr() got err: 107 (Transport endpoint is not connected), prov_errno: 25 (Inappropriate ioctl for device)
# [74356.424216] mercury->op [warning] /tmp/kaushikv/spack-stage/spack-stage-mercury-2.4.2-mdorier-new-na-krulc2amcfb6fq5nc3zmbjacxxnz4qal/spack-src/src/na/na_ofi.c:7106 na_ofi_cq_readerr() fi_cq_readerr() got err: 107 (Transport endpoint is not connected), prov_errno: 25 (Inappropriate ioctl for device)
# [74363.875547] mercury->op [warning] /tmp/kaushikv/spack-stage/spack-stage-mercury-2.4.2-mdorier-new-na-krulc2amcfb6fq5nc3zmbjacxxnz4qal/spack-src/src/na/na_ofi.c:7106 na_ofi_cq_readerr() fi_cq_readerr() got err: 107 (Transport endpoint is not connected), prov_errno: 25 (Inappropriate ioctl for device)
# [74357.424635] mercury->op [warning] /tmp/kaushikv/spack-stage/spack-stage-mercury-2.4.2-mdorier-new-na-krulc2amcfb6fq5nc3zmbjacxxnz4qal/spack-src/src/na/na_ofi.c:7106 na_ofi_cq_readerr() fi_cq_readerr() got err: 107 (Transport endpoint is not connected), prov_errno: 25 (Inappropriate ioctl for device)
# [74358.424810] mercury->op [warning] /tmp/kaushikv/spack-stage/spack-stage-mercury-2.4.2-mdorier-new-na-krulc2amcfb6fq5nc3zmbjacxxnz4qal/spack-src/src/na/na_ofi.c:7106 na_ofi_cq_readerr() fi_cq_readerr() got err: 107 (Transport endpoint is not connected), prov_errno: 25 (Inappropriate ioctl for device)
# [74359.425220] mercury->op [warning] /tmp/kaushikv/spack-stage/spack-stage-mercury-2.4.2-mdorier-new-na-krulc2amcfb6fq5nc3zmbjacxxnz4qal/spack-src/src/na/na_ofi.c:7106 na_ofi_cq_readerr() fi_cq_readerr() got err: 107 (Transport endpoint is not connected), prov_errno: 25 (Inappropriate ioctl for device)
# [74349.463553] mercury->op [warning] /tmp/kaushikv/spack-stage/spack-stage-mercury-2.4.2-mdorier-new-na-krulc2amcfb6fq5nc3zmbjacxxnz4qal/spack-src/src/na/na_ofi.c:7106 na_ofi_cq_readerr() fi_cq_readerr() got err: 107 (Transport endpoint is not connected), prov_errno: 25 (Inappropriate ioctl for device)
# [74350.463739] mercury->op [warning] /tmp/kaushikv/spack-stage/spack-stage-mercury-2.4.2-mdorier-new-na-krulc2amcfb6fq5nc3zmbjacxxnz4qal/spack-src/src/na/na_ofi.c:7106 na_ofi_cq_readerr() fi_cq_readerr() got err: 107 (Transport endpoint is not connected), prov_errno: 25 (Inappropriate ioctl for device)
# [74351.463911] mercury->op [warning] /tmp/kaushikv/spack-stage/spack-stage-mercury-2.4.2-mdorier-new-na-krulc2amcfb6fq5nc3zmbjacxxnz4qal/spack-src/src/na/na_ofi.c:7106 na_ofi_cq_readerr() fi_cq_readerr() got err: 107 (Transport endpoint is not connected), prov_errno: 25 (Inappropriate ioctl for device)
# [74360.425642] mercury->op [warning] /tmp/kaushikv/spack-stage/spack-stage-mercury-2.4.2-mdorier-new-na-krulc2amcfb6fq5nc3zmbjacxxnz4qal/spack-src/src/na/na_ofi.c:7106 na_ofi_cq_readerr() fi_cq_readerr() got err: 107 (Transport endpoint is not connected), prov_errno: 25 (Inappropriate ioctl for device)
# [74361.426062] mercury->op [warning] /tmp/kaushikv/spack-stage/spack-stage-mercury-2.4.2-mdorier-new-na-krulc2amcfb6fq5nc3zmbjacxxnz4qal/spack-src/src/na/na_ofi.c:7106 na_ofi_cq_readerr() fi_cq_readerr() got err: 107 (Transport endpoint is not connected), prov_errno: 25 (Inappropriate ioctl for device)
# [74362.426536] mercury->op [warning] /tmp/kaushikv/spack-stage/spack-stage-mercury-2.4.2-mdorier-new-na-krulc2amcfb6fq5nc3zmbjacxxnz4qal/spack-src/src/na/na_ofi.c:7106 na_ofi_cq_readerr() fi_cq_readerr() got err: 107 (Transport endpoint is not connected), prov_errno: 25 (Inappropriate ioctl for device)
# [74352.464080] mercury->op [warning] /tmp/kaushikv/spack-stage/spack-stage-mercury-2.4.2-mdorier-new-na-krulc2amcfb6fq5nc3zmbjacxxnz4qal/spack-src/src/na/na_ofi.c:7106 na_ofi_cq_readerr() fi_cq_readerr() got err: 107 (Transport endpoint is not connected), prov_errno: 25 (Inappropriate ioctl for device)
# [74353.464261] mercury->op [warning] /tmp/kaushikv/spack-stage/spack-stage-mercury-2.4.2-mdorier-new-na-krulc2amcfb6fq5nc3zmbjacxxnz4qal/spack-src/src/na/na_ofi.c:7106 na_ofi_cq_readerr() fi_cq_readerr() got err: 107 (Transport endpoint is not connected), prov_errno: 25 (Inappropriate ioctl for device)
# [74354.464439] mercury->op [warning] /tmp/kaushikv/spack-stage/spack-stage-mercury-2.4.2-mdorier-new-na-krulc2amcfb6fq5nc3zmbjacxxnz4qal/spack-src/src/na/na_ofi.c:7106 na_ofi_cq_readerr() fi_cq_readerr() got err: 107 (Transport endpoint is not connected), prov_errno: 25 (Inappropriate ioctl for device)
# [74363.426956] mercury->op [warning] /tmp/kaushikv/spack-stage/spack-stage-mercury-2.4.2-mdorier-new-na-krulc2amcfb6fq5nc3zmbjacxxnz4qal/spack-src/src/na/na_ofi.c:7106 na_ofi_cq_readerr() fi_cq_readerr() got err: 107 (Transport endpoint is not connected), prov_errno: 25 (Inappropriate ioctl for device)
# [74355.464605] mercury->op [warning] /tmp/kaushikv/spack-stage/spack-stage-mercury-2.4.2-mdorier-new-na-krulc2amcfb6fq5nc3zmbjacxxnz4qal/spack-src/src/na/na_ofi.c:7106 na_ofi_cq_readerr() fi_cq_readerr() got err: 107 (Transport endpoint is not connected), prov_errno: 25 (Inappropriate ioctl for device)
# [74356.464798] mercury->op [warning] /tmp/kaushikv/spack-stage/spack-stage-mercury-2.4.2-mdorier-new-na-krulc2amcfb6fq5nc3zmbjacxxnz4qal/spack-src/src/na/na_ofi.c:7106 na_ofi_cq_readerr() fi_cq_readerr() got err: 107 (Transport endpoint is not connected), prov_errno: 25 (Inappropriate ioctl for device)
# [74357.464976] mercury->op [warning] /tmp/kaushikv/spack-stage/spack-stage-mercury-2.4.2-mdorier-new-na-krulc2amcfb6fq5nc3zmbjacxxnz4qal/spack-src/src/na/na_ofi.c:7106 na_ofi_cq_readerr() fi_cq_readerr() got err: 107 (Transport endpoint is not connected), prov_errno: 25 (Inappropriate ioctl for device)
# [74358.465391] mercury->op [warning] /tmp/kaushikv/spack-stage/spack-stage-mercury-2.4.2-mdorier-new-na-krulc2amcfb6fq5nc3zmbjacxxnz4qal/spack-src/src/na/na_ofi.c:7106 na_ofi_cq_readerr() fi_cq_readerr() got err: 107 (Transport endpoint is not connected), prov_errno: 25 (Inappropriate ioctl for device)
# [74359.465800] mercury->op [warning] /tmp/kaushikv/spack-stage/spack-stage-mercury-2.4.2-mdorier-new-na-krulc2amcfb6fq5nc3zmbjacxxnz4qal/spack-src/src/na/na_ofi.c:7106 na_ofi_cq_readerr() fi_cq_readerr() got err: 107 (Transport endpoint is not connected), prov_errno: 25 (Inappropriate ioctl for device)
# [74360.466265] mercury->op [warning] /tmp/kaushikv/spack-stage/spack-stage-mercury-2.4.2-mdorier-new-na-krulc2amcfb6fq5nc3zmbjacxxnz4qal/spack-src/src/na/na_ofi.c:7106 na_ofi_cq_readerr() fi_cq_readerr() got err: 107 (Transport endpoint is not connected), prov_errno: 25 (Inappropriate ioctl for device)
# [74361.466681] mercury->op [warning] /tmp/kaushikv/spack-stage/spack-stage-mercury-2.4.2-mdorier-new-na-krulc2amcfb6fq5nc3zmbjacxxnz4qal/spack-src/src/na/na_ofi.c:7106 na_ofi_cq_readerr() fi_cq_readerr() got err: 107 (Transport endpoint is not connected), prov_errno: 25 (Inappropriate ioctl for device)
# [66668.412633] mercury->op [warning] /tmp/kaushikv/spack-stage/spack-stage-mercury-2.4.2-mdorier-new-na-krulc2amcfb6fq5nc3zmbjacxxnz4qal/spack-src/src/na/na_ofi.c:7106 na_ofi_cq_readerr() fi_cq_readerr() got err: 107 (Transport endpoint is not connected), prov_errno: 25 (Inappropriate ioctl for device)
# [66669.412813] mercury->op [warning] /tmp/kaushikv/spack-stage/spack-stage-mercury-2.4.2-mdorier-new-na-krulc2amcfb6fq5nc3zmbjacxxnz4qal/spack-src/src/na/na_ofi.c:7106 na_ofi_cq_readerr() fi_cq_readerr() got err: 107 (Transport endpoint is not connected), prov_errno: 25 (Inappropriate ioctl for device)
# [66670.412988] mercury->op [warning] /tmp/kaushikv/spack-stage/spack-stage-mercury-2.4.2-mdorier-new-na-krulc2amcfb6fq5nc3zmbjacxxnz4qal/spack-src/src/na/na_ofi.c:7106 na_ofi_cq_readerr() fi_cq_readerr() got err: 107 (Transport endpoint is not connected), prov_errno: 25 (Inappropriate ioctl for device)
# [66671.413167] mercury->op [warning] /tmp/kaushikv/spack-stage/spack-stage-mercury-2.4.2-mdorier-new-na-krulc2amcfb6fq5nc3zmbjacxxnz4qal/spack-src/src/na/na_ofi.c:7106 na_ofi_cq_readerr() fi_cq_readerr() got err: 107 (Transport endpoint is not connected), prov_errno: 25 (Inappropriate ioctl for device)
# [66672.413351] mercury->op [warning] /tmp/kaushikv/spack-stage/spack-stage-mercury-2.4.2-mdorier-new-na-krulc2amcfb6fq5nc3zmbjacxxnz4qal/spack-src/src/na/na_ofi.c:7106 na_ofi_cq_readerr() fi_cq_readerr() got err: 107 (Transport endpoint is not connected), prov_errno: 25 (Inappropriate ioctl for device)
# [66673.413519] mercury->op [warning] /tmp/kaushikv/spack-stage/spack-stage-mercury-2.4.2-mdorier-new-na-krulc2amcfb6fq5nc3zmbjacxxnz4qal/spack-src/src/na/na_ofi.c:7106 na_ofi_cq_readerr() fi_cq_readerr() got err: 107 (Transport endpoint is not connected), prov_errno: 25 (Inappropriate ioctl for device)
# [66674.413693] mercury->op [warning] /tmp/kaushikv/spack-stage/spack-stage-mercury-2.4.2-mdorier-new-na-krulc2amcfb6fq5nc3zmbjacxxnz4qal/spack-src/src/na/na_ofi.c:7106 na_ofi_cq_readerr() fi_cq_readerr() got err: 107 (Transport endpoint is not connected), prov_errno: 25 (Inappropriate ioctl for device)
# [66675.413871] mercury->op [warning] /tmp/kaushikv/spack-stage/spack-stage-mercury-2.4.2-mdorier-new-na-krulc2amcfb6fq5nc3zmbjacxxnz4qal/spack-src/src/na/na_ofi.c:7106 na_ofi_cq_readerr() fi_cq_readerr() got err: 107 (Transport endpoint is not connected), prov_errno: 25 (Inappropriate ioctl for device)
# [66676.414051] mercury->op [warning] /tmp/kaushikv/spack-stage/spack-stage-mercury-2.4.2-mdorier-new-na-krulc2amcfb6fq5nc3zmbjacxxnz4qal/spack-src/src/na/na_ofi.c:7106 na_ofi_cq_readerr() fi_cq_readerr() got err: 107 (Transport endpoint is not connected), prov_errno: 25 (Inappropriate ioctl for device)
# [66677.414232] mercury->op [warning] /tmp/kaushikv/spack-stage/spack-stage-mercury-2.4.2-mdorier-new-na-krulc2amcfb6fq5nc3zmbjacxxnz4qal/spack-src/src/na/na_ofi.c:7106 na_ofi_cq_readerr() fi_cq_readerr() got err: 107 (Transport endpoint is not connected), prov_errno: 25 (Inappropriate ioctl for device)
# [66678.414418] mercury->op [warning] /tmp/kaushikv/spack-stage/spack-stage-mercury-2.4.2-mdorier-new-na-krulc2amcfb6fq5nc3zmbjacxxnz4qal/spack-src/src/na/na_ofi.c:7106 na_ofi_cq_readerr() fi_cq_readerr() got err: 107 (Transport endpoint is not connected), prov_errno: 25 (Inappropriate ioctl for device)
# [66679.414645] mercury->op [warning] /tmp/kaushikv/spack-stage/spack-stage-mercury-2.4.2-mdorier-new-na-krulc2amcfb6fq5nc3zmbjacxxnz4qal/spack-src/src/na/na_ofi.c:7106 na_ofi_cq_readerr() fi_cq_readerr() got err: 107 (Transport endpoint is not connected), prov_errno: 25 (Inappropriate ioctl for device)
# [66680.414828] mercury->op [warning] /tmp/kaushikv/spack-stage/spack-stage-mercury-2.4.2-mdorier-new-na-krulc2amcfb6fq5nc3zmbjacxxnz4qal/spack-src/src/na/na_ofi.c:7106 na_ofi_cq_readerr() fi_cq_readerr() got err: 107 (Transport endpoint is not connected), prov_errno: 25 (Inappropriate ioctl for device)
# [66681.578813] mercury->op [warning] /tmp/kaushikv/spack-stage/spack-stage-mercury-2.4.2-mdorier-new-na-krulc2amcfb6fq5nc3zmbjacxxnz4qal/spack-src/src/na/na_ofi.c:7106 na_ofi_cq_readerr() fi_cq_readerr() got err: 107 (Transport endpoint is not connected), prov_errno: 25 (Inappropriate ioctl for device)
# [66682.578998] mercury->op [warning] /tmp/kaushikv/spack-stage/spack-stage-mercury-2.4.2-mdorier-new-na-krulc2amcfb6fq5nc3zmbjacxxnz4qal/spack-src/src/na/na_ofi.c:7106 na_ofi_cq_readerr() fi_cq_readerr() got err: 107 (Transport endpoint is not connected), prov_errno: 25 (Inappropriate ioctl for device)
# [66683.579178] mercury->op [warning] /tmp/kaushikv/spack-stage/spack-stage-mercury-2.4.2-mdorier-new-na-krulc2amcfb6fq5nc3zmbjacxxnz4qal/spack-src/src/na/na_ofi.c:7106 na_ofi_cq_readerr() fi_cq_readerr() got err: 107 (Transport endpoint is not connected), prov_errno: 25 (Inappropriate ioctl for device)
# [66684.579350] mercury->op [warning] /tmp/kaushikv/spack-stage/spack-stage-mercury-2.4.2-mdorier-new-na-krulc2amcfb6fq5nc3zmbjacxxnz4qal/spack-src/src/na/na_ofi.c:7106 na_ofi_cq_readerr() fi_cq_readerr() got err: 107 (Transport endpoint is not connected), prov_errno: 25 (Inappropriate ioctl for device)
# [66685.579528] mercury->op [warning] /tmp/kaushikv/spack-stage/spack-stage-mercury-2.4.2-mdorier-new-na-krulc2amcfb6fq5nc3zmbjacxxnz4qal/spack-src/src/na/na_ofi.c:7106 na_ofi_cq_readerr() fi_cq_readerr() got err: 107 (Transport endpoint is not connected), prov_errno: 25 (Inappropriate ioctl for device)
# [66686.579677] mercury->op [warning] /tmp/kaushikv/spack-stage/spack-stage-mercury-2.4.2-mdorier-new-na-krulc2amcfb6fq5nc3zmbjacxxnz4qal/spack-src/src/na/na_ofi.c:7106 na_ofi_cq_readerr() fi_cq_readerr() got err: 107 (Transport endpoint is not connected), prov_errno: 25 (Inappropriate ioctl for device)
# [60757.961960] mercury->op [warning] /tmp/kaushikv/spack-stage/spack-stage-mercury-2.4.2-mdorier-new-na-krulc2amcfb6fq5nc3zmbjacxxnz4qal/spack-src/src/na/na_ofi.c:7106 na_ofi_cq_readerr() fi_cq_readerr() got err: 107 (Transport endpoint is not connected), prov_errno: 25 (Inappropriate ioctl for device)
# [60758.962374] mercury->op [warning] /tmp/kaushikv/spack-stage/spack-stage-mercury-2.4.2-mdorier-new-na-krulc2amcfb6fq5nc3zmbjacxxnz4qal/spack-src/src/na/na_ofi.c:7106 na_ofi_cq_readerr() fi_cq_readerr() got err: 107 (Transport endpoint is not connected), prov_errno: 25 (Inappropriate ioctl for device)
# [60759.962798] mercury->op [warning] /tmp/kaushikv/spack-stage/spack-stage-mercury-2.4.2-mdorier-new-na-krulc2amcfb6fq5nc3zmbjacxxnz4qal/spack-src/src/na/na_ofi.c:7106 na_ofi_cq_readerr() fi_cq_readerr() got err: 107 (Transport endpoint is not connected), prov_errno: 25 (Inappropriate ioctl for device)
# [66687.579828] mercury->op [warning] /tmp/kaushikv/spack-stage/spack-stage-mercury-2.4.2-mdorier-new-na-krulc2amcfb6fq5nc3zmbjacxxnz4qal/spack-src/src/na/na_ofi.c:7106 na_ofi_cq_readerr() fi_cq_readerr() got err: 107 (Transport endpoint is not connected), prov_errno: 25 (Inappropriate ioctl for device)
# [66688.579979] mercury->op [warning] /tmp/kaushikv/spack-stage/spack-stage-mercury-2.4.2-mdorier-new-na-krulc2amcfb6fq5nc3zmbjacxxnz4qal/spack-src/src/na/na_ofi.c:7106 na_ofi_cq_readerr() fi_cq_readerr() got err: 107 (Transport endpoint is not connected), prov_errno: 25 (Inappropriate ioctl for device)
# [66689.580126] mercury->op [warning] /tmp/kaushikv/spack-stage/spack-stage-mercury-2.4.2-mdorier-new-na-krulc2amcfb6fq5nc3zmbjacxxnz4qal/spack-src/src/na/na_ofi.c:7106 na_ofi_cq_readerr() fi_cq_readerr() got err: 107 (Transport endpoint is not connected), prov_errno: 25 (Inappropriate ioctl for device)
# [60760.963211] mercury->op [warning] /tmp/kaushikv/spack-stage/spack-stage-mercury-2.4.2-mdorier-new-na-krulc2amcfb6fq5nc3zmbjacxxnz4qal/spack-src/src/na/na_ofi.c:7106 na_ofi_cq_readerr() fi_cq_readerr() got err: 107 (Transport endpoint is not connected), prov_errno: 25 (Inappropriate ioctl for device)
# [60761.963628] mercury->op [warning] /tmp/kaushikv/spack-stage/spack-stage-mercury-2.4.2-mdorier-new-na-krulc2amcfb6fq5nc3zmbjacxxnz4qal/spack-src/src/na/na_ofi.c:7106 na_ofi_cq_readerr() fi_cq_readerr() got err: 107 (Transport endpoint is not connected), prov_errno: 25 (Inappropriate ioctl for device)
# [60762.964016] mercury->op [warning] /tmp/kaushikv/spack-stage/spack-stage-mercury-2.4.2-mdorier-new-na-krulc2amcfb6fq5nc3zmbjacxxnz4qal/spack-src/src/na/na_ofi.c:7106 na_ofi_cq_readerr() fi_cq_readerr() got err: 107 (Transport endpoint is not connected), prov_errno: 25 (Inappropriate ioctl for device)
# [66690.580277] mercury->op [warning] /tmp/kaushikv/spack-stage/spack-stage-mercury-2.4.2-mdorier-new-na-krulc2amcfb6fq5nc3zmbjacxxnz4qal/spack-src/src/na/na_ofi.c:7106 na_ofi_cq_readerr() fi_cq_readerr() got err: 107 (Transport endpoint is not connected), prov_errno: 25 (Inappropriate ioctl for device)
# [66691.580486] mercury->op [warning] /tmp/kaushikv/spack-stage/spack-stage-mercury-2.4.2-mdorier-new-na-krulc2amcfb6fq5nc3zmbjacxxnz4qal/spack-src/src/na/na_ofi.c:7106 na_ofi_cq_readerr() fi_cq_readerr() got err: 107 (Transport endpoint is not connected), prov_errno: 25 (Inappropriate ioctl for device)
# [66692.580628] mercury->op [warning] /tmp/kaushikv/spack-stage/spack-stage-mercury-2.4.2-mdorier-new-na-krulc2amcfb6fq5nc3zmbjacxxnz4qal/spack-src/src/na/na_ofi.c:7106 na_ofi_cq_readerr() fi_cq_readerr() got err: 107 (Transport endpoint is not connected), prov_errno: 25 (Inappropriate ioctl for device)
# [74364.875970] mercury->op [warning] /tmp/kaushikv/spack-stage/spack-stage-mercury-2.4.2-mdorier-new-na-krulc2amcfb6fq5nc3zmbjacxxnz4qal/spack-src/src/na/na_ofi.c:7106 na_ofi_cq_readerr() fi_cq_readerr() got err: 107 (Transport endpoint is not connected), prov_errno: 25 (Inappropriate ioctl for device)
# [74365.876405] mercury->op [warning] /tmp/kaushikv/spack-stage/spack-stage-mercury-2.4.2-mdorier-new-na-krulc2amcfb6fq5nc3zmbjacxxnz4qal/spack-src/src/na/na_ofi.c:7106 na_ofi_cq_readerr() fi_cq_readerr() got err: 107 (Transport endpoint is not connected), prov_errno: 25 (Inappropriate ioctl for device)
# [74366.876571] mercury->op [warning] /tmp/kaushikv/spack-stage/spack-stage-mercury-2.4.2-mdorier-new-na-krulc2amcfb6fq5nc3zmbjacxxnz4qal/spack-src/src/na/na_ofi.c:7106 na_ofi_cq_readerr() fi_cq_readerr() got err: 107 (Transport endpoint is not connected), prov_errno: 25 (Inappropriate ioctl for device)
# [60763.964411] mercury->op [warning] /tmp/kaushikv/spack-stage/spack-stage-mercury-2.4.2-mdorier-new-na-krulc2amcfb6fq5nc3zmbjacxxnz4qal/spack-src/src/na/na_ofi.c:7106 na_ofi_cq_readerr() fi_cq_readerr() got err: 107 (Transport endpoint is not connected), prov_errno: 25 (Inappropriate ioctl for device)
# [60764.964805] mercury->op [warning] /tmp/kaushikv/spack-stage/spack-stage-mercury-2.4.2-mdorier-new-na-krulc2amcfb6fq5nc3zmbjacxxnz4qal/spack-src/src/na/na_ofi.c:7106 na_ofi_cq_readerr() fi_cq_readerr() got err: 107 (Transport endpoint is not connected), prov_errno: 25 (Inappropriate ioctl for device)
# [60765.965190] mercury->op [warning] /tmp/kaushikv/spack-stage/spack-stage-mercury-2.4.2-mdorier-new-na-krulc2amcfb6fq5nc3zmbjacxxnz4qal/spack-src/src/na/na_ofi.c:7106 na_ofi_cq_readerr() fi_cq_readerr() got err: 107 (Transport endpoint is not connected), prov_errno: 25 (Inappropriate ioctl for device)
# [66693.581016] mercury->op [warning] /tmp/kaushikv/spack-stage/spack-stage-mercury-2.4.2-mdorier-new-na-krulc2amcfb6fq5nc3zmbjacxxnz4qal/spack-src/src/na/na_ofi.c:7106 na_ofi_cq_readerr() fi_cq_readerr() got err: 107 (Transport endpoint is not connected), prov_errno: 25 (Inappropriate ioctl for device)
# [74367.876754] mercury->op [warning] /tmp/kaushikv/spack-stage/spack-stage-mercury-2.4.2-mdorier-new-na-krulc2amcfb6fq5nc3zmbjacxxnz4qal/spack-src/src/na/na_ofi.c:7106 na_ofi_cq_readerr() fi_cq_readerr() got err: 107 (Transport endpoint is not connected), prov_errno: 25 (Inappropriate ioctl for device)
# [74368.876930] mercury->op [warning] /tmp/kaushikv/spack-stage/spack-stage-mercury-2.4.2-mdorier-new-na-krulc2amcfb6fq5nc3zmbjacxxnz4qal/spack-src/src/na/na_ofi.c:7106 na_ofi_cq_readerr() fi_cq_readerr() got err: 107 (Transport endpoint is not connected), prov_errno: 25 (Inappropriate ioctl for device)
# [74369.877069] mercury->op [warning] /tmp/kaushikv/spack-stage/spack-stage-mercury-2.4.2-mdorier-new-na-krulc2amcfb6fq5nc3zmbjacxxnz4qal/spack-src/src/na/na_ofi.c:7106 na_ofi_cq_readerr() fi_cq_readerr() got err: 107 (Transport endpoint is not connected), prov_errno: 25 (Inappropriate ioctl for device)
# [60766.965579] mercury->op [warning] /tmp/kaushikv/spack-stage/spack-stage-mercury-2.4.2-mdorier-new-na-krulc2amcfb6fq5nc3zmbjacxxnz4qal/spack-src/src/na/na_ofi.c:7106 na_ofi_cq_readerr() fi_cq_readerr() got err: 107 (Transport endpoint is not connected), prov_errno: 25 (Inappropriate ioctl for device)
# [60767.966045] mercury->op [warning] /tmp/kaushikv/spack-stage/spack-stage-mercury-2.4.2-mdorier-new-na-krulc2amcfb6fq5nc3zmbjacxxnz4qal/spack-src/src/na/na_ofi.c:7106 na_ofi_cq_readerr() fi_cq_readerr() got err: 107 (Transport endpoint is not connected), prov_errno: 25 (Inappropriate ioctl for device)
# [60768.966190] mercury->op [warning] /tmp/kaushikv/spack-stage/spack-stage-mercury-2.4.2-mdorier-new-na-krulc2amcfb6fq5nc3zmbjacxxnz4qal/spack-src/src/na/na_ofi.c:7106 na_ofi_cq_readerr() fi_cq_readerr() got err: 107 (Transport endpoint is not connected), prov_errno: 25 (Inappropriate ioctl for device)
# [66681.141158] mercury->op [warning] /tmp/kaushikv/spack-stage/spack-stage-mercury-2.4.2-mdorier-new-na-krulc2amcfb6fq5nc3zmbjacxxnz4qal/spack-src/src/na/na_ofi.c:7106 na_ofi_cq_readerr() fi_cq_readerr() got err: 107 (Transport endpoint is not connected), prov_errno: 25 (Inappropriate ioctl for device)
# [66682.141583] mercury->op [warning] /tmp/kaushikv/spack-stage/spack-stage-mercury-2.4.2-mdorier-new-na-krulc2amcfb6fq5nc3zmbjacxxnz4qal/spack-src/src/na/na_ofi.c:7106 na_ofi_cq_readerr() fi_cq_readerr() got err: 107 (Transport endpoint is not connected), prov_errno: 25 (Inappropriate ioctl for device)
# [66683.141992] mercury->op [warning] /tmp/kaushikv/spack-stage/spack-stage-mercury-2.4.2-mdorier-new-na-krulc2amcfb6fq5nc3zmbjacxxnz4qal/spack-src/src/na/na_ofi.c:7106 na_ofi_cq_readerr() fi_cq_readerr() got err: 107 (Transport endpoint is not connected), prov_errno: 25 (Inappropriate ioctl for device)
# [66694.581406] mercury->op [warning] /tmp/kaushikv/spack-stage/spack-stage-mercury-2.4.2-mdorier-new-na-krulc2amcfb6fq5nc3zmbjacxxnz4qal/spack-src/src/na/na_ofi.c:7106 na_ofi_cq_readerr() fi_cq_readerr() got err: 107 (Transport endpoint is not connected), prov_errno: 25 (Inappropriate ioctl for device)
# [74370.877234] mercury->op [warning] /tmp/kaushikv/spack-stage/spack-stage-mercury-2.4.2-mdorier-new-na-krulc2amcfb6fq5nc3zmbjacxxnz4qal/spack-src/src/na/na_ofi.c:7106 na_ofi_cq_readerr() fi_cq_readerr() got err: 107 (Transport endpoint is not connected), prov_errno: 25 (Inappropriate ioctl for device)
# [74371.877385] mercury->op [warning] /tmp/kaushikv/spack-stage/spack-stage-mercury-2.4.2-mdorier-new-na-krulc2amcfb6fq5nc3zmbjacxxnz4qal/spack-src/src/na/na_ofi.c:7106 na_ofi_cq_readerr() fi_cq_readerr() got err: 107 (Transport endpoint is not connected), prov_errno: 25 (Inappropriate ioctl for device)
# [74372.877529] mercury->op [warning] /tmp/kaushikv/spack-stage/spack-stage-mercury-2.4.2-mdorier-new-na-krulc2amcfb6fq5nc3zmbjacxxnz4qal/spack-src/src/na/na_ofi.c:7106 na_ofi_cq_readerr() fi_cq_readerr() got err: 107 (Transport endpoint is not connected), prov_errno: 25 (Inappropriate ioctl for device)
# [60769.966586] mercury->op [warning] /tmp/kaushikv/spack-stage/spack-stage-mercury-2.4.2-mdorier-new-na-krulc2amcfb6fq5nc3zmbjacxxnz4qal/spack-src/src/na/na_ofi.c:7106 na_ofi_cq_readerr() fi_cq_readerr() got err: 107 (Transport endpoint is not connected), prov_errno: 25 (Inappropriate ioctl for device)
# [66684.142164] mercury->op [warning] /tmp/kaushikv/spack-stage/spack-stage-mercury-2.4.2-mdorier-new-na-krulc2amcfb6fq5nc3zmbjacxxnz4qal/spack-src/src/na/na_ofi.c:7106 na_ofi_cq_readerr() fi_cq_readerr() got err: 107 (Transport endpoint is not connected), prov_errno: 25 (Inappropriate ioctl for device)
# [66685.142581] mercury->op [warning] /tmp/kaushikv/spack-stage/spack-stage-mercury-2.4.2-mdorier-new-na-krulc2amcfb6fq5nc3zmbjacxxnz4qal/spack-src/src/na/na_ofi.c:7106 na_ofi_cq_readerr() fi_cq_readerr() got err: 107 (Transport endpoint is not connected), prov_errno: 25 (Inappropriate ioctl for device)
# [66686.142968] mercury->op [warning] /tmp/kaushikv/spack-stage/spack-stage-mercury-2.4.2-mdorier-new-na-krulc2amcfb6fq5nc3zmbjacxxnz4qal/spack-src/src/na/na_ofi.c:7106 na_ofi_cq_readerr() fi_cq_readerr() got err: 107 (Transport endpoint is not connected), prov_errno: 25 (Inappropriate ioctl for device)
# [74373.877676] mercury->op [warning] /tmp/kaushikv/spack-stage/spack-stage-mercury-2.4.2-mdorier-new-na-krulc2amcfb6fq5nc3zmbjacxxnz4qal/spack-src/src/na/na_ofi.c:7106 na_ofi_cq_readerr() fi_cq_readerr() got err: 107 (Transport endpoint is not connected), prov_errno: 25 (Inappropriate ioctl for device)
# [74374.877897] mercury->op [warning] /tmp/kaushikv/spack-stage/spack-stage-mercury-2.4.2-mdorier-new-na-krulc2amcfb6fq5nc3zmbjacxxnz4qal/spack-src/src/na/na_ofi.c:7106 na_ofi_cq_readerr() fi_cq_readerr() got err: 107 (Transport endpoint is not connected), prov_errno: 25 (Inappropriate ioctl for device)
# [74375.878045] mercury->op [warning] /tmp/kaushikv/spack-stage/spack-stage-mercury-2.4.2-mdorier-new-na-krulc2amcfb6fq5nc3zmbjacxxnz4qal/spack-src/src/na/na_ofi.c:7106 na_ofi_cq_readerr() fi_cq_readerr() got err: 107 (Transport endpoint is not connected), prov_errno: 25 (Inappropriate ioctl for device)
# [60770.966970] mercury->op [warning] /tmp/kaushikv/spack-stage/spack-stage-mercury-2.4.2-mdorier-new-na-krulc2amcfb6fq5nc3zmbjacxxnz4qal/spack-src/src/na/na_ofi.c:7106 na_ofi_cq_readerr() fi_cq_readerr() got err: 107 (Transport endpoint is not connected), prov_errno: 25 (Inappropriate ioctl for device)
# [66687.143358] mercury->op [warning] /tmp/kaushikv/spack-stage/spack-stage-mercury-2.4.2-mdorier-new-na-krulc2amcfb6fq5nc3zmbjacxxnz4qal/spack-src/src/na/na_ofi.c:7106 na_ofi_cq_readerr() fi_cq_readerr() got err: 107 (Transport endpoint is not connected), prov_errno: 25 (Inappropriate ioctl for device)
# [66688.143752] mercury->op [warning] /tmp/kaushikv/spack-stage/spack-stage-mercury-2.4.2-mdorier-new-na-krulc2amcfb6fq5nc3zmbjacxxnz4qal/spack-src/src/na/na_ofi.c:7106 na_ofi_cq_readerr() fi_cq_readerr() got err: 107 (Transport endpoint is not connected), prov_errno: 25 (Inappropriate ioctl for device)
# [66689.143899] mercury->op [warning] /tmp/kaushikv/spack-stage/spack-stage-mercury-2.4.2-mdorier-new-na-krulc2amcfb6fq5nc3zmbjacxxnz4qal/spack-src/src/na/na_ofi.c:7106 na_ofi_cq_readerr() fi_cq_readerr() got err: 107 (Transport endpoint is not connected), prov_errno: 25 (Inappropriate ioctl for device)
# [74376.878195] mercury->op [warning] /tmp/kaushikv/spack-stage/spack-stage-mercury-2.4.2-mdorier-new-na-krulc2amcfb6fq5nc3zmbjacxxnz4qal/spack-src/src/na/na_ofi.c:7106 na_ofi_cq_readerr() fi_cq_readerr() got err: 107 (Transport endpoint is not connected), prov_errno: 25 (Inappropriate ioctl for device)
# [66690.144283] mercury->op [warning] /tmp/kaushikv/spack-stage/spack-stage-mercury-2.4.2-mdorier-new-na-krulc2amcfb6fq5nc3zmbjacxxnz4qal/spack-src/src/na/na_ofi.c:7106 na_ofi_cq_readerr() fi_cq_readerr() got err: 107 (Transport endpoint is not connected), prov_errno: 25 (Inappropriate ioctl for device)
# [66691.144757] mercury->op [warning] /tmp/kaushikv/spack-stage/spack-stage-mercury-2.4.2-mdorier-new-na-krulc2amcfb6fq5nc3zmbjacxxnz4qal/spack-src/src/na/na_ofi.c:7106 na_ofi_cq_readerr() fi_cq_readerr() got err: 107 (Transport endpoint is not connected), prov_errno: 25 (Inappropriate ioctl for device)
# [66692.144911] mercury->op [warning] /tmp/kaushikv/spack-stage/spack-stage-mercury-2.4.2-mdorier-new-na-krulc2amcfb6fq5nc3zmbjacxxnz4qal/spack-src/src/na/na_ofi.c:7106 na_ofi_cq_readerr() fi_cq_readerr() got err: 107 (Transport endpoint is not connected), prov_errno: 25 (Inappropriate ioctl for device)
# [74377.878340] mercury->op [warning] /tmp/kaushikv/spack-stage/spack-stage-mercury-2.4.2-mdorier-new-na-krulc2amcfb6fq5nc3zmbjacxxnz4qal/spack-src/src/na/na_ofi.c:7106 na_ofi_cq_readerr() fi_cq_readerr() got err: 107 (Transport endpoint is not connected), prov_errno: 25 (Inappropriate ioctl for device)
# [74364.427374] mercury->op [warning] /tmp/kaushikv/spack-stage/spack-stage-mercury-2.4.2-mdorier-new-na-krulc2amcfb6fq5nc3zmbjacxxnz4qal/spack-src/src/na/na_ofi.c:7106 na_ofi_cq_readerr() fi_cq_readerr() got err: 107 (Transport endpoint is not connected), prov_errno: 25 (Inappropriate ioctl for device)
# [74365.427805] mercury->op [warning] /tmp/kaushikv/spack-stage/spack-stage-mercury-2.4.2-mdorier-new-na-krulc2amcfb6fq5nc3zmbjacxxnz4qal/spack-src/src/na/na_ofi.c:7106 na_ofi_cq_readerr() fi_cq_readerr() got err: 107 (Transport endpoint is not connected), prov_errno: 25 (Inappropriate ioctl for device)
# [74366.428213] mercury->op [warning] /tmp/kaushikv/spack-stage/spack-stage-mercury-2.4.2-mdorier-new-na-krulc2amcfb6fq5nc3zmbjacxxnz4qal/spack-src/src/na/na_ofi.c:7106 na_ofi_cq_readerr() fi_cq_readerr() got err: 107 (Transport endpoint is not connected), prov_errno: 25 (Inappropriate ioctl for device)
# [66693.145294] mercury->op [warning] /tmp/kaushikv/spack-stage/spack-stage-mercury-2.4.2-mdorier-new-na-krulc2amcfb6fq5nc3zmbjacxxnz4qal/spack-src/src/na/na_ofi.c:7106 na_ofi_cq_readerr() fi_cq_readerr() got err: 107 (Transport endpoint is not connected), prov_errno: 25 (Inappropriate ioctl for device)
# [74367.428638] mercury->op [warning] /tmp/kaushikv/spack-stage/spack-stage-mercury-2.4.2-mdorier-new-na-krulc2amcfb6fq5nc3zmbjacxxnz4qal/spack-src/src/na/na_ofi.c:7106 na_ofi_cq_readerr() fi_cq_readerr() got err: 107 (Transport endpoint is not connected), prov_errno: 25 (Inappropriate ioctl for device)
# [74368.429050] mercury->op [warning] /tmp/kaushikv/spack-stage/spack-stage-mercury-2.4.2-mdorier-new-na-krulc2amcfb6fq5nc3zmbjacxxnz4qal/spack-src/src/na/na_ofi.c:7106 na_ofi_cq_readerr() fi_cq_readerr() got err: 107 (Transport endpoint is not connected), prov_errno: 25 (Inappropriate ioctl for device)
# [74369.429429] mercury->op [warning] /tmp/kaushikv/spack-stage/spack-stage-mercury-2.4.2-mdorier-new-na-krulc2amcfb6fq5nc3zmbjacxxnz4qal/spack-src/src/na/na_ofi.c:7106 na_ofi_cq_readerr() fi_cq_readerr() got err: 107 (Transport endpoint is not connected), prov_errno: 25 (Inappropriate ioctl for device)
# [66694.145682] mercury->op [warning] /tmp/kaushikv/spack-stage/spack-stage-mercury-2.4.2-mdorier-new-na-krulc2amcfb6fq5nc3zmbjacxxnz4qal/spack-src/src/na/na_ofi.c:7106 na_ofi_cq_readerr() fi_cq_readerr() got err: 107 (Transport endpoint is not connected), prov_errno: 25 (Inappropriate ioctl for device)
# [74370.429842] mercury->op [warning] /tmp/kaushikv/spack-stage/spack-stage-mercury-2.4.2-mdorier-new-na-krulc2amcfb6fq5nc3zmbjacxxnz4qal/spack-src/src/na/na_ofi.c:7106 na_ofi_cq_readerr() fi_cq_readerr() got err: 107 (Transport endpoint is not connected), prov_errno: 25 (Inappropriate ioctl for device)
# [74371.430231] mercury->op [warning] /tmp/kaushikv/spack-stage/spack-stage-mercury-2.4.2-mdorier-new-na-krulc2amcfb6fq5nc3zmbjacxxnz4qal/spack-src/src/na/na_ofi.c:7106 na_ofi_cq_readerr() fi_cq_readerr() got err: 107 (Transport endpoint is not connected), prov_errno: 25 (Inappropriate ioctl for device)
# [74372.430373] mercury->op [warning] /tmp/kaushikv/spack-stage/spack-stage-mercury-2.4.2-mdorier-new-na-krulc2amcfb6fq5nc3zmbjacxxnz4qal/spack-src/src/na/na_ofi.c:7106 na_ofi_cq_readerr() fi_cq_readerr() got err: 107 (Transport endpoint is not connected), prov_errno: 25 (Inappropriate ioctl for device)
# [74373.430771] mercury->op [warning] /tmp/kaushikv/spack-stage/spack-stage-mercury-2.4.2-mdorier-new-na-krulc2amcfb6fq5nc3zmbjacxxnz4qal/spack-src/src/na/na_ofi.c:7106 na_ofi_cq_readerr() fi_cq_readerr() got err: 107 (Transport endpoint is not connected), prov_errno: 25 (Inappropriate ioctl for device)
# [74374.431233] mercury->op [warning] /tmp/kaushikv/spack-stage/spack-stage-mercury-2.4.2-mdorier-new-na-krulc2amcfb6fq5nc3zmbjacxxnz4qal/spack-src/src/na/na_ofi.c:7106 na_ofi_cq_readerr() fi_cq_readerr() got err: 107 (Transport endpoint is not connected), prov_errno: 25 (Inappropriate ioctl for device)
# [74375.431376] mercury->op [warning] /tmp/kaushikv/spack-stage/spack-stage-mercury-2.4.2-mdorier-new-na-krulc2amcfb6fq5nc3zmbjacxxnz4qal/spack-src/src/na/na_ofi.c:7106 na_ofi_cq_readerr() fi_cq_readerr() got err: 107 (Transport endpoint is not connected), prov_errno: 25 (Inappropriate ioctl for device)
# [74362.467095] mercury->op [warning] /tmp/kaushikv/spack-stage/spack-stage-mercury-2.4.2-mdorier-new-na-krulc2amcfb6fq5nc3zmbjacxxnz4qal/spack-src/src/na/na_ofi.c:7106 na_ofi_cq_readerr() fi_cq_readerr() got err: 107 (Transport endpoint is not connected), prov_errno: 25 (Inappropriate ioctl for device)
# [74363.467516] mercury->op [warning] /tmp/kaushikv/spack-stage/spack-stage-mercury-2.4.2-mdorier-new-na-krulc2amcfb6fq5nc3zmbjacxxnz4qal/spack-src/src/na/na_ofi.c:7106 na_ofi_cq_readerr() fi_cq_readerr() got err: 107 (Transport endpoint is not connected), prov_errno: 25 (Inappropriate ioctl for device)
# [74364.467930] mercury->op [warning] /tmp/kaushikv/spack-stage/spack-stage-mercury-2.4.2-mdorier-new-na-krulc2amcfb6fq5nc3zmbjacxxnz4qal/spack-src/src/na/na_ofi.c:7106 na_ofi_cq_readerr() fi_cq_readerr() got err: 107 (Transport endpoint is not connected), prov_errno: 25 (Inappropriate ioctl for device)
# [74376.431776] mercury->op [warning] /tmp/kaushikv/spack-stage/spack-stage-mercury-2.4.2-mdorier-new-na-krulc2amcfb6fq5nc3zmbjacxxnz4qal/spack-src/src/na/na_ofi.c:7106 na_ofi_cq_readerr() fi_cq_readerr() got err: 107 (Transport endpoint is not connected), prov_errno: 25 (Inappropriate ioctl for device)
# [74365.468323] mercury->op [warning] /tmp/kaushikv/spack-stage/spack-stage-mercury-2.4.2-mdorier-new-na-krulc2amcfb6fq5nc3zmbjacxxnz4qal/spack-src/src/na/na_ofi.c:7106 na_ofi_cq_readerr() fi_cq_readerr() got err: 107 (Transport endpoint is not connected), prov_errno: 25 (Inappropriate ioctl for device)
# [74366.468739] mercury->op [warning] /tmp/kaushikv/spack-stage/spack-stage-mercury-2.4.2-mdorier-new-na-krulc2amcfb6fq5nc3zmbjacxxnz4qal/spack-src/src/na/na_ofi.c:7106 na_ofi_cq_readerr() fi_cq_readerr() got err: 107 (Transport endpoint is not connected), prov_errno: 25 (Inappropriate ioctl for device)
# [74367.469134] mercury->op [warning] /tmp/kaushikv/spack-stage/spack-stage-mercury-2.4.2-mdorier-new-na-krulc2amcfb6fq5nc3zmbjacxxnz4qal/spack-src/src/na/na_ofi.c:7106 na_ofi_cq_readerr() fi_cq_readerr() got err: 107 (Transport endpoint is not connected), prov_errno: 25 (Inappropriate ioctl for device)
# [74377.431922] mercury->op [warning] /tmp/kaushikv/spack-stage/spack-stage-mercury-2.4.2-mdorier-new-na-krulc2amcfb6fq5nc3zmbjacxxnz4qal/spack-src/src/na/na_ofi.c:7106 na_ofi_cq_readerr() fi_cq_readerr() got err: 107 (Transport endpoint is not connected), prov_errno: 25 (Inappropriate ioctl for device)
# [74368.469531] mercury->op [warning] /tmp/kaushikv/spack-stage/spack-stage-mercury-2.4.2-mdorier-new-na-krulc2amcfb6fq5nc3zmbjacxxnz4qal/spack-src/src/na/na_ofi.c:7106 na_ofi_cq_readerr() fi_cq_readerr() got err: 107 (Transport endpoint is not connected), prov_errno: 25 (Inappropriate ioctl for device)
# [74369.469909] mercury->op [warning] /tmp/kaushikv/spack-stage/spack-stage-mercury-2.4.2-mdorier-new-na-krulc2amcfb6fq5nc3zmbjacxxnz4qal/spack-src/src/na/na_ofi.c:7106 na_ofi_cq_readerr() fi_cq_readerr() got err: 107 (Transport endpoint is not connected), prov_errno: 25 (Inappropriate ioctl for device)
# [74370.470302] mercury->op [warning] /tmp/kaushikv/spack-stage/spack-stage-mercury-2.4.2-mdorier-new-na-krulc2amcfb6fq5nc3zmbjacxxnz4qal/spack-src/src/na/na_ofi.c:7106 na_ofi_cq_readerr() fi_cq_readerr() got err: 107 (Transport endpoint is not connected), prov_errno: 25 (Inappropriate ioctl for device)
# [74371.470458] mercury->op [warning] /tmp/kaushikv/spack-stage/spack-stage-mercury-2.4.2-mdorier-new-na-krulc2amcfb6fq5nc3zmbjacxxnz4qal/spack-src/src/na/na_ofi.c:7106 na_ofi_cq_readerr() fi_cq_readerr() got err: 107 (Transport endpoint is not connected), prov_errno: 25 (Inappropriate ioctl for device)
# [74372.470908] mercury->op [warning] /tmp/kaushikv/spack-stage/spack-stage-mercury-2.4.2-mdorier-new-na-krulc2amcfb6fq5nc3zmbjacxxnz4qal/spack-src/src/na/na_ofi.c:7106 na_ofi_cq_readerr() fi_cq_readerr() got err: 107 (Transport endpoint is not connected), prov_errno: 25 (Inappropriate ioctl for device)
# [74373.471055] mercury->op [warning] /tmp/kaushikv/spack-stage/spack-stage-mercury-2.4.2-mdorier-new-na-krulc2amcfb6fq5nc3zmbjacxxnz4qal/spack-src/src/na/na_ofi.c:7106 na_ofi_cq_readerr() fi_cq_readerr() got err: 107 (Transport endpoint is not connected), prov_errno: 25 (Inappropriate ioctl for device)
# [66681.415009] mercury->op [warning] /tmp/kaushikv/spack-stage/spack-stage-mercury-2.4.2-mdorier-new-na-krulc2amcfb6fq5nc3zmbjacxxnz4qal/spack-src/src/na/na_ofi.c:7106 na_ofi_cq_readerr() fi_cq_readerr() got err: 107 (Transport endpoint is not connected), prov_errno: 25 (Inappropriate ioctl for device)
# [66682.415193] mercury->op [warning] /tmp/kaushikv/spack-stage/spack-stage-mercury-2.4.2-mdorier-new-na-krulc2amcfb6fq5nc3zmbjacxxnz4qal/spack-src/src/na/na_ofi.c:7106 na_ofi_cq_readerr() fi_cq_readerr() got err: 107 (Transport endpoint is not connected), prov_errno: 25 (Inappropriate ioctl for device)
# [66683.415366] mercury->op [warning] /tmp/kaushikv/spack-stage/spack-stage-mercury-2.4.2-mdorier-new-na-krulc2amcfb6fq5nc3zmbjacxxnz4qal/spack-src/src/na/na_ofi.c:7106 na_ofi_cq_readerr() fi_cq_readerr() got err: 107 (Transport endpoint is not connected), prov_errno: 25 (Inappropriate ioctl for device)
# [74374.471456] mercury->op [warning] /tmp/kaushikv/spack-stage/spack-stage-mercury-2.4.2-mdorier-new-na-krulc2amcfb6fq5nc3zmbjacxxnz4qal/spack-src/src/na/na_ofi.c:7106 na_ofi_cq_readerr() fi_cq_readerr() got err: 107 (Transport endpoint is not connected), prov_errno: 25 (Inappropriate ioctl for device)
# [66684.415785] mercury->op [warning] /tmp/kaushikv/spack-stage/spack-stage-mercury-2.4.2-mdorier-new-na-krulc2amcfb6fq5nc3zmbjacxxnz4qal/spack-src/src/na/na_ofi.c:7106 na_ofi_cq_readerr() fi_cq_readerr() got err: 107 (Transport endpoint is not connected), prov_errno: 25 (Inappropriate ioctl for device)
# [66685.416203] mercury->op [warning] /tmp/kaushikv/spack-stage/spack-stage-mercury-2.4.2-mdorier-new-na-krulc2amcfb6fq5nc3zmbjacxxnz4qal/spack-src/src/na/na_ofi.c:7106 na_ofi_cq_readerr() fi_cq_readerr() got err: 107 (Transport endpoint is not connected), prov_errno: 25 (Inappropriate ioctl for device)
# [66686.416585] mercury->op [warning] /tmp/kaushikv/spack-stage/spack-stage-mercury-2.4.2-mdorier-new-na-krulc2amcfb6fq5nc3zmbjacxxnz4qal/spack-src/src/na/na_ofi.c:7106 na_ofi_cq_readerr() fi_cq_readerr() got err: 107 (Transport endpoint is not connected), prov_errno: 25 (Inappropriate ioctl for device)
# [74375.471843] mercury->op [warning] /tmp/kaushikv/spack-stage/spack-stage-mercury-2.4.2-mdorier-new-na-krulc2amcfb6fq5nc3zmbjacxxnz4qal/spack-src/src/na/na_ofi.c:7106 na_ofi_cq_readerr() fi_cq_readerr() got err: 107 (Transport endpoint is not connected), prov_errno: 25 (Inappropriate ioctl for device)
# [66687.416981] mercury->op [warning] /tmp/kaushikv/spack-stage/spack-stage-mercury-2.4.2-mdorier-new-na-krulc2amcfb6fq5nc3zmbjacxxnz4qal/spack-src/src/na/na_ofi.c:7106 na_ofi_cq_readerr() fi_cq_readerr() got err: 107 (Transport endpoint is not connected), prov_errno: 25 (Inappropriate ioctl for device)
# [66688.417374] mercury->op [warning] /tmp/kaushikv/spack-stage/spack-stage-mercury-2.4.2-mdorier-new-na-krulc2amcfb6fq5nc3zmbjacxxnz4qal/spack-src/src/na/na_ofi.c:7106 na_ofi_cq_readerr() fi_cq_readerr() got err: 107 (Transport endpoint is not connected), prov_errno: 25 (Inappropriate ioctl for device)
# [66689.417754] mercury->op [warning] /tmp/kaushikv/spack-stage/spack-stage-mercury-2.4.2-mdorier-new-na-krulc2amcfb6fq5nc3zmbjacxxnz4qal/spack-src/src/na/na_ofi.c:7106 na_ofi_cq_readerr() fi_cq_readerr() got err: 107 (Transport endpoint is not connected), prov_errno: 25 (Inappropriate ioctl for device)
# [66690.418140] mercury->op [warning] /tmp/kaushikv/spack-stage/spack-stage-mercury-2.4.2-mdorier-new-na-krulc2amcfb6fq5nc3zmbjacxxnz4qal/spack-src/src/na/na_ofi.c:7106 na_ofi_cq_readerr() fi_cq_readerr() got err: 107 (Transport endpoint is not connected), prov_errno: 25 (Inappropriate ioctl for device)
# [66691.418615] mercury->op [warning] /tmp/kaushikv/spack-stage/spack-stage-mercury-2.4.2-mdorier-new-na-krulc2amcfb6fq5nc3zmbjacxxnz4qal/spack-src/src/na/na_ofi.c:7106 na_ofi_cq_readerr() fi_cq_readerr() got err: 107 (Transport endpoint is not connected), prov_errno: 25 (Inappropriate ioctl for device)
# [66692.418756] mercury->op [warning] /tmp/kaushikv/spack-stage/spack-stage-mercury-2.4.2-mdorier-new-na-krulc2amcfb6fq5nc3zmbjacxxnz4qal/spack-src/src/na/na_ofi.c:7106 na_ofi_cq_readerr() fi_cq_readerr() got err: 107 (Transport endpoint is not connected), prov_errno: 25 (Inappropriate ioctl for device)
# [66693.419144] mercury->op [warning] /tmp/kaushikv/spack-stage/spack-stage-mercury-2.4.2-mdorier-new-na-krulc2amcfb6fq5nc3zmbjacxxnz4qal/spack-src/src/na/na_ofi.c:7106 na_ofi_cq_readerr() fi_cq_readerr() got err: 107 (Transport endpoint is not connected), prov_errno: 25 (Inappropriate ioctl for device)
# [66694.419534] mercury->op [warning] /tmp/kaushikv/spack-stage/spack-stage-mercury-2.4.2-mdorier-new-na-krulc2amcfb6fq5nc3zmbjacxxnz4qal/spack-src/src/na/na_ofi.c:7106 na_ofi_cq_readerr() fi_cq_readerr() got err: 107 (Transport endpoint is not connected), prov_errno: 25 (Inappropriate ioctl for device)
0.35user 0.58system 0:51.57elapsed 1%CPU (0avgtext+0avgdata 27648maxresident)k
24inputs+0outputs (0major+8636minor)pagefaults 0swaps
+ sleep 2s
+ /usr/bin/time srun --overlap -N 2048 -n 16384 --ntasks-per-node=8 -c 5 python3 -c 'from mpi4py import MPI'
0.28user 0.49system 0:08.60elapsed 9%CPU (0avgtext+0avgdata 26624maxresident)k
24inputs+0outputs (0major+8636minor)pagefaults 0swaps
+ sleep 2s
+ /usr/bin/time srun --overlap -N 2048 -n 16384 --ntasks-per-node=8 -c 5 python3 -c 'from mpi4py import MPI'
0.28user 0.46system 0:07.22elapsed 10%CPU (0avgtext+0avgdata 27648maxresident)k
0inputs+0outputs (0major+8636minor)pagefaults 0swaps
+ sleep 2s
+ /usr/bin/time srun --overlap -N 2048 -n 16384 --ntasks-per-node=8 -c 5 python3 -c 'from mpi4py import MPI'
0.23user 0.54system 0:07.43elapsed 10%CPU (0avgtext+0avgdata 28672maxresident)k
0inputs+0outputs (0major+8636minor)pagefaults 0swaps
+ sleep 2s
+ /usr/bin/time srun --overlap -N 2048 -n 16384 --ntasks-per-node=8 -c 5 python3 -c 'from mpi4py import MPI'
0.22user 0.53system 0:07.09elapsed 10%CPU (0avgtext+0avgdata 27648maxresident)k
0inputs+0outputs (0major+8636minor)pagefaults 0swaps
+ sleep 2s
+ conda deactivate
+ local cmd=deactivate
+ case "$cmd" in
+ __conda_activate deactivate
+ '[' -n '' ']'
+ local ask_conda
++ PS1='(/mnt/bb/wcastil/copper_mount/lustre/orion/stf243/world-shared/hagertnl/CUG26/benchmark_builds/python-mpi4py/conda_env) '
++ __conda_exe shell.posix deactivate
++ /autofs/nccs-svm1_sw/frontier/miniforge3/23.11.0-0/bin/conda shell.posix deactivate
+ ask_conda='export PATH='\''/autofs/nccs-svm1_sw/frontier/miniforge3/23.11.0-0/bin:/autofs/nccs-svm1_sw/frontier/miniforge3/23.11.0-0/condabin:/sw/frontier/lfs-wrapper/0.0.1/bin/lfs:/sw/frontier/miniforge3/23.11.0-0/bin:/opt/cray/libfabric/1.22.0/bin:/opt/rocm-6.4.2/bin:/sw/frontier/spack-envs/cpe25.09-cpu/opt/llvm-amdgpu-6.4.2/darshan-runtime-3.4.7-tvdocpzv3jfj4y6ki5jvmmkics323gon/bin:/opt/cray/pe/mpich/9.0.1/ofi/amd/6.0/bin:/opt/cray/pe/mpich/9.0.1/bin:/opt/cray/pe/perftools/25.09.0/bin:/opt/cray/pe/papi/7.2.0.2/bin:/opt/cray/pe/craype/2.7.35/bin:/sw/frontier/ums/ums046/copper/build:/sw/sources/hpss/bin:/sw/frontier/spack-envs/core-25.03/opt/gcc-13.2/tmux-3.4-fcqqko3j4ga67yuc7zxaqcwsix5hns2v/bin:/opt/clmgr/sbin:/opt/clmgr/bin:/opt/sgi/sbin:/opt/sgi/bin:/sw/frontier/bin:/ccs/home/wcastil/.local/bin:/usr/local/bin:/usr/bin:/bin:/opt/bin:/opt/c3/bin:/usr/lib/mit/bin:/opt/puppetlabs/bin:/opt/cray/pe/bin'\''
unset CONDA_PREFIX_1
PS1='\''(base) '\''
export CONDA_PREFIX='\''/autofs/nccs-svm1_sw/frontier/miniforge3/23.11.0-0'\''
export CONDA_SHLVL='\''1'\''
export CONDA_DEFAULT_ENV='\''base'\''
export CONDA_PROMPT_MODIFIER='\''(base) '\''
export CONDA_EXE='\''/autofs/nccs-svm1_sw/frontier/miniforge3/23.11.0-0/bin/conda'\''
export _CE_M='\'''\''
export _CE_CONDA='\'''\''
export CONDA_PYTHON_EXE='\''/autofs/nccs-svm1_sw/frontier/miniforge3/23.11.0-0/bin/python'\''
. "/autofs/nccs-svm1_sw/frontier/miniforge3/23.11.0-0/etc/conda/activate.d/libglib_activate.sh"
. "/autofs/nccs-svm1_sw/frontier/miniforge3/23.11.0-0/etc/conda/activate.d/libxml2_activate.sh"'
+ eval 'export PATH='\''/autofs/nccs-svm1_sw/frontier/miniforge3/23.11.0-0/bin:/autofs/nccs-svm1_sw/frontier/miniforge3/23.11.0-0/condabin:/sw/frontier/lfs-wrapper/0.0.1/bin/lfs:/sw/frontier/miniforge3/23.11.0-0/bin:/opt/cray/libfabric/1.22.0/bin:/opt/rocm-6.4.2/bin:/sw/frontier/spack-envs/cpe25.09-cpu/opt/llvm-amdgpu-6.4.2/darshan-runtime-3.4.7-tvdocpzv3jfj4y6ki5jvmmkics323gon/bin:/opt/cray/pe/mpich/9.0.1/ofi/amd/6.0/bin:/opt/cray/pe/mpich/9.0.1/bin:/opt/cray/pe/perftools/25.09.0/bin:/opt/cray/pe/papi/7.2.0.2/bin:/opt/cray/pe/craype/2.7.35/bin:/sw/frontier/ums/ums046/copper/build:/sw/sources/hpss/bin:/sw/frontier/spack-envs/core-25.03/opt/gcc-13.2/tmux-3.4-fcqqko3j4ga67yuc7zxaqcwsix5hns2v/bin:/opt/clmgr/sbin:/opt/clmgr/bin:/opt/sgi/sbin:/opt/sgi/bin:/sw/frontier/bin:/ccs/home/wcastil/.local/bin:/usr/local/bin:/usr/bin:/bin:/opt/bin:/opt/c3/bin:/usr/lib/mit/bin:/opt/puppetlabs/bin:/opt/cray/pe/bin'\''
unset CONDA_PREFIX_1
PS1='\''(base) '\''
export CONDA_PREFIX='\''/autofs/nccs-svm1_sw/frontier/miniforge3/23.11.0-0'\''
export CONDA_SHLVL='\''1'\''
export CONDA_DEFAULT_ENV='\''base'\''
export CONDA_PROMPT_MODIFIER='\''(base) '\''
export CONDA_EXE='\''/autofs/nccs-svm1_sw/frontier/miniforge3/23.11.0-0/bin/conda'\''
export _CE_M='\'''\''
export _CE_CONDA='\'''\''
export CONDA_PYTHON_EXE='\''/autofs/nccs-svm1_sw/frontier/miniforge3/23.11.0-0/bin/python'\''
. "/autofs/nccs-svm1_sw/frontier/miniforge3/23.11.0-0/etc/conda/activate.d/libglib_activate.sh"
. "/autofs/nccs-svm1_sw/frontier/miniforge3/23.11.0-0/etc/conda/activate.d/libxml2_activate.sh"'
++ export PATH=/autofs/nccs-svm1_sw/frontier/miniforge3/23.11.0-0/bin:/autofs/nccs-svm1_sw/frontier/miniforge3/23.11.0-0/condabin:/sw/frontier/lfs-wrapper/0.0.1/bin/lfs:/sw/frontier/miniforge3/23.11.0-0/bin:/opt/cray/libfabric/1.22.0/bin:/opt/rocm-6.4.2/bin:/sw/frontier/spack-envs/cpe25.09-cpu/opt/llvm-amdgpu-6.4.2/darshan-runtime-3.4.7-tvdocpzv3jfj4y6ki5jvmmkics323gon/bin:/opt/cray/pe/mpich/9.0.1/ofi/amd/6.0/bin:/opt/cray/pe/mpich/9.0.1/bin:/opt/cray/pe/perftools/25.09.0/bin:/opt/cray/pe/papi/7.2.0.2/bin:/opt/cray/pe/craype/2.7.35/bin:/sw/frontier/ums/ums046/copper/build:/sw/sources/hpss/bin:/sw/frontier/spack-envs/core-25.03/opt/gcc-13.2/tmux-3.4-fcqqko3j4ga67yuc7zxaqcwsix5hns2v/bin:/opt/clmgr/sbin:/opt/clmgr/bin:/opt/sgi/sbin:/opt/sgi/bin:/sw/frontier/bin:/ccs/home/wcastil/.local/bin:/usr/local/bin:/usr/bin:/bin:/opt/bin:/opt/c3/bin:/usr/lib/mit/bin:/opt/puppetlabs/bin:/opt/cray/pe/bin
++ PATH=/autofs/nccs-svm1_sw/frontier/miniforge3/23.11.0-0/bin:/autofs/nccs-svm1_sw/frontier/miniforge3/23.11.0-0/condabin:/sw/frontier/lfs-wrapper/0.0.1/bin/lfs:/sw/frontier/miniforge3/23.11.0-0/bin:/opt/cray/libfabric/1.22.0/bin:/opt/rocm-6.4.2/bin:/sw/frontier/spack-envs/cpe25.09-cpu/opt/llvm-amdgpu-6.4.2/darshan-runtime-3.4.7-tvdocpzv3jfj4y6ki5jvmmkics323gon/bin:/opt/cray/pe/mpich/9.0.1/ofi/amd/6.0/bin:/opt/cray/pe/mpich/9.0.1/bin:/opt/cray/pe/perftools/25.09.0/bin:/opt/cray/pe/papi/7.2.0.2/bin:/opt/cray/pe/craype/2.7.35/bin:/sw/frontier/ums/ums046/copper/build:/sw/sources/hpss/bin:/sw/frontier/spack-envs/core-25.03/opt/gcc-13.2/tmux-3.4-fcqqko3j4ga67yuc7zxaqcwsix5hns2v/bin:/opt/clmgr/sbin:/opt/clmgr/bin:/opt/sgi/sbin:/opt/sgi/bin:/sw/frontier/bin:/ccs/home/wcastil/.local/bin:/usr/local/bin:/usr/bin:/bin:/opt/bin:/opt/c3/bin:/usr/lib/mit/bin:/opt/puppetlabs/bin:/opt/cray/pe/bin
++ unset CONDA_PREFIX_1
++ PS1='(base) '
++ export CONDA_PREFIX=/autofs/nccs-svm1_sw/frontier/miniforge3/23.11.0-0
++ CONDA_PREFIX=/autofs/nccs-svm1_sw/frontier/miniforge3/23.11.0-0
++ export CONDA_SHLVL=1
++ CONDA_SHLVL=1
++ export CONDA_DEFAULT_ENV=base
++ CONDA_DEFAULT_ENV=base
++ export 'CONDA_PROMPT_MODIFIER=(base) '
++ CONDA_PROMPT_MODIFIER='(base) '
++ export CONDA_EXE=/autofs/nccs-svm1_sw/frontier/miniforge3/23.11.0-0/bin/conda
++ CONDA_EXE=/autofs/nccs-svm1_sw/frontier/miniforge3/23.11.0-0/bin/conda
++ export _CE_M=
++ _CE_M=
++ export _CE_CONDA=
++ _CE_CONDA=
++ export CONDA_PYTHON_EXE=/autofs/nccs-svm1_sw/frontier/miniforge3/23.11.0-0/bin/python
++ CONDA_PYTHON_EXE=/autofs/nccs-svm1_sw/frontier/miniforge3/23.11.0-0/bin/python
++ . /autofs/nccs-svm1_sw/frontier/miniforge3/23.11.0-0/etc/conda/activate.d/libglib_activate.sh
+++ export GSETTINGS_SCHEMA_DIR_CONDA_BACKUP=
+++ GSETTINGS_SCHEMA_DIR_CONDA_BACKUP=
+++ export GSETTINGS_SCHEMA_DIR=/autofs/nccs-svm1_sw/frontier/miniforge3/23.11.0-0/share/glib-2.0/schemas
+++ GSETTINGS_SCHEMA_DIR=/autofs/nccs-svm1_sw/frontier/miniforge3/23.11.0-0/share/glib-2.0/schemas
++ . /autofs/nccs-svm1_sw/frontier/miniforge3/23.11.0-0/etc/conda/activate.d/libxml2_activate.sh
+++ test -n ''
+++ xml_catalog_files_libxml2=
+++ XML_CATALOG_FILES=
+++ conda_catalog_files=
+++ ifs_libxml2=' 	
'
+++ IFS=' '
+++ rem=/autofs/nccs-svm1_sw/frontier/miniforge3/23.11.0-0
+++ for pre in ${rem}
+++ test '' = /autofs/nccs-svm1_sw/frontier/miniforge3/23.11.0-0
+++ conda_catalog_files=/autofs/nccs-svm1_sw/frontier/miniforge3/23.11.0-0
+++ rem=
+++ IFS=' 	
'
+++ conda_catalog_files='file:///autofs/nccs-svm1_sw/frontier/miniforge3/23.11.0-0/etc/xml/catalog file:///etc/xml/catalog'
+++ export 'XML_CATALOG_FILES=file:///autofs/nccs-svm1_sw/frontier/miniforge3/23.11.0-0/etc/xml/catalog file:///etc/xml/catalog'
+++ XML_CATALOG_FILES='file:///autofs/nccs-svm1_sw/frontier/miniforge3/23.11.0-0/etc/xml/catalog file:///etc/xml/catalog'
+++ unset conda_catalog_files ifs_libxml2 rem
+ __conda_hashr
+ '[' -n '' ']'
+ '[' -n '' ']'
+ hash -r
+ stop_copper.sh -d /lustre/orion/stf243/world-shared/wcastil/Experiments/CUG26/copper_run/logs -v /mnt/bb/wcastil/copper_mount
/var/spool/slurmd/job4348590/slurm_script: line 41: stop_copper.sh: command not found
