+ '[' -z '' ']'
+ case "$-" in
+ __lmod_vx=x
+ '[' -n x ']'
+ set +x
Shell debugging temporarily silenced: export LMOD_SH_DBG_ON=1 for this output (/opt/cray/pe/lmod/lmod/init/bash)
Shell debugging restarted
+ unset __lmod_vx
+ source /lustre/orion/stf243/world-shared/hagertnl/CUG26/benchmark_builds/common_modules.sh
++ module load PrgEnv-amd
++ '[' -z '' ']'
++ case "$-" in
++ __lmod_sh_dbg=x
++ '[' -n x ']'
++ set +x
Shell debugging temporarily silenced: export LMOD_SH_DBG_ON=1 for Lmod's output

Lmod is automatically replacing "cce/18.0.1" with "amd/6.2.4".


Lmod is automatically replacing "PrgEnv-cray/8.6.0" with "PrgEnv-amd/8.6.0".


Due to MODULEPATH changes, the following have been reloaded:
  1) cray-libsci/24.11.0     2) cray-mpich/8.1.31     3) darshan-runtime/3.4.6-mpi

Shell debugging restarted
++ unset __lmod_sh_dbg
++ return 0
++ module load cpe/25.09
++ '[' -z '' ']'
++ case "$-" in
++ __lmod_sh_dbg=x
++ '[' -n x ']'
++ set +x
Shell debugging temporarily silenced: export LMOD_SH_DBG_ON=1 for Lmod's output

The following have been reloaded with a version change:
  1) amd/6.2.4 => amd/6.4.2
  2) cray-dsmml/0.3.0 => cray-dsmml/0.3.1
  3) cray-libsci/24.11.0 => cray-libsci/25.09.0
  4) cray-mpich/8.1.31 => cray-mpich/9.0.1
  5) cray-pmi/6.1.15 => cray-pmi/6.1.16
  6) craype/2.7.33 => craype/2.7.35
  7) darshan-runtime/3.4.6-mpi => darshan-runtime/3.4.7-mpi
  8) perftools-base/24.11.0 => perftools-base/25.09.0

Shell debugging restarted
++ unset __lmod_sh_dbg
++ return 0
++ module load amd/6.4.2
++ '[' -z '' ']'
++ case "$-" in
++ __lmod_sh_dbg=x
++ '[' -n x ']'
++ set +x
Shell debugging temporarily silenced: export LMOD_SH_DBG_ON=1 for Lmod's output
Shell debugging restarted
++ unset __lmod_sh_dbg
++ return 0
++ module load rocm/6.4.2
++ '[' -z '' ']'
++ case "$-" in
++ __lmod_sh_dbg=x
++ '[' -n x ']'
++ set +x
Shell debugging temporarily silenced: export LMOD_SH_DBG_ON=1 for Lmod's output
Shell debugging restarted
++ unset __lmod_sh_dbg
++ return 0
++ module load libfabric/1.22.0
++ '[' -z '' ']'
++ case "$-" in
++ __lmod_sh_dbg=x
++ '[' -n x ']'
++ set +x
Shell debugging temporarily silenced: export LMOD_SH_DBG_ON=1 for Lmod's output
Shell debugging restarted
++ unset __lmod_sh_dbg
++ return 0
++ module load craype-accel-amd-gfx90a
++ '[' -z '' ']'
++ case "$-" in
++ __lmod_sh_dbg=x
++ '[' -n x ']'
++ set +x
Shell debugging temporarily silenced: export LMOD_SH_DBG_ON=1 for Lmod's output
Shell debugging restarted
++ unset __lmod_sh_dbg
++ return 0
++ module load miniforge3/23.11.0-0
++ '[' -z '' ']'
++ case "$-" in
++ __lmod_sh_dbg=x
++ '[' -n x ']'
++ set +x
Shell debugging temporarily silenced: export LMOD_SH_DBG_ON=1 for Lmod's output
Shell debugging restarted
++ unset __lmod_sh_dbg
++ return 0
++ export LD_LIBRARY_PATH=/opt/cray/pe/mpich/9.0.1/ofi/amd/6.0/lib:/opt/cray/pe/mpich/9.0.1/gtl/lib:/opt/cray/pe/libsci/25.09.0/AMD/6.0/x86_64/lib:/opt/cray/pe/perftools/25.09.0/lib64:/opt/cray/pe/pmi/6.1.16/lib:/opt/cray/pe/dsmml/0.3.1/dsmml/lib:/opt/cray/libfabric/1.22.0/lib64:/opt/rocm-6.4.2/lib/roctracer:/opt/rocm-6.4.2/lib/rocprofiler:/opt/rocm-6.4.2/lib:/sw/frontier/spack-envs/cpe25.09-cpu/opt/llvm-amdgpu-6.4.2/darshan-runtime-3.4.7-tvdocpzv3jfj4y6ki5jvmmkics323gon/lib:/opt/rocm-6.4.2/llvm/lib:/opt/cray/pe/papi/7.2.0.2/lib64
++ LD_LIBRARY_PATH=/opt/cray/pe/mpich/9.0.1/ofi/amd/6.0/lib:/opt/cray/pe/mpich/9.0.1/gtl/lib:/opt/cray/pe/libsci/25.09.0/AMD/6.0/x86_64/lib:/opt/cray/pe/perftools/25.09.0/lib64:/opt/cray/pe/pmi/6.1.16/lib:/opt/cray/pe/dsmml/0.3.1/dsmml/lib:/opt/cray/libfabric/1.22.0/lib64:/opt/rocm-6.4.2/lib/roctracer:/opt/rocm-6.4.2/lib/rocprofiler:/opt/rocm-6.4.2/lib:/sw/frontier/spack-envs/cpe25.09-cpu/opt/llvm-amdgpu-6.4.2/darshan-runtime-3.4.7-tvdocpzv3jfj4y6ki5jvmmkics323gon/lib:/opt/rocm-6.4.2/llvm/lib:/opt/cray/pe/papi/7.2.0.2/lib64
++ [[ /var/spool/slurmd/job4189878/slurm_script == \/\l\u\s\t\r\e\/\o\r\i\o\n\/\s\t\f\2\4\3\/\w\o\r\l\d\-\s\h\a\r\e\d\/\h\a\g\e\r\t\n\l\/\C\U\G\2\6\/\b\e\n\c\h\m\a\r\k\_\b\u\i\l\d\s\/\c\o\m\m\o\n\_\m\o\d\u\l\e\s\.\s\h ]]
+ module load libfabric/1.22.0
+ '[' -z '' ']'
+ case "$-" in
+ __lmod_sh_dbg=x
+ '[' -n x ']'
+ set +x
Shell debugging temporarily silenced: export LMOD_SH_DBG_ON=1 for Lmod's output
Shell debugging restarted
+ unset __lmod_sh_dbg
+ return 0
+ module load ums ums046 copper
+ '[' -z '' ']'
+ case "$-" in
+ __lmod_sh_dbg=x
+ '[' -n x ']'
+ set +x
Shell debugging temporarily silenced: export LMOD_SH_DBG_ON=1 for Lmod's output
Copper loaded: use 'launch_copper' and 'stop_copper'.
COPPER_ROOT: /sw/frontier/ums/ums046/copper
launch_copper points to: /sw/frontier/ums/ums046/copper/build/launch_copper.sh
Shell debugging restarted
+ unset __lmod_sh_dbg
+ return 0
+ [[ /var/spool/slurmd/job4189878/slurm_script == \/\v\a\r\/\s\p\o\o\l\/\s\l\u\r\m\d\/\j\o\b\4\1\8\9\8\7\8\/\s\l\u\r\m\_\s\c\r\i\p\t ]]
+ echo 'This script should be sourced! When it is not, it prints out the resulting module set:'
This script should be sourced! When it is not, it prints out the resulting module set:
+ module list
+ '[' -z '' ']'
+ case "$-" in
+ __lmod_sh_dbg=x
+ '[' -n x ']'
+ set +x
Shell debugging temporarily silenced: export LMOD_SH_DBG_ON=1 for Lmod's output

Currently Loaded Modules:
  1) craype-x86-trento               14) cpe/25.09
  2) craype-network-ofi              15) amd/6.4.2
  3) xpmem/2.11.3-1.3_gdbda01a1eb3d  16) cray-libsci/25.09.0
  4) Core/25.03                      17) cray-mpich/9.0.1
  5) tmux/3.4                        18) darshan-runtime/3.4.7-mpi (E4S)
  6) hsi/default                     19) rocm/6.4.2
  7) lfs-wrapper/0.0.1               20) craype-accel-amd-gfx90a
  8) DefApps                         21) miniforge3/23.11.0-0
  9) PrgEnv-amd/8.6.0                22) libfabric/1.22.0
 10) cray-dsmml/0.3.1                23) ums/default
 11) cray-pmi/6.1.16                 24) ums046/default
 12) craype/2.7.35                   25) copper/0.1
 13) perftools-base/25.09.0

  Where:
   E4S:  E4S: Extreme-scale Scientific Software Stack (E4S) https://e4s.io/index.html

 

Shell debugging restarted
+ unset __lmod_sh_dbg
+ return 0
+ LOGDIR=/lustre/orion/stf008/proj-shared/hvac/copper-cug/copper_logs
+ launch_copper.sh -d /lustre/orion/stf008/proj-shared/hvac/copper-cug/copper_logs
+ '[' -z '' ']'
+ case "$-" in
+ __lmod_vx=x
+ '[' -n x ']'
+ set +x
Shell debugging temporarily silenced: export LMOD_SH_DBG_ON=1 for this output (/opt/cray/pe/lmod/lmod/init/bash)
Shell debugging restarted
+ unset __lmod_vx
+ echo 'Launching Copper Gracefully On All Nodes : Start'
Launching Copper Gracefully On All Nodes : Start
+ echo /sw/frontier/ums/ums046/copper
/sw/frontier/ums/ums046/copper
+ CUPATH=/sw/frontier/ums/ums046/copper/build/cu_fuse
+ CU_FUSE_MNT_VIEWDIR=/tmp/khana/copper
+ facility_address_book=/sw/frontier/ums/ums046/copper/olcf_copper_addressbook.txt
+ log_level=6
+ log_dir=/ccs/home/khana/copper-logs/4189878
+ log_type=file
+ trees=1
+ max_cacheable_byte_size=10485760
+ sleeptime=20
+ physcpubind=57-60
+ net_type=cxi://cxi1
+ getopts l:t:d:T:M:s:b:F:n: opt
+ case ${opt} in
+ log_dir=/lustre/orion/stf008/proj-shared/hvac/copper-cug/copper_logs
+ getopts l:t:d:T:M:s:b:F:n: opt
+ echo 'log_level                  : 6'
log_level                  : 6
+ echo 'log_type                   : file'
log_type                   : file
+ echo 'trees                      : 1'
trees                      : 1
+ echo 'max_cacheable_byte_size    : 10485760'
max_cacheable_byte_size    : 10485760
+ echo 'sleeptime                  : 20'
sleeptime                  : 20
+ echo 'CU_FUSE_MNT_VIEWDIR        : /tmp/khana/copper'
CU_FUSE_MNT_VIEWDIR        : /tmp/khana/copper
+ echo 'LOGDIR                     : /lustre/orion/stf008/proj-shared/hvac/copper-cug/copper_logs'
LOGDIR                     : /lustre/orion/stf008/proj-shared/hvac/copper-cug/copper_logs
+ echo 'SLURM_NODEFILE             : '
SLURM_NODEFILE             : 
+ echo 'physcpubind                : 57-60'
physcpubind                : 57-60
+ echo 'facility_address_book      : /sw/frontier/ums/ums046/copper/olcf_copper_addressbook.txt'
facility_address_book      : /sw/frontier/ums/ums046/copper/olcf_copper_addressbook.txt
+ echo 'net_type                   : cxi://cxi1'
net_type                   : cxi://cxi1
+ mkdir -p /lustre/orion/stf008/proj-shared/hvac/copper-cug/copper_logs
+ SLURM_NODEFILE=/lustre/orion/stf008/proj-shared/hvac/copper-cug/copper_logs/node_file.txt
+ scontrol show hostnames 'frontier[00029,00036,00163,00363,00367,00599,00621,00757-00758,01009-01010,01097-01098,01279,01395,01398,01502,01521,01600,01610,01754,01773,01878-01879,02042,02387,02806,02934,03525,03583,03712,03968,04096,04316,04414,04730,04983,05631,05743,05929,06133,06248,06375,06429,06619,06910,07024,07157,07281,07505,07757,07882,08010,08157,08287,08349,08454,08794,08873,08965,09188,09224,09352,10173]'
+ echo 'Ignore errors below this line related to copper fuse unmount or cleanup if any. '
Ignore errors below this line related to copper fuse unmount or cleanup if any. 
+ clush --hostfile /lustre/orion/stf008/proj-shared/hvac/copper-cug/copper_logs/node_file.txt 'fusermount3 -u /tmp/khana/copper'
frontier00029: fusermount3: bad mount point /tmp/khana/copper: No such file or directory
clush: frontier00029: exited with exit code 1
frontier00163: fusermount3: bad mount point /tmp/khana/copper: No such file or directory
clush: frontier00163: exited with exit code 1
frontier03968: fusermount3: bad mount point /tmp/khana/copper: No such file or directory
clush: frontier03968: exited with exit code 1
frontier01097: fusermount3: bad mount point /tmp/khana/copper: No such file or directory
clush: frontier01097: exited with exit code 1
frontier00363: fusermount3: entry for /tmp/khana/copper not found in /etc/mtab
clush: frontier00363: exited with exit code 1
frontier07757: fusermount3: bad mount point /tmp/khana/copper: No such file or directory
clush: frontier07757: exited with exit code 1
frontier00621: fusermount3: bad mount point /tmp/khana/copper: No such file or directory
frontier04096: fusermount3: bad mount point /tmp/khana/copper: No such file or directory
frontier07882: fusermount3: bad mount point /tmp/khana/copper: No such file or directory
frontier08010: fusermount3: bad mount point /tmp/khana/copper: No such file or directory
clush: frontier04096: exited with exit code 1
clush: frontier00621: exited with exit code 1
clush: frontier07882: exited with exit code 1
clush: frontier08010: exited with exit code 1
frontier06910: fusermount3: bad mount point /tmp/khana/copper: No such file or directory
clush: frontier06910: exited with exit code 1
frontier03525: fusermount3: bad mount point /tmp/khana/copper: No such file or directory
frontier02934: fusermount3: bad mount point /tmp/khana/copper: No such file or directory
frontier00757: fusermount3: entry for /tmp/khana/copper not found in /etc/mtab
frontier07281: fusermount3: bad mount point /tmp/khana/copper: No such file or directory
clush: frontier03525: exited with exit code 1
frontier04316: fusermount3: bad mount point /tmp/khana/copper: No such file or directory
frontier01773: fusermount3: bad mount point /tmp/khana/copper: No such file or directory
frontier02806: fusermount3: bad mount point /tmp/khana/copper: No such file or directory
clush: frontier00757: exited with exit code 1
frontier01010: fusermount3: entry for /tmp/khana/copper not found in /etc/mtab
clush: frontier07281: exited with exit code 1
clush: frontier02934: exited with exit code 1
clush: frontier01773: exited with exit code 1
clush: frontier04316: exited with exit code 1
clush: frontier02806: exited with exit code 1
clush: frontier01010: exited with exit code 1
frontier07157: fusermount3: bad mount point /tmp/khana/copper: No such file or directory
clush: frontier07157: exited with exit code 1
frontier01009: fusermount3: bad mount point /tmp/khana/copper: No such file or directory
clush: frontier01009: exited with exit code 1
frontier06619: fusermount3: bad mount point /tmp/khana/copper: No such file or directory
clush: frontier06619: exited with exit code 1
frontier00758: fusermount3: bad mount point /tmp/khana/copper: No such file or directory
frontier07024: fusermount3: bad mount point /tmp/khana/copper: No such file or directory
frontier00599: fusermount3: bad mount point /tmp/khana/copper: No such file or directory
frontier03712: fusermount3: bad mount point /tmp/khana/copper: No such file or directory
frontier08157: fusermount3: bad mount point /tmp/khana/copper: No such file or directory
clush: frontier00758: exited with exit code 1
clush: frontier00599: exited with exit code 1
clush: frontier07024: exited with exit code 1
clush: frontier03712: exited with exit code 1
frontier06429: fusermount3: bad mount point /tmp/khana/copper: No such file or directory
frontier00036: fusermount3: bad mount point /tmp/khana/copper: No such file or directory
clush: frontier08157: exited with exit code 1
clush: frontier06429: exited with exit code 1
clush: frontier00036: exited with exit code 1
frontier02042: fusermount3: bad mount point /tmp/khana/copper: No such file or directory
frontier00367: fusermount3: bad mount point /tmp/khana/copper: No such file or directory
frontier02387: fusermount3: bad mount point /tmp/khana/copper: No such file or directory
clush: frontier02042: exited with exit code 1
clush: frontier00367: exited with exit code 1
clush: frontier02387: exited with exit code 1
frontier01879: fusermount3: bad mount point /tmp/khana/copper: No such file or directory
frontier03583: fusermount3: entry for /tmp/khana/copper not found in /etc/mtab
clush: frontier01879: exited with exit code 1
clush: frontier03583: exited with exit code 1
frontier09352: fusermount3: bad mount point /tmp/khana/copper: No such file or directory
frontier08287: fusermount3: bad mount point /tmp/khana/copper: No such file or directory
frontier07505: fusermount3: bad mount point /tmp/khana/copper: No such file or directory
clush: frontier09352: exited with exit code 1
clush: frontier08287: exited with exit code 1
clush: frontier07505: exited with exit code 1
frontier08349: fusermount3: bad mount point /tmp/khana/copper: No such file or directory
clush: frontier08349: exited with exit code 1
frontier04414: fusermount3: bad mount point /tmp/khana/copper: No such file or directory
clush: frontier04414: exited with exit code 1
frontier06375: fusermount3: bad mount point /tmp/khana/copper: No such file or directory
clush: frontier06375: exited with exit code 1
frontier08965: fusermount3: bad mount point /tmp/khana/copper: No such file or directory
clush: frontier08965: exited with exit code 1
frontier09224: fusermount3: bad mount point /tmp/khana/copper: No such file or directory
clush: frontier09224: exited with exit code 1
frontier01502: fusermount3: bad mount point /tmp/khana/copper: No such file or directory
clush: frontier01502: exited with exit code 1
frontier08794: fusermount3: bad mount point /tmp/khana/copper: No such file or directory
clush: frontier08794: exited with exit code 1
frontier08454: fusermount3: bad mount point /tmp/khana/copper: No such file or directory
clush: frontier08454: exited with exit code 1
frontier05929: fusermount3: bad mount point /tmp/khana/copper: No such file or directory
clush: frontier05929: exited with exit code 1
frontier06248: fusermount3: bad mount point /tmp/khana/copper: No such file or directory
clush: frontier06248: exited with exit code 1
frontier01610: fusermount3: bad mount point /tmp/khana/copper: No such file or directory
clush: frontier01610: exited with exit code 1
frontier01279: fusermount3: bad mount point /tmp/khana/copper: No such file or directory
frontier01521: fusermount3: bad mount point /tmp/khana/copper: No such file or directory
frontier04730: fusermount3: bad mount point /tmp/khana/copper: No such file or directory
clush: frontier01279: exited with exit code 1
clush: frontier01521: exited with exit code 1
clush: frontier04730: exited with exit code 1
frontier01098: fusermount3: bad mount point /tmp/khana/copper: No such file or directory
clush: frontier01098: exited with exit code 1
frontier01754: fusermount3: bad mount point /tmp/khana/copper: No such file or directory
clush: frontier01754: exited with exit code 1
frontier08873: fusermount3: bad mount point /tmp/khana/copper: No such file or directory
clush: frontier08873: exited with exit code 1
frontier10173: fusermount3: bad mount point /tmp/khana/copper: No such file or directory
clush: frontier10173: exited with exit code 1
frontier04983: fusermount3: bad mount point /tmp/khana/copper: No such file or directory
frontier01600: fusermount3: bad mount point /tmp/khana/copper: No such file or directory
clush: frontier04983: exited with exit code 1
clush: frontier01600: exited with exit code 1
frontier01398: fusermount3: bad mount point /tmp/khana/copper: No such file or directory
clush: frontier01398: exited with exit code 1
frontier05743: fusermount3: bad mount point /tmp/khana/copper: No such file or directory
clush: frontier05743: exited with exit code 1
frontier05631: fusermount3: bad mount point /tmp/khana/copper: No such file or directory
clush: frontier05631: exited with exit code 1
frontier06133: fusermount3: bad mount point /tmp/khana/copper: No such file or directory
frontier01395: fusermount3: bad mount point /tmp/khana/copper: No such file or directory
clush: frontier06133: exited with exit code 1
clush: frontier01395: exited with exit code 1
frontier09188: fusermount3: bad mount point /tmp/khana/copper: No such file or directory
clush: frontier09188: exited with exit code 1
frontier01878: fusermount3: bad mount point /tmp/khana/copper: No such file or directory
clush: frontier01878: exited with exit code 1
+ clush --hostfile /lustre/orion/stf008/proj-shared/hvac/copper-cug/copper_logs/node_file.txt 'rm -rf /tmp/khana/copper'
+ clush --hostfile /lustre/orion/stf008/proj-shared/hvac/copper-cug/copper_logs/node_file.txt 'mkdir -p /tmp/khana/copper'
+ echo 'Errors below this line are critical - report if any. '
Errors below this line are critical - report if any. 
+ options=' -f -tpath / -vpath /tmp/khana/copper -log_level 6 -log_type file -log_output_dir /lustre/orion/stf008/proj-shared/hvac/copper-cug/copper_logs -net_type cxi://cxi1 -trees 1 -nf /lustre/orion/stf008/proj-shared/hvac/copper-cug/copper_logs/node_file.txt -max_cacheable_byte_size 10485760  -facility_address_book /sw/frontier/ums/ums046/copper/olcf_copper_addressbook.txt -s /tmp/khana/copper'
+ sleep 20s
+ srun -N 64 --ntasks-per-node=1 --cpus-per-task=2 --cpu-bind=threads --network=single_node_vni,job_vni /sw/frontier/ums/ums046/copper/build/cu_fuse -f -tpath / -vpath /tmp/khana/copper -log_level 6 -log_type file -log_output_dir /lustre/orion/stf008/proj-shared/hvac/copper-cug/copper_logs -net_type cxi://cxi1 -trees 1 -nf /lustre/orion/stf008/proj-shared/hvac/copper-cug/copper_logs/node_file.txt -max_cacheable_byte_size 10485760 -facility_address_book /sw/frontier/ums/ums046/copper/olcf_copper_addressbook.txt -s /tmp/khana/copper
2026-03-09 18-53-54.149 [Debug] (cu_hello_main)  
2026-03-09 18-53-54.149 [Info] (cu_hello_main) hostname found to be: frontier00029
2026-03-09 18-53-54.149 [Debug] (process_args) -tpath was found: /
2026-03-09 18-53-54.149 [Debug] (process_args) -vpath was found: /tmp/khana/copper
2026-03-09 18-53-54.149 [Debug] (process_args) -log_level was found: 6
2026-03-09 18-53-54.149 [Debug] (process_args) -log_type was found: file
2026-03-09 18-53-54.149 [Debug] (process_args) -log_output_dir was found: /lustre/orion/stf008/proj-shared/hvac/copper-cug/copper_logs
2026-03-09 18-53-54.149 [Debug] (process_args) -net_type was found: cxi://cxi1
2026-03-09 18-53-54.149 [Debug] (process_args) -trees was found: 1
2026-03-09 18-53-54.149 [Debug] (process_args) -nf was found: /lustre/orion/stf008/proj-shared/hvac/copper-cug/copper_logs/node_file.txt
2026-03-09 18-53-54.149 [Debug] (process_args) -max_cacheable_byte_size was found: 10485760
2026-03-09 18-53-54.149 [Debug] (process_args) -facility_address_book was found: /sw/frontier/ums/ums046/copper/olcf_copper_addressbook.txt
2026-03-09 18-53-54.149 [Info] (cu_hello_main) copper address located at path: /lustre/orion/stf008/proj-shared/hvac/copper-cug/copper_logs/copper_address_book.txt
2026-03-09 18-53-54.149 [Info] (cu_hello_main) facility address book filename path: /sw/frontier/ums/ums046/copper/olcf_copper_addressbook.txt
2026-03-09 18-53-54.149 [Info] (cu_hello_main) output filename path: /lustre/orion/stf008/proj-shared/hvac/copper-cug/copper_logs/frontier00029-1633666-output.log
2026-03-09 18-53-54.157 [Debug] (cu_hello_main)  
2026-03-09 18-53-54.157 [Info] (cu_hello_main) hostname found to be: frontier06910
2026-03-09 18-53-54.157 [Debug] (process_args) -tpath was found: /
2026-03-09 18-53-54.157 [Debug] (process_args) -vpath was found: /tmp/khana/copper
2026-03-09 18-53-54.157 [Debug] (process_args) -log_level was found: 6
2026-03-09 18-53-54.157 [Debug] (process_args) -log_type was found: file
2026-03-09 18-53-54.157 [Debug] (process_args) -log_output_dir was found: /lustre/orion/stf008/proj-shared/hvac/copper-cug/copper_logs
2026-03-09 18-53-54.157 [Debug] (process_args) -net_type was found: cxi://cxi1
2026-03-09 18-53-54.157 [Debug] (process_args) -trees was found: 1
2026-03-09 18-53-54.157 [Debug] (process_args) -nf was found: /lustre/orion/stf008/proj-shared/hvac/copper-cug/copper_logs/node_file.txt
2026-03-09 18-53-54.157 [Debug] (process_args) -max_cacheable_byte_size was found: 10485760
2026-03-09 18-53-54.157 [Debug] (process_args) -facility_address_book was found: /sw/frontier/ums/ums046/copper/olcf_copper_addressbook.txt
2026-03-09 18-53-54.157 [Info] (cu_hello_main) copper address located at path: /lustre/orion/stf008/proj-shared/hvac/copper-cug/copper_logs/copper_address_book.txt
2026-03-09 18-53-54.157 [Info] (cu_hello_main) facility address book filename path: /sw/frontier/ums/ums046/copper/olcf_copper_addressbook.txt
2026-03-09 18-53-54.157 [Info] (cu_hello_main) output filename path: /lustre/orion/stf008/proj-shared/hvac/copper-cug/copper_logs/frontier06910-2474367-output.log
2026-03-09 18-53-54.157 [Debug] (cu_hello_main)  
2026-03-09 18-53-54.158 [Info] (cu_hello_main) hostname found to be: frontier09188
2026-03-09 18-53-54.158 [Debug] (process_args) -tpath was found: /
2026-03-09 18-53-54.158 [Debug] (process_args) -vpath was found: /tmp/khana/copper
2026-03-09 18-53-54.158 [Debug] (process_args) -log_level was found: 6
2026-03-09 18-53-54.158 [Debug] (process_args) -log_type was found: file
2026-03-09 18-53-54.158 [Debug] (process_args) -log_output_dir was found: /lustre/orion/stf008/proj-shared/hvac/copper-cug/copper_logs
2026-03-09 18-53-54.158 [Debug] (process_args) -net_type was found: cxi://cxi1
2026-03-09 18-53-54.158 [Debug] (process_args) -trees was found: 1
2026-03-09 18-53-54.158 [Debug] (process_args) -nf was found: /lustre/orion/stf008/proj-shared/hvac/copper-cug/copper_logs/node_file.txt
2026-03-09 18-53-54.158 [Debug] (process_args) -max_cacheable_byte_size was found: 10485760
2026-03-09 18-53-54.158 [Debug] (process_args) -facility_address_book was found: /sw/frontier/ums/ums046/copper/olcf_copper_addressbook.txt
2026-03-09 18-53-54.158 [Info] (cu_hello_main) copper address located at path: /lustre/orion/stf008/proj-shared/hvac/copper-cug/copper_logs/copper_address_book.txt
2026-03-09 18-53-54.158 [Info] (cu_hello_main) facility address book filename path: /sw/frontier/ums/ums046/copper/olcf_copper_addressbook.txt
2026-03-09 18-53-54.158 [Info] (cu_hello_main) output filename path: /lustre/orion/stf008/proj-shared/hvac/copper-cug/copper_logs/frontier09188-1435089-output.log
2026-03-09 18-53-54.159 [Debug] (cu_hello_main)  
2026-03-09 18-53-54.159 [Info] (cu_hello_main) hostname found to be: frontier03968
2026-03-09 18-53-54.159 [Debug] (process_args) -tpath was found: /
2026-03-09 18-53-54.159 [Debug] (process_args) -vpath was found: /tmp/khana/copper
2026-03-09 18-53-54.159 [Debug] (process_args) -log_level was found: 6
2026-03-09 18-53-54.159 [Debug] (process_args) -log_type was found: file
2026-03-09 18-53-54.159 [Debug] (process_args) -log_output_dir was found: /lustre/orion/stf008/proj-shared/hvac/copper-cug/copper_logs
2026-03-09 18-53-54.159 [Debug] (process_args) -net_type was found: cxi://cxi1
2026-03-09 18-53-54.159 [Debug] (process_args) -trees was found: 1
2026-03-09 18-53-54.159 [Debug] (process_args) -nf was found: /lustre/orion/stf008/proj-shared/hvac/copper-cug/copper_logs/node_file.txt
2026-03-09 18-53-54.159 [Debug] (process_args) -max_cacheable_byte_size was found: 10485760
2026-03-09 18-53-54.159 [Debug] (process_args) -facility_address_book was found: /sw/frontier/ums/ums046/copper/olcf_copper_addressbook.txt
2026-03-09 18-53-54.159 [Info] (cu_hello_main) copper address located at path: /lustre/orion/stf008/proj-shared/hvac/copper-cug/copper_logs/copper_address_book.txt
2026-03-09 18-53-54.159 [Info] (cu_hello_main) facility address book filename path: /sw/frontier/ums/ums046/copper/olcf_copper_addressbook.txt
2026-03-09 18-53-54.159 [Info] (cu_hello_main) output filename path: /lustre/orion/stf008/proj-shared/hvac/copper-cug/copper_logs/frontier03968-774282-output.log
2026-03-09 18-53-54.160 [Debug] (cu_hello_main)  
2026-03-09 18-53-54.160 [Info] (cu_hello_main) hostname found to be: frontier04096
2026-03-09 18-53-54.160 [Debug] (process_args) -tpath was found: /
2026-03-09 18-53-54.160 [Debug] (process_args) -vpath was found: /tmp/khana/copper
2026-03-09 18-53-54.160 [Debug] (process_args) -log_level was found: 6
2026-03-09 18-53-54.160 [Debug] (process_args) -log_type was found: file
2026-03-09 18-53-54.160 [Debug] (process_args) -log_output_dir was found: /lustre/orion/stf008/proj-shared/hvac/copper-cug/copper_logs
2026-03-09 18-53-54.160 [Debug] (process_args) -net_type was found: cxi://cxi1
2026-03-09 18-53-54.160 [Debug] (process_args) -trees was found: 1
2026-03-09 18-53-54.160 [Debug] (process_args) -nf was found: /lustre/orion/stf008/proj-shared/hvac/copper-cug/copper_logs/node_file.txt
2026-03-09 18-53-54.160 [Debug] (process_args) -max_cacheable_byte_size was found: 10485760
2026-03-09 18-53-54.160 [Debug] (process_args) -facility_address_book was found: /sw/frontier/ums/ums046/copper/olcf_copper_addressbook.txt
2026-03-09 18-53-54.160 [Info] (cu_hello_main) copper address located at path: /lustre/orion/stf008/proj-shared/hvac/copper-cug/copper_logs/copper_address_book.txt
2026-03-09 18-53-54.160 [Info] (cu_hello_main) facility address book filename path: /sw/frontier/ums/ums046/copper/olcf_copper_addressbook.txt
2026-03-09 18-53-54.160 [Info] (cu_hello_main) output filename path: /lustre/orion/stf008/proj-shared/hvac/copper-cug/copper_logs/frontier04096-717923-output.log
2026-03-09 18-53-54.160 [Debug] (cu_hello_main)  
2026-03-09 18-53-54.160 [Info] (cu_hello_main) hostname found to be: frontier07882
2026-03-09 18-53-54.160 [Debug] (process_args) -tpath was found: /
2026-03-09 18-53-54.160 [Debug] (process_args) -vpath was found: /tmp/khana/copper
2026-03-09 18-53-54.160 [Debug] (process_args) -log_level was found: 6
2026-03-09 18-53-54.160 [Debug] (process_args) -log_type was found: file
2026-03-09 18-53-54.160 [Debug] (process_args) -log_output_dir was found: /lustre/orion/stf008/proj-shared/hvac/copper-cug/copper_logs
2026-03-09 18-53-54.160 [Debug] (cu_hello_main)  
2026-03-09 18-53-54.160 [Info] (cu_hello_main) hostname found to be: frontier06133
2026-03-09 18-53-54.160 [Debug] (process_args) -tpath was found: /
2026-03-09 18-53-54.160 [Debug] (process_args) -vpath was found: /tmp/khana/copper
2026-03-09 18-53-54.160 [Debug] (process_args) -net_type was found: cxi://cxi1
2026-03-09 18-53-54.160 [Debug] (process_args) -trees was found: 1
2026-03-09 18-53-54.160 [Debug] (process_args) -nf was found: /lustre/orion/stf008/proj-shared/hvac/copper-cug/copper_logs/node_file.txt
2026-03-09 18-53-54.160 [Debug] (process_args) -log_level was found: 6
2026-03-09 18-53-54.160 [Debug] (process_args) -log_type was found: file
2026-03-09 18-53-54.160 [Debug] (process_args) -log_output_dir was found: /lustre/orion/stf008/proj-shared/hvac/copper-cug/copper_logs
2026-03-09 18-53-54.160 [Debug] (process_args) -net_type was found: cxi://cxi1
2026-03-09 18-53-54.160 [Debug] (process_args) -trees was found: 1
2026-03-09 18-53-54.160 [Debug] (process_args) -nf was found: /lustre/orion/stf008/proj-shared/hvac/copper-cug/copper_logs/node_file.txt
2026-03-09 18-53-54.160 [Debug] (process_args) -max_cacheable_byte_size was found: 10485760
2026-03-09 18-53-54.160 [Debug] (process_args) -facility_address_book was found: /sw/frontier/ums/ums046/copper/olcf_copper_addressbook.txt
2026-03-09 18-53-54.160 [Debug] (process_args) -max_cacheable_byte_size was found: 10485760
2026-03-09 18-53-54.160 [Debug] (process_args) -facility_address_book was found: /sw/frontier/ums/ums046/copper/olcf_copper_addressbook.txt
2026-03-09 18-53-54.160 [Info] (cu_hello_main) copper address located at path: /lustre/orion/stf008/proj-shared/hvac/copper-cug/copper_logs/copper_address_book.txt
2026-03-09 18-53-54.160 [Info] (cu_hello_main) copper address located at path: /lustre/orion/stf008/proj-shared/hvac/copper-cug/copper_logs/copper_address_book.txt
2026-03-09 18-53-54.160 [Info] (cu_hello_main) facility address book filename path: /sw/frontier/ums/ums046/copper/olcf_copper_addressbook.txt
2026-03-09 18-53-54.160 [Info] (cu_hello_main) output filename path: /lustre/orion/stf008/proj-shared/hvac/copper-cug/copper_logs/frontier06133-1373621-output.log
2026-03-09 18-53-54.160 [Info] (cu_hello_main) facility address book filename path: /sw/frontier/ums/ums046/copper/olcf_copper_addressbook.txt
2026-03-09 18-53-54.160 [Info] (cu_hello_main) output filename path: /lustre/orion/stf008/proj-shared/hvac/copper-cug/copper_logs/frontier07882-1178249-output.log
2026-03-09 18-53-54.160 [Debug] (cu_hello_main)  
2026-03-09 18-53-54.160 [Info] (cu_hello_main) hostname found to be: frontier06248
2026-03-09 18-53-54.160 [Debug] (process_args) -tpath was found: /
2026-03-09 18-53-54.160 [Debug] (process_args) -vpath was found: /tmp/khana/copper
2026-03-09 18-53-54.160 [Debug] (process_args) -log_level was found: 6
2026-03-09 18-53-54.160 [Debug] (process_args) -log_type was found: file
2026-03-09 18-53-54.160 [Debug] (process_args) -log_output_dir was found: /lustre/orion/stf008/proj-shared/hvac/copper-cug/copper_logs
2026-03-09 18-53-54.160 [Debug] (process_args) -net_type was found: cxi://cxi1
2026-03-09 18-53-54.160 [Debug] (process_args) -trees was found: 1
2026-03-09 18-53-54.160 [Debug] (process_args) -nf was found: /lustre/orion/stf008/proj-shared/hvac/copper-cug/copper_logs/node_file.txt
2026-03-09 18-53-54.160 [Debug] (process_args) -max_cacheable_byte_size was found: 10485760
2026-03-09 18-53-54.160 [Debug] (process_args) -facility_address_book was found: /sw/frontier/ums/ums046/copper/olcf_copper_addressbook.txt
2026-03-09 18-53-54.160 [Info] (cu_hello_main) copper address located at path: /lustre/orion/stf008/proj-shared/hvac/copper-cug/copper_logs/copper_address_book.txt
2026-03-09 18-53-54.160 [Info] (cu_hello_main) facility address book filename path: /sw/frontier/ums/ums046/copper/olcf_copper_addressbook.txt
2026-03-09 18-53-54.160 [Info] (cu_hello_main) output filename path: /lustre/orion/stf008/proj-shared/hvac/copper-cug/copper_logs/frontier06248-199272-output.log
2026-03-09 18-53-54.161 [Debug] (cu_hello_main)  
2026-03-09 18-53-54.161 [Info] (cu_hello_main) hostname found to be: frontier00621
2026-03-09 18-53-54.161 [Debug] (process_args) -tpath was found: /
2026-03-09 18-53-54.161 [Debug] (process_args) -vpath was found: /tmp/khana/copper
2026-03-09 18-53-54.161 [Debug] (process_args) -log_level was found: 6
2026-03-09 18-53-54.161 [Debug] (process_args) -log_type was found: file
2026-03-09 18-53-54.161 [Debug] (process_args) -log_output_dir was found: /lustre/orion/stf008/proj-shared/hvac/copper-cug/copper_logs
2026-03-09 18-53-54.161 [Debug] (process_args) -net_type was found: cxi://cxi1
2026-03-09 18-53-54.161 [Debug] (process_args) -trees was found: 1
2026-03-09 18-53-54.161 [Debug] (process_args) -nf was found: /lustre/orion/stf008/proj-shared/hvac/copper-cug/copper_logs/node_file.txt
2026-03-09 18-53-54.161 [Debug] (process_args) -max_cacheable_byte_size was found: 10485760
2026-03-09 18-53-54.161 [Debug] (process_args) -facility_address_book was found: /sw/frontier/ums/ums046/copper/olcf_copper_addressbook.txt
2026-03-09 18-53-54.161 [Debug] (cu_hello_main)  
2026-03-09 18-53-54.161 [Info] (cu_hello_main) hostname found to be: frontier08794
2026-03-09 18-53-54.161 [Debug] (process_args) -tpath was found: /
2026-03-09 18-53-54.161 [Debug] (process_args) -vpath was found: /tmp/khana/copper
2026-03-09 18-53-54.161 [Debug] (process_args) -log_level was found: 6
2026-03-09 18-53-54.161 [Debug] (process_args) -log_type was found: file
2026-03-09 18-53-54.161 [Debug] (process_args) -log_output_dir was found: /lustre/orion/stf008/proj-shared/hvac/copper-cug/copper_logs
2026-03-09 18-53-54.161 [Info] (cu_hello_main) copper address located at path: /lustre/orion/stf008/proj-shared/hvac/copper-cug/copper_logs/copper_address_book.txt
2026-03-09 18-53-54.161 [Info] (cu_hello_main) facility address book filename path: /sw/frontier/ums/ums046/copper/olcf_copper_addressbook.txt
2026-03-09 18-53-54.161 [Info] (cu_hello_main) output filename path: /lustre/orion/stf008/proj-shared/hvac/copper-cug/copper_logs/frontier00621-1822253-output.log
2026-03-09 18-53-54.161 [Debug] (process_args) -net_type was found: cxi://cxi1
2026-03-09 18-53-54.161 [Debug] (process_args) -trees was found: 1
2026-03-09 18-53-54.161 [Debug] (process_args) -nf was found: /lustre/orion/stf008/proj-shared/hvac/copper-cug/copper_logs/node_file.txt
2026-03-09 18-53-54.161 [Debug] (process_args) -max_cacheable_byte_size was found: 10485760
2026-03-09 18-53-54.161 [Debug] (process_args) -facility_address_book was found: /sw/frontier/ums/ums046/copper/olcf_copper_addressbook.txt
2026-03-09 18-53-54.161 [Info] (cu_hello_main) copper address located at path: /lustre/orion/stf008/proj-shared/hvac/copper-cug/copper_logs/copper_address_book.txt
2026-03-09 18-53-54.161 [Info] (cu_hello_main) facility address book filename path: /sw/frontier/ums/ums046/copper/olcf_copper_addressbook.txt
2026-03-09 18-53-54.161 [Info] (cu_hello_main) output filename path: /lustre/orion/stf008/proj-shared/hvac/copper-cug/copper_logs/frontier08794-190241-output.log
2026-03-09 18-53-54.161 [Debug] (cu_hello_main)  
2026-03-09 18-53-54.161 [Info] (cu_hello_main) hostname found to be: frontier08287
2026-03-09 18-53-54.161 [Debug] (process_args) -tpath was found: /
2026-03-09 18-53-54.161 [Debug] (process_args) -vpath was found: /tmp/khana/copper
2026-03-09 18-53-54.161 [Debug] (process_args) -log_level was found: 6
2026-03-09 18-53-54.161 [Debug] (process_args) -log_type was found: file
2026-03-09 18-53-54.161 [Debug] (process_args) -log_output_dir was found: /lustre/orion/stf008/proj-shared/hvac/copper-cug/copper_logs
2026-03-09 18-53-54.161 [Debug] (process_args) -net_type was found: cxi://cxi1
2026-03-09 18-53-54.161 [Debug] (process_args) -trees was found: 1
2026-03-09 18-53-54.161 [Debug] (process_args) -nf was found: /lustre/orion/stf008/proj-shared/hvac/copper-cug/copper_logs/node_file.txt
2026-03-09 18-53-54.161 [Debug] (process_args) -max_cacheable_byte_size was found: 10485760
2026-03-09 18-53-54.161 [Debug] (process_args) -facility_address_book was found: /sw/frontier/ums/ums046/copper/olcf_copper_addressbook.txt
2026-03-09 18-53-54.161 [Info] (cu_hello_main) copper address located at path: /lustre/orion/stf008/proj-shared/hvac/copper-cug/copper_logs/copper_address_book.txt
2026-03-09 18-53-54.161 [Info] (cu_hello_main) facility address book filename path: /sw/frontier/ums/ums046/copper/olcf_copper_addressbook.txt
2026-03-09 18-53-54.161 [Info] (cu_hello_main) output filename path: /lustre/orion/stf008/proj-shared/hvac/copper-cug/copper_logs/frontier08287-492862-output.log
2026-03-09 18-53-54.162 [Debug] (cu_hello_main)  
2026-03-09 18-53-54.162 [Info] (cu_hello_main) hostname found to be: frontier09352
2026-03-09 18-53-54.162 [Debug] (process_args) -tpath was found: /
2026-03-09 18-53-54.162 [Debug] (process_args) -vpath was found: /tmp/khana/copper
2026-03-09 18-53-54.162 [Debug] (process_args) -log_level was found: 6
2026-03-09 18-53-54.162 [Debug] (process_args) -log_type was found: file
2026-03-09 18-53-54.162 [Debug] (process_args) -log_output_dir was found: /lustre/orion/stf008/proj-shared/hvac/copper-cug/copper_logs
2026-03-09 18-53-54.162 [Debug] (process_args) -net_type was found: cxi://cxi1
2026-03-09 18-53-54.162 [Debug] (process_args) -trees was found: 1
2026-03-09 18-53-54.162 [Debug] (process_args) -nf was found: /lustre/orion/stf008/proj-shared/hvac/copper-cug/copper_logs/node_file.txt
2026-03-09 18-53-54.162 [Debug] (process_args) -max_cacheable_byte_size was found: 10485760
2026-03-09 18-53-54.162 [Debug] (process_args) -facility_address_book was found: /sw/frontier/ums/ums046/copper/olcf_copper_addressbook.txt
2026-03-09 18-53-54.162 [Info] (cu_hello_main) copper address located at path: /lustre/orion/stf008/proj-shared/hvac/copper-cug/copper_logs/copper_address_book.txt
2026-03-09 18-53-54.162 [Info] (cu_hello_main) facility address book filename path: /sw/frontier/ums/ums046/copper/olcf_copper_addressbook.txt
2026-03-09 18-53-54.162 [Info] (cu_hello_main) output filename path: /lustre/orion/stf008/proj-shared/hvac/copper-cug/copper_logs/frontier09352-1174002-output.log
2026-03-09 18-53-54.162 [Debug] (cu_hello_main)  
2026-03-09 18-53-54.163 [Info] (cu_hello_main) hostname found to be: frontier08010
2026-03-09 18-53-54.163 [Debug] (process_args) -tpath was found: /
2026-03-09 18-53-54.163 [Debug] (process_args) -vpath was found: /tmp/khana/copper
2026-03-09 18-53-54.163 [Debug] (process_args) -log_level was found: 6
2026-03-09 18-53-54.163 [Debug] (process_args) -log_type was found: file
2026-03-09 18-53-54.163 [Debug] (process_args) -log_output_dir was found: /lustre/orion/stf008/proj-shared/hvac/copper-cug/copper_logs
2026-03-09 18-53-54.163 [Debug] (process_args) -net_type was found: cxi://cxi1
2026-03-09 18-53-54.163 [Debug] (process_args) -trees was found: 1
2026-03-09 18-53-54.163 [Debug] (process_args) -nf was found: /lustre/orion/stf008/proj-shared/hvac/copper-cug/copper_logs/node_file.txt
2026-03-09 18-53-54.163 [Debug] (process_args) -max_cacheable_byte_size was found: 10485760
2026-03-09 18-53-54.163 [Debug] (process_args) -facility_address_book was found: /sw/frontier/ums/ums046/copper/olcf_copper_addressbook.txt
2026-03-09 18-53-54.163 [Info] (cu_hello_main) copper address located at path: /lustre/orion/stf008/proj-shared/hvac/copper-cug/copper_logs/copper_address_book.txt
2026-03-09 18-53-54.163 [Info] (cu_hello_main) facility address book filename path: /sw/frontier/ums/ums046/copper/olcf_copper_addressbook.txt
2026-03-09 18-53-54.163 [Info] (cu_hello_main) output filename path: /lustre/orion/stf008/proj-shared/hvac/copper-cug/copper_logs/frontier08010-1420498-output.log
2026-03-09 18-53-54.163 [Debug] (cu_hello_main)  
2026-03-09 18-53-54.163 [Info] (cu_hello_main) hostname found to be: frontier00758
2026-03-09 18-53-54.163 [Debug] (process_args) -tpath was found: /
2026-03-09 18-53-54.163 [Debug] (process_args) -vpath was found: /tmp/khana/copper
2026-03-09 18-53-54.163 [Debug] (process_args) -log_level was found: 6
2026-03-09 18-53-54.163 [Debug] (process_args) -log_type was found: file
2026-03-09 18-53-54.163 [Debug] (process_args) -log_output_dir was found: /lustre/orion/stf008/proj-shared/hvac/copper-cug/copper_logs
2026-03-09 18-53-54.163 [Debug] (process_args) -net_type was found: cxi://cxi1
2026-03-09 18-53-54.163 [Debug] (process_args) -trees was found: 1
2026-03-09 18-53-54.163 [Debug] (process_args) -nf was found: /lustre/orion/stf008/proj-shared/hvac/copper-cug/copper_logs/node_file.txt
2026-03-09 18-53-54.163 [Debug] (process_args) -max_cacheable_byte_size was found: 10485760
2026-03-09 18-53-54.163 [Debug] (process_args) -facility_address_book was found: /sw/frontier/ums/ums046/copper/olcf_copper_addressbook.txt
2026-03-09 18-53-54.163 [Info] (cu_hello_main) copper address located at path: /lustre/orion/stf008/proj-shared/hvac/copper-cug/copper_logs/copper_address_book.txt
2026-03-09 18-53-54.163 [Info] (cu_hello_main) facility address book filename path: /sw/frontier/ums/ums046/copper/olcf_copper_addressbook.txt
2026-03-09 18-53-54.163 [Info] (cu_hello_main) output filename path: /lustre/orion/stf008/proj-shared/hvac/copper-cug/copper_logs/frontier00758-1568778-output.log
2026-03-09 18-53-54.163 [Debug] (cu_hello_main)  
2026-03-09 18-53-54.163 [Info] (cu_hello_main) hostname found to be: frontier00599
2026-03-09 18-53-54.163 [Debug] (process_args) -tpath was found: /
2026-03-09 18-53-54.163 [Debug] (process_args) -vpath was found: /tmp/khana/copper
2026-03-09 18-53-54.163 [Debug] (process_args) -log_level was found: 6
2026-03-09 18-53-54.163 [Debug] (process_args) -log_type was found: file
2026-03-09 18-53-54.163 [Debug] (process_args) -log_output_dir was found: /lustre/orion/stf008/proj-shared/hvac/copper-cug/copper_logs
2026-03-09 18-53-54.163 [Debug] (process_args) -net_type was found: cxi://cxi1
2026-03-09 18-53-54.163 [Debug] (process_args) -trees was found: 1
2026-03-09 18-53-54.163 [Debug] (process_args) -nf was found: /lustre/orion/stf008/proj-shared/hvac/copper-cug/copper_logs/node_file.txt
2026-03-09 18-53-54.163 [Debug] (process_args) -max_cacheable_byte_size was found: 10485760
2026-03-09 18-53-54.163 [Debug] (process_args) -facility_address_book was found: /sw/frontier/ums/ums046/copper/olcf_copper_addressbook.txt
2026-03-09 18-53-54.163 [Info] (cu_hello_main) copper address located at path: /lustre/orion/stf008/proj-shared/hvac/copper-cug/copper_logs/copper_address_book.txt
2026-03-09 18-53-54.163 [Info] (cu_hello_main) facility address book filename path: /sw/frontier/ums/ums046/copper/olcf_copper_addressbook.txt
2026-03-09 18-53-54.163 [Info] (cu_hello_main) output filename path: /lustre/orion/stf008/proj-shared/hvac/copper-cug/copper_logs/frontier00599-655016-output.log
2026-03-09 18-53-54.164 [Debug] (cu_hello_main)  
2026-03-09 18-53-54.164 [Info] (cu_hello_main) hostname found to be: frontier04983
2026-03-09 18-53-54.164 [Debug] (process_args) -tpath was found: /
2026-03-09 18-53-54.164 [Debug] (process_args) -vpath was found: /tmp/khana/copper
2026-03-09 18-53-54.164 [Debug] (process_args) -log_level was found: 6
2026-03-09 18-53-54.165 [Debug] (process_args) -log_type was found: file
2026-03-09 18-53-54.165 [Debug] (process_args) -log_output_dir was found: /lustre/orion/stf008/proj-shared/hvac/copper-cug/copper_logs
2026-03-09 18-53-54.165 [Debug] (process_args) -net_type was found: cxi://cxi1
2026-03-09 18-53-54.165 [Debug] (process_args) -trees was found: 1
2026-03-09 18-53-54.165 [Debug] (process_args) -nf was found: /lustre/orion/stf008/proj-shared/hvac/copper-cug/copper_logs/node_file.txt
2026-03-09 18-53-54.165 [Debug] (process_args) -max_cacheable_byte_size was found: 10485760
2026-03-09 18-53-54.165 [Debug] (process_args) -facility_address_book was found: /sw/frontier/ums/ums046/copper/olcf_copper_addressbook.txt
2026-03-09 18-53-54.165 [Info] (cu_hello_main) copper address located at path: /lustre/orion/stf008/proj-shared/hvac/copper-cug/copper_logs/copper_address_book.txt
2026-03-09 18-53-54.165 [Info] (cu_hello_main) facility address book filename path: /sw/frontier/ums/ums046/copper/olcf_copper_addressbook.txt
2026-03-09 18-53-54.165 [Info] (cu_hello_main) output filename path: /lustre/orion/stf008/proj-shared/hvac/copper-cug/copper_logs/frontier04983-1003336-output.log
2026-03-09 18-53-54.165 [Debug] (cu_hello_main)  
2026-03-09 18-53-54.165 [Info] (cu_hello_main) hostname found to be: frontier03583
2026-03-09 18-53-54.165 [Debug] (process_args) -tpath was found: /
2026-03-09 18-53-54.165 [Debug] (process_args) -vpath was found: /tmp/khana/copper
2026-03-09 18-53-54.165 [Debug] (process_args) -log_level was found: 6
2026-03-09 18-53-54.165 [Debug] (process_args) -log_type was found: file
2026-03-09 18-53-54.165 [Debug] (process_args) -log_output_dir was found: /lustre/orion/stf008/proj-shared/hvac/copper-cug/copper_logs
2026-03-09 18-53-54.165 [Debug] (process_args) -net_type was found: cxi://cxi1
2026-03-09 18-53-54.165 [Debug] (process_args) -trees was found: 1
2026-03-09 18-53-54.165 [Debug] (process_args) -nf was found: /lustre/orion/stf008/proj-shared/hvac/copper-cug/copper_logs/node_file.txt
2026-03-09 18-53-54.165 [Debug] (process_args) -max_cacheable_byte_size was found: 10485760
2026-03-09 18-53-54.165 [Debug] (process_args) -facility_address_book was found: /sw/frontier/ums/ums046/copper/olcf_copper_addressbook.txt
2026-03-09 18-53-54.165 [Info] (cu_hello_main) copper address located at path: /lustre/orion/stf008/proj-shared/hvac/copper-cug/copper_logs/copper_address_book.txt
2026-03-09 18-53-54.165 [Info] (cu_hello_main) facility address book filename path: /sw/frontier/ums/ums046/copper/olcf_copper_addressbook.txt
2026-03-09 18-53-54.165 [Info] (cu_hello_main) output filename path: /lustre/orion/stf008/proj-shared/hvac/copper-cug/copper_logs/frontier03583-1591422-output.log
2026-03-09 18-53-54.165 [Debug] (cu_hello_main)  
2026-03-09 18-53-54.165 [Info] (cu_hello_main) hostname found to be: frontier04730
2026-03-09 18-53-54.165 [Debug] (process_args) -tpath was found: /
2026-03-09 18-53-54.165 [Debug] (process_args) -vpath was found: /tmp/khana/copper
2026-03-09 18-53-54.165 [Debug] (process_args) -log_level was found: 6
2026-03-09 18-53-54.165 [Debug] (process_args) -log_type was found: file
2026-03-09 18-53-54.165 [Debug] (process_args) -log_output_dir was found: /lustre/orion/stf008/proj-shared/hvac/copper-cug/copper_logs
2026-03-09 18-53-54.165 [Debug] (process_args) -net_type was found: cxi://cxi1
2026-03-09 18-53-54.165 [Debug] (process_args) -trees was found: 1
2026-03-09 18-53-54.165 [Debug] (process_args) -nf was found: /lustre/orion/stf008/proj-shared/hvac/copper-cug/copper_logs/node_file.txt
2026-03-09 18-53-54.165 [Debug] (process_args) -max_cacheable_byte_size was found: 10485760
2026-03-09 18-53-54.165 [Debug] (process_args) -facility_address_book was found: /sw/frontier/ums/ums046/copper/olcf_copper_addressbook.txt
2026-03-09 18-53-54.165 [Info] (cu_hello_main) copper address located at path: /lustre/orion/stf008/proj-shared/hvac/copper-cug/copper_logs/copper_address_book.txt
2026-03-09 18-53-54.165 [Info] (cu_hello_main) facility address book filename path: /sw/frontier/ums/ums046/copper/olcf_copper_addressbook.txt
2026-03-09 18-53-54.165 [Info] (cu_hello_main) output filename path: /lustre/orion/stf008/proj-shared/hvac/copper-cug/copper_logs/frontier04730-1291518-output.log
2026-03-09 18-53-54.165 [Debug] (cu_hello_main)  
2026-03-09 18-53-54.165 [Info] (cu_hello_main) hostname found to be: frontier07024
2026-03-09 18-53-54.165 [Debug] (process_args) -tpath was found: /
2026-03-09 18-53-54.165 [Debug] (process_args) -vpath was found: /tmp/khana/copper
2026-03-09 18-53-54.165 [Debug] (process_args) -log_level was found: 6
2026-03-09 18-53-54.165 [Debug] (process_args) -log_type was found: file
2026-03-09 18-53-54.165 [Debug] (process_args) -log_output_dir was found: /lustre/orion/stf008/proj-shared/hvac/copper-cug/copper_logs
2026-03-09 18-53-54.165 [Debug] (process_args) -net_type was found: cxi://cxi1
2026-03-09 18-53-54.165 [Debug] (process_args) -trees was found: 1
2026-03-09 18-53-54.165 [Debug] (process_args) -nf was found: /lustre/orion/stf008/proj-shared/hvac/copper-cug/copper_logs/node_file.txt
2026-03-09 18-53-54.165 [Debug] (process_args) -max_cacheable_byte_size was found: 10485760
2026-03-09 18-53-54.165 [Debug] (process_args) -facility_address_book was found: /sw/frontier/ums/ums046/copper/olcf_copper_addressbook.txt
2026-03-09 18-53-54.165 [Info] (cu_hello_main) copper address located at path: /lustre/orion/stf008/proj-shared/hvac/copper-cug/copper_logs/copper_address_book.txt
2026-03-09 18-53-54.165 [Info] (cu_hello_main) facility address book filename path: /sw/frontier/ums/ums046/copper/olcf_copper_addressbook.txt
2026-03-09 18-53-54.165 [Info] (cu_hello_main) output filename path: /lustre/orion/stf008/proj-shared/hvac/copper-cug/copper_logs/frontier07024-1831880-output.log
2026-03-09 18-53-54.167 [Debug] (cu_hello_main)  
2026-03-09 18-53-54.167 [Info] (cu_hello_main) hostname found to be: frontier05631
2026-03-09 18-53-54.167 [Debug] (process_args) -tpath was found: /
2026-03-09 18-53-54.167 [Debug] (process_args) -vpath was found: /tmp/khana/copper
2026-03-09 18-53-54.167 [Debug] (process_args) -log_level was found: 6
2026-03-09 18-53-54.167 [Debug] (process_args) -log_type was found: file
2026-03-09 18-53-54.167 [Debug] (process_args) -log_output_dir was found: /lustre/orion/stf008/proj-shared/hvac/copper-cug/copper_logs
2026-03-09 18-53-54.167 [Debug] (process_args) -net_type was found: cxi://cxi1
2026-03-09 18-53-54.167 [Debug] (process_args) -trees was found: 1
2026-03-09 18-53-54.167 [Debug] (process_args) -nf was found: /lustre/orion/stf008/proj-shared/hvac/copper-cug/copper_logs/node_file.txt
2026-03-09 18-53-54.167 [Debug] (process_args) -max_cacheable_byte_size was found: 10485760
2026-03-09 18-53-54.167 [Debug] (process_args) -facility_address_book was found: /sw/frontier/ums/ums046/copper/olcf_copper_addressbook.txt
2026-03-09 18-53-54.167 [Info] (cu_hello_main) copper address located at path: /lustre/orion/stf008/proj-shared/hvac/copper-cug/copper_logs/copper_address_book.txt
2026-03-09 18-53-54.167 [Info] (cu_hello_main) facility address book filename path: /sw/frontier/ums/ums046/copper/olcf_copper_addressbook.txt
2026-03-09 18-53-54.167 [Info] (cu_hello_main) output filename path: /lustre/orion/stf008/proj-shared/hvac/copper-cug/copper_logs/frontier05631-1286031-output.log
2026-03-09 18-53-54.167 [Debug] (cu_hello_main)  
2026-03-09 18-53-54.167 [Info] (cu_hello_main) hostname found to be: frontier08454
2026-03-09 18-53-54.167 [Debug] (process_args) -tpath was found: /
2026-03-09 18-53-54.167 [Debug] (process_args) -vpath was found: /tmp/khana/copper
2026-03-09 18-53-54.167 [Debug] (process_args) -log_level was found: 6
2026-03-09 18-53-54.167 [Debug] (process_args) -log_type was found: file
2026-03-09 18-53-54.167 [Debug] (process_args) -log_output_dir was found: /lustre/orion/stf008/proj-shared/hvac/copper-cug/copper_logs
2026-03-09 18-53-54.167 [Debug] (process_args) -net_type was found: cxi://cxi1
2026-03-09 18-53-54.167 [Debug] (process_args) -trees was found: 1
2026-03-09 18-53-54.167 [Debug] (process_args) -nf was found: /lustre/orion/stf008/proj-shared/hvac/copper-cug/copper_logs/node_file.txt
2026-03-09 18-53-54.167 [Debug] (process_args) -max_cacheable_byte_size was found: 10485760
2026-03-09 18-53-54.167 [Debug] (process_args) -facility_address_book was found: /sw/frontier/ums/ums046/copper/olcf_copper_addressbook.txt
2026-03-09 18-53-54.167 [Info] (cu_hello_main) copper address located at path: /lustre/orion/stf008/proj-shared/hvac/copper-cug/copper_logs/copper_address_book.txt
2026-03-09 18-53-54.167 [Info] (cu_hello_main) facility address book filename path: /sw/frontier/ums/ums046/copper/olcf_copper_addressbook.txt
2026-03-09 18-53-54.167 [Info] (cu_hello_main) output filename path: /lustre/orion/stf008/proj-shared/hvac/copper-cug/copper_logs/frontier08454-190124-output.log
2026-03-09 18-53-54.167 [Debug] (cu_hello_main)  
2026-03-09 18-53-54.167 [Info] (cu_hello_main) hostname found to be: frontier01097
2026-03-09 18-53-54.168 [Debug] (process_args) -tpath was found: /
2026-03-09 18-53-54.168 [Debug] (process_args) -vpath was found: /tmp/khana/copper
2026-03-09 18-53-54.168 [Debug] (process_args) -log_level was found: 6
2026-03-09 18-53-54.168 [Debug] (process_args) -log_type was found: file
2026-03-09 18-53-54.168 [Debug] (process_args) -log_output_dir was found: /lustre/orion/stf008/proj-shared/hvac/copper-cug/copper_logs
2026-03-09 18-53-54.168 [Debug] (process_args) -net_type was found: cxi://cxi1
2026-03-09 18-53-54.168 [Debug] (process_args) -trees was found: 1
2026-03-09 18-53-54.168 [Debug] (process_args) -nf was found: /lustre/orion/stf008/proj-shared/hvac/copper-cug/copper_logs/node_file.txt
2026-03-09 18-53-54.168 [Debug] (process_args) -max_cacheable_byte_size was found: 10485760
2026-03-09 18-53-54.168 [Debug] (process_args) -facility_address_book was found: /sw/frontier/ums/ums046/copper/olcf_copper_addressbook.txt
2026-03-09 18-53-54.168 [Info] (cu_hello_main) copper address located at path: /lustre/orion/stf008/proj-shared/hvac/copper-cug/copper_logs/copper_address_book.txt
2026-03-09 18-53-54.168 [Info] (cu_hello_main) facility address book filename path: /sw/frontier/ums/ums046/copper/olcf_copper_addressbook.txt
2026-03-09 18-53-54.168 [Info] (cu_hello_main) output filename path: /lustre/orion/stf008/proj-shared/hvac/copper-cug/copper_logs/frontier01097-1578305-output.log
2026-03-09 18-53-54.168 [Debug] (cu_hello_main)  
2026-03-09 18-53-54.168 [Info] (cu_hello_main) hostname found to be: frontier03712
2026-03-09 18-53-54.168 [Debug] (process_args) -tpath was found: /
2026-03-09 18-53-54.168 [Debug] (process_args) -vpath was found: /tmp/khana/copper
2026-03-09 18-53-54.168 [Debug] (process_args) -log_level was found: 6
2026-03-09 18-53-54.168 [Debug] (process_args) -log_type was found: file
2026-03-09 18-53-54.168 [Debug] (process_args) -log_output_dir was found: /lustre/orion/stf008/proj-shared/hvac/copper-cug/copper_logs
2026-03-09 18-53-54.168 [Debug] (process_args) -net_type was found: cxi://cxi1
2026-03-09 18-53-54.168 [Debug] (process_args) -trees was found: 1
2026-03-09 18-53-54.168 [Debug] (process_args) -nf was found: /lustre/orion/stf008/proj-shared/hvac/copper-cug/copper_logs/node_file.txt
2026-03-09 18-53-54.168 [Debug] (process_args) -max_cacheable_byte_size was found: 10485760
2026-03-09 18-53-54.168 [Debug] (process_args) -facility_address_book was found: /sw/frontier/ums/ums046/copper/olcf_copper_addressbook.txt
2026-03-09 18-53-54.168 [Info] (cu_hello_main) copper address located at path: /lustre/orion/stf008/proj-shared/hvac/copper-cug/copper_logs/copper_address_book.txt
2026-03-09 18-53-54.168 [Info] (cu_hello_main) facility address book filename path: /sw/frontier/ums/ums046/copper/olcf_copper_addressbook.txt
2026-03-09 18-53-54.168 [Info] (cu_hello_main) output filename path: /lustre/orion/stf008/proj-shared/hvac/copper-cug/copper_logs/frontier03712-1271143-output.log
2026-03-09 18-53-54.168 [Debug] (cu_hello_main)  
2026-03-09 18-53-54.168 [Info] (cu_hello_main) hostname found to be: frontier01878
2026-03-09 18-53-54.168 [Debug] (process_args) -tpath was found: /
2026-03-09 18-53-54.168 [Debug] (process_args) -vpath was found: /tmp/khana/copper
2026-03-09 18-53-54.168 [Debug] (process_args) -log_level was found: 6
2026-03-09 18-53-54.168 [Debug] (process_args) -log_type was found: file
2026-03-09 18-53-54.168 [Debug] (process_args) -log_output_dir was found: /lustre/orion/stf008/proj-shared/hvac/copper-cug/copper_logs
2026-03-09 18-53-54.168 [Debug] (process_args) -net_type was found: cxi://cxi1
2026-03-09 18-53-54.168 [Debug] (process_args) -trees was found: 1
2026-03-09 18-53-54.168 [Debug] (process_args) -nf was found: /lustre/orion/stf008/proj-shared/hvac/copper-cug/copper_logs/node_file.txt
2026-03-09 18-53-54.168 [Debug] (process_args) -max_cacheable_byte_size was found: 10485760
2026-03-09 18-53-54.168 [Debug] (process_args) -facility_address_book was found: /sw/frontier/ums/ums046/copper/olcf_copper_addressbook.txt
2026-03-09 18-53-54.168 [Info] (cu_hello_main) copper address located at path: /lustre/orion/stf008/proj-shared/hvac/copper-cug/copper_logs/copper_address_book.txt
2026-03-09 18-53-54.168 [Info] (cu_hello_main) facility address book filename path: /sw/frontier/ums/ums046/copper/olcf_copper_addressbook.txt
2026-03-09 18-53-54.168 [Info] (cu_hello_main) output filename path: /lustre/orion/stf008/proj-shared/hvac/copper-cug/copper_logs/frontier01878-1000152-output.log
2026-03-09 18-53-54.168 [Debug] (cu_hello_main)  
2026-03-09 18-53-54.169 [Info] (cu_hello_main) hostname found to be: frontier06429
2026-03-09 18-53-54.169 [Debug] (process_args) -tpath was found: /
2026-03-09 18-53-54.169 [Debug] (process_args) -vpath was found: /tmp/khana/copper
2026-03-09 18-53-54.169 [Debug] (process_args) -log_level was found: 6
2026-03-09 18-53-54.169 [Debug] (process_args) -log_type was found: file
2026-03-09 18-53-54.169 [Debug] (process_args) -log_output_dir was found: /lustre/orion/stf008/proj-shared/hvac/copper-cug/copper_logs
2026-03-09 18-53-54.169 [Debug] (process_args) -net_type was found: cxi://cxi1
2026-03-09 18-53-54.169 [Debug] (process_args) -trees was found: 1
2026-03-09 18-53-54.169 [Debug] (process_args) -nf was found: /lustre/orion/stf008/proj-shared/hvac/copper-cug/copper_logs/node_file.txt
2026-03-09 18-53-54.169 [Debug] (process_args) -max_cacheable_byte_size was found: 10485760
2026-03-09 18-53-54.169 [Debug] (process_args) -facility_address_book was found: /sw/frontier/ums/ums046/copper/olcf_copper_addressbook.txt
2026-03-09 18-53-54.169 [Info] (cu_hello_main) copper address located at path: /lustre/orion/stf008/proj-shared/hvac/copper-cug/copper_logs/copper_address_book.txt
2026-03-09 18-53-54.169 [Info] (cu_hello_main) facility address book filename path: /sw/frontier/ums/ums046/copper/olcf_copper_addressbook.txt
2026-03-09 18-53-54.169 [Info] (cu_hello_main) output filename path: /lustre/orion/stf008/proj-shared/hvac/copper-cug/copper_logs/frontier06429-1666743-output.log
2026-03-09 18-53-54.169 [Debug] (cu_hello_main)  
2026-03-09 18-53-54.169 [Info] (cu_hello_main) hostname found to be: frontier01754
2026-03-09 18-53-54.169 [Debug] (process_args) -tpath was found: /
2026-03-09 18-53-54.169 [Debug] (process_args) -vpath was found: /tmp/khana/copper
2026-03-09 18-53-54.169 [Debug] (process_args) -log_level was found: 6
2026-03-09 18-53-54.169 [Debug] (process_args) -log_type was found: file
2026-03-09 18-53-54.169 [Debug] (process_args) -log_output_dir was found: /lustre/orion/stf008/proj-shared/hvac/copper-cug/copper_logs
2026-03-09 18-53-54.169 [Debug] (process_args) -net_type was found: cxi://cxi1
2026-03-09 18-53-54.169 [Debug] (process_args) -trees was found: 1
2026-03-09 18-53-54.169 [Debug] (process_args) -nf was found: /lustre/orion/stf008/proj-shared/hvac/copper-cug/copper_logs/node_file.txt
2026-03-09 18-53-54.169 [Debug] (process_args) -max_cacheable_byte_size was found: 10485760
2026-03-09 18-53-54.169 [Debug] (process_args) -facility_address_book was found: /sw/frontier/ums/ums046/copper/olcf_copper_addressbook.txt
2026-03-09 18-53-54.169 [Info] (cu_hello_main) copper address located at path: /lustre/orion/stf008/proj-shared/hvac/copper-cug/copper_logs/copper_address_book.txt
2026-03-09 18-53-54.169 [Info] (cu_hello_main) facility address book filename path: /sw/frontier/ums/ums046/copper/olcf_copper_addressbook.txt
2026-03-09 18-53-54.169 [Info] (cu_hello_main) output filename path: /lustre/orion/stf008/proj-shared/hvac/copper-cug/copper_logs/frontier01754-1344965-output.log
2026-03-09 18-53-54.169 [Debug] (cu_hello_main)  
2026-03-09 18-53-54.169 [Info] (cu_hello_main) hostname found to be: frontier01395
2026-03-09 18-53-54.169 [Debug] (process_args) -tpath was found: /
2026-03-09 18-53-54.169 [Debug] (process_args) -vpath was found: /tmp/khana/copper
2026-03-09 18-53-54.169 [Debug] (process_args) -log_level was found: 6
2026-03-09 18-53-54.169 [Debug] (process_args) -log_type was found: file
2026-03-09 18-53-54.169 [Debug] (process_args) -log_output_dir was found: /lustre/orion/stf008/proj-shared/hvac/copper-cug/copper_logs
2026-03-09 18-53-54.169 [Debug] (process_args) -net_type was found: cxi://cxi1
2026-03-09 18-53-54.169 [Debug] (process_args) -trees was found: 1
2026-03-09 18-53-54.169 [Debug] (process_args) -nf was found: /lustre/orion/stf008/proj-shared/hvac/copper-cug/copper_logs/node_file.txt
2026-03-09 18-53-54.169 [Debug] (process_args) -max_cacheable_byte_size was found: 10485760
2026-03-09 18-53-54.169 [Debug] (process_args) -facility_address_book was found: /sw/frontier/ums/ums046/copper/olcf_copper_addressbook.txt
2026-03-09 18-53-54.169 [Info] (cu_hello_main) copper address located at path: /lustre/orion/stf008/proj-shared/hvac/copper-cug/copper_logs/copper_address_book.txt
2026-03-09 18-53-54.169 [Info] (cu_hello_main) facility address book filename path: /sw/frontier/ums/ums046/copper/olcf_copper_addressbook.txt
2026-03-09 18-53-54.169 [Info] (cu_hello_main) output filename path: /lustre/orion/stf008/proj-shared/hvac/copper-cug/copper_logs/frontier01395-490578-output.log
2026-03-09 18-53-54.170 [Debug] (cu_hello_main)  
2026-03-09 18-53-54.170 [Info] (cu_hello_main) hostname found to be: frontier01279
2026-03-09 18-53-54.170 [Debug] (process_args) -tpath was found: /
2026-03-09 18-53-54.170 [Debug] (process_args) -vpath was found: /tmp/khana/copper
2026-03-09 18-53-54.170 [Debug] (process_args) -log_level was found: 6
2026-03-09 18-53-54.170 [Debug] (process_args) -log_type was found: file
2026-03-09 18-53-54.170 [Debug] (cu_hello_main)  
2026-03-09 18-53-54.170 [Info] (cu_hello_main) hostname found to be: frontier01502
2026-03-09 18-53-54.170 [Debug] (process_args) -tpath was found: /
2026-03-09 18-53-54.170 [Debug] (process_args) -vpath was found: /tmp/khana/copper
2026-03-09 18-53-54.170 [Debug] (process_args) -log_level was found: 6
2026-03-09 18-53-54.170 [Debug] (process_args) -log_output_dir was found: /lustre/orion/stf008/proj-shared/hvac/copper-cug/copper_logs
2026-03-09 18-53-54.170 [Debug] (process_args) -net_type was found: cxi://cxi1
2026-03-09 18-53-54.170 [Debug] (process_args) -trees was found: 1
2026-03-09 18-53-54.170 [Debug] (process_args) -nf was found: /lustre/orion/stf008/proj-shared/hvac/copper-cug/copper_logs/node_file.txt
2026-03-09 18-53-54.170 [Debug] (process_args) -max_cacheable_byte_size was found: 10485760
2026-03-09 18-53-54.170 [Debug] (process_args) -facility_address_book was found: /sw/frontier/ums/ums046/copper/olcf_copper_addressbook.txt
2026-03-09 18-53-54.170 [Debug] (process_args) -log_type was found: file
2026-03-09 18-53-54.170 [Debug] (process_args) -log_output_dir was found: /lustre/orion/stf008/proj-shared/hvac/copper-cug/copper_logs
2026-03-09 18-53-54.170 [Debug] (process_args) -net_type was found: cxi://cxi1
2026-03-09 18-53-54.170 [Debug] (process_args) -trees was found: 1
2026-03-09 18-53-54.170 [Debug] (process_args) -nf was found: /lustre/orion/stf008/proj-shared/hvac/copper-cug/copper_logs/node_file.txt
2026-03-09 18-53-54.170 [Debug] (process_args) -max_cacheable_byte_size was found: 10485760
2026-03-09 18-53-54.170 [Debug] (process_args) -facility_address_book was found: /sw/frontier/ums/ums046/copper/olcf_copper_addressbook.txt
2026-03-09 18-53-54.170 [Info] (cu_hello_main) copper address located at path: /lustre/orion/stf008/proj-shared/hvac/copper-cug/copper_logs/copper_address_book.txt
2026-03-09 18-53-54.170 [Info] (cu_hello_main) facility address book filename path: /sw/frontier/ums/ums046/copper/olcf_copper_addressbook.txt
2026-03-09 18-53-54.170 [Info] (cu_hello_main) output filename path: /lustre/orion/stf008/proj-shared/hvac/copper-cug/copper_logs/frontier01279-1883578-output.log
2026-03-09 18-53-54.170 [Info] (cu_hello_main) copper address located at path: /lustre/orion/stf008/proj-shared/hvac/copper-cug/copper_logs/copper_address_book.txt
2026-03-09 18-53-54.170 [Info] (cu_hello_main) facility address book filename path: /sw/frontier/ums/ums046/copper/olcf_copper_addressbook.txt
2026-03-09 18-53-54.170 [Info] (cu_hello_main) output filename path: /lustre/orion/stf008/proj-shared/hvac/copper-cug/copper_logs/frontier01502-1602987-output.log
2026-03-09 18-53-54.171 [Debug] (cu_hello_main)  
2026-03-09 18-53-54.171 [Info] (cu_hello_main) hostname found to be: frontier02806
2026-03-09 18-53-54.171 [Debug] (process_args) -tpath was found: /
2026-03-09 18-53-54.171 [Debug] (process_args) -vpath was found: /tmp/khana/copper
2026-03-09 18-53-54.171 [Debug] (process_args) -log_level was found: 6
2026-03-09 18-53-54.171 [Debug] (process_args) -log_type was found: file
2026-03-09 18-53-54.171 [Debug] (process_args) -log_output_dir was found: /lustre/orion/stf008/proj-shared/hvac/copper-cug/copper_logs
2026-03-09 18-53-54.171 [Debug] (process_args) -net_type was found: cxi://cxi1
2026-03-09 18-53-54.171 [Debug] (process_args) -trees was found: 1
2026-03-09 18-53-54.171 [Debug] (process_args) -nf was found: /lustre/orion/stf008/proj-shared/hvac/copper-cug/copper_logs/node_file.txt
2026-03-09 18-53-54.171 [Debug] (process_args) -max_cacheable_byte_size was found: 10485760
2026-03-09 18-53-54.171 [Debug] (process_args) -facility_address_book was found: /sw/frontier/ums/ums046/copper/olcf_copper_addressbook.txt
2026-03-09 18-53-54.171 [Info] (cu_hello_main) copper address located at path: /lustre/orion/stf008/proj-shared/hvac/copper-cug/copper_logs/copper_address_book.txt
2026-03-09 18-53-54.171 [Info] (cu_hello_main) facility address book filename path: /sw/frontier/ums/ums046/copper/olcf_copper_addressbook.txt
2026-03-09 18-53-54.171 [Info] (cu_hello_main) output filename path: /lustre/orion/stf008/proj-shared/hvac/copper-cug/copper_logs/frontier02806-1187055-output.log
2026-03-09 18-53-54.171 [Debug] (cu_hello_main)  
2026-03-09 18-53-54.171 [Info] (cu_hello_main) hostname found to be: frontier02934
2026-03-09 18-53-54.171 [Debug] (process_args) -tpath was found: /
2026-03-09 18-53-54.171 [Debug] (process_args) -vpath was found: /tmp/khana/copper
2026-03-09 18-53-54.171 [Debug] (process_args) -log_level was found: 6
2026-03-09 18-53-54.171 [Debug] (process_args) -log_type was found: file
2026-03-09 18-53-54.171 [Debug] (process_args) -log_output_dir was found: /lustre/orion/stf008/proj-shared/hvac/copper-cug/copper_logs
2026-03-09 18-53-54.171 [Debug] (process_args) -net_type was found: cxi://cxi1
2026-03-09 18-53-54.171 [Debug] (process_args) -trees was found: 1
2026-03-09 18-53-54.171 [Debug] (process_args) -nf was found: /lustre/orion/stf008/proj-shared/hvac/copper-cug/copper_logs/node_file.txt
2026-03-09 18-53-54.171 [Debug] (process_args) -max_cacheable_byte_size was found: 10485760
2026-03-09 18-53-54.171 [Debug] (process_args) -facility_address_book was found: /sw/frontier/ums/ums046/copper/olcf_copper_addressbook.txt
2026-03-09 18-53-54.171 [Info] (cu_hello_main) copper address located at path: /lustre/orion/stf008/proj-shared/hvac/copper-cug/copper_logs/copper_address_book.txt
2026-03-09 18-53-54.171 [Info] (cu_hello_main) facility address book filename path: /sw/frontier/ums/ums046/copper/olcf_copper_addressbook.txt
2026-03-09 18-53-54.171 [Info] (cu_hello_main) output filename path: /lustre/orion/stf008/proj-shared/hvac/copper-cug/copper_logs/frontier02934-862554-output.log
2026-03-09 18-53-54.171 [Debug] (cu_hello_main)  
2026-03-09 18-53-54.171 [Info] (cu_hello_main) hostname found to be: frontier04316
2026-03-09 18-53-54.171 [Debug] (process_args) -tpath was found: /
2026-03-09 18-53-54.171 [Debug] (process_args) -vpath was found: /tmp/khana/copper
2026-03-09 18-53-54.171 [Debug] (process_args) -log_level was found: 6
2026-03-09 18-53-54.171 [Debug] (process_args) -log_type was found: file
2026-03-09 18-53-54.171 [Debug] (process_args) -log_output_dir was found: /lustre/orion/stf008/proj-shared/hvac/copper-cug/copper_logs
2026-03-09 18-53-54.171 [Debug] (process_args) -net_type was found: cxi://cxi1
2026-03-09 18-53-54.171 [Debug] (process_args) -trees was found: 1
2026-03-09 18-53-54.171 [Debug] (process_args) -nf was found: /lustre/orion/stf008/proj-shared/hvac/copper-cug/copper_logs/node_file.txt
2026-03-09 18-53-54.171 [Debug] (process_args) -max_cacheable_byte_size was found: 10485760
2026-03-09 18-53-54.171 [Debug] (process_args) -facility_address_book was found: /sw/frontier/ums/ums046/copper/olcf_copper_addressbook.txt
2026-03-09 18-53-54.171 [Info] (cu_hello_main) copper address located at path: /lustre/orion/stf008/proj-shared/hvac/copper-cug/copper_logs/copper_address_book.txt
2026-03-09 18-53-54.171 [Info] (cu_hello_main) facility address book filename path: /sw/frontier/ums/ums046/copper/olcf_copper_addressbook.txt
2026-03-09 18-53-54.171 [Info] (cu_hello_main) output filename path: /lustre/orion/stf008/proj-shared/hvac/copper-cug/copper_logs/frontier04316-431566-output.log
2026-03-09 18-53-54.171 [Debug] (cu_hello_main)  
2026-03-09 18-53-54.172 [Info] (cu_hello_main) hostname found to be: frontier06375
2026-03-09 18-53-54.171 [Debug] (cu_hello_main)  
2026-03-09 18-53-54.172 [Info] (cu_hello_main) hostname found to be: frontier02042
2026-03-09 18-53-54.172 [Debug] (process_args) -tpath was found: /
2026-03-09 18-53-54.172 [Debug] (process_args) -vpath was found: /tmp/khana/copper
2026-03-09 18-53-54.172 [Debug] (process_args) -log_level was found: 6
2026-03-09 18-53-54.172 [Debug] (process_args) -log_type was found: file
2026-03-09 18-53-54.172 [Debug] (process_args) -log_output_dir was found: /lustre/orion/stf008/proj-shared/hvac/copper-cug/copper_logs
2026-03-09 18-53-54.172 [Debug] (process_args) -net_type was found: cxi://cxi1
2026-03-09 18-53-54.172 [Debug] (process_args) -trees was found: 1
2026-03-09 18-53-54.172 [Debug] (process_args) -nf was found: /lustre/orion/stf008/proj-shared/hvac/copper-cug/copper_logs/node_file.txt
2026-03-09 18-53-54.172 [Debug] (process_args) -tpath was found: /
2026-03-09 18-53-54.172 [Debug] (process_args) -vpath was found: /tmp/khana/copper
2026-03-09 18-53-54.172 [Debug] (process_args) -log_level was found: 6
2026-03-09 18-53-54.172 [Debug] (process_args) -log_type was found: file
2026-03-09 18-53-54.172 [Debug] (process_args) -max_cacheable_byte_size was found: 10485760
2026-03-09 18-53-54.172 [Debug] (process_args) -facility_address_book was found: /sw/frontier/ums/ums046/copper/olcf_copper_addressbook.txt
2026-03-09 18-53-54.172 [Info] (cu_hello_main) copper address located at path: /lustre/orion/stf008/proj-shared/hvac/copper-cug/copper_logs/copper_address_book.txt
2026-03-09 18-53-54.172 [Info] (cu_hello_main) facility address book filename path: /sw/frontier/ums/ums046/copper/olcf_copper_addressbook.txt
2026-03-09 18-53-54.172 [Debug] (process_args) -log_output_dir was found: /lustre/orion/stf008/proj-shared/hvac/copper-cug/copper_logs
2026-03-09 18-53-54.172 [Debug] (process_args) -net_type was found: cxi://cxi1
2026-03-09 18-53-54.172 [Debug] (process_args) -trees was found: 1
2026-03-09 18-53-54.172 [Debug] (process_args) -nf was found: /lustre/orion/stf008/proj-shared/hvac/copper-cug/copper_logs/node_file.txt
2026-03-09 18-53-54.172 [Info] (cu_hello_main) output filename path: /lustre/orion/stf008/proj-shared/hvac/copper-cug/copper_logs/frontier06375-1105226-output.log
2026-03-09 18-53-54.172 [Debug] (process_args) -max_cacheable_byte_size was found: 10485760
2026-03-09 18-53-54.172 [Debug] (process_args) -facility_address_book was found: /sw/frontier/ums/ums046/copper/olcf_copper_addressbook.txt
2026-03-09 18-53-54.172 [Info] (cu_hello_main) copper address located at path: /lustre/orion/stf008/proj-shared/hvac/copper-cug/copper_logs/copper_address_book.txt
2026-03-09 18-53-54.172 [Info] (cu_hello_main) facility address book filename path: /sw/frontier/ums/ums046/copper/olcf_copper_addressbook.txt
2026-03-09 18-53-54.172 [Info] (cu_hello_main) output filename path: /lustre/orion/stf008/proj-shared/hvac/copper-cug/copper_logs/frontier02042-945006-output.log
2026-03-09 18-53-54.172 [Debug] (cu_hello_main)  
2026-03-09 18-53-54.172 [Info] (cu_hello_main) hostname found to be: frontier03525
2026-03-09 18-53-54.172 [Debug] (process_args) -tpath was found: /
2026-03-09 18-53-54.172 [Debug] (process_args) -vpath was found: /tmp/khana/copper
2026-03-09 18-53-54.172 [Debug] (process_args) -log_level was found: 6
2026-03-09 18-53-54.172 [Debug] (process_args) -log_type was found: file
2026-03-09 18-53-54.172 [Debug] (process_args) -log_output_dir was found: /lustre/orion/stf008/proj-shared/hvac/copper-cug/copper_logs
2026-03-09 18-53-54.172 [Debug] (process_args) -net_type was found: cxi://cxi1
2026-03-09 18-53-54.172 [Debug] (process_args) -trees was found: 1
2026-03-09 18-53-54.172 [Debug] (process_args) -nf was found: /lustre/orion/stf008/proj-shared/hvac/copper-cug/copper_logs/node_file.txt
2026-03-09 18-53-54.172 [Debug] (process_args) -max_cacheable_byte_size was found: 10485760
2026-03-09 18-53-54.172 [Debug] (process_args) -facility_address_book was found: /sw/frontier/ums/ums046/copper/olcf_copper_addressbook.txt
2026-03-09 18-53-54.172 [Info] (cu_hello_main) copper address located at path: /lustre/orion/stf008/proj-shared/hvac/copper-cug/copper_logs/copper_address_book.txt
2026-03-09 18-53-54.172 [Debug] (cu_hello_main)  
2026-03-09 18-53-54.172 [Info] (cu_hello_main) hostname found to be: frontier08965
2026-03-09 18-53-54.172 [Debug] (process_args) -tpath was found: /
2026-03-09 18-53-54.172 [Info] (cu_hello_main) facility address book filename path: /sw/frontier/ums/ums046/copper/olcf_copper_addressbook.txt
2026-03-09 18-53-54.172 [Debug] (process_args) -vpath was found: /tmp/khana/copper
2026-03-09 18-53-54.172 [Debug] (process_args) -log_level was found: 6
2026-03-09 18-53-54.172 [Debug] (process_args) -log_type was found: file
2026-03-09 18-53-54.172 [Debug] (process_args) -log_output_dir was found: /lustre/orion/stf008/proj-shared/hvac/copper-cug/copper_logs
2026-03-09 18-53-54.172 [Debug] (process_args) -net_type was found: cxi://cxi1
2026-03-09 18-53-54.172 [Debug] (process_args) -trees was found: 1
2026-03-09 18-53-54.172 [Info] (cu_hello_main) output filename path: /lustre/orion/stf008/proj-shared/hvac/copper-cug/copper_logs/frontier03525-1413492-output.log
2026-03-09 18-53-54.172 [Debug] (process_args) -nf was found: /lustre/orion/stf008/proj-shared/hvac/copper-cug/copper_logs/node_file.txt
2026-03-09 18-53-54.172 [Debug] (process_args) -max_cacheable_byte_size was found: 10485760
2026-03-09 18-53-54.172 [Debug] (process_args) -facility_address_book was found: /sw/frontier/ums/ums046/copper/olcf_copper_addressbook.txt
2026-03-09 18-53-54.172 [Info] (cu_hello_main) copper address located at path: /lustre/orion/stf008/proj-shared/hvac/copper-cug/copper_logs/copper_address_book.txt
2026-03-09 18-53-54.172 [Info] (cu_hello_main) facility address book filename path: /sw/frontier/ums/ums046/copper/olcf_copper_addressbook.txt
2026-03-09 18-53-54.172 [Info] (cu_hello_main) output filename path: /lustre/orion/stf008/proj-shared/hvac/copper-cug/copper_logs/frontier08965-202244-output.log
2026-03-09 18-53-54.172 [Debug] (cu_hello_main)  
2026-03-09 18-53-54.172 [Info] (cu_hello_main) hostname found to be: frontier09224
2026-03-09 18-53-54.172 [Debug] (process_args) -tpath was found: /
2026-03-09 18-53-54.172 [Debug] (process_args) -vpath was found: /tmp/khana/copper
2026-03-09 18-53-54.172 [Debug] (process_args) -log_level was found: 6
2026-03-09 18-53-54.172 [Debug] (process_args) -log_type was found: file
2026-03-09 18-53-54.172 [Debug] (process_args) -log_output_dir was found: /lustre/orion/stf008/proj-shared/hvac/copper-cug/copper_logs
2026-03-09 18-53-54.172 [Debug] (process_args) -net_type was found: cxi://cxi1
2026-03-09 18-53-54.172 [Debug] (process_args) -trees was found: 1
2026-03-09 18-53-54.172 [Debug] (process_args) -nf was found: /lustre/orion/stf008/proj-shared/hvac/copper-cug/copper_logs/node_file.txt
2026-03-09 18-53-54.172 [Debug] (process_args) -max_cacheable_byte_size was found: 10485760
2026-03-09 18-53-54.172 [Debug] (process_args) -facility_address_book was found: /sw/frontier/ums/ums046/copper/olcf_copper_addressbook.txt
2026-03-09 18-53-54.172 [Info] (cu_hello_main) copper address located at path: /lustre/orion/stf008/proj-shared/hvac/copper-cug/copper_logs/copper_address_book.txt
2026-03-09 18-53-54.172 [Info] (cu_hello_main) facility address book filename path: /sw/frontier/ums/ums046/copper/olcf_copper_addressbook.txt
2026-03-09 18-53-54.172 [Info] (cu_hello_main) output filename path: /lustre/orion/stf008/proj-shared/hvac/copper-cug/copper_logs/frontier09224-1130486-output.log
2026-03-09 18-53-54.172 [Debug] (cu_hello_main)  
2026-03-09 18-53-54.172 [Info] (cu_hello_main) hostname found to be: frontier07505
2026-03-09 18-53-54.172 [Debug] (process_args) -tpath was found: /
2026-03-09 18-53-54.172 [Debug] (process_args) -vpath was found: /tmp/khana/copper
2026-03-09 18-53-54.172 [Debug] (process_args) -log_level was found: 6
2026-03-09 18-53-54.172 [Debug] (process_args) -log_type was found: file
2026-03-09 18-53-54.172 [Debug] (process_args) -log_output_dir was found: /lustre/orion/stf008/proj-shared/hvac/copper-cug/copper_logs
2026-03-09 18-53-54.172 [Debug] (process_args) -net_type was found: cxi://cxi1
2026-03-09 18-53-54.172 [Debug] (process_args) -trees was found: 1
2026-03-09 18-53-54.172 [Debug] (process_args) -nf was found: /lustre/orion/stf008/proj-shared/hvac/copper-cug/copper_logs/node_file.txt
2026-03-09 18-53-54.172 [Debug] (process_args) -max_cacheable_byte_size was found: 10485760
2026-03-09 18-53-54.172 [Debug] (process_args) -facility_address_book was found: /sw/frontier/ums/ums046/copper/olcf_copper_addressbook.txt
2026-03-09 18-53-54.173 [Info] (cu_hello_main) copper address located at path: /lustre/orion/stf008/proj-shared/hvac/copper-cug/copper_logs/copper_address_book.txt
2026-03-09 18-53-54.173 [Info] (cu_hello_main) facility address book filename path: /sw/frontier/ums/ums046/copper/olcf_copper_addressbook.txt
2026-03-09 18-53-54.173 [Info] (cu_hello_main) output filename path: /lustre/orion/stf008/proj-shared/hvac/copper-cug/copper_logs/frontier07505-1288173-output.log
2026-03-09 18-53-54.173 [Debug] (cu_hello_main)  
2026-03-09 18-53-54.173 [Info] (cu_hello_main) hostname found to be: frontier05929
2026-03-09 18-53-54.173 [Debug] (process_args) -tpath was found: /
2026-03-09 18-53-54.173 [Debug] (process_args) -vpath was found: /tmp/khana/copper
2026-03-09 18-53-54.173 [Debug] (process_args) -log_level was found: 6
2026-03-09 18-53-54.173 [Debug] (process_args) -log_type was found: file
2026-03-09 18-53-54.173 [Debug] (process_args) -log_output_dir was found: /lustre/orion/stf008/proj-shared/hvac/copper-cug/copper_logs
2026-03-09 18-53-54.173 [Debug] (process_args) -net_type was found: cxi://cxi1
2026-03-09 18-53-54.173 [Debug] (process_args) -trees was found: 1
2026-03-09 18-53-54.173 [Debug] (process_args) -nf was found: /lustre/orion/stf008/proj-shared/hvac/copper-cug/copper_logs/node_file.txt
2026-03-09 18-53-54.173 [Debug] (process_args) -max_cacheable_byte_size was found: 10485760
2026-03-09 18-53-54.173 [Debug] (process_args) -facility_address_book was found: /sw/frontier/ums/ums046/copper/olcf_copper_addressbook.txt
2026-03-09 18-53-54.173 [Info] (cu_hello_main) copper address located at path: /lustre/orion/stf008/proj-shared/hvac/copper-cug/copper_logs/copper_address_book.txt
2026-03-09 18-53-54.173 [Info] (cu_hello_main) facility address book filename path: /sw/frontier/ums/ums046/copper/olcf_copper_addressbook.txt
2026-03-09 18-53-54.173 [Info] (cu_hello_main) output filename path: /lustre/orion/stf008/proj-shared/hvac/copper-cug/copper_logs/frontier05929-661713-output.log
2026-03-09 18-53-54.173 [Debug] (cu_hello_main)  
2026-03-09 18-53-54.173 [Info] (cu_hello_main) hostname found to be: frontier10173
2026-03-09 18-53-54.173 [Debug] (process_args) -tpath was found: /
2026-03-09 18-53-54.173 [Debug] (process_args) -vpath was found: /tmp/khana/copper
2026-03-09 18-53-54.173 [Debug] (process_args) -log_level was found: 6
2026-03-09 18-53-54.173 [Debug] (process_args) -log_type was found: file
2026-03-09 18-53-54.173 [Debug] (process_args) -log_output_dir was found: /lustre/orion/stf008/proj-shared/hvac/copper-cug/copper_logs
2026-03-09 18-53-54.173 [Debug] (process_args) -net_type was found: cxi://cxi1
2026-03-09 18-53-54.173 [Debug] (process_args) -trees was found: 1
2026-03-09 18-53-54.173 [Debug] (process_args) -nf was found: /lustre/orion/stf008/proj-shared/hvac/copper-cug/copper_logs/node_file.txt
2026-03-09 18-53-54.173 [Debug] (process_args) -max_cacheable_byte_size was found: 10485760
2026-03-09 18-53-54.173 [Debug] (process_args) -facility_address_book was found: /sw/frontier/ums/ums046/copper/olcf_copper_addressbook.txt
2026-03-09 18-53-54.173 [Info] (cu_hello_main) copper address located at path: /lustre/orion/stf008/proj-shared/hvac/copper-cug/copper_logs/copper_address_book.txt
2026-03-09 18-53-54.173 [Info] (cu_hello_main) facility address book filename path: /sw/frontier/ums/ums046/copper/olcf_copper_addressbook.txt
2026-03-09 18-53-54.173 [Info] (cu_hello_main) output filename path: /lustre/orion/stf008/proj-shared/hvac/copper-cug/copper_logs/frontier10173-1709977-output.log
2026-03-09 18-53-54.174 [Debug] (cu_hello_main)  
2026-03-09 18-53-54.174 [Info] (cu_hello_main) hostname found to be: frontier05743
2026-03-09 18-53-54.174 [Debug] (process_args) -tpath was found: /
2026-03-09 18-53-54.174 [Debug] (process_args) -vpath was found: /tmp/khana/copper
2026-03-09 18-53-54.174 [Debug] (process_args) -log_level was found: 6
2026-03-09 18-53-54.174 [Debug] (process_args) -log_type was found: file
2026-03-09 18-53-54.174 [Debug] (process_args) -log_output_dir was found: /lustre/orion/stf008/proj-shared/hvac/copper-cug/copper_logs
2026-03-09 18-53-54.174 [Debug] (process_args) -net_type was found: cxi://cxi1
2026-03-09 18-53-54.174 [Debug] (process_args) -trees was found: 1
2026-03-09 18-53-54.174 [Debug] (process_args) -nf was found: /lustre/orion/stf008/proj-shared/hvac/copper-cug/copper_logs/node_file.txt
2026-03-09 18-53-54.174 [Debug] (process_args) -max_cacheable_byte_size was found: 10485760
2026-03-09 18-53-54.174 [Debug] (process_args) -facility_address_book was found: /sw/frontier/ums/ums046/copper/olcf_copper_addressbook.txt
2026-03-09 18-53-54.174 [Info] (cu_hello_main) copper address located at path: /lustre/orion/stf008/proj-shared/hvac/copper-cug/copper_logs/copper_address_book.txt
2026-03-09 18-53-54.174 [Info] (cu_hello_main) facility address book filename path: /sw/frontier/ums/ums046/copper/olcf_copper_addressbook.txt
2026-03-09 18-53-54.174 [Info] (cu_hello_main) output filename path: /lustre/orion/stf008/proj-shared/hvac/copper-cug/copper_logs/frontier05743-1340191-output.log
2026-03-09 18-53-54.174 [Debug] (cu_hello_main)  
2026-03-09 18-53-54.174 [Info] (cu_hello_main) hostname found to be: frontier00757
2026-03-09 18-53-54.174 [Debug] (process_args) -tpath was found: /
2026-03-09 18-53-54.174 [Debug] (process_args) -vpath was found: /tmp/khana/copper
2026-03-09 18-53-54.174 [Debug] (process_args) -log_level was found: 6
2026-03-09 18-53-54.174 [Debug] (process_args) -log_type was found: file
2026-03-09 18-53-54.174 [Debug] (process_args) -log_output_dir was found: /lustre/orion/stf008/proj-shared/hvac/copper-cug/copper_logs
2026-03-09 18-53-54.174 [Debug] (process_args) -net_type was found: cxi://cxi1
2026-03-09 18-53-54.174 [Debug] (process_args) -trees was found: 1
2026-03-09 18-53-54.174 [Debug] (process_args) -nf was found: /lustre/orion/stf008/proj-shared/hvac/copper-cug/copper_logs/node_file.txt
2026-03-09 18-53-54.174 [Debug] (process_args) -max_cacheable_byte_size was found: 10485760
2026-03-09 18-53-54.174 [Debug] (process_args) -facility_address_book was found: /sw/frontier/ums/ums046/copper/olcf_copper_addressbook.txt
2026-03-09 18-53-54.174 [Info] (cu_hello_main) copper address located at path: /lustre/orion/stf008/proj-shared/hvac/copper-cug/copper_logs/copper_address_book.txt
2026-03-09 18-53-54.174 [Info] (cu_hello_main) facility address book filename path: /sw/frontier/ums/ums046/copper/olcf_copper_addressbook.txt
2026-03-09 18-53-54.174 [Info] (cu_hello_main) output filename path: /lustre/orion/stf008/proj-shared/hvac/copper-cug/copper_logs/frontier00757-1780674-output.log
2026-03-09 18-53-54.175 [Debug] (cu_hello_main)  
2026-03-09 18-53-54.175 [Info] (cu_hello_main) hostname found to be: frontier00036
2026-03-09 18-53-54.175 [Debug] (process_args) -tpath was found: /
2026-03-09 18-53-54.175 [Debug] (process_args) -vpath was found: /tmp/khana/copper
2026-03-09 18-53-54.175 [Debug] (process_args) -log_level was found: 6
2026-03-09 18-53-54.175 [Debug] (process_args) -log_type was found: file
2026-03-09 18-53-54.175 [Debug] (process_args) -log_output_dir was found: /lustre/orion/stf008/proj-shared/hvac/copper-cug/copper_logs
2026-03-09 18-53-54.175 [Debug] (process_args) -net_type was found: cxi://cxi1
2026-03-09 18-53-54.175 [Debug] (process_args) -trees was found: 1
2026-03-09 18-53-54.175 [Debug] (process_args) -nf was found: /lustre/orion/stf008/proj-shared/hvac/copper-cug/copper_logs/node_file.txt
2026-03-09 18-53-54.175 [Debug] (process_args) -max_cacheable_byte_size was found: 10485760
2026-03-09 18-53-54.175 [Debug] (process_args) -facility_address_book was found: /sw/frontier/ums/ums046/copper/olcf_copper_addressbook.txt
2026-03-09 18-53-54.175 [Info] (cu_hello_main) copper address located at path: /lustre/orion/stf008/proj-shared/hvac/copper-cug/copper_logs/copper_address_book.txt
2026-03-09 18-53-54.175 [Info] (cu_hello_main) facility address book filename path: /sw/frontier/ums/ums046/copper/olcf_copper_addressbook.txt
2026-03-09 18-53-54.175 [Info] (cu_hello_main) output filename path: /lustre/orion/stf008/proj-shared/hvac/copper-cug/copper_logs/frontier00036-1505854-output.log
2026-03-09 18-53-54.175 [Debug] (cu_hello_main)  
2026-03-09 18-53-54.175 [Info] (cu_hello_main) hostname found to be: frontier04414
2026-03-09 18-53-54.175 [Debug] (process_args) -tpath was found: /
2026-03-09 18-53-54.175 [Debug] (process_args) -vpath was found: /tmp/khana/copper
2026-03-09 18-53-54.175 [Debug] (process_args) -log_level was found: 6
2026-03-09 18-53-54.175 [Debug] (process_args) -log_type was found: file
2026-03-09 18-53-54.175 [Debug] (process_args) -log_output_dir was found: /lustre/orion/stf008/proj-shared/hvac/copper-cug/copper_logs
2026-03-09 18-53-54.175 [Debug] (process_args) -net_type was found: cxi://cxi1
2026-03-09 18-53-54.175 [Debug] (process_args) -trees was found: 1
2026-03-09 18-53-54.175 [Debug] (process_args) -nf was found: /lustre/orion/stf008/proj-shared/hvac/copper-cug/copper_logs/node_file.txt
2026-03-09 18-53-54.175 [Debug] (process_args) -max_cacheable_byte_size was found: 10485760
2026-03-09 18-53-54.175 [Debug] (process_args) -facility_address_book was found: /sw/frontier/ums/ums046/copper/olcf_copper_addressbook.txt
2026-03-09 18-53-54.175 [Info] (cu_hello_main) copper address located at path: /lustre/orion/stf008/proj-shared/hvac/copper-cug/copper_logs/copper_address_book.txt
2026-03-09 18-53-54.175 [Info] (cu_hello_main) facility address book filename path: /sw/frontier/ums/ums046/copper/olcf_copper_addressbook.txt
2026-03-09 18-53-54.175 [Info] (cu_hello_main) output filename path: /lustre/orion/stf008/proj-shared/hvac/copper-cug/copper_logs/frontier04414-698831-output.log
2026-03-09 18-53-54.176 [Debug] (cu_hello_main)  
2026-03-09 18-53-54.176 [Info] (cu_hello_main) hostname found to be: frontier08349
2026-03-09 18-53-54.176 [Debug] (process_args) -tpath was found: /
2026-03-09 18-53-54.176 [Debug] (process_args) -vpath was found: /tmp/khana/copper
2026-03-09 18-53-54.176 [Debug] (process_args) -log_level was found: 6
2026-03-09 18-53-54.176 [Debug] (process_args) -log_type was found: file
2026-03-09 18-53-54.176 [Debug] (process_args) -log_output_dir was found: /lustre/orion/stf008/proj-shared/hvac/copper-cug/copper_logs
2026-03-09 18-53-54.176 [Debug] (process_args) -net_type was found: cxi://cxi1
2026-03-09 18-53-54.176 [Debug] (process_args) -trees was found: 1
2026-03-09 18-53-54.176 [Debug] (process_args) -nf was found: /lustre/orion/stf008/proj-shared/hvac/copper-cug/copper_logs/node_file.txt
2026-03-09 18-53-54.176 [Debug] (process_args) -max_cacheable_byte_size was found: 10485760
2026-03-09 18-53-54.176 [Debug] (process_args) -facility_address_book was found: /sw/frontier/ums/ums046/copper/olcf_copper_addressbook.txt
2026-03-09 18-53-54.176 [Info] (cu_hello_main) copper address located at path: /lustre/orion/stf008/proj-shared/hvac/copper-cug/copper_logs/copper_address_book.txt
2026-03-09 18-53-54.176 [Info] (cu_hello_main) facility address book filename path: /sw/frontier/ums/ums046/copper/olcf_copper_addressbook.txt
2026-03-09 18-53-54.176 [Info] (cu_hello_main) output filename path: /lustre/orion/stf008/proj-shared/hvac/copper-cug/copper_logs/frontier08349-2510524-output.log
2026-03-09 18-53-54.176 [Debug] (cu_hello_main)  
2026-03-09 18-53-54.176 [Info] (cu_hello_main) hostname found to be: frontier01600
2026-03-09 18-53-54.176 [Debug] (process_args) -tpath was found: /
2026-03-09 18-53-54.176 [Debug] (process_args) -vpath was found: /tmp/khana/copper
2026-03-09 18-53-54.176 [Debug] (process_args) -log_level was found: 6
2026-03-09 18-53-54.176 [Debug] (process_args) -log_type was found: file
2026-03-09 18-53-54.176 [Debug] (process_args) -log_output_dir was found: /lustre/orion/stf008/proj-shared/hvac/copper-cug/copper_logs
2026-03-09 18-53-54.176 [Debug] (process_args) -net_type was found: cxi://cxi1
2026-03-09 18-53-54.176 [Debug] (process_args) -trees was found: 1
2026-03-09 18-53-54.176 [Debug] (process_args) -nf was found: /lustre/orion/stf008/proj-shared/hvac/copper-cug/copper_logs/node_file.txt
2026-03-09 18-53-54.176 [Debug] (process_args) -max_cacheable_byte_size was found: 10485760
2026-03-09 18-53-54.176 [Debug] (process_args) -facility_address_book was found: /sw/frontier/ums/ums046/copper/olcf_copper_addressbook.txt
2026-03-09 18-53-54.176 [Info] (cu_hello_main) copper address located at path: /lustre/orion/stf008/proj-shared/hvac/copper-cug/copper_logs/copper_address_book.txt
2026-03-09 18-53-54.177 [Info] (cu_hello_main) facility address book filename path: /sw/frontier/ums/ums046/copper/olcf_copper_addressbook.txt
2026-03-09 18-53-54.177 [Info] (cu_hello_main) output filename path: /lustre/orion/stf008/proj-shared/hvac/copper-cug/copper_logs/frontier01600-2865261-output.log
2026-03-09 18-53-54.177 [Debug] (cu_hello_main)  
2026-03-09 18-53-54.177 [Info] (cu_hello_main) hostname found to be: frontier01098
2026-03-09 18-53-54.177 [Debug] (process_args) -tpath was found: /
2026-03-09 18-53-54.177 [Debug] (process_args) -vpath was found: /tmp/khana/copper
2026-03-09 18-53-54.177 [Debug] (process_args) -log_level was found: 6
2026-03-09 18-53-54.177 [Debug] (process_args) -log_type was found: file
2026-03-09 18-53-54.177 [Debug] (process_args) -log_output_dir was found: /lustre/orion/stf008/proj-shared/hvac/copper-cug/copper_logs
2026-03-09 18-53-54.177 [Debug] (process_args) -net_type was found: cxi://cxi1
2026-03-09 18-53-54.177 [Debug] (process_args) -trees was found: 1
2026-03-09 18-53-54.177 [Debug] (process_args) -nf was found: /lustre/orion/stf008/proj-shared/hvac/copper-cug/copper_logs/node_file.txt
2026-03-09 18-53-54.177 [Debug] (process_args) -max_cacheable_byte_size was found: 10485760
2026-03-09 18-53-54.177 [Debug] (process_args) -facility_address_book was found: /sw/frontier/ums/ums046/copper/olcf_copper_addressbook.txt
2026-03-09 18-53-54.177 [Info] (cu_hello_main) copper address located at path: /lustre/orion/stf008/proj-shared/hvac/copper-cug/copper_logs/copper_address_book.txt
2026-03-09 18-53-54.177 [Info] (cu_hello_main) facility address book filename path: /sw/frontier/ums/ums046/copper/olcf_copper_addressbook.txt
2026-03-09 18-53-54.177 [Info] (cu_hello_main) output filename path: /lustre/orion/stf008/proj-shared/hvac/copper-cug/copper_logs/frontier01098-1665334-output.log
2026-03-09 18-53-54.177 [Debug] (cu_hello_main)  
2026-03-09 18-53-54.177 [Info] (cu_hello_main) hostname found to be: frontier07281
2026-03-09 18-53-54.177 [Debug] (process_args) -tpath was found: /
2026-03-09 18-53-54.177 [Debug] (process_args) -vpath was found: /tmp/khana/copper
2026-03-09 18-53-54.177 [Debug] (process_args) -log_level was found: 6
2026-03-09 18-53-54.177 [Debug] (process_args) -log_type was found: file
2026-03-09 18-53-54.177 [Debug] (process_args) -log_output_dir was found: /lustre/orion/stf008/proj-shared/hvac/copper-cug/copper_logs
2026-03-09 18-53-54.177 [Debug] (process_args) -net_type was found: cxi://cxi1
2026-03-09 18-53-54.177 [Debug] (process_args) -trees was found: 1
2026-03-09 18-53-54.177 [Debug] (process_args) -nf was found: /lustre/orion/stf008/proj-shared/hvac/copper-cug/copper_logs/node_file.txt
2026-03-09 18-53-54.177 [Debug] (process_args) -max_cacheable_byte_size was found: 10485760
2026-03-09 18-53-54.177 [Debug] (process_args) -facility_address_book was found: /sw/frontier/ums/ums046/copper/olcf_copper_addressbook.txt
2026-03-09 18-53-54.177 [Info] (cu_hello_main) copper address located at path: /lustre/orion/stf008/proj-shared/hvac/copper-cug/copper_logs/copper_address_book.txt
2026-03-09 18-53-54.177 [Info] (cu_hello_main) facility address book filename path: /sw/frontier/ums/ums046/copper/olcf_copper_addressbook.txt
2026-03-09 18-53-54.177 [Info] (cu_hello_main) output filename path: /lustre/orion/stf008/proj-shared/hvac/copper-cug/copper_logs/frontier07281-1581285-output.log
2026-03-09 18-53-54.177 [Debug] (cu_hello_main)  
2026-03-09 18-53-54.177 [Info] (cu_hello_main) hostname found to be: frontier02387
2026-03-09 18-53-54.177 [Debug] (process_args) -tpath was found: /
2026-03-09 18-53-54.177 [Debug] (process_args) -vpath was found: /tmp/khana/copper
2026-03-09 18-53-54.177 [Debug] (process_args) -log_level was found: 6
2026-03-09 18-53-54.177 [Debug] (process_args) -log_type was found: file
2026-03-09 18-53-54.177 [Debug] (process_args) -log_output_dir was found: /lustre/orion/stf008/proj-shared/hvac/copper-cug/copper_logs
2026-03-09 18-53-54.177 [Debug] (process_args) -net_type was found: cxi://cxi1
2026-03-09 18-53-54.177 [Debug] (process_args) -trees was found: 1
2026-03-09 18-53-54.177 [Debug] (process_args) -nf was found: /lustre/orion/stf008/proj-shared/hvac/copper-cug/copper_logs/node_file.txt
2026-03-09 18-53-54.177 [Debug] (process_args) -max_cacheable_byte_size was found: 10485760
2026-03-09 18-53-54.178 [Debug] (process_args) -facility_address_book was found: /sw/frontier/ums/ums046/copper/olcf_copper_addressbook.txt
2026-03-09 18-53-54.178 [Info] (cu_hello_main) copper address located at path: /lustre/orion/stf008/proj-shared/hvac/copper-cug/copper_logs/copper_address_book.txt
2026-03-09 18-53-54.178 [Info] (cu_hello_main) facility address book filename path: /sw/frontier/ums/ums046/copper/olcf_copper_addressbook.txt
2026-03-09 18-53-54.178 [Info] (cu_hello_main) output filename path: /lustre/orion/stf008/proj-shared/hvac/copper-cug/copper_logs/frontier02387-639836-output.log
2026-03-09 18-53-54.178 [Debug] (cu_hello_main)  
2026-03-09 18-53-54.178 [Info] (cu_hello_main) hostname found to be: frontier08873
2026-03-09 18-53-54.178 [Debug] (process_args) -tpath was found: /
2026-03-09 18-53-54.178 [Debug] (process_args) -vpath was found: /tmp/khana/copper
2026-03-09 18-53-54.178 [Debug] (process_args) -log_level was found: 6
2026-03-09 18-53-54.178 [Debug] (process_args) -log_type was found: file
2026-03-09 18-53-54.178 [Debug] (process_args) -log_output_dir was found: /lustre/orion/stf008/proj-shared/hvac/copper-cug/copper_logs
2026-03-09 18-53-54.178 [Debug] (process_args) -net_type was found: cxi://cxi1
2026-03-09 18-53-54.178 [Debug] (process_args) -trees was found: 1
2026-03-09 18-53-54.178 [Debug] (process_args) -nf was found: /lustre/orion/stf008/proj-shared/hvac/copper-cug/copper_logs/node_file.txt
2026-03-09 18-53-54.178 [Debug] (process_args) -max_cacheable_byte_size was found: 10485760
2026-03-09 18-53-54.178 [Debug] (process_args) -facility_address_book was found: /sw/frontier/ums/ums046/copper/olcf_copper_addressbook.txt
2026-03-09 18-53-54.178 [Info] (cu_hello_main) copper address located at path: /lustre/orion/stf008/proj-shared/hvac/copper-cug/copper_logs/copper_address_book.txt
2026-03-09 18-53-54.178 [Info] (cu_hello_main) facility address book filename path: /sw/frontier/ums/ums046/copper/olcf_copper_addressbook.txt
2026-03-09 18-53-54.178 [Info] (cu_hello_main) output filename path: /lustre/orion/stf008/proj-shared/hvac/copper-cug/copper_logs/frontier08873-1699328-output.log
2026-03-09 18-53-54.178 [Debug] (cu_hello_main)  
2026-03-09 18-53-54.178 [Info] (cu_hello_main) hostname found to be: frontier07757
2026-03-09 18-53-54.178 [Debug] (process_args) -tpath was found: /
2026-03-09 18-53-54.178 [Debug] (process_args) -vpath was found: /tmp/khana/copper
2026-03-09 18-53-54.178 [Debug] (process_args) -log_level was found: 6
2026-03-09 18-53-54.178 [Debug] (process_args) -log_type was found: file
2026-03-09 18-53-54.178 [Debug] (process_args) -log_output_dir was found: /lustre/orion/stf008/proj-shared/hvac/copper-cug/copper_logs
2026-03-09 18-53-54.178 [Debug] (process_args) -net_type was found: cxi://cxi1
2026-03-09 18-53-54.178 [Debug] (process_args) -trees was found: 1
2026-03-09 18-53-54.178 [Debug] (process_args) -nf was found: /lustre/orion/stf008/proj-shared/hvac/copper-cug/copper_logs/node_file.txt
2026-03-09 18-53-54.178 [Debug] (process_args) -max_cacheable_byte_size was found: 10485760
2026-03-09 18-53-54.178 [Debug] (process_args) -facility_address_book was found: /sw/frontier/ums/ums046/copper/olcf_copper_addressbook.txt
2026-03-09 18-53-54.178 [Info] (cu_hello_main) copper address located at path: /lustre/orion/stf008/proj-shared/hvac/copper-cug/copper_logs/copper_address_book.txt
2026-03-09 18-53-54.178 [Debug] (cu_hello_main)  
2026-03-09 18-53-54.178 [Info] (cu_hello_main) hostname found to be: frontier07157
2026-03-09 18-53-54.178 [Info] (cu_hello_main) facility address book filename path: /sw/frontier/ums/ums046/copper/olcf_copper_addressbook.txt
2026-03-09 18-53-54.178 [Info] (cu_hello_main) output filename path: /lustre/orion/stf008/proj-shared/hvac/copper-cug/copper_logs/frontier07757-383165-output.log
2026-03-09 18-53-54.178 [Debug] (process_args) -tpath was found: /
2026-03-09 18-53-54.178 [Debug] (process_args) -vpath was found: /tmp/khana/copper
2026-03-09 18-53-54.178 [Debug] (process_args) -log_level was found: 6
2026-03-09 18-53-54.178 [Debug] (process_args) -log_type was found: file
2026-03-09 18-53-54.178 [Debug] (process_args) -log_output_dir was found: /lustre/orion/stf008/proj-shared/hvac/copper-cug/copper_logs
2026-03-09 18-53-54.178 [Debug] (process_args) -net_type was found: cxi://cxi1
2026-03-09 18-53-54.178 [Debug] (process_args) -trees was found: 1
2026-03-09 18-53-54.178 [Debug] (process_args) -nf was found: /lustre/orion/stf008/proj-shared/hvac/copper-cug/copper_logs/node_file.txt
2026-03-09 18-53-54.178 [Debug] (process_args) -max_cacheable_byte_size was found: 10485760
2026-03-09 18-53-54.178 [Debug] (process_args) -facility_address_book was found: /sw/frontier/ums/ums046/copper/olcf_copper_addressbook.txt
2026-03-09 18-53-54.178 [Info] (cu_hello_main) copper address located at path: /lustre/orion/stf008/proj-shared/hvac/copper-cug/copper_logs/copper_address_book.txt
2026-03-09 18-53-54.178 [Info] (cu_hello_main) facility address book filename path: /sw/frontier/ums/ums046/copper/olcf_copper_addressbook.txt
2026-03-09 18-53-54.178 [Info] (cu_hello_main) output filename path: /lustre/orion/stf008/proj-shared/hvac/copper-cug/copper_logs/frontier07157-1556751-output.log
2026-03-09 18-53-54.178 [Debug] (cu_hello_main)  
2026-03-09 18-53-54.178 [Info] (cu_hello_main) hostname found to be: frontier08157
2026-03-09 18-53-54.178 [Debug] (process_args) -tpath was found: /
2026-03-09 18-53-54.178 [Debug] (process_args) -vpath was found: /tmp/khana/copper
2026-03-09 18-53-54.178 [Debug] (process_args) -log_level was found: 6
2026-03-09 18-53-54.178 [Debug] (process_args) -log_type was found: file
2026-03-09 18-53-54.178 [Debug] (process_args) -log_output_dir was found: /lustre/orion/stf008/proj-shared/hvac/copper-cug/copper_logs
2026-03-09 18-53-54.178 [Debug] (process_args) -net_type was found: cxi://cxi1
2026-03-09 18-53-54.178 [Debug] (process_args) -trees was found: 1
2026-03-09 18-53-54.178 [Debug] (process_args) -nf was found: /lustre/orion/stf008/proj-shared/hvac/copper-cug/copper_logs/node_file.txt
2026-03-09 18-53-54.178 [Debug] (process_args) -max_cacheable_byte_size was found: 10485760
2026-03-09 18-53-54.178 [Debug] (process_args) -facility_address_book was found: /sw/frontier/ums/ums046/copper/olcf_copper_addressbook.txt
2026-03-09 18-53-54.178 [Info] (cu_hello_main) copper address located at path: /lustre/orion/stf008/proj-shared/hvac/copper-cug/copper_logs/copper_address_book.txt
2026-03-09 18-53-54.178 [Info] (cu_hello_main) facility address book filename path: /sw/frontier/ums/ums046/copper/olcf_copper_addressbook.txt
2026-03-09 18-53-54.178 [Info] (cu_hello_main) output filename path: /lustre/orion/stf008/proj-shared/hvac/copper-cug/copper_logs/frontier08157-1457585-output.log
2026-03-09 18-53-54.180 [Debug] (cu_hello_main)  
2026-03-09 18-53-54.180 [Info] (cu_hello_main) hostname found to be: frontier00163
2026-03-09 18-53-54.180 [Debug] (process_args) -tpath was found: /
2026-03-09 18-53-54.180 [Debug] (process_args) -vpath was found: /tmp/khana/copper
2026-03-09 18-53-54.180 [Debug] (process_args) -log_level was found: 6
2026-03-09 18-53-54.180 [Debug] (process_args) -log_type was found: file
2026-03-09 18-53-54.180 [Debug] (process_args) -log_output_dir was found: /lustre/orion/stf008/proj-shared/hvac/copper-cug/copper_logs
2026-03-09 18-53-54.180 [Debug] (process_args) -net_type was found: cxi://cxi1
2026-03-09 18-53-54.180 [Debug] (process_args) -trees was found: 1
2026-03-09 18-53-54.180 [Debug] (process_args) -nf was found: /lustre/orion/stf008/proj-shared/hvac/copper-cug/copper_logs/node_file.txt
2026-03-09 18-53-54.180 [Debug] (process_args) -max_cacheable_byte_size was found: 10485760
2026-03-09 18-53-54.180 [Debug] (process_args) -facility_address_book was found: /sw/frontier/ums/ums046/copper/olcf_copper_addressbook.txt
2026-03-09 18-53-54.180 [Info] (cu_hello_main) copper address located at path: /lustre/orion/stf008/proj-shared/hvac/copper-cug/copper_logs/copper_address_book.txt
2026-03-09 18-53-54.180 [Info] (cu_hello_main) facility address book filename path: /sw/frontier/ums/ums046/copper/olcf_copper_addressbook.txt
2026-03-09 18-53-54.180 [Info] (cu_hello_main) output filename path: /lustre/orion/stf008/proj-shared/hvac/copper-cug/copper_logs/frontier00163-193568-output.log
2026-03-09 18-53-54.181 [Debug] (cu_hello_main)  
2026-03-09 18-53-54.181 [Info] (cu_hello_main) hostname found to be: frontier01879
2026-03-09 18-53-54.181 [Debug] (process_args) -tpath was found: /
2026-03-09 18-53-54.181 [Debug] (process_args) -vpath was found: /tmp/khana/copper
2026-03-09 18-53-54.181 [Debug] (process_args) -log_level was found: 6
2026-03-09 18-53-54.181 [Debug] (process_args) -log_type was found: file
2026-03-09 18-53-54.181 [Debug] (process_args) -log_output_dir was found: /lustre/orion/stf008/proj-shared/hvac/copper-cug/copper_logs
2026-03-09 18-53-54.181 [Debug] (process_args) -net_type was found: cxi://cxi1
2026-03-09 18-53-54.181 [Debug] (process_args) -trees was found: 1
2026-03-09 18-53-54.181 [Debug] (process_args) -nf was found: /lustre/orion/stf008/proj-shared/hvac/copper-cug/copper_logs/node_file.txt
2026-03-09 18-53-54.181 [Debug] (process_args) -max_cacheable_byte_size was found: 10485760
2026-03-09 18-53-54.181 [Debug] (process_args) -facility_address_book was found: /sw/frontier/ums/ums046/copper/olcf_copper_addressbook.txt
2026-03-09 18-53-54.181 [Info] (cu_hello_main) copper address located at path: /lustre/orion/stf008/proj-shared/hvac/copper-cug/copper_logs/copper_address_book.txt
2026-03-09 18-53-54.181 [Info] (cu_hello_main) facility address book filename path: /sw/frontier/ums/ums046/copper/olcf_copper_addressbook.txt
2026-03-09 18-53-54.181 [Info] (cu_hello_main) output filename path: /lustre/orion/stf008/proj-shared/hvac/copper-cug/copper_logs/frontier01879-1446265-output.log
2026-03-09 18-53-54.182 [Debug] (cu_hello_main)  
2026-03-09 18-53-54.182 [Info] (cu_hello_main) hostname found to be: frontier01398
2026-03-09 18-53-54.182 [Debug] (process_args) -tpath was found: /
2026-03-09 18-53-54.182 [Debug] (process_args) -vpath was found: /tmp/khana/copper
2026-03-09 18-53-54.182 [Debug] (process_args) -log_level was found: 6
2026-03-09 18-53-54.182 [Debug] (process_args) -log_type was found: file
2026-03-09 18-53-54.182 [Debug] (process_args) -log_output_dir was found: /lustre/orion/stf008/proj-shared/hvac/copper-cug/copper_logs
2026-03-09 18-53-54.182 [Debug] (process_args) -net_type was found: cxi://cxi1
2026-03-09 18-53-54.182 [Debug] (process_args) -trees was found: 1
2026-03-09 18-53-54.182 [Debug] (process_args) -nf was found: /lustre/orion/stf008/proj-shared/hvac/copper-cug/copper_logs/node_file.txt
2026-03-09 18-53-54.182 [Debug] (process_args) -max_cacheable_byte_size was found: 10485760
2026-03-09 18-53-54.182 [Debug] (process_args) -facility_address_book was found: /sw/frontier/ums/ums046/copper/olcf_copper_addressbook.txt
2026-03-09 18-53-54.182 [Info] (cu_hello_main) copper address located at path: /lustre/orion/stf008/proj-shared/hvac/copper-cug/copper_logs/copper_address_book.txt
2026-03-09 18-53-54.182 [Info] (cu_hello_main) facility address book filename path: /sw/frontier/ums/ums046/copper/olcf_copper_addressbook.txt
2026-03-09 18-53-54.182 [Info] (cu_hello_main) output filename path: /lustre/orion/stf008/proj-shared/hvac/copper-cug/copper_logs/frontier01398-1326799-output.log
2026-03-09 18-53-54.186 [Debug] (cu_hello_main)  
2026-03-09 18-53-54.187 [Info] (cu_hello_main) hostname found to be: frontier01521
2026-03-09 18-53-54.187 [Debug] (process_args) -tpath was found: /
2026-03-09 18-53-54.187 [Debug] (process_args) -vpath was found: /tmp/khana/copper
2026-03-09 18-53-54.187 [Debug] (process_args) -log_level was found: 6
2026-03-09 18-53-54.187 [Debug] (process_args) -log_type was found: file
2026-03-09 18-53-54.187 [Debug] (process_args) -log_output_dir was found: /lustre/orion/stf008/proj-shared/hvac/copper-cug/copper_logs
2026-03-09 18-53-54.187 [Debug] (process_args) -net_type was found: cxi://cxi1
2026-03-09 18-53-54.187 [Debug] (process_args) -trees was found: 1
2026-03-09 18-53-54.187 [Debug] (process_args) -nf was found: /lustre/orion/stf008/proj-shared/hvac/copper-cug/copper_logs/node_file.txt
2026-03-09 18-53-54.187 [Debug] (process_args) -max_cacheable_byte_size was found: 10485760
2026-03-09 18-53-54.187 [Debug] (process_args) -facility_address_book was found: /sw/frontier/ums/ums046/copper/olcf_copper_addressbook.txt
2026-03-09 18-53-54.187 [Info] (cu_hello_main) copper address located at path: /lustre/orion/stf008/proj-shared/hvac/copper-cug/copper_logs/copper_address_book.txt
2026-03-09 18-53-54.187 [Info] (cu_hello_main) facility address book filename path: /sw/frontier/ums/ums046/copper/olcf_copper_addressbook.txt
2026-03-09 18-53-54.187 [Info] (cu_hello_main) output filename path: /lustre/orion/stf008/proj-shared/hvac/copper-cug/copper_logs/frontier01521-1397572-output.log
2026-03-09 18-53-54.193 [Debug] (cu_hello_main)  
2026-03-09 18-53-54.193 [Info] (cu_hello_main) hostname found to be: frontier01773
2026-03-09 18-53-54.193 [Debug] (process_args) -tpath was found: /
2026-03-09 18-53-54.193 [Debug] (process_args) -vpath was found: /tmp/khana/copper
2026-03-09 18-53-54.193 [Debug] (process_args) -log_level was found: 6
2026-03-09 18-53-54.193 [Debug] (process_args) -log_type was found: file
2026-03-09 18-53-54.193 [Debug] (process_args) -log_output_dir was found: /lustre/orion/stf008/proj-shared/hvac/copper-cug/copper_logs
2026-03-09 18-53-54.193 [Debug] (process_args) -net_type was found: cxi://cxi1
2026-03-09 18-53-54.193 [Debug] (process_args) -trees was found: 1
2026-03-09 18-53-54.193 [Debug] (process_args) -nf was found: /lustre/orion/stf008/proj-shared/hvac/copper-cug/copper_logs/node_file.txt
2026-03-09 18-53-54.193 [Debug] (process_args) -max_cacheable_byte_size was found: 10485760
2026-03-09 18-53-54.193 [Debug] (process_args) -facility_address_book was found: /sw/frontier/ums/ums046/copper/olcf_copper_addressbook.txt
2026-03-09 18-53-54.193 [Info] (cu_hello_main) copper address located at path: /lustre/orion/stf008/proj-shared/hvac/copper-cug/copper_logs/copper_address_book.txt
2026-03-09 18-53-54.193 [Info] (cu_hello_main) facility address book filename path: /sw/frontier/ums/ums046/copper/olcf_copper_addressbook.txt
2026-03-09 18-53-54.193 [Info] (cu_hello_main) output filename path: /lustre/orion/stf008/proj-shared/hvac/copper-cug/copper_logs/frontier01773-960327-output.log
2026-03-09 18-53-54.198 [Debug] (cu_hello_main)  
2026-03-09 18-53-54.198 [Info] (cu_hello_main) hostname found to be: frontier01010
2026-03-09 18-53-54.198 [Debug] (process_args) -tpath was found: /
2026-03-09 18-53-54.198 [Debug] (process_args) -vpath was found: /tmp/khana/copper
2026-03-09 18-53-54.198 [Debug] (process_args) -log_level was found: 6
2026-03-09 18-53-54.198 [Debug] (process_args) -log_type was found: file
2026-03-09 18-53-54.198 [Debug] (process_args) -log_output_dir was found: /lustre/orion/stf008/proj-shared/hvac/copper-cug/copper_logs
2026-03-09 18-53-54.198 [Debug] (process_args) -net_type was found: cxi://cxi1
2026-03-09 18-53-54.198 [Debug] (process_args) -trees was found: 1
2026-03-09 18-53-54.198 [Debug] (process_args) -nf was found: /lustre/orion/stf008/proj-shared/hvac/copper-cug/copper_logs/node_file.txt
2026-03-09 18-53-54.198 [Debug] (process_args) -max_cacheable_byte_size was found: 10485760
2026-03-09 18-53-54.198 [Debug] (process_args) -facility_address_book was found: /sw/frontier/ums/ums046/copper/olcf_copper_addressbook.txt
2026-03-09 18-53-54.198 [Info] (cu_hello_main) copper address located at path: /lustre/orion/stf008/proj-shared/hvac/copper-cug/copper_logs/copper_address_book.txt
2026-03-09 18-53-54.198 [Info] (cu_hello_main) facility address book filename path: /sw/frontier/ums/ums046/copper/olcf_copper_addressbook.txt
2026-03-09 18-53-54.198 [Info] (cu_hello_main) output filename path: /lustre/orion/stf008/proj-shared/hvac/copper-cug/copper_logs/frontier01010-729573-output.log
2026-03-09 18-53-54.202 [Debug] (cu_hello_main)  
2026-03-09 18-53-54.202 [Info] (cu_hello_main) hostname found to be: frontier01009
2026-03-09 18-53-54.202 [Debug] (process_args) -tpath was found: /
2026-03-09 18-53-54.202 [Debug] (process_args) -vpath was found: /tmp/khana/copper
2026-03-09 18-53-54.202 [Debug] (process_args) -log_level was found: 6
2026-03-09 18-53-54.202 [Debug] (process_args) -log_type was found: file
2026-03-09 18-53-54.202 [Debug] (process_args) -log_output_dir was found: /lustre/orion/stf008/proj-shared/hvac/copper-cug/copper_logs
2026-03-09 18-53-54.202 [Debug] (process_args) -net_type was found: cxi://cxi1
2026-03-09 18-53-54.202 [Debug] (process_args) -trees was found: 1
2026-03-09 18-53-54.202 [Debug] (process_args) -nf was found: /lustre/orion/stf008/proj-shared/hvac/copper-cug/copper_logs/node_file.txt
2026-03-09 18-53-54.202 [Debug] (process_args) -max_cacheable_byte_size was found: 10485760
2026-03-09 18-53-54.202 [Debug] (process_args) -facility_address_book was found: /sw/frontier/ums/ums046/copper/olcf_copper_addressbook.txt
2026-03-09 18-53-54.202 [Info] (cu_hello_main) copper address located at path: /lustre/orion/stf008/proj-shared/hvac/copper-cug/copper_logs/copper_address_book.txt
2026-03-09 18-53-54.202 [Info] (cu_hello_main) facility address book filename path: /sw/frontier/ums/ums046/copper/olcf_copper_addressbook.txt
2026-03-09 18-53-54.202 [Info] (cu_hello_main) output filename path: /lustre/orion/stf008/proj-shared/hvac/copper-cug/copper_logs/frontier01009-2057918-output.log
2026-03-09 18-53-54.210 [Debug] (cu_hello_main)  
2026-03-09 18-53-54.210 [Info] (cu_hello_main) hostname found to be: frontier01610
2026-03-09 18-53-54.210 [Debug] (process_args) -tpath was found: /
2026-03-09 18-53-54.210 [Debug] (process_args) -vpath was found: /tmp/khana/copper
2026-03-09 18-53-54.210 [Debug] (process_args) -log_level was found: 6
2026-03-09 18-53-54.210 [Debug] (process_args) -log_type was found: file
2026-03-09 18-53-54.210 [Debug] (process_args) -log_output_dir was found: /lustre/orion/stf008/proj-shared/hvac/copper-cug/copper_logs
2026-03-09 18-53-54.210 [Debug] (process_args) -net_type was found: cxi://cxi1
2026-03-09 18-53-54.210 [Debug] (process_args) -trees was found: 1
2026-03-09 18-53-54.210 [Debug] (process_args) -nf was found: /lustre/orion/stf008/proj-shared/hvac/copper-cug/copper_logs/node_file.txt
2026-03-09 18-53-54.210 [Debug] (process_args) -max_cacheable_byte_size was found: 10485760
2026-03-09 18-53-54.210 [Debug] (process_args) -facility_address_book was found: /sw/frontier/ums/ums046/copper/olcf_copper_addressbook.txt
2026-03-09 18-53-54.210 [Info] (cu_hello_main) copper address located at path: /lustre/orion/stf008/proj-shared/hvac/copper-cug/copper_logs/copper_address_book.txt
2026-03-09 18-53-54.210 [Info] (cu_hello_main) facility address book filename path: /sw/frontier/ums/ums046/copper/olcf_copper_addressbook.txt
2026-03-09 18-53-54.210 [Info] (cu_hello_main) output filename path: /lustre/orion/stf008/proj-shared/hvac/copper-cug/copper_logs/frontier01610-1804747-output.log
2026-03-09 18-53-54.227 [Debug] (cu_hello_main)  
2026-03-09 18-53-54.227 [Info] (cu_hello_main) hostname found to be: frontier06619
2026-03-09 18-53-54.227 [Debug] (process_args) -tpath was found: /
2026-03-09 18-53-54.227 [Debug] (process_args) -vpath was found: /tmp/khana/copper
2026-03-09 18-53-54.227 [Debug] (process_args) -log_level was found: 6
2026-03-09 18-53-54.227 [Debug] (process_args) -log_type was found: file
2026-03-09 18-53-54.228 [Debug] (process_args) -log_output_dir was found: /lustre/orion/stf008/proj-shared/hvac/copper-cug/copper_logs
2026-03-09 18-53-54.228 [Debug] (process_args) -net_type was found: cxi://cxi1
2026-03-09 18-53-54.228 [Debug] (process_args) -trees was found: 1
2026-03-09 18-53-54.228 [Debug] (process_args) -nf was found: /lustre/orion/stf008/proj-shared/hvac/copper-cug/copper_logs/node_file.txt
2026-03-09 18-53-54.228 [Debug] (process_args) -max_cacheable_byte_size was found: 10485760
2026-03-09 18-53-54.228 [Debug] (process_args) -facility_address_book was found: /sw/frontier/ums/ums046/copper/olcf_copper_addressbook.txt
2026-03-09 18-53-54.228 [Info] (cu_hello_main) copper address located at path: /lustre/orion/stf008/proj-shared/hvac/copper-cug/copper_logs/copper_address_book.txt
2026-03-09 18-53-54.228 [Info] (cu_hello_main) facility address book filename path: /sw/frontier/ums/ums046/copper/olcf_copper_addressbook.txt
2026-03-09 18-53-54.228 [Info] (cu_hello_main) output filename path: /lustre/orion/stf008/proj-shared/hvac/copper-cug/copper_logs/frontier06619-1417314-output.log
2026-03-09 18-53-54.397 [Debug] (cu_hello_main)  
2026-03-09 18-53-54.398 [Info] (cu_hello_main) hostname found to be: frontier00363
2026-03-09 18-53-54.398 [Debug] (process_args) -tpath was found: /
2026-03-09 18-53-54.398 [Debug] (process_args) -vpath was found: /tmp/khana/copper
2026-03-09 18-53-54.398 [Debug] (process_args) -log_level was found: 6
2026-03-09 18-53-54.398 [Debug] (process_args) -log_type was found: file
2026-03-09 18-53-54.398 [Debug] (process_args) -log_output_dir was found: /lustre/orion/stf008/proj-shared/hvac/copper-cug/copper_logs
2026-03-09 18-53-54.398 [Debug] (process_args) -net_type was found: cxi://cxi1
2026-03-09 18-53-54.398 [Debug] (process_args) -trees was found: 1
2026-03-09 18-53-54.398 [Debug] (process_args) -nf was found: /lustre/orion/stf008/proj-shared/hvac/copper-cug/copper_logs/node_file.txt
2026-03-09 18-53-54.398 [Debug] (process_args) -max_cacheable_byte_size was found: 10485760
2026-03-09 18-53-54.398 [Debug] (process_args) -facility_address_book was found: /sw/frontier/ums/ums046/copper/olcf_copper_addressbook.txt
2026-03-09 18-53-54.398 [Info] (cu_hello_main) copper address located at path: /lustre/orion/stf008/proj-shared/hvac/copper-cug/copper_logs/copper_address_book.txt
2026-03-09 18-53-54.398 [Info] (cu_hello_main) facility address book filename path: /sw/frontier/ums/ums046/copper/olcf_copper_addressbook.txt
2026-03-09 18-53-54.398 [Info] (cu_hello_main) output filename path: /lustre/orion/stf008/proj-shared/hvac/copper-cug/copper_logs/frontier00363-493079-output.log
2026-03-09 18-53-54.407 [Debug] (cu_hello_main)  
2026-03-09 18-53-54.407 [Info] (cu_hello_main) hostname found to be: frontier00367
2026-03-09 18-53-54.407 [Debug] (process_args) -tpath was found: /
2026-03-09 18-53-54.407 [Debug] (process_args) -vpath was found: /tmp/khana/copper
2026-03-09 18-53-54.407 [Debug] (process_args) -log_level was found: 6
2026-03-09 18-53-54.407 [Debug] (process_args) -log_type was found: file
2026-03-09 18-53-54.407 [Debug] (process_args) -log_output_dir was found: /lustre/orion/stf008/proj-shared/hvac/copper-cug/copper_logs
2026-03-09 18-53-54.407 [Debug] (process_args) -net_type was found: cxi://cxi1
2026-03-09 18-53-54.407 [Debug] (process_args) -trees was found: 1
2026-03-09 18-53-54.407 [Debug] (process_args) -nf was found: /lustre/orion/stf008/proj-shared/hvac/copper-cug/copper_logs/node_file.txt
2026-03-09 18-53-54.407 [Debug] (process_args) -max_cacheable_byte_size was found: 10485760
2026-03-09 18-53-54.407 [Debug] (process_args) -facility_address_book was found: /sw/frontier/ums/ums046/copper/olcf_copper_addressbook.txt
2026-03-09 18-53-54.407 [Info] (cu_hello_main) copper address located at path: /lustre/orion/stf008/proj-shared/hvac/copper-cug/copper_logs/copper_address_book.txt
2026-03-09 18-53-54.407 [Info] (cu_hello_main) facility address book filename path: /sw/frontier/ums/ums046/copper/olcf_copper_addressbook.txt
2026-03-09 18-53-54.407 [Info] (cu_hello_main) output filename path: /lustre/orion/stf008/proj-shared/hvac/copper-cug/copper_logs/frontier00367-1365314-output.log
+ echo 'Launching Copper Gracefully On All Nodes : End'
Launching Copper Gracefully On All Nodes : End
+ conda activate /tmp/khana/copper/lustre/orion/stf243/world-shared/hagertnl/CUG26/benchmark_builds/python-mpi4py/conda_env
+ local cmd=activate
+ case "$cmd" in
+ __conda_activate activate /tmp/khana/copper/lustre/orion/stf243/world-shared/hagertnl/CUG26/benchmark_builds/python-mpi4py/conda_env
+ '[' -n '' ']'
+ local ask_conda
++ PS1='(base) '
++ __conda_exe shell.posix activate /tmp/khana/copper/lustre/orion/stf243/world-shared/hagertnl/CUG26/benchmark_builds/python-mpi4py/conda_env
++ /autofs/nccs-svm1_sw/frontier/miniforge3/23.11.0-0/bin/conda shell.posix activate /tmp/khana/copper/lustre/orion/stf243/world-shared/hagertnl/CUG26/benchmark_builds/python-mpi4py/conda_env
+ ask_conda='. "/autofs/nccs-svm1_sw/frontier/miniforge3/23.11.0-0/etc/conda/deactivate.d/libxml2_deactivate.sh"
. "/autofs/nccs-svm1_sw/frontier/miniforge3/23.11.0-0/etc/conda/deactivate.d/libglib_deactivate.sh"
PS1='\''(/tmp/khana/copper/lustre/orion/stf243/world-shared/hagertnl/CUG26/benchmark_builds/python-mpi4py/conda_env) '\''
export PATH='\''/sw/frontier/lfs-wrapper/0.0.1/bin/lfs:/sw/frontier/ums/ums046/copper/build:/opt/cray/libfabric/1.22.0/bin:/tmp/khana/copper/lustre/orion/stf243/world-shared/hagertnl/CUG26/benchmark_builds/python-mpi4py/conda_env/bin:/sw/frontier/miniforge3/23.11.0-0/bin:/opt/rocm-6.4.2/bin:/sw/frontier/spack-envs/cpe25.09-cpu/opt/llvm-amdgpu-6.4.2/darshan-runtime-3.4.7-tvdocpzv3jfj4y6ki5jvmmkics323gon/bin:/opt/cray/pe/mpich/9.0.1/ofi/amd/6.0/bin:/opt/cray/pe/mpich/9.0.1/bin:/opt/cray/pe/perftools/25.09.0/bin:/opt/cray/pe/papi/7.2.0.2/bin:/opt/cray/pe/craype/2.7.35/bin:/lustre/orion/proj-shared/stf008/io_variability/kafka_client/kafka_2.13-4.1.0/bin:/ccs/home/khana/.vscode-server/data/User/globalStorage/github.copilot-chat/debugCommand:/ccs/home/khana/.vscode-server/data/User/globalStorage/github.copilot-chat/copilotCli:/autofs/nccs-svm1_home1/khana/.vscode-server/cli/servers/Stable-072586267e68ece9a47aa43f8c108e0dcbf44622/server/bin/remote-cli:/autofs/nccs-svm1_sw/frontier/miniforge3/23.11.0-0/condabin:/sw/sources/hpss/bin:/sw/frontier/spack-envs/core-25.03/opt/gcc-13.2/tmux-3.4-fcqqko3j4ga67yuc7zxaqcwsix5hns2v/bin:/opt/clmgr/sbin:/opt/clmgr/bin:/opt/sgi/sbin:/opt/sgi/bin:/sw/frontier/bin:/ccs/home/khana/.local/bin:/usr/local/bin:/usr/bin:/bin:/opt/bin:/opt/c3/bin:/usr/lib/mit/bin:/opt/puppetlabs/bin:/usr/sbin:/opt/cray/pe/bin'\''
export CONDA_PREFIX='\''/tmp/khana/copper/lustre/orion/stf243/world-shared/hagertnl/CUG26/benchmark_builds/python-mpi4py/conda_env'\''
export CONDA_SHLVL='\''2'\''
export CONDA_DEFAULT_ENV='\''/tmp/khana/copper/lustre/orion/stf243/world-shared/hagertnl/CUG26/benchmark_builds/python-mpi4py/conda_env'\''
export CONDA_PROMPT_MODIFIER='\''(/tmp/khana/copper/lustre/orion/stf243/world-shared/hagertnl/CUG26/benchmark_builds/python-mpi4py/conda_env) '\''
export CONDA_PREFIX_1='\''/autofs/nccs-svm1_sw/frontier/miniforge3/23.11.0-0'\''
export CONDA_EXE='\''/autofs/nccs-svm1_sw/frontier/miniforge3/23.11.0-0/bin/conda'\''
export _CE_M='\'''\''
export _CE_CONDA='\'''\''
export CONDA_PYTHON_EXE='\''/autofs/nccs-svm1_sw/frontier/miniforge3/23.11.0-0/bin/python'\'''
+ eval '. "/autofs/nccs-svm1_sw/frontier/miniforge3/23.11.0-0/etc/conda/deactivate.d/libxml2_deactivate.sh"
. "/autofs/nccs-svm1_sw/frontier/miniforge3/23.11.0-0/etc/conda/deactivate.d/libglib_deactivate.sh"
PS1='\''(/tmp/khana/copper/lustre/orion/stf243/world-shared/hagertnl/CUG26/benchmark_builds/python-mpi4py/conda_env) '\''
export PATH='\''/sw/frontier/lfs-wrapper/0.0.1/bin/lfs:/sw/frontier/ums/ums046/copper/build:/opt/cray/libfabric/1.22.0/bin:/tmp/khana/copper/lustre/orion/stf243/world-shared/hagertnl/CUG26/benchmark_builds/python-mpi4py/conda_env/bin:/sw/frontier/miniforge3/23.11.0-0/bin:/opt/rocm-6.4.2/bin:/sw/frontier/spack-envs/cpe25.09-cpu/opt/llvm-amdgpu-6.4.2/darshan-runtime-3.4.7-tvdocpzv3jfj4y6ki5jvmmkics323gon/bin:/opt/cray/pe/mpich/9.0.1/ofi/amd/6.0/bin:/opt/cray/pe/mpich/9.0.1/bin:/opt/cray/pe/perftools/25.09.0/bin:/opt/cray/pe/papi/7.2.0.2/bin:/opt/cray/pe/craype/2.7.35/bin:/lustre/orion/proj-shared/stf008/io_variability/kafka_client/kafka_2.13-4.1.0/bin:/ccs/home/khana/.vscode-server/data/User/globalStorage/github.copilot-chat/debugCommand:/ccs/home/khana/.vscode-server/data/User/globalStorage/github.copilot-chat/copilotCli:/autofs/nccs-svm1_home1/khana/.vscode-server/cli/servers/Stable-072586267e68ece9a47aa43f8c108e0dcbf44622/server/bin/remote-cli:/autofs/nccs-svm1_sw/frontier/miniforge3/23.11.0-0/condabin:/sw/sources/hpss/bin:/sw/frontier/spack-envs/core-25.03/opt/gcc-13.2/tmux-3.4-fcqqko3j4ga67yuc7zxaqcwsix5hns2v/bin:/opt/clmgr/sbin:/opt/clmgr/bin:/opt/sgi/sbin:/opt/sgi/bin:/sw/frontier/bin:/ccs/home/khana/.local/bin:/usr/local/bin:/usr/bin:/bin:/opt/bin:/opt/c3/bin:/usr/lib/mit/bin:/opt/puppetlabs/bin:/usr/sbin:/opt/cray/pe/bin'\''
export CONDA_PREFIX='\''/tmp/khana/copper/lustre/orion/stf243/world-shared/hagertnl/CUG26/benchmark_builds/python-mpi4py/conda_env'\''
export CONDA_SHLVL='\''2'\''
export CONDA_DEFAULT_ENV='\''/tmp/khana/copper/lustre/orion/stf243/world-shared/hagertnl/CUG26/benchmark_builds/python-mpi4py/conda_env'\''
export CONDA_PROMPT_MODIFIER='\''(/tmp/khana/copper/lustre/orion/stf243/world-shared/hagertnl/CUG26/benchmark_builds/python-mpi4py/conda_env) '\''
export CONDA_PREFIX_1='\''/autofs/nccs-svm1_sw/frontier/miniforge3/23.11.0-0'\''
export CONDA_EXE='\''/autofs/nccs-svm1_sw/frontier/miniforge3/23.11.0-0/bin/conda'\''
export _CE_M='\'''\''
export _CE_CONDA='\'''\''
export CONDA_PYTHON_EXE='\''/autofs/nccs-svm1_sw/frontier/miniforge3/23.11.0-0/bin/python'\'''
++ . /autofs/nccs-svm1_sw/frontier/miniforge3/23.11.0-0/etc/conda/deactivate.d/libxml2_deactivate.sh
+++ test -n ''
+++ unset XML_CATALOG_FILES
+++ unset xml_catalog_files_libxml2
++ . /autofs/nccs-svm1_sw/frontier/miniforge3/23.11.0-0/etc/conda/deactivate.d/libglib_deactivate.sh
+++ export GSETTINGS_SCHEMA_DIR=
+++ GSETTINGS_SCHEMA_DIR=
+++ unset GSETTINGS_SCHEMA_DIR_CONDA_BACKUP
+++ '[' -z ']'
+++ unset GSETTINGS_SCHEMA_DIR
++ PS1='(/tmp/khana/copper/lustre/orion/stf243/world-shared/hagertnl/CUG26/benchmark_builds/python-mpi4py/conda_env) '
++ export PATH=/sw/frontier/lfs-wrapper/0.0.1/bin/lfs:/sw/frontier/ums/ums046/copper/build:/opt/cray/libfabric/1.22.0/bin:/tmp/khana/copper/lustre/orion/stf243/world-shared/hagertnl/CUG26/benchmark_builds/python-mpi4py/conda_env/bin:/sw/frontier/miniforge3/23.11.0-0/bin:/opt/rocm-6.4.2/bin:/sw/frontier/spack-envs/cpe25.09-cpu/opt/llvm-amdgpu-6.4.2/darshan-runtime-3.4.7-tvdocpzv3jfj4y6ki5jvmmkics323gon/bin:/opt/cray/pe/mpich/9.0.1/ofi/amd/6.0/bin:/opt/cray/pe/mpich/9.0.1/bin:/opt/cray/pe/perftools/25.09.0/bin:/opt/cray/pe/papi/7.2.0.2/bin:/opt/cray/pe/craype/2.7.35/bin:/lustre/orion/proj-shared/stf008/io_variability/kafka_client/kafka_2.13-4.1.0/bin:/ccs/home/khana/.vscode-server/data/User/globalStorage/github.copilot-chat/debugCommand:/ccs/home/khana/.vscode-server/data/User/globalStorage/github.copilot-chat/copilotCli:/autofs/nccs-svm1_home1/khana/.vscode-server/cli/servers/Stable-072586267e68ece9a47aa43f8c108e0dcbf44622/server/bin/remote-cli:/autofs/nccs-svm1_sw/frontier/miniforge3/23.11.0-0/condabin:/sw/sources/hpss/bin:/sw/frontier/spack-envs/core-25.03/opt/gcc-13.2/tmux-3.4-fcqqko3j4ga67yuc7zxaqcwsix5hns2v/bin:/opt/clmgr/sbin:/opt/clmgr/bin:/opt/sgi/sbin:/opt/sgi/bin:/sw/frontier/bin:/ccs/home/khana/.local/bin:/usr/local/bin:/usr/bin:/bin:/opt/bin:/opt/c3/bin:/usr/lib/mit/bin:/opt/puppetlabs/bin:/usr/sbin:/opt/cray/pe/bin
++ PATH=/sw/frontier/lfs-wrapper/0.0.1/bin/lfs:/sw/frontier/ums/ums046/copper/build:/opt/cray/libfabric/1.22.0/bin:/tmp/khana/copper/lustre/orion/stf243/world-shared/hagertnl/CUG26/benchmark_builds/python-mpi4py/conda_env/bin:/sw/frontier/miniforge3/23.11.0-0/bin:/opt/rocm-6.4.2/bin:/sw/frontier/spack-envs/cpe25.09-cpu/opt/llvm-amdgpu-6.4.2/darshan-runtime-3.4.7-tvdocpzv3jfj4y6ki5jvmmkics323gon/bin:/opt/cray/pe/mpich/9.0.1/ofi/amd/6.0/bin:/opt/cray/pe/mpich/9.0.1/bin:/opt/cray/pe/perftools/25.09.0/bin:/opt/cray/pe/papi/7.2.0.2/bin:/opt/cray/pe/craype/2.7.35/bin:/lustre/orion/proj-shared/stf008/io_variability/kafka_client/kafka_2.13-4.1.0/bin:/ccs/home/khana/.vscode-server/data/User/globalStorage/github.copilot-chat/debugCommand:/ccs/home/khana/.vscode-server/data/User/globalStorage/github.copilot-chat/copilotCli:/autofs/nccs-svm1_home1/khana/.vscode-server/cli/servers/Stable-072586267e68ece9a47aa43f8c108e0dcbf44622/server/bin/remote-cli:/autofs/nccs-svm1_sw/frontier/miniforge3/23.11.0-0/condabin:/sw/sources/hpss/bin:/sw/frontier/spack-envs/core-25.03/opt/gcc-13.2/tmux-3.4-fcqqko3j4ga67yuc7zxaqcwsix5hns2v/bin:/opt/clmgr/sbin:/opt/clmgr/bin:/opt/sgi/sbin:/opt/sgi/bin:/sw/frontier/bin:/ccs/home/khana/.local/bin:/usr/local/bin:/usr/bin:/bin:/opt/bin:/opt/c3/bin:/usr/lib/mit/bin:/opt/puppetlabs/bin:/usr/sbin:/opt/cray/pe/bin
++ export CONDA_PREFIX=/tmp/khana/copper/lustre/orion/stf243/world-shared/hagertnl/CUG26/benchmark_builds/python-mpi4py/conda_env
++ CONDA_PREFIX=/tmp/khana/copper/lustre/orion/stf243/world-shared/hagertnl/CUG26/benchmark_builds/python-mpi4py/conda_env
++ export CONDA_SHLVL=2
++ CONDA_SHLVL=2
++ export CONDA_DEFAULT_ENV=/tmp/khana/copper/lustre/orion/stf243/world-shared/hagertnl/CUG26/benchmark_builds/python-mpi4py/conda_env
++ CONDA_DEFAULT_ENV=/tmp/khana/copper/lustre/orion/stf243/world-shared/hagertnl/CUG26/benchmark_builds/python-mpi4py/conda_env
++ export 'CONDA_PROMPT_MODIFIER=(/tmp/khana/copper/lustre/orion/stf243/world-shared/hagertnl/CUG26/benchmark_builds/python-mpi4py/conda_env) '
++ CONDA_PROMPT_MODIFIER='(/tmp/khana/copper/lustre/orion/stf243/world-shared/hagertnl/CUG26/benchmark_builds/python-mpi4py/conda_env) '
++ export CONDA_PREFIX_1=/autofs/nccs-svm1_sw/frontier/miniforge3/23.11.0-0
++ CONDA_PREFIX_1=/autofs/nccs-svm1_sw/frontier/miniforge3/23.11.0-0
++ export CONDA_EXE=/autofs/nccs-svm1_sw/frontier/miniforge3/23.11.0-0/bin/conda
++ CONDA_EXE=/autofs/nccs-svm1_sw/frontier/miniforge3/23.11.0-0/bin/conda
++ export _CE_M=
++ _CE_M=
++ export _CE_CONDA=
++ _CE_CONDA=
++ export CONDA_PYTHON_EXE=/autofs/nccs-svm1_sw/frontier/miniforge3/23.11.0-0/bin/python
++ CONDA_PYTHON_EXE=/autofs/nccs-svm1_sw/frontier/miniforge3/23.11.0-0/bin/python
+ __conda_hashr
+ '[' -n '' ']'
+ '[' -n '' ']'
+ hash -r
+ exe=/tmp/khana/copper/lustre/orion/stf243/world-shared/hagertnl/CUG26/benchmark_builds/pynamic/pynamic-pyMPI-2.6a1_util_495_280/
+ set -x
++ seq 1 5
+ for i in $(seq 1 5)
+ /usr/bin/time srun -N 64 -n 512 -c 7 --ntasks-per-node=8 --gpus-per-node=8 --gpu-bind=closest --cpus-per-task=1 --threads-per-core=1 --network=single_node_vni,job_vni python3 -c 'from mpi4py import MPI'
0.01user 0.04system 0:04.30elapsed 1%CPU (0avgtext+0avgdata 18432maxresident)k
38inputs+0outputs (0major+4006minor)pagefaults 0swaps
+ for i in $(seq 1 5)
+ /usr/bin/time srun -N 64 -n 512 -c 7 --ntasks-per-node=8 --gpus-per-node=8 --gpu-bind=closest --cpus-per-task=1 --threads-per-core=1 --network=single_node_vni,job_vni python3 -c 'from mpi4py import MPI'
0.01user 0.04system 0:03.20elapsed 1%CPU (0avgtext+0avgdata 17408maxresident)k
38inputs+0outputs (0major+4006minor)pagefaults 0swaps
+ for i in $(seq 1 5)
+ /usr/bin/time srun -N 64 -n 512 -c 7 --ntasks-per-node=8 --gpus-per-node=8 --gpu-bind=closest --cpus-per-task=1 --threads-per-core=1 --network=single_node_vni,job_vni python3 -c 'from mpi4py import MPI'
0.01user 0.04system 0:02.77elapsed 2%CPU (0avgtext+0avgdata 18432maxresident)k
0inputs+0outputs (0major+4006minor)pagefaults 0swaps
+ for i in $(seq 1 5)
+ /usr/bin/time srun -N 64 -n 512 -c 7 --ntasks-per-node=8 --gpus-per-node=8 --gpu-bind=closest --cpus-per-task=1 --threads-per-core=1 --network=single_node_vni,job_vni python3 -c 'from mpi4py import MPI'
0.02user 0.04system 0:02.55elapsed 2%CPU (0avgtext+0avgdata 17408maxresident)k
0inputs+0outputs (0major+4006minor)pagefaults 0swaps
+ for i in $(seq 1 5)
+ /usr/bin/time srun -N 64 -n 512 -c 7 --ntasks-per-node=8 --gpus-per-node=8 --gpu-bind=closest --cpus-per-task=1 --threads-per-core=1 --network=single_node_vni,job_vni python3 -c 'from mpi4py import MPI'
srun: Step created for StepId=4189878.5
0.01user 0.04system 0:02.55elapsed 2%CPU (0avgtext+0avgdata 17408maxresident)k
0inputs+0outputs (0major+4005minor)pagefaults 0swaps
+ set +x
+ '[' -z '' ']'
+ case "$-" in
+ __lmod_vx=x
+ '[' -n x ']'
+ set +x
Shell debugging temporarily silenced: export LMOD_SH_DBG_ON=1 for this output (/opt/cray/pe/lmod/lmod/init/bash)
Shell debugging restarted
+ unset __lmod_vx
+ log_dir=/ccs/home/khana/copper-logs/4189878
+ getopts d: opt
+ case ${opt} in
+ log_dir=/lustre/orion/stf008/proj-shared/hvac/copper-cug/copper_logs
+ getopts d: opt
+ SLURM_NODEFILE=/lustre/orion/stf008/proj-shared/hvac/copper-cug/copper_logs/node_file.txt
+ echo 'Stopping Copper Gracefully On All Nodes : Start'
Stopping Copper Gracefully On All Nodes : Start
+ CU_FUSE_MNT_VIEWDIR=/tmp/khana/copper
+ clush --hostfile /lustre/orion/stf008/proj-shared/hvac/copper-cug/copper_logs/node_file.txt 'pkill -9 cu_fuse'
srun: error: frontier07757: task 50: Killed
srun: Terminating StepId=4189878.0
+ clush --hostfile /lustre/orion/stf008/proj-shared/hvac/copper-cug/copper_logs/node_file.txt 'fusermount3 -u /tmp/khana/copper'
srun: error: frontier02806: task 26: Killed
srun: error: frontier02387: task 25: Killed
srun: error: frontier08454: task 56: Killed
srun: error: frontier07505: task 49: Killed
srun: error: frontier06375: task 42: Killed
srun: error: frontier03583: task 29: Killed
srun: error: frontier09352: task 62: Killed
srun: error: frontier07882: task 51: Killed
srun: error: frontier03525: task 28: Killed
srun: error: frontier09224: task 61: Killed
srun: error: frontier00621: task 6: Killed
srun: error: frontier06910: task 45: Killed
srun: error: frontier05743: task 38: Killed
srun: error: frontier01398: task 15: Killed
srun: error: frontier07024: task 46: Killed
srun: error: frontier08157: task 53: Killed
srun: error: frontier01600: task 18: Killed
srun: error: frontier05929: task 39: Killed
srun: error: frontier08287: task 54: Killed
srun: error: frontier00599: task 5: Killed
srun: error: frontier07281: task 48: Killed
srun: error: frontier08794: task 57: Killed
srun: error: frontier04096: task 32: Killed
srun: error: frontier01097: task 11: Killed
srun: error: frontier09188: task 60: Killed
srun: error: frontier01279: task 13: Killed
srun: error: frontier04414: task 34: Killed
srun: error: frontier06429: task 43: Killed
srun: error: frontier00029: task 0: Killed
srun: error: frontier00036: task 1: Killed
srun: error: frontier01395: task 14: Killed
srun: error: frontier06248: task 41: Killed
srun: error: frontier06133: task 40: Killed
srun: error: frontier08965: task 59: Killed
srun: error: frontier00163: task 2: Killed
srun: error: frontier04730: task 35: Killed
srun: error: frontier03712: task 30: Killed
srun: error: frontier00363: task 3: Killed
srun: error: frontier06619: task 44: Killed
srun: error: frontier01879: task 23: Killed
srun: error: frontier01754: task 20: Killed
srun: error: frontier07157: task 47: Killed
srun: error: frontier01502: task 16: Killed
srun: error: frontier01610: task 19: Killed
srun: error: frontier04983: task 36: Killed
srun: error: frontier08349: task 55: Killed
srun: error: frontier02042: task 24: Killed
srun: error: frontier05631: task 37: Killed
srun: error: frontier01010: task 10: Killed
srun: error: frontier01009: task 9: Killed
srun: error: frontier00758: task 8: Killed
srun: error: frontier00757: task 7: Killed
srun: error: frontier01098: task 12: Killed
srun: error: frontier02934: task 27: Killed
srun: error: frontier01878: task 22: Killed
srun: error: frontier01521: task 17: Killed
srun: error: frontier08873: task 58: Killed
srun: error: frontier04316: task 33: Killed
srun: error: frontier10173: task 63: Killed
srun: error: frontier01773: task 21: Killed
srun: error: frontier00367: task 4: Killed
srun: error: frontier03968: task 31: Killed
srun: error: frontier08010: task 52: Killed
srun: Force Terminated StepId=4189878.0
+ clush --hostfile /lustre/orion/stf008/proj-shared/hvac/copper-cug/copper_logs/node_file.txt 'rm -rf /tmp/khana/copper'
+ echo 'Stopping Copper Gracefully On All Nodes : End'
Stopping Copper Gracefully On All Nodes : End
