+ '[' -z '' ']'
+ case "$-" in
+ __lmod_vx=x
+ '[' -n x ']'
+ set +x
Shell debugging temporarily silenced: export LMOD_SH_DBG_ON=1 for this output (/opt/cray/pe/lmod/lmod/init/bash)
Shell debugging restarted
+ unset __lmod_vx
+ source /lustre/orion/stf243/world-shared/hagertnl/CUG26/benchmark_builds/common_modules.sh
++ module load PrgEnv-amd
++ '[' -z '' ']'
++ case "$-" in
++ __lmod_sh_dbg=x
++ '[' -n x ']'
++ set +x
Shell debugging temporarily silenced: export LMOD_SH_DBG_ON=1 for Lmod's output

Lmod is automatically replacing "cce/18.0.1" with "amd/6.2.4".


Lmod is automatically replacing "PrgEnv-cray/8.6.0" with "PrgEnv-amd/8.6.0".


Due to MODULEPATH changes, the following have been reloaded:
  1) cray-libsci/24.11.0     2) cray-mpich/8.1.31     3) darshan-runtime/3.4.6-mpi

Shell debugging restarted
++ unset __lmod_sh_dbg
++ return 0
++ module load cpe/25.09
++ '[' -z '' ']'
++ case "$-" in
++ __lmod_sh_dbg=x
++ '[' -n x ']'
++ set +x
Shell debugging temporarily silenced: export LMOD_SH_DBG_ON=1 for Lmod's output

The following have been reloaded with a version change:
  1) amd/6.2.4 => amd/6.4.2
  2) cray-dsmml/0.3.0 => cray-dsmml/0.3.1
  3) cray-libsci/24.11.0 => cray-libsci/25.09.0
  4) cray-mpich/8.1.31 => cray-mpich/9.0.1
  5) cray-pmi/6.1.15 => cray-pmi/6.1.16
  6) craype/2.7.33 => craype/2.7.35
  7) darshan-runtime/3.4.6-mpi => darshan-runtime/3.4.7-mpi
  8) perftools-base/24.11.0 => perftools-base/25.09.0

Shell debugging restarted
++ unset __lmod_sh_dbg
++ return 0
++ module load amd/6.4.2
++ '[' -z '' ']'
++ case "$-" in
++ __lmod_sh_dbg=x
++ '[' -n x ']'
++ set +x
Shell debugging temporarily silenced: export LMOD_SH_DBG_ON=1 for Lmod's output
Shell debugging restarted
++ unset __lmod_sh_dbg
++ return 0
++ module load rocm/6.4.2
++ '[' -z '' ']'
++ case "$-" in
++ __lmod_sh_dbg=x
++ '[' -n x ']'
++ set +x
Shell debugging temporarily silenced: export LMOD_SH_DBG_ON=1 for Lmod's output
Shell debugging restarted
++ unset __lmod_sh_dbg
++ return 0
++ module load libfabric/1.22.0
++ '[' -z '' ']'
++ case "$-" in
++ __lmod_sh_dbg=x
++ '[' -n x ']'
++ set +x
Shell debugging temporarily silenced: export LMOD_SH_DBG_ON=1 for Lmod's output
Shell debugging restarted
++ unset __lmod_sh_dbg
++ return 0
++ module load craype-accel-amd-gfx90a
++ '[' -z '' ']'
++ case "$-" in
++ __lmod_sh_dbg=x
++ '[' -n x ']'
++ set +x
Shell debugging temporarily silenced: export LMOD_SH_DBG_ON=1 for Lmod's output
Shell debugging restarted
++ unset __lmod_sh_dbg
++ return 0
++ module load miniforge3/23.11.0-0
++ '[' -z '' ']'
++ case "$-" in
++ __lmod_sh_dbg=x
++ '[' -n x ']'
++ set +x
Shell debugging temporarily silenced: export LMOD_SH_DBG_ON=1 for Lmod's output
Shell debugging restarted
++ unset __lmod_sh_dbg
++ return 0
++ export LD_LIBRARY_PATH=/opt/cray/pe/mpich/9.0.1/ofi/amd/6.0/lib:/opt/cray/pe/mpich/9.0.1/gtl/lib:/opt/cray/pe/libsci/25.09.0/AMD/6.0/x86_64/lib:/opt/cray/pe/perftools/25.09.0/lib64:/opt/cray/pe/pmi/6.1.16/lib:/opt/cray/pe/dsmml/0.3.1/dsmml/lib:/opt/cray/libfabric/1.22.0/lib64:/opt/rocm-6.4.2/lib/roctracer:/opt/rocm-6.4.2/lib/rocprofiler:/opt/rocm-6.4.2/lib:/sw/frontier/spack-envs/cpe25.09-cpu/opt/llvm-amdgpu-6.4.2/darshan-runtime-3.4.7-tvdocpzv3jfj4y6ki5jvmmkics323gon/lib:/opt/rocm-6.4.2/llvm/lib:/opt/cray/pe/papi/7.2.0.2/lib64
++ LD_LIBRARY_PATH=/opt/cray/pe/mpich/9.0.1/ofi/amd/6.0/lib:/opt/cray/pe/mpich/9.0.1/gtl/lib:/opt/cray/pe/libsci/25.09.0/AMD/6.0/x86_64/lib:/opt/cray/pe/perftools/25.09.0/lib64:/opt/cray/pe/pmi/6.1.16/lib:/opt/cray/pe/dsmml/0.3.1/dsmml/lib:/opt/cray/libfabric/1.22.0/lib64:/opt/rocm-6.4.2/lib/roctracer:/opt/rocm-6.4.2/lib/rocprofiler:/opt/rocm-6.4.2/lib:/sw/frontier/spack-envs/cpe25.09-cpu/opt/llvm-amdgpu-6.4.2/darshan-runtime-3.4.7-tvdocpzv3jfj4y6ki5jvmmkics323gon/lib:/opt/rocm-6.4.2/llvm/lib:/opt/cray/pe/papi/7.2.0.2/lib64
++ [[ /var/spool/slurmd/job4189613/slurm_script == \/\l\u\s\t\r\e\/\o\r\i\o\n\/\s\t\f\2\4\3\/\w\o\r\l\d\-\s\h\a\r\e\d\/\h\a\g\e\r\t\n\l\/\C\U\G\2\6\/\b\e\n\c\h\m\a\r\k\_\b\u\i\l\d\s\/\c\o\m\m\o\n\_\m\o\d\u\l\e\s\.\s\h ]]
+ module load libfabric/1.22.0
+ '[' -z '' ']'
+ case "$-" in
+ __lmod_sh_dbg=x
+ '[' -n x ']'
+ set +x
Shell debugging temporarily silenced: export LMOD_SH_DBG_ON=1 for Lmod's output
Shell debugging restarted
+ unset __lmod_sh_dbg
+ return 0
+ module load ums ums046 copper
+ '[' -z '' ']'
+ case "$-" in
+ __lmod_sh_dbg=x
+ '[' -n x ']'
+ set +x
Shell debugging temporarily silenced: export LMOD_SH_DBG_ON=1 for Lmod's output
Copper loaded: use 'launch_copper' and 'stop_copper'.
COPPER_ROOT: /sw/frontier/ums/ums046/copper
launch_copper points to: /sw/frontier/ums/ums046/copper/build/launch_copper.sh
Shell debugging restarted
+ unset __lmod_sh_dbg
+ return 0
+ [[ /var/spool/slurmd/job4189613/slurm_script == \/\v\a\r\/\s\p\o\o\l\/\s\l\u\r\m\d\/\j\o\b\4\1\8\9\6\1\3\/\s\l\u\r\m\_\s\c\r\i\p\t ]]
+ echo 'This script should be sourced! When it is not, it prints out the resulting module set:'
This script should be sourced! When it is not, it prints out the resulting module set:
+ module list
+ '[' -z '' ']'
+ case "$-" in
+ __lmod_sh_dbg=x
+ '[' -n x ']'
+ set +x
Shell debugging temporarily silenced: export LMOD_SH_DBG_ON=1 for Lmod's output

Currently Loaded Modules:
  1) craype-x86-trento               14) cpe/25.09
  2) craype-network-ofi              15) amd/6.4.2
  3) xpmem/2.11.3-1.3_gdbda01a1eb3d  16) cray-libsci/25.09.0
  4) Core/25.03                      17) cray-mpich/9.0.1
  5) tmux/3.4                        18) darshan-runtime/3.4.7-mpi (E4S)
  6) hsi/default                     19) rocm/6.4.2
  7) lfs-wrapper/0.0.1               20) craype-accel-amd-gfx90a
  8) DefApps                         21) miniforge3/23.11.0-0
  9) PrgEnv-amd/8.6.0                22) libfabric/1.22.0
 10) cray-dsmml/0.3.1                23) ums/default
 11) cray-pmi/6.1.16                 24) ums046/default
 12) craype/2.7.35                   25) copper/0.1
 13) perftools-base/25.09.0

  Where:
   E4S:  E4S: Extreme-scale Scientific Software Stack (E4S) https://e4s.io/index.html

 

Shell debugging restarted
+ unset __lmod_sh_dbg
+ return 0
+ LOGDIR=/lustre/orion/stf008/proj-shared/hvac/copper-cug/copper_logs
+ launch_copper.sh -d /lustre/orion/stf008/proj-shared/hvac/copper-cug/copper_logs
+ '[' -z '' ']'
+ case "$-" in
+ __lmod_vx=x
+ '[' -n x ']'
+ set +x
Shell debugging temporarily silenced: export LMOD_SH_DBG_ON=1 for this output (/opt/cray/pe/lmod/lmod/init/bash)
Shell debugging restarted
+ unset __lmod_vx
+ echo 'Launching Copper Gracefully On All Nodes : Start'
Launching Copper Gracefully On All Nodes : Start
+ echo /sw/frontier/ums/ums046/copper
/sw/frontier/ums/ums046/copper
+ CUPATH=/sw/frontier/ums/ums046/copper/build/cu_fuse
+ CU_FUSE_MNT_VIEWDIR=/tmp/khana/copper
+ facility_address_book=/sw/frontier/ums/ums046/copper/olcf_copper_addressbook.txt
+ log_level=6
+ log_dir=/ccs/home/khana/copper-logs/4189613
+ log_type=file
+ trees=1
+ max_cacheable_byte_size=10485760
+ sleeptime=20
+ physcpubind=57-60
+ net_type=cxi://cxi1
+ getopts l:t:d:T:M:s:b:F:n: opt
+ case ${opt} in
+ log_dir=/lustre/orion/stf008/proj-shared/hvac/copper-cug/copper_logs
+ getopts l:t:d:T:M:s:b:F:n: opt
+ echo 'log_level                  : 6'
log_level                  : 6
+ echo 'log_type                   : file'
log_type                   : file
+ echo 'trees                      : 1'
trees                      : 1
+ echo 'max_cacheable_byte_size    : 10485760'
max_cacheable_byte_size    : 10485760
+ echo 'sleeptime                  : 20'
sleeptime                  : 20
+ echo 'CU_FUSE_MNT_VIEWDIR        : /tmp/khana/copper'
CU_FUSE_MNT_VIEWDIR        : /tmp/khana/copper
+ echo 'LOGDIR                     : /lustre/orion/stf008/proj-shared/hvac/copper-cug/copper_logs'
LOGDIR                     : /lustre/orion/stf008/proj-shared/hvac/copper-cug/copper_logs
+ echo 'SLURM_NODEFILE             : '
SLURM_NODEFILE             : 
+ echo 'physcpubind                : 57-60'
physcpubind                : 57-60
+ echo 'facility_address_book      : /sw/frontier/ums/ums046/copper/olcf_copper_addressbook.txt'
facility_address_book      : /sw/frontier/ums/ums046/copper/olcf_copper_addressbook.txt
+ echo 'net_type                   : cxi://cxi1'
net_type                   : cxi://cxi1
+ mkdir -p /lustre/orion/stf008/proj-shared/hvac/copper-cug/copper_logs
+ SLURM_NODEFILE=/lustre/orion/stf008/proj-shared/hvac/copper-cug/copper_logs/node_file.txt
+ scontrol show hostnames 'frontier[00123,02237,02297,02358,02498,02624,02744,02931-02932,03002,03081-03082,03205,03207,03370,03381,03473-03474,03601-03602,03726,03741,03862-03863,03982,04001,04119-04120,04237,04364,04553,04853,04981,05103,05239,05374,05496,05616,05751,05798,06129,06255,06383,06769,06898,06996,07154,07284,07409,07538,07666,07788,07922,08029,08181,08209,08565,08656,08799,08953,09055,09197,09307,09463]'
+ echo 'Ignore errors below this line related to copper fuse unmount or cleanup if any. '
Ignore errors below this line related to copper fuse unmount or cleanup if any. 
+ clush --hostfile /lustre/orion/stf008/proj-shared/hvac/copper-cug/copper_logs/node_file.txt 'fusermount3 -u /tmp/khana/copper'
frontier00123: fusermount3: bad mount point /tmp/khana/copper: No such file or directory
clush: frontier00123: exited with exit code 1
frontier03205: fusermount3: bad mount point /tmp/khana/copper: No such file or directory
clush: frontier03205: exited with exit code 1
frontier05239: fusermount3: bad mount point /tmp/khana/copper: No such file or directory
clush: frontier05239: exited with exit code 1
frontier04553: fusermount3: bad mount point /tmp/khana/copper: No such file or directory
frontier04853: fusermount3: bad mount point /tmp/khana/copper: No such file or directory
clush: frontier04553: exited with exit code 1
clush: frontier04853: exited with exit code 1
frontier03207: fusermount3: bad mount point /tmp/khana/copper: No such file or directory
clush: frontier03207: exited with exit code 1
frontier02297: fusermount3: bad mount point /tmp/khana/copper: No such file or directory
frontier03370: fusermount3: bad mount point /tmp/khana/copper: No such file or directory
clush: frontier03370: exited with exit code 1
clush: frontier02297: exited with exit code 1
frontier05616: fusermount3: bad mount point /tmp/khana/copper: No such file or directory
frontier03082: fusermount3: bad mount point /tmp/khana/copper: No such file or directory
clush: frontier05616: exited with exit code 1
clush: frontier03082: exited with exit code 1
frontier05751: fusermount3: bad mount point /tmp/khana/copper: No such file or directory
clush: frontier05751: exited with exit code 1
frontier08565: fusermount3: bad mount point /tmp/khana/copper: No such file or directory
clush: frontier08565: exited with exit code 1
frontier07788: fusermount3: bad mount point /tmp/khana/copper: No such file or directory
frontier03473: fusermount3: bad mount point /tmp/khana/copper: No such file or directory
frontier06255: fusermount3: bad mount point /tmp/khana/copper: No such file or directory
frontier02358: fusermount3: bad mount point /tmp/khana/copper: No such file or directory
clush: frontier07788: exited with exit code 1
clush: frontier06255: exited with exit code 1
clush: frontier03473: exited with exit code 1
clush: frontier02358: exited with exit code 1
frontier08656: fusermount3: bad mount point /tmp/khana/copper: No such file or directory
frontier03081: fusermount3: bad mount point /tmp/khana/copper: No such file or directory
clush: frontier08656: exited with exit code 1
clush: frontier03081: exited with exit code 1
frontier08029: fusermount3: bad mount point /tmp/khana/copper: No such file or directory
clush: frontier08029: exited with exit code 1
frontier08799: fusermount3: bad mount point /tmp/khana/copper: No such file or directory
clush: frontier08799: exited with exit code 1
frontier05374: fusermount3: bad mount point /tmp/khana/copper: No such file or directory
frontier06996: fusermount3: bad mount point /tmp/khana/copper: No such file or directory
clush: frontier05374: exited with exit code 1
clush: frontier06996: exited with exit code 1
frontier06129: fusermount3: bad mount point /tmp/khana/copper: No such file or directory
clush: frontier06129: exited with exit code 1
frontier07922: fusermount3: bad mount point /tmp/khana/copper: No such file or directory
clush: frontier07922: exited with exit code 1
frontier08209: fusermount3: bad mount point /tmp/khana/copper: No such file or directory
clush: frontier08209: exited with exit code 1
frontier03602: fusermount3: bad mount point /tmp/khana/copper: No such file or directory
frontier04981: fusermount3: bad mount point /tmp/khana/copper: No such file or directory
frontier08953: fusermount3: bad mount point /tmp/khana/copper: No such file or directory
frontier05103: fusermount3: bad mount point /tmp/khana/copper: No such file or directory
clush: frontier03602: exited with exit code 1
clush: frontier04981: exited with exit code 1
clush: frontier05103: exited with exit code 1
clush: frontier08953: exited with exit code 1
frontier02237: fusermount3: bad mount point /tmp/khana/copper: No such file or directory
clush: frontier02237: exited with exit code 1
frontier03002: fusermount3: bad mount point /tmp/khana/copper: No such file or directory
clush: frontier03002: exited with exit code 1
frontier03601: fusermount3: bad mount point /tmp/khana/copper: No such file or directory
clush: frontier03601: exited with exit code 1
frontier03982: fusermount3: bad mount point /tmp/khana/copper: No such file or directory
frontier09307: fusermount3: bad mount point /tmp/khana/copper: No such file or directory
clush: frontier03982: exited with exit code 1
clush: frontier09307: exited with exit code 1
frontier04001: fusermount3: bad mount point /tmp/khana/copper: No such file or directory
clush: frontier04001: exited with exit code 1
frontier03726: fusermount3: bad mount point /tmp/khana/copper: No such file or directory
clush: frontier03726: exited with exit code 1
frontier03741: fusermount3: bad mount point /tmp/khana/copper: No such file or directory
clush: frontier03741: exited with exit code 1
frontier08181: fusermount3: bad mount point /tmp/khana/copper: No such file or directory
clush: frontier08181: exited with exit code 1
frontier04364: fusermount3: bad mount point /tmp/khana/copper: No such file or directory
clush: frontier04364: exited with exit code 1
frontier03381: fusermount3: bad mount point /tmp/khana/copper: No such file or directory
frontier05496: fusermount3: bad mount point /tmp/khana/copper: No such file or directory
clush: frontier03381: exited with exit code 1
clush: frontier05496: exited with exit code 1
frontier04237: fusermount3: bad mount point /tmp/khana/copper: No such file or directory
clush: frontier04237: exited with exit code 1
frontier03474: fusermount3: bad mount point /tmp/khana/copper: No such file or directory
clush: frontier03474: exited with exit code 1
frontier05798: fusermount3: bad mount point /tmp/khana/copper: No such file or directory
clush: frontier05798: exited with exit code 1
frontier03862: fusermount3: bad mount point /tmp/khana/copper: No such file or directory
clush: frontier03862: exited with exit code 1
frontier04119: fusermount3: bad mount point /tmp/khana/copper: No such file or directory
clush: frontier04119: exited with exit code 1
frontier03863: fusermount3: bad mount point /tmp/khana/copper: No such file or directory
clush: frontier03863: exited with exit code 1
frontier02931: fusermount3: bad mount point /tmp/khana/copper: No such file or directory
clush: frontier02931: exited with exit code 1
frontier06383: fusermount3: bad mount point /tmp/khana/copper: No such file or directory
clush: frontier06383: exited with exit code 1
frontier04120: fusermount3: bad mount point /tmp/khana/copper: No such file or directory
clush: frontier04120: exited with exit code 1
frontier07409: fusermount3: bad mount point /tmp/khana/copper: No such file or directory
clush: frontier07409: exited with exit code 1
frontier09463: fusermount3: bad mount point /tmp/khana/copper: No such file or directory
clush: frontier09463: exited with exit code 1
frontier09197: fusermount3: bad mount point /tmp/khana/copper: No such file or directory
clush: frontier09197: exited with exit code 1
frontier02498: fusermount3: bad mount point /tmp/khana/copper: No such file or directory
frontier02624: fusermount3: bad mount point /tmp/khana/copper: No such file or directory
clush: frontier02498: exited with exit code 1
clush: frontier02624: exited with exit code 1
frontier09055: fusermount3: bad mount point /tmp/khana/copper: No such file or directory
clush: frontier09055: exited with exit code 1
frontier07154: fusermount3: bad mount point /tmp/khana/copper: No such file or directory
clush: frontier07154: exited with exit code 1
frontier02744: fusermount3: bad mount point /tmp/khana/copper: No such file or directory
clush: frontier02744: exited with exit code 1
frontier02932: fusermount3: bad mount point /tmp/khana/copper: No such file or directory
clush: frontier02932: exited with exit code 1
frontier06769: fusermount3: bad mount point /tmp/khana/copper: No such file or directory
clush: frontier06769: exited with exit code 1
frontier07284: fusermount3: bad mount point /tmp/khana/copper: No such file or directory
clush: frontier07284: exited with exit code 1
frontier06898: fusermount3: bad mount point /tmp/khana/copper: No such file or directory
clush: frontier06898: exited with exit code 1
frontier07666: fusermount3: bad mount point /tmp/khana/copper: No such file or directory
clush: frontier07666: exited with exit code 1
frontier07538: fusermount3: bad mount point /tmp/khana/copper: No such file or directory
clush: frontier07538: exited with exit code 1
+ clush --hostfile /lustre/orion/stf008/proj-shared/hvac/copper-cug/copper_logs/node_file.txt 'rm -rf /tmp/khana/copper'
+ clush --hostfile /lustre/orion/stf008/proj-shared/hvac/copper-cug/copper_logs/node_file.txt 'mkdir -p /tmp/khana/copper'
+ echo 'Errors below this line are critical - report if any. '
Errors below this line are critical - report if any. 
+ options=' -f -tpath / -vpath /tmp/khana/copper -log_level 6 -log_type file -log_output_dir /lustre/orion/stf008/proj-shared/hvac/copper-cug/copper_logs -net_type cxi://cxi1 -trees 1 -nf /lustre/orion/stf008/proj-shared/hvac/copper-cug/copper_logs/node_file.txt -max_cacheable_byte_size 10485760  -facility_address_book /sw/frontier/ums/ums046/copper/olcf_copper_addressbook.txt -s /tmp/khana/copper'
+ sleep 20s
+ srun -N 64 --ntasks-per-node=1 --cpus-per-task=2 --cpu-bind=threads --network=single_node_vni,job_vni /sw/frontier/ums/ums046/copper/build/cu_fuse -f -tpath / -vpath /tmp/khana/copper -log_level 6 -log_type file -log_output_dir /lustre/orion/stf008/proj-shared/hvac/copper-cug/copper_logs -net_type cxi://cxi1 -trees 1 -nf /lustre/orion/stf008/proj-shared/hvac/copper-cug/copper_logs/node_file.txt -max_cacheable_byte_size 10485760 -facility_address_book /sw/frontier/ums/ums046/copper/olcf_copper_addressbook.txt -s /tmp/khana/copper
2026-03-09 15-37-10.154 [Debug] (cu_hello_main)  
2026-03-09 15-37-10.154 [Info] (cu_hello_main) hostname found to be: frontier00123
2026-03-09 15-37-10.154 [Debug] (process_args) -tpath was found: /
2026-03-09 15-37-10.154 [Debug] (process_args) -vpath was found: /tmp/khana/copper
2026-03-09 15-37-10.154 [Debug] (process_args) -log_level was found: 6
2026-03-09 15-37-10.154 [Debug] (process_args) -log_type was found: file
2026-03-09 15-37-10.154 [Debug] (process_args) -log_output_dir was found: /lustre/orion/stf008/proj-shared/hvac/copper-cug/copper_logs
2026-03-09 15-37-10.154 [Debug] (process_args) -net_type was found: cxi://cxi1
2026-03-09 15-37-10.154 [Debug] (process_args) -trees was found: 1
2026-03-09 15-37-10.154 [Debug] (process_args) -nf was found: /lustre/orion/stf008/proj-shared/hvac/copper-cug/copper_logs/node_file.txt
2026-03-09 15-37-10.154 [Debug] (process_args) -max_cacheable_byte_size was found: 10485760
2026-03-09 15-37-10.154 [Debug] (process_args) -facility_address_book was found: /sw/frontier/ums/ums046/copper/olcf_copper_addressbook.txt
2026-03-09 15-37-10.154 [Info] (cu_hello_main) copper address located at path: /lustre/orion/stf008/proj-shared/hvac/copper-cug/copper_logs/copper_address_book.txt
2026-03-09 15-37-10.154 [Info] (cu_hello_main) facility address book filename path: /sw/frontier/ums/ums046/copper/olcf_copper_addressbook.txt
2026-03-09 15-37-10.154 [Info] (cu_hello_main) output filename path: /lustre/orion/stf008/proj-shared/hvac/copper-cug/copper_logs/frontier00123-1288299-output.log
2026-03-09 15-37-10.158 [Debug] (cu_hello_main)  
2026-03-09 15-37-10.159 [Info] (cu_hello_main) hostname found to be: frontier03205
2026-03-09 15-37-10.159 [Debug] (process_args) -tpath was found: /
2026-03-09 15-37-10.159 [Debug] (process_args) -vpath was found: /tmp/khana/copper
2026-03-09 15-37-10.159 [Debug] (process_args) -log_level was found: 6
2026-03-09 15-37-10.159 [Debug] (process_args) -log_type was found: file
2026-03-09 15-37-10.159 [Debug] (process_args) -log_output_dir was found: /lustre/orion/stf008/proj-shared/hvac/copper-cug/copper_logs
2026-03-09 15-37-10.159 [Debug] (process_args) -net_type was found: cxi://cxi1
2026-03-09 15-37-10.159 [Debug] (process_args) -trees was found: 1
2026-03-09 15-37-10.159 [Debug] (process_args) -nf was found: /lustre/orion/stf008/proj-shared/hvac/copper-cug/copper_logs/node_file.txt
2026-03-09 15-37-10.159 [Debug] (process_args) -max_cacheable_byte_size was found: 10485760
2026-03-09 15-37-10.159 [Debug] (process_args) -facility_address_book was found: /sw/frontier/ums/ums046/copper/olcf_copper_addressbook.txt
2026-03-09 15-37-10.159 [Info] (cu_hello_main) copper address located at path: /lustre/orion/stf008/proj-shared/hvac/copper-cug/copper_logs/copper_address_book.txt
2026-03-09 15-37-10.159 [Info] (cu_hello_main) facility address book filename path: /sw/frontier/ums/ums046/copper/olcf_copper_addressbook.txt
2026-03-09 15-37-10.159 [Info] (cu_hello_main) output filename path: /lustre/orion/stf008/proj-shared/hvac/copper-cug/copper_logs/frontier03205-188323-output.log
2026-03-09 15-37-10.160 [Debug] (cu_hello_main)  
2026-03-09 15-37-10.160 [Info] (cu_hello_main) hostname found to be: frontier04001
2026-03-09 15-37-10.160 [Debug] (process_args) -tpath was found: /
2026-03-09 15-37-10.160 [Debug] (process_args) -vpath was found: /tmp/khana/copper
2026-03-09 15-37-10.160 [Debug] (process_args) -log_level was found: 6
2026-03-09 15-37-10.160 [Debug] (process_args) -log_type was found: file
2026-03-09 15-37-10.160 [Debug] (process_args) -log_output_dir was found: /lustre/orion/stf008/proj-shared/hvac/copper-cug/copper_logs
2026-03-09 15-37-10.160 [Debug] (process_args) -net_type was found: cxi://cxi1
2026-03-09 15-37-10.160 [Debug] (process_args) -trees was found: 1
2026-03-09 15-37-10.160 [Debug] (process_args) -nf was found: /lustre/orion/stf008/proj-shared/hvac/copper-cug/copper_logs/node_file.txt
2026-03-09 15-37-10.160 [Debug] (process_args) -max_cacheable_byte_size was found: 10485760
2026-03-09 15-37-10.160 [Debug] (process_args) -facility_address_book was found: /sw/frontier/ums/ums046/copper/olcf_copper_addressbook.txt
2026-03-09 15-37-10.160 [Info] (cu_hello_main) copper address located at path: /lustre/orion/stf008/proj-shared/hvac/copper-cug/copper_logs/copper_address_book.txt
2026-03-09 15-37-10.160 [Info] (cu_hello_main) facility address book filename path: /sw/frontier/ums/ums046/copper/olcf_copper_addressbook.txt
2026-03-09 15-37-10.160 [Info] (cu_hello_main) output filename path: /lustre/orion/stf008/proj-shared/hvac/copper-cug/copper_logs/frontier04001-188515-output.log
2026-03-09 15-37-10.161 [Debug] (cu_hello_main)  
2026-03-09 15-37-10.161 [Info] (cu_hello_main) hostname found to be: frontier05239
2026-03-09 15-37-10.161 [Debug] (process_args) -tpath was found: /
2026-03-09 15-37-10.161 [Debug] (process_args) -vpath was found: /tmp/khana/copper
2026-03-09 15-37-10.161 [Debug] (process_args) -log_level was found: 6
2026-03-09 15-37-10.161 [Debug] (process_args) -log_type was found: file
2026-03-09 15-37-10.161 [Debug] (process_args) -log_output_dir was found: /lustre/orion/stf008/proj-shared/hvac/copper-cug/copper_logs
2026-03-09 15-37-10.161 [Debug] (process_args) -net_type was found: cxi://cxi1
2026-03-09 15-37-10.161 [Debug] (process_args) -trees was found: 1
2026-03-09 15-37-10.161 [Debug] (process_args) -nf was found: /lustre/orion/stf008/proj-shared/hvac/copper-cug/copper_logs/node_file.txt
2026-03-09 15-37-10.161 [Debug] (process_args) -max_cacheable_byte_size was found: 10485760
2026-03-09 15-37-10.161 [Debug] (process_args) -facility_address_book was found: /sw/frontier/ums/ums046/copper/olcf_copper_addressbook.txt
2026-03-09 15-37-10.161 [Info] (cu_hello_main) copper address located at path: /lustre/orion/stf008/proj-shared/hvac/copper-cug/copper_logs/copper_address_book.txt
2026-03-09 15-37-10.161 [Info] (cu_hello_main) facility address book filename path: /sw/frontier/ums/ums046/copper/olcf_copper_addressbook.txt
2026-03-09 15-37-10.161 [Info] (cu_hello_main) output filename path: /lustre/orion/stf008/proj-shared/hvac/copper-cug/copper_logs/frontier05239-763366-output.log
2026-03-09 15-37-10.168 [Debug] (cu_hello_main)  
2026-03-09 15-37-10.168 [Info] (cu_hello_main) hostname found to be: frontier08565
2026-03-09 15-37-10.168 [Debug] (process_args) -tpath was found: /
2026-03-09 15-37-10.168 [Debug] (process_args) -vpath was found: /tmp/khana/copper
2026-03-09 15-37-10.168 [Debug] (process_args) -log_level was found: 6
2026-03-09 15-37-10.168 [Debug] (process_args) -log_type was found: file
2026-03-09 15-37-10.168 [Debug] (process_args) -log_output_dir was found: /lustre/orion/stf008/proj-shared/hvac/copper-cug/copper_logs
2026-03-09 15-37-10.168 [Debug] (process_args) -net_type was found: cxi://cxi1
2026-03-09 15-37-10.168 [Debug] (process_args) -trees was found: 1
2026-03-09 15-37-10.168 [Debug] (process_args) -nf was found: /lustre/orion/stf008/proj-shared/hvac/copper-cug/copper_logs/node_file.txt
2026-03-09 15-37-10.168 [Debug] (process_args) -max_cacheable_byte_size was found: 10485760
2026-03-09 15-37-10.168 [Debug] (process_args) -facility_address_book was found: /sw/frontier/ums/ums046/copper/olcf_copper_addressbook.txt
2026-03-09 15-37-10.168 [Info] (cu_hello_main) copper address located at path: /lustre/orion/stf008/proj-shared/hvac/copper-cug/copper_logs/copper_address_book.txt
2026-03-09 15-37-10.168 [Info] (cu_hello_main) facility address book filename path: /sw/frontier/ums/ums046/copper/olcf_copper_addressbook.txt
2026-03-09 15-37-10.168 [Info] (cu_hello_main) output filename path: /lustre/orion/stf008/proj-shared/hvac/copper-cug/copper_logs/frontier08565-2229668-output.log
2026-03-09 15-37-10.168 [Debug] (cu_hello_main)  
2026-03-09 15-37-10.169 [Info] (cu_hello_main) hostname found to be: frontier09197
2026-03-09 15-37-10.169 [Debug] (process_args) -tpath was found: /
2026-03-09 15-37-10.169 [Debug] (process_args) -vpath was found: /tmp/khana/copper
2026-03-09 15-37-10.169 [Debug] (process_args) -log_level was found: 6
2026-03-09 15-37-10.169 [Debug] (process_args) -log_type was found: file
2026-03-09 15-37-10.169 [Debug] (process_args) -log_output_dir was found: /lustre/orion/stf008/proj-shared/hvac/copper-cug/copper_logs
2026-03-09 15-37-10.169 [Debug] (process_args) -net_type was found: cxi://cxi1
2026-03-09 15-37-10.169 [Debug] (process_args) -trees was found: 1
2026-03-09 15-37-10.169 [Debug] (process_args) -nf was found: /lustre/orion/stf008/proj-shared/hvac/copper-cug/copper_logs/node_file.txt
2026-03-09 15-37-10.169 [Debug] (process_args) -max_cacheable_byte_size was found: 10485760
2026-03-09 15-37-10.169 [Debug] (process_args) -facility_address_book was found: /sw/frontier/ums/ums046/copper/olcf_copper_addressbook.txt
2026-03-09 15-37-10.169 [Info] (cu_hello_main) copper address located at path: /lustre/orion/stf008/proj-shared/hvac/copper-cug/copper_logs/copper_address_book.txt
2026-03-09 15-37-10.169 [Info] (cu_hello_main) facility address book filename path: /sw/frontier/ums/ums046/copper/olcf_copper_addressbook.txt
2026-03-09 15-37-10.169 [Info] (cu_hello_main) output filename path: /lustre/orion/stf008/proj-shared/hvac/copper-cug/copper_logs/frontier09197-1296969-output.log
2026-03-09 15-37-10.169 [Debug] (cu_hello_main)  
2026-03-09 15-37-10.169 [Info] (cu_hello_main) hostname found to be: frontier03601
2026-03-09 15-37-10.169 [Debug] (process_args) -tpath was found: /
2026-03-09 15-37-10.169 [Debug] (process_args) -vpath was found: /tmp/khana/copper
2026-03-09 15-37-10.169 [Debug] (process_args) -log_level was found: 6
2026-03-09 15-37-10.169 [Debug] (process_args) -log_type was found: file
2026-03-09 15-37-10.169 [Debug] (process_args) -log_output_dir was found: /lustre/orion/stf008/proj-shared/hvac/copper-cug/copper_logs
2026-03-09 15-37-10.169 [Debug] (process_args) -net_type was found: cxi://cxi1
2026-03-09 15-37-10.169 [Debug] (process_args) -trees was found: 1
2026-03-09 15-37-10.169 [Debug] (process_args) -nf was found: /lustre/orion/stf008/proj-shared/hvac/copper-cug/copper_logs/node_file.txt
2026-03-09 15-37-10.169 [Debug] (process_args) -max_cacheable_byte_size was found: 10485760
2026-03-09 15-37-10.169 [Debug] (process_args) -facility_address_book was found: /sw/frontier/ums/ums046/copper/olcf_copper_addressbook.txt
2026-03-09 15-37-10.169 [Info] (cu_hello_main) copper address located at path: /lustre/orion/stf008/proj-shared/hvac/copper-cug/copper_logs/copper_address_book.txt
2026-03-09 15-37-10.169 [Info] (cu_hello_main) facility address book filename path: /sw/frontier/ums/ums046/copper/olcf_copper_addressbook.txt
2026-03-09 15-37-10.169 [Info] (cu_hello_main) output filename path: /lustre/orion/stf008/proj-shared/hvac/copper-cug/copper_logs/frontier03601-188344-output.log
2026-03-09 15-37-10.169 [Debug] (cu_hello_main)  
2026-03-09 15-37-10.169 [Info] (cu_hello_main) hostname found to be: frontier09463
2026-03-09 15-37-10.169 [Debug] (process_args) -tpath was found: /
2026-03-09 15-37-10.169 [Debug] (cu_hello_main)  
2026-03-09 15-37-10.169 [Info] (cu_hello_main) hostname found to be: frontier04853
2026-03-09 15-37-10.169 [Debug] (process_args) -tpath was found: /
2026-03-09 15-37-10.169 [Debug] (process_args) -vpath was found: /tmp/khana/copper
2026-03-09 15-37-10.169 [Debug] (process_args) -log_level was found: 6
2026-03-09 15-37-10.169 [Debug] (process_args) -log_type was found: file
2026-03-09 15-37-10.169 [Debug] (process_args) -vpath was found: /tmp/khana/copper
2026-03-09 15-37-10.169 [Debug] (process_args) -log_level was found: 6
2026-03-09 15-37-10.169 [Debug] (process_args) -log_type was found: file
2026-03-09 15-37-10.169 [Debug] (process_args) -log_output_dir was found: /lustre/orion/stf008/proj-shared/hvac/copper-cug/copper_logs
2026-03-09 15-37-10.169 [Debug] (process_args) -net_type was found: cxi://cxi1
2026-03-09 15-37-10.169 [Debug] (process_args) -trees was found: 1
2026-03-09 15-37-10.169 [Debug] (process_args) -log_output_dir was found: /lustre/orion/stf008/proj-shared/hvac/copper-cug/copper_logs
2026-03-09 15-37-10.169 [Debug] (process_args) -net_type was found: cxi://cxi1
2026-03-09 15-37-10.169 [Debug] (process_args) -trees was found: 1
2026-03-09 15-37-10.169 [Debug] (process_args) -nf was found: /lustre/orion/stf008/proj-shared/hvac/copper-cug/copper_logs/node_file.txt
2026-03-09 15-37-10.169 [Debug] (process_args) -max_cacheable_byte_size was found: 10485760
2026-03-09 15-37-10.169 [Debug] (process_args) -facility_address_book was found: /sw/frontier/ums/ums046/copper/olcf_copper_addressbook.txt
2026-03-09 15-37-10.169 [Info] (cu_hello_main) copper address located at path: /lustre/orion/stf008/proj-shared/hvac/copper-cug/copper_logs/copper_address_book.txt
2026-03-09 15-37-10.169 [Debug] (process_args) -nf was found: /lustre/orion/stf008/proj-shared/hvac/copper-cug/copper_logs/node_file.txt
2026-03-09 15-37-10.169 [Debug] (process_args) -max_cacheable_byte_size was found: 10485760
2026-03-09 15-37-10.169 [Debug] (process_args) -facility_address_book was found: /sw/frontier/ums/ums046/copper/olcf_copper_addressbook.txt
2026-03-09 15-37-10.169 [Info] (cu_hello_main) copper address located at path: /lustre/orion/stf008/proj-shared/hvac/copper-cug/copper_logs/copper_address_book.txt
2026-03-09 15-37-10.169 [Info] (cu_hello_main) facility address book filename path: /sw/frontier/ums/ums046/copper/olcf_copper_addressbook.txt
2026-03-09 15-37-10.169 [Info] (cu_hello_main) output filename path: /lustre/orion/stf008/proj-shared/hvac/copper-cug/copper_logs/frontier04853-1429614-output.log
2026-03-09 15-37-10.169 [Info] (cu_hello_main) facility address book filename path: /sw/frontier/ums/ums046/copper/olcf_copper_addressbook.txt
2026-03-09 15-37-10.169 [Info] (cu_hello_main) output filename path: /lustre/orion/stf008/proj-shared/hvac/copper-cug/copper_logs/frontier09463-1405537-output.log
2026-03-09 15-37-10.169 [Debug] (cu_hello_main)  
2026-03-09 15-37-10.169 [Info] (cu_hello_main) hostname found to be: frontier06383
2026-03-09 15-37-10.169 [Debug] (process_args) -tpath was found: /
2026-03-09 15-37-10.169 [Debug] (process_args) -vpath was found: /tmp/khana/copper
2026-03-09 15-37-10.169 [Debug] (process_args) -log_level was found: 6
2026-03-09 15-37-10.169 [Debug] (process_args) -log_type was found: file
2026-03-09 15-37-10.169 [Debug] (process_args) -log_output_dir was found: /lustre/orion/stf008/proj-shared/hvac/copper-cug/copper_logs
2026-03-09 15-37-10.169 [Debug] (process_args) -net_type was found: cxi://cxi1
2026-03-09 15-37-10.169 [Debug] (process_args) -trees was found: 1
2026-03-09 15-37-10.169 [Debug] (process_args) -nf was found: /lustre/orion/stf008/proj-shared/hvac/copper-cug/copper_logs/node_file.txt
2026-03-09 15-37-10.169 [Debug] (process_args) -max_cacheable_byte_size was found: 10485760
2026-03-09 15-37-10.169 [Debug] (process_args) -facility_address_book was found: /sw/frontier/ums/ums046/copper/olcf_copper_addressbook.txt
2026-03-09 15-37-10.169 [Info] (cu_hello_main) copper address located at path: /lustre/orion/stf008/proj-shared/hvac/copper-cug/copper_logs/copper_address_book.txt
2026-03-09 15-37-10.169 [Info] (cu_hello_main) facility address book filename path: /sw/frontier/ums/ums046/copper/olcf_copper_addressbook.txt
2026-03-09 15-37-10.169 [Info] (cu_hello_main) output filename path: /lustre/orion/stf008/proj-shared/hvac/copper-cug/copper_logs/frontier06383-1775051-output.log
2026-03-09 15-37-10.169 [Debug] (cu_hello_main)  
2026-03-09 15-37-10.169 [Info] (cu_hello_main) hostname found to be: frontier08656
2026-03-09 15-37-10.169 [Debug] (process_args) -tpath was found: /
2026-03-09 15-37-10.169 [Debug] (process_args) -vpath was found: /tmp/khana/copper
2026-03-09 15-37-10.169 [Debug] (process_args) -log_level was found: 6
2026-03-09 15-37-10.169 [Debug] (process_args) -log_type was found: file
2026-03-09 15-37-10.169 [Debug] (process_args) -log_output_dir was found: /lustre/orion/stf008/proj-shared/hvac/copper-cug/copper_logs
2026-03-09 15-37-10.169 [Debug] (process_args) -net_type was found: cxi://cxi1
2026-03-09 15-37-10.169 [Debug] (process_args) -trees was found: 1
2026-03-09 15-37-10.169 [Debug] (process_args) -nf was found: /lustre/orion/stf008/proj-shared/hvac/copper-cug/copper_logs/node_file.txt
2026-03-09 15-37-10.169 [Debug] (process_args) -max_cacheable_byte_size was found: 10485760
2026-03-09 15-37-10.169 [Debug] (process_args) -facility_address_book was found: /sw/frontier/ums/ums046/copper/olcf_copper_addressbook.txt
2026-03-09 15-37-10.169 [Info] (cu_hello_main) copper address located at path: /lustre/orion/stf008/proj-shared/hvac/copper-cug/copper_logs/copper_address_book.txt
2026-03-09 15-37-10.169 [Debug] (cu_hello_main)  
2026-03-09 15-37-10.169 [Info] (cu_hello_main) hostname found to be: frontier08181
2026-03-09 15-37-10.169 [Debug] (process_args) -tpath was found: /
2026-03-09 15-37-10.170 [Debug] (process_args) -vpath was found: /tmp/khana/copper
2026-03-09 15-37-10.170 [Debug] (process_args) -log_level was found: 6
2026-03-09 15-37-10.169 [Info] (cu_hello_main) facility address book filename path: /sw/frontier/ums/ums046/copper/olcf_copper_addressbook.txt
2026-03-09 15-37-10.170 [Debug] (process_args) -log_type was found: file
2026-03-09 15-37-10.170 [Debug] (process_args) -log_output_dir was found: /lustre/orion/stf008/proj-shared/hvac/copper-cug/copper_logs
2026-03-09 15-37-10.170 [Debug] (process_args) -net_type was found: cxi://cxi1
2026-03-09 15-37-10.170 [Debug] (process_args) -trees was found: 1
2026-03-09 15-37-10.170 [Debug] (process_args) -nf was found: /lustre/orion/stf008/proj-shared/hvac/copper-cug/copper_logs/node_file.txt
2026-03-09 15-37-10.170 [Debug] (process_args) -max_cacheable_byte_size was found: 10485760
2026-03-09 15-37-10.170 [Debug] (process_args) -facility_address_book was found: /sw/frontier/ums/ums046/copper/olcf_copper_addressbook.txt
2026-03-09 15-37-10.169 [Info] (cu_hello_main) output filename path: /lustre/orion/stf008/proj-shared/hvac/copper-cug/copper_logs/frontier08656-2811458-output.log
2026-03-09 15-37-10.170 [Info] (cu_hello_main) copper address located at path: /lustre/orion/stf008/proj-shared/hvac/copper-cug/copper_logs/copper_address_book.txt
2026-03-09 15-37-10.170 [Info] (cu_hello_main) facility address book filename path: /sw/frontier/ums/ums046/copper/olcf_copper_addressbook.txt
2026-03-09 15-37-10.170 [Info] (cu_hello_main) output filename path: /lustre/orion/stf008/proj-shared/hvac/copper-cug/copper_logs/frontier08181-486935-output.log
2026-03-09 15-37-10.170 [Debug] (cu_hello_main)  
2026-03-09 15-37-10.170 [Info] (cu_hello_main) hostname found to be: frontier08953
2026-03-09 15-37-10.170 [Debug] (process_args) -tpath was found: /
2026-03-09 15-37-10.170 [Debug] (process_args) -vpath was found: /tmp/khana/copper
2026-03-09 15-37-10.170 [Debug] (process_args) -log_level was found: 6
2026-03-09 15-37-10.170 [Debug] (process_args) -log_type was found: file
2026-03-09 15-37-10.170 [Debug] (process_args) -log_output_dir was found: /lustre/orion/stf008/proj-shared/hvac/copper-cug/copper_logs
2026-03-09 15-37-10.170 [Debug] (process_args) -net_type was found: cxi://cxi1
2026-03-09 15-37-10.170 [Debug] (process_args) -trees was found: 1
2026-03-09 15-37-10.170 [Debug] (process_args) -nf was found: /lustre/orion/stf008/proj-shared/hvac/copper-cug/copper_logs/node_file.txt
2026-03-09 15-37-10.170 [Debug] (process_args) -max_cacheable_byte_size was found: 10485760
2026-03-09 15-37-10.170 [Debug] (process_args) -facility_address_book was found: /sw/frontier/ums/ums046/copper/olcf_copper_addressbook.txt
2026-03-09 15-37-10.170 [Info] (cu_hello_main) copper address located at path: /lustre/orion/stf008/proj-shared/hvac/copper-cug/copper_logs/copper_address_book.txt
2026-03-09 15-37-10.170 [Debug] (cu_hello_main)  
2026-03-09 15-37-10.170 [Info] (cu_hello_main) hostname found to be: frontier04981
2026-03-09 15-37-10.170 [Debug] (process_args) -tpath was found: /
2026-03-09 15-37-10.170 [Debug] (process_args) -vpath was found: /tmp/khana/copper
2026-03-09 15-37-10.170 [Debug] (process_args) -log_level was found: 6
2026-03-09 15-37-10.170 [Debug] (process_args) -log_type was found: file
2026-03-09 15-37-10.170 [Info] (cu_hello_main) facility address book filename path: /sw/frontier/ums/ums046/copper/olcf_copper_addressbook.txt
2026-03-09 15-37-10.170 [Info] (cu_hello_main) output filename path: /lustre/orion/stf008/proj-shared/hvac/copper-cug/copper_logs/frontier08953-1682026-output.log
2026-03-09 15-37-10.170 [Debug] (process_args) -log_output_dir was found: /lustre/orion/stf008/proj-shared/hvac/copper-cug/copper_logs
2026-03-09 15-37-10.170 [Debug] (process_args) -net_type was found: cxi://cxi1
2026-03-09 15-37-10.170 [Debug] (process_args) -trees was found: 1
2026-03-09 15-37-10.170 [Debug] (process_args) -nf was found: /lustre/orion/stf008/proj-shared/hvac/copper-cug/copper_logs/node_file.txt
2026-03-09 15-37-10.170 [Debug] (process_args) -max_cacheable_byte_size was found: 10485760
2026-03-09 15-37-10.170 [Debug] (process_args) -facility_address_book was found: /sw/frontier/ums/ums046/copper/olcf_copper_addressbook.txt
2026-03-09 15-37-10.170 [Info] (cu_hello_main) copper address located at path: /lustre/orion/stf008/proj-shared/hvac/copper-cug/copper_logs/copper_address_book.txt
2026-03-09 15-37-10.170 [Debug] (cu_hello_main)  
2026-03-09 15-37-10.170 [Info] (cu_hello_main) hostname found to be: frontier06769
2026-03-09 15-37-10.170 [Debug] (process_args) -tpath was found: /
2026-03-09 15-37-10.170 [Debug] (process_args) -vpath was found: /tmp/khana/copper
2026-03-09 15-37-10.170 [Info] (cu_hello_main) facility address book filename path: /sw/frontier/ums/ums046/copper/olcf_copper_addressbook.txt
2026-03-09 15-37-10.170 [Info] (cu_hello_main) output filename path: /lustre/orion/stf008/proj-shared/hvac/copper-cug/copper_logs/frontier04981-1130998-output.log
2026-03-09 15-37-10.170 [Debug] (process_args) -log_level was found: 6
2026-03-09 15-37-10.170 [Debug] (process_args) -log_type was found: file
2026-03-09 15-37-10.170 [Debug] (process_args) -log_output_dir was found: /lustre/orion/stf008/proj-shared/hvac/copper-cug/copper_logs
2026-03-09 15-37-10.170 [Debug] (process_args) -net_type was found: cxi://cxi1
2026-03-09 15-37-10.170 [Debug] (process_args) -trees was found: 1
2026-03-09 15-37-10.170 [Debug] (process_args) -nf was found: /lustre/orion/stf008/proj-shared/hvac/copper-cug/copper_logs/node_file.txt
2026-03-09 15-37-10.170 [Debug] (process_args) -max_cacheable_byte_size was found: 10485760
2026-03-09 15-37-10.170 [Debug] (process_args) -facility_address_book was found: /sw/frontier/ums/ums046/copper/olcf_copper_addressbook.txt
2026-03-09 15-37-10.170 [Info] (cu_hello_main) copper address located at path: /lustre/orion/stf008/proj-shared/hvac/copper-cug/copper_logs/copper_address_book.txt
2026-03-09 15-37-10.170 [Info] (cu_hello_main) facility address book filename path: /sw/frontier/ums/ums046/copper/olcf_copper_addressbook.txt
2026-03-09 15-37-10.170 [Info] (cu_hello_main) output filename path: /lustre/orion/stf008/proj-shared/hvac/copper-cug/copper_logs/frontier06769-359589-output.log
2026-03-09 15-37-10.170 [Debug] (cu_hello_main)  
2026-03-09 15-37-10.170 [Info] (cu_hello_main) hostname found to be: frontier03002
2026-03-09 15-37-10.170 [Debug] (process_args) -tpath was found: /
2026-03-09 15-37-10.170 [Debug] (process_args) -vpath was found: /tmp/khana/copper
2026-03-09 15-37-10.170 [Debug] (process_args) -log_level was found: 6
2026-03-09 15-37-10.170 [Debug] (process_args) -log_type was found: file
2026-03-09 15-37-10.170 [Debug] (process_args) -log_output_dir was found: /lustre/orion/stf008/proj-shared/hvac/copper-cug/copper_logs
2026-03-09 15-37-10.170 [Debug] (process_args) -net_type was found: cxi://cxi1
2026-03-09 15-37-10.170 [Debug] (process_args) -trees was found: 1
2026-03-09 15-37-10.170 [Debug] (process_args) -nf was found: /lustre/orion/stf008/proj-shared/hvac/copper-cug/copper_logs/node_file.txt
2026-03-09 15-37-10.170 [Debug] (process_args) -max_cacheable_byte_size was found: 10485760
2026-03-09 15-37-10.170 [Debug] (process_args) -facility_address_book was found: /sw/frontier/ums/ums046/copper/olcf_copper_addressbook.txt
2026-03-09 15-37-10.170 [Info] (cu_hello_main) copper address located at path: /lustre/orion/stf008/proj-shared/hvac/copper-cug/copper_logs/copper_address_book.txt
2026-03-09 15-37-10.170 [Info] (cu_hello_main) facility address book filename path: /sw/frontier/ums/ums046/copper/olcf_copper_addressbook.txt
2026-03-09 15-37-10.170 [Info] (cu_hello_main) output filename path: /lustre/orion/stf008/proj-shared/hvac/copper-cug/copper_logs/frontier03002-1168240-output.log
2026-03-09 15-37-10.170 [Debug] (cu_hello_main)  
2026-03-09 15-37-10.170 [Info] (cu_hello_main) hostname found to be: frontier09307
2026-03-09 15-37-10.170 [Debug] (process_args) -tpath was found: /
2026-03-09 15-37-10.170 [Debug] (process_args) -vpath was found: /tmp/khana/copper
2026-03-09 15-37-10.170 [Debug] (process_args) -log_level was found: 6
2026-03-09 15-37-10.170 [Debug] (process_args) -log_type was found: file
2026-03-09 15-37-10.170 [Debug] (process_args) -log_output_dir was found: /lustre/orion/stf008/proj-shared/hvac/copper-cug/copper_logs
2026-03-09 15-37-10.170 [Debug] (process_args) -net_type was found: cxi://cxi1
2026-03-09 15-37-10.170 [Debug] (process_args) -trees was found: 1
2026-03-09 15-37-10.170 [Debug] (process_args) -nf was found: /lustre/orion/stf008/proj-shared/hvac/copper-cug/copper_logs/node_file.txt
2026-03-09 15-37-10.170 [Debug] (process_args) -max_cacheable_byte_size was found: 10485760
2026-03-09 15-37-10.170 [Debug] (process_args) -facility_address_book was found: /sw/frontier/ums/ums046/copper/olcf_copper_addressbook.txt
2026-03-09 15-37-10.170 [Info] (cu_hello_main) copper address located at path: /lustre/orion/stf008/proj-shared/hvac/copper-cug/copper_logs/copper_address_book.txt
2026-03-09 15-37-10.170 [Info] (cu_hello_main) facility address book filename path: /sw/frontier/ums/ums046/copper/olcf_copper_addressbook.txt
2026-03-09 15-37-10.170 [Info] (cu_hello_main) output filename path: /lustre/orion/stf008/proj-shared/hvac/copper-cug/copper_logs/frontier09307-1935710-output.log
2026-03-09 15-37-10.170 [Debug] (cu_hello_main)  
2026-03-09 15-37-10.170 [Info] (cu_hello_main) hostname found to be: frontier07666
2026-03-09 15-37-10.170 [Debug] (process_args) -tpath was found: /
2026-03-09 15-37-10.170 [Debug] (process_args) -vpath was found: /tmp/khana/copper
2026-03-09 15-37-10.170 [Debug] (process_args) -log_level was found: 6
2026-03-09 15-37-10.170 [Debug] (process_args) -log_type was found: file
2026-03-09 15-37-10.170 [Debug] (process_args) -log_output_dir was found: /lustre/orion/stf008/proj-shared/hvac/copper-cug/copper_logs
2026-03-09 15-37-10.170 [Debug] (process_args) -net_type was found: cxi://cxi1
2026-03-09 15-37-10.170 [Debug] (process_args) -trees was found: 1
2026-03-09 15-37-10.170 [Debug] (process_args) -nf was found: /lustre/orion/stf008/proj-shared/hvac/copper-cug/copper_logs/node_file.txt
2026-03-09 15-37-10.170 [Debug] (process_args) -max_cacheable_byte_size was found: 10485760
2026-03-09 15-37-10.170 [Debug] (process_args) -facility_address_book was found: /sw/frontier/ums/ums046/copper/olcf_copper_addressbook.txt
2026-03-09 15-37-10.170 [Info] (cu_hello_main) copper address located at path: /lustre/orion/stf008/proj-shared/hvac/copper-cug/copper_logs/copper_address_book.txt
2026-03-09 15-37-10.170 [Info] (cu_hello_main) facility address book filename path: /sw/frontier/ums/ums046/copper/olcf_copper_addressbook.txt
2026-03-09 15-37-10.170 [Info] (cu_hello_main) output filename path: /lustre/orion/stf008/proj-shared/hvac/copper-cug/copper_logs/frontier07666-694535-output.log
2026-03-09 15-37-10.171 [Debug] (cu_hello_main)  
2026-03-09 15-37-10.171 [Info] (cu_hello_main) hostname found to be: frontier02624
2026-03-09 15-37-10.171 [Debug] (process_args) -tpath was found: /
2026-03-09 15-37-10.171 [Debug] (process_args) -vpath was found: /tmp/khana/copper
2026-03-09 15-37-10.171 [Debug] (process_args) -log_level was found: 6
2026-03-09 15-37-10.171 [Debug] (process_args) -log_type was found: file
2026-03-09 15-37-10.171 [Debug] (process_args) -log_output_dir was found: /lustre/orion/stf008/proj-shared/hvac/copper-cug/copper_logs
2026-03-09 15-37-10.171 [Debug] (process_args) -net_type was found: cxi://cxi1
2026-03-09 15-37-10.171 [Debug] (process_args) -trees was found: 1
2026-03-09 15-37-10.171 [Debug] (process_args) -nf was found: /lustre/orion/stf008/proj-shared/hvac/copper-cug/copper_logs/node_file.txt
2026-03-09 15-37-10.171 [Debug] (process_args) -max_cacheable_byte_size was found: 10485760
2026-03-09 15-37-10.171 [Debug] (process_args) -facility_address_book was found: /sw/frontier/ums/ums046/copper/olcf_copper_addressbook.txt
2026-03-09 15-37-10.171 [Info] (cu_hello_main) copper address located at path: /lustre/orion/stf008/proj-shared/hvac/copper-cug/copper_logs/copper_address_book.txt
2026-03-09 15-37-10.171 [Info] (cu_hello_main) facility address book filename path: /sw/frontier/ums/ums046/copper/olcf_copper_addressbook.txt
2026-03-09 15-37-10.171 [Info] (cu_hello_main) output filename path: /lustre/orion/stf008/proj-shared/hvac/copper-cug/copper_logs/frontier02624-1359066-output.log
2026-03-09 15-37-10.171 [Debug] (cu_hello_main)  
2026-03-09 15-37-10.171 [Info] (cu_hello_main) hostname found to be: frontier06898
2026-03-09 15-37-10.171 [Debug] (process_args) -tpath was found: /
2026-03-09 15-37-10.171 [Debug] (process_args) -vpath was found: /tmp/khana/copper
2026-03-09 15-37-10.171 [Debug] (process_args) -log_level was found: 6
2026-03-09 15-37-10.171 [Debug] (process_args) -log_type was found: file
2026-03-09 15-37-10.171 [Debug] (cu_hello_main)  
2026-03-09 15-37-10.171 [Info] (cu_hello_main) hostname found to be: frontier07409
2026-03-09 15-37-10.171 [Debug] (process_args) -log_output_dir was found: /lustre/orion/stf008/proj-shared/hvac/copper-cug/copper_logs
2026-03-09 15-37-10.171 [Debug] (process_args) -net_type was found: cxi://cxi1
2026-03-09 15-37-10.171 [Debug] (process_args) -trees was found: 1
2026-03-09 15-37-10.171 [Debug] (process_args) -nf was found: /lustre/orion/stf008/proj-shared/hvac/copper-cug/copper_logs/node_file.txt
2026-03-09 15-37-10.171 [Debug] (process_args) -max_cacheable_byte_size was found: 10485760
2026-03-09 15-37-10.171 [Debug] (process_args) -facility_address_book was found: /sw/frontier/ums/ums046/copper/olcf_copper_addressbook.txt
2026-03-09 15-37-10.171 [Debug] (process_args) -tpath was found: /
2026-03-09 15-37-10.171 [Debug] (process_args) -vpath was found: /tmp/khana/copper
2026-03-09 15-37-10.171 [Debug] (process_args) -log_level was found: 6
2026-03-09 15-37-10.171 [Debug] (process_args) -log_type was found: file
2026-03-09 15-37-10.171 [Debug] (process_args) -log_output_dir was found: /lustre/orion/stf008/proj-shared/hvac/copper-cug/copper_logs
2026-03-09 15-37-10.171 [Info] (cu_hello_main) copper address located at path: /lustre/orion/stf008/proj-shared/hvac/copper-cug/copper_logs/copper_address_book.txt
2026-03-09 15-37-10.171 [Info] (cu_hello_main) facility address book filename path: /sw/frontier/ums/ums046/copper/olcf_copper_addressbook.txt
2026-03-09 15-37-10.171 [Info] (cu_hello_main) output filename path: /lustre/orion/stf008/proj-shared/hvac/copper-cug/copper_logs/frontier06898-906160-output.log
2026-03-09 15-37-10.171 [Debug] (process_args) -net_type was found: cxi://cxi1
2026-03-09 15-37-10.171 [Debug] (process_args) -trees was found: 1
2026-03-09 15-37-10.171 [Debug] (process_args) -nf was found: /lustre/orion/stf008/proj-shared/hvac/copper-cug/copper_logs/node_file.txt
2026-03-09 15-37-10.171 [Debug] (process_args) -max_cacheable_byte_size was found: 10485760
2026-03-09 15-37-10.171 [Debug] (process_args) -facility_address_book was found: /sw/frontier/ums/ums046/copper/olcf_copper_addressbook.txt
2026-03-09 15-37-10.171 [Info] (cu_hello_main) copper address located at path: /lustre/orion/stf008/proj-shared/hvac/copper-cug/copper_logs/copper_address_book.txt
2026-03-09 15-37-10.171 [Info] (cu_hello_main) facility address book filename path: /sw/frontier/ums/ums046/copper/olcf_copper_addressbook.txt
2026-03-09 15-37-10.171 [Debug] (cu_hello_main)  
2026-03-09 15-37-10.171 [Info] (cu_hello_main) hostname found to be: frontier08799
2026-03-09 15-37-10.171 [Info] (cu_hello_main) output filename path: /lustre/orion/stf008/proj-shared/hvac/copper-cug/copper_logs/frontier07409-1975905-output.log
2026-03-09 15-37-10.171 [Debug] (process_args) -tpath was found: /
2026-03-09 15-37-10.171 [Debug] (process_args) -vpath was found: /tmp/khana/copper
2026-03-09 15-37-10.171 [Debug] (process_args) -log_level was found: 6
2026-03-09 15-37-10.171 [Debug] (process_args) -log_type was found: file
2026-03-09 15-37-10.171 [Debug] (process_args) -log_output_dir was found: /lustre/orion/stf008/proj-shared/hvac/copper-cug/copper_logs
2026-03-09 15-37-10.171 [Debug] (process_args) -net_type was found: cxi://cxi1
2026-03-09 15-37-10.171 [Debug] (process_args) -trees was found: 1
2026-03-09 15-37-10.171 [Debug] (cu_hello_main)  
2026-03-09 15-37-10.171 [Info] (cu_hello_main) hostname found to be: frontier08209
2026-03-09 15-37-10.171 [Debug] (process_args) -tpath was found: /
2026-03-09 15-37-10.171 [Debug] (process_args) -vpath was found: /tmp/khana/copper
2026-03-09 15-37-10.171 [Debug] (process_args) -nf was found: /lustre/orion/stf008/proj-shared/hvac/copper-cug/copper_logs/node_file.txt
2026-03-09 15-37-10.171 [Debug] (process_args) -max_cacheable_byte_size was found: 10485760
2026-03-09 15-37-10.171 [Debug] (process_args) -facility_address_book was found: /sw/frontier/ums/ums046/copper/olcf_copper_addressbook.txt
2026-03-09 15-37-10.171 [Debug] (process_args) -log_level was found: 6
2026-03-09 15-37-10.171 [Debug] (process_args) -log_type was found: file
2026-03-09 15-37-10.171 [Debug] (process_args) -log_output_dir was found: /lustre/orion/stf008/proj-shared/hvac/copper-cug/copper_logs
2026-03-09 15-37-10.171 [Debug] (process_args) -net_type was found: cxi://cxi1
2026-03-09 15-37-10.171 [Debug] (process_args) -trees was found: 1
2026-03-09 15-37-10.171 [Debug] (process_args) -nf was found: /lustre/orion/stf008/proj-shared/hvac/copper-cug/copper_logs/node_file.txt
2026-03-09 15-37-10.171 [Info] (cu_hello_main) copper address located at path: /lustre/orion/stf008/proj-shared/hvac/copper-cug/copper_logs/copper_address_book.txt
2026-03-09 15-37-10.171 [Info] (cu_hello_main) facility address book filename path: /sw/frontier/ums/ums046/copper/olcf_copper_addressbook.txt
2026-03-09 15-37-10.171 [Info] (cu_hello_main) output filename path: /lustre/orion/stf008/proj-shared/hvac/copper-cug/copper_logs/frontier08799-1424585-output.log
2026-03-09 15-37-10.171 [Debug] (process_args) -max_cacheable_byte_size was found: 10485760
2026-03-09 15-37-10.171 [Debug] (process_args) -facility_address_book was found: /sw/frontier/ums/ums046/copper/olcf_copper_addressbook.txt
2026-03-09 15-37-10.171 [Info] (cu_hello_main) copper address located at path: /lustre/orion/stf008/proj-shared/hvac/copper-cug/copper_logs/copper_address_book.txt
2026-03-09 15-37-10.171 [Info] (cu_hello_main) facility address book filename path: /sw/frontier/ums/ums046/copper/olcf_copper_addressbook.txt
2026-03-09 15-37-10.171 [Info] (cu_hello_main) output filename path: /lustre/orion/stf008/proj-shared/hvac/copper-cug/copper_logs/frontier08209-1425861-output.log
2026-03-09 15-37-10.171 [Debug] (cu_hello_main)  
2026-03-09 15-37-10.171 [Info] (cu_hello_main) hostname found to be: frontier03602
2026-03-09 15-37-10.171 [Debug] (process_args) -tpath was found: /
2026-03-09 15-37-10.171 [Debug] (process_args) -vpath was found: /tmp/khana/copper
2026-03-09 15-37-10.171 [Debug] (process_args) -log_level was found: 6
2026-03-09 15-37-10.171 [Debug] (process_args) -log_type was found: file
2026-03-09 15-37-10.171 [Debug] (process_args) -log_output_dir was found: /lustre/orion/stf008/proj-shared/hvac/copper-cug/copper_logs
2026-03-09 15-37-10.171 [Debug] (process_args) -net_type was found: cxi://cxi1
2026-03-09 15-37-10.171 [Debug] (process_args) -trees was found: 1
2026-03-09 15-37-10.171 [Debug] (process_args) -nf was found: /lustre/orion/stf008/proj-shared/hvac/copper-cug/copper_logs/node_file.txt
2026-03-09 15-37-10.171 [Debug] (process_args) -max_cacheable_byte_size was found: 10485760
2026-03-09 15-37-10.171 [Debug] (process_args) -facility_address_book was found: /sw/frontier/ums/ums046/copper/olcf_copper_addressbook.txt
2026-03-09 15-37-10.171 [Info] (cu_hello_main) copper address located at path: /lustre/orion/stf008/proj-shared/hvac/copper-cug/copper_logs/copper_address_book.txt
2026-03-09 15-37-10.171 [Info] (cu_hello_main) facility address book filename path: /sw/frontier/ums/ums046/copper/olcf_copper_addressbook.txt
2026-03-09 15-37-10.171 [Info] (cu_hello_main) output filename path: /lustre/orion/stf008/proj-shared/hvac/copper-cug/copper_logs/frontier03602-188298-output.log
2026-03-09 15-37-10.171 [Debug] (cu_hello_main)  
2026-03-09 15-37-10.171 [Info] (cu_hello_main) hostname found to be: frontier07284
2026-03-09 15-37-10.171 [Debug] (process_args) -tpath was found: /
2026-03-09 15-37-10.171 [Debug] (process_args) -vpath was found: /tmp/khana/copper
2026-03-09 15-37-10.171 [Debug] (process_args) -log_level was found: 6
2026-03-09 15-37-10.171 [Debug] (cu_hello_main)  
2026-03-09 15-37-10.171 [Info] (cu_hello_main) hostname found to be: frontier04553
2026-03-09 15-37-10.171 [Debug] (process_args) -tpath was found: /
2026-03-09 15-37-10.171 [Debug] (process_args) -vpath was found: /tmp/khana/copper
2026-03-09 15-37-10.171 [Debug] (process_args) -log_level was found: 6
2026-03-09 15-37-10.171 [Debug] (cu_hello_main)  
2026-03-09 15-37-10.171 [Info] (cu_hello_main) hostname found to be: frontier05798
2026-03-09 15-37-10.171 [Debug] (process_args) -log_type was found: file
2026-03-09 15-37-10.171 [Debug] (process_args) -log_output_dir was found: /lustre/orion/stf008/proj-shared/hvac/copper-cug/copper_logs
2026-03-09 15-37-10.171 [Debug] (process_args) -net_type was found: cxi://cxi1
2026-03-09 15-37-10.171 [Debug] (process_args) -trees was found: 1
2026-03-09 15-37-10.171 [Debug] (process_args) -nf was found: /lustre/orion/stf008/proj-shared/hvac/copper-cug/copper_logs/node_file.txt
2026-03-09 15-37-10.171 [Debug] (process_args) -max_cacheable_byte_size was found: 10485760
2026-03-09 15-37-10.171 [Debug] (process_args) -facility_address_book was found: /sw/frontier/ums/ums046/copper/olcf_copper_addressbook.txt
2026-03-09 15-37-10.171 [Debug] (process_args) -log_type was found: file
2026-03-09 15-37-10.171 [Debug] (process_args) -log_output_dir was found: /lustre/orion/stf008/proj-shared/hvac/copper-cug/copper_logs
2026-03-09 15-37-10.171 [Debug] (process_args) -net_type was found: cxi://cxi1
2026-03-09 15-37-10.171 [Debug] (process_args) -trees was found: 1
2026-03-09 15-37-10.171 [Debug] (process_args) -nf was found: /lustre/orion/stf008/proj-shared/hvac/copper-cug/copper_logs/node_file.txt
2026-03-09 15-37-10.171 [Debug] (process_args) -max_cacheable_byte_size was found: 10485760
2026-03-09 15-37-10.171 [Debug] (process_args) -facility_address_book was found: /sw/frontier/ums/ums046/copper/olcf_copper_addressbook.txt
2026-03-09 15-37-10.171 [Debug] (process_args) -tpath was found: /
2026-03-09 15-37-10.171 [Debug] (process_args) -vpath was found: /tmp/khana/copper
2026-03-09 15-37-10.171 [Debug] (process_args) -log_level was found: 6
2026-03-09 15-37-10.171 [Debug] (process_args) -log_type was found: file
2026-03-09 15-37-10.171 [Debug] (process_args) -log_output_dir was found: /lustre/orion/stf008/proj-shared/hvac/copper-cug/copper_logs
2026-03-09 15-37-10.171 [Debug] (process_args) -net_type was found: cxi://cxi1
2026-03-09 15-37-10.171 [Debug] (process_args) -trees was found: 1
2026-03-09 15-37-10.171 [Debug] (process_args) -nf was found: /lustre/orion/stf008/proj-shared/hvac/copper-cug/copper_logs/node_file.txt
2026-03-09 15-37-10.171 [Info] (cu_hello_main) copper address located at path: /lustre/orion/stf008/proj-shared/hvac/copper-cug/copper_logs/copper_address_book.txt
2026-03-09 15-37-10.171 [Info] (cu_hello_main) facility address book filename path: /sw/frontier/ums/ums046/copper/olcf_copper_addressbook.txt
2026-03-09 15-37-10.171 [Info] (cu_hello_main) output filename path: /lustre/orion/stf008/proj-shared/hvac/copper-cug/copper_logs/frontier07284-1409391-output.log
2026-03-09 15-37-10.171 [Info] (cu_hello_main) copper address located at path: /lustre/orion/stf008/proj-shared/hvac/copper-cug/copper_logs/copper_address_book.txt
2026-03-09 15-37-10.171 [Info] (cu_hello_main) facility address book filename path: /sw/frontier/ums/ums046/copper/olcf_copper_addressbook.txt
2026-03-09 15-37-10.171 [Info] (cu_hello_main) output filename path: /lustre/orion/stf008/proj-shared/hvac/copper-cug/copper_logs/frontier04553-188365-output.log
2026-03-09 15-37-10.171 [Debug] (process_args) -max_cacheable_byte_size was found: 10485760
2026-03-09 15-37-10.171 [Debug] (process_args) -facility_address_book was found: /sw/frontier/ums/ums046/copper/olcf_copper_addressbook.txt
2026-03-09 15-37-10.171 [Info] (cu_hello_main) copper address located at path: /lustre/orion/stf008/proj-shared/hvac/copper-cug/copper_logs/copper_address_book.txt
2026-03-09 15-37-10.171 [Info] (cu_hello_main) facility address book filename path: /sw/frontier/ums/ums046/copper/olcf_copper_addressbook.txt
2026-03-09 15-37-10.171 [Info] (cu_hello_main) output filename path: /lustre/orion/stf008/proj-shared/hvac/copper-cug/copper_logs/frontier05798-1254454-output.log
2026-03-09 15-37-10.171 [Debug] (cu_hello_main)  
2026-03-09 15-37-10.171 [Info] (cu_hello_main) hostname found to be: frontier07538
2026-03-09 15-37-10.171 [Debug] (process_args) -tpath was found: /
2026-03-09 15-37-10.171 [Debug] (process_args) -vpath was found: /tmp/khana/copper
2026-03-09 15-37-10.171 [Debug] (process_args) -log_level was found: 6
2026-03-09 15-37-10.171 [Debug] (process_args) -log_type was found: file
2026-03-09 15-37-10.171 [Debug] (process_args) -log_output_dir was found: /lustre/orion/stf008/proj-shared/hvac/copper-cug/copper_logs
2026-03-09 15-37-10.171 [Debug] (process_args) -net_type was found: cxi://cxi1
2026-03-09 15-37-10.171 [Debug] (process_args) -trees was found: 1
2026-03-09 15-37-10.171 [Debug] (process_args) -nf was found: /lustre/orion/stf008/proj-shared/hvac/copper-cug/copper_logs/node_file.txt
2026-03-09 15-37-10.171 [Debug] (process_args) -max_cacheable_byte_size was found: 10485760
2026-03-09 15-37-10.171 [Debug] (process_args) -facility_address_book was found: /sw/frontier/ums/ums046/copper/olcf_copper_addressbook.txt
2026-03-09 15-37-10.171 [Info] (cu_hello_main) copper address located at path: /lustre/orion/stf008/proj-shared/hvac/copper-cug/copper_logs/copper_address_book.txt
2026-03-09 15-37-10.171 [Info] (cu_hello_main) facility address book filename path: /sw/frontier/ums/ums046/copper/olcf_copper_addressbook.txt
2026-03-09 15-37-10.171 [Info] (cu_hello_main) output filename path: /lustre/orion/stf008/proj-shared/hvac/copper-cug/copper_logs/frontier07538-724891-output.log
2026-03-09 15-37-10.172 [Debug] (cu_hello_main)  
2026-03-09 15-37-10.172 [Info] (cu_hello_main) hostname found to be: frontier06996
2026-03-09 15-37-10.172 [Debug] (process_args) -tpath was found: /
2026-03-09 15-37-10.172 [Debug] (process_args) -vpath was found: /tmp/khana/copper
2026-03-09 15-37-10.172 [Debug] (process_args) -log_level was found: 6
2026-03-09 15-37-10.172 [Debug] (process_args) -log_type was found: file
2026-03-09 15-37-10.172 [Debug] (process_args) -log_output_dir was found: /lustre/orion/stf008/proj-shared/hvac/copper-cug/copper_logs
2026-03-09 15-37-10.172 [Debug] (process_args) -net_type was found: cxi://cxi1
2026-03-09 15-37-10.172 [Debug] (process_args) -trees was found: 1
2026-03-09 15-37-10.172 [Debug] (process_args) -nf was found: /lustre/orion/stf008/proj-shared/hvac/copper-cug/copper_logs/node_file.txt
2026-03-09 15-37-10.172 [Debug] (process_args) -max_cacheable_byte_size was found: 10485760
2026-03-09 15-37-10.172 [Debug] (process_args) -facility_address_book was found: /sw/frontier/ums/ums046/copper/olcf_copper_addressbook.txt
2026-03-09 15-37-10.172 [Info] (cu_hello_main) copper address located at path: /lustre/orion/stf008/proj-shared/hvac/copper-cug/copper_logs/copper_address_book.txt
2026-03-09 15-37-10.172 [Info] (cu_hello_main) facility address book filename path: /sw/frontier/ums/ums046/copper/olcf_copper_addressbook.txt
2026-03-09 15-37-10.172 [Info] (cu_hello_main) output filename path: /lustre/orion/stf008/proj-shared/hvac/copper-cug/copper_logs/frontier06996-1135248-output.log
2026-03-09 15-37-10.172 [Debug] (cu_hello_main)  
2026-03-09 15-37-10.172 [Info] (cu_hello_main) hostname found to be: frontier03381
2026-03-09 15-37-10.172 [Debug] (process_args) -tpath was found: /
2026-03-09 15-37-10.172 [Debug] (process_args) -vpath was found: /tmp/khana/copper
2026-03-09 15-37-10.172 [Debug] (process_args) -log_level was found: 6
2026-03-09 15-37-10.172 [Debug] (process_args) -log_type was found: file
2026-03-09 15-37-10.172 [Debug] (process_args) -log_output_dir was found: /lustre/orion/stf008/proj-shared/hvac/copper-cug/copper_logs
2026-03-09 15-37-10.172 [Debug] (process_args) -net_type was found: cxi://cxi1
2026-03-09 15-37-10.172 [Debug] (process_args) -trees was found: 1
2026-03-09 15-37-10.172 [Debug] (process_args) -nf was found: /lustre/orion/stf008/proj-shared/hvac/copper-cug/copper_logs/node_file.txt
2026-03-09 15-37-10.172 [Debug] (process_args) -max_cacheable_byte_size was found: 10485760
2026-03-09 15-37-10.172 [Debug] (process_args) -facility_address_book was found: /sw/frontier/ums/ums046/copper/olcf_copper_addressbook.txt
2026-03-09 15-37-10.172 [Info] (cu_hello_main) copper address located at path: /lustre/orion/stf008/proj-shared/hvac/copper-cug/copper_logs/copper_address_book.txt
2026-03-09 15-37-10.172 [Info] (cu_hello_main) facility address book filename path: /sw/frontier/ums/ums046/copper/olcf_copper_addressbook.txt
2026-03-09 15-37-10.172 [Info] (cu_hello_main) output filename path: /lustre/orion/stf008/proj-shared/hvac/copper-cug/copper_logs/frontier03381-637691-output.log
2026-03-09 15-37-10.172 [Debug] (cu_hello_main)  
2026-03-09 15-37-10.172 [Info] (cu_hello_main) hostname found to be: frontier03207
2026-03-09 15-37-10.172 [Debug] (process_args) -tpath was found: /
2026-03-09 15-37-10.172 [Debug] (process_args) -vpath was found: /tmp/khana/copper
2026-03-09 15-37-10.172 [Debug] (process_args) -log_level was found: 6
2026-03-09 15-37-10.172 [Debug] (process_args) -log_type was found: file
2026-03-09 15-37-10.172 [Debug] (process_args) -log_output_dir was found: /lustre/orion/stf008/proj-shared/hvac/copper-cug/copper_logs
2026-03-09 15-37-10.172 [Debug] (process_args) -net_type was found: cxi://cxi1
2026-03-09 15-37-10.172 [Debug] (process_args) -trees was found: 1
2026-03-09 15-37-10.172 [Debug] (process_args) -nf was found: /lustre/orion/stf008/proj-shared/hvac/copper-cug/copper_logs/node_file.txt
2026-03-09 15-37-10.172 [Debug] (process_args) -max_cacheable_byte_size was found: 10485760
2026-03-09 15-37-10.172 [Debug] (process_args) -facility_address_book was found: /sw/frontier/ums/ums046/copper/olcf_copper_addressbook.txt
2026-03-09 15-37-10.172 [Debug] (cu_hello_main)  
2026-03-09 15-37-10.172 [Info] (cu_hello_main) hostname found to be: frontier05616
2026-03-09 15-37-10.172 [Debug] (process_args) -tpath was found: /
2026-03-09 15-37-10.172 [Debug] (process_args) -vpath was found: /tmp/khana/copper
2026-03-09 15-37-10.172 [Info] (cu_hello_main) copper address located at path: /lustre/orion/stf008/proj-shared/hvac/copper-cug/copper_logs/copper_address_book.txt
2026-03-09 15-37-10.172 [Info] (cu_hello_main) facility address book filename path: /sw/frontier/ums/ums046/copper/olcf_copper_addressbook.txt
2026-03-09 15-37-10.172 [Info] (cu_hello_main) output filename path: /lustre/orion/stf008/proj-shared/hvac/copper-cug/copper_logs/frontier03207-188157-output.log
2026-03-09 15-37-10.172 [Debug] (process_args) -log_level was found: 6
2026-03-09 15-37-10.172 [Debug] (process_args) -log_type was found: file
2026-03-09 15-37-10.172 [Debug] (process_args) -log_output_dir was found: /lustre/orion/stf008/proj-shared/hvac/copper-cug/copper_logs
2026-03-09 15-37-10.172 [Debug] (process_args) -net_type was found: cxi://cxi1
2026-03-09 15-37-10.172 [Debug] (process_args) -trees was found: 1
2026-03-09 15-37-10.172 [Debug] (process_args) -nf was found: /lustre/orion/stf008/proj-shared/hvac/copper-cug/copper_logs/node_file.txt
2026-03-09 15-37-10.172 [Debug] (process_args) -max_cacheable_byte_size was found: 10485760
2026-03-09 15-37-10.172 [Debug] (process_args) -facility_address_book was found: /sw/frontier/ums/ums046/copper/olcf_copper_addressbook.txt
2026-03-09 15-37-10.172 [Info] (cu_hello_main) copper address located at path: /lustre/orion/stf008/proj-shared/hvac/copper-cug/copper_logs/copper_address_book.txt
2026-03-09 15-37-10.172 [Info] (cu_hello_main) facility address book filename path: /sw/frontier/ums/ums046/copper/olcf_copper_addressbook.txt
2026-03-09 15-37-10.172 [Info] (cu_hello_main) output filename path: /lustre/orion/stf008/proj-shared/hvac/copper-cug/copper_logs/frontier05616-2402536-output.log
2026-03-09 15-37-10.172 [Debug] (cu_hello_main)  
2026-03-09 15-37-10.172 [Info] (cu_hello_main) hostname found to be: frontier05496
2026-03-09 15-37-10.172 [Debug] (process_args) -tpath was found: /
2026-03-09 15-37-10.172 [Debug] (process_args) -vpath was found: /tmp/khana/copper
2026-03-09 15-37-10.172 [Debug] (process_args) -log_level was found: 6
2026-03-09 15-37-10.172 [Debug] (process_args) -log_type was found: file
2026-03-09 15-37-10.172 [Debug] (process_args) -log_output_dir was found: /lustre/orion/stf008/proj-shared/hvac/copper-cug/copper_logs
2026-03-09 15-37-10.172 [Debug] (process_args) -net_type was found: cxi://cxi1
2026-03-09 15-37-10.172 [Debug] (process_args) -trees was found: 1
2026-03-09 15-37-10.172 [Debug] (process_args) -nf was found: /lustre/orion/stf008/proj-shared/hvac/copper-cug/copper_logs/node_file.txt
2026-03-09 15-37-10.172 [Debug] (process_args) -max_cacheable_byte_size was found: 10485760
2026-03-09 15-37-10.172 [Debug] (process_args) -facility_address_book was found: /sw/frontier/ums/ums046/copper/olcf_copper_addressbook.txt
2026-03-09 15-37-10.172 [Info] (cu_hello_main) copper address located at path: /lustre/orion/stf008/proj-shared/hvac/copper-cug/copper_logs/copper_address_book.txt
2026-03-09 15-37-10.172 [Info] (cu_hello_main) facility address book filename path: /sw/frontier/ums/ums046/copper/olcf_copper_addressbook.txt
2026-03-09 15-37-10.172 [Info] (cu_hello_main) output filename path: /lustre/orion/stf008/proj-shared/hvac/copper-cug/copper_logs/frontier05496-584550-output.log
2026-03-09 15-37-10.173 [Debug] (cu_hello_main)  
2026-03-09 15-37-10.173 [Info] (cu_hello_main) hostname found to be: frontier04237
2026-03-09 15-37-10.173 [Debug] (process_args) -tpath was found: /
2026-03-09 15-37-10.173 [Debug] (process_args) -vpath was found: /tmp/khana/copper
2026-03-09 15-37-10.173 [Debug] (process_args) -log_level was found: 6
2026-03-09 15-37-10.173 [Debug] (process_args) -log_type was found: file
2026-03-09 15-37-10.173 [Debug] (process_args) -log_output_dir was found: /lustre/orion/stf008/proj-shared/hvac/copper-cug/copper_logs
2026-03-09 15-37-10.173 [Debug] (process_args) -net_type was found: cxi://cxi1
2026-03-09 15-37-10.173 [Debug] (process_args) -trees was found: 1
2026-03-09 15-37-10.173 [Debug] (process_args) -nf was found: /lustre/orion/stf008/proj-shared/hvac/copper-cug/copper_logs/node_file.txt
2026-03-09 15-37-10.173 [Debug] (cu_hello_main)  
2026-03-09 15-37-10.173 [Info] (cu_hello_main) hostname found to be: frontier02358
2026-03-09 15-37-10.173 [Debug] (process_args) -max_cacheable_byte_size was found: 10485760
2026-03-09 15-37-10.173 [Debug] (process_args) -facility_address_book was found: /sw/frontier/ums/ums046/copper/olcf_copper_addressbook.txt
2026-03-09 15-37-10.173 [Info] (cu_hello_main) copper address located at path: /lustre/orion/stf008/proj-shared/hvac/copper-cug/copper_logs/copper_address_book.txt
2026-03-09 15-37-10.173 [Info] (cu_hello_main) facility address book filename path: /sw/frontier/ums/ums046/copper/olcf_copper_addressbook.txt
2026-03-09 15-37-10.173 [Debug] (process_args) -tpath was found: /
2026-03-09 15-37-10.173 [Debug] (process_args) -vpath was found: /tmp/khana/copper
2026-03-09 15-37-10.173 [Debug] (process_args) -log_level was found: 6
2026-03-09 15-37-10.173 [Debug] (process_args) -log_type was found: file
2026-03-09 15-37-10.173 [Debug] (process_args) -log_output_dir was found: /lustre/orion/stf008/proj-shared/hvac/copper-cug/copper_logs
2026-03-09 15-37-10.173 [Debug] (process_args) -net_type was found: cxi://cxi1
2026-03-09 15-37-10.173 [Debug] (process_args) -trees was found: 1
2026-03-09 15-37-10.173 [Info] (cu_hello_main) output filename path: /lustre/orion/stf008/proj-shared/hvac/copper-cug/copper_logs/frontier04237-188363-output.log
2026-03-09 15-37-10.173 [Debug] (process_args) -nf was found: /lustre/orion/stf008/proj-shared/hvac/copper-cug/copper_logs/node_file.txt
2026-03-09 15-37-10.173 [Debug] (process_args) -max_cacheable_byte_size was found: 10485760
2026-03-09 15-37-10.173 [Debug] (process_args) -facility_address_book was found: /sw/frontier/ums/ums046/copper/olcf_copper_addressbook.txt
2026-03-09 15-37-10.173 [Info] (cu_hello_main) copper address located at path: /lustre/orion/stf008/proj-shared/hvac/copper-cug/copper_logs/copper_address_book.txt
2026-03-09 15-37-10.173 [Info] (cu_hello_main) facility address book filename path: /sw/frontier/ums/ums046/copper/olcf_copper_addressbook.txt
2026-03-09 15-37-10.173 [Info] (cu_hello_main) output filename path: /lustre/orion/stf008/proj-shared/hvac/copper-cug/copper_logs/frontier02358-1304154-output.log
2026-03-09 15-37-10.173 [Debug] (cu_hello_main)  
2026-03-09 15-37-10.173 [Info] (cu_hello_main) hostname found to be: frontier03863
2026-03-09 15-37-10.173 [Debug] (process_args) -tpath was found: /
2026-03-09 15-37-10.173 [Debug] (process_args) -vpath was found: /tmp/khana/copper
2026-03-09 15-37-10.173 [Debug] (process_args) -log_level was found: 6
2026-03-09 15-37-10.173 [Debug] (process_args) -log_type was found: file
2026-03-09 15-37-10.173 [Debug] (process_args) -log_output_dir was found: /lustre/orion/stf008/proj-shared/hvac/copper-cug/copper_logs
2026-03-09 15-37-10.173 [Debug] (process_args) -net_type was found: cxi://cxi1
2026-03-09 15-37-10.173 [Debug] (process_args) -trees was found: 1
2026-03-09 15-37-10.173 [Debug] (process_args) -nf was found: /lustre/orion/stf008/proj-shared/hvac/copper-cug/copper_logs/node_file.txt
2026-03-09 15-37-10.173 [Debug] (process_args) -max_cacheable_byte_size was found: 10485760
2026-03-09 15-37-10.173 [Debug] (process_args) -facility_address_book was found: /sw/frontier/ums/ums046/copper/olcf_copper_addressbook.txt
2026-03-09 15-37-10.173 [Info] (cu_hello_main) copper address located at path: /lustre/orion/stf008/proj-shared/hvac/copper-cug/copper_logs/copper_address_book.txt
2026-03-09 15-37-10.173 [Info] (cu_hello_main) facility address book filename path: /sw/frontier/ums/ums046/copper/olcf_copper_addressbook.txt
2026-03-09 15-37-10.173 [Info] (cu_hello_main) output filename path: /lustre/orion/stf008/proj-shared/hvac/copper-cug/copper_logs/frontier03863-188325-output.log
2026-03-09 15-37-10.173 [Debug] (cu_hello_main)  
2026-03-09 15-37-10.173 [Info] (cu_hello_main) hostname found to be: frontier07922
2026-03-09 15-37-10.173 [Debug] (process_args) -tpath was found: /
2026-03-09 15-37-10.173 [Debug] (process_args) -vpath was found: /tmp/khana/copper
2026-03-09 15-37-10.173 [Debug] (process_args) -log_level was found: 6
2026-03-09 15-37-10.173 [Debug] (process_args) -log_type was found: file
2026-03-09 15-37-10.173 [Debug] (process_args) -log_output_dir was found: /lustre/orion/stf008/proj-shared/hvac/copper-cug/copper_logs
2026-03-09 15-37-10.173 [Debug] (process_args) -net_type was found: cxi://cxi1
2026-03-09 15-37-10.173 [Debug] (process_args) -trees was found: 1
2026-03-09 15-37-10.173 [Debug] (process_args) -nf was found: /lustre/orion/stf008/proj-shared/hvac/copper-cug/copper_logs/node_file.txt
2026-03-09 15-37-10.173 [Debug] (process_args) -max_cacheable_byte_size was found: 10485760
2026-03-09 15-37-10.173 [Debug] (process_args) -facility_address_book was found: /sw/frontier/ums/ums046/copper/olcf_copper_addressbook.txt
2026-03-09 15-37-10.173 [Info] (cu_hello_main) copper address located at path: /lustre/orion/stf008/proj-shared/hvac/copper-cug/copper_logs/copper_address_book.txt
2026-03-09 15-37-10.173 [Info] (cu_hello_main) facility address book filename path: /sw/frontier/ums/ums046/copper/olcf_copper_addressbook.txt
2026-03-09 15-37-10.173 [Info] (cu_hello_main) output filename path: /lustre/orion/stf008/proj-shared/hvac/copper-cug/copper_logs/frontier07922-515299-output.log
2026-03-09 15-37-10.174 [Debug] (cu_hello_main)  
2026-03-09 15-37-10.174 [Info] (cu_hello_main) hostname found to be: frontier03862
2026-03-09 15-37-10.174 [Debug] (process_args) -tpath was found: /
2026-03-09 15-37-10.174 [Debug] (process_args) -vpath was found: /tmp/khana/copper
2026-03-09 15-37-10.174 [Debug] (process_args) -log_level was found: 6
2026-03-09 15-37-10.174 [Debug] (process_args) -log_type was found: file
2026-03-09 15-37-10.174 [Debug] (process_args) -log_output_dir was found: /lustre/orion/stf008/proj-shared/hvac/copper-cug/copper_logs
2026-03-09 15-37-10.174 [Debug] (process_args) -net_type was found: cxi://cxi1
2026-03-09 15-37-10.174 [Debug] (process_args) -trees was found: 1
2026-03-09 15-37-10.174 [Debug] (process_args) -nf was found: /lustre/orion/stf008/proj-shared/hvac/copper-cug/copper_logs/node_file.txt
2026-03-09 15-37-10.174 [Debug] (process_args) -max_cacheable_byte_size was found: 10485760
2026-03-09 15-37-10.174 [Debug] (process_args) -facility_address_book was found: /sw/frontier/ums/ums046/copper/olcf_copper_addressbook.txt
2026-03-09 15-37-10.174 [Info] (cu_hello_main) copper address located at path: /lustre/orion/stf008/proj-shared/hvac/copper-cug/copper_logs/copper_address_book.txt
2026-03-09 15-37-10.174 [Debug] (cu_hello_main)  
2026-03-09 15-37-10.174 [Info] (cu_hello_main) hostname found to be: frontier04364
2026-03-09 15-37-10.174 [Debug] (process_args) -tpath was found: /
2026-03-09 15-37-10.174 [Debug] (process_args) -vpath was found: /tmp/khana/copper
2026-03-09 15-37-10.174 [Debug] (process_args) -log_level was found: 6
2026-03-09 15-37-10.174 [Info] (cu_hello_main) facility address book filename path: /sw/frontier/ums/ums046/copper/olcf_copper_addressbook.txt
2026-03-09 15-37-10.174 [Debug] (process_args) -log_type was found: file
2026-03-09 15-37-10.174 [Debug] (process_args) -log_output_dir was found: /lustre/orion/stf008/proj-shared/hvac/copper-cug/copper_logs
2026-03-09 15-37-10.174 [Debug] (process_args) -net_type was found: cxi://cxi1
2026-03-09 15-37-10.174 [Debug] (process_args) -trees was found: 1
2026-03-09 15-37-10.174 [Debug] (process_args) -nf was found: /lustre/orion/stf008/proj-shared/hvac/copper-cug/copper_logs/node_file.txt
2026-03-09 15-37-10.174 [Debug] (process_args) -max_cacheable_byte_size was found: 10485760
2026-03-09 15-37-10.174 [Debug] (process_args) -facility_address_book was found: /sw/frontier/ums/ums046/copper/olcf_copper_addressbook.txt
2026-03-09 15-37-10.174 [Info] (cu_hello_main) output filename path: /lustre/orion/stf008/proj-shared/hvac/copper-cug/copper_logs/frontier03862-188131-output.log
2026-03-09 15-37-10.174 [Info] (cu_hello_main) copper address located at path: /lustre/orion/stf008/proj-shared/hvac/copper-cug/copper_logs/copper_address_book.txt
2026-03-09 15-37-10.174 [Info] (cu_hello_main) facility address book filename path: /sw/frontier/ums/ums046/copper/olcf_copper_addressbook.txt
2026-03-09 15-37-10.174 [Info] (cu_hello_main) output filename path: /lustre/orion/stf008/proj-shared/hvac/copper-cug/copper_logs/frontier04364-188158-output.log
2026-03-09 15-37-10.174 [Debug] (cu_hello_main)  
2026-03-09 15-37-10.174 [Info] (cu_hello_main) hostname found to be: frontier05374
2026-03-09 15-37-10.174 [Debug] (process_args) -tpath was found: /
2026-03-09 15-37-10.174 [Debug] (process_args) -vpath was found: /tmp/khana/copper
2026-03-09 15-37-10.174 [Debug] (process_args) -log_level was found: 6
2026-03-09 15-37-10.174 [Debug] (process_args) -log_type was found: file
2026-03-09 15-37-10.174 [Debug] (process_args) -log_output_dir was found: /lustre/orion/stf008/proj-shared/hvac/copper-cug/copper_logs
2026-03-09 15-37-10.174 [Debug] (process_args) -net_type was found: cxi://cxi1
2026-03-09 15-37-10.174 [Debug] (process_args) -trees was found: 1
2026-03-09 15-37-10.174 [Debug] (process_args) -nf was found: /lustre/orion/stf008/proj-shared/hvac/copper-cug/copper_logs/node_file.txt
2026-03-09 15-37-10.174 [Debug] (process_args) -max_cacheable_byte_size was found: 10485760
2026-03-09 15-37-10.174 [Debug] (process_args) -facility_address_book was found: /sw/frontier/ums/ums046/copper/olcf_copper_addressbook.txt
2026-03-09 15-37-10.174 [Info] (cu_hello_main) copper address located at path: /lustre/orion/stf008/proj-shared/hvac/copper-cug/copper_logs/copper_address_book.txt
2026-03-09 15-37-10.174 [Info] (cu_hello_main) facility address book filename path: /sw/frontier/ums/ums046/copper/olcf_copper_addressbook.txt
2026-03-09 15-37-10.174 [Info] (cu_hello_main) output filename path: /lustre/orion/stf008/proj-shared/hvac/copper-cug/copper_logs/frontier05374-1003359-output.log
2026-03-09 15-37-10.174 [Debug] (cu_hello_main)  
2026-03-09 15-37-10.174 [Info] (cu_hello_main) hostname found to be: frontier03726
2026-03-09 15-37-10.174 [Debug] (process_args) -tpath was found: /
2026-03-09 15-37-10.174 [Debug] (process_args) -vpath was found: /tmp/khana/copper
2026-03-09 15-37-10.174 [Debug] (process_args) -log_level was found: 6
2026-03-09 15-37-10.174 [Debug] (process_args) -log_type was found: file
2026-03-09 15-37-10.174 [Debug] (process_args) -log_output_dir was found: /lustre/orion/stf008/proj-shared/hvac/copper-cug/copper_logs
2026-03-09 15-37-10.174 [Debug] (process_args) -net_type was found: cxi://cxi1
2026-03-09 15-37-10.174 [Debug] (process_args) -trees was found: 1
2026-03-09 15-37-10.174 [Debug] (process_args) -nf was found: /lustre/orion/stf008/proj-shared/hvac/copper-cug/copper_logs/node_file.txt
2026-03-09 15-37-10.174 [Debug] (process_args) -max_cacheable_byte_size was found: 10485760
2026-03-09 15-37-10.174 [Debug] (process_args) -facility_address_book was found: /sw/frontier/ums/ums046/copper/olcf_copper_addressbook.txt
2026-03-09 15-37-10.174 [Info] (cu_hello_main) copper address located at path: /lustre/orion/stf008/proj-shared/hvac/copper-cug/copper_logs/copper_address_book.txt
2026-03-09 15-37-10.174 [Info] (cu_hello_main) facility address book filename path: /sw/frontier/ums/ums046/copper/olcf_copper_addressbook.txt
2026-03-09 15-37-10.174 [Info] (cu_hello_main) output filename path: /lustre/orion/stf008/proj-shared/hvac/copper-cug/copper_logs/frontier03726-188316-output.log
2026-03-09 15-37-10.174 [Debug] (cu_hello_main)  
2026-03-09 15-37-10.174 [Info] (cu_hello_main) hostname found to be: frontier04120
2026-03-09 15-37-10.174 [Debug] (process_args) -tpath was found: /
2026-03-09 15-37-10.175 [Debug] (process_args) -vpath was found: /tmp/khana/copper
2026-03-09 15-37-10.175 [Debug] (process_args) -log_level was found: 6
2026-03-09 15-37-10.175 [Debug] (process_args) -log_type was found: file
2026-03-09 15-37-10.175 [Debug] (process_args) -log_output_dir was found: /lustre/orion/stf008/proj-shared/hvac/copper-cug/copper_logs
2026-03-09 15-37-10.175 [Debug] (process_args) -net_type was found: cxi://cxi1
2026-03-09 15-37-10.175 [Debug] (process_args) -trees was found: 1
2026-03-09 15-37-10.175 [Debug] (process_args) -nf was found: /lustre/orion/stf008/proj-shared/hvac/copper-cug/copper_logs/node_file.txt
2026-03-09 15-37-10.175 [Debug] (process_args) -max_cacheable_byte_size was found: 10485760
2026-03-09 15-37-10.175 [Debug] (process_args) -facility_address_book was found: /sw/frontier/ums/ums046/copper/olcf_copper_addressbook.txt
2026-03-09 15-37-10.175 [Info] (cu_hello_main) copper address located at path: /lustre/orion/stf008/proj-shared/hvac/copper-cug/copper_logs/copper_address_book.txt
2026-03-09 15-37-10.175 [Info] (cu_hello_main) facility address book filename path: /sw/frontier/ums/ums046/copper/olcf_copper_addressbook.txt
2026-03-09 15-37-10.175 [Info] (cu_hello_main) output filename path: /lustre/orion/stf008/proj-shared/hvac/copper-cug/copper_logs/frontier04120-188330-output.log
2026-03-09 15-37-10.176 [Debug] (cu_hello_main)  
2026-03-09 15-37-10.176 [Info] (cu_hello_main) hostname found to be: frontier02498
2026-03-09 15-37-10.176 [Debug] (process_args) -tpath was found: /
2026-03-09 15-37-10.176 [Debug] (process_args) -vpath was found: /tmp/khana/copper
2026-03-09 15-37-10.176 [Debug] (process_args) -log_level was found: 6
2026-03-09 15-37-10.176 [Debug] (process_args) -log_type was found: file
2026-03-09 15-37-10.176 [Debug] (process_args) -log_output_dir was found: /lustre/orion/stf008/proj-shared/hvac/copper-cug/copper_logs
2026-03-09 15-37-10.176 [Debug] (process_args) -net_type was found: cxi://cxi1
2026-03-09 15-37-10.176 [Debug] (process_args) -trees was found: 1
2026-03-09 15-37-10.176 [Debug] (process_args) -nf was found: /lustre/orion/stf008/proj-shared/hvac/copper-cug/copper_logs/node_file.txt
2026-03-09 15-37-10.176 [Debug] (process_args) -max_cacheable_byte_size was found: 10485760
2026-03-09 15-37-10.176 [Debug] (process_args) -facility_address_book was found: /sw/frontier/ums/ums046/copper/olcf_copper_addressbook.txt
2026-03-09 15-37-10.176 [Info] (cu_hello_main) copper address located at path: /lustre/orion/stf008/proj-shared/hvac/copper-cug/copper_logs/copper_address_book.txt
2026-03-09 15-37-10.176 [Info] (cu_hello_main) facility address book filename path: /sw/frontier/ums/ums046/copper/olcf_copper_addressbook.txt
2026-03-09 15-37-10.176 [Info] (cu_hello_main) output filename path: /lustre/orion/stf008/proj-shared/hvac/copper-cug/copper_logs/frontier02498-1714900-output.log
2026-03-09 15-37-10.177 [Debug] (cu_hello_main)  
2026-03-09 15-37-10.178 [Info] (cu_hello_main) hostname found to be: frontier03474
2026-03-09 15-37-10.178 [Debug] (process_args) -tpath was found: /
2026-03-09 15-37-10.178 [Debug] (process_args) -vpath was found: /tmp/khana/copper
2026-03-09 15-37-10.178 [Debug] (process_args) -log_level was found: 6
2026-03-09 15-37-10.178 [Debug] (process_args) -log_type was found: file
2026-03-09 15-37-10.178 [Debug] (process_args) -log_output_dir was found: /lustre/orion/stf008/proj-shared/hvac/copper-cug/copper_logs
2026-03-09 15-37-10.178 [Debug] (process_args) -net_type was found: cxi://cxi1
2026-03-09 15-37-10.178 [Debug] (process_args) -trees was found: 1
2026-03-09 15-37-10.178 [Debug] (process_args) -nf was found: /lustre/orion/stf008/proj-shared/hvac/copper-cug/copper_logs/node_file.txt
2026-03-09 15-37-10.178 [Debug] (process_args) -max_cacheable_byte_size was found: 10485760
2026-03-09 15-37-10.178 [Debug] (process_args) -facility_address_book was found: /sw/frontier/ums/ums046/copper/olcf_copper_addressbook.txt
2026-03-09 15-37-10.178 [Info] (cu_hello_main) copper address located at path: /lustre/orion/stf008/proj-shared/hvac/copper-cug/copper_logs/copper_address_book.txt
2026-03-09 15-37-10.178 [Info] (cu_hello_main) facility address book filename path: /sw/frontier/ums/ums046/copper/olcf_copper_addressbook.txt
2026-03-09 15-37-10.178 [Info] (cu_hello_main) output filename path: /lustre/orion/stf008/proj-shared/hvac/copper-cug/copper_logs/frontier03474-188322-output.log
2026-03-09 15-37-10.178 [Debug] (cu_hello_main)  
2026-03-09 15-37-10.178 [Info] (cu_hello_main) hostname found to be: frontier06129
2026-03-09 15-37-10.178 [Debug] (process_args) -tpath was found: /
2026-03-09 15-37-10.178 [Debug] (process_args) -vpath was found: /tmp/khana/copper
2026-03-09 15-37-10.178 [Debug] (process_args) -log_level was found: 6
2026-03-09 15-37-10.178 [Debug] (process_args) -log_type was found: file
2026-03-09 15-37-10.178 [Debug] (process_args) -log_output_dir was found: /lustre/orion/stf008/proj-shared/hvac/copper-cug/copper_logs
2026-03-09 15-37-10.178 [Debug] (process_args) -net_type was found: cxi://cxi1
2026-03-09 15-37-10.178 [Debug] (process_args) -trees was found: 1
2026-03-09 15-37-10.178 [Debug] (process_args) -nf was found: /lustre/orion/stf008/proj-shared/hvac/copper-cug/copper_logs/node_file.txt
2026-03-09 15-37-10.178 [Debug] (process_args) -max_cacheable_byte_size was found: 10485760
2026-03-09 15-37-10.178 [Debug] (process_args) -facility_address_book was found: /sw/frontier/ums/ums046/copper/olcf_copper_addressbook.txt
2026-03-09 15-37-10.178 [Info] (cu_hello_main) copper address located at path: /lustre/orion/stf008/proj-shared/hvac/copper-cug/copper_logs/copper_address_book.txt
2026-03-09 15-37-10.178 [Info] (cu_hello_main) facility address book filename path: /sw/frontier/ums/ums046/copper/olcf_copper_addressbook.txt
2026-03-09 15-37-10.178 [Info] (cu_hello_main) output filename path: /lustre/orion/stf008/proj-shared/hvac/copper-cug/copper_logs/frontier06129-1307522-output.log
2026-03-09 15-37-10.178 [Debug] (cu_hello_main)  
2026-03-09 15-37-10.178 [Info] (cu_hello_main) hostname found to be: frontier05751
2026-03-09 15-37-10.178 [Debug] (process_args) -tpath was found: /
2026-03-09 15-37-10.178 [Debug] (process_args) -vpath was found: /tmp/khana/copper
2026-03-09 15-37-10.178 [Debug] (process_args) -log_level was found: 6
2026-03-09 15-37-10.178 [Debug] (process_args) -log_type was found: file
2026-03-09 15-37-10.178 [Debug] (process_args) -log_output_dir was found: /lustre/orion/stf008/proj-shared/hvac/copper-cug/copper_logs
2026-03-09 15-37-10.178 [Debug] (process_args) -net_type was found: cxi://cxi1
2026-03-09 15-37-10.178 [Debug] (process_args) -trees was found: 1
2026-03-09 15-37-10.178 [Debug] (process_args) -nf was found: /lustre/orion/stf008/proj-shared/hvac/copper-cug/copper_logs/node_file.txt
2026-03-09 15-37-10.178 [Debug] (process_args) -max_cacheable_byte_size was found: 10485760
2026-03-09 15-37-10.178 [Debug] (process_args) -facility_address_book was found: /sw/frontier/ums/ums046/copper/olcf_copper_addressbook.txt
2026-03-09 15-37-10.178 [Info] (cu_hello_main) copper address located at path: /lustre/orion/stf008/proj-shared/hvac/copper-cug/copper_logs/copper_address_book.txt
2026-03-09 15-37-10.178 [Info] (cu_hello_main) facility address book filename path: /sw/frontier/ums/ums046/copper/olcf_copper_addressbook.txt
2026-03-09 15-37-10.178 [Info] (cu_hello_main) output filename path: /lustre/orion/stf008/proj-shared/hvac/copper-cug/copper_logs/frontier05751-191731-output.log
2026-03-09 15-37-10.179 [Debug] (cu_hello_main)  
2026-03-09 15-37-10.179 [Info] (cu_hello_main) hostname found to be: frontier07788
2026-03-09 15-37-10.179 [Debug] (process_args) -tpath was found: /
2026-03-09 15-37-10.179 [Debug] (process_args) -vpath was found: /tmp/khana/copper
2026-03-09 15-37-10.179 [Debug] (process_args) -log_level was found: 6
2026-03-09 15-37-10.179 [Debug] (process_args) -log_type was found: file
2026-03-09 15-37-10.179 [Debug] (process_args) -log_output_dir was found: /lustre/orion/stf008/proj-shared/hvac/copper-cug/copper_logs
2026-03-09 15-37-10.179 [Debug] (process_args) -net_type was found: cxi://cxi1
2026-03-09 15-37-10.179 [Debug] (process_args) -trees was found: 1
2026-03-09 15-37-10.179 [Debug] (process_args) -nf was found: /lustre/orion/stf008/proj-shared/hvac/copper-cug/copper_logs/node_file.txt
2026-03-09 15-37-10.179 [Debug] (process_args) -max_cacheable_byte_size was found: 10485760
2026-03-09 15-37-10.179 [Debug] (process_args) -facility_address_book was found: /sw/frontier/ums/ums046/copper/olcf_copper_addressbook.txt
2026-03-09 15-37-10.179 [Info] (cu_hello_main) copper address located at path: /lustre/orion/stf008/proj-shared/hvac/copper-cug/copper_logs/copper_address_book.txt
2026-03-09 15-37-10.179 [Info] (cu_hello_main) facility address book filename path: /sw/frontier/ums/ums046/copper/olcf_copper_addressbook.txt
2026-03-09 15-37-10.179 [Debug] (cu_hello_main)  
2026-03-09 15-37-10.179 [Info] (cu_hello_main) hostname found to be: frontier06255
2026-03-09 15-37-10.179 [Debug] (process_args) -tpath was found: /
2026-03-09 15-37-10.179 [Debug] (process_args) -vpath was found: /tmp/khana/copper
2026-03-09 15-37-10.179 [Debug] (process_args) -log_level was found: 6
2026-03-09 15-37-10.179 [Info] (cu_hello_main) output filename path: /lustre/orion/stf008/proj-shared/hvac/copper-cug/copper_logs/frontier07788-1378010-output.log
2026-03-09 15-37-10.179 [Debug] (process_args) -log_type was found: file
2026-03-09 15-37-10.179 [Debug] (process_args) -log_output_dir was found: /lustre/orion/stf008/proj-shared/hvac/copper-cug/copper_logs
2026-03-09 15-37-10.179 [Debug] (process_args) -net_type was found: cxi://cxi1
2026-03-09 15-37-10.179 [Debug] (process_args) -trees was found: 1
2026-03-09 15-37-10.179 [Debug] (process_args) -nf was found: /lustre/orion/stf008/proj-shared/hvac/copper-cug/copper_logs/node_file.txt
2026-03-09 15-37-10.179 [Debug] (process_args) -max_cacheable_byte_size was found: 10485760
2026-03-09 15-37-10.179 [Debug] (process_args) -facility_address_book was found: /sw/frontier/ums/ums046/copper/olcf_copper_addressbook.txt
2026-03-09 15-37-10.179 [Info] (cu_hello_main) copper address located at path: /lustre/orion/stf008/proj-shared/hvac/copper-cug/copper_logs/copper_address_book.txt
2026-03-09 15-37-10.179 [Info] (cu_hello_main) facility address book filename path: /sw/frontier/ums/ums046/copper/olcf_copper_addressbook.txt
2026-03-09 15-37-10.179 [Info] (cu_hello_main) output filename path: /lustre/orion/stf008/proj-shared/hvac/copper-cug/copper_logs/frontier06255-1336497-output.log
2026-03-09 15-37-10.179 [Debug] (cu_hello_main)  
2026-03-09 15-37-10.179 [Info] (cu_hello_main) hostname found to be: frontier04119
2026-03-09 15-37-10.179 [Debug] (process_args) -tpath was found: /
2026-03-09 15-37-10.179 [Debug] (process_args) -vpath was found: /tmp/khana/copper
2026-03-09 15-37-10.179 [Debug] (process_args) -log_level was found: 6
2026-03-09 15-37-10.179 [Debug] (process_args) -log_type was found: file
2026-03-09 15-37-10.179 [Debug] (process_args) -log_output_dir was found: /lustre/orion/stf008/proj-shared/hvac/copper-cug/copper_logs
2026-03-09 15-37-10.179 [Debug] (process_args) -net_type was found: cxi://cxi1
2026-03-09 15-37-10.179 [Debug] (process_args) -trees was found: 1
2026-03-09 15-37-10.179 [Debug] (process_args) -nf was found: /lustre/orion/stf008/proj-shared/hvac/copper-cug/copper_logs/node_file.txt
2026-03-09 15-37-10.179 [Debug] (process_args) -max_cacheable_byte_size was found: 10485760
2026-03-09 15-37-10.179 [Debug] (process_args) -facility_address_book was found: /sw/frontier/ums/ums046/copper/olcf_copper_addressbook.txt
2026-03-09 15-37-10.179 [Info] (cu_hello_main) copper address located at path: /lustre/orion/stf008/proj-shared/hvac/copper-cug/copper_logs/copper_address_book.txt
2026-03-09 15-37-10.179 [Info] (cu_hello_main) facility address book filename path: /sw/frontier/ums/ums046/copper/olcf_copper_addressbook.txt
2026-03-09 15-37-10.179 [Info] (cu_hello_main) output filename path: /lustre/orion/stf008/proj-shared/hvac/copper-cug/copper_logs/frontier04119-188152-output.log
2026-03-09 15-37-10.179 [Debug] (cu_hello_main)  
2026-03-09 15-37-10.179 [Info] (cu_hello_main) hostname found to be: frontier07154
2026-03-09 15-37-10.180 [Debug] (process_args) -tpath was found: /
2026-03-09 15-37-10.180 [Debug] (process_args) -vpath was found: /tmp/khana/copper
2026-03-09 15-37-10.179 [Debug] (cu_hello_main)  
2026-03-09 15-37-10.180 [Info] (cu_hello_main) hostname found to be: frontier03082
2026-03-09 15-37-10.180 [Debug] (process_args) -tpath was found: /
2026-03-09 15-37-10.180 [Debug] (process_args) -vpath was found: /tmp/khana/copper
2026-03-09 15-37-10.180 [Debug] (process_args) -log_level was found: 6
2026-03-09 15-37-10.180 [Debug] (process_args) -log_level was found: 6
2026-03-09 15-37-10.180 [Debug] (process_args) -log_type was found: file
2026-03-09 15-37-10.180 [Debug] (process_args) -log_output_dir was found: /lustre/orion/stf008/proj-shared/hvac/copper-cug/copper_logs
2026-03-09 15-37-10.180 [Debug] (process_args) -net_type was found: cxi://cxi1
2026-03-09 15-37-10.180 [Debug] (process_args) -trees was found: 1
2026-03-09 15-37-10.180 [Debug] (process_args) -nf was found: /lustre/orion/stf008/proj-shared/hvac/copper-cug/copper_logs/node_file.txt
2026-03-09 15-37-10.180 [Debug] (process_args) -max_cacheable_byte_size was found: 10485760
2026-03-09 15-37-10.180 [Debug] (process_args) -log_type was found: file
2026-03-09 15-37-10.180 [Debug] (process_args) -log_output_dir was found: /lustre/orion/stf008/proj-shared/hvac/copper-cug/copper_logs
2026-03-09 15-37-10.180 [Debug] (process_args) -net_type was found: cxi://cxi1
2026-03-09 15-37-10.180 [Debug] (process_args) -trees was found: 1
2026-03-09 15-37-10.180 [Debug] (process_args) -nf was found: /lustre/orion/stf008/proj-shared/hvac/copper-cug/copper_logs/node_file.txt
2026-03-09 15-37-10.180 [Debug] (process_args) -max_cacheable_byte_size was found: 10485760
2026-03-09 15-37-10.180 [Debug] (process_args) -facility_address_book was found: /sw/frontier/ums/ums046/copper/olcf_copper_addressbook.txt
2026-03-09 15-37-10.180 [Debug] (process_args) -facility_address_book was found: /sw/frontier/ums/ums046/copper/olcf_copper_addressbook.txt
2026-03-09 15-37-10.180 [Info] (cu_hello_main) copper address located at path: /lustre/orion/stf008/proj-shared/hvac/copper-cug/copper_logs/copper_address_book.txt
2026-03-09 15-37-10.180 [Info] (cu_hello_main) copper address located at path: /lustre/orion/stf008/proj-shared/hvac/copper-cug/copper_logs/copper_address_book.txt
2026-03-09 15-37-10.180 [Info] (cu_hello_main) facility address book filename path: /sw/frontier/ums/ums046/copper/olcf_copper_addressbook.txt
2026-03-09 15-37-10.180 [Info] (cu_hello_main) output filename path: /lustre/orion/stf008/proj-shared/hvac/copper-cug/copper_logs/frontier03082-188329-output.log
2026-03-09 15-37-10.180 [Info] (cu_hello_main) facility address book filename path: /sw/frontier/ums/ums046/copper/olcf_copper_addressbook.txt
2026-03-09 15-37-10.180 [Info] (cu_hello_main) output filename path: /lustre/orion/stf008/proj-shared/hvac/copper-cug/copper_logs/frontier07154-1535146-output.log
2026-03-09 15-37-10.184 [Debug] (cu_hello_main)  
2026-03-09 15-37-10.184 [Info] (cu_hello_main) hostname found to be: frontier09055
2026-03-09 15-37-10.184 [Debug] (process_args) -tpath was found: /
2026-03-09 15-37-10.184 [Debug] (process_args) -vpath was found: /tmp/khana/copper
2026-03-09 15-37-10.184 [Debug] (process_args) -log_level was found: 6
2026-03-09 15-37-10.184 [Debug] (process_args) -log_type was found: file
2026-03-09 15-37-10.184 [Debug] (process_args) -log_output_dir was found: /lustre/orion/stf008/proj-shared/hvac/copper-cug/copper_logs
2026-03-09 15-37-10.184 [Debug] (process_args) -net_type was found: cxi://cxi1
2026-03-09 15-37-10.184 [Debug] (process_args) -trees was found: 1
2026-03-09 15-37-10.184 [Debug] (process_args) -nf was found: /lustre/orion/stf008/proj-shared/hvac/copper-cug/copper_logs/node_file.txt
2026-03-09 15-37-10.184 [Debug] (process_args) -max_cacheable_byte_size was found: 10485760
2026-03-09 15-37-10.184 [Debug] (process_args) -facility_address_book was found: /sw/frontier/ums/ums046/copper/olcf_copper_addressbook.txt
2026-03-09 15-37-10.184 [Info] (cu_hello_main) copper address located at path: /lustre/orion/stf008/proj-shared/hvac/copper-cug/copper_logs/copper_address_book.txt
2026-03-09 15-37-10.184 [Info] (cu_hello_main) facility address book filename path: /sw/frontier/ums/ums046/copper/olcf_copper_addressbook.txt
2026-03-09 15-37-10.184 [Info] (cu_hello_main) output filename path: /lustre/orion/stf008/proj-shared/hvac/copper-cug/copper_logs/frontier09055-1272518-output.log
2026-03-09 15-37-10.184 [Debug] (cu_hello_main)  
2026-03-09 15-37-10.184 [Info] (cu_hello_main) hostname found to be: frontier03370
2026-03-09 15-37-10.184 [Debug] (process_args) -tpath was found: /
2026-03-09 15-37-10.184 [Debug] (process_args) -vpath was found: /tmp/khana/copper
2026-03-09 15-37-10.184 [Debug] (process_args) -log_level was found: 6
2026-03-09 15-37-10.184 [Debug] (process_args) -log_type was found: file
2026-03-09 15-37-10.184 [Debug] (process_args) -log_output_dir was found: /lustre/orion/stf008/proj-shared/hvac/copper-cug/copper_logs
2026-03-09 15-37-10.184 [Debug] (process_args) -net_type was found: cxi://cxi1
2026-03-09 15-37-10.184 [Debug] (process_args) -trees was found: 1
2026-03-09 15-37-10.184 [Debug] (process_args) -nf was found: /lustre/orion/stf008/proj-shared/hvac/copper-cug/copper_logs/node_file.txt
2026-03-09 15-37-10.184 [Debug] (process_args) -max_cacheable_byte_size was found: 10485760
2026-03-09 15-37-10.184 [Debug] (process_args) -facility_address_book was found: /sw/frontier/ums/ums046/copper/olcf_copper_addressbook.txt
2026-03-09 15-37-10.184 [Debug] (cu_hello_main)  
2026-03-09 15-37-10.184 [Info] (cu_hello_main) hostname found to be: frontier02237
2026-03-09 15-37-10.184 [Info] (cu_hello_main) copper address located at path: /lustre/orion/stf008/proj-shared/hvac/copper-cug/copper_logs/copper_address_book.txt
2026-03-09 15-37-10.184 [Info] (cu_hello_main) facility address book filename path: /sw/frontier/ums/ums046/copper/olcf_copper_addressbook.txt
2026-03-09 15-37-10.184 [Info] (cu_hello_main) output filename path: /lustre/orion/stf008/proj-shared/hvac/copper-cug/copper_logs/frontier03370-188411-output.log
2026-03-09 15-37-10.184 [Debug] (process_args) -tpath was found: /
2026-03-09 15-37-10.184 [Debug] (process_args) -vpath was found: /tmp/khana/copper
2026-03-09 15-37-10.184 [Debug] (process_args) -log_level was found: 6
2026-03-09 15-37-10.184 [Debug] (process_args) -log_type was found: file
2026-03-09 15-37-10.184 [Debug] (process_args) -log_output_dir was found: /lustre/orion/stf008/proj-shared/hvac/copper-cug/copper_logs
2026-03-09 15-37-10.184 [Debug] (process_args) -net_type was found: cxi://cxi1
2026-03-09 15-37-10.184 [Debug] (process_args) -trees was found: 1
2026-03-09 15-37-10.184 [Debug] (process_args) -nf was found: /lustre/orion/stf008/proj-shared/hvac/copper-cug/copper_logs/node_file.txt
2026-03-09 15-37-10.184 [Debug] (process_args) -max_cacheable_byte_size was found: 10485760
2026-03-09 15-37-10.184 [Debug] (process_args) -facility_address_book was found: /sw/frontier/ums/ums046/copper/olcf_copper_addressbook.txt
2026-03-09 15-37-10.184 [Info] (cu_hello_main) copper address located at path: /lustre/orion/stf008/proj-shared/hvac/copper-cug/copper_logs/copper_address_book.txt
2026-03-09 15-37-10.184 [Info] (cu_hello_main) facility address book filename path: /sw/frontier/ums/ums046/copper/olcf_copper_addressbook.txt
2026-03-09 15-37-10.184 [Info] (cu_hello_main) output filename path: /lustre/orion/stf008/proj-shared/hvac/copper-cug/copper_logs/frontier02237-1517141-output.log
2026-03-09 15-37-10.186 [Debug] (cu_hello_main)  
2026-03-09 15-37-10.186 [Info] (cu_hello_main) hostname found to be: frontier03473
2026-03-09 15-37-10.186 [Debug] (process_args) -tpath was found: /
2026-03-09 15-37-10.186 [Debug] (process_args) -vpath was found: /tmp/khana/copper
2026-03-09 15-37-10.186 [Debug] (process_args) -log_level was found: 6
2026-03-09 15-37-10.186 [Debug] (process_args) -log_type was found: file
2026-03-09 15-37-10.186 [Debug] (process_args) -log_output_dir was found: /lustre/orion/stf008/proj-shared/hvac/copper-cug/copper_logs
2026-03-09 15-37-10.186 [Debug] (process_args) -net_type was found: cxi://cxi1
2026-03-09 15-37-10.186 [Debug] (process_args) -trees was found: 1
2026-03-09 15-37-10.186 [Debug] (process_args) -nf was found: /lustre/orion/stf008/proj-shared/hvac/copper-cug/copper_logs/node_file.txt
2026-03-09 15-37-10.186 [Debug] (process_args) -max_cacheable_byte_size was found: 10485760
2026-03-09 15-37-10.186 [Debug] (process_args) -facility_address_book was found: /sw/frontier/ums/ums046/copper/olcf_copper_addressbook.txt
2026-03-09 15-37-10.186 [Info] (cu_hello_main) copper address located at path: /lustre/orion/stf008/proj-shared/hvac/copper-cug/copper_logs/copper_address_book.txt
2026-03-09 15-37-10.186 [Info] (cu_hello_main) facility address book filename path: /sw/frontier/ums/ums046/copper/olcf_copper_addressbook.txt
2026-03-09 15-37-10.186 [Info] (cu_hello_main) output filename path: /lustre/orion/stf008/proj-shared/hvac/copper-cug/copper_logs/frontier03473-188167-output.log
2026-03-09 15-37-10.186 [Debug] (cu_hello_main)  
2026-03-09 15-37-10.186 [Info] (cu_hello_main) hostname found to be: frontier03982
2026-03-09 15-37-10.186 [Debug] (process_args) -tpath was found: /
2026-03-09 15-37-10.186 [Debug] (process_args) -vpath was found: /tmp/khana/copper
2026-03-09 15-37-10.186 [Debug] (process_args) -log_level was found: 6
2026-03-09 15-37-10.186 [Debug] (process_args) -log_type was found: file
2026-03-09 15-37-10.186 [Debug] (process_args) -log_output_dir was found: /lustre/orion/stf008/proj-shared/hvac/copper-cug/copper_logs
2026-03-09 15-37-10.186 [Debug] (process_args) -net_type was found: cxi://cxi1
2026-03-09 15-37-10.186 [Debug] (process_args) -trees was found: 1
2026-03-09 15-37-10.186 [Debug] (process_args) -nf was found: /lustre/orion/stf008/proj-shared/hvac/copper-cug/copper_logs/node_file.txt
2026-03-09 15-37-10.186 [Debug] (process_args) -max_cacheable_byte_size was found: 10485760
2026-03-09 15-37-10.186 [Debug] (process_args) -facility_address_book was found: /sw/frontier/ums/ums046/copper/olcf_copper_addressbook.txt
2026-03-09 15-37-10.186 [Info] (cu_hello_main) copper address located at path: /lustre/orion/stf008/proj-shared/hvac/copper-cug/copper_logs/copper_address_book.txt
2026-03-09 15-37-10.186 [Info] (cu_hello_main) facility address book filename path: /sw/frontier/ums/ums046/copper/olcf_copper_addressbook.txt
2026-03-09 15-37-10.186 [Info] (cu_hello_main) output filename path: /lustre/orion/stf008/proj-shared/hvac/copper-cug/copper_logs/frontier03982-188371-output.log
2026-03-09 15-37-10.188 [Debug] (cu_hello_main)  
2026-03-09 15-37-10.188 [Info] (cu_hello_main) hostname found to be: frontier03741
2026-03-09 15-37-10.188 [Debug] (cu_hello_main)  
2026-03-09 15-37-10.188 [Info] (cu_hello_main) hostname found to be: frontier02744
2026-03-09 15-37-10.188 [Debug] (process_args) -tpath was found: /
2026-03-09 15-37-10.188 [Debug] (process_args) -vpath was found: /tmp/khana/copper
2026-03-09 15-37-10.188 [Debug] (process_args) -log_level was found: 6
2026-03-09 15-37-10.188 [Debug] (process_args) -log_type was found: file
2026-03-09 15-37-10.188 [Debug] (process_args) -log_output_dir was found: /lustre/orion/stf008/proj-shared/hvac/copper-cug/copper_logs
2026-03-09 15-37-10.188 [Debug] (process_args) -net_type was found: cxi://cxi1
2026-03-09 15-37-10.188 [Debug] (process_args) -trees was found: 1
2026-03-09 15-37-10.188 [Debug] (process_args) -nf was found: /lustre/orion/stf008/proj-shared/hvac/copper-cug/copper_logs/node_file.txt
2026-03-09 15-37-10.188 [Debug] (process_args) -tpath was found: /
2026-03-09 15-37-10.188 [Debug] (process_args) -vpath was found: /tmp/khana/copper
2026-03-09 15-37-10.188 [Debug] (process_args) -log_level was found: 6
2026-03-09 15-37-10.188 [Debug] (process_args) -log_type was found: file
2026-03-09 15-37-10.188 [Debug] (process_args) -log_output_dir was found: /lustre/orion/stf008/proj-shared/hvac/copper-cug/copper_logs
2026-03-09 15-37-10.188 [Debug] (process_args) -net_type was found: cxi://cxi1
2026-03-09 15-37-10.188 [Debug] (process_args) -max_cacheable_byte_size was found: 10485760
2026-03-09 15-37-10.188 [Debug] (process_args) -facility_address_book was found: /sw/frontier/ums/ums046/copper/olcf_copper_addressbook.txt
2026-03-09 15-37-10.188 [Info] (cu_hello_main) copper address located at path: /lustre/orion/stf008/proj-shared/hvac/copper-cug/copper_logs/copper_address_book.txt
2026-03-09 15-37-10.188 [Info] (cu_hello_main) facility address book filename path: /sw/frontier/ums/ums046/copper/olcf_copper_addressbook.txt
2026-03-09 15-37-10.188 [Debug] (process_args) -trees was found: 1
2026-03-09 15-37-10.188 [Debug] (process_args) -nf was found: /lustre/orion/stf008/proj-shared/hvac/copper-cug/copper_logs/node_file.txt
2026-03-09 15-37-10.188 [Debug] (process_args) -max_cacheable_byte_size was found: 10485760
2026-03-09 15-37-10.188 [Info] (cu_hello_main) output filename path: /lustre/orion/stf008/proj-shared/hvac/copper-cug/copper_logs/frontier03741-187928-output.log
2026-03-09 15-37-10.188 [Debug] (process_args) -facility_address_book was found: /sw/frontier/ums/ums046/copper/olcf_copper_addressbook.txt
2026-03-09 15-37-10.188 [Info] (cu_hello_main) copper address located at path: /lustre/orion/stf008/proj-shared/hvac/copper-cug/copper_logs/copper_address_book.txt
2026-03-09 15-37-10.188 [Info] (cu_hello_main) facility address book filename path: /sw/frontier/ums/ums046/copper/olcf_copper_addressbook.txt
2026-03-09 15-37-10.188 [Info] (cu_hello_main) output filename path: /lustre/orion/stf008/proj-shared/hvac/copper-cug/copper_logs/frontier02744-908427-output.log
2026-03-09 15-37-10.189 [Debug] (cu_hello_main)  
2026-03-09 15-37-10.189 [Info] (cu_hello_main) hostname found to be: frontier02297
2026-03-09 15-37-10.189 [Debug] (process_args) -tpath was found: /
2026-03-09 15-37-10.189 [Debug] (process_args) -vpath was found: /tmp/khana/copper
2026-03-09 15-37-10.189 [Debug] (process_args) -log_level was found: 6
2026-03-09 15-37-10.189 [Debug] (process_args) -log_type was found: file
2026-03-09 15-37-10.189 [Debug] (process_args) -log_output_dir was found: /lustre/orion/stf008/proj-shared/hvac/copper-cug/copper_logs
2026-03-09 15-37-10.189 [Debug] (process_args) -net_type was found: cxi://cxi1
2026-03-09 15-37-10.189 [Debug] (process_args) -trees was found: 1
2026-03-09 15-37-10.189 [Debug] (process_args) -nf was found: /lustre/orion/stf008/proj-shared/hvac/copper-cug/copper_logs/node_file.txt
2026-03-09 15-37-10.189 [Debug] (process_args) -max_cacheable_byte_size was found: 10485760
2026-03-09 15-37-10.189 [Debug] (process_args) -facility_address_book was found: /sw/frontier/ums/ums046/copper/olcf_copper_addressbook.txt
2026-03-09 15-37-10.189 [Info] (cu_hello_main) copper address located at path: /lustre/orion/stf008/proj-shared/hvac/copper-cug/copper_logs/copper_address_book.txt
2026-03-09 15-37-10.189 [Info] (cu_hello_main) facility address book filename path: /sw/frontier/ums/ums046/copper/olcf_copper_addressbook.txt
2026-03-09 15-37-10.189 [Info] (cu_hello_main) output filename path: /lustre/orion/stf008/proj-shared/hvac/copper-cug/copper_logs/frontier02297-1059673-output.log
2026-03-09 15-37-10.190 [Debug] (cu_hello_main)  
2026-03-09 15-37-10.190 [Info] (cu_hello_main) hostname found to be: frontier02931
2026-03-09 15-37-10.190 [Debug] (process_args) -tpath was found: /
2026-03-09 15-37-10.190 [Debug] (process_args) -vpath was found: /tmp/khana/copper
2026-03-09 15-37-10.190 [Debug] (process_args) -log_level was found: 6
2026-03-09 15-37-10.190 [Debug] (process_args) -log_type was found: file
2026-03-09 15-37-10.190 [Debug] (process_args) -log_output_dir was found: /lustre/orion/stf008/proj-shared/hvac/copper-cug/copper_logs
2026-03-09 15-37-10.190 [Debug] (process_args) -net_type was found: cxi://cxi1
2026-03-09 15-37-10.190 [Debug] (process_args) -trees was found: 1
2026-03-09 15-37-10.190 [Debug] (process_args) -nf was found: /lustre/orion/stf008/proj-shared/hvac/copper-cug/copper_logs/node_file.txt
2026-03-09 15-37-10.190 [Debug] (process_args) -max_cacheable_byte_size was found: 10485760
2026-03-09 15-37-10.190 [Debug] (process_args) -facility_address_book was found: /sw/frontier/ums/ums046/copper/olcf_copper_addressbook.txt
2026-03-09 15-37-10.190 [Info] (cu_hello_main) copper address located at path: /lustre/orion/stf008/proj-shared/hvac/copper-cug/copper_logs/copper_address_book.txt
2026-03-09 15-37-10.190 [Info] (cu_hello_main) facility address book filename path: /sw/frontier/ums/ums046/copper/olcf_copper_addressbook.txt
2026-03-09 15-37-10.190 [Info] (cu_hello_main) output filename path: /lustre/orion/stf008/proj-shared/hvac/copper-cug/copper_logs/frontier02931-1136700-output.log
2026-03-09 15-37-10.190 [Debug] (cu_hello_main)  
2026-03-09 15-37-10.190 [Info] (cu_hello_main) hostname found to be: frontier05103
2026-03-09 15-37-10.191 [Debug] (process_args) -tpath was found: /
2026-03-09 15-37-10.191 [Debug] (process_args) -vpath was found: /tmp/khana/copper
2026-03-09 15-37-10.191 [Debug] (process_args) -log_level was found: 6
2026-03-09 15-37-10.191 [Debug] (process_args) -log_type was found: file
2026-03-09 15-37-10.191 [Debug] (process_args) -log_output_dir was found: /lustre/orion/stf008/proj-shared/hvac/copper-cug/copper_logs
2026-03-09 15-37-10.191 [Debug] (process_args) -net_type was found: cxi://cxi1
2026-03-09 15-37-10.191 [Debug] (process_args) -trees was found: 1
2026-03-09 15-37-10.191 [Debug] (process_args) -nf was found: /lustre/orion/stf008/proj-shared/hvac/copper-cug/copper_logs/node_file.txt
2026-03-09 15-37-10.191 [Debug] (process_args) -max_cacheable_byte_size was found: 10485760
2026-03-09 15-37-10.191 [Debug] (process_args) -facility_address_book was found: /sw/frontier/ums/ums046/copper/olcf_copper_addressbook.txt
2026-03-09 15-37-10.191 [Info] (cu_hello_main) copper address located at path: /lustre/orion/stf008/proj-shared/hvac/copper-cug/copper_logs/copper_address_book.txt
2026-03-09 15-37-10.191 [Info] (cu_hello_main) facility address book filename path: /sw/frontier/ums/ums046/copper/olcf_copper_addressbook.txt
2026-03-09 15-37-10.191 [Info] (cu_hello_main) output filename path: /lustre/orion/stf008/proj-shared/hvac/copper-cug/copper_logs/frontier05103-1570786-output.log
2026-03-09 15-37-10.193 [Debug] (cu_hello_main)  
2026-03-09 15-37-10.194 [Info] (cu_hello_main) hostname found to be: frontier08029
2026-03-09 15-37-10.194 [Debug] (process_args) -tpath was found: /
2026-03-09 15-37-10.194 [Debug] (process_args) -vpath was found: /tmp/khana/copper
2026-03-09 15-37-10.194 [Debug] (process_args) -log_level was found: 6
2026-03-09 15-37-10.194 [Debug] (process_args) -log_type was found: file
2026-03-09 15-37-10.194 [Debug] (process_args) -log_output_dir was found: /lustre/orion/stf008/proj-shared/hvac/copper-cug/copper_logs
2026-03-09 15-37-10.194 [Debug] (process_args) -net_type was found: cxi://cxi1
2026-03-09 15-37-10.194 [Debug] (process_args) -trees was found: 1
2026-03-09 15-37-10.194 [Debug] (process_args) -nf was found: /lustre/orion/stf008/proj-shared/hvac/copper-cug/copper_logs/node_file.txt
2026-03-09 15-37-10.194 [Debug] (process_args) -max_cacheable_byte_size was found: 10485760
2026-03-09 15-37-10.194 [Debug] (process_args) -facility_address_book was found: /sw/frontier/ums/ums046/copper/olcf_copper_addressbook.txt
2026-03-09 15-37-10.194 [Info] (cu_hello_main) copper address located at path: /lustre/orion/stf008/proj-shared/hvac/copper-cug/copper_logs/copper_address_book.txt
2026-03-09 15-37-10.194 [Info] (cu_hello_main) facility address book filename path: /sw/frontier/ums/ums046/copper/olcf_copper_addressbook.txt
2026-03-09 15-37-10.194 [Info] (cu_hello_main) output filename path: /lustre/orion/stf008/proj-shared/hvac/copper-cug/copper_logs/frontier08029-1494816-output.log
2026-03-09 15-37-10.202 [Debug] (cu_hello_main)  
2026-03-09 15-37-10.203 [Info] (cu_hello_main) hostname found to be: frontier03081
2026-03-09 15-37-10.203 [Debug] (process_args) -tpath was found: /
2026-03-09 15-37-10.203 [Debug] (process_args) -vpath was found: /tmp/khana/copper
2026-03-09 15-37-10.203 [Debug] (process_args) -log_level was found: 6
2026-03-09 15-37-10.203 [Debug] (process_args) -log_type was found: file
2026-03-09 15-37-10.203 [Debug] (process_args) -log_output_dir was found: /lustre/orion/stf008/proj-shared/hvac/copper-cug/copper_logs
2026-03-09 15-37-10.203 [Debug] (process_args) -net_type was found: cxi://cxi1
2026-03-09 15-37-10.203 [Debug] (process_args) -trees was found: 1
2026-03-09 15-37-10.203 [Debug] (process_args) -nf was found: /lustre/orion/stf008/proj-shared/hvac/copper-cug/copper_logs/node_file.txt
2026-03-09 15-37-10.203 [Debug] (process_args) -max_cacheable_byte_size was found: 10485760
2026-03-09 15-37-10.203 [Debug] (process_args) -facility_address_book was found: /sw/frontier/ums/ums046/copper/olcf_copper_addressbook.txt
2026-03-09 15-37-10.203 [Info] (cu_hello_main) copper address located at path: /lustre/orion/stf008/proj-shared/hvac/copper-cug/copper_logs/copper_address_book.txt
2026-03-09 15-37-10.203 [Info] (cu_hello_main) facility address book filename path: /sw/frontier/ums/ums046/copper/olcf_copper_addressbook.txt
2026-03-09 15-37-10.203 [Info] (cu_hello_main) output filename path: /lustre/orion/stf008/proj-shared/hvac/copper-cug/copper_logs/frontier03081-188065-output.log
2026-03-09 15-37-10.206 [Debug] (cu_hello_main)  
2026-03-09 15-37-10.206 [Info] (cu_hello_main) hostname found to be: frontier02932
2026-03-09 15-37-10.206 [Debug] (process_args) -tpath was found: /
2026-03-09 15-37-10.206 [Debug] (process_args) -vpath was found: /tmp/khana/copper
2026-03-09 15-37-10.206 [Debug] (process_args) -log_level was found: 6
2026-03-09 15-37-10.206 [Debug] (process_args) -log_type was found: file
2026-03-09 15-37-10.206 [Debug] (process_args) -log_output_dir was found: /lustre/orion/stf008/proj-shared/hvac/copper-cug/copper_logs
2026-03-09 15-37-10.206 [Debug] (process_args) -net_type was found: cxi://cxi1
2026-03-09 15-37-10.206 [Debug] (process_args) -trees was found: 1
2026-03-09 15-37-10.206 [Debug] (process_args) -nf was found: /lustre/orion/stf008/proj-shared/hvac/copper-cug/copper_logs/node_file.txt
2026-03-09 15-37-10.206 [Debug] (process_args) -max_cacheable_byte_size was found: 10485760
2026-03-09 15-37-10.206 [Debug] (process_args) -facility_address_book was found: /sw/frontier/ums/ums046/copper/olcf_copper_addressbook.txt
2026-03-09 15-37-10.206 [Info] (cu_hello_main) copper address located at path: /lustre/orion/stf008/proj-shared/hvac/copper-cug/copper_logs/copper_address_book.txt
2026-03-09 15-37-10.206 [Info] (cu_hello_main) facility address book filename path: /sw/frontier/ums/ums046/copper/olcf_copper_addressbook.txt
2026-03-09 15-37-10.206 [Info] (cu_hello_main) output filename path: /lustre/orion/stf008/proj-shared/hvac/copper-cug/copper_logs/frontier02932-194167-output.log
+ echo 'Launching Copper Gracefully On All Nodes : End'
Launching Copper Gracefully On All Nodes : End
+ conda activate /tmp/khana/copper/lustre/orion/stf243/world-shared/hagertnl/CUG26/benchmark_builds/python-mpi4py/conda_env
+ local cmd=activate
+ case "$cmd" in
+ __conda_activate activate /tmp/khana/copper/lustre/orion/stf243/world-shared/hagertnl/CUG26/benchmark_builds/python-mpi4py/conda_env
+ '[' -n '' ']'
+ local ask_conda
++ PS1='(base) '
++ __conda_exe shell.posix activate /tmp/khana/copper/lustre/orion/stf243/world-shared/hagertnl/CUG26/benchmark_builds/python-mpi4py/conda_env
++ /autofs/nccs-svm1_sw/frontier/miniforge3/23.11.0-0/bin/conda shell.posix activate /tmp/khana/copper/lustre/orion/stf243/world-shared/hagertnl/CUG26/benchmark_builds/python-mpi4py/conda_env
+ ask_conda='. "/autofs/nccs-svm1_sw/frontier/miniforge3/23.11.0-0/etc/conda/deactivate.d/libxml2_deactivate.sh"
. "/autofs/nccs-svm1_sw/frontier/miniforge3/23.11.0-0/etc/conda/deactivate.d/libglib_deactivate.sh"
PS1='\''(/tmp/khana/copper/lustre/orion/stf243/world-shared/hagertnl/CUG26/benchmark_builds/python-mpi4py/conda_env) '\''
export PATH='\''/sw/frontier/lfs-wrapper/0.0.1/bin/lfs:/sw/frontier/ums/ums046/copper/build:/opt/cray/libfabric/1.22.0/bin:/tmp/khana/copper/lustre/orion/stf243/world-shared/hagertnl/CUG26/benchmark_builds/python-mpi4py/conda_env/bin:/sw/frontier/miniforge3/23.11.0-0/bin:/opt/rocm-6.4.2/bin:/sw/frontier/spack-envs/cpe25.09-cpu/opt/llvm-amdgpu-6.4.2/darshan-runtime-3.4.7-tvdocpzv3jfj4y6ki5jvmmkics323gon/bin:/opt/cray/pe/mpich/9.0.1/ofi/amd/6.0/bin:/opt/cray/pe/mpich/9.0.1/bin:/opt/cray/pe/perftools/25.09.0/bin:/opt/cray/pe/papi/7.2.0.2/bin:/opt/cray/pe/craype/2.7.35/bin:/lustre/orion/proj-shared/stf008/io_variability/kafka_client/kafka_2.13-4.1.0/bin:/ccs/home/khana/.vscode-server/data/User/globalStorage/github.copilot-chat/debugCommand:/ccs/home/khana/.vscode-server/data/User/globalStorage/github.copilot-chat/copilotCli:/autofs/nccs-svm1_home1/khana/.vscode-server/cli/servers/Stable-072586267e68ece9a47aa43f8c108e0dcbf44622/server/bin/remote-cli:/autofs/nccs-svm1_sw/frontier/miniforge3/23.11.0-0/condabin:/sw/sources/hpss/bin:/sw/frontier/spack-envs/core-25.03/opt/gcc-13.2/tmux-3.4-fcqqko3j4ga67yuc7zxaqcwsix5hns2v/bin:/opt/clmgr/sbin:/opt/clmgr/bin:/opt/sgi/sbin:/opt/sgi/bin:/sw/frontier/bin:/ccs/home/khana/.local/bin:/usr/local/bin:/usr/bin:/bin:/opt/bin:/opt/c3/bin:/usr/lib/mit/bin:/opt/puppetlabs/bin:/usr/sbin:/opt/cray/pe/bin'\''
export CONDA_PREFIX='\''/tmp/khana/copper/lustre/orion/stf243/world-shared/hagertnl/CUG26/benchmark_builds/python-mpi4py/conda_env'\''
export CONDA_SHLVL='\''2'\''
export CONDA_DEFAULT_ENV='\''/tmp/khana/copper/lustre/orion/stf243/world-shared/hagertnl/CUG26/benchmark_builds/python-mpi4py/conda_env'\''
export CONDA_PROMPT_MODIFIER='\''(/tmp/khana/copper/lustre/orion/stf243/world-shared/hagertnl/CUG26/benchmark_builds/python-mpi4py/conda_env) '\''
export CONDA_PREFIX_1='\''/autofs/nccs-svm1_sw/frontier/miniforge3/23.11.0-0'\''
export CONDA_EXE='\''/autofs/nccs-svm1_sw/frontier/miniforge3/23.11.0-0/bin/conda'\''
export _CE_M='\'''\''
export _CE_CONDA='\'''\''
export CONDA_PYTHON_EXE='\''/autofs/nccs-svm1_sw/frontier/miniforge3/23.11.0-0/bin/python'\'''
+ eval '. "/autofs/nccs-svm1_sw/frontier/miniforge3/23.11.0-0/etc/conda/deactivate.d/libxml2_deactivate.sh"
. "/autofs/nccs-svm1_sw/frontier/miniforge3/23.11.0-0/etc/conda/deactivate.d/libglib_deactivate.sh"
PS1='\''(/tmp/khana/copper/lustre/orion/stf243/world-shared/hagertnl/CUG26/benchmark_builds/python-mpi4py/conda_env) '\''
export PATH='\''/sw/frontier/lfs-wrapper/0.0.1/bin/lfs:/sw/frontier/ums/ums046/copper/build:/opt/cray/libfabric/1.22.0/bin:/tmp/khana/copper/lustre/orion/stf243/world-shared/hagertnl/CUG26/benchmark_builds/python-mpi4py/conda_env/bin:/sw/frontier/miniforge3/23.11.0-0/bin:/opt/rocm-6.4.2/bin:/sw/frontier/spack-envs/cpe25.09-cpu/opt/llvm-amdgpu-6.4.2/darshan-runtime-3.4.7-tvdocpzv3jfj4y6ki5jvmmkics323gon/bin:/opt/cray/pe/mpich/9.0.1/ofi/amd/6.0/bin:/opt/cray/pe/mpich/9.0.1/bin:/opt/cray/pe/perftools/25.09.0/bin:/opt/cray/pe/papi/7.2.0.2/bin:/opt/cray/pe/craype/2.7.35/bin:/lustre/orion/proj-shared/stf008/io_variability/kafka_client/kafka_2.13-4.1.0/bin:/ccs/home/khana/.vscode-server/data/User/globalStorage/github.copilot-chat/debugCommand:/ccs/home/khana/.vscode-server/data/User/globalStorage/github.copilot-chat/copilotCli:/autofs/nccs-svm1_home1/khana/.vscode-server/cli/servers/Stable-072586267e68ece9a47aa43f8c108e0dcbf44622/server/bin/remote-cli:/autofs/nccs-svm1_sw/frontier/miniforge3/23.11.0-0/condabin:/sw/sources/hpss/bin:/sw/frontier/spack-envs/core-25.03/opt/gcc-13.2/tmux-3.4-fcqqko3j4ga67yuc7zxaqcwsix5hns2v/bin:/opt/clmgr/sbin:/opt/clmgr/bin:/opt/sgi/sbin:/opt/sgi/bin:/sw/frontier/bin:/ccs/home/khana/.local/bin:/usr/local/bin:/usr/bin:/bin:/opt/bin:/opt/c3/bin:/usr/lib/mit/bin:/opt/puppetlabs/bin:/usr/sbin:/opt/cray/pe/bin'\''
export CONDA_PREFIX='\''/tmp/khana/copper/lustre/orion/stf243/world-shared/hagertnl/CUG26/benchmark_builds/python-mpi4py/conda_env'\''
export CONDA_SHLVL='\''2'\''
export CONDA_DEFAULT_ENV='\''/tmp/khana/copper/lustre/orion/stf243/world-shared/hagertnl/CUG26/benchmark_builds/python-mpi4py/conda_env'\''
export CONDA_PROMPT_MODIFIER='\''(/tmp/khana/copper/lustre/orion/stf243/world-shared/hagertnl/CUG26/benchmark_builds/python-mpi4py/conda_env) '\''
export CONDA_PREFIX_1='\''/autofs/nccs-svm1_sw/frontier/miniforge3/23.11.0-0'\''
export CONDA_EXE='\''/autofs/nccs-svm1_sw/frontier/miniforge3/23.11.0-0/bin/conda'\''
export _CE_M='\'''\''
export _CE_CONDA='\'''\''
export CONDA_PYTHON_EXE='\''/autofs/nccs-svm1_sw/frontier/miniforge3/23.11.0-0/bin/python'\'''
++ . /autofs/nccs-svm1_sw/frontier/miniforge3/23.11.0-0/etc/conda/deactivate.d/libxml2_deactivate.sh
+++ test -n ''
+++ unset XML_CATALOG_FILES
+++ unset xml_catalog_files_libxml2
++ . /autofs/nccs-svm1_sw/frontier/miniforge3/23.11.0-0/etc/conda/deactivate.d/libglib_deactivate.sh
+++ export GSETTINGS_SCHEMA_DIR=
+++ GSETTINGS_SCHEMA_DIR=
+++ unset GSETTINGS_SCHEMA_DIR_CONDA_BACKUP
+++ '[' -z ']'
+++ unset GSETTINGS_SCHEMA_DIR
++ PS1='(/tmp/khana/copper/lustre/orion/stf243/world-shared/hagertnl/CUG26/benchmark_builds/python-mpi4py/conda_env) '
++ export PATH=/sw/frontier/lfs-wrapper/0.0.1/bin/lfs:/sw/frontier/ums/ums046/copper/build:/opt/cray/libfabric/1.22.0/bin:/tmp/khana/copper/lustre/orion/stf243/world-shared/hagertnl/CUG26/benchmark_builds/python-mpi4py/conda_env/bin:/sw/frontier/miniforge3/23.11.0-0/bin:/opt/rocm-6.4.2/bin:/sw/frontier/spack-envs/cpe25.09-cpu/opt/llvm-amdgpu-6.4.2/darshan-runtime-3.4.7-tvdocpzv3jfj4y6ki5jvmmkics323gon/bin:/opt/cray/pe/mpich/9.0.1/ofi/amd/6.0/bin:/opt/cray/pe/mpich/9.0.1/bin:/opt/cray/pe/perftools/25.09.0/bin:/opt/cray/pe/papi/7.2.0.2/bin:/opt/cray/pe/craype/2.7.35/bin:/lustre/orion/proj-shared/stf008/io_variability/kafka_client/kafka_2.13-4.1.0/bin:/ccs/home/khana/.vscode-server/data/User/globalStorage/github.copilot-chat/debugCommand:/ccs/home/khana/.vscode-server/data/User/globalStorage/github.copilot-chat/copilotCli:/autofs/nccs-svm1_home1/khana/.vscode-server/cli/servers/Stable-072586267e68ece9a47aa43f8c108e0dcbf44622/server/bin/remote-cli:/autofs/nccs-svm1_sw/frontier/miniforge3/23.11.0-0/condabin:/sw/sources/hpss/bin:/sw/frontier/spack-envs/core-25.03/opt/gcc-13.2/tmux-3.4-fcqqko3j4ga67yuc7zxaqcwsix5hns2v/bin:/opt/clmgr/sbin:/opt/clmgr/bin:/opt/sgi/sbin:/opt/sgi/bin:/sw/frontier/bin:/ccs/home/khana/.local/bin:/usr/local/bin:/usr/bin:/bin:/opt/bin:/opt/c3/bin:/usr/lib/mit/bin:/opt/puppetlabs/bin:/usr/sbin:/opt/cray/pe/bin
++ PATH=/sw/frontier/lfs-wrapper/0.0.1/bin/lfs:/sw/frontier/ums/ums046/copper/build:/opt/cray/libfabric/1.22.0/bin:/tmp/khana/copper/lustre/orion/stf243/world-shared/hagertnl/CUG26/benchmark_builds/python-mpi4py/conda_env/bin:/sw/frontier/miniforge3/23.11.0-0/bin:/opt/rocm-6.4.2/bin:/sw/frontier/spack-envs/cpe25.09-cpu/opt/llvm-amdgpu-6.4.2/darshan-runtime-3.4.7-tvdocpzv3jfj4y6ki5jvmmkics323gon/bin:/opt/cray/pe/mpich/9.0.1/ofi/amd/6.0/bin:/opt/cray/pe/mpich/9.0.1/bin:/opt/cray/pe/perftools/25.09.0/bin:/opt/cray/pe/papi/7.2.0.2/bin:/opt/cray/pe/craype/2.7.35/bin:/lustre/orion/proj-shared/stf008/io_variability/kafka_client/kafka_2.13-4.1.0/bin:/ccs/home/khana/.vscode-server/data/User/globalStorage/github.copilot-chat/debugCommand:/ccs/home/khana/.vscode-server/data/User/globalStorage/github.copilot-chat/copilotCli:/autofs/nccs-svm1_home1/khana/.vscode-server/cli/servers/Stable-072586267e68ece9a47aa43f8c108e0dcbf44622/server/bin/remote-cli:/autofs/nccs-svm1_sw/frontier/miniforge3/23.11.0-0/condabin:/sw/sources/hpss/bin:/sw/frontier/spack-envs/core-25.03/opt/gcc-13.2/tmux-3.4-fcqqko3j4ga67yuc7zxaqcwsix5hns2v/bin:/opt/clmgr/sbin:/opt/clmgr/bin:/opt/sgi/sbin:/opt/sgi/bin:/sw/frontier/bin:/ccs/home/khana/.local/bin:/usr/local/bin:/usr/bin:/bin:/opt/bin:/opt/c3/bin:/usr/lib/mit/bin:/opt/puppetlabs/bin:/usr/sbin:/opt/cray/pe/bin
++ export CONDA_PREFIX=/tmp/khana/copper/lustre/orion/stf243/world-shared/hagertnl/CUG26/benchmark_builds/python-mpi4py/conda_env
++ CONDA_PREFIX=/tmp/khana/copper/lustre/orion/stf243/world-shared/hagertnl/CUG26/benchmark_builds/python-mpi4py/conda_env
++ export CONDA_SHLVL=2
++ CONDA_SHLVL=2
++ export CONDA_DEFAULT_ENV=/tmp/khana/copper/lustre/orion/stf243/world-shared/hagertnl/CUG26/benchmark_builds/python-mpi4py/conda_env
++ CONDA_DEFAULT_ENV=/tmp/khana/copper/lustre/orion/stf243/world-shared/hagertnl/CUG26/benchmark_builds/python-mpi4py/conda_env
++ export 'CONDA_PROMPT_MODIFIER=(/tmp/khana/copper/lustre/orion/stf243/world-shared/hagertnl/CUG26/benchmark_builds/python-mpi4py/conda_env) '
++ CONDA_PROMPT_MODIFIER='(/tmp/khana/copper/lustre/orion/stf243/world-shared/hagertnl/CUG26/benchmark_builds/python-mpi4py/conda_env) '
++ export CONDA_PREFIX_1=/autofs/nccs-svm1_sw/frontier/miniforge3/23.11.0-0
++ CONDA_PREFIX_1=/autofs/nccs-svm1_sw/frontier/miniforge3/23.11.0-0
++ export CONDA_EXE=/autofs/nccs-svm1_sw/frontier/miniforge3/23.11.0-0/bin/conda
++ CONDA_EXE=/autofs/nccs-svm1_sw/frontier/miniforge3/23.11.0-0/bin/conda
++ export _CE_M=
++ _CE_M=
++ export _CE_CONDA=
++ _CE_CONDA=
++ export CONDA_PYTHON_EXE=/autofs/nccs-svm1_sw/frontier/miniforge3/23.11.0-0/bin/python
++ CONDA_PYTHON_EXE=/autofs/nccs-svm1_sw/frontier/miniforge3/23.11.0-0/bin/python
+ __conda_hashr
+ '[' -n '' ']'
+ '[' -n '' ']'
+ hash -r
+ exe=/tmp/khana/copper/lustre/orion/stf243/world-shared/hagertnl/CUG26/benchmark_builds/pynamic/pynamic-pyMPI-2.6a1_util_495_280/
+ set -x
++ seq 1 5
+ for i in $(seq 1 5)
+ /usr/bin/time srun -N 64 -n 512 -c 7 --ntasks-per-node=8 --gpus-per-node=8 --gpu-bind=closest --cpus-per-task=1 --threads-per-core=1 --network=single_node_vni,job_vni python3 -c 'from mpi4py import MPI'
0.01user 0.04system 0:03.11elapsed 2%CPU (0avgtext+0avgdata 17408maxresident)k
38inputs+0outputs (0major+4007minor)pagefaults 0swaps
+ for i in $(seq 1 5)
+ /usr/bin/time srun -N 64 -n 512 -c 7 --ntasks-per-node=8 --gpus-per-node=8 --gpu-bind=closest --cpus-per-task=1 --threads-per-core=1 --network=single_node_vni,job_vni python3 -c 'from mpi4py import MPI'
0.02user 0.03system 0:03.47elapsed 1%CPU (0avgtext+0avgdata 18432maxresident)k
38inputs+0outputs (0major+4007minor)pagefaults 0swaps
+ for i in $(seq 1 5)
+ /usr/bin/time srun -N 64 -n 512 -c 7 --ntasks-per-node=8 --gpus-per-node=8 --gpu-bind=closest --cpus-per-task=1 --threads-per-core=1 --network=single_node_vni,job_vni python3 -c 'from mpi4py import MPI'
0.01user 0.05system 0:02.45elapsed 2%CPU (0avgtext+0avgdata 17408maxresident)k
0inputs+0outputs (0major+4007minor)pagefaults 0swaps
+ for i in $(seq 1 5)
+ /usr/bin/time srun -N 64 -n 512 -c 7 --ntasks-per-node=8 --gpus-per-node=8 --gpu-bind=closest --cpus-per-task=1 --threads-per-core=1 --network=single_node_vni,job_vni python3 -c 'from mpi4py import MPI'
0.02user 0.04system 0:02.68elapsed 2%CPU (0avgtext+0avgdata 18432maxresident)k
0inputs+0outputs (0major+4007minor)pagefaults 0swaps
+ for i in $(seq 1 5)
+ /usr/bin/time srun -N 64 -n 512 -c 7 --ntasks-per-node=8 --gpus-per-node=8 --gpu-bind=closest --cpus-per-task=1 --threads-per-core=1 --network=single_node_vni,job_vni python3 -c 'from mpi4py import MPI'
srun: Step created for StepId=4189613.5
0.01user 0.04system 0:02.70elapsed 2%CPU (0avgtext+0avgdata 17408maxresident)k
0inputs+0outputs (0major+4005minor)pagefaults 0swaps
+ set +x
+ '[' -z '' ']'
+ case "$-" in
+ __lmod_vx=x
+ '[' -n x ']'
+ set +x
Shell debugging temporarily silenced: export LMOD_SH_DBG_ON=1 for this output (/opt/cray/pe/lmod/lmod/init/bash)
Shell debugging restarted
+ unset __lmod_vx
+ log_dir=/ccs/home/khana/copper-logs/4189613
+ getopts d: opt
+ case ${opt} in
+ log_dir=/lustre/orion/stf008/proj-shared/hvac/copper-cug/copper_logs
+ getopts d: opt
+ SLURM_NODEFILE=/lustre/orion/stf008/proj-shared/hvac/copper-cug/copper_logs/node_file.txt
+ echo 'Stopping Copper Gracefully On All Nodes : Start'
Stopping Copper Gracefully On All Nodes : Start
+ CU_FUSE_MNT_VIEWDIR=/tmp/khana/copper
+ clush --hostfile /lustre/orion/stf008/proj-shared/hvac/copper-cug/copper_logs/node_file.txt 'pkill -9 cu_fuse'
srun: error: frontier04001: task 25: Killed
srun: Terminating StepId=4189613.0
+ clush --hostfile /lustre/orion/stf008/proj-shared/hvac/copper-cug/copper_logs/node_file.txt 'fusermount3 -u /tmp/khana/copper'
srun: error: frontier07409: task 48: Killed
srun: error: frontier02624: task 5: Killed
srun: error: frontier07154: task 46: Killed
srun: error: frontier04853: task 31: Killed
srun: error: frontier04119: task 26: Killed
srun: error: frontier02931: task 7: Killed
srun: error: frontier04553: task 30: Killed
srun: error: frontier07284: task 47: Killed
srun: error: frontier04981: task 32: Killed
srun: error: frontier07538: task 49: Killed
srun: error: frontier03205: task 12: Killed
srun: error: frontier03082: task 11: Killed
srun: error: frontier02932: task 8: Killed
srun: error: frontier05374: task 35: Killed
srun: error: frontier03081: task 10: Killed
srun: error: frontier06996: task 45: Killed
srun: error: frontier02744: task 6: Killed
srun: error: frontier07666: task 50: Killed
slurmstepd: error: *** STEP 4189613.0 ON frontier00123 CANCELLED AT 2026-03-09T15:37:45 ***
srun: error: frontier05496: task 36: Killed
srun: error: frontier07922: task 52: Killed
srun: error: frontier06255: task 41: Killed
srun: error: frontier08029: task 53: Killed
srun: error: frontier08565: task 56: Killed
srun: error: frontier09197: task 61: Killed
srun: error: frontier03370: task 14: Killed
srun: error: frontier03002: task 9: Killed
srun: error: frontier07788: task 51: Killed
srun: error: frontier08181: task 54: Killed
srun: error: frontier03602: task 19: Killed
srun: error: frontier04364: task 29: Killed
srun: error: frontier06129: task 40: Killed
srun: error: frontier05239: task 34: Killed
srun: error: frontier03473: task 16: Killed
srun: error: frontier04237: task 28: Killed
srun: error: frontier02498: task 4: Killed
srun: error: frontier03982: task 24: Killed
srun: error: frontier03474: task 17: Killed
srun: error: frontier03741: task 21: Killed
srun: error: frontier09055: task 60: Killed
srun: error: frontier05798: task 39: Killed
srun: error: frontier08209: task 55: Killed
srun: error: frontier03863: task 23: Killed
srun: error: frontier05751: task 38: Killed
srun: error: frontier05616: task 37: Killed
srun: error: frontier02297: task 2: Killed
srun: error: frontier03601: task 18: Killed
srun: error: frontier06898: task 44: Killed
srun: error: frontier02237: task 1: Killed
srun: error: frontier03726: task 20: Killed
srun: error: frontier08799: task 58: Killed
srun: error: frontier06769: task 43: Killed
srun: error: frontier04120: task 27: Killed
srun: error: frontier05103: task 33: Killed
srun: error: frontier03381: task 15: Killed
srun: error: frontier00123: task 0: Killed
srun: error: frontier03207: task 13: Killed
srun: error: frontier08953: task 59: Killed
srun: error: frontier09307: task 62: Killed
srun: error: frontier02358: task 3: Killed
srun: error: frontier09463: task 63: Killed
srun: error: frontier08656: task 57: Killed
srun: error: frontier06383: task 42: Killed
srun: error: frontier03862: task 22: Killed
srun: Force Terminated StepId=4189613.0
+ clush --hostfile /lustre/orion/stf008/proj-shared/hvac/copper-cug/copper_logs/node_file.txt 'rm -rf /tmp/khana/copper'
+ echo 'Stopping Copper Gracefully On All Nodes : End'
Stopping Copper Gracefully On All Nodes : End
